mode,src,group_id,metric,dispersion,n_hparams
binary_base,chunk_0,0,GR,0.45685076252342877,96
binary_base,chunk_0,0,IPC,0.2248489511598073,96
binary_base,chunk_0,0,KR,0.26730299573015226,96
binary_base,chunk_0,0,MC,0.2670786268521897,96
binary_base,chunk_0,1,GR,0.4419218332737674,96
binary_base,chunk_0,1,IPC,0.2505495348254063,96
binary_base,chunk_0,1,KR,0.24544451140089255,96
binary_base,chunk_0,1,MC,0.29414375581282654,96
binary_base,chunk_0,2,GR,0.4535277745549426,96
binary_base,chunk_0,2,IPC,0.25632910924768904,96
binary_base,chunk_0,2,KR,0.2677626765517062,96
binary_base,chunk_0,2,MC,0.2728356355098617,96
binary_base,chunk_0,3,GR,0.45646701323722644,96
binary_base,chunk_0,3,IPC,0.2221232233042292,96
binary_base,chunk_0,3,KR,0.2796928126787174,96
binary_base,chunk_0,3,MC,0.27532824189438915,96
binary_base,chunk_0,4,GR,0.44630466950066244,96
binary_base,chunk_0,4,IPC,0.23553709963304442,96
binary_base,chunk_0,4,KR,0.26843645873034067,96
binary_base,chunk_0,4,MC,0.3077381225451288,96
binary_base,chunk_0,5,GR,0.4252553851712576,96
binary_base,chunk_0,5,IPC,0.21529021372293458,96
binary_base,chunk_0,5,KR,0.2478999961173597,96
binary_base,chunk_0,5,MC,0.2514569693597767,96
binary_base,chunk_0,6,GR,0.480196522303202,96
binary_base,chunk_0,6,IPC,0.23625418353087527,96
binary_base,chunk_0,6,KR,0.29358274509230947,96
binary_base,chunk_0,6,MC,0.27171813631757147,96
binary_base,chunk_0,7,GR,0.4548133711736991,96
binary_base,chunk_0,7,IPC,0.28365909349064733,96
binary_base,chunk_0,7,KR,0.2614892303565181,96
binary_base,chunk_0,7,MC,0.3252421780705868,96
binary_base,chunk_0,8,GR,0.4730898711335644,96
binary_base,chunk_0,8,IPC,0.23939688657348013,96
binary_base,chunk_0,8,KR,0.28155180304896704,96
binary_base,chunk_0,8,MC,0.28499359425903315,96
binary_base,chunk_0,9,GR,0.5028273406537077,96
binary_base,chunk_0,9,IPC,0.24628891907493106,96
binary_base,chunk_0,9,KR,0.30919985901171615,96
binary_base,chunk_0,9,MC,0.3023521083901325,96
binary_base,chunk_1,10,GR,0.4511196646999277,96
binary_base,chunk_1,10,IPC,0.22751080894947762,96
binary_base,chunk_1,10,KR,0.27442095349664636,96
binary_base,chunk_1,10,MC,0.2757618476288284,96
binary_base,chunk_1,11,GR,0.46017165423472,96
binary_base,chunk_1,11,IPC,0.22637485983302758,96
binary_base,chunk_1,11,KR,0.2867966752267497,96
binary_base,chunk_1,11,MC,0.2901055931818412,96
binary_base,chunk_1,12,GR,0.4935046616070113,96
binary_base,chunk_1,12,IPC,0.25333498470850335,96
binary_base,chunk_1,12,KR,0.2994693915075828,96
binary_base,chunk_1,12,MC,0.31558412551670273,96
binary_base,chunk_1,13,GR,0.48556031798263527,96
binary_base,chunk_1,13,IPC,0.25132975261921503,96
binary_base,chunk_1,13,KR,0.2976287426145052,96
binary_base,chunk_1,13,MC,0.29765752004729273,96
binary_base,chunk_1,14,GR,0.43925672746662514,96
binary_base,chunk_1,14,IPC,0.20403811067473335,96
binary_base,chunk_1,14,KR,0.2618536784923982,96
binary_base,chunk_1,14,MC,0.25761784639271973,96
binary_base,chunk_1,15,GR,0.432485153208161,96
binary_base,chunk_1,15,IPC,0.23020453231050148,96
binary_base,chunk_1,15,KR,0.261163709719493,96
binary_base,chunk_1,15,MC,0.3045770732709266,96
binary_base,chunk_1,16,GR,0.4969576803814849,96
binary_base,chunk_1,16,IPC,0.24975483487624392,96
binary_base,chunk_1,16,KR,0.31267342743862614,96
binary_base,chunk_1,16,MC,0.2927934405727299,96
binary_base,chunk_1,17,GR,0.43492605746797025,96
binary_base,chunk_1,17,IPC,0.22677165308279168,96
binary_base,chunk_1,17,KR,0.24941995332277667,96
binary_base,chunk_1,17,MC,0.28204214412402434,96
binary_base,chunk_1,18,GR,0.502936888187485,96
binary_base,chunk_1,18,IPC,0.2228466035041956,96
binary_base,chunk_1,18,KR,0.3115473192696527,96
binary_base,chunk_1,18,MC,0.29905015090564663,96
binary_base,chunk_1,19,GR,0.469644923044195,96
binary_base,chunk_1,19,IPC,0.2339510206461246,96
binary_base,chunk_1,19,KR,0.28587524982291906,96
binary_base,chunk_1,19,MC,0.27384840314823766,96
binary_base,chunk_10,100,GR,0.47337220031805005,96
binary_base,chunk_10,100,IPC,0.23312580226008733,96
binary_base,chunk_10,100,KR,0.2895034423718467,96
binary_base,chunk_10,100,MC,0.27635347025203955,96
binary_base,chunk_10,101,GR,0.4365342008676497,96
binary_base,chunk_10,101,IPC,0.21395011530785535,96
binary_base,chunk_10,101,KR,0.27168045348309444,96
binary_base,chunk_10,101,MC,0.2658306825686247,96
binary_base,chunk_10,102,GR,0.4684634597040914,96
binary_base,chunk_10,102,IPC,0.21433929728114384,96
binary_base,chunk_10,102,KR,0.2954009956380599,96
binary_base,chunk_10,102,MC,0.2819193170858738,96
binary_base,chunk_10,103,GR,0.47829924063341056,96
binary_base,chunk_10,103,IPC,0.22284630086672455,96
binary_base,chunk_10,103,KR,0.3003146898151509,96
binary_base,chunk_10,103,MC,0.28632005419853807,96
binary_base,chunk_10,104,GR,0.4706108602899291,96
binary_base,chunk_10,104,IPC,0.23649207828343705,96
binary_base,chunk_10,104,KR,0.2874321968692037,96
binary_base,chunk_10,104,MC,0.2980799448754868,96
binary_base,chunk_10,105,GR,0.46696173174471783,96
binary_base,chunk_10,105,IPC,0.2627117744449274,96
binary_base,chunk_10,105,KR,0.28763915936677603,96
binary_base,chunk_10,105,MC,0.33617625838546533,96
binary_base,chunk_10,106,GR,0.448478205433642,96
binary_base,chunk_10,106,IPC,0.2214645505295251,96
binary_base,chunk_10,106,KR,0.2770443365197351,96
binary_base,chunk_10,106,MC,0.2912850173316746,96
binary_base,chunk_10,107,GR,0.4784551975383055,96
binary_base,chunk_10,107,IPC,0.23427312931370792,96
binary_base,chunk_10,107,KR,0.3014559467075402,96
binary_base,chunk_10,107,MC,0.29223789033742625,96
binary_base,chunk_10,108,GR,0.4645793139911997,96
binary_base,chunk_10,108,IPC,0.20848855245831607,96
binary_base,chunk_10,108,KR,0.2865043010506394,96
binary_base,chunk_10,108,MC,0.3084519586834783,96
binary_base,chunk_10,109,GR,0.49801607617288235,96
binary_base,chunk_10,109,IPC,0.2654034123194238,96
binary_base,chunk_10,109,KR,0.314733962534575,96
binary_base,chunk_10,109,MC,0.2914343257095971,96
binary_base,chunk_11,110,GR,0.4492390179497277,96
binary_base,chunk_11,110,IPC,0.22567277164627306,96
binary_base,chunk_11,110,KR,0.267077906742964,96
binary_base,chunk_11,110,MC,0.2818102214188762,96
binary_base,chunk_11,111,GR,0.4812731600687871,96
binary_base,chunk_11,111,IPC,0.22101116087648906,96
binary_base,chunk_11,111,KR,0.3072236922568624,96
binary_base,chunk_11,111,MC,0.24988842641968032,96
binary_base,chunk_11,112,GR,0.5012352687162064,96
binary_base,chunk_11,112,IPC,0.23204200730512606,96
binary_base,chunk_11,112,KR,0.30864010935660363,96
binary_base,chunk_11,112,MC,0.29470222744045743,96
binary_base,chunk_11,113,GR,0.44670885827385987,96
binary_base,chunk_11,113,IPC,0.2543867818609316,96
binary_base,chunk_11,113,KR,0.2607391553222203,96
binary_base,chunk_11,113,MC,0.2974811788883541,96
binary_base,chunk_11,114,GR,0.4483088083329412,96
binary_base,chunk_11,114,IPC,0.2367468918362389,96
binary_base,chunk_11,114,KR,0.26839129230257236,96
binary_base,chunk_11,114,MC,0.27284670806683087,96
binary_base,chunk_11,115,GR,0.5073017310294938,96
binary_base,chunk_11,115,IPC,0.21142741315471672,96
binary_base,chunk_11,115,KR,0.32011730233712477,96
binary_base,chunk_11,115,MC,0.31034480148124294,96
binary_base,chunk_11,116,GR,0.48115310116184173,96
binary_base,chunk_11,116,IPC,0.23864560282158562,96
binary_base,chunk_11,116,KR,0.31023299482160055,96
binary_base,chunk_11,116,MC,0.26602583927473983,96
binary_base,chunk_11,117,GR,0.4317665718624191,96
binary_base,chunk_11,117,IPC,0.24022406824785272,96
binary_base,chunk_11,117,KR,0.24985250303701192,96
binary_base,chunk_11,117,MC,0.29510049964171203,96
binary_base,chunk_11,118,GR,0.46595288127955714,96
binary_base,chunk_11,118,IPC,0.24374034059971675,96
binary_base,chunk_11,118,KR,0.2818571889210204,96
binary_base,chunk_11,118,MC,0.2893827831278327,96
binary_base,chunk_11,119,GR,0.4750307828590552,96
binary_base,chunk_11,119,IPC,0.21535752147821113,96
binary_base,chunk_11,119,KR,0.31313786354337747,96
binary_base,chunk_11,119,MC,0.2484409281580007,96
binary_base,chunk_12,120,GR,0.43470326070740195,96
binary_base,chunk_12,120,IPC,0.25133071603816864,96
binary_base,chunk_12,120,KR,0.2700316842379155,96
binary_base,chunk_12,120,MC,0.28979251679234763,96
binary_base,chunk_12,121,GR,0.49231637050912747,96
binary_base,chunk_12,121,IPC,0.24407186786260812,96
binary_base,chunk_12,121,KR,0.30228653418381857,96
binary_base,chunk_12,121,MC,0.2781655320366298,96
binary_base,chunk_12,122,GR,0.44404502931780826,96
binary_base,chunk_12,122,IPC,0.2549253986890375,96
binary_base,chunk_12,122,KR,0.25801332859268244,96
binary_base,chunk_12,122,MC,0.289271386469845,96
binary_base,chunk_12,123,GR,0.43340267620970413,96
binary_base,chunk_12,123,IPC,0.21751381096556632,96
binary_base,chunk_12,123,KR,0.2493433113708881,96
binary_base,chunk_12,123,MC,0.2619580667678044,96
binary_base,chunk_12,124,GR,0.477576051934922,96
binary_base,chunk_12,124,IPC,0.23463811566483572,96
binary_base,chunk_12,124,KR,0.29935797213038107,96
binary_base,chunk_12,124,MC,0.2483062499113272,96
binary_base,chunk_12,125,GR,0.4610321812668057,96
binary_base,chunk_12,125,IPC,0.22139923800071293,96
binary_base,chunk_12,125,KR,0.2853825597255052,96
binary_base,chunk_12,125,MC,0.26081191072971693,96
binary_base,chunk_12,126,GR,0.486657110278685,96
binary_base,chunk_12,126,IPC,0.2413265073091237,96
binary_base,chunk_12,126,KR,0.2884065100736336,96
binary_base,chunk_12,126,MC,0.276939209390756,96
binary_base,chunk_12,127,GR,0.46187555056687923,96
binary_base,chunk_12,127,IPC,0.21920598772988684,96
binary_base,chunk_12,127,KR,0.2900081895765202,96
binary_base,chunk_12,127,MC,0.2653676770988761,96
binary_base,chunk_12,128,GR,0.4582831279349947,96
binary_base,chunk_12,128,IPC,0.2273042470951896,96
binary_base,chunk_12,128,KR,0.288150067996167,96
binary_base,chunk_12,128,MC,0.2609383493501061,96
binary_base,chunk_12,129,GR,0.4655115484795262,96
binary_base,chunk_12,129,IPC,0.21492898608219602,96
binary_base,chunk_12,129,KR,0.28424302551983616,96
binary_base,chunk_12,129,MC,0.2575523014047773,96
binary_base,chunk_13,130,GR,0.4458784093376558,96
binary_base,chunk_13,130,IPC,0.24622364406991223,96
binary_base,chunk_13,130,KR,0.2780315213894787,96
binary_base,chunk_13,130,MC,0.2994473392223985,96
binary_base,chunk_13,131,GR,0.4905717396554347,96
binary_base,chunk_13,131,IPC,0.23357784907305068,96
binary_base,chunk_13,131,KR,0.31434755421928234,96
binary_base,chunk_13,131,MC,0.30789571756115774,96
binary_base,chunk_13,132,GR,0.4848593315637397,96
binary_base,chunk_13,132,IPC,0.2462818794229218,96
binary_base,chunk_13,132,KR,0.30401506149100943,96
binary_base,chunk_13,132,MC,0.281056961310444,96
binary_base,chunk_13,133,GR,0.45459832088268903,96
binary_base,chunk_13,133,IPC,0.2532743536042704,96
binary_base,chunk_13,133,KR,0.29597331653846004,96
binary_base,chunk_13,133,MC,0.2802666656963246,96
binary_base,chunk_13,134,GR,0.5176689003178232,96
binary_base,chunk_13,134,IPC,0.2301675766199865,96
binary_base,chunk_13,134,KR,0.32095048353543354,96
binary_base,chunk_13,134,MC,0.295603622808638,96
binary_base,chunk_13,135,GR,0.4400049788256252,96
binary_base,chunk_13,135,IPC,0.2172964953046258,96
binary_base,chunk_13,135,KR,0.2681879510696854,96
binary_base,chunk_13,135,MC,0.29375466862398236,96
binary_base,chunk_13,136,GR,0.4462713590114422,96
binary_base,chunk_13,136,IPC,0.2240623136000565,96
binary_base,chunk_13,136,KR,0.2720196335610153,96
binary_base,chunk_13,136,MC,0.2773664739851399,96
binary_base,chunk_13,137,GR,0.44993756790624395,96
binary_base,chunk_13,137,IPC,0.1962055473466831,96
binary_base,chunk_13,137,KR,0.28252338006602784,96
binary_base,chunk_13,137,MC,0.249769869152487,96
binary_base,chunk_13,138,GR,0.5172052215522984,96
binary_base,chunk_13,138,IPC,0.23640314230945284,96
binary_base,chunk_13,138,KR,0.32319405979868826,96
binary_base,chunk_13,138,MC,0.2965988365891029,96
binary_base,chunk_13,139,GR,0.44623525736217806,96
binary_base,chunk_13,139,IPC,0.22471522552691509,96
binary_base,chunk_13,139,KR,0.2634303955305873,96
binary_base,chunk_13,139,MC,0.27371016027212697,96
binary_base,chunk_14,140,GR,0.4603586487781833,96
binary_base,chunk_14,140,IPC,0.24199321866140489,96
binary_base,chunk_14,140,KR,0.2757994702615426,96
binary_base,chunk_14,140,MC,0.27494707344637465,96
binary_base,chunk_14,141,GR,0.4424247002092592,96
binary_base,chunk_14,141,IPC,0.22286538793676622,96
binary_base,chunk_14,141,KR,0.26819649971239723,96
binary_base,chunk_14,141,MC,0.3043667737488312,96
binary_base,chunk_14,142,GR,0.4800830138423549,96
binary_base,chunk_14,142,IPC,0.21491475688586684,96
binary_base,chunk_14,142,KR,0.30313871783271645,96
binary_base,chunk_14,142,MC,0.28613262065960293,96
binary_base,chunk_14,143,GR,0.4811155159251319,96
binary_base,chunk_14,143,IPC,0.24450183553885962,96
binary_base,chunk_14,143,KR,0.29781994257623706,96
binary_base,chunk_14,143,MC,0.303859646215299,96
binary_base,chunk_14,144,GR,0.450371161087537,96
binary_base,chunk_14,144,IPC,0.2804844859098198,96
binary_base,chunk_14,144,KR,0.2771751169924552,96
binary_base,chunk_14,144,MC,0.33133802979181887,96
binary_base,chunk_14,145,GR,0.4668843221362049,96
binary_base,chunk_14,145,IPC,0.24772901197500408,96
binary_base,chunk_14,145,KR,0.2868120659812585,96
binary_base,chunk_14,145,MC,0.3083113439651957,96
binary_base,chunk_14,146,GR,0.44620204490701826,96
binary_base,chunk_14,146,IPC,0.22902518322847196,96
binary_base,chunk_14,146,KR,0.2646625461810872,96
binary_base,chunk_14,146,MC,0.2899947519538335,96
binary_base,chunk_14,147,GR,0.44004469767122956,96
binary_base,chunk_14,147,IPC,0.20639985594256752,96
binary_base,chunk_14,147,KR,0.24453268473165707,96
binary_base,chunk_14,147,MC,0.2842622420517304,96
binary_base,chunk_14,148,GR,0.48737761231202276,96
binary_base,chunk_14,148,IPC,0.21717838691005237,96
binary_base,chunk_14,148,KR,0.3021094731253988,96
binary_base,chunk_14,148,MC,0.2745136093448297,96
binary_base,chunk_14,149,GR,0.44524115533229935,96
binary_base,chunk_14,149,IPC,0.26077946295336896,96
binary_base,chunk_14,149,KR,0.26214554627789194,96
binary_base,chunk_14,149,MC,0.27276618824587195,96
binary_base,chunk_15,150,GR,0.5130416121988135,96
binary_base,chunk_15,150,IPC,0.2361913468132559,96
binary_base,chunk_15,150,KR,0.3219084790373646,96
binary_base,chunk_15,150,MC,0.25924380897399807,96
binary_base,chunk_15,151,GR,0.46371750346293317,96
binary_base,chunk_15,151,IPC,0.20088964217167654,96
binary_base,chunk_15,151,KR,0.29383735498572483,96
binary_base,chunk_15,151,MC,0.2603123802564503,96
binary_base,chunk_15,152,GR,0.48702852191346285,96
binary_base,chunk_15,152,IPC,0.25066884843487064,96
binary_base,chunk_15,152,KR,0.2984071230301412,96
binary_base,chunk_15,152,MC,0.2930529279335213,96
binary_base,chunk_15,153,GR,0.44635315237326845,96
binary_base,chunk_15,153,IPC,0.22105708778812205,96
binary_base,chunk_15,153,KR,0.2561012241577363,96
binary_base,chunk_15,153,MC,0.2886919997683479,96
binary_base,chunk_15,154,GR,0.49986006172386094,96
binary_base,chunk_15,154,IPC,0.2292560101936407,96
binary_base,chunk_15,154,KR,0.3148664406984977,96
binary_base,chunk_15,154,MC,0.2540040346789963,96
binary_base,chunk_15,155,GR,0.5052393930856331,96
binary_base,chunk_15,155,IPC,0.29026174296270035,96
binary_base,chunk_15,155,KR,0.31941130892949543,96
binary_base,chunk_15,155,MC,0.3169431543242391,96
binary_base,chunk_15,156,GR,0.5028656233471736,96
binary_base,chunk_15,156,IPC,0.27367616668836164,96
binary_base,chunk_15,156,KR,0.3070922476530378,96
binary_base,chunk_15,156,MC,0.27749450710391155,96
binary_base,chunk_15,157,GR,0.45428667086425567,96
binary_base,chunk_15,157,IPC,0.2349897840998205,96
binary_base,chunk_15,157,KR,0.28165939623416575,96
binary_base,chunk_15,157,MC,0.25117450385260787,96
binary_base,chunk_15,158,GR,0.4863684606405936,96
binary_base,chunk_15,158,IPC,0.20474443705318615,96
binary_base,chunk_15,158,KR,0.3050476403175525,96
binary_base,chunk_15,158,MC,0.2629934302715764,96
binary_base,chunk_15,159,GR,0.4305496640164629,96
binary_base,chunk_15,159,IPC,0.20770843380971368,96
binary_base,chunk_15,159,KR,0.26327759116253513,96
binary_base,chunk_15,159,MC,0.26227630070150243,96
binary_base,chunk_16,160,GR,0.4742940868908797,96
binary_base,chunk_16,160,IPC,0.22532316641705616,96
binary_base,chunk_16,160,KR,0.28926385405488636,96
binary_base,chunk_16,160,MC,0.2766204556429683,96
binary_base,chunk_16,161,GR,0.45888640250344215,96
binary_base,chunk_16,161,IPC,0.2271196168013404,96
binary_base,chunk_16,161,KR,0.283259939177768,96
binary_base,chunk_16,161,MC,0.281341139016698,96
binary_base,chunk_16,162,GR,0.48031746051486546,96
binary_base,chunk_16,162,IPC,0.23965433419743076,96
binary_base,chunk_16,162,KR,0.2992375832146232,96
binary_base,chunk_16,162,MC,0.2876073338906312,96
binary_base,chunk_16,163,GR,0.46797893210031355,96
binary_base,chunk_16,163,IPC,0.27225642841325365,96
binary_base,chunk_16,163,KR,0.2956515294499208,96
binary_base,chunk_16,163,MC,0.32177357917002297,96
binary_base,chunk_16,164,GR,0.42492638208459915,96
binary_base,chunk_16,164,IPC,0.23286313491975505,96
binary_base,chunk_16,164,KR,0.2454323799380201,96
binary_base,chunk_16,164,MC,0.32070525967272956,96
binary_base,chunk_16,165,GR,0.45854265864754756,96
binary_base,chunk_16,165,IPC,0.23300787147150068,96
binary_base,chunk_16,165,KR,0.2747334258503885,96
binary_base,chunk_16,165,MC,0.31905528106946873,96
binary_base,chunk_16,166,GR,0.49776938566990137,96
binary_base,chunk_16,166,IPC,0.23850661604456927,96
binary_base,chunk_16,166,KR,0.3113476581443076,96
binary_base,chunk_16,166,MC,0.32093336941114464,96
binary_base,chunk_16,167,GR,0.4646695370089687,96
binary_base,chunk_16,167,IPC,0.22324508374107777,96
binary_base,chunk_16,167,KR,0.2819242310567415,96
binary_base,chunk_16,167,MC,0.2713996398822533,96
binary_base,chunk_16,168,GR,0.48042064080719477,96
binary_base,chunk_16,168,IPC,0.2639590577562146,96
binary_base,chunk_16,168,KR,0.2924327934032187,96
binary_base,chunk_16,168,MC,0.35170205459464743,96
binary_base,chunk_16,169,GR,0.4498417261769699,96
binary_base,chunk_16,169,IPC,0.23914900705025513,96
binary_base,chunk_16,169,KR,0.26798215198941766,96
binary_base,chunk_16,169,MC,0.30335106828579284,96
binary_base,chunk_17,170,GR,0.4465043440488634,96
binary_base,chunk_17,170,IPC,0.22684435955064172,96
binary_base,chunk_17,170,KR,0.2771323353321655,96
binary_base,chunk_17,170,MC,0.2948485841913329,96
binary_base,chunk_17,171,GR,0.46385344322432476,96
binary_base,chunk_17,171,IPC,0.23582333841269357,96
binary_base,chunk_17,171,KR,0.2909617482012365,96
binary_base,chunk_17,171,MC,0.310216602911361,96
binary_base,chunk_17,172,GR,0.46377808872563436,96
binary_base,chunk_17,172,IPC,0.23639213933999234,96
binary_base,chunk_17,172,KR,0.28769199586746524,96
binary_base,chunk_17,172,MC,0.2993074900744727,96
binary_base,chunk_17,173,GR,0.5073211179282805,96
binary_base,chunk_17,173,IPC,0.23100785601707782,96
binary_base,chunk_17,173,KR,0.3201011715425496,96
binary_base,chunk_17,173,MC,0.25288804094994766,96
binary_base,chunk_17,174,GR,0.46070481221527276,96
binary_base,chunk_17,174,IPC,0.21500720260401981,96
binary_base,chunk_17,174,KR,0.282602345211208,96
binary_base,chunk_17,174,MC,0.2882823721554987,96
binary_base,chunk_17,175,GR,0.5072235553079767,96
binary_base,chunk_17,175,IPC,0.24103483285973015,96
binary_base,chunk_17,175,KR,0.315508100151832,96
binary_base,chunk_17,175,MC,0.2975550897835026,96
binary_base,chunk_17,176,GR,0.44333594652415753,96
binary_base,chunk_17,176,IPC,0.23305659760847075,96
binary_base,chunk_17,176,KR,0.2693264282091276,96
binary_base,chunk_17,176,MC,0.31121571325297315,96
binary_base,chunk_17,177,GR,0.5165334096299347,96
binary_base,chunk_17,177,IPC,0.25000467608866156,96
binary_base,chunk_17,177,KR,0.3328544409596214,96
binary_base,chunk_17,177,MC,0.32343519723684316,96
binary_base,chunk_17,178,GR,0.42234232988994724,96
binary_base,chunk_17,178,IPC,0.24486785126882898,96
binary_base,chunk_17,178,KR,0.2399255114415048,96
binary_base,chunk_17,178,MC,0.3378546098730606,96
binary_base,chunk_17,179,GR,0.4858245668041465,96
binary_base,chunk_17,179,IPC,0.20319493823414736,96
binary_base,chunk_17,179,KR,0.28390318267283665,96
binary_base,chunk_17,179,MC,0.2795694704542227,96
binary_base,chunk_18,180,GR,0.443763753048328,96
binary_base,chunk_18,180,IPC,0.21923339771235142,96
binary_base,chunk_18,180,KR,0.263911635898603,96
binary_base,chunk_18,180,MC,0.2589621791016646,96
binary_base,chunk_18,181,GR,0.4428823240047706,96
binary_base,chunk_18,181,IPC,0.23813065386855406,96
binary_base,chunk_18,181,KR,0.27247824381942454,96
binary_base,chunk_18,181,MC,0.3030516292719129,96
binary_base,chunk_18,182,GR,0.46693392609280066,96
binary_base,chunk_18,182,IPC,0.24125540410586982,96
binary_base,chunk_18,182,KR,0.291204329108979,96
binary_base,chunk_18,182,MC,0.29382542849413745,96
binary_base,chunk_18,183,GR,0.48374577462769364,96
binary_base,chunk_18,183,IPC,0.2680514126727172,96
binary_base,chunk_18,183,KR,0.3073979235369829,96
binary_base,chunk_18,183,MC,0.31970715205943073,96
binary_base,chunk_18,184,GR,0.5128142675485918,96
binary_base,chunk_18,184,IPC,0.26491929843643286,96
binary_base,chunk_18,184,KR,0.3176606891801741,96
binary_base,chunk_18,184,MC,0.34046679881503833,96
binary_base,chunk_18,185,GR,0.46238546326983465,96
binary_base,chunk_18,185,IPC,0.23338847981973238,96
binary_base,chunk_18,185,KR,0.2847118583953805,96
binary_base,chunk_18,185,MC,0.26574000959132305,96
binary_base,chunk_18,186,GR,0.48206013991930075,96
binary_base,chunk_18,186,IPC,0.21173769322103628,96
binary_base,chunk_18,186,KR,0.30656414129881626,96
binary_base,chunk_18,186,MC,0.2595196505125494,96
binary_base,chunk_18,187,GR,0.45487118746775285,96
binary_base,chunk_18,187,IPC,0.2346598137031684,96
binary_base,chunk_18,187,KR,0.26825646784512575,96
binary_base,chunk_18,187,MC,0.27720765577786133,96
binary_base,chunk_18,188,GR,0.47634251697104407,96
binary_base,chunk_18,188,IPC,0.2536109015157318,96
binary_base,chunk_18,188,KR,0.2959371177919143,96
binary_base,chunk_18,188,MC,0.32779567152059025,96
binary_base,chunk_18,189,GR,0.4464390789525695,96
binary_base,chunk_18,189,IPC,0.2320357393090661,96
binary_base,chunk_18,189,KR,0.26149196377706346,96
binary_base,chunk_18,189,MC,0.28856762411641784,96
binary_base,chunk_19,190,GR,0.45490049029151464,96
binary_base,chunk_19,190,IPC,0.20797171272974543,96
binary_base,chunk_19,190,KR,0.28280311932594815,96
binary_base,chunk_19,190,MC,0.28803901483794786,96
binary_base,chunk_19,191,GR,0.44855598690904736,96
binary_base,chunk_19,191,IPC,0.2563361931603535,96
binary_base,chunk_19,191,KR,0.2550181913195816,96
binary_base,chunk_19,191,MC,0.29797573776525255,96
binary_base,chunk_19,192,GR,0.46191580091925644,96
binary_base,chunk_19,192,IPC,0.2196478738426115,96
binary_base,chunk_19,192,KR,0.2679185090360383,96
binary_base,chunk_19,192,MC,0.29101053873822136,96
binary_base,chunk_19,193,GR,0.4468285185619949,96
binary_base,chunk_19,193,IPC,0.22784881689142117,96
binary_base,chunk_19,193,KR,0.2824054321593085,96
binary_base,chunk_19,193,MC,0.2924103384498163,96
binary_base,chunk_19,194,GR,0.4462868949805961,96
binary_base,chunk_19,194,IPC,0.2614422440181021,96
binary_base,chunk_19,194,KR,0.26981553075480663,96
binary_base,chunk_19,194,MC,0.30775407614267775,96
binary_base,chunk_19,195,GR,0.4495218143308365,96
binary_base,chunk_19,195,IPC,0.22557791058807938,96
binary_base,chunk_19,195,KR,0.26133816007458255,96
binary_base,chunk_19,195,MC,0.29038981240159556,96
binary_base,chunk_19,196,GR,0.500937305644975,96
binary_base,chunk_19,196,IPC,0.2630222386049406,96
binary_base,chunk_19,196,KR,0.31491211252466944,96
binary_base,chunk_19,196,MC,0.3156697392410896,96
binary_base,chunk_19,197,GR,0.47933061677548283,96
binary_base,chunk_19,197,IPC,0.22329141564153554,96
binary_base,chunk_19,197,KR,0.2975449963709678,96
binary_base,chunk_19,197,MC,0.3177240142629586,96
binary_base,chunk_19,198,GR,0.506534855422405,96
binary_base,chunk_19,198,IPC,0.23141603507241673,96
binary_base,chunk_19,198,KR,0.3207368731643806,96
binary_base,chunk_19,198,MC,0.3150789338248987,96
binary_base,chunk_19,199,GR,0.48287628679213174,96
binary_base,chunk_19,199,IPC,0.24687461079926662,96
binary_base,chunk_19,199,KR,0.3004757951289486,96
binary_base,chunk_19,199,MC,0.3194318928529147,96
binary_base,chunk_2,20,GR,0.4962855192667646,96
binary_base,chunk_2,20,IPC,0.21163804081293866,96
binary_base,chunk_2,20,KR,0.3155118175864193,96
binary_base,chunk_2,20,MC,0.2721422935118881,96
binary_base,chunk_2,21,GR,0.4492312567882751,96
binary_base,chunk_2,21,IPC,0.24750392137324828,96
binary_base,chunk_2,21,KR,0.25556659989180464,96
binary_base,chunk_2,21,MC,0.29817369263883253,96
binary_base,chunk_2,22,GR,0.4681691851730891,96
binary_base,chunk_2,22,IPC,0.2508919955287102,96
binary_base,chunk_2,22,KR,0.2995279566238811,96
binary_base,chunk_2,22,MC,0.29392578514267154,96
binary_base,chunk_2,23,GR,0.4724747828916169,96
binary_base,chunk_2,23,IPC,0.2424729677694957,96
binary_base,chunk_2,23,KR,0.2869590212334282,96
binary_base,chunk_2,23,MC,0.2732307258168588,96
binary_base,chunk_2,24,GR,0.47054182533873024,96
binary_base,chunk_2,24,IPC,0.2333947860103225,96
binary_base,chunk_2,24,KR,0.29356504014090595,96
binary_base,chunk_2,24,MC,0.2853132574195812,96
binary_base,chunk_2,25,GR,0.4423005212090258,96
binary_base,chunk_2,25,IPC,0.2537954732581617,96
binary_base,chunk_2,25,KR,0.25818375766217033,96
binary_base,chunk_2,25,MC,0.26520042178157416,96
binary_base,chunk_2,26,GR,0.4514433347520259,96
binary_base,chunk_2,26,IPC,0.23476756730139148,96
binary_base,chunk_2,26,KR,0.2661948109142019,96
binary_base,chunk_2,26,MC,0.27542215315654595,96
binary_base,chunk_2,27,GR,0.44693903063429913,96
binary_base,chunk_2,27,IPC,0.22578352063712698,96
binary_base,chunk_2,27,KR,0.2540010024126547,96
binary_base,chunk_2,27,MC,0.29069880940069587,96
binary_base,chunk_2,28,GR,0.45516791851585353,96
binary_base,chunk_2,28,IPC,0.19711088384824746,96
binary_base,chunk_2,28,KR,0.2847858945949048,96
binary_base,chunk_2,28,MC,0.21926891406124333,96
binary_base,chunk_2,29,GR,0.43216904098574116,96
binary_base,chunk_2,29,IPC,0.2358183908631404,96
binary_base,chunk_2,29,KR,0.26136186459410626,96
binary_base,chunk_2,29,MC,0.2899401569531221,96
binary_base,chunk_3,30,GR,0.44013930976667676,96
binary_base,chunk_3,30,IPC,0.26394339718679716,96
binary_base,chunk_3,30,KR,0.2514120780972763,96
binary_base,chunk_3,30,MC,0.27756745776649017,96
binary_base,chunk_3,31,GR,0.4586941365659873,96
binary_base,chunk_3,31,IPC,0.22736299565605234,96
binary_base,chunk_3,31,KR,0.27158182000378467,96
binary_base,chunk_3,31,MC,0.2630984911801107,96
binary_base,chunk_3,32,GR,0.49546755357124816,96
binary_base,chunk_3,32,IPC,0.23879747090181538,96
binary_base,chunk_3,32,KR,0.3157370078959252,96
binary_base,chunk_3,32,MC,0.28429125653020026,96
binary_base,chunk_3,33,GR,0.4846727663962654,96
binary_base,chunk_3,33,IPC,0.2122036793402549,96
binary_base,chunk_3,33,KR,0.3083857368450526,96
binary_base,chunk_3,33,MC,0.269765808261145,96
binary_base,chunk_3,34,GR,0.480704274008741,96
binary_base,chunk_3,34,IPC,0.2455604375001262,96
binary_base,chunk_3,34,KR,0.2937237305750504,96
binary_base,chunk_3,34,MC,0.29988423321974605,96
binary_base,chunk_3,35,GR,0.4862985155411798,96
binary_base,chunk_3,35,IPC,0.23874784853097564,96
binary_base,chunk_3,35,KR,0.317460108667562,96
binary_base,chunk_3,35,MC,0.27798983356658613,96
binary_base,chunk_3,36,GR,0.4611475970499847,96
binary_base,chunk_3,36,IPC,0.24186047156404417,96
binary_base,chunk_3,36,KR,0.26862116759696386,96
binary_base,chunk_3,36,MC,0.2869774490759539,96
binary_base,chunk_3,37,GR,0.4389852098640853,96
binary_base,chunk_3,37,IPC,0.23864729054647704,96
binary_base,chunk_3,37,KR,0.2652117736355932,96
binary_base,chunk_3,37,MC,0.307266168416108,96
binary_base,chunk_3,38,GR,0.44747066026013377,96
binary_base,chunk_3,38,IPC,0.24919186942982524,96
binary_base,chunk_3,38,KR,0.2812716932124943,96
binary_base,chunk_3,38,MC,0.27951053513762564,96
binary_base,chunk_3,39,GR,0.46092045851873115,96
binary_base,chunk_3,39,IPC,0.23935360993180413,96
binary_base,chunk_3,39,KR,0.28024893288124114,96
binary_base,chunk_3,39,MC,0.2919759121797722,96
binary_base,chunk_4,40,GR,0.47807248190389606,96
binary_base,chunk_4,40,IPC,0.24220242091396071,96
binary_base,chunk_4,40,KR,0.29386082024504895,96
binary_base,chunk_4,40,MC,0.2959698899515881,96
binary_base,chunk_4,41,GR,0.45100516390363315,96
binary_base,chunk_4,41,IPC,0.22820748875987704,96
binary_base,chunk_4,41,KR,0.25804071248934013,96
binary_base,chunk_4,41,MC,0.280751150407066,96
binary_base,chunk_4,42,GR,0.4775980819350352,96
binary_base,chunk_4,42,IPC,0.2441895191715616,96
binary_base,chunk_4,42,KR,0.3130265873427158,96
binary_base,chunk_4,42,MC,0.30826002613801223,96
binary_base,chunk_4,43,GR,0.503675101596799,96
binary_base,chunk_4,43,IPC,0.22850246889766526,96
binary_base,chunk_4,43,KR,0.3211148098017162,96
binary_base,chunk_4,43,MC,0.3026850192477319,96
binary_base,chunk_4,44,GR,0.4502237379678189,96
binary_base,chunk_4,44,IPC,0.23463909818925285,96
binary_base,chunk_4,44,KR,0.2593761504528405,96
binary_base,chunk_4,44,MC,0.2890375629733936,96
binary_base,chunk_4,45,GR,0.502573850388515,96
binary_base,chunk_4,45,IPC,0.2183209597908922,96
binary_base,chunk_4,45,KR,0.3216227259378743,96
binary_base,chunk_4,45,MC,0.2584931531471737,96
binary_base,chunk_4,46,GR,0.4797545221133844,96
binary_base,chunk_4,46,IPC,0.25153679401709544,96
binary_base,chunk_4,46,KR,0.30553036502766356,96
binary_base,chunk_4,46,MC,0.3135608186946289,96
binary_base,chunk_4,47,GR,0.47639416617264163,96
binary_base,chunk_4,47,IPC,0.23830023013395532,96
binary_base,chunk_4,47,KR,0.2901681622722483,96
binary_base,chunk_4,47,MC,0.2889658607895402,96
binary_base,chunk_4,48,GR,0.4592141141381125,96
binary_base,chunk_4,48,IPC,0.21221179298554796,96
binary_base,chunk_4,48,KR,0.2778969867521958,96
binary_base,chunk_4,48,MC,0.2943080961707982,96
binary_base,chunk_4,49,GR,0.4694668964938242,96
binary_base,chunk_4,49,IPC,0.21698119417795336,96
binary_base,chunk_4,49,KR,0.29915280858358967,96
binary_base,chunk_4,49,MC,0.26085980031904693,96
binary_base,chunk_5,50,GR,0.44843842305965226,96
binary_base,chunk_5,50,IPC,0.2183172291206057,96
binary_base,chunk_5,50,KR,0.2784667907231012,96
binary_base,chunk_5,50,MC,0.2608726438226113,96
binary_base,chunk_5,51,GR,0.4619982941295332,96
binary_base,chunk_5,51,IPC,0.23236834965084271,96
binary_base,chunk_5,51,KR,0.28008424775430313,96
binary_base,chunk_5,51,MC,0.260547582969666,96
binary_base,chunk_5,52,GR,0.45167765992799014,96
binary_base,chunk_5,52,IPC,0.19868487300356066,96
binary_base,chunk_5,52,KR,0.2767084342985331,96
binary_base,chunk_5,52,MC,0.26407073072592957,96
binary_base,chunk_5,53,GR,0.47909472469185466,96
binary_base,chunk_5,53,IPC,0.2117264383007929,96
binary_base,chunk_5,53,KR,0.28949881100223435,96
binary_base,chunk_5,53,MC,0.26932771528536686,96
binary_base,chunk_5,54,GR,0.4497286142912202,96
binary_base,chunk_5,54,IPC,0.20287593813933735,96
binary_base,chunk_5,54,KR,0.2733629594319974,96
binary_base,chunk_5,54,MC,0.2650881567149769,96
binary_base,chunk_5,55,GR,0.48208096198718586,96
binary_base,chunk_5,55,IPC,0.23427670143996243,96
binary_base,chunk_5,55,KR,0.3099294067120378,96
binary_base,chunk_5,55,MC,0.2880685373019452,96
binary_base,chunk_5,56,GR,0.4444415616806693,96
binary_base,chunk_5,56,IPC,0.2711496175781892,96
binary_base,chunk_5,56,KR,0.2766413424161051,96
binary_base,chunk_5,56,MC,0.284878075710774,96
binary_base,chunk_5,57,GR,0.4650322111706641,96
binary_base,chunk_5,57,IPC,0.2304617503224777,96
binary_base,chunk_5,57,KR,0.28277154271432403,96
binary_base,chunk_5,57,MC,0.2625453960743716,96
binary_base,chunk_5,58,GR,0.47959964768074226,96
binary_base,chunk_5,58,IPC,0.26132140428585254,96
binary_base,chunk_5,58,KR,0.29379881320414136,96
binary_base,chunk_5,58,MC,0.2945821491923571,96
binary_base,chunk_5,59,GR,0.46668750973653034,96
binary_base,chunk_5,59,IPC,0.2151789603763148,96
binary_base,chunk_5,59,KR,0.287186125498223,96
binary_base,chunk_5,59,MC,0.26557403965054766,96
binary_base,chunk_6,60,GR,0.48193845770354876,96
binary_base,chunk_6,60,IPC,0.21759639636309816,96
binary_base,chunk_6,60,KR,0.30609469173439363,96
binary_base,chunk_6,60,MC,0.2648056223965078,96
binary_base,chunk_6,61,GR,0.44426986616965375,96
binary_base,chunk_6,61,IPC,0.2376348503674563,96
binary_base,chunk_6,61,KR,0.26184585066071725,96
binary_base,chunk_6,61,MC,0.2631789496020893,96
binary_base,chunk_6,62,GR,0.4464478749027976,96
binary_base,chunk_6,62,IPC,0.2185317235063483,96
binary_base,chunk_6,62,KR,0.27772634590168427,96
binary_base,chunk_6,62,MC,0.2587474399883904,96
binary_base,chunk_6,63,GR,0.43827724435898807,96
binary_base,chunk_6,63,IPC,0.20507707536249312,96
binary_base,chunk_6,63,KR,0.2662641689220456,96
binary_base,chunk_6,63,MC,0.24930705078090973,96
binary_base,chunk_6,64,GR,0.48266830940024147,96
binary_base,chunk_6,64,IPC,0.24564577355265277,96
binary_base,chunk_6,64,KR,0.2978838353338705,96
binary_base,chunk_6,64,MC,0.3091128592818748,96
binary_base,chunk_6,65,GR,0.4722210742618611,96
binary_base,chunk_6,65,IPC,0.25544929125912674,96
binary_base,chunk_6,65,KR,0.2967499920866735,96
binary_base,chunk_6,65,MC,0.29425520056533017,96
binary_base,chunk_6,66,GR,0.469618304750588,96
binary_base,chunk_6,66,IPC,0.23460273975618662,96
binary_base,chunk_6,66,KR,0.2848567786231219,96
binary_base,chunk_6,66,MC,0.30274224896665264,96
binary_base,chunk_6,67,GR,0.46355722169849534,96
binary_base,chunk_6,67,IPC,0.23419001403663858,96
binary_base,chunk_6,67,KR,0.29062919217882555,96
binary_base,chunk_6,67,MC,0.2975496590372745,96
binary_base,chunk_6,68,GR,0.44897851782475856,96
binary_base,chunk_6,68,IPC,0.22817789184661413,96
binary_base,chunk_6,68,KR,0.260509393373993,96
binary_base,chunk_6,68,MC,0.26061425952995076,96
binary_base,chunk_6,69,GR,0.4502470267747857,96
binary_base,chunk_6,69,IPC,0.22488612911572795,96
binary_base,chunk_6,69,KR,0.277304702008023,96
binary_base,chunk_6,69,MC,0.2839781868820061,96
binary_base,chunk_7,70,GR,0.48986673378423795,96
binary_base,chunk_7,70,IPC,0.2567239591145497,96
binary_base,chunk_7,70,KR,0.29765096689576914,96
binary_base,chunk_7,70,MC,0.2942909446805659,96
binary_base,chunk_7,71,GR,0.4796712334206011,96
binary_base,chunk_7,71,IPC,0.22738809140959085,96
binary_base,chunk_7,71,KR,0.2977147399616939,96
binary_base,chunk_7,71,MC,0.2805791169836181,96
binary_base,chunk_7,72,GR,0.46734793147215714,96
binary_base,chunk_7,72,IPC,0.2124098291338996,96
binary_base,chunk_7,72,KR,0.2900066036447767,96
binary_base,chunk_7,72,MC,0.25711334835910965,96
binary_base,chunk_7,73,GR,0.45768214721213996,96
binary_base,chunk_7,73,IPC,0.20612622851587328,96
binary_base,chunk_7,73,KR,0.28707131715675555,96
binary_base,chunk_7,73,MC,0.23520034643693216,96
binary_base,chunk_7,74,GR,0.4431324288617544,96
binary_base,chunk_7,74,IPC,0.25058895898174116,96
binary_base,chunk_7,74,KR,0.2594586326990038,96
binary_base,chunk_7,74,MC,0.2880570749463194,96
binary_base,chunk_7,75,GR,0.48897946456446767,96
binary_base,chunk_7,75,IPC,0.21810352209223427,96
binary_base,chunk_7,75,KR,0.3146963468962282,96
binary_base,chunk_7,75,MC,0.2743779684571424,96
binary_base,chunk_7,76,GR,0.4549299673264437,96
binary_base,chunk_7,76,IPC,0.21176591578956042,96
binary_base,chunk_7,76,KR,0.27730457519591367,96
binary_base,chunk_7,76,MC,0.24429726897190515,96
binary_base,chunk_7,77,GR,0.48482526131981557,96
binary_base,chunk_7,77,IPC,0.22452017109442995,96
binary_base,chunk_7,77,KR,0.3057018810453327,96
binary_base,chunk_7,77,MC,0.2827433760057838,96
binary_base,chunk_7,78,GR,0.48703744745618455,96
binary_base,chunk_7,78,IPC,0.23027434984181722,96
binary_base,chunk_7,78,KR,0.2984603958804852,96
binary_base,chunk_7,78,MC,0.2617465248249649,96
binary_base,chunk_7,79,GR,0.45522627959682427,96
binary_base,chunk_7,79,IPC,0.23177103596162799,96
binary_base,chunk_7,79,KR,0.2822452890808802,96
binary_base,chunk_7,79,MC,0.2791236504767529,96
binary_base,chunk_8,80,GR,0.4596472899970906,96
binary_base,chunk_8,80,IPC,0.20781192292264714,96
binary_base,chunk_8,80,KR,0.28400172696976306,96
binary_base,chunk_8,80,MC,0.2661977642766695,96
binary_base,chunk_8,81,GR,0.4828644075061992,96
binary_base,chunk_8,81,IPC,0.23569602549656912,96
binary_base,chunk_8,81,KR,0.30042003523815547,96
binary_base,chunk_8,81,MC,0.28561510074912977,96
binary_base,chunk_8,82,GR,0.46618474088594225,96
binary_base,chunk_8,82,IPC,0.2453112334104371,96
binary_base,chunk_8,82,KR,0.2977073983120783,96
binary_base,chunk_8,82,MC,0.3201166990586696,96
binary_base,chunk_8,83,GR,0.47202818493491594,96
binary_base,chunk_8,83,IPC,0.23887590802672223,96
binary_base,chunk_8,83,KR,0.276574232135959,96
binary_base,chunk_8,83,MC,0.2906486905073896,96
binary_base,chunk_8,84,GR,0.44706460170833723,96
binary_base,chunk_8,84,IPC,0.234372391291063,96
binary_base,chunk_8,84,KR,0.2553337876089773,96
binary_base,chunk_8,84,MC,0.2564930507411821,96
binary_base,chunk_8,85,GR,0.46395721640238463,96
binary_base,chunk_8,85,IPC,0.23184238835655654,96
binary_base,chunk_8,85,KR,0.2702231411390744,96
binary_base,chunk_8,85,MC,0.31013281126148645,96
binary_base,chunk_8,86,GR,0.44671732350192755,96
binary_base,chunk_8,86,IPC,0.2213399967239996,96
binary_base,chunk_8,86,KR,0.27173155520667297,96
binary_base,chunk_8,86,MC,0.24747960309048914,96
binary_base,chunk_8,87,GR,0.4534366126427486,96
binary_base,chunk_8,87,IPC,0.23594275684577748,96
binary_base,chunk_8,87,KR,0.2734553596961358,96
binary_base,chunk_8,87,MC,0.263577830830938,96
binary_base,chunk_8,88,GR,0.4584316516465179,96
binary_base,chunk_8,88,IPC,0.2428018918297715,96
binary_base,chunk_8,88,KR,0.2787577986149447,96
binary_base,chunk_8,88,MC,0.29535288993735936,96
binary_base,chunk_8,89,GR,0.4802519778364168,96
binary_base,chunk_8,89,IPC,0.20024757770979,96
binary_base,chunk_8,89,KR,0.307310900954235,96
binary_base,chunk_8,89,MC,0.2432666377896654,96
binary_base,chunk_9,90,GR,0.5166242931504336,96
binary_base,chunk_9,90,IPC,0.2444002512663262,96
binary_base,chunk_9,90,KR,0.33280348976052876,96
binary_base,chunk_9,90,MC,0.2877198768908911,96
binary_base,chunk_9,91,GR,0.4790957516686115,96
binary_base,chunk_9,91,IPC,0.2549427555330255,96
binary_base,chunk_9,91,KR,0.2978240147845878,96
binary_base,chunk_9,91,MC,0.29425478435041985,96
binary_base,chunk_9,92,GR,0.4636305595293898,96
binary_base,chunk_9,92,IPC,0.22178280513881923,96
binary_base,chunk_9,92,KR,0.2823178309679234,96
binary_base,chunk_9,92,MC,0.23993954601509684,96
binary_base,chunk_9,93,GR,0.4846480868958222,96
binary_base,chunk_9,93,IPC,0.23323485639377167,96
binary_base,chunk_9,93,KR,0.3081229127124034,96
binary_base,chunk_9,93,MC,0.2532570475511371,96
binary_base,chunk_9,94,GR,0.4820250451628352,96
binary_base,chunk_9,94,IPC,0.218572921230925,96
binary_base,chunk_9,94,KR,0.30369188493818916,96
binary_base,chunk_9,94,MC,0.25465893987562066,96
binary_base,chunk_9,95,GR,0.47734666661836345,96
binary_base,chunk_9,95,IPC,0.20366312419353372,96
binary_base,chunk_9,95,KR,0.2872250230404106,96
binary_base,chunk_9,95,MC,0.255739544847233,96
binary_base,chunk_9,96,GR,0.4563108903849212,96
binary_base,chunk_9,96,IPC,0.21412052241262736,96
binary_base,chunk_9,96,KR,0.2728704733504313,96
binary_base,chunk_9,96,MC,0.27387206141073134,96
binary_base,chunk_9,97,GR,0.4608260008943386,96
binary_base,chunk_9,97,IPC,0.2456736446031019,96
binary_base,chunk_9,97,KR,0.28911912093334285,96
binary_base,chunk_9,97,MC,0.27158322272032615,96
binary_base,chunk_9,98,GR,0.45491451932762056,96
binary_base,chunk_9,98,IPC,0.20859284218439553,96
binary_base,chunk_9,98,KR,0.28890457529363883,96
binary_base,chunk_9,98,MC,0.2765309604257222,96
binary_base,chunk_9,99,GR,0.4739693345230767,96
binary_base,chunk_9,99,IPC,0.20660306163925177,96
binary_base,chunk_9,99,KR,0.3025672925523655,96
binary_base,chunk_9,99,MC,0.27464850920511846,96
cel+randN,chunk_0,0,GR,0.7472096128265241,96
cel+randN,chunk_0,0,IPC,0.34609471940344366,96
cel+randN,chunk_0,0,KR,0.6849106131626524,96
cel+randN,chunk_0,0,MC,0.4877784337823067,96
cel+randN,chunk_0,1,GR,0.7358579953711513,96
cel+randN,chunk_0,1,IPC,0.30800893267771967,96
cel+randN,chunk_0,1,KR,0.7152604677369477,96
cel+randN,chunk_0,1,MC,0.4792042266332543,96
cel+randN,chunk_0,2,GR,0.7278245951777067,96
cel+randN,chunk_0,2,IPC,0.3367750599640337,96
cel+randN,chunk_0,2,KR,0.6777496324988149,96
cel+randN,chunk_0,2,MC,0.4774658893319073,96
cel+randN,chunk_0,3,GR,0.7477989270710823,96
cel+randN,chunk_0,3,IPC,0.32372160413754203,96
cel+randN,chunk_0,3,KR,0.7046188090700501,96
cel+randN,chunk_0,3,MC,0.47503904570826794,96
cel+randN,chunk_0,4,GR,0.7615808571642271,96
cel+randN,chunk_0,4,IPC,0.3497468678720449,96
cel+randN,chunk_0,4,KR,0.7307190158210132,96
cel+randN,chunk_0,4,MC,0.49637622492873623,96
cel+randN,chunk_0,5,GR,0.7587994562345096,96
cel+randN,chunk_0,5,IPC,0.30070652409492704,96
cel+randN,chunk_0,5,KR,0.7346726588212817,96
cel+randN,chunk_0,5,MC,0.477744832532164,96
cel+randN,chunk_0,6,GR,0.7752669810165332,96
cel+randN,chunk_0,6,IPC,0.3412495105228981,96
cel+randN,chunk_0,6,KR,0.6992759749785515,96
cel+randN,chunk_0,6,MC,0.4815724033037338,96
cel+randN,chunk_0,7,GR,0.7163116166867839,96
cel+randN,chunk_0,7,IPC,0.3164967526166982,96
cel+randN,chunk_0,7,KR,0.6901184115219509,96
cel+randN,chunk_0,7,MC,0.4854576664505827,96
cel+randN,chunk_0,8,GR,0.778544445460404,96
cel+randN,chunk_0,8,IPC,0.3368689357085364,96
cel+randN,chunk_0,8,KR,0.7224105959575681,96
cel+randN,chunk_0,8,MC,0.5102991042134482,96
cel+randN,chunk_0,9,GR,0.7867806037228162,96
cel+randN,chunk_0,9,IPC,0.3584236519899843,96
cel+randN,chunk_0,9,KR,0.7272240311678095,96
cel+randN,chunk_0,9,MC,0.5251559460259404,96
cel+randN,chunk_1,10,GR,0.7571161083781571,96
cel+randN,chunk_1,10,IPC,0.32907351771414795,96
cel+randN,chunk_1,10,KR,0.7356434862424289,96
cel+randN,chunk_1,10,MC,0.4984051359492111,96
cel+randN,chunk_1,11,GR,0.7513119906787014,96
cel+randN,chunk_1,11,IPC,0.3366002529087267,96
cel+randN,chunk_1,11,KR,0.6999393189750625,96
cel+randN,chunk_1,11,MC,0.48769501949164223,96
cel+randN,chunk_1,12,GR,0.7210876419047995,96
cel+randN,chunk_1,12,IPC,0.36739408609652285,96
cel+randN,chunk_1,12,KR,0.600361504440976,96
cel+randN,chunk_1,12,MC,0.4810309486182428,96
cel+randN,chunk_1,13,GR,0.7564934232903847,96
cel+randN,chunk_1,13,IPC,0.36669355906849804,96
cel+randN,chunk_1,13,KR,0.6660670359085532,96
cel+randN,chunk_1,13,MC,0.5019097952229868,96
cel+randN,chunk_1,14,GR,0.7584263088970121,96
cel+randN,chunk_1,14,IPC,0.32127984581578833,96
cel+randN,chunk_1,14,KR,0.7201654560172038,96
cel+randN,chunk_1,14,MC,0.49320356189030207,96
cel+randN,chunk_1,15,GR,0.7726826489843819,96
cel+randN,chunk_1,15,IPC,0.3412244020178862,96
cel+randN,chunk_1,15,KR,0.7170191308464293,96
cel+randN,chunk_1,15,MC,0.4845775531020081,96
cel+randN,chunk_1,16,GR,0.7379578777285599,96
cel+randN,chunk_1,16,IPC,0.32874006032754033,96
cel+randN,chunk_1,16,KR,0.7086522924472671,96
cel+randN,chunk_1,16,MC,0.5050366082533749,96
cel+randN,chunk_1,17,GR,0.7530318460731058,96
cel+randN,chunk_1,17,IPC,0.3487785244775083,96
cel+randN,chunk_1,17,KR,0.6881222809580991,96
cel+randN,chunk_1,17,MC,0.5114405275690527,96
cel+randN,chunk_1,18,GR,0.7671729051838917,96
cel+randN,chunk_1,18,IPC,0.3233121830541471,96
cel+randN,chunk_1,18,KR,0.6914052133690946,96
cel+randN,chunk_1,18,MC,0.4817626369339448,96
cel+randN,chunk_1,19,GR,0.7635835712102251,96
cel+randN,chunk_1,19,IPC,0.3281139004704,96
cel+randN,chunk_1,19,KR,0.7222623489673275,96
cel+randN,chunk_1,19,MC,0.4952578029750455,96
cel+randN,chunk_10,100,GR,0.7853810048274007,96
cel+randN,chunk_10,100,IPC,0.34743224143913237,96
cel+randN,chunk_10,100,KR,0.677097336476296,96
cel+randN,chunk_10,100,MC,0.48206083851474674,96
cel+randN,chunk_10,101,GR,0.7587458485605579,96
cel+randN,chunk_10,101,IPC,0.294675981039794,96
cel+randN,chunk_10,101,KR,0.7137562819592118,96
cel+randN,chunk_10,101,MC,0.44829676701730736,96
cel+randN,chunk_10,102,GR,0.7654217529341567,96
cel+randN,chunk_10,102,IPC,0.31431340991089907,96
cel+randN,chunk_10,102,KR,0.6954244796393314,96
cel+randN,chunk_10,102,MC,0.4770646382536192,96
cel+randN,chunk_10,103,GR,0.7330310173044756,96
cel+randN,chunk_10,103,IPC,0.3051219676839921,96
cel+randN,chunk_10,103,KR,0.6915997575606189,96
cel+randN,chunk_10,103,MC,0.4729062632147075,96
cel+randN,chunk_10,104,GR,0.7042806776193432,96
cel+randN,chunk_10,104,IPC,0.3209886159837041,96
cel+randN,chunk_10,104,KR,0.6747352337038582,96
cel+randN,chunk_10,104,MC,0.49217663638295756,96
cel+randN,chunk_10,105,GR,0.7636506303450892,96
cel+randN,chunk_10,105,IPC,0.3581264171308305,96
cel+randN,chunk_10,105,KR,0.6907998663726641,96
cel+randN,chunk_10,105,MC,0.5133259283447458,96
cel+randN,chunk_10,106,GR,0.7662338611700819,96
cel+randN,chunk_10,106,IPC,0.3421534642917334,96
cel+randN,chunk_10,106,KR,0.6834618462215117,96
cel+randN,chunk_10,106,MC,0.4940796648128021,96
cel+randN,chunk_10,107,GR,0.7372585666731716,96
cel+randN,chunk_10,107,IPC,0.3378829240177709,96
cel+randN,chunk_10,107,KR,0.6785806571298532,96
cel+randN,chunk_10,107,MC,0.489165777259654,96
cel+randN,chunk_10,108,GR,0.7605006178901383,96
cel+randN,chunk_10,108,IPC,0.3528361747293448,96
cel+randN,chunk_10,108,KR,0.683667382373241,96
cel+randN,chunk_10,108,MC,0.5074794031338828,96
cel+randN,chunk_10,109,GR,0.7454888922202438,96
cel+randN,chunk_10,109,IPC,0.34439999060326554,96
cel+randN,chunk_10,109,KR,0.6968219433201868,96
cel+randN,chunk_10,109,MC,0.49935853667885954,96
cel+randN,chunk_11,110,GR,0.7559624107313861,96
cel+randN,chunk_11,110,IPC,0.3340869930856275,96
cel+randN,chunk_11,110,KR,0.7177840593991721,96
cel+randN,chunk_11,110,MC,0.48662062941859735,96
cel+randN,chunk_11,111,GR,0.7229855474739453,96
cel+randN,chunk_11,111,IPC,0.29307116024448104,96
cel+randN,chunk_11,111,KR,0.7028970497854707,96
cel+randN,chunk_11,111,MC,0.446895291832202,96
cel+randN,chunk_11,112,GR,0.7120592437974903,96
cel+randN,chunk_11,112,IPC,0.32566013947413436,96
cel+randN,chunk_11,112,KR,0.686490362275696,96
cel+randN,chunk_11,112,MC,0.5075974750019497,96
cel+randN,chunk_11,113,GR,0.7475718381067784,96
cel+randN,chunk_11,113,IPC,0.33299535701852206,96
cel+randN,chunk_11,113,KR,0.6879262042761245,96
cel+randN,chunk_11,113,MC,0.5037626776006576,96
cel+randN,chunk_11,114,GR,0.7282027353426882,96
cel+randN,chunk_11,114,IPC,0.32106414182206905,96
cel+randN,chunk_11,114,KR,0.6851606680526307,96
cel+randN,chunk_11,114,MC,0.48457295074052953,96
cel+randN,chunk_11,115,GR,0.7592298264372638,96
cel+randN,chunk_11,115,IPC,0.3446489631822893,96
cel+randN,chunk_11,115,KR,0.7247355984175499,96
cel+randN,chunk_11,115,MC,0.5152469579617979,96
cel+randN,chunk_11,116,GR,0.7792002583348211,96
cel+randN,chunk_11,116,IPC,0.33844660230886214,96
cel+randN,chunk_11,116,KR,0.666157421774258,96
cel+randN,chunk_11,116,MC,0.43131464222311205,96
cel+randN,chunk_11,117,GR,0.7396128344261548,96
cel+randN,chunk_11,117,IPC,0.30318785775088375,96
cel+randN,chunk_11,117,KR,0.6885134748587776,96
cel+randN,chunk_11,117,MC,0.45763248877329726,96
cel+randN,chunk_11,118,GR,0.7870944302584706,96
cel+randN,chunk_11,118,IPC,0.35946999492467063,96
cel+randN,chunk_11,118,KR,0.7292641101318907,96
cel+randN,chunk_11,118,MC,0.5119128563319453,96
cel+randN,chunk_11,119,GR,0.7318287244292682,96
cel+randN,chunk_11,119,IPC,0.2854104336824984,96
cel+randN,chunk_11,119,KR,0.6924408709895385,96
cel+randN,chunk_11,119,MC,0.4406550052567879,96
cel+randN,chunk_12,120,GR,0.7510301563742815,96
cel+randN,chunk_12,120,IPC,0.3367602182768464,96
cel+randN,chunk_12,120,KR,0.687617428560448,96
cel+randN,chunk_12,120,MC,0.5045024152947454,96
cel+randN,chunk_12,121,GR,0.7378755136593411,96
cel+randN,chunk_12,121,IPC,0.31335333923239234,96
cel+randN,chunk_12,121,KR,0.6845363863360987,96
cel+randN,chunk_12,121,MC,0.4685785480579109,96
cel+randN,chunk_12,122,GR,0.7138593447544691,96
cel+randN,chunk_12,122,IPC,0.3247531341426397,96
cel+randN,chunk_12,122,KR,0.672269409768741,96
cel+randN,chunk_12,122,MC,0.48708658585426085,96
cel+randN,chunk_12,123,GR,0.7627387933182201,96
cel+randN,chunk_12,123,IPC,0.3441593794552884,96
cel+randN,chunk_12,123,KR,0.6961332671591868,96
cel+randN,chunk_12,123,MC,0.4893352043312702,96
cel+randN,chunk_12,124,GR,0.7832399555116885,96
cel+randN,chunk_12,124,IPC,0.3306175009682854,96
cel+randN,chunk_12,124,KR,0.7128029144871488,96
cel+randN,chunk_12,124,MC,0.4788156428129325,96
cel+randN,chunk_12,125,GR,0.7767662447880049,96
cel+randN,chunk_12,125,IPC,0.33763117021132333,96
cel+randN,chunk_12,125,KR,0.7265228402432529,96
cel+randN,chunk_12,125,MC,0.48646609975836785,96
cel+randN,chunk_12,126,GR,0.7639138498231536,96
cel+randN,chunk_12,126,IPC,0.355394469756442,96
cel+randN,chunk_12,126,KR,0.7050946618156934,96
cel+randN,chunk_12,126,MC,0.47947724029797745,96
cel+randN,chunk_12,127,GR,0.7522460493441744,96
cel+randN,chunk_12,127,IPC,0.30913201249300976,96
cel+randN,chunk_12,127,KR,0.6717981625528885,96
cel+randN,chunk_12,127,MC,0.42064403995005956,96
cel+randN,chunk_12,128,GR,0.7845541574921142,96
cel+randN,chunk_12,128,IPC,0.331051834486792,96
cel+randN,chunk_12,128,KR,0.7180095567725444,96
cel+randN,chunk_12,128,MC,0.47576758440606604,96
cel+randN,chunk_12,129,GR,0.7590947757445308,96
cel+randN,chunk_12,129,IPC,0.35459853541722774,96
cel+randN,chunk_12,129,KR,0.6880812568086878,96
cel+randN,chunk_12,129,MC,0.49841143515283964,96
cel+randN,chunk_13,130,GR,0.7476500093447672,96
cel+randN,chunk_13,130,IPC,0.31624304821334676,96
cel+randN,chunk_13,130,KR,0.7056697459198037,96
cel+randN,chunk_13,130,MC,0.4764383760594042,96
cel+randN,chunk_13,131,GR,0.7638574907164614,96
cel+randN,chunk_13,131,IPC,0.35920967263333087,96
cel+randN,chunk_13,131,KR,0.6971263132552483,96
cel+randN,chunk_13,131,MC,0.5152955939546726,96
cel+randN,chunk_13,132,GR,0.7067689587232513,96
cel+randN,chunk_13,132,IPC,0.3257220444312756,96
cel+randN,chunk_13,132,KR,0.6765428696686182,96
cel+randN,chunk_13,132,MC,0.47980537266743223,96
cel+randN,chunk_13,133,GR,0.7547974118771059,96
cel+randN,chunk_13,133,IPC,0.34987920542066553,96
cel+randN,chunk_13,133,KR,0.6888686704803832,96
cel+randN,chunk_13,133,MC,0.515260023413033,96
cel+randN,chunk_13,134,GR,0.779936560291612,96
cel+randN,chunk_13,134,IPC,0.3405173199173021,96
cel+randN,chunk_13,134,KR,0.6686947733777744,96
cel+randN,chunk_13,134,MC,0.4638511405066223,96
cel+randN,chunk_13,135,GR,0.7513123792445863,96
cel+randN,chunk_13,135,IPC,0.3437600781855479,96
cel+randN,chunk_13,135,KR,0.6853134114166834,96
cel+randN,chunk_13,135,MC,0.4908672355010053,96
cel+randN,chunk_13,136,GR,0.7692910177173652,96
cel+randN,chunk_13,136,IPC,0.3251987510645247,96
cel+randN,chunk_13,136,KR,0.7172306736353438,96
cel+randN,chunk_13,136,MC,0.48406020971900265,96
cel+randN,chunk_13,137,GR,0.7773631417650334,96
cel+randN,chunk_13,137,IPC,0.3079447860414998,96
cel+randN,chunk_13,137,KR,0.734009839895714,96
cel+randN,chunk_13,137,MC,0.4629708329164509,96
cel+randN,chunk_13,138,GR,0.7297045381048066,96
cel+randN,chunk_13,138,IPC,0.3412449632387334,96
cel+randN,chunk_13,138,KR,0.6965612808225098,96
cel+randN,chunk_13,138,MC,0.5088013455805589,96
cel+randN,chunk_13,139,GR,0.73573692478276,96
cel+randN,chunk_13,139,IPC,0.33055896961285103,96
cel+randN,chunk_13,139,KR,0.6916033112427284,96
cel+randN,chunk_13,139,MC,0.49499135651981385,96
cel+randN,chunk_14,140,GR,0.7827116809158069,96
cel+randN,chunk_14,140,IPC,0.3021049452215713,96
cel+randN,chunk_14,140,KR,0.7080314263995899,96
cel+randN,chunk_14,140,MC,0.4476781261978042,96
cel+randN,chunk_14,141,GR,0.7925285300446812,96
cel+randN,chunk_14,141,IPC,0.350789220644127,96
cel+randN,chunk_14,141,KR,0.7030842729689406,96
cel+randN,chunk_14,141,MC,0.47662899531111663,96
cel+randN,chunk_14,142,GR,0.7488945011898755,96
cel+randN,chunk_14,142,IPC,0.3068778232140312,96
cel+randN,chunk_14,142,KR,0.6940583378952284,96
cel+randN,chunk_14,142,MC,0.49686227415464224,96
cel+randN,chunk_14,143,GR,0.7654041647413004,96
cel+randN,chunk_14,143,IPC,0.32689301074448673,96
cel+randN,chunk_14,143,KR,0.7067108868023774,96
cel+randN,chunk_14,143,MC,0.49407427372099605,96
cel+randN,chunk_14,144,GR,0.7805048727675145,96
cel+randN,chunk_14,144,IPC,0.383103824288502,96
cel+randN,chunk_14,144,KR,0.655614689455802,96
cel+randN,chunk_14,144,MC,0.4681998543460307,96
cel+randN,chunk_14,145,GR,0.7428131908911557,96
cel+randN,chunk_14,145,IPC,0.34563238740816987,96
cel+randN,chunk_14,145,KR,0.7116601767366496,96
cel+randN,chunk_14,145,MC,0.5112062370395251,96
cel+randN,chunk_14,146,GR,0.7719683233878087,96
cel+randN,chunk_14,146,IPC,0.3370290074373945,96
cel+randN,chunk_14,146,KR,0.7228810855982896,96
cel+randN,chunk_14,146,MC,0.49374600357306236,96
cel+randN,chunk_14,147,GR,0.7424534660785844,96
cel+randN,chunk_14,147,IPC,0.3542480282592003,96
cel+randN,chunk_14,147,KR,0.6888284588909621,96
cel+randN,chunk_14,147,MC,0.48075642593382206,96
cel+randN,chunk_14,148,GR,0.7250147283222927,96
cel+randN,chunk_14,148,IPC,0.298111706404531,96
cel+randN,chunk_14,148,KR,0.7010574231385757,96
cel+randN,chunk_14,148,MC,0.43063003880376755,96
cel+randN,chunk_14,149,GR,0.7972773675595772,96
cel+randN,chunk_14,149,IPC,0.3554770927227132,96
cel+randN,chunk_14,149,KR,0.7012025730609561,96
cel+randN,chunk_14,149,MC,0.49944039033151655,96
cel+randN,chunk_15,150,GR,0.7639996900837467,96
cel+randN,chunk_15,150,IPC,0.31266367029043074,96
cel+randN,chunk_15,150,KR,0.731542826159825,96
cel+randN,chunk_15,150,MC,0.4820504742936683,96
cel+randN,chunk_15,151,GR,0.7506812172654647,96
cel+randN,chunk_15,151,IPC,0.3470977843582355,96
cel+randN,chunk_15,151,KR,0.6659786857842481,96
cel+randN,chunk_15,151,MC,0.4671922227123033,96
cel+randN,chunk_15,152,GR,0.7650767668220205,96
cel+randN,chunk_15,152,IPC,0.36093499909343885,96
cel+randN,chunk_15,152,KR,0.6790820541345708,96
cel+randN,chunk_15,152,MC,0.4728979200331794,96
cel+randN,chunk_15,153,GR,0.7385263076288835,96
cel+randN,chunk_15,153,IPC,0.3336544150984696,96
cel+randN,chunk_15,153,KR,0.7029911707938992,96
cel+randN,chunk_15,153,MC,0.4864512591454288,96
cel+randN,chunk_15,154,GR,0.780381953835476,96
cel+randN,chunk_15,154,IPC,0.3574962386512451,96
cel+randN,chunk_15,154,KR,0.6842556212427772,96
cel+randN,chunk_15,154,MC,0.49826238563190794,96
cel+randN,chunk_15,155,GR,0.7959210862714718,96
cel+randN,chunk_15,155,IPC,0.3582156659534895,96
cel+randN,chunk_15,155,KR,0.7084002606160048,96
cel+randN,chunk_15,155,MC,0.4857169906773175,96
cel+randN,chunk_15,156,GR,0.7897225399034646,96
cel+randN,chunk_15,156,IPC,0.34216429728023784,96
cel+randN,chunk_15,156,KR,0.6951694028303854,96
cel+randN,chunk_15,156,MC,0.46849158857199447,96
cel+randN,chunk_15,157,GR,0.7911252704542865,96
cel+randN,chunk_15,157,IPC,0.3109078978847982,96
cel+randN,chunk_15,157,KR,0.758314528127033,96
cel+randN,chunk_15,157,MC,0.47532828069158123,96
cel+randN,chunk_15,158,GR,0.7441418377034973,96
cel+randN,chunk_15,158,IPC,0.3157696753391565,96
cel+randN,chunk_15,158,KR,0.6844415619491034,96
cel+randN,chunk_15,158,MC,0.4570350797050948,96
cel+randN,chunk_15,159,GR,0.7738200895275343,96
cel+randN,chunk_15,159,IPC,0.3465452680217491,96
cel+randN,chunk_15,159,KR,0.6784188780514838,96
cel+randN,chunk_15,159,MC,0.4774796039270599,96
cel+randN,chunk_16,160,GR,0.7520793424639303,96
cel+randN,chunk_16,160,IPC,0.396444400679335,96
cel+randN,chunk_16,160,KR,0.7199205004775376,96
cel+randN,chunk_16,160,MC,0.5643686470145062,96
cel+randN,chunk_16,161,GR,0.7598652148288153,96
cel+randN,chunk_16,161,IPC,0.40141568684289053,96
cel+randN,chunk_16,161,KR,0.6571755473668859,96
cel+randN,chunk_16,161,MC,0.5350298715326692,96
cel+randN,chunk_16,162,GR,0.7790159873053023,96
cel+randN,chunk_16,162,IPC,0.39676764422732663,96
cel+randN,chunk_16,162,KR,0.7136787525519682,96
cel+randN,chunk_16,162,MC,0.5459347162460256,96
cel+randN,chunk_16,163,GR,0.7515164446665329,96
cel+randN,chunk_16,163,IPC,0.3693808967769049,96
cel+randN,chunk_16,163,KR,0.7184564680240006,96
cel+randN,chunk_16,163,MC,0.538830775735478,96
cel+randN,chunk_16,164,GR,0.7463010922611566,96
cel+randN,chunk_16,164,IPC,0.3765949319078229,96
cel+randN,chunk_16,164,KR,0.7062777652362979,96
cel+randN,chunk_16,164,MC,0.5490532570165119,96
cel+randN,chunk_16,165,GR,0.7696924972096855,96
cel+randN,chunk_16,165,IPC,0.3793873071240571,96
cel+randN,chunk_16,165,KR,0.6773692713123532,96
cel+randN,chunk_16,165,MC,0.5124577185685795,96
cel+randN,chunk_16,166,GR,0.7458281441813234,96
cel+randN,chunk_16,166,IPC,0.37480971438072425,96
cel+randN,chunk_16,166,KR,0.6821508093520778,96
cel+randN,chunk_16,166,MC,0.4929730795900249,96
cel+randN,chunk_16,167,GR,0.7730043455063379,96
cel+randN,chunk_16,167,IPC,0.3851537462689335,96
cel+randN,chunk_16,167,KR,0.6968348883499476,96
cel+randN,chunk_16,167,MC,0.49553121941973927,96
cel+randN,chunk_16,168,GR,0.7615445334444348,96
cel+randN,chunk_16,168,IPC,0.40766902774500624,96
cel+randN,chunk_16,168,KR,0.7040766104190713,96
cel+randN,chunk_16,168,MC,0.5383089731589843,96
cel+randN,chunk_16,169,GR,0.7649497848677583,96
cel+randN,chunk_16,169,IPC,0.4318457561828211,96
cel+randN,chunk_16,169,KR,0.6758718778918394,96
cel+randN,chunk_16,169,MC,0.5832810817639194,96
cel+randN,chunk_17,170,GR,0.72261832295493,96
cel+randN,chunk_17,170,IPC,0.3707431406110379,96
cel+randN,chunk_17,170,KR,0.6886550889026122,96
cel+randN,chunk_17,170,MC,0.5146118640257811,96
cel+randN,chunk_17,171,GR,0.7712231322048607,96
cel+randN,chunk_17,171,IPC,0.43889371839849495,96
cel+randN,chunk_17,171,KR,0.684580204411233,96
cel+randN,chunk_17,171,MC,0.5630800730407884,96
cel+randN,chunk_17,172,GR,0.7430155151116851,96
cel+randN,chunk_17,172,IPC,0.36858731581830695,96
cel+randN,chunk_17,172,KR,0.7073542574569669,96
cel+randN,chunk_17,172,MC,0.5297067832378626,96
cel+randN,chunk_17,173,GR,0.7570795522507623,96
cel+randN,chunk_17,173,IPC,0.3605830705926443,96
cel+randN,chunk_17,173,KR,0.7007969627472221,96
cel+randN,chunk_17,173,MC,0.5124507923285798,96
cel+randN,chunk_17,174,GR,0.7575257274094366,96
cel+randN,chunk_17,174,IPC,0.379742261610638,96
cel+randN,chunk_17,174,KR,0.7249337120736333,96
cel+randN,chunk_17,174,MC,0.5166224043271082,96
cel+randN,chunk_17,175,GR,0.7369449373537674,96
cel+randN,chunk_17,175,IPC,0.39270054111765823,96
cel+randN,chunk_17,175,KR,0.7045645433320137,96
cel+randN,chunk_17,175,MC,0.5706869379390607,96
cel+randN,chunk_17,176,GR,0.7786407552109923,96
cel+randN,chunk_17,176,IPC,0.420406220106875,96
cel+randN,chunk_17,176,KR,0.6931805180001986,96
cel+randN,chunk_17,176,MC,0.5576169284364869,96
cel+randN,chunk_17,177,GR,0.8028918698865057,96
cel+randN,chunk_17,177,IPC,0.4242841165920921,96
cel+randN,chunk_17,177,KR,0.7399010600166616,96
cel+randN,chunk_17,177,MC,0.5648154387695381,96
cel+randN,chunk_17,178,GR,0.6950612576132829,96
cel+randN,chunk_17,178,IPC,0.3866848647573452,96
cel+randN,chunk_17,178,KR,0.6749865630565097,96
cel+randN,chunk_17,178,MC,0.5413965957533284,96
cel+randN,chunk_17,179,GR,0.7834448851713063,96
cel+randN,chunk_17,179,IPC,0.41057770706426344,96
cel+randN,chunk_17,179,KR,0.7157514033269425,96
cel+randN,chunk_17,179,MC,0.5525154217407026,96
cel+randN,chunk_18,180,GR,0.7571641452703929,96
cel+randN,chunk_18,180,IPC,0.41751919001183346,96
cel+randN,chunk_18,180,KR,0.7059605190171896,96
cel+randN,chunk_18,180,MC,0.5772908355085575,96
cel+randN,chunk_18,181,GR,0.7495495473473589,96
cel+randN,chunk_18,181,IPC,0.3882959977656364,96
cel+randN,chunk_18,181,KR,0.7149742456489481,96
cel+randN,chunk_18,181,MC,0.534363773275661,96
cel+randN,chunk_18,182,GR,0.7480195696272544,96
cel+randN,chunk_18,182,IPC,0.3886574104008252,96
cel+randN,chunk_18,182,KR,0.7013658150926365,96
cel+randN,chunk_18,182,MC,0.5367790644180958,96
cel+randN,chunk_18,183,GR,0.7747721941089413,96
cel+randN,chunk_18,183,IPC,0.4003460474203089,96
cel+randN,chunk_18,183,KR,0.7311244677099467,96
cel+randN,chunk_18,183,MC,0.5529928689902326,96
cel+randN,chunk_18,184,GR,0.7701322310066295,96
cel+randN,chunk_18,184,IPC,0.41631675200268103,96
cel+randN,chunk_18,184,KR,0.7212089601921817,96
cel+randN,chunk_18,184,MC,0.5495661158168563,96
cel+randN,chunk_18,185,GR,0.7162010921319534,96
cel+randN,chunk_18,185,IPC,0.36976847516493416,96
cel+randN,chunk_18,185,KR,0.6942315184183698,96
cel+randN,chunk_18,185,MC,0.5169138012824394,96
cel+randN,chunk_18,186,GR,0.7528309554772805,96
cel+randN,chunk_18,186,IPC,0.4075307071341027,96
cel+randN,chunk_18,186,KR,0.6999705685964615,96
cel+randN,chunk_18,186,MC,0.5404889961172982,96
cel+randN,chunk_18,187,GR,0.7442480119027926,96
cel+randN,chunk_18,187,IPC,0.38097959464519254,96
cel+randN,chunk_18,187,KR,0.6960618197025937,96
cel+randN,chunk_18,187,MC,0.5108899296556974,96
cel+randN,chunk_18,188,GR,0.7824135937511488,96
cel+randN,chunk_18,188,IPC,0.3986711390442261,96
cel+randN,chunk_18,188,KR,0.7067385417594841,96
cel+randN,chunk_18,188,MC,0.5626696979976494,96
cel+randN,chunk_18,189,GR,0.7842556806247956,96
cel+randN,chunk_18,189,IPC,0.40979873222650726,96
cel+randN,chunk_18,189,KR,0.7336150469250609,96
cel+randN,chunk_18,189,MC,0.5283359132178289,96
cel+randN,chunk_19,190,GR,0.7436742965841113,96
cel+randN,chunk_19,190,IPC,0.35685643155837904,96
cel+randN,chunk_19,190,KR,0.7122696475584694,96
cel+randN,chunk_19,190,MC,0.5153065397239388,96
cel+randN,chunk_19,191,GR,0.7246322505798125,96
cel+randN,chunk_19,191,IPC,0.39337545405217245,96
cel+randN,chunk_19,191,KR,0.6579579733982669,96
cel+randN,chunk_19,191,MC,0.5211749996396665,96
cel+randN,chunk_19,192,GR,0.7353719659109826,96
cel+randN,chunk_19,192,IPC,0.38934750735821755,96
cel+randN,chunk_19,192,KR,0.7179647660023846,96
cel+randN,chunk_19,192,MC,0.5404057162007871,96
cel+randN,chunk_19,193,GR,0.7835549784512787,96
cel+randN,chunk_19,193,IPC,0.42104538632611876,96
cel+randN,chunk_19,193,KR,0.7076563893131471,96
cel+randN,chunk_19,193,MC,0.5694501887170504,96
cel+randN,chunk_19,194,GR,0.722716907681617,96
cel+randN,chunk_19,194,IPC,0.340673047822024,96
cel+randN,chunk_19,194,KR,0.6925840126137515,96
cel+randN,chunk_19,194,MC,0.5081694014829661,96
cel+randN,chunk_19,195,GR,0.7805528962214435,96
cel+randN,chunk_19,195,IPC,0.39392929894140805,96
cel+randN,chunk_19,195,KR,0.7164463822489371,96
cel+randN,chunk_19,195,MC,0.5439258057312779,96
cel+randN,chunk_19,196,GR,0.7710613222198439,96
cel+randN,chunk_19,196,IPC,0.40589467125561024,96
cel+randN,chunk_19,196,KR,0.7110014957971443,96
cel+randN,chunk_19,196,MC,0.5438594370463287,96
cel+randN,chunk_19,197,GR,0.724694505341839,96
cel+randN,chunk_19,197,IPC,0.3510457873531915,96
cel+randN,chunk_19,197,KR,0.6800834419563694,96
cel+randN,chunk_19,197,MC,0.48185603662580595,96
cel+randN,chunk_19,198,GR,0.7400200345336042,96
cel+randN,chunk_19,198,IPC,0.37220852120631154,96
cel+randN,chunk_19,198,KR,0.7158553760113111,96
cel+randN,chunk_19,198,MC,0.5308429058804678,96
cel+randN,chunk_19,199,GR,0.7560962810836092,96
cel+randN,chunk_19,199,IPC,0.3871899829349627,96
cel+randN,chunk_19,199,KR,0.7015158103498084,96
cel+randN,chunk_19,199,MC,0.5169586514689468,96
cel+randN,chunk_2,20,GR,0.7182964518910206,96
cel+randN,chunk_2,20,IPC,0.3195424750952087,96
cel+randN,chunk_2,20,KR,0.679082570201618,96
cel+randN,chunk_2,20,MC,0.4750148153275703,96
cel+randN,chunk_2,21,GR,0.7503302424907063,96
cel+randN,chunk_2,21,IPC,0.34706864190717573,96
cel+randN,chunk_2,21,KR,0.684274106184044,96
cel+randN,chunk_2,21,MC,0.5017093592678504,96
cel+randN,chunk_2,22,GR,0.7669171820991394,96
cel+randN,chunk_2,22,IPC,0.32754555432543125,96
cel+randN,chunk_2,22,KR,0.7024895734724744,96
cel+randN,chunk_2,22,MC,0.48090032310718017,96
cel+randN,chunk_2,23,GR,0.7513806715345699,96
cel+randN,chunk_2,23,IPC,0.30712335403386704,96
cel+randN,chunk_2,23,KR,0.7230700486417282,96
cel+randN,chunk_2,23,MC,0.46757153039462,96
cel+randN,chunk_2,24,GR,0.7409957471455537,96
cel+randN,chunk_2,24,IPC,0.33582117428843167,96
cel+randN,chunk_2,24,KR,0.7160557429234086,96
cel+randN,chunk_2,24,MC,0.49316320624920973,96
cel+randN,chunk_2,25,GR,0.7353652340930535,96
cel+randN,chunk_2,25,IPC,0.33221231078155466,96
cel+randN,chunk_2,25,KR,0.7050536861915448,96
cel+randN,chunk_2,25,MC,0.5004965526948219,96
cel+randN,chunk_2,26,GR,0.7441324836177408,96
cel+randN,chunk_2,26,IPC,0.3319968218350536,96
cel+randN,chunk_2,26,KR,0.6866839723289829,96
cel+randN,chunk_2,26,MC,0.48649252987960956,96
cel+randN,chunk_2,27,GR,0.7324374267958288,96
cel+randN,chunk_2,27,IPC,0.32720130809822867,96
cel+randN,chunk_2,27,KR,0.6903006725549379,96
cel+randN,chunk_2,27,MC,0.49920345178993936,96
cel+randN,chunk_2,28,GR,0.7600861465648631,96
cel+randN,chunk_2,28,IPC,0.3095987574752026,96
cel+randN,chunk_2,28,KR,0.7308816043965509,96
cel+randN,chunk_2,28,MC,0.45537223991681713,96
cel+randN,chunk_2,29,GR,0.7576326000979922,96
cel+randN,chunk_2,29,IPC,0.3486026400836148,96
cel+randN,chunk_2,29,KR,0.7021810987698868,96
cel+randN,chunk_2,29,MC,0.47823097148851923,96
cel+randN,chunk_3,30,GR,0.7386691631873002,96
cel+randN,chunk_3,30,IPC,0.32140325345241866,96
cel+randN,chunk_3,30,KR,0.6804439116106541,96
cel+randN,chunk_3,30,MC,0.4921932269739568,96
cel+randN,chunk_3,31,GR,0.7616694391327807,96
cel+randN,chunk_3,31,IPC,0.324202092920336,96
cel+randN,chunk_3,31,KR,0.7129854439557826,96
cel+randN,chunk_3,31,MC,0.45869411547901356,96
cel+randN,chunk_3,32,GR,0.7670557999429543,96
cel+randN,chunk_3,32,IPC,0.3295128800976132,96
cel+randN,chunk_3,32,KR,0.7066451559022336,96
cel+randN,chunk_3,32,MC,0.4884369545525277,96
cel+randN,chunk_3,33,GR,0.787598878755402,96
cel+randN,chunk_3,33,IPC,0.3461506345253317,96
cel+randN,chunk_3,33,KR,0.6869919562600374,96
cel+randN,chunk_3,33,MC,0.46932585026277734,96
cel+randN,chunk_3,34,GR,0.7354969101099103,96
cel+randN,chunk_3,34,IPC,0.32817267370443093,96
cel+randN,chunk_3,34,KR,0.6854002273842078,96
cel+randN,chunk_3,34,MC,0.4857279136597402,96
cel+randN,chunk_3,35,GR,0.8122272195442624,96
cel+randN,chunk_3,35,IPC,0.30940942400213667,96
cel+randN,chunk_3,35,KR,0.7409930206949974,96
cel+randN,chunk_3,35,MC,0.43614820522949044,96
cel+randN,chunk_3,36,GR,0.7351142361734783,96
cel+randN,chunk_3,36,IPC,0.36369570998132694,96
cel+randN,chunk_3,36,KR,0.6603219650383896,96
cel+randN,chunk_3,36,MC,0.4935282727408903,96
cel+randN,chunk_3,37,GR,0.7488016229593857,96
cel+randN,chunk_3,37,IPC,0.3126974791016904,96
cel+randN,chunk_3,37,KR,0.7046358397115984,96
cel+randN,chunk_3,37,MC,0.4758056960721731,96
cel+randN,chunk_3,38,GR,0.7540844506569521,96
cel+randN,chunk_3,38,IPC,0.3524017389345656,96
cel+randN,chunk_3,38,KR,0.6767983287514109,96
cel+randN,chunk_3,38,MC,0.5126193425709233,96
cel+randN,chunk_3,39,GR,0.7628024875120714,96
cel+randN,chunk_3,39,IPC,0.3351988100325947,96
cel+randN,chunk_3,39,KR,0.7355849432605391,96
cel+randN,chunk_3,39,MC,0.48728892871555135,96
cel+randN,chunk_4,40,GR,0.7476785757628593,96
cel+randN,chunk_4,40,IPC,0.35319711663361947,96
cel+randN,chunk_4,40,KR,0.7002086733475333,96
cel+randN,chunk_4,40,MC,0.4816506867668882,96
cel+randN,chunk_4,41,GR,0.7519009557938234,96
cel+randN,chunk_4,41,IPC,0.37582854817735245,96
cel+randN,chunk_4,41,KR,0.6710875460179343,96
cel+randN,chunk_4,41,MC,0.5009622291266517,96
cel+randN,chunk_4,42,GR,0.7326925059344213,96
cel+randN,chunk_4,42,IPC,0.32445197681395144,96
cel+randN,chunk_4,42,KR,0.6970507206729318,96
cel+randN,chunk_4,42,MC,0.4681085288366248,96
cel+randN,chunk_4,43,GR,0.7694797863897198,96
cel+randN,chunk_4,43,IPC,0.34264881237144407,96
cel+randN,chunk_4,43,KR,0.7262813337325466,96
cel+randN,chunk_4,43,MC,0.4802371499660598,96
cel+randN,chunk_4,44,GR,0.7568762502867571,96
cel+randN,chunk_4,44,IPC,0.3249243206986096,96
cel+randN,chunk_4,44,KR,0.709482231542246,96
cel+randN,chunk_4,44,MC,0.48409369535187025,96
cel+randN,chunk_4,45,GR,0.7365459958261096,96
cel+randN,chunk_4,45,IPC,0.3315433060316541,96
cel+randN,chunk_4,45,KR,0.6928093687023379,96
cel+randN,chunk_4,45,MC,0.5029475840172501,96
cel+randN,chunk_4,46,GR,0.7311277409728792,96
cel+randN,chunk_4,46,IPC,0.3221772152068247,96
cel+randN,chunk_4,46,KR,0.7113464402959021,96
cel+randN,chunk_4,46,MC,0.45998625803077536,96
cel+randN,chunk_4,47,GR,0.7646100120660314,96
cel+randN,chunk_4,47,IPC,0.35332313298962637,96
cel+randN,chunk_4,47,KR,0.7169303589228297,96
cel+randN,chunk_4,47,MC,0.5152426909408467,96
cel+randN,chunk_4,48,GR,0.7658705611411789,96
cel+randN,chunk_4,48,IPC,0.31084410143403796,96
cel+randN,chunk_4,48,KR,0.7159503235766121,96
cel+randN,chunk_4,48,MC,0.4595040330183709,96
cel+randN,chunk_4,49,GR,0.756097369875158,96
cel+randN,chunk_4,49,IPC,0.32954972796381077,96
cel+randN,chunk_4,49,KR,0.7192786385190832,96
cel+randN,chunk_4,49,MC,0.4863646155556348,96
cel+randN,chunk_5,50,GR,0.8062561237017908,96
cel+randN,chunk_5,50,IPC,0.34656136210968347,96
cel+randN,chunk_5,50,KR,0.7468726831414997,96
cel+randN,chunk_5,50,MC,0.49649840703948717,96
cel+randN,chunk_5,51,GR,0.7506763979247222,96
cel+randN,chunk_5,51,IPC,0.3390016857332991,96
cel+randN,chunk_5,51,KR,0.7135149770414542,96
cel+randN,chunk_5,51,MC,0.48867989452313454,96
cel+randN,chunk_5,52,GR,0.7936385447424728,96
cel+randN,chunk_5,52,IPC,0.3303988174271621,96
cel+randN,chunk_5,52,KR,0.7586469656016411,96
cel+randN,chunk_5,52,MC,0.5033050006472238,96
cel+randN,chunk_5,53,GR,0.7373876907078123,96
cel+randN,chunk_5,53,IPC,0.3239074065260133,96
cel+randN,chunk_5,53,KR,0.7109628056405713,96
cel+randN,chunk_5,53,MC,0.49237329184301354,96
cel+randN,chunk_5,54,GR,0.7615091482808288,96
cel+randN,chunk_5,54,IPC,0.3700094091100074,96
cel+randN,chunk_5,54,KR,0.6986405944423457,96
cel+randN,chunk_5,54,MC,0.49833054149918515,96
cel+randN,chunk_5,55,GR,0.7729312663106263,96
cel+randN,chunk_5,55,IPC,0.3599467527866087,96
cel+randN,chunk_5,55,KR,0.6801934439199345,96
cel+randN,chunk_5,55,MC,0.5059318357012723,96
cel+randN,chunk_5,56,GR,0.7927298891329505,96
cel+randN,chunk_5,56,IPC,0.33525534213230335,96
cel+randN,chunk_5,56,KR,0.7126212639310355,96
cel+randN,chunk_5,56,MC,0.4782699880514261,96
cel+randN,chunk_5,57,GR,0.7141347711182623,96
cel+randN,chunk_5,57,IPC,0.3233792880453016,96
cel+randN,chunk_5,57,KR,0.6993843178604077,96
cel+randN,chunk_5,57,MC,0.49154938765055206,96
cel+randN,chunk_5,58,GR,0.7470207668988558,96
cel+randN,chunk_5,58,IPC,0.34040227127995953,96
cel+randN,chunk_5,58,KR,0.7019994289603615,96
cel+randN,chunk_5,58,MC,0.525111684024269,96
cel+randN,chunk_5,59,GR,0.7690806273236566,96
cel+randN,chunk_5,59,IPC,0.3481289857036481,96
cel+randN,chunk_5,59,KR,0.6631476056849556,96
cel+randN,chunk_5,59,MC,0.4687774874520106,96
cel+randN,chunk_6,60,GR,0.7682621384704307,96
cel+randN,chunk_6,60,IPC,0.35135357095450026,96
cel+randN,chunk_6,60,KR,0.6964336221850961,96
cel+randN,chunk_6,60,MC,0.5048488542715928,96
cel+randN,chunk_6,61,GR,0.7263196852805867,96
cel+randN,chunk_6,61,IPC,0.33672678318118926,96
cel+randN,chunk_6,61,KR,0.6768813896647177,96
cel+randN,chunk_6,61,MC,0.48483750078010723,96
cel+randN,chunk_6,62,GR,0.7570481112702652,96
cel+randN,chunk_6,62,IPC,0.3327838974870581,96
cel+randN,chunk_6,62,KR,0.6973621854998266,96
cel+randN,chunk_6,62,MC,0.4676649991385195,96
cel+randN,chunk_6,63,GR,0.7230668250029723,96
cel+randN,chunk_6,63,IPC,0.31483523161139615,96
cel+randN,chunk_6,63,KR,0.6765444610693699,96
cel+randN,chunk_6,63,MC,0.46801369992097214,96
cel+randN,chunk_6,64,GR,0.7795322308758453,96
cel+randN,chunk_6,64,IPC,0.3820371769653546,96
cel+randN,chunk_6,64,KR,0.6726879277457646,96
cel+randN,chunk_6,64,MC,0.5018106605771728,96
cel+randN,chunk_6,65,GR,0.7820581593494633,96
cel+randN,chunk_6,65,IPC,0.3486720395717491,96
cel+randN,chunk_6,65,KR,0.7238903706448233,96
cel+randN,chunk_6,65,MC,0.49997751519072475,96
cel+randN,chunk_6,66,GR,0.7626419004003094,96
cel+randN,chunk_6,66,IPC,0.35932790579406637,96
cel+randN,chunk_6,66,KR,0.6445510032494898,96
cel+randN,chunk_6,66,MC,0.4603920591278123,96
cel+randN,chunk_6,67,GR,0.7526194563255494,96
cel+randN,chunk_6,67,IPC,0.3476284336138197,96
cel+randN,chunk_6,67,KR,0.7287730618182379,96
cel+randN,chunk_6,67,MC,0.5000300762890357,96
cel+randN,chunk_6,68,GR,0.7539696758016694,96
cel+randN,chunk_6,68,IPC,0.3243234123677907,96
cel+randN,chunk_6,68,KR,0.6907128288695172,96
cel+randN,chunk_6,68,MC,0.4647978937623419,96
cel+randN,chunk_6,69,GR,0.7463297706731983,96
cel+randN,chunk_6,69,IPC,0.32783921174400005,96
cel+randN,chunk_6,69,KR,0.7021821186253817,96
cel+randN,chunk_6,69,MC,0.4846347135148759,96
cel+randN,chunk_7,70,GR,0.7709424393453267,96
cel+randN,chunk_7,70,IPC,0.3675300529665688,96
cel+randN,chunk_7,70,KR,0.7030004731153607,96
cel+randN,chunk_7,70,MC,0.5170892539004415,96
cel+randN,chunk_7,71,GR,0.7726972970793069,96
cel+randN,chunk_7,71,IPC,0.31283767578396116,96
cel+randN,chunk_7,71,KR,0.719532829994193,96
cel+randN,chunk_7,71,MC,0.4894965691497672,96
cel+randN,chunk_7,72,GR,0.7454801587167332,96
cel+randN,chunk_7,72,IPC,0.3157662600302881,96
cel+randN,chunk_7,72,KR,0.6884656595989409,96
cel+randN,chunk_7,72,MC,0.45323977764667756,96
cel+randN,chunk_7,73,GR,0.7581762782474308,96
cel+randN,chunk_7,73,IPC,0.34003960902068325,96
cel+randN,chunk_7,73,KR,0.6870012378787688,96
cel+randN,chunk_7,73,MC,0.48199223936616886,96
cel+randN,chunk_7,74,GR,0.7400564035155588,96
cel+randN,chunk_7,74,IPC,0.32180133358464375,96
cel+randN,chunk_7,74,KR,0.7009759344892563,96
cel+randN,chunk_7,74,MC,0.47339532570531595,96
cel+randN,chunk_7,75,GR,0.8062767108208518,96
cel+randN,chunk_7,75,IPC,0.351174752180636,96
cel+randN,chunk_7,75,KR,0.6868519539578777,96
cel+randN,chunk_7,75,MC,0.4407096776940749,96
cel+randN,chunk_7,76,GR,0.76356381853781,96
cel+randN,chunk_7,76,IPC,0.3209838382751392,96
cel+randN,chunk_7,76,KR,0.7129573643181849,96
cel+randN,chunk_7,76,MC,0.456800946648899,96
cel+randN,chunk_7,77,GR,0.7762688392786425,96
cel+randN,chunk_7,77,IPC,0.32763140519166917,96
cel+randN,chunk_7,77,KR,0.7218416719790438,96
cel+randN,chunk_7,77,MC,0.4624980128866449,96
cel+randN,chunk_7,78,GR,0.7538864546572177,96
cel+randN,chunk_7,78,IPC,0.3341666500156463,96
cel+randN,chunk_7,78,KR,0.7015405555179929,96
cel+randN,chunk_7,78,MC,0.46603416794712793,96
cel+randN,chunk_7,79,GR,0.7319625328360307,96
cel+randN,chunk_7,79,IPC,0.3417616442237149,96
cel+randN,chunk_7,79,KR,0.6824579190668593,96
cel+randN,chunk_7,79,MC,0.46950068238751647,96
cel+randN,chunk_8,80,GR,0.7756102456961472,96
cel+randN,chunk_8,80,IPC,0.3121613523475741,96
cel+randN,chunk_8,80,KR,0.697867131605522,96
cel+randN,chunk_8,80,MC,0.4341530871136845,96
cel+randN,chunk_8,81,GR,0.7288377142356885,96
cel+randN,chunk_8,81,IPC,0.3346090040996476,96
cel+randN,chunk_8,81,KR,0.6547919169391169,96
cel+randN,chunk_8,81,MC,0.4719744816497748,96
cel+randN,chunk_8,82,GR,0.7234923819230205,96
cel+randN,chunk_8,82,IPC,0.35828478570711675,96
cel+randN,chunk_8,82,KR,0.7007016406039337,96
cel+randN,chunk_8,82,MC,0.5100994199283959,96
cel+randN,chunk_8,83,GR,0.7233195779363012,96
cel+randN,chunk_8,83,IPC,0.3550335246656004,96
cel+randN,chunk_8,83,KR,0.7025545730060428,96
cel+randN,chunk_8,83,MC,0.5167058819420876,96
cel+randN,chunk_8,84,GR,0.7891858559749041,96
cel+randN,chunk_8,84,IPC,0.3231035517726626,96
cel+randN,chunk_8,84,KR,0.69255557755804,96
cel+randN,chunk_8,84,MC,0.46237814216393697,96
cel+randN,chunk_8,85,GR,0.7293525465145393,96
cel+randN,chunk_8,85,IPC,0.32159541304987044,96
cel+randN,chunk_8,85,KR,0.6916699574267534,96
cel+randN,chunk_8,85,MC,0.4704746079895045,96
cel+randN,chunk_8,86,GR,0.7172871846830087,96
cel+randN,chunk_8,86,IPC,0.30805251582765963,96
cel+randN,chunk_8,86,KR,0.6740250999703994,96
cel+randN,chunk_8,86,MC,0.4528206107289862,96
cel+randN,chunk_8,87,GR,0.7468385610956783,96
cel+randN,chunk_8,87,IPC,0.3273028711834629,96
cel+randN,chunk_8,87,KR,0.6688356108876088,96
cel+randN,chunk_8,87,MC,0.45859399469236045,96
cel+randN,chunk_8,88,GR,0.7132623565142044,96
cel+randN,chunk_8,88,IPC,0.31170387825616086,96
cel+randN,chunk_8,88,KR,0.688152407915498,96
cel+randN,chunk_8,88,MC,0.4866567861401506,96
cel+randN,chunk_8,89,GR,0.746480386659142,96
cel+randN,chunk_8,89,IPC,0.32339301515363045,96
cel+randN,chunk_8,89,KR,0.7117317120469577,96
cel+randN,chunk_8,89,MC,0.48307465361547297,96
cel+randN,chunk_9,90,GR,0.7749436803968975,96
cel+randN,chunk_9,90,IPC,0.32901668796123457,96
cel+randN,chunk_9,90,KR,0.7204069368872266,96
cel+randN,chunk_9,90,MC,0.47558553526918573,96
cel+randN,chunk_9,91,GR,0.7781682331261663,96
cel+randN,chunk_9,91,IPC,0.310838123100693,96
cel+randN,chunk_9,91,KR,0.7179543136106088,96
cel+randN,chunk_9,91,MC,0.44828680937562865,96
cel+randN,chunk_9,92,GR,0.7516438245766252,96
cel+randN,chunk_9,92,IPC,0.3112512419465567,96
cel+randN,chunk_9,92,KR,0.6993104243821995,96
cel+randN,chunk_9,92,MC,0.4768352948323657,96
cel+randN,chunk_9,93,GR,0.7690187806315597,96
cel+randN,chunk_9,93,IPC,0.3308909610771254,96
cel+randN,chunk_9,93,KR,0.7011861835056991,96
cel+randN,chunk_9,93,MC,0.47722336510484015,96
cel+randN,chunk_9,94,GR,0.7610030981644696,96
cel+randN,chunk_9,94,IPC,0.3113572958341558,96
cel+randN,chunk_9,94,KR,0.6908952318220338,96
cel+randN,chunk_9,94,MC,0.43854705786493964,96
cel+randN,chunk_9,95,GR,0.7527396633791534,96
cel+randN,chunk_9,95,IPC,0.3407071988325757,96
cel+randN,chunk_9,95,KR,0.6959220128504345,96
cel+randN,chunk_9,95,MC,0.4909282379320935,96
cel+randN,chunk_9,96,GR,0.7418716888500261,96
cel+randN,chunk_9,96,IPC,0.3373954579885763,96
cel+randN,chunk_9,96,KR,0.698516363040979,96
cel+randN,chunk_9,96,MC,0.49846060408151177,96
cel+randN,chunk_9,97,GR,0.7616553005554975,96
cel+randN,chunk_9,97,IPC,0.33074609960574947,96
cel+randN,chunk_9,97,KR,0.7083048650940177,96
cel+randN,chunk_9,97,MC,0.48344227084967695,96
cel+randN,chunk_9,98,GR,0.7587662792262758,96
cel+randN,chunk_9,98,IPC,0.3365781462450785,96
cel+randN,chunk_9,98,KR,0.7042888116746389,96
cel+randN,chunk_9,98,MC,0.4711094871249042,96
cel+randN,chunk_9,99,GR,0.7809348931821757,96
cel+randN,chunk_9,99,IPC,0.3140080068285344,96
cel+randN,chunk_9,99,KR,0.7028647505106709,96
cel+randN,chunk_9,99,MC,0.4713509724571048,96
er+randN,chunk_0,0,GR,0.7726801955306223,96
er+randN,chunk_0,0,IPC,0.32741182713520445,96
er+randN,chunk_0,0,KR,0.7672424214463304,96
er+randN,chunk_0,0,MC,0.47200436813324675,96
er+randN,chunk_0,1,GR,0.7720456370930397,96
er+randN,chunk_0,1,IPC,0.3342199691562229,96
er+randN,chunk_0,1,KR,0.7885545271908092,96
er+randN,chunk_0,1,MC,0.49523782845145164,96
er+randN,chunk_0,2,GR,0.7773741565558352,96
er+randN,chunk_0,2,IPC,0.3482387492264976,96
er+randN,chunk_0,2,KR,0.7928211855179924,96
er+randN,chunk_0,2,MC,0.5001527652982984,96
er+randN,chunk_0,3,GR,0.7402425735493047,96
er+randN,chunk_0,3,IPC,0.30775937488351457,96
er+randN,chunk_0,3,KR,0.773135758111982,96
er+randN,chunk_0,3,MC,0.46338359723072803,96
er+randN,chunk_0,4,GR,0.7676102197088618,96
er+randN,chunk_0,4,IPC,0.3506705352624335,96
er+randN,chunk_0,4,KR,0.7776022747619451,96
er+randN,chunk_0,4,MC,0.5127267454074649,96
er+randN,chunk_0,5,GR,0.7863802291902308,96
er+randN,chunk_0,5,IPC,0.3232398105900763,96
er+randN,chunk_0,5,KR,0.7927774910091635,96
er+randN,chunk_0,5,MC,0.48824076846740094,96
er+randN,chunk_0,6,GR,0.8094434544860275,96
er+randN,chunk_0,6,IPC,0.341704958133567,96
er+randN,chunk_0,6,KR,0.7884522363876011,96
er+randN,chunk_0,6,MC,0.489325404768527,96
er+randN,chunk_0,7,GR,0.770210650184183,96
er+randN,chunk_0,7,IPC,0.3274022403901351,96
er+randN,chunk_0,7,KR,0.7796451967457935,96
er+randN,chunk_0,7,MC,0.48914719391952544,96
er+randN,chunk_0,8,GR,0.7927973165912439,96
er+randN,chunk_0,8,IPC,0.30749292456129246,96
er+randN,chunk_0,8,KR,0.7923071843679346,96
er+randN,chunk_0,8,MC,0.4839035913344535,96
er+randN,chunk_0,9,GR,0.7725092394670633,96
er+randN,chunk_0,9,IPC,0.33054144129167784,96
er+randN,chunk_0,9,KR,0.7751766423600188,96
er+randN,chunk_0,9,MC,0.49843480066985246,96
er+randN,chunk_1,10,GR,0.7645911818340727,96
er+randN,chunk_1,10,IPC,0.3084191363364593,96
er+randN,chunk_1,10,KR,0.7636921934398271,96
er+randN,chunk_1,10,MC,0.47169351417341465,96
er+randN,chunk_1,11,GR,0.7621634226612335,96
er+randN,chunk_1,11,IPC,0.3091955714553831,96
er+randN,chunk_1,11,KR,0.7754135555839232,96
er+randN,chunk_1,11,MC,0.47244798507453956,96
er+randN,chunk_1,12,GR,0.7658186282574709,96
er+randN,chunk_1,12,IPC,0.34973099316533146,96
er+randN,chunk_1,12,KR,0.7712780746040343,96
er+randN,chunk_1,12,MC,0.5208463106961626,96
er+randN,chunk_1,13,GR,0.7579392265397472,96
er+randN,chunk_1,13,IPC,0.3465458344742856,96
er+randN,chunk_1,13,KR,0.7768310840541035,96
er+randN,chunk_1,13,MC,0.5090107164937782,96
er+randN,chunk_1,14,GR,0.7743238093891561,96
er+randN,chunk_1,14,IPC,0.3337124092861316,96
er+randN,chunk_1,14,KR,0.7663236052252242,96
er+randN,chunk_1,14,MC,0.49753110888993374,96
er+randN,chunk_1,15,GR,0.7848568031185342,96
er+randN,chunk_1,15,IPC,0.3559904071057638,96
er+randN,chunk_1,15,KR,0.7564671275440713,96
er+randN,chunk_1,15,MC,0.49583112498379994,96
er+randN,chunk_1,16,GR,0.7545951751841626,96
er+randN,chunk_1,16,IPC,0.3221516389372423,96
er+randN,chunk_1,16,KR,0.776998434490824,96
er+randN,chunk_1,16,MC,0.4859860875680683,96
er+randN,chunk_1,17,GR,0.7595468795096665,96
er+randN,chunk_1,17,IPC,0.35934430495413366,96
er+randN,chunk_1,17,KR,0.7721372493856806,96
er+randN,chunk_1,17,MC,0.5353043056282129,96
er+randN,chunk_1,18,GR,0.7698195592574798,96
er+randN,chunk_1,18,IPC,0.3309612942790914,96
er+randN,chunk_1,18,KR,0.7596021253577647,96
er+randN,chunk_1,18,MC,0.5066895599081336,96
er+randN,chunk_1,19,GR,0.7901581371270456,96
er+randN,chunk_1,19,IPC,0.33343841692816,96
er+randN,chunk_1,19,KR,0.7836905752800553,96
er+randN,chunk_1,19,MC,0.49470371925127093,96
er+randN,chunk_10,100,GR,0.7640432290974635,96
er+randN,chunk_10,100,IPC,0.30706522295206806,96
er+randN,chunk_10,100,KR,0.7745035947716613,96
er+randN,chunk_10,100,MC,0.48055907636910417,96
er+randN,chunk_10,101,GR,0.7601825799863342,96
er+randN,chunk_10,101,IPC,0.318529032228389,96
er+randN,chunk_10,101,KR,0.7664396183475309,96
er+randN,chunk_10,101,MC,0.4537650184957604,96
er+randN,chunk_10,102,GR,0.8006017260032693,96
er+randN,chunk_10,102,IPC,0.36515604715750205,96
er+randN,chunk_10,102,KR,0.769319378338673,96
er+randN,chunk_10,102,MC,0.5176477065351188,96
er+randN,chunk_10,103,GR,0.7622786360798153,96
er+randN,chunk_10,103,IPC,0.3162867080417561,96
er+randN,chunk_10,103,KR,0.7764399576532006,96
er+randN,chunk_10,103,MC,0.479974519371484,96
er+randN,chunk_10,104,GR,0.7577315213519938,96
er+randN,chunk_10,104,IPC,0.33133323929901093,96
er+randN,chunk_10,104,KR,0.7751157531649934,96
er+randN,chunk_10,104,MC,0.4995037380156656,96
er+randN,chunk_10,105,GR,0.7751214105928901,96
er+randN,chunk_10,105,IPC,0.3329514080874179,96
er+randN,chunk_10,105,KR,0.7711553129035469,96
er+randN,chunk_10,105,MC,0.49335047320614916,96
er+randN,chunk_10,106,GR,0.7773180737451385,96
er+randN,chunk_10,106,IPC,0.34214147424255675,96
er+randN,chunk_10,106,KR,0.7559290486938202,96
er+randN,chunk_10,106,MC,0.5037891037687445,96
er+randN,chunk_10,107,GR,0.7648089709636934,96
er+randN,chunk_10,107,IPC,0.35579486875941857,96
er+randN,chunk_10,107,KR,0.7501361866555074,96
er+randN,chunk_10,107,MC,0.5020098419432261,96
er+randN,chunk_10,108,GR,0.7775939569979036,96
er+randN,chunk_10,108,IPC,0.33359007064342605,96
er+randN,chunk_10,108,KR,0.7789894179772302,96
er+randN,chunk_10,108,MC,0.4923828915693151,96
er+randN,chunk_10,109,GR,0.7605371533138157,96
er+randN,chunk_10,109,IPC,0.3409729871987744,96
er+randN,chunk_10,109,KR,0.767210146227207,96
er+randN,chunk_10,109,MC,0.4911424635845554,96
er+randN,chunk_11,110,GR,0.7557903449576876,96
er+randN,chunk_11,110,IPC,0.3206442923412341,96
er+randN,chunk_11,110,KR,0.7715320887560304,96
er+randN,chunk_11,110,MC,0.49723044250357207,96
er+randN,chunk_11,111,GR,0.7815893015021619,96
er+randN,chunk_11,111,IPC,0.3391533067390271,96
er+randN,chunk_11,111,KR,0.7840670069755244,96
er+randN,chunk_11,111,MC,0.4900599155983042,96
er+randN,chunk_11,112,GR,0.7679235018323616,96
er+randN,chunk_11,112,IPC,0.3248574798767561,96
er+randN,chunk_11,112,KR,0.7701058856372317,96
er+randN,chunk_11,112,MC,0.5017345933988294,96
er+randN,chunk_11,113,GR,0.7788143320869882,96
er+randN,chunk_11,113,IPC,0.34288378172796513,96
er+randN,chunk_11,113,KR,0.7709668725963379,96
er+randN,chunk_11,113,MC,0.5212212919501277,96
er+randN,chunk_11,114,GR,0.7775384459083063,96
er+randN,chunk_11,114,IPC,0.3378625572405593,96
er+randN,chunk_11,114,KR,0.7623677579788133,96
er+randN,chunk_11,114,MC,0.511921113764653,96
er+randN,chunk_11,115,GR,0.8033124406751898,96
er+randN,chunk_11,115,IPC,0.33787739605343503,96
er+randN,chunk_11,115,KR,0.7876262603926436,96
er+randN,chunk_11,115,MC,0.5176482637620988,96
er+randN,chunk_11,116,GR,0.7758930145889741,96
er+randN,chunk_11,116,IPC,0.3228345989633718,96
er+randN,chunk_11,116,KR,0.7905395460540767,96
er+randN,chunk_11,116,MC,0.48270540124821415,96
er+randN,chunk_11,117,GR,0.7835893170618374,96
er+randN,chunk_11,117,IPC,0.3011042951631546,96
er+randN,chunk_11,117,KR,0.812371818100689,96
er+randN,chunk_11,117,MC,0.4542338166467108,96
er+randN,chunk_11,118,GR,0.7825640802144037,96
er+randN,chunk_11,118,IPC,0.3579784085338225,96
er+randN,chunk_11,118,KR,0.790471542749411,96
er+randN,chunk_11,118,MC,0.5247156606912252,96
er+randN,chunk_11,119,GR,0.7920798080010647,96
er+randN,chunk_11,119,IPC,0.2996848520008652,96
er+randN,chunk_11,119,KR,0.8019062717610579,96
er+randN,chunk_11,119,MC,0.4698249410215497,96
er+randN,chunk_12,120,GR,0.7758760526974502,96
er+randN,chunk_12,120,IPC,0.32602279620658364,96
er+randN,chunk_12,120,KR,0.7873532092590605,96
er+randN,chunk_12,120,MC,0.4923593341854464,96
er+randN,chunk_12,121,GR,0.7902629294799373,96
er+randN,chunk_12,121,IPC,0.33771521313672265,96
er+randN,chunk_12,121,KR,0.7503273405764898,96
er+randN,chunk_12,121,MC,0.5061333765720448,96
er+randN,chunk_12,122,GR,0.7672634105382619,96
er+randN,chunk_12,122,IPC,0.35401109481026355,96
er+randN,chunk_12,122,KR,0.7800622271185461,96
er+randN,chunk_12,122,MC,0.5180130638779658,96
er+randN,chunk_12,123,GR,0.7706563771897608,96
er+randN,chunk_12,123,IPC,0.32211299997332205,96
er+randN,chunk_12,123,KR,0.775358290316408,96
er+randN,chunk_12,123,MC,0.4863153608482687,96
er+randN,chunk_12,124,GR,0.8016637950278874,96
er+randN,chunk_12,124,IPC,0.3035037954375745,96
er+randN,chunk_12,124,KR,0.8095375521952771,96
er+randN,chunk_12,124,MC,0.45103388564563235,96
er+randN,chunk_12,125,GR,0.791953618077354,96
er+randN,chunk_12,125,IPC,0.3138124728628156,96
er+randN,chunk_12,125,KR,0.7725018272332504,96
er+randN,chunk_12,125,MC,0.46302399918936754,96
er+randN,chunk_12,126,GR,0.7690467827090742,96
er+randN,chunk_12,126,IPC,0.3365602505034646,96
er+randN,chunk_12,126,KR,0.7817598655047091,96
er+randN,chunk_12,126,MC,0.497396311669244,96
er+randN,chunk_12,127,GR,0.7598416704993275,96
er+randN,chunk_12,127,IPC,0.3059550695476122,96
er+randN,chunk_12,127,KR,0.7671420535542515,96
er+randN,chunk_12,127,MC,0.45750299580201187,96
er+randN,chunk_12,128,GR,0.8068524466146424,96
er+randN,chunk_12,128,IPC,0.31258864725122965,96
er+randN,chunk_12,128,KR,0.7781579462930605,96
er+randN,chunk_12,128,MC,0.46846421625174717,96
er+randN,chunk_12,129,GR,0.7863522549910752,96
er+randN,chunk_12,129,IPC,0.3143107627163734,96
er+randN,chunk_12,129,KR,0.7948427468525993,96
er+randN,chunk_12,129,MC,0.482632659182073,96
er+randN,chunk_13,130,GR,0.7915572312503012,96
er+randN,chunk_13,130,IPC,0.30568248837005796,96
er+randN,chunk_13,130,KR,0.7768931384614268,96
er+randN,chunk_13,130,MC,0.47294130294385417,96
er+randN,chunk_13,131,GR,0.7671860721407011,96
er+randN,chunk_13,131,IPC,0.3508450355404611,96
er+randN,chunk_13,131,KR,0.7594769243964041,96
er+randN,chunk_13,131,MC,0.5226216572809561,96
er+randN,chunk_13,132,GR,0.7875843744805243,96
er+randN,chunk_13,132,IPC,0.35490264693391893,96
er+randN,chunk_13,132,KR,0.7368217836190435,96
er+randN,chunk_13,132,MC,0.4845017617427717,96
er+randN,chunk_13,133,GR,0.7344690416382144,96
er+randN,chunk_13,133,IPC,0.3104309625295366,96
er+randN,chunk_13,133,KR,0.7562800390203002,96
er+randN,chunk_13,133,MC,0.5209280264389482,96
er+randN,chunk_13,134,GR,0.7778112830259416,96
er+randN,chunk_13,134,IPC,0.2929035707148377,96
er+randN,chunk_13,134,KR,0.7776939354506668,96
er+randN,chunk_13,134,MC,0.45680434438502715,96
er+randN,chunk_13,135,GR,0.7663955200999861,96
er+randN,chunk_13,135,IPC,0.3315009338250411,96
er+randN,chunk_13,135,KR,0.7690118118351635,96
er+randN,chunk_13,135,MC,0.49940444958703856,96
er+randN,chunk_13,136,GR,0.7645326528605041,96
er+randN,chunk_13,136,IPC,0.315428475695584,96
er+randN,chunk_13,136,KR,0.7641582972397755,96
er+randN,chunk_13,136,MC,0.487876182548024,96
er+randN,chunk_13,137,GR,0.7718886779561865,96
er+randN,chunk_13,137,IPC,0.3380878307541275,96
er+randN,chunk_13,137,KR,0.753246587654828,96
er+randN,chunk_13,137,MC,0.5112909824658924,96
er+randN,chunk_13,138,GR,0.7741896025976447,96
er+randN,chunk_13,138,IPC,0.3466030728769004,96
er+randN,chunk_13,138,KR,0.7624043634935787,96
er+randN,chunk_13,138,MC,0.49767293093398196,96
er+randN,chunk_13,139,GR,0.7461762702643686,96
er+randN,chunk_13,139,IPC,0.3380591327286581,96
er+randN,chunk_13,139,KR,0.758301838453334,96
er+randN,chunk_13,139,MC,0.5186853916706232,96
er+randN,chunk_14,140,GR,0.7661098090347196,96
er+randN,chunk_14,140,IPC,0.3300387056199923,96
er+randN,chunk_14,140,KR,0.7727013688444143,96
er+randN,chunk_14,140,MC,0.4767926186662126,96
er+randN,chunk_14,141,GR,0.7575474270221478,96
er+randN,chunk_14,141,IPC,0.343666011752416,96
er+randN,chunk_14,141,KR,0.7736840508709721,96
er+randN,chunk_14,141,MC,0.49231011080603326,96
er+randN,chunk_14,142,GR,0.786299968722344,96
er+randN,chunk_14,142,IPC,0.2980272774315232,96
er+randN,chunk_14,142,KR,0.8031374859620821,96
er+randN,chunk_14,142,MC,0.48442858610087386,96
er+randN,chunk_14,143,GR,0.797606697862861,96
er+randN,chunk_14,143,IPC,0.33397320312746887,96
er+randN,chunk_14,143,KR,0.7754014216159164,96
er+randN,chunk_14,143,MC,0.5079714195065883,96
er+randN,chunk_14,144,GR,0.7758397035209085,96
er+randN,chunk_14,144,IPC,0.3283824710421847,96
er+randN,chunk_14,144,KR,0.7959911715700386,96
er+randN,chunk_14,144,MC,0.5108886575153486,96
er+randN,chunk_14,145,GR,0.7520604908338079,96
er+randN,chunk_14,145,IPC,0.32419858118364586,96
er+randN,chunk_14,145,KR,0.7502137171565962,96
er+randN,chunk_14,145,MC,0.49660387227851593,96
er+randN,chunk_14,146,GR,0.7695018991585514,96
er+randN,chunk_14,146,IPC,0.32686615067638336,96
er+randN,chunk_14,146,KR,0.7815284555337655,96
er+randN,chunk_14,146,MC,0.49792476317496354,96
er+randN,chunk_14,147,GR,0.7756344114148259,96
er+randN,chunk_14,147,IPC,0.32965437736870157,96
er+randN,chunk_14,147,KR,0.7737176772194859,96
er+randN,chunk_14,147,MC,0.4917883871307315,96
er+randN,chunk_14,148,GR,0.7713883850730605,96
er+randN,chunk_14,148,IPC,0.32033463337978946,96
er+randN,chunk_14,148,KR,0.7571261852283349,96
er+randN,chunk_14,148,MC,0.5003703545242767,96
er+randN,chunk_14,149,GR,0.8025708168227199,96
er+randN,chunk_14,149,IPC,0.32694209203667357,96
er+randN,chunk_14,149,KR,0.8017738361211583,96
er+randN,chunk_14,149,MC,0.49510679126562224,96
er+randN,chunk_15,150,GR,0.7688866672263627,96
er+randN,chunk_15,150,IPC,0.32437241015365087,96
er+randN,chunk_15,150,KR,0.7766561427013049,96
er+randN,chunk_15,150,MC,0.474920283181865,96
er+randN,chunk_15,151,GR,0.7468297421015587,96
er+randN,chunk_15,151,IPC,0.3122015295160267,96
er+randN,chunk_15,151,KR,0.7660563265521605,96
er+randN,chunk_15,151,MC,0.4703827014095372,96
er+randN,chunk_15,152,GR,0.7614800533489449,96
er+randN,chunk_15,152,IPC,0.35618303870080464,96
er+randN,chunk_15,152,KR,0.7607608563098885,96
er+randN,chunk_15,152,MC,0.49381478500887366,96
er+randN,chunk_15,153,GR,0.7622007939607671,96
er+randN,chunk_15,153,IPC,0.31197100522299137,96
er+randN,chunk_15,153,KR,0.7689469158468197,96
er+randN,chunk_15,153,MC,0.49029074732667915,96
er+randN,chunk_15,154,GR,0.789292715943117,96
er+randN,chunk_15,154,IPC,0.35185286503838364,96
er+randN,chunk_15,154,KR,0.7602921293638227,96
er+randN,chunk_15,154,MC,0.5140258042962733,96
er+randN,chunk_15,155,GR,0.7628289100457517,96
er+randN,chunk_15,155,IPC,0.335730943591851,96
er+randN,chunk_15,155,KR,0.7634521927593702,96
er+randN,chunk_15,155,MC,0.49244415598405705,96
er+randN,chunk_15,156,GR,0.7565469971139954,96
er+randN,chunk_15,156,IPC,0.3363994111259857,96
er+randN,chunk_15,156,KR,0.759396312124848,96
er+randN,chunk_15,156,MC,0.4909183130803782,96
er+randN,chunk_15,157,GR,0.7967370824284935,96
er+randN,chunk_15,157,IPC,0.29649773806759966,96
er+randN,chunk_15,157,KR,0.793192499336301,96
er+randN,chunk_15,157,MC,0.4705515618735893,96
er+randN,chunk_15,158,GR,0.7862306103672851,96
er+randN,chunk_15,158,IPC,0.33076535346545766,96
er+randN,chunk_15,158,KR,0.7940334663190401,96
er+randN,chunk_15,158,MC,0.49823593314764597,96
er+randN,chunk_15,159,GR,0.7803863356147932,96
er+randN,chunk_15,159,IPC,0.3327220181789687,96
er+randN,chunk_15,159,KR,0.7733186343198274,96
er+randN,chunk_15,159,MC,0.49179732880214333,96
er+randN,chunk_16,160,GR,0.7747939609994495,96
er+randN,chunk_16,160,IPC,0.3679591561945961,96
er+randN,chunk_16,160,KR,0.7754580881094022,96
er+randN,chunk_16,160,MC,0.5217199122323679,96
er+randN,chunk_16,161,GR,0.769417292740675,96
er+randN,chunk_16,161,IPC,0.37102082153408195,96
er+randN,chunk_16,161,KR,0.7625543144219888,96
er+randN,chunk_16,161,MC,0.5023244028436447,96
er+randN,chunk_16,162,GR,0.7836250741152371,96
er+randN,chunk_16,162,IPC,0.37981283284298417,96
er+randN,chunk_16,162,KR,0.7701154765687306,96
er+randN,chunk_16,162,MC,0.5493225359289955,96
er+randN,chunk_16,163,GR,0.7919332101610493,96
er+randN,chunk_16,163,IPC,0.3475785138183126,96
er+randN,chunk_16,163,KR,0.7715386355266339,96
er+randN,chunk_16,163,MC,0.5314890866497604,96
er+randN,chunk_16,164,GR,0.7520579797767019,96
er+randN,chunk_16,164,IPC,0.3692645945072497,96
er+randN,chunk_16,164,KR,0.76056285259419,96
er+randN,chunk_16,164,MC,0.5365121970083795,96
er+randN,chunk_16,165,GR,0.7630196742200734,96
er+randN,chunk_16,165,IPC,0.36245883435501863,96
er+randN,chunk_16,165,KR,0.7661390545777205,96
er+randN,chunk_16,165,MC,0.5207439586077857,96
er+randN,chunk_16,166,GR,0.7666287933955579,96
er+randN,chunk_16,166,IPC,0.3606080913756573,96
er+randN,chunk_16,166,KR,0.7680686108796608,96
er+randN,chunk_16,166,MC,0.5082541045798573,96
er+randN,chunk_16,167,GR,0.7953547016940294,96
er+randN,chunk_16,167,IPC,0.38479655761472537,96
er+randN,chunk_16,167,KR,0.771319470401891,96
er+randN,chunk_16,167,MC,0.5487322135210445,96
er+randN,chunk_16,168,GR,0.7743535113415745,96
er+randN,chunk_16,168,IPC,0.3589435803928678,96
er+randN,chunk_16,168,KR,0.7760410693062364,96
er+randN,chunk_16,168,MC,0.5324934750817881,96
er+randN,chunk_16,169,GR,0.7987170774707154,96
er+randN,chunk_16,169,IPC,0.3631844832819281,96
er+randN,chunk_16,169,KR,0.7927087873925405,96
er+randN,chunk_16,169,MC,0.5111920434276215,96
er+randN,chunk_17,170,GR,0.7985323122131274,96
er+randN,chunk_17,170,IPC,0.39695489103240983,96
er+randN,chunk_17,170,KR,0.7939040304290237,96
er+randN,chunk_17,170,MC,0.5336846250343713,96
er+randN,chunk_17,171,GR,0.775871478297522,96
er+randN,chunk_17,171,IPC,0.35818865151822793,96
er+randN,chunk_17,171,KR,0.7896291979321968,96
er+randN,chunk_17,171,MC,0.5244824751762365,96
er+randN,chunk_17,172,GR,0.7666142722533187,96
er+randN,chunk_17,172,IPC,0.3794588971942806,96
er+randN,chunk_17,172,KR,0.7580746207312741,96
er+randN,chunk_17,172,MC,0.5509682895381743,96
er+randN,chunk_17,173,GR,0.7925736026836774,96
er+randN,chunk_17,173,IPC,0.3350581984009909,96
er+randN,chunk_17,173,KR,0.7955816185691249,96
er+randN,chunk_17,173,MC,0.5040820440396867,96
er+randN,chunk_17,174,GR,0.7914194032108477,96
er+randN,chunk_17,174,IPC,0.3697805249150259,96
er+randN,chunk_17,174,KR,0.7753440572188031,96
er+randN,chunk_17,174,MC,0.5053372892092985,96
er+randN,chunk_17,175,GR,0.746973550982604,96
er+randN,chunk_17,175,IPC,0.37625241928205017,96
er+randN,chunk_17,175,KR,0.7709604177290326,96
er+randN,chunk_17,175,MC,0.5514122755781239,96
er+randN,chunk_17,176,GR,0.7718330203021402,96
er+randN,chunk_17,176,IPC,0.4057672267745388,96
er+randN,chunk_17,176,KR,0.7524778641300223,96
er+randN,chunk_17,176,MC,0.5566985725772797,96
er+randN,chunk_17,177,GR,0.7647720102066198,96
er+randN,chunk_17,177,IPC,0.3892511666928482,96
er+randN,chunk_17,177,KR,0.7774511033088919,96
er+randN,chunk_17,177,MC,0.5454762697168358,96
er+randN,chunk_17,178,GR,0.7658783340531268,96
er+randN,chunk_17,178,IPC,0.3735026755445578,96
er+randN,chunk_17,178,KR,0.7524518311553181,96
er+randN,chunk_17,178,MC,0.5457396766778557,96
er+randN,chunk_17,179,GR,0.7795729973047876,96
er+randN,chunk_17,179,IPC,0.36670367433335266,96
er+randN,chunk_17,179,KR,0.7575148779143827,96
er+randN,chunk_17,179,MC,0.5312417631952429,96
er+randN,chunk_18,180,GR,0.7644172466195289,96
er+randN,chunk_18,180,IPC,0.3709499936323885,96
er+randN,chunk_18,180,KR,0.7447448240262191,96
er+randN,chunk_18,180,MC,0.5422858329827355,96
er+randN,chunk_18,181,GR,0.7423080155185022,96
er+randN,chunk_18,181,IPC,0.37512905893807347,96
er+randN,chunk_18,181,KR,0.7520404791283034,96
er+randN,chunk_18,181,MC,0.523663408775071,96
er+randN,chunk_18,182,GR,0.786186020810657,96
er+randN,chunk_18,182,IPC,0.3757414797654514,96
er+randN,chunk_18,182,KR,0.7807011078381962,96
er+randN,chunk_18,182,MC,0.5367656410854339,96
er+randN,chunk_18,183,GR,0.7986420605736974,96
er+randN,chunk_18,183,IPC,0.35360150011880354,96
er+randN,chunk_18,183,KR,0.8063256188053702,96
er+randN,chunk_18,183,MC,0.49419387190533065,96
er+randN,chunk_18,184,GR,0.7879737596166617,96
er+randN,chunk_18,184,IPC,0.4168520822377911,96
er+randN,chunk_18,184,KR,0.7541121737134447,96
er+randN,chunk_18,184,MC,0.5629714773224205,96
er+randN,chunk_18,185,GR,0.7704573129900234,96
er+randN,chunk_18,185,IPC,0.38821128483760253,96
er+randN,chunk_18,185,KR,0.7479677855498487,96
er+randN,chunk_18,185,MC,0.5420372108657648,96
er+randN,chunk_18,186,GR,0.7679925105482148,96
er+randN,chunk_18,186,IPC,0.3742304720959347,96
er+randN,chunk_18,186,KR,0.770054894981818,96
er+randN,chunk_18,186,MC,0.5150966420521838,96
er+randN,chunk_18,187,GR,0.7735795989050945,96
er+randN,chunk_18,187,IPC,0.35503945121019587,96
er+randN,chunk_18,187,KR,0.7917433629818474,96
er+randN,chunk_18,187,MC,0.5301972976170272,96
er+randN,chunk_18,188,GR,0.7524831486305028,96
er+randN,chunk_18,188,IPC,0.3439518455208912,96
er+randN,chunk_18,188,KR,0.7648933571598723,96
er+randN,chunk_18,188,MC,0.5190024955789408,96
er+randN,chunk_18,189,GR,0.8062666447082468,96
er+randN,chunk_18,189,IPC,0.39976357965336384,96
er+randN,chunk_18,189,KR,0.773210886677038,96
er+randN,chunk_18,189,MC,0.5384905536412964,96
er+randN,chunk_19,190,GR,0.7760665266124189,96
er+randN,chunk_19,190,IPC,0.34320500408479065,96
er+randN,chunk_19,190,KR,0.7972805030311151,96
er+randN,chunk_19,190,MC,0.5205822433164834,96
er+randN,chunk_19,191,GR,0.7577065772342573,96
er+randN,chunk_19,191,IPC,0.37887752307169004,96
er+randN,chunk_19,191,KR,0.7601973828674865,96
er+randN,chunk_19,191,MC,0.540360349100911,96
er+randN,chunk_19,192,GR,0.781791853447348,96
er+randN,chunk_19,192,IPC,0.3637645383992586,96
er+randN,chunk_19,192,KR,0.7839373711628622,96
er+randN,chunk_19,192,MC,0.5270179988597384,96
er+randN,chunk_19,193,GR,0.769357663417637,96
er+randN,chunk_19,193,IPC,0.3603943058966832,96
er+randN,chunk_19,193,KR,0.7763253597197561,96
er+randN,chunk_19,193,MC,0.5205914737115404,96
er+randN,chunk_19,194,GR,0.7755274604328051,96
er+randN,chunk_19,194,IPC,0.3681032362396837,96
er+randN,chunk_19,194,KR,0.7607697998473519,96
er+randN,chunk_19,194,MC,0.5240772124404061,96
er+randN,chunk_19,195,GR,0.8017290534056268,96
er+randN,chunk_19,195,IPC,0.36313516516276134,96
er+randN,chunk_19,195,KR,0.7833715656508197,96
er+randN,chunk_19,195,MC,0.5137177461813799,96
er+randN,chunk_19,196,GR,0.7923523701250993,96
er+randN,chunk_19,196,IPC,0.3677846474622523,96
er+randN,chunk_19,196,KR,0.8150622303154416,96
er+randN,chunk_19,196,MC,0.5308126423550847,96
er+randN,chunk_19,197,GR,0.7585315772187413,96
er+randN,chunk_19,197,IPC,0.37492642953171773,96
er+randN,chunk_19,197,KR,0.7423644837869223,96
er+randN,chunk_19,197,MC,0.5127927034692187,96
er+randN,chunk_19,198,GR,0.7576987953518528,96
er+randN,chunk_19,198,IPC,0.37714988764540985,96
er+randN,chunk_19,198,KR,0.7419270530479954,96
er+randN,chunk_19,198,MC,0.526914405398359,96
er+randN,chunk_19,199,GR,0.7917572640764662,96
er+randN,chunk_19,199,IPC,0.39122783036201625,96
er+randN,chunk_19,199,KR,0.7792571299850779,96
er+randN,chunk_19,199,MC,0.5294724993385597,96
er+randN,chunk_2,20,GR,0.7661751622617695,96
er+randN,chunk_2,20,IPC,0.30977251056033506,96
er+randN,chunk_2,20,KR,0.7692037614651415,96
er+randN,chunk_2,20,MC,0.4804304628258328,96
er+randN,chunk_2,21,GR,0.7795551645234315,96
er+randN,chunk_2,21,IPC,0.3453552048175946,96
er+randN,chunk_2,21,KR,0.7769352676454621,96
er+randN,chunk_2,21,MC,0.5095690754308504,96
er+randN,chunk_2,22,GR,0.7849247382119253,96
er+randN,chunk_2,22,IPC,0.3189143356804934,96
er+randN,chunk_2,22,KR,0.7772801249341534,96
er+randN,chunk_2,22,MC,0.49708561514608296,96
er+randN,chunk_2,23,GR,0.785451701826282,96
er+randN,chunk_2,23,IPC,0.30545924298489346,96
er+randN,chunk_2,23,KR,0.7932178369615738,96
er+randN,chunk_2,23,MC,0.48150549040705753,96
er+randN,chunk_2,24,GR,0.7636446036127988,96
er+randN,chunk_2,24,IPC,0.34144723038558844,96
er+randN,chunk_2,24,KR,0.7588285212802739,96
er+randN,chunk_2,24,MC,0.5093014134602383,96
er+randN,chunk_2,25,GR,0.7579613568214135,96
er+randN,chunk_2,25,IPC,0.31034326854828403,96
er+randN,chunk_2,25,KR,0.7661482140348388,96
er+randN,chunk_2,25,MC,0.4769941860792565,96
er+randN,chunk_2,26,GR,0.7643148484363652,96
er+randN,chunk_2,26,IPC,0.3271278012235604,96
er+randN,chunk_2,26,KR,0.7543062222685029,96
er+randN,chunk_2,26,MC,0.4954843291557645,96
er+randN,chunk_2,27,GR,0.7541135684881624,96
er+randN,chunk_2,27,IPC,0.331701639767591,96
er+randN,chunk_2,27,KR,0.7490517886817951,96
er+randN,chunk_2,27,MC,0.5063555395107617,96
er+randN,chunk_2,28,GR,0.7674935607336185,96
er+randN,chunk_2,28,IPC,0.3276267069418861,96
er+randN,chunk_2,28,KR,0.7809345910898753,96
er+randN,chunk_2,28,MC,0.48153438178369995,96
er+randN,chunk_2,29,GR,0.7537282134274551,96
er+randN,chunk_2,29,IPC,0.32314894981056885,96
er+randN,chunk_2,29,KR,0.7684498002524821,96
er+randN,chunk_2,29,MC,0.4944339736779457,96
er+randN,chunk_3,30,GR,0.7906227328143639,96
er+randN,chunk_3,30,IPC,0.3268724608714048,96
er+randN,chunk_3,30,KR,0.7799040860290025,96
er+randN,chunk_3,30,MC,0.5048558049745816,96
er+randN,chunk_3,31,GR,0.7736262964758593,96
er+randN,chunk_3,31,IPC,0.3352919344207809,96
er+randN,chunk_3,31,KR,0.7622497334224535,96
er+randN,chunk_3,31,MC,0.47666873960531025,96
er+randN,chunk_3,32,GR,0.782583269096399,96
er+randN,chunk_3,32,IPC,0.32224338183519996,96
er+randN,chunk_3,32,KR,0.7961145512050185,96
er+randN,chunk_3,32,MC,0.46308567200605855,96
er+randN,chunk_3,33,GR,0.7974310390615069,96
er+randN,chunk_3,33,IPC,0.32208886431680595,96
er+randN,chunk_3,33,KR,0.7635935256235039,96
er+randN,chunk_3,33,MC,0.4666651850359707,96
er+randN,chunk_3,34,GR,0.7646145260800504,96
er+randN,chunk_3,34,IPC,0.33653380972414854,96
er+randN,chunk_3,34,KR,0.7467646432850148,96
er+randN,chunk_3,34,MC,0.4997842331737245,96
er+randN,chunk_3,35,GR,0.7902759155496419,96
er+randN,chunk_3,35,IPC,0.32862616230036085,96
er+randN,chunk_3,35,KR,0.7687878022338113,96
er+randN,chunk_3,35,MC,0.49251152622198074,96
er+randN,chunk_3,36,GR,0.7376533893832566,96
er+randN,chunk_3,36,IPC,0.33581644968915897,96
er+randN,chunk_3,36,KR,0.7639010157797691,96
er+randN,chunk_3,36,MC,0.5014769214347289,96
er+randN,chunk_3,37,GR,0.7636692675288574,96
er+randN,chunk_3,37,IPC,0.34264436154547356,96
er+randN,chunk_3,37,KR,0.7616769375113116,96
er+randN,chunk_3,37,MC,0.5073431366004509,96
er+randN,chunk_3,38,GR,0.769942933665969,96
er+randN,chunk_3,38,IPC,0.3211965759436757,96
er+randN,chunk_3,38,KR,0.7822049008403484,96
er+randN,chunk_3,38,MC,0.5062312540152571,96
er+randN,chunk_3,39,GR,0.7681724298880456,96
er+randN,chunk_3,39,IPC,0.34214919527801085,96
er+randN,chunk_3,39,KR,0.7753250872780688,96
er+randN,chunk_3,39,MC,0.5038163510515992,96
er+randN,chunk_4,40,GR,0.7615004848992103,96
er+randN,chunk_4,40,IPC,0.34266261885984584,96
er+randN,chunk_4,40,KR,0.7676756091574483,96
er+randN,chunk_4,40,MC,0.5144686962895781,96
er+randN,chunk_4,41,GR,0.7291938784762484,96
er+randN,chunk_4,41,IPC,0.31821522933043517,96
er+randN,chunk_4,41,KR,0.7318204834682052,96
er+randN,chunk_4,41,MC,0.4932886344892997,96
er+randN,chunk_4,42,GR,0.7349672424802896,96
er+randN,chunk_4,42,IPC,0.3067847574078952,96
er+randN,chunk_4,42,KR,0.7528620742854525,96
er+randN,chunk_4,42,MC,0.47103447390913783,96
er+randN,chunk_4,43,GR,0.7959045628482633,96
er+randN,chunk_4,43,IPC,0.3341988432747763,96
er+randN,chunk_4,43,KR,0.7938408411489274,96
er+randN,chunk_4,43,MC,0.5063586492562377,96
er+randN,chunk_4,44,GR,0.7649118234778165,96
er+randN,chunk_4,44,IPC,0.32860892151072263,96
er+randN,chunk_4,44,KR,0.7788553490553579,96
er+randN,chunk_4,44,MC,0.4785008776645591,96
er+randN,chunk_4,45,GR,0.7657785277816187,96
er+randN,chunk_4,45,IPC,0.3188934116897054,96
er+randN,chunk_4,45,KR,0.7687922749685663,96
er+randN,chunk_4,45,MC,0.4805026923205228,96
er+randN,chunk_4,46,GR,0.768563133902433,96
er+randN,chunk_4,46,IPC,0.34688227483326023,96
er+randN,chunk_4,46,KR,0.7484311322698991,96
er+randN,chunk_4,46,MC,0.4949939394115953,96
er+randN,chunk_4,47,GR,0.7702834623475655,96
er+randN,chunk_4,47,IPC,0.35088984792198397,96
er+randN,chunk_4,47,KR,0.772878936075614,96
er+randN,chunk_4,47,MC,0.5083441359915492,96
er+randN,chunk_4,48,GR,0.755614636711543,96
er+randN,chunk_4,48,IPC,0.3007731362617269,96
er+randN,chunk_4,48,KR,0.7686227578074396,96
er+randN,chunk_4,48,MC,0.4788450140502704,96
er+randN,chunk_4,49,GR,0.7784972245612598,96
er+randN,chunk_4,49,IPC,0.3185901585102386,96
er+randN,chunk_4,49,KR,0.7962607586541437,96
er+randN,chunk_4,49,MC,0.4730830825610348,96
er+randN,chunk_5,50,GR,0.7699429905195572,96
er+randN,chunk_5,50,IPC,0.34752493906325643,96
er+randN,chunk_5,50,KR,0.7690293052725163,96
er+randN,chunk_5,50,MC,0.5077587615054814,96
er+randN,chunk_5,51,GR,0.7800935381979465,96
er+randN,chunk_5,51,IPC,0.32654174888980075,96
er+randN,chunk_5,51,KR,0.767232145097024,96
er+randN,chunk_5,51,MC,0.49251512728458696,96
er+randN,chunk_5,52,GR,0.7630383127241478,96
er+randN,chunk_5,52,IPC,0.3420395408859259,96
er+randN,chunk_5,52,KR,0.765904698727291,96
er+randN,chunk_5,52,MC,0.49987845509891615,96
er+randN,chunk_5,53,GR,0.7436160190304858,96
er+randN,chunk_5,53,IPC,0.31606883966204163,96
er+randN,chunk_5,53,KR,0.7448120534407334,96
er+randN,chunk_5,53,MC,0.47163825286165506,96
er+randN,chunk_5,54,GR,0.7718662404677766,96
er+randN,chunk_5,54,IPC,0.35011397644278097,96
er+randN,chunk_5,54,KR,0.7830508982597478,96
er+randN,chunk_5,54,MC,0.4970458517958925,96
er+randN,chunk_5,55,GR,0.7648627477786379,96
er+randN,chunk_5,55,IPC,0.3317097119155083,96
er+randN,chunk_5,55,KR,0.7807058111100648,96
er+randN,chunk_5,55,MC,0.500587484211739,96
er+randN,chunk_5,56,GR,0.7673936148966704,96
er+randN,chunk_5,56,IPC,0.33102392371393097,96
er+randN,chunk_5,56,KR,0.7815670825418831,96
er+randN,chunk_5,56,MC,0.5004796573023014,96
er+randN,chunk_5,57,GR,0.7451417818930594,96
er+randN,chunk_5,57,IPC,0.3348480142143718,96
er+randN,chunk_5,57,KR,0.7624341007935704,96
er+randN,chunk_5,57,MC,0.50255895997288,96
er+randN,chunk_5,58,GR,0.7558392156635774,96
er+randN,chunk_5,58,IPC,0.3440875360797513,96
er+randN,chunk_5,58,KR,0.7551601361649942,96
er+randN,chunk_5,58,MC,0.5261674079578581,96
er+randN,chunk_5,59,GR,0.7819062253784415,96
er+randN,chunk_5,59,IPC,0.34528455884134845,96
er+randN,chunk_5,59,KR,0.7763267097194722,96
er+randN,chunk_5,59,MC,0.5159474493333319,96
er+randN,chunk_6,60,GR,0.7837940899907803,96
er+randN,chunk_6,60,IPC,0.3244772443546352,96
er+randN,chunk_6,60,KR,0.7946807422438695,96
er+randN,chunk_6,60,MC,0.4911099907449667,96
er+randN,chunk_6,61,GR,0.7539710442844515,96
er+randN,chunk_6,61,IPC,0.3349778036410181,96
er+randN,chunk_6,61,KR,0.7657654047944896,96
er+randN,chunk_6,61,MC,0.5102391428181653,96
er+randN,chunk_6,62,GR,0.7808887082429725,96
er+randN,chunk_6,62,IPC,0.3338877806275329,96
er+randN,chunk_6,62,KR,0.7790944297768031,96
er+randN,chunk_6,62,MC,0.5046203923575932,96
er+randN,chunk_6,63,GR,0.7613543333601513,96
er+randN,chunk_6,63,IPC,0.3148909305560855,96
er+randN,chunk_6,63,KR,0.7675179896611785,96
er+randN,chunk_6,63,MC,0.49649571543735305,96
er+randN,chunk_6,64,GR,0.7955310289143873,96
er+randN,chunk_6,64,IPC,0.3502574485848511,96
er+randN,chunk_6,64,KR,0.7650639448973842,96
er+randN,chunk_6,64,MC,0.509179394296518,96
er+randN,chunk_6,65,GR,0.7708869712485453,96
er+randN,chunk_6,65,IPC,0.3333979550905991,96
er+randN,chunk_6,65,KR,0.7653972884301431,96
er+randN,chunk_6,65,MC,0.5079085011778524,96
er+randN,chunk_6,66,GR,0.7708462712559412,96
er+randN,chunk_6,66,IPC,0.3359109193529501,96
er+randN,chunk_6,66,KR,0.7705581777184901,96
er+randN,chunk_6,66,MC,0.507579728937631,96
er+randN,chunk_6,67,GR,0.7704005941502724,96
er+randN,chunk_6,67,IPC,0.34731766519746177,96
er+randN,chunk_6,67,KR,0.7580357957060038,96
er+randN,chunk_6,67,MC,0.5120973643294374,96
er+randN,chunk_6,68,GR,0.7903679001785071,96
er+randN,chunk_6,68,IPC,0.33898827900706957,96
er+randN,chunk_6,68,KR,0.7539839357815377,96
er+randN,chunk_6,68,MC,0.4811388933415866,96
er+randN,chunk_6,69,GR,0.7621173555774935,96
er+randN,chunk_6,69,IPC,0.3253767608735211,96
er+randN,chunk_6,69,KR,0.7431205677504586,96
er+randN,chunk_6,69,MC,0.4915076516812575,96
er+randN,chunk_7,70,GR,0.7713371838351,96
er+randN,chunk_7,70,IPC,0.3472662925198574,96
er+randN,chunk_7,70,KR,0.7855909042544675,96
er+randN,chunk_7,70,MC,0.5118846265443113,96
er+randN,chunk_7,71,GR,0.7935887526540878,96
er+randN,chunk_7,71,IPC,0.3337542784675003,96
er+randN,chunk_7,71,KR,0.7895837359064718,96
er+randN,chunk_7,71,MC,0.512731335395749,96
er+randN,chunk_7,72,GR,0.7940891458823125,96
er+randN,chunk_7,72,IPC,0.3198912611834577,96
er+randN,chunk_7,72,KR,0.7978622179402074,96
er+randN,chunk_7,72,MC,0.4829234802338568,96
er+randN,chunk_7,73,GR,0.7732132898606762,96
er+randN,chunk_7,73,IPC,0.3128369204570081,96
er+randN,chunk_7,73,KR,0.7808787002657435,96
er+randN,chunk_7,73,MC,0.4730529243150996,96
er+randN,chunk_7,74,GR,0.7592590622362286,96
er+randN,chunk_7,74,IPC,0.33368846003353253,96
er+randN,chunk_7,74,KR,0.773939545528349,96
er+randN,chunk_7,74,MC,0.5017022260526776,96
er+randN,chunk_7,75,GR,0.7695689634523701,96
er+randN,chunk_7,75,IPC,0.3189735899582042,96
er+randN,chunk_7,75,KR,0.7631825923955582,96
er+randN,chunk_7,75,MC,0.4796626148357876,96
er+randN,chunk_7,76,GR,0.7888435090768764,96
er+randN,chunk_7,76,IPC,0.33122846669788425,96
er+randN,chunk_7,76,KR,0.7798676757501455,96
er+randN,chunk_7,76,MC,0.47380471209339065,96
er+randN,chunk_7,77,GR,0.7631543277808943,96
er+randN,chunk_7,77,IPC,0.31327211269787425,96
er+randN,chunk_7,77,KR,0.7446660903997931,96
er+randN,chunk_7,77,MC,0.4875101714507398,96
er+randN,chunk_7,78,GR,0.7727122600910226,96
er+randN,chunk_7,78,IPC,0.3295053067537558,96
er+randN,chunk_7,78,KR,0.7630843267592614,96
er+randN,chunk_7,78,MC,0.4887105995635423,96
er+randN,chunk_7,79,GR,0.7605657873411332,96
er+randN,chunk_7,79,IPC,0.32914948019054047,96
er+randN,chunk_7,79,KR,0.7732907787343968,96
er+randN,chunk_7,79,MC,0.48390264926069004,96
er+randN,chunk_8,80,GR,0.74333930098438,96
er+randN,chunk_8,80,IPC,0.30834457568598284,96
er+randN,chunk_8,80,KR,0.7353081863320676,96
er+randN,chunk_8,80,MC,0.46737847468112886,96
er+randN,chunk_8,81,GR,0.7766111190171471,96
er+randN,chunk_8,81,IPC,0.3221732231840943,96
er+randN,chunk_8,81,KR,0.7891220147392012,96
er+randN,chunk_8,81,MC,0.4750640979558072,96
er+randN,chunk_8,82,GR,0.7743132362148335,96
er+randN,chunk_8,82,IPC,0.3400696310295507,96
er+randN,chunk_8,82,KR,0.796205285315253,96
er+randN,chunk_8,82,MC,0.4958280547202303,96
er+randN,chunk_8,83,GR,0.7266020466784353,96
er+randN,chunk_8,83,IPC,0.34472302311828573,96
er+randN,chunk_8,83,KR,0.7342911544457073,96
er+randN,chunk_8,83,MC,0.5189054603943125,96
er+randN,chunk_8,84,GR,0.8128623590768156,96
er+randN,chunk_8,84,IPC,0.328400812134102,96
er+randN,chunk_8,84,KR,0.7928762265646372,96
er+randN,chunk_8,84,MC,0.46907135269673744,96
er+randN,chunk_8,85,GR,0.7980686575292678,96
er+randN,chunk_8,85,IPC,0.33791248920835,96
er+randN,chunk_8,85,KR,0.7988858369267752,96
er+randN,chunk_8,85,MC,0.513291209854936,96
er+randN,chunk_8,86,GR,0.8098249121006447,96
er+randN,chunk_8,86,IPC,0.350256778145934,96
er+randN,chunk_8,86,KR,0.7921695292412195,96
er+randN,chunk_8,86,MC,0.47311385112434284,96
er+randN,chunk_8,87,GR,0.7557749935133048,96
er+randN,chunk_8,87,IPC,0.3336860133715464,96
er+randN,chunk_8,87,KR,0.768147300610395,96
er+randN,chunk_8,87,MC,0.4886906517078299,96
er+randN,chunk_8,88,GR,0.7429306730279382,96
er+randN,chunk_8,88,IPC,0.3265362249584603,96
er+randN,chunk_8,88,KR,0.7569926408486617,96
er+randN,chunk_8,88,MC,0.5032748332032426,96
er+randN,chunk_8,89,GR,0.7824060271650409,96
er+randN,chunk_8,89,IPC,0.3521164521617872,96
er+randN,chunk_8,89,KR,0.7824355495593656,96
er+randN,chunk_8,89,MC,0.4893735249742664,96
er+randN,chunk_9,90,GR,0.766665465219711,96
er+randN,chunk_9,90,IPC,0.33537522108041,96
er+randN,chunk_9,90,KR,0.7513935228063042,96
er+randN,chunk_9,90,MC,0.47785449052188905,96
er+randN,chunk_9,91,GR,0.7762825430114183,96
er+randN,chunk_9,91,IPC,0.32445530562148006,96
er+randN,chunk_9,91,KR,0.7849446981750311,96
er+randN,chunk_9,91,MC,0.5046014499220876,96
er+randN,chunk_9,92,GR,0.7967757293968272,96
er+randN,chunk_9,92,IPC,0.32324895151675065,96
er+randN,chunk_9,92,KR,0.7661542612787724,96
er+randN,chunk_9,92,MC,0.5038989236245152,96
er+randN,chunk_9,93,GR,0.7826281081883864,96
er+randN,chunk_9,93,IPC,0.32485712016380686,96
er+randN,chunk_9,93,KR,0.7628579346505581,96
er+randN,chunk_9,93,MC,0.47202156463107053,96
er+randN,chunk_9,94,GR,0.7546970289594354,96
er+randN,chunk_9,94,IPC,0.31879976913592245,96
er+randN,chunk_9,94,KR,0.7714259328314116,96
er+randN,chunk_9,94,MC,0.4715807209454553,96
er+randN,chunk_9,95,GR,0.7740812406083823,96
er+randN,chunk_9,95,IPC,0.31669274814498266,96
er+randN,chunk_9,95,KR,0.7890266493143888,96
er+randN,chunk_9,95,MC,0.4965809523827999,96
er+randN,chunk_9,96,GR,0.7568297766726582,96
er+randN,chunk_9,96,IPC,0.3267321843970819,96
er+randN,chunk_9,96,KR,0.7631333559342178,96
er+randN,chunk_9,96,MC,0.4993539329422678,96
er+randN,chunk_9,97,GR,0.8052069487100648,96
er+randN,chunk_9,97,IPC,0.3355629918339076,96
er+randN,chunk_9,97,KR,0.7618436309545566,96
er+randN,chunk_9,97,MC,0.4899056939857991,96
er+randN,chunk_9,98,GR,0.7745127858082245,96
er+randN,chunk_9,98,IPC,0.3412664550302497,96
er+randN,chunk_9,98,KR,0.7586011656129623,96
er+randN,chunk_9,98,MC,0.5085731874579117,96
er+randN,chunk_9,99,GR,0.7873715832632555,96
er+randN,chunk_9,99,IPC,0.3286944441943758,96
er+randN,chunk_9,99,KR,0.7576286577523564,96
er+randN,chunk_9,99,MC,0.48150299403244967,96
global_sign_pres,chunk_0,0,GR,0.608142135121177,96
global_sign_pres,chunk_0,0,IPC,0.2766582819243197,96
global_sign_pres,chunk_0,0,KR,0.38675360663846614,96
global_sign_pres,chunk_0,0,MC,0.3272203451320547,96
global_sign_pres,chunk_0,1,GR,0.6057375387443428,96
global_sign_pres,chunk_0,1,IPC,0.3111202594806463,96
global_sign_pres,chunk_0,1,KR,0.3881252495377039,96
global_sign_pres,chunk_0,1,MC,0.35654070086202955,96
global_sign_pres,chunk_0,2,GR,0.6140450704572251,96
global_sign_pres,chunk_0,2,IPC,0.3464056142826881,96
global_sign_pres,chunk_0,2,KR,0.3991310106602398,96
global_sign_pres,chunk_0,2,MC,0.35914745059591774,96
global_sign_pres,chunk_0,3,GR,0.60200177780975,96
global_sign_pres,chunk_0,3,IPC,0.2924471087839533,96
global_sign_pres,chunk_0,3,KR,0.390602021216943,96
global_sign_pres,chunk_0,3,MC,0.3387611653221757,96
global_sign_pres,chunk_0,4,GR,0.6184248334952688,96
global_sign_pres,chunk_0,4,IPC,0.3188202390530091,96
global_sign_pres,chunk_0,4,KR,0.42293383861256084,96
global_sign_pres,chunk_0,4,MC,0.36497877700623443,96
global_sign_pres,chunk_0,5,GR,0.6304316430529745,96
global_sign_pres,chunk_0,5,IPC,0.2958171991197788,96
global_sign_pres,chunk_0,5,KR,0.42548796490430146,96
global_sign_pres,chunk_0,5,MC,0.3231840599183127,96
global_sign_pres,chunk_0,6,GR,0.6268664052490849,96
global_sign_pres,chunk_0,6,IPC,0.2948275236249602,96
global_sign_pres,chunk_0,6,KR,0.4189659903407222,96
global_sign_pres,chunk_0,6,MC,0.3480194667842873,96
global_sign_pres,chunk_0,7,GR,0.6076966080733229,96
global_sign_pres,chunk_0,7,IPC,0.3501413625573176,96
global_sign_pres,chunk_0,7,KR,0.3999064827439097,96
global_sign_pres,chunk_0,7,MC,0.37881815751161163,96
global_sign_pres,chunk_0,8,GR,0.6272065928367017,96
global_sign_pres,chunk_0,8,IPC,0.32838233339135364,96
global_sign_pres,chunk_0,8,KR,0.41476926179218665,96
global_sign_pres,chunk_0,8,MC,0.3681937109928038,96
global_sign_pres,chunk_0,9,GR,0.6315359616280727,96
global_sign_pres,chunk_0,9,IPC,0.2890789726491482,96
global_sign_pres,chunk_0,9,KR,0.4195581463700514,96
global_sign_pres,chunk_0,9,MC,0.3468182311690768,96
global_sign_pres,chunk_1,10,GR,0.6401375886799452,96
global_sign_pres,chunk_1,10,IPC,0.2902888012052857,96
global_sign_pres,chunk_1,10,KR,0.4296613987406177,96
global_sign_pres,chunk_1,10,MC,0.3588330615255681,96
global_sign_pres,chunk_1,11,GR,0.60944454598649,96
global_sign_pres,chunk_1,11,IPC,0.2868316300625688,96
global_sign_pres,chunk_1,11,KR,0.40036390416693707,96
global_sign_pres,chunk_1,11,MC,0.3288306099276925,96
global_sign_pres,chunk_1,12,GR,0.6091403401522937,96
global_sign_pres,chunk_1,12,IPC,0.33296872132014554,96
global_sign_pres,chunk_1,12,KR,0.4009807616435355,96
global_sign_pres,chunk_1,12,MC,0.39726127615262447,96
global_sign_pres,chunk_1,13,GR,0.6188732454868248,96
global_sign_pres,chunk_1,13,IPC,0.2830382716860507,96
global_sign_pres,chunk_1,13,KR,0.40884296000326953,96
global_sign_pres,chunk_1,13,MC,0.33576331961067774,96
global_sign_pres,chunk_1,14,GR,0.6123665271334506,96
global_sign_pres,chunk_1,14,IPC,0.3347028462723018,96
global_sign_pres,chunk_1,14,KR,0.3991477651476012,96
global_sign_pres,chunk_1,14,MC,0.35225341226728646,96
global_sign_pres,chunk_1,15,GR,0.5900058887933225,96
global_sign_pres,chunk_1,15,IPC,0.30066054917702034,96
global_sign_pres,chunk_1,15,KR,0.378868271070532,96
global_sign_pres,chunk_1,15,MC,0.37275642674464066,96
global_sign_pres,chunk_1,16,GR,0.6180846507714935,96
global_sign_pres,chunk_1,16,IPC,0.35254862540367204,96
global_sign_pres,chunk_1,16,KR,0.4147074045456414,96
global_sign_pres,chunk_1,16,MC,0.39719420740462247,96
global_sign_pres,chunk_1,17,GR,0.6168025177515624,96
global_sign_pres,chunk_1,17,IPC,0.3214729672728408,96
global_sign_pres,chunk_1,17,KR,0.40118903669802114,96
global_sign_pres,chunk_1,17,MC,0.37251431638253374,96
global_sign_pres,chunk_1,18,GR,0.6214051725682093,96
global_sign_pres,chunk_1,18,IPC,0.3051199818828571,96
global_sign_pres,chunk_1,18,KR,0.4173462251474852,96
global_sign_pres,chunk_1,18,MC,0.3155611880464166,96
global_sign_pres,chunk_1,19,GR,0.6403594635872182,96
global_sign_pres,chunk_1,19,IPC,0.31523323960037186,96
global_sign_pres,chunk_1,19,KR,0.4463641583705477,96
global_sign_pres,chunk_1,19,MC,0.3383794400116901,96
global_sign_pres,chunk_10,100,GR,0.6139015748223289,96
global_sign_pres,chunk_10,100,IPC,0.3389772004518321,96
global_sign_pres,chunk_10,100,KR,0.3967608847100254,96
global_sign_pres,chunk_10,100,MC,0.3641075577478124,96
global_sign_pres,chunk_10,101,GR,0.6533213911536151,96
global_sign_pres,chunk_10,101,IPC,0.2983863988584012,96
global_sign_pres,chunk_10,101,KR,0.45233832733765095,96
global_sign_pres,chunk_10,101,MC,0.347946872723501,96
global_sign_pres,chunk_10,102,GR,0.5717719563892331,96
global_sign_pres,chunk_10,102,IPC,0.32389629416880467,96
global_sign_pres,chunk_10,102,KR,0.372741555295209,96
global_sign_pres,chunk_10,102,MC,0.3891649640310478,96
global_sign_pres,chunk_10,103,GR,0.6232331415876811,96
global_sign_pres,chunk_10,103,IPC,0.3010077316346658,96
global_sign_pres,chunk_10,103,KR,0.4205702589172472,96
global_sign_pres,chunk_10,103,MC,0.35163263924692906,96
global_sign_pres,chunk_10,104,GR,0.5998570188140107,96
global_sign_pres,chunk_10,104,IPC,0.3076134997186183,96
global_sign_pres,chunk_10,104,KR,0.39448557929013933,96
global_sign_pres,chunk_10,104,MC,0.35868607288866006,96
global_sign_pres,chunk_10,105,GR,0.6106101694037311,96
global_sign_pres,chunk_10,105,IPC,0.337678948029667,96
global_sign_pres,chunk_10,105,KR,0.403330580707515,96
global_sign_pres,chunk_10,105,MC,0.42241819141007375,96
global_sign_pres,chunk_10,106,GR,0.6269183374176795,96
global_sign_pres,chunk_10,106,IPC,0.3031018394992063,96
global_sign_pres,chunk_10,106,KR,0.42205228946187917,96
global_sign_pres,chunk_10,106,MC,0.37770695148895567,96
global_sign_pres,chunk_10,107,GR,0.6125934249513998,96
global_sign_pres,chunk_10,107,IPC,0.32588531508875007,96
global_sign_pres,chunk_10,107,KR,0.41243394760421415,96
global_sign_pres,chunk_10,107,MC,0.3739448195307697,96
global_sign_pres,chunk_10,108,GR,0.6260403468003684,96
global_sign_pres,chunk_10,108,IPC,0.2914415564260927,96
global_sign_pres,chunk_10,108,KR,0.41584006351842434,96
global_sign_pres,chunk_10,108,MC,0.3455045263194034,96
global_sign_pres,chunk_10,109,GR,0.6230367955550085,96
global_sign_pres,chunk_10,109,IPC,0.307947697324067,96
global_sign_pres,chunk_10,109,KR,0.41247313644094624,96
global_sign_pres,chunk_10,109,MC,0.35611785893790215,96
global_sign_pres,chunk_11,110,GR,0.5743507122461587,96
global_sign_pres,chunk_11,110,IPC,0.28214828391244673,96
global_sign_pres,chunk_11,110,KR,0.35966673301478214,96
global_sign_pres,chunk_11,110,MC,0.3491947388767045,96
global_sign_pres,chunk_11,111,GR,0.6351754705155005,96
global_sign_pres,chunk_11,111,IPC,0.30698226904924425,96
global_sign_pres,chunk_11,111,KR,0.4370182475313015,96
global_sign_pres,chunk_11,111,MC,0.33221577900648597,96
global_sign_pres,chunk_11,112,GR,0.6384070407971308,96
global_sign_pres,chunk_11,112,IPC,0.3144163933663802,96
global_sign_pres,chunk_11,112,KR,0.43067637446198637,96
global_sign_pres,chunk_11,112,MC,0.3634887525103817,96
global_sign_pres,chunk_11,113,GR,0.6084385748392735,96
global_sign_pres,chunk_11,113,IPC,0.3024980683929131,96
global_sign_pres,chunk_11,113,KR,0.3904680241036807,96
global_sign_pres,chunk_11,113,MC,0.3693366768857541,96
global_sign_pres,chunk_11,114,GR,0.6332917511540642,96
global_sign_pres,chunk_11,114,IPC,0.32159882255471145,96
global_sign_pres,chunk_11,114,KR,0.4247032426395907,96
global_sign_pres,chunk_11,114,MC,0.3618448072251445,96
global_sign_pres,chunk_11,115,GR,0.6604999119661376,96
global_sign_pres,chunk_11,115,IPC,0.2922563870325828,96
global_sign_pres,chunk_11,115,KR,0.4616611972651908,96
global_sign_pres,chunk_11,115,MC,0.35971087496507226,96
global_sign_pres,chunk_11,116,GR,0.6440611883366162,96
global_sign_pres,chunk_11,116,IPC,0.320231877129292,96
global_sign_pres,chunk_11,116,KR,0.4474939716903334,96
global_sign_pres,chunk_11,116,MC,0.32736347875459104,96
global_sign_pres,chunk_11,117,GR,0.5733256727374046,96
global_sign_pres,chunk_11,117,IPC,0.32505778569333954,96
global_sign_pres,chunk_11,117,KR,0.36156534032753035,96
global_sign_pres,chunk_11,117,MC,0.37024292767110706,96
global_sign_pres,chunk_11,118,GR,0.621551402773698,96
global_sign_pres,chunk_11,118,IPC,0.2864256792117721,96
global_sign_pres,chunk_11,118,KR,0.40820837263572907,96
global_sign_pres,chunk_11,118,MC,0.3476088299832839,96
global_sign_pres,chunk_11,119,GR,0.5990895231346236,96
global_sign_pres,chunk_11,119,IPC,0.2921345496368303,96
global_sign_pres,chunk_11,119,KR,0.4130070071028849,96
global_sign_pres,chunk_11,119,MC,0.3190694854349303,96
global_sign_pres,chunk_12,120,GR,0.6083450507960116,96
global_sign_pres,chunk_12,120,IPC,0.30162002997098414,96
global_sign_pres,chunk_12,120,KR,0.40130548243551895,96
global_sign_pres,chunk_12,120,MC,0.34382600721725304,96
global_sign_pres,chunk_12,121,GR,0.6390135995169359,96
global_sign_pres,chunk_12,121,IPC,0.3283276590297475,96
global_sign_pres,chunk_12,121,KR,0.42745483792718486,96
global_sign_pres,chunk_12,121,MC,0.36326353824394314,96
global_sign_pres,chunk_12,122,GR,0.614297497850538,96
global_sign_pres,chunk_12,122,IPC,0.32610320209780075,96
global_sign_pres,chunk_12,122,KR,0.40417665335527686,96
global_sign_pres,chunk_12,122,MC,0.3756468114210657,96
global_sign_pres,chunk_12,123,GR,0.6078484250805601,96
global_sign_pres,chunk_12,123,IPC,0.30711782873784443,96
global_sign_pres,chunk_12,123,KR,0.3985685350934354,96
global_sign_pres,chunk_12,123,MC,0.33952492364809367,96
global_sign_pres,chunk_12,124,GR,0.6128390031935279,96
global_sign_pres,chunk_12,124,IPC,0.29039875972385915,96
global_sign_pres,chunk_12,124,KR,0.40224800741624683,96
global_sign_pres,chunk_12,124,MC,0.3054948150141408,96
global_sign_pres,chunk_12,125,GR,0.6332738882592978,96
global_sign_pres,chunk_12,125,IPC,0.331512991748468,96
global_sign_pres,chunk_12,125,KR,0.42696545854432577,96
global_sign_pres,chunk_12,125,MC,0.3665317989758396,96
global_sign_pres,chunk_12,126,GR,0.606913813021624,96
global_sign_pres,chunk_12,126,IPC,0.2959451570001908,96
global_sign_pres,chunk_12,126,KR,0.38579789804458386,96
global_sign_pres,chunk_12,126,MC,0.3417278835972528,96
global_sign_pres,chunk_12,127,GR,0.6282228032990028,96
global_sign_pres,chunk_12,127,IPC,0.3214485427010196,96
global_sign_pres,chunk_12,127,KR,0.42183148127902437,96
global_sign_pres,chunk_12,127,MC,0.3535866800066277,96
global_sign_pres,chunk_12,128,GR,0.615753514723441,96
global_sign_pres,chunk_12,128,IPC,0.2946521900136597,96
global_sign_pres,chunk_12,128,KR,0.4029066038706745,96
global_sign_pres,chunk_12,128,MC,0.3532847889766203,96
global_sign_pres,chunk_12,129,GR,0.624431018376212,96
global_sign_pres,chunk_12,129,IPC,0.3219231455248807,96
global_sign_pres,chunk_12,129,KR,0.4207533854147046,96
global_sign_pres,chunk_12,129,MC,0.3659343065459351,96
global_sign_pres,chunk_13,130,GR,0.6125571177907919,96
global_sign_pres,chunk_13,130,IPC,0.28391964423856486,96
global_sign_pres,chunk_13,130,KR,0.41163850095734533,96
global_sign_pres,chunk_13,130,MC,0.35593849749097084,96
global_sign_pres,chunk_13,131,GR,0.6151922550987207,96
global_sign_pres,chunk_13,131,IPC,0.33111397212158655,96
global_sign_pres,chunk_13,131,KR,0.41329890095255445,96
global_sign_pres,chunk_13,131,MC,0.3747450701163261,96
global_sign_pres,chunk_13,132,GR,0.6456257265915564,96
global_sign_pres,chunk_13,132,IPC,0.304553869879264,96
global_sign_pres,chunk_13,132,KR,0.43853879208250546,96
global_sign_pres,chunk_13,132,MC,0.36001274201168815,96
global_sign_pres,chunk_13,133,GR,0.5920873265575717,96
global_sign_pres,chunk_13,133,IPC,0.3217116641290628,96
global_sign_pres,chunk_13,133,KR,0.38645286406226464,96
global_sign_pres,chunk_13,133,MC,0.3520452059036411,96
global_sign_pres,chunk_13,134,GR,0.658830970811189,96
global_sign_pres,chunk_13,134,IPC,0.30951134121130613,96
global_sign_pres,chunk_13,134,KR,0.44362804622490354,96
global_sign_pres,chunk_13,134,MC,0.3573091683134922,96
global_sign_pres,chunk_13,135,GR,0.5975144493582677,96
global_sign_pres,chunk_13,135,IPC,0.2799469282491068,96
global_sign_pres,chunk_13,135,KR,0.3974949212016779,96
global_sign_pres,chunk_13,135,MC,0.3414807920400394,96
global_sign_pres,chunk_13,136,GR,0.6298126893290618,96
global_sign_pres,chunk_13,136,IPC,0.28122018719146114,96
global_sign_pres,chunk_13,136,KR,0.41364106129397005,96
global_sign_pres,chunk_13,136,MC,0.3495012974984917,96
global_sign_pres,chunk_13,137,GR,0.6189903194348597,96
global_sign_pres,chunk_13,137,IPC,0.3051798039319844,96
global_sign_pres,chunk_13,137,KR,0.42085337818197666,96
global_sign_pres,chunk_13,137,MC,0.3581930516213085,96
global_sign_pres,chunk_13,138,GR,0.6714351429158434,96
global_sign_pres,chunk_13,138,IPC,0.3314619425839998,96
global_sign_pres,chunk_13,138,KR,0.4701793403958685,96
global_sign_pres,chunk_13,138,MC,0.38088953062557995,96
global_sign_pres,chunk_13,139,GR,0.5935070837003483,96
global_sign_pres,chunk_13,139,IPC,0.2786717861091544,96
global_sign_pres,chunk_13,139,KR,0.37627181984194313,96
global_sign_pres,chunk_13,139,MC,0.33388445265895633,96
global_sign_pres,chunk_14,140,GR,0.6164286312393324,96
global_sign_pres,chunk_14,140,IPC,0.28166576019246276,96
global_sign_pres,chunk_14,140,KR,0.4074918751119484,96
global_sign_pres,chunk_14,140,MC,0.35626408671101967,96
global_sign_pres,chunk_14,141,GR,0.6079476172512509,96
global_sign_pres,chunk_14,141,IPC,0.29163349014308027,96
global_sign_pres,chunk_14,141,KR,0.4012044149914491,96
global_sign_pres,chunk_14,141,MC,0.3506711230695399,96
global_sign_pres,chunk_14,142,GR,0.6234195298913642,96
global_sign_pres,chunk_14,142,IPC,0.2596495415773216,96
global_sign_pres,chunk_14,142,KR,0.40290321012778424,96
global_sign_pres,chunk_14,142,MC,0.3275812830056424,96
global_sign_pres,chunk_14,143,GR,0.6201727853023223,96
global_sign_pres,chunk_14,143,IPC,0.32945361448765353,96
global_sign_pres,chunk_14,143,KR,0.40609995107030805,96
global_sign_pres,chunk_14,143,MC,0.35040749259329673,96
global_sign_pres,chunk_14,144,GR,0.608708120069408,96
global_sign_pres,chunk_14,144,IPC,0.29618148820691875,96
global_sign_pres,chunk_14,144,KR,0.40442457824891126,96
global_sign_pres,chunk_14,144,MC,0.3618112393289386,96
global_sign_pres,chunk_14,145,GR,0.646890690132847,96
global_sign_pres,chunk_14,145,IPC,0.3016376646256071,96
global_sign_pres,chunk_14,145,KR,0.4371898239775433,96
global_sign_pres,chunk_14,145,MC,0.34830024845580054,96
global_sign_pres,chunk_14,146,GR,0.6081633344912767,96
global_sign_pres,chunk_14,146,IPC,0.3111148727031608,96
global_sign_pres,chunk_14,146,KR,0.3959853688705365,96
global_sign_pres,chunk_14,146,MC,0.3693507454262574,96
global_sign_pres,chunk_14,147,GR,0.5838186370953412,96
global_sign_pres,chunk_14,147,IPC,0.36036224238648246,96
global_sign_pres,chunk_14,147,KR,0.3830275241125573,96
global_sign_pres,chunk_14,147,MC,0.3995357321475486,96
global_sign_pres,chunk_14,148,GR,0.6275507930177433,96
global_sign_pres,chunk_14,148,IPC,0.2735282160331779,96
global_sign_pres,chunk_14,148,KR,0.4144849246980669,96
global_sign_pres,chunk_14,148,MC,0.31761714105115124,96
global_sign_pres,chunk_14,149,GR,0.6233764772182331,96
global_sign_pres,chunk_14,149,IPC,0.3000417078163313,96
global_sign_pres,chunk_14,149,KR,0.42217912956220427,96
global_sign_pres,chunk_14,149,MC,0.357808886803536,96
global_sign_pres,chunk_15,150,GR,0.6386953796687438,96
global_sign_pres,chunk_15,150,IPC,0.2851102499951687,96
global_sign_pres,chunk_15,150,KR,0.4287932193308315,96
global_sign_pres,chunk_15,150,MC,0.3131538245840429,96
global_sign_pres,chunk_15,151,GR,0.6433234393248474,96
global_sign_pres,chunk_15,151,IPC,0.3040925669607083,96
global_sign_pres,chunk_15,151,KR,0.44733139304700664,96
global_sign_pres,chunk_15,151,MC,0.33003653720831294,96
global_sign_pres,chunk_15,152,GR,0.6352036295107462,96
global_sign_pres,chunk_15,152,IPC,0.3441627602658504,96
global_sign_pres,chunk_15,152,KR,0.4245641785270937,96
global_sign_pres,chunk_15,152,MC,0.37365678641606304,96
global_sign_pres,chunk_15,153,GR,0.6133632215856378,96
global_sign_pres,chunk_15,153,IPC,0.3182276934619392,96
global_sign_pres,chunk_15,153,KR,0.3940057311093463,96
global_sign_pres,chunk_15,153,MC,0.35975325691709825,96
global_sign_pres,chunk_15,154,GR,0.6331489511483539,96
global_sign_pres,chunk_15,154,IPC,0.2808713131372337,96
global_sign_pres,chunk_15,154,KR,0.4217310097552828,96
global_sign_pres,chunk_15,154,MC,0.32275372547031356,96
global_sign_pres,chunk_15,155,GR,0.6744725038461418,96
global_sign_pres,chunk_15,155,IPC,0.3297871866210395,96
global_sign_pres,chunk_15,155,KR,0.4765917662643921,96
global_sign_pres,chunk_15,155,MC,0.3721023633138404,96
global_sign_pres,chunk_15,156,GR,0.6598751569735252,96
global_sign_pres,chunk_15,156,IPC,0.326374828833736,96
global_sign_pres,chunk_15,156,KR,0.45060442420913815,96
global_sign_pres,chunk_15,156,MC,0.3649288915734284,96
global_sign_pres,chunk_15,157,GR,0.6085432871966997,96
global_sign_pres,chunk_15,157,IPC,0.2608688825381181,96
global_sign_pres,chunk_15,157,KR,0.40042636991198693,96
global_sign_pres,chunk_15,157,MC,0.30478904793202444,96
global_sign_pres,chunk_15,158,GR,0.6462026771159853,96
global_sign_pres,chunk_15,158,IPC,0.3424214409548522,96
global_sign_pres,chunk_15,158,KR,0.4405440749029367,96
global_sign_pres,chunk_15,158,MC,0.3737552286708132,96
global_sign_pres,chunk_15,159,GR,0.6099607999449808,96
global_sign_pres,chunk_15,159,IPC,0.294467944462224,96
global_sign_pres,chunk_15,159,KR,0.4104148024461652,96
global_sign_pres,chunk_15,159,MC,0.35620901952668316,96
global_sign_pres,chunk_16,160,GR,0.6528677556564381,96
global_sign_pres,chunk_16,160,IPC,0.3039824783952044,96
global_sign_pres,chunk_16,160,KR,0.4451210538278469,96
global_sign_pres,chunk_16,160,MC,0.39883353870691135,96
global_sign_pres,chunk_16,161,GR,0.6579939674835962,96
global_sign_pres,chunk_16,161,IPC,0.297014310712306,96
global_sign_pres,chunk_16,161,KR,0.46330645806652926,96
global_sign_pres,chunk_16,161,MC,0.35920431627500815,96
global_sign_pres,chunk_16,162,GR,0.6101918766200812,96
global_sign_pres,chunk_16,162,IPC,0.324610252886433,96
global_sign_pres,chunk_16,162,KR,0.4055204016520653,96
global_sign_pres,chunk_16,162,MC,0.38012160019127517,96
global_sign_pres,chunk_16,163,GR,0.6426775031388148,96
global_sign_pres,chunk_16,163,IPC,0.28915219072240855,96
global_sign_pres,chunk_16,163,KR,0.4471631361449129,96
global_sign_pres,chunk_16,163,MC,0.37436915481764454,96
global_sign_pres,chunk_16,164,GR,0.5798204116329728,96
global_sign_pres,chunk_16,164,IPC,0.3124930564263341,96
global_sign_pres,chunk_16,164,KR,0.36464572129189915,96
global_sign_pres,chunk_16,164,MC,0.394937485192234,96
global_sign_pres,chunk_16,165,GR,0.6224579117044682,96
global_sign_pres,chunk_16,165,IPC,0.2930263184761558,96
global_sign_pres,chunk_16,165,KR,0.4145407260292365,96
global_sign_pres,chunk_16,165,MC,0.3668058269449918,96
global_sign_pres,chunk_16,166,GR,0.6451975282375069,96
global_sign_pres,chunk_16,166,IPC,0.3034763205189756,96
global_sign_pres,chunk_16,166,KR,0.43876719151184146,96
global_sign_pres,chunk_16,166,MC,0.388326107511331,96
global_sign_pres,chunk_16,167,GR,0.6179821266474194,96
global_sign_pres,chunk_16,167,IPC,0.28640288581563134,96
global_sign_pres,chunk_16,167,KR,0.39713572161502125,96
global_sign_pres,chunk_16,167,MC,0.3580285204514793,96
global_sign_pres,chunk_16,168,GR,0.6304064699451234,96
global_sign_pres,chunk_16,168,IPC,0.34994959984110613,96
global_sign_pres,chunk_16,168,KR,0.42167549025608203,96
global_sign_pres,chunk_16,168,MC,0.4357791046581466,96
global_sign_pres,chunk_16,169,GR,0.6084419385552402,96
global_sign_pres,chunk_16,169,IPC,0.3040712235588136,96
global_sign_pres,chunk_16,169,KR,0.39393470992042146,96
global_sign_pres,chunk_16,169,MC,0.3815982950991602,96
global_sign_pres,chunk_17,170,GR,0.6192728645145945,96
global_sign_pres,chunk_17,170,IPC,0.32849337129539,96
global_sign_pres,chunk_17,170,KR,0.40953918010481744,96
global_sign_pres,chunk_17,170,MC,0.41023326178413416,96
global_sign_pres,chunk_17,171,GR,0.5992089090320792,96
global_sign_pres,chunk_17,171,IPC,0.28935360203693566,96
global_sign_pres,chunk_17,171,KR,0.39406662253700886,96
global_sign_pres,chunk_17,171,MC,0.3629881932931198,96
global_sign_pres,chunk_17,172,GR,0.6171983968282245,96
global_sign_pres,chunk_17,172,IPC,0.285422755870552,96
global_sign_pres,chunk_17,172,KR,0.41338677729910767,96
global_sign_pres,chunk_17,172,MC,0.34324415071104125,96
global_sign_pres,chunk_17,173,GR,0.6561374147378891,96
global_sign_pres,chunk_17,173,IPC,0.28995080204546675,96
global_sign_pres,chunk_17,173,KR,0.4430206469001628,96
global_sign_pres,chunk_17,173,MC,0.33365983088905404,96
global_sign_pres,chunk_17,174,GR,0.634336761554203,96
global_sign_pres,chunk_17,174,IPC,0.2927831759384169,96
global_sign_pres,chunk_17,174,KR,0.4263064214407639,96
global_sign_pres,chunk_17,174,MC,0.3765203758867482,96
global_sign_pres,chunk_17,175,GR,0.6488095188257204,96
global_sign_pres,chunk_17,175,IPC,0.31517839910024315,96
global_sign_pres,chunk_17,175,KR,0.4365551000712947,96
global_sign_pres,chunk_17,175,MC,0.40610151600652855,96
global_sign_pres,chunk_17,176,GR,0.6084306100987178,96
global_sign_pres,chunk_17,176,IPC,0.29195257183168466,96
global_sign_pres,chunk_17,176,KR,0.40126310903194967,96
global_sign_pres,chunk_17,176,MC,0.3733058230910886,96
global_sign_pres,chunk_17,177,GR,0.6579244051284566,96
global_sign_pres,chunk_17,177,IPC,0.3239559944482728,96
global_sign_pres,chunk_17,177,KR,0.45388139305022934,96
global_sign_pres,chunk_17,177,MC,0.407810084934123,96
global_sign_pres,chunk_17,178,GR,0.5834783870871258,96
global_sign_pres,chunk_17,178,IPC,0.28654565103569185,96
global_sign_pres,chunk_17,178,KR,0.3689683813851501,96
global_sign_pres,chunk_17,178,MC,0.38375357118683806,96
global_sign_pres,chunk_17,179,GR,0.6556430002175974,96
global_sign_pres,chunk_17,179,IPC,0.31684600026370985,96
global_sign_pres,chunk_17,179,KR,0.4318897608978724,96
global_sign_pres,chunk_17,179,MC,0.3870979537021086,96
global_sign_pres,chunk_18,180,GR,0.6069883196158273,96
global_sign_pres,chunk_18,180,IPC,0.2596242172451429,96
global_sign_pres,chunk_18,180,KR,0.38741598153598844,96
global_sign_pres,chunk_18,180,MC,0.33462622354899085,96
global_sign_pres,chunk_18,181,GR,0.6108332688127102,96
global_sign_pres,chunk_18,181,IPC,0.3091253015302739,96
global_sign_pres,chunk_18,181,KR,0.40640892822436203,96
global_sign_pres,chunk_18,181,MC,0.3681143282464593,96
global_sign_pres,chunk_18,182,GR,0.6107069853171176,96
global_sign_pres,chunk_18,182,IPC,0.28115641340703207,96
global_sign_pres,chunk_18,182,KR,0.405052899827478,96
global_sign_pres,chunk_18,182,MC,0.3554858802546061,96
global_sign_pres,chunk_18,183,GR,0.5964778794635142,96
global_sign_pres,chunk_18,183,IPC,0.3136879844619076,96
global_sign_pres,chunk_18,183,KR,0.3871520676527971,96
global_sign_pres,chunk_18,183,MC,0.37047833159273186,96
global_sign_pres,chunk_18,184,GR,0.6399672089493325,96
global_sign_pres,chunk_18,184,IPC,0.35610485985354307,96
global_sign_pres,chunk_18,184,KR,0.42669645005053997,96
global_sign_pres,chunk_18,184,MC,0.4216358553423557,96
global_sign_pres,chunk_18,185,GR,0.6169100317270255,96
global_sign_pres,chunk_18,185,IPC,0.26599968872446383,96
global_sign_pres,chunk_18,185,KR,0.4152956823003677,96
global_sign_pres,chunk_18,185,MC,0.3235921058220898,96
global_sign_pres,chunk_18,186,GR,0.6242372658565133,96
global_sign_pres,chunk_18,186,IPC,0.29377133313781706,96
global_sign_pres,chunk_18,186,KR,0.4229979462661995,96
global_sign_pres,chunk_18,186,MC,0.3784290693527677,96
global_sign_pres,chunk_18,187,GR,0.6086999037148154,96
global_sign_pres,chunk_18,187,IPC,0.28375956857590445,96
global_sign_pres,chunk_18,187,KR,0.392781463470177,96
global_sign_pres,chunk_18,187,MC,0.3731284818535333,96
global_sign_pres,chunk_18,188,GR,0.6135610561852302,96
global_sign_pres,chunk_18,188,IPC,0.30793425434724564,96
global_sign_pres,chunk_18,188,KR,0.4052053675913288,96
global_sign_pres,chunk_18,188,MC,0.3767289716567452,96
global_sign_pres,chunk_18,189,GR,0.6366057866563637,96
global_sign_pres,chunk_18,189,IPC,0.3345718649889598,96
global_sign_pres,chunk_18,189,KR,0.4240090588805991,96
global_sign_pres,chunk_18,189,MC,0.40330902391444906,96
global_sign_pres,chunk_19,190,GR,0.6400769151485733,96
global_sign_pres,chunk_19,190,IPC,0.2824509190438045,96
global_sign_pres,chunk_19,190,KR,0.44315669472567726,96
global_sign_pres,chunk_19,190,MC,0.3475025855596232,96
global_sign_pres,chunk_19,191,GR,0.6299283697066682,96
global_sign_pres,chunk_19,191,IPC,0.30917821428160114,96
global_sign_pres,chunk_19,191,KR,0.4098950046003592,96
global_sign_pres,chunk_19,191,MC,0.378640397514425,96
global_sign_pres,chunk_19,192,GR,0.6115628451748041,96
global_sign_pres,chunk_19,192,IPC,0.286038750672871,96
global_sign_pres,chunk_19,192,KR,0.40161840903433144,96
global_sign_pres,chunk_19,192,MC,0.3602808790021063,96
global_sign_pres,chunk_19,193,GR,0.6386777755608949,96
global_sign_pres,chunk_19,193,IPC,0.3345495428316887,96
global_sign_pres,chunk_19,193,KR,0.442585956061092,96
global_sign_pres,chunk_19,193,MC,0.3767081988845712,96
global_sign_pres,chunk_19,194,GR,0.6264474273303673,96
global_sign_pres,chunk_19,194,IPC,0.3205780689631773,96
global_sign_pres,chunk_19,194,KR,0.413903775619009,96
global_sign_pres,chunk_19,194,MC,0.3852573767264965,96
global_sign_pres,chunk_19,195,GR,0.6362561706613861,96
global_sign_pres,chunk_19,195,IPC,0.26053309685062037,96
global_sign_pres,chunk_19,195,KR,0.4226465944814846,96
global_sign_pres,chunk_19,195,MC,0.3485518566113153,96
global_sign_pres,chunk_19,196,GR,0.642139151643452,96
global_sign_pres,chunk_19,196,IPC,0.3267488559110944,96
global_sign_pres,chunk_19,196,KR,0.4390466811876068,96
global_sign_pres,chunk_19,196,MC,0.40863235723417113,96
global_sign_pres,chunk_19,197,GR,0.6195159084535562,96
global_sign_pres,chunk_19,197,IPC,0.31475278965080156,96
global_sign_pres,chunk_19,197,KR,0.41419870701586065,96
global_sign_pres,chunk_19,197,MC,0.3926160891404259,96
global_sign_pres,chunk_19,198,GR,0.6619460980588423,96
global_sign_pres,chunk_19,198,IPC,0.33536685353903717,96
global_sign_pres,chunk_19,198,KR,0.4668911473422921,96
global_sign_pres,chunk_19,198,MC,0.41351089888082165,96
global_sign_pres,chunk_19,199,GR,0.6237794193274756,96
global_sign_pres,chunk_19,199,IPC,0.30282405564372755,96
global_sign_pres,chunk_19,199,KR,0.4120066069259718,96
global_sign_pres,chunk_19,199,MC,0.3885948543089804,96
global_sign_pres,chunk_2,20,GR,0.6025934999936594,96
global_sign_pres,chunk_2,20,IPC,0.3143288831425935,96
global_sign_pres,chunk_2,20,KR,0.4019312465673816,96
global_sign_pres,chunk_2,20,MC,0.3497859711736379,96
global_sign_pres,chunk_2,21,GR,0.606436185028833,96
global_sign_pres,chunk_2,21,IPC,0.32253515640360453,96
global_sign_pres,chunk_2,21,KR,0.38823401872382435,96
global_sign_pres,chunk_2,21,MC,0.37352375308540176,96
global_sign_pres,chunk_2,22,GR,0.6135942898295007,96
global_sign_pres,chunk_2,22,IPC,0.3057018362512925,96
global_sign_pres,chunk_2,22,KR,0.3985021406092895,96
global_sign_pres,chunk_2,22,MC,0.35965862323847575,96
global_sign_pres,chunk_2,23,GR,0.6118677154265847,96
global_sign_pres,chunk_2,23,IPC,0.26404697184068376,96
global_sign_pres,chunk_2,23,KR,0.3990395162717368,96
global_sign_pres,chunk_2,23,MC,0.32540243091823257,96
global_sign_pres,chunk_2,24,GR,0.6380146963719066,96
global_sign_pres,chunk_2,24,IPC,0.3499146933352648,96
global_sign_pres,chunk_2,24,KR,0.43205818958955206,96
global_sign_pres,chunk_2,24,MC,0.3785650512318785,96
global_sign_pres,chunk_2,25,GR,0.6189452429810031,96
global_sign_pres,chunk_2,25,IPC,0.2999722535170254,96
global_sign_pres,chunk_2,25,KR,0.4156132451379309,96
global_sign_pres,chunk_2,25,MC,0.3466680715807586,96
global_sign_pres,chunk_2,26,GR,0.6032939457576869,96
global_sign_pres,chunk_2,26,IPC,0.317231602181808,96
global_sign_pres,chunk_2,26,KR,0.39825601820062123,96
global_sign_pres,chunk_2,26,MC,0.35162947101286635,96
global_sign_pres,chunk_2,27,GR,0.6029752270564355,96
global_sign_pres,chunk_2,27,IPC,0.32505030460531065,96
global_sign_pres,chunk_2,27,KR,0.39391263202689386,96
global_sign_pres,chunk_2,27,MC,0.36123436983040974,96
global_sign_pres,chunk_2,28,GR,0.6483407306295859,96
global_sign_pres,chunk_2,28,IPC,0.29577959379055796,96
global_sign_pres,chunk_2,28,KR,0.44591486543030373,96
global_sign_pres,chunk_2,28,MC,0.34591458764903193,96
global_sign_pres,chunk_2,29,GR,0.5897042457276049,96
global_sign_pres,chunk_2,29,IPC,0.32946292625046447,96
global_sign_pres,chunk_2,29,KR,0.36480363040207386,96
global_sign_pres,chunk_2,29,MC,0.39198533677460906,96
global_sign_pres,chunk_3,30,GR,0.595093018269986,96
global_sign_pres,chunk_3,30,IPC,0.2888212741947682,96
global_sign_pres,chunk_3,30,KR,0.37992412499752404,96
global_sign_pres,chunk_3,30,MC,0.3216977133065172,96
global_sign_pres,chunk_3,31,GR,0.6327969737581512,96
global_sign_pres,chunk_3,31,IPC,0.2876774348865697,96
global_sign_pres,chunk_3,31,KR,0.41868200539710215,96
global_sign_pres,chunk_3,31,MC,0.33600299764460656,96
global_sign_pres,chunk_3,32,GR,0.6213202756844044,96
global_sign_pres,chunk_3,32,IPC,0.2776303237878487,96
global_sign_pres,chunk_3,32,KR,0.421122178714333,96
global_sign_pres,chunk_3,32,MC,0.3427511426347549,96
global_sign_pres,chunk_3,33,GR,0.6203606398199633,96
global_sign_pres,chunk_3,33,IPC,0.3047455219906051,96
global_sign_pres,chunk_3,33,KR,0.4155358448361212,96
global_sign_pres,chunk_3,33,MC,0.3707171794839119,96
global_sign_pres,chunk_3,34,GR,0.6271125493336877,96
global_sign_pres,chunk_3,34,IPC,0.3397879294166608,96
global_sign_pres,chunk_3,34,KR,0.41516939696211697,96
global_sign_pres,chunk_3,34,MC,0.3976183537401485,96
global_sign_pres,chunk_3,35,GR,0.6405684275218977,96
global_sign_pres,chunk_3,35,IPC,0.31459024146979897,96
global_sign_pres,chunk_3,35,KR,0.42779942425809353,96
global_sign_pres,chunk_3,35,MC,0.3441147001738194,96
global_sign_pres,chunk_3,36,GR,0.5972915128309559,96
global_sign_pres,chunk_3,36,IPC,0.2969404685530259,96
global_sign_pres,chunk_3,36,KR,0.38724657451164196,96
global_sign_pres,chunk_3,36,MC,0.3558950645852604,96
global_sign_pres,chunk_3,37,GR,0.597832469330747,96
global_sign_pres,chunk_3,37,IPC,0.304649136474248,96
global_sign_pres,chunk_3,37,KR,0.3917957007771394,96
global_sign_pres,chunk_3,37,MC,0.3350510639565644,96
global_sign_pres,chunk_3,38,GR,0.5918450833474648,96
global_sign_pres,chunk_3,38,IPC,0.29801103653098227,96
global_sign_pres,chunk_3,38,KR,0.3897441629114469,96
global_sign_pres,chunk_3,38,MC,0.3561120186269274,96
global_sign_pres,chunk_3,39,GR,0.6230730623138356,96
global_sign_pres,chunk_3,39,IPC,0.3233734828044402,96
global_sign_pres,chunk_3,39,KR,0.4138783189703197,96
global_sign_pres,chunk_3,39,MC,0.3600819586879519,96
global_sign_pres,chunk_4,40,GR,0.6092952179689887,96
global_sign_pres,chunk_4,40,IPC,0.32182537045328524,96
global_sign_pres,chunk_4,40,KR,0.4095483310844308,96
global_sign_pres,chunk_4,40,MC,0.37282064854903185,96
global_sign_pres,chunk_4,41,GR,0.6114971349748535,96
global_sign_pres,chunk_4,41,IPC,0.32537485735454974,96
global_sign_pres,chunk_4,41,KR,0.39424240334544813,96
global_sign_pres,chunk_4,41,MC,0.3830837234506349,96
global_sign_pres,chunk_4,42,GR,0.6155738652293093,96
global_sign_pres,chunk_4,42,IPC,0.29331556113133567,96
global_sign_pres,chunk_4,42,KR,0.42368588928961687,96
global_sign_pres,chunk_4,42,MC,0.3590424728396301,96
global_sign_pres,chunk_4,43,GR,0.6163338369281848,96
global_sign_pres,chunk_4,43,IPC,0.29838216265178186,96
global_sign_pres,chunk_4,43,KR,0.4111815408724718,96
global_sign_pres,chunk_4,43,MC,0.37721237538711333,96
global_sign_pres,chunk_4,44,GR,0.6368964801411748,96
global_sign_pres,chunk_4,44,IPC,0.3334296120021451,96
global_sign_pres,chunk_4,44,KR,0.42563483288269593,96
global_sign_pres,chunk_4,44,MC,0.37470005375815724,96
global_sign_pres,chunk_4,45,GR,0.6185427681579982,96
global_sign_pres,chunk_4,45,IPC,0.2986297118121071,96
global_sign_pres,chunk_4,45,KR,0.4150818164822487,96
global_sign_pres,chunk_4,45,MC,0.34869024852689995,96
global_sign_pres,chunk_4,46,GR,0.6037079645659892,96
global_sign_pres,chunk_4,46,IPC,0.31511255031623103,96
global_sign_pres,chunk_4,46,KR,0.39984422965828686,96
global_sign_pres,chunk_4,46,MC,0.35318696210913325,96
global_sign_pres,chunk_4,47,GR,0.6107256661875852,96
global_sign_pres,chunk_4,47,IPC,0.29309272812293696,96
global_sign_pres,chunk_4,47,KR,0.39573776428673,96
global_sign_pres,chunk_4,47,MC,0.34828607013574536,96
global_sign_pres,chunk_4,48,GR,0.656715607979402,96
global_sign_pres,chunk_4,48,IPC,0.3253578917921116,96
global_sign_pres,chunk_4,48,KR,0.4519948856792507,96
global_sign_pres,chunk_4,48,MC,0.3735168865290494,96
global_sign_pres,chunk_4,49,GR,0.6237109885919061,96
global_sign_pres,chunk_4,49,IPC,0.31984611907569266,96
global_sign_pres,chunk_4,49,KR,0.4237436779147256,96
global_sign_pres,chunk_4,49,MC,0.35316969991534,96
global_sign_pres,chunk_5,50,GR,0.6438722183255671,96
global_sign_pres,chunk_5,50,IPC,0.32981019275301815,96
global_sign_pres,chunk_5,50,KR,0.4369877546470396,96
global_sign_pres,chunk_5,50,MC,0.3714721096684229,96
global_sign_pres,chunk_5,51,GR,0.6062156532133866,96
global_sign_pres,chunk_5,51,IPC,0.33285443809506027,96
global_sign_pres,chunk_5,51,KR,0.40879386754039837,96
global_sign_pres,chunk_5,51,MC,0.37053600057586694,96
global_sign_pres,chunk_5,52,GR,0.5995070133449458,96
global_sign_pres,chunk_5,52,IPC,0.32554590741514217,96
global_sign_pres,chunk_5,52,KR,0.37861416882377946,96
global_sign_pres,chunk_5,52,MC,0.3752611974260395,96
global_sign_pres,chunk_5,53,GR,0.6066676889801424,96
global_sign_pres,chunk_5,53,IPC,0.2857127411931586,96
global_sign_pres,chunk_5,53,KR,0.3835059611162178,96
global_sign_pres,chunk_5,53,MC,0.32536645944044784,96
global_sign_pres,chunk_5,54,GR,0.6113734565607666,96
global_sign_pres,chunk_5,54,IPC,0.30229912299835016,96
global_sign_pres,chunk_5,54,KR,0.3910180666952326,96
global_sign_pres,chunk_5,54,MC,0.3585889090814518,96
global_sign_pres,chunk_5,55,GR,0.6070022050327455,96
global_sign_pres,chunk_5,55,IPC,0.29041435718992054,96
global_sign_pres,chunk_5,55,KR,0.40630553646150885,96
global_sign_pres,chunk_5,55,MC,0.34454926405027847,96
global_sign_pres,chunk_5,56,GR,0.6099239991591942,96
global_sign_pres,chunk_5,56,IPC,0.28832257561442626,96
global_sign_pres,chunk_5,56,KR,0.39549677869675964,96
global_sign_pres,chunk_5,56,MC,0.34265689749267136,96
global_sign_pres,chunk_5,57,GR,0.6077169187735669,96
global_sign_pres,chunk_5,57,IPC,0.2982998680942291,96
global_sign_pres,chunk_5,57,KR,0.4012572520091862,96
global_sign_pres,chunk_5,57,MC,0.3499377838176262,96
global_sign_pres,chunk_5,58,GR,0.6088925932997107,96
global_sign_pres,chunk_5,58,IPC,0.3349217652245274,96
global_sign_pres,chunk_5,58,KR,0.4016101082967103,96
global_sign_pres,chunk_5,58,MC,0.361289066314914,96
global_sign_pres,chunk_5,59,GR,0.6516589690095068,96
global_sign_pres,chunk_5,59,IPC,0.2880296374993544,96
global_sign_pres,chunk_5,59,KR,0.43108286987724,96
global_sign_pres,chunk_5,59,MC,0.35773778104651055,96
global_sign_pres,chunk_6,60,GR,0.6395014969286336,96
global_sign_pres,chunk_6,60,IPC,0.3291583240916316,96
global_sign_pres,chunk_6,60,KR,0.4448502516489755,96
global_sign_pres,chunk_6,60,MC,0.35097996944139537,96
global_sign_pres,chunk_6,61,GR,0.6101425322944163,96
global_sign_pres,chunk_6,61,IPC,0.3111400220465508,96
global_sign_pres,chunk_6,61,KR,0.4076490028745707,96
global_sign_pres,chunk_6,61,MC,0.3383157677452933,96
global_sign_pres,chunk_6,62,GR,0.6179470489743432,96
global_sign_pres,chunk_6,62,IPC,0.2831663895056508,96
global_sign_pres,chunk_6,62,KR,0.40549661769135215,96
global_sign_pres,chunk_6,62,MC,0.32402501440746245,96
global_sign_pres,chunk_6,63,GR,0.6160778085762613,96
global_sign_pres,chunk_6,63,IPC,0.29827652791348563,96
global_sign_pres,chunk_6,63,KR,0.40537457850368785,96
global_sign_pres,chunk_6,63,MC,0.339844931736432,96
global_sign_pres,chunk_6,64,GR,0.6446320534098368,96
global_sign_pres,chunk_6,64,IPC,0.32671204354815375,96
global_sign_pres,chunk_6,64,KR,0.4451114926816758,96
global_sign_pres,chunk_6,64,MC,0.3753617368609718,96
global_sign_pres,chunk_6,65,GR,0.6330399673898449,96
global_sign_pres,chunk_6,65,IPC,0.3239041003199311,96
global_sign_pres,chunk_6,65,KR,0.4391028272671347,96
global_sign_pres,chunk_6,65,MC,0.3571501599204714,96
global_sign_pres,chunk_6,66,GR,0.6162357654129105,96
global_sign_pres,chunk_6,66,IPC,0.29684066193116304,96
global_sign_pres,chunk_6,66,KR,0.40407641553085616,96
global_sign_pres,chunk_6,66,MC,0.33944804303046144,96
global_sign_pres,chunk_6,67,GR,0.603495967789978,96
global_sign_pres,chunk_6,67,IPC,0.301088713155418,96
global_sign_pres,chunk_6,67,KR,0.4041133301284433,96
global_sign_pres,chunk_6,67,MC,0.3539363937661859,96
global_sign_pres,chunk_6,68,GR,0.6516057185086468,96
global_sign_pres,chunk_6,68,IPC,0.30700907437278335,96
global_sign_pres,chunk_6,68,KR,0.4394494644194312,96
global_sign_pres,chunk_6,68,MC,0.3304980329647422,96
global_sign_pres,chunk_6,69,GR,0.5858942491855762,96
global_sign_pres,chunk_6,69,IPC,0.3253657782314152,96
global_sign_pres,chunk_6,69,KR,0.3894208969225503,96
global_sign_pres,chunk_6,69,MC,0.3751498064209625,96
global_sign_pres,chunk_7,70,GR,0.6527634267976659,96
global_sign_pres,chunk_7,70,IPC,0.3357817300874827,96
global_sign_pres,chunk_7,70,KR,0.43854416970228993,96
global_sign_pres,chunk_7,70,MC,0.40011148040605216,96
global_sign_pres,chunk_7,71,GR,0.6103951893792022,96
global_sign_pres,chunk_7,71,IPC,0.2799413831362769,96
global_sign_pres,chunk_7,71,KR,0.39835207991121635,96
global_sign_pres,chunk_7,71,MC,0.31657560792853634,96
global_sign_pres,chunk_7,72,GR,0.6314460085621765,96
global_sign_pres,chunk_7,72,IPC,0.29041862124770673,96
global_sign_pres,chunk_7,72,KR,0.4180224366260092,96
global_sign_pres,chunk_7,72,MC,0.3341423452301907,96
global_sign_pres,chunk_7,73,GR,0.6120299893625947,96
global_sign_pres,chunk_7,73,IPC,0.29365638205578143,96
global_sign_pres,chunk_7,73,KR,0.4142481329426183,96
global_sign_pres,chunk_7,73,MC,0.32596361113619343,96
global_sign_pres,chunk_7,74,GR,0.6008564569882604,96
global_sign_pres,chunk_7,74,IPC,0.342994157815698,96
global_sign_pres,chunk_7,74,KR,0.38374879532509326,96
global_sign_pres,chunk_7,74,MC,0.3700189448414886,96
global_sign_pres,chunk_7,75,GR,0.6326728139311835,96
global_sign_pres,chunk_7,75,IPC,0.33038707459823713,96
global_sign_pres,chunk_7,75,KR,0.42762332193080493,96
global_sign_pres,chunk_7,75,MC,0.37011521272051745,96
global_sign_pres,chunk_7,76,GR,0.6074543136945575,96
global_sign_pres,chunk_7,76,IPC,0.31023418982041334,96
global_sign_pres,chunk_7,76,KR,0.38770553207088965,96
global_sign_pres,chunk_7,76,MC,0.3686364582925129,96
global_sign_pres,chunk_7,77,GR,0.6161437617096885,96
global_sign_pres,chunk_7,77,IPC,0.3490704435658692,96
global_sign_pres,chunk_7,77,KR,0.4152113814032896,96
global_sign_pres,chunk_7,77,MC,0.3591583021694444,96
global_sign_pres,chunk_7,78,GR,0.6267547234223736,96
global_sign_pres,chunk_7,78,IPC,0.29871925945286665,96
global_sign_pres,chunk_7,78,KR,0.41496677623673534,96
global_sign_pres,chunk_7,78,MC,0.3577855479422195,96
global_sign_pres,chunk_7,79,GR,0.6175641533797203,96
global_sign_pres,chunk_7,79,IPC,0.3100185975593544,96
global_sign_pres,chunk_7,79,KR,0.4246109723267473,96
global_sign_pres,chunk_7,79,MC,0.330936917378269,96
global_sign_pres,chunk_8,80,GR,0.6102926884061103,96
global_sign_pres,chunk_8,80,IPC,0.2805307766409949,96
global_sign_pres,chunk_8,80,KR,0.3958791130133498,96
global_sign_pres,chunk_8,80,MC,0.331736546767833,96
global_sign_pres,chunk_8,81,GR,0.6159354595040596,96
global_sign_pres,chunk_8,81,IPC,0.3304205359092261,96
global_sign_pres,chunk_8,81,KR,0.41301128756376493,96
global_sign_pres,chunk_8,81,MC,0.35895829980584615,96
global_sign_pres,chunk_8,82,GR,0.6069724946676412,96
global_sign_pres,chunk_8,82,IPC,0.33500745675603055,96
global_sign_pres,chunk_8,82,KR,0.40701565925974836,96
global_sign_pres,chunk_8,82,MC,0.39065470539874114,96
global_sign_pres,chunk_8,83,GR,0.617701703412554,96
global_sign_pres,chunk_8,83,IPC,0.33098901568126954,96
global_sign_pres,chunk_8,83,KR,0.39582837615722083,96
global_sign_pres,chunk_8,83,MC,0.39972794269852446,96
global_sign_pres,chunk_8,84,GR,0.6253788302298254,96
global_sign_pres,chunk_8,84,IPC,0.30135457930369114,96
global_sign_pres,chunk_8,84,KR,0.4144282762721103,96
global_sign_pres,chunk_8,84,MC,0.3285642272819442,96
global_sign_pres,chunk_8,85,GR,0.6280000421784825,96
global_sign_pres,chunk_8,85,IPC,0.28696418014724967,96
global_sign_pres,chunk_8,85,KR,0.40625435433995566,96
global_sign_pres,chunk_8,85,MC,0.3511679000281551,96
global_sign_pres,chunk_8,86,GR,0.6409642497365615,96
global_sign_pres,chunk_8,86,IPC,0.3229191173192929,96
global_sign_pres,chunk_8,86,KR,0.43033532682643033,96
global_sign_pres,chunk_8,86,MC,0.3508558977818749,96
global_sign_pres,chunk_8,87,GR,0.6102815555897689,96
global_sign_pres,chunk_8,87,IPC,0.2902851551246764,96
global_sign_pres,chunk_8,87,KR,0.4114912842642062,96
global_sign_pres,chunk_8,87,MC,0.3304459539473167,96
global_sign_pres,chunk_8,88,GR,0.6018168438408427,96
global_sign_pres,chunk_8,88,IPC,0.31379907398616025,96
global_sign_pres,chunk_8,88,KR,0.3897372487172698,96
global_sign_pres,chunk_8,88,MC,0.3621745229787065,96
global_sign_pres,chunk_8,89,GR,0.6181760413492703,96
global_sign_pres,chunk_8,89,IPC,0.2903162434406239,96
global_sign_pres,chunk_8,89,KR,0.4091057764047289,96
global_sign_pres,chunk_8,89,MC,0.347903765897954,96
global_sign_pres,chunk_9,90,GR,0.6422627825242102,96
global_sign_pres,chunk_9,90,IPC,0.31521687821193706,96
global_sign_pres,chunk_9,90,KR,0.4521050171205503,96
global_sign_pres,chunk_9,90,MC,0.3365451045626198,96
global_sign_pres,chunk_9,91,GR,0.6501110673307432,96
global_sign_pres,chunk_9,91,IPC,0.30715349992750196,96
global_sign_pres,chunk_9,91,KR,0.442274075010346,96
global_sign_pres,chunk_9,91,MC,0.3651091047049455,96
global_sign_pres,chunk_9,92,GR,0.6006248626420874,96
global_sign_pres,chunk_9,92,IPC,0.2972311757524903,96
global_sign_pres,chunk_9,92,KR,0.3828652601596883,96
global_sign_pres,chunk_9,92,MC,0.33688688117243293,96
global_sign_pres,chunk_9,93,GR,0.611700058326268,96
global_sign_pres,chunk_9,93,IPC,0.24586660918570383,96
global_sign_pres,chunk_9,93,KR,0.4120973397319931,96
global_sign_pres,chunk_9,93,MC,0.3213731236602866,96
global_sign_pres,chunk_9,94,GR,0.6500615936657765,96
global_sign_pres,chunk_9,94,IPC,0.31494111525504037,96
global_sign_pres,chunk_9,94,KR,0.44361416484480226,96
global_sign_pres,chunk_9,94,MC,0.341698215522356,96
global_sign_pres,chunk_9,95,GR,0.5873452091831742,96
global_sign_pres,chunk_9,95,IPC,0.28939484997056425,96
global_sign_pres,chunk_9,95,KR,0.3728725182197884,96
global_sign_pres,chunk_9,95,MC,0.34263102563321146,96
global_sign_pres,chunk_9,96,GR,0.5938552921830553,96
global_sign_pres,chunk_9,96,IPC,0.2852554341778187,96
global_sign_pres,chunk_9,96,KR,0.3816559173633538,96
global_sign_pres,chunk_9,96,MC,0.3336154651337408,96
global_sign_pres,chunk_9,97,GR,0.5951459115395116,96
global_sign_pres,chunk_9,97,IPC,0.31865729464107817,96
global_sign_pres,chunk_9,97,KR,0.3948109961039103,96
global_sign_pres,chunk_9,97,MC,0.35760203453843126,96
global_sign_pres,chunk_9,98,GR,0.6226298487206725,96
global_sign_pres,chunk_9,98,IPC,0.3071711959207105,96
global_sign_pres,chunk_9,98,KR,0.4160566907485875,96
global_sign_pres,chunk_9,98,MC,0.3505229851191125,96
global_sign_pres,chunk_9,99,GR,0.6163325826756919,96
global_sign_pres,chunk_9,99,IPC,0.2799394271674298,96
global_sign_pres,chunk_9,99,KR,0.41149085135879687,96
global_sign_pres,chunk_9,99,MC,0.3241340683049635,96
global_sign_pres_real_weight,chunk_0,0,GR,0.5980362411525552,96
global_sign_pres_real_weight,chunk_0,0,IPC,0.2862454042151929,96
global_sign_pres_real_weight,chunk_0,0,KR,0.39329372395095,96
global_sign_pres_real_weight,chunk_0,0,MC,0.3255564109737172,96
global_sign_pres_real_weight,chunk_0,1,GR,0.6123057695449714,96
global_sign_pres_real_weight,chunk_0,1,IPC,0.3584182408460223,96
global_sign_pres_real_weight,chunk_0,1,KR,0.4799970825146123,96
global_sign_pres_real_weight,chunk_0,1,MC,0.45017830850287976,96
global_sign_pres_real_weight,chunk_0,2,GR,0.6245578635266602,96
global_sign_pres_real_weight,chunk_0,2,IPC,0.36477658277749286,96
global_sign_pres_real_weight,chunk_0,2,KR,0.4565237444321214,96
global_sign_pres_real_weight,chunk_0,2,MC,0.40757423221019173,96
global_sign_pres_real_weight,chunk_0,3,GR,0.5495814801092938,96
global_sign_pres_real_weight,chunk_0,3,IPC,0.2898328468495403,96
global_sign_pres_real_weight,chunk_0,3,KR,0.3611048932025978,96
global_sign_pres_real_weight,chunk_0,3,MC,0.36031106279592956,96
global_sign_pres_real_weight,chunk_0,4,GR,0.6204492106512084,96
global_sign_pres_real_weight,chunk_0,4,IPC,0.31036583921117694,96
global_sign_pres_real_weight,chunk_0,4,KR,0.46162379668199993,96
global_sign_pres_real_weight,chunk_0,4,MC,0.4120558596703931,96
global_sign_pres_real_weight,chunk_0,5,GR,0.6106798974472237,96
global_sign_pres_real_weight,chunk_0,5,IPC,0.28847602009853346,96
global_sign_pres_real_weight,chunk_0,5,KR,0.4306121668333084,96
global_sign_pres_real_weight,chunk_0,5,MC,0.3598648809994035,96
global_sign_pres_real_weight,chunk_0,6,GR,0.6265038411314756,96
global_sign_pres_real_weight,chunk_0,6,IPC,0.3105236182011404,96
global_sign_pres_real_weight,chunk_0,6,KR,0.4728400073691443,96
global_sign_pres_real_weight,chunk_0,6,MC,0.40091779900884794,96
global_sign_pres_real_weight,chunk_0,7,GR,0.6366473708924487,96
global_sign_pres_real_weight,chunk_0,7,IPC,0.34473764117507566,96
global_sign_pres_real_weight,chunk_0,7,KR,0.48542308564855147,96
global_sign_pres_real_weight,chunk_0,7,MC,0.40398261313208,96
global_sign_pres_real_weight,chunk_0,8,GR,0.6216558172377026,96
global_sign_pres_real_weight,chunk_0,8,IPC,0.34280760894410645,96
global_sign_pres_real_weight,chunk_0,8,KR,0.4628607877335392,96
global_sign_pres_real_weight,chunk_0,8,MC,0.4192047682814035,96
global_sign_pres_real_weight,chunk_0,9,GR,0.6528769270413655,96
global_sign_pres_real_weight,chunk_0,9,IPC,0.3146021018855071,96
global_sign_pres_real_weight,chunk_0,9,KR,0.4950943512561838,96
global_sign_pres_real_weight,chunk_0,9,MC,0.40238943408631866,96
global_sign_pres_real_weight,chunk_1,10,GR,0.597074238731758,96
global_sign_pres_real_weight,chunk_1,10,IPC,0.29688266274465513,96
global_sign_pres_real_weight,chunk_1,10,KR,0.41605209359248985,96
global_sign_pres_real_weight,chunk_1,10,MC,0.38513778199062126,96
global_sign_pres_real_weight,chunk_1,11,GR,0.6397879134941749,96
global_sign_pres_real_weight,chunk_1,11,IPC,0.2851689064993389,96
global_sign_pres_real_weight,chunk_1,11,KR,0.4817764948216264,96
global_sign_pres_real_weight,chunk_1,11,MC,0.3692113113135767,96
global_sign_pres_real_weight,chunk_1,12,GR,0.5858658540010617,96
global_sign_pres_real_weight,chunk_1,12,IPC,0.341243613524095,96
global_sign_pres_real_weight,chunk_1,12,KR,0.40521458120365966,96
global_sign_pres_real_weight,chunk_1,12,MC,0.4600430748101889,96
global_sign_pres_real_weight,chunk_1,13,GR,0.6172593996103287,96
global_sign_pres_real_weight,chunk_1,13,IPC,0.3126622259811575,96
global_sign_pres_real_weight,chunk_1,13,KR,0.4392777565159162,96
global_sign_pres_real_weight,chunk_1,13,MC,0.384689681377874,96
global_sign_pres_real_weight,chunk_1,14,GR,0.539150701037472,96
global_sign_pres_real_weight,chunk_1,14,IPC,0.2676252498864786,96
global_sign_pres_real_weight,chunk_1,14,KR,0.3464370558678586,96
global_sign_pres_real_weight,chunk_1,14,MC,0.36659098360457615,96
global_sign_pres_real_weight,chunk_1,15,GR,0.5925833308103834,96
global_sign_pres_real_weight,chunk_1,15,IPC,0.27217536993998914,96
global_sign_pres_real_weight,chunk_1,15,KR,0.4093945674306804,96
global_sign_pres_real_weight,chunk_1,15,MC,0.36091608288651683,96
global_sign_pres_real_weight,chunk_1,16,GR,0.5905988034358206,96
global_sign_pres_real_weight,chunk_1,16,IPC,0.33187188115247085,96
global_sign_pres_real_weight,chunk_1,16,KR,0.47868005705509453,96
global_sign_pres_real_weight,chunk_1,16,MC,0.42316480333629064,96
global_sign_pres_real_weight,chunk_1,17,GR,0.6334011151216461,96
global_sign_pres_real_weight,chunk_1,17,IPC,0.30576490891542374,96
global_sign_pres_real_weight,chunk_1,17,KR,0.45332696789921073,96
global_sign_pres_real_weight,chunk_1,17,MC,0.3849606943435405,96
global_sign_pres_real_weight,chunk_1,18,GR,0.624911367681922,96
global_sign_pres_real_weight,chunk_1,18,IPC,0.314167281869524,96
global_sign_pres_real_weight,chunk_1,18,KR,0.47129419003320444,96
global_sign_pres_real_weight,chunk_1,18,MC,0.42053183290212826,96
global_sign_pres_real_weight,chunk_1,19,GR,0.6222483796643284,96
global_sign_pres_real_weight,chunk_1,19,IPC,0.3196958838736391,96
global_sign_pres_real_weight,chunk_1,19,KR,0.5003756365271635,96
global_sign_pres_real_weight,chunk_1,19,MC,0.4127048235899538,96
global_sign_pres_real_weight,chunk_10,100,GR,0.6234123712679973,96
global_sign_pres_real_weight,chunk_10,100,IPC,0.3247933123212899,96
global_sign_pres_real_weight,chunk_10,100,KR,0.43468275723000294,96
global_sign_pres_real_weight,chunk_10,100,MC,0.37439460110963996,96
global_sign_pres_real_weight,chunk_10,101,GR,0.5856720470748515,96
global_sign_pres_real_weight,chunk_10,101,IPC,0.29043968557914773,96
global_sign_pres_real_weight,chunk_10,101,KR,0.39291584362091164,96
global_sign_pres_real_weight,chunk_10,101,MC,0.364709272452039,96
global_sign_pres_real_weight,chunk_10,102,GR,0.5317534467639484,96
global_sign_pres_real_weight,chunk_10,102,IPC,0.24506170795361515,96
global_sign_pres_real_weight,chunk_10,102,KR,0.3402738703978645,96
global_sign_pres_real_weight,chunk_10,102,MC,0.3033582506948654,96
global_sign_pres_real_weight,chunk_10,103,GR,0.6496501335218584,96
global_sign_pres_real_weight,chunk_10,103,IPC,0.29495810296178204,96
global_sign_pres_real_weight,chunk_10,103,KR,0.4883462168930403,96
global_sign_pres_real_weight,chunk_10,103,MC,0.393503460766728,96
global_sign_pres_real_weight,chunk_10,104,GR,0.552305456944199,96
global_sign_pres_real_weight,chunk_10,104,IPC,0.2875316061435181,96
global_sign_pres_real_weight,chunk_10,104,KR,0.35514314189566826,96
global_sign_pres_real_weight,chunk_10,104,MC,0.333354026103332,96
global_sign_pres_real_weight,chunk_10,105,GR,0.6008765228880721,96
global_sign_pres_real_weight,chunk_10,105,IPC,0.36287564373436215,96
global_sign_pres_real_weight,chunk_10,105,KR,0.39641874683894307,96
global_sign_pres_real_weight,chunk_10,105,MC,0.4581141593389372,96
global_sign_pres_real_weight,chunk_10,106,GR,0.6079518563434593,96
global_sign_pres_real_weight,chunk_10,106,IPC,0.2858364383783462,96
global_sign_pres_real_weight,chunk_10,106,KR,0.41575477152853313,96
global_sign_pres_real_weight,chunk_10,106,MC,0.36229898170673147,96
global_sign_pres_real_weight,chunk_10,107,GR,0.6017753734414037,96
global_sign_pres_real_weight,chunk_10,107,IPC,0.3212428956393742,96
global_sign_pres_real_weight,chunk_10,107,KR,0.43066716722624915,96
global_sign_pres_real_weight,chunk_10,107,MC,0.4033354695582471,96
global_sign_pres_real_weight,chunk_10,108,GR,0.6579526533722971,96
global_sign_pres_real_weight,chunk_10,108,IPC,0.31480794355307085,96
global_sign_pres_real_weight,chunk_10,108,KR,0.4732960024257713,96
global_sign_pres_real_weight,chunk_10,108,MC,0.3974859437468639,96
global_sign_pres_real_weight,chunk_10,109,GR,0.5538461279092116,96
global_sign_pres_real_weight,chunk_10,109,IPC,0.2533051542135635,96
global_sign_pres_real_weight,chunk_10,109,KR,0.35571650688263035,96
global_sign_pres_real_weight,chunk_10,109,MC,0.31534155401228614,96
global_sign_pres_real_weight,chunk_11,110,GR,0.5751519032653628,96
global_sign_pres_real_weight,chunk_11,110,IPC,0.28205021959856047,96
global_sign_pres_real_weight,chunk_11,110,KR,0.3822232566009597,96
global_sign_pres_real_weight,chunk_11,110,MC,0.3750783234265502,96
global_sign_pres_real_weight,chunk_11,111,GR,0.6275082935895512,96
global_sign_pres_real_weight,chunk_11,111,IPC,0.3234005278688057,96
global_sign_pres_real_weight,chunk_11,111,KR,0.4695026646654242,96
global_sign_pres_real_weight,chunk_11,111,MC,0.37629770441718785,96
global_sign_pres_real_weight,chunk_11,112,GR,0.5825312588443652,96
global_sign_pres_real_weight,chunk_11,112,IPC,0.28258895273965234,96
global_sign_pres_real_weight,chunk_11,112,KR,0.3880702588402987,96
global_sign_pres_real_weight,chunk_11,112,MC,0.3506468750611866,96
global_sign_pres_real_weight,chunk_11,113,GR,0.6180781755234964,96
global_sign_pres_real_weight,chunk_11,113,IPC,0.33811060904848983,96
global_sign_pres_real_weight,chunk_11,113,KR,0.4332280322675776,96
global_sign_pres_real_weight,chunk_11,113,MC,0.4329459847095867,96
global_sign_pres_real_weight,chunk_11,114,GR,0.5934251070603171,96
global_sign_pres_real_weight,chunk_11,114,IPC,0.2696371078560901,96
global_sign_pres_real_weight,chunk_11,114,KR,0.40339049742164557,96
global_sign_pres_real_weight,chunk_11,114,MC,0.33025362134591985,96
global_sign_pres_real_weight,chunk_11,115,GR,0.6309787187751904,96
global_sign_pres_real_weight,chunk_11,115,IPC,0.34210364360158746,96
global_sign_pres_real_weight,chunk_11,115,KR,0.47268621995552257,96
global_sign_pres_real_weight,chunk_11,115,MC,0.4356850470564108,96
global_sign_pres_real_weight,chunk_11,116,GR,0.6313021634723122,96
global_sign_pres_real_weight,chunk_11,116,IPC,0.31234698229078484,96
global_sign_pres_real_weight,chunk_11,116,KR,0.45717272611699283,96
global_sign_pres_real_weight,chunk_11,116,MC,0.4090646124729381,96
global_sign_pres_real_weight,chunk_11,117,GR,0.5238187431704561,96
global_sign_pres_real_weight,chunk_11,117,IPC,0.2834849078369191,96
global_sign_pres_real_weight,chunk_11,117,KR,0.3244957906743675,96
global_sign_pres_real_weight,chunk_11,117,MC,0.36953459181785664,96
global_sign_pres_real_weight,chunk_11,118,GR,0.5525156303278653,96
global_sign_pres_real_weight,chunk_11,118,IPC,0.27424792342048554,96
global_sign_pres_real_weight,chunk_11,118,KR,0.35081901018011186,96
global_sign_pres_real_weight,chunk_11,118,MC,0.35900490973126464,96
global_sign_pres_real_weight,chunk_11,119,GR,0.6127331536232296,96
global_sign_pres_real_weight,chunk_11,119,IPC,0.2818948864471052,96
global_sign_pres_real_weight,chunk_11,119,KR,0.4359692863901215,96
global_sign_pres_real_weight,chunk_11,119,MC,0.3844331796176863,96
global_sign_pres_real_weight,chunk_12,120,GR,0.5785351270818372,96
global_sign_pres_real_weight,chunk_12,120,IPC,0.2910892766574093,96
global_sign_pres_real_weight,chunk_12,120,KR,0.38895172141973616,96
global_sign_pres_real_weight,chunk_12,120,MC,0.35840293105628257,96
global_sign_pres_real_weight,chunk_12,121,GR,0.6202775832734283,96
global_sign_pres_real_weight,chunk_12,121,IPC,0.3136754276062954,96
global_sign_pres_real_weight,chunk_12,121,KR,0.45680719210531023,96
global_sign_pres_real_weight,chunk_12,121,MC,0.40319091435287097,96
global_sign_pres_real_weight,chunk_12,122,GR,0.5896374305790294,96
global_sign_pres_real_weight,chunk_12,122,IPC,0.31849080980030703,96
global_sign_pres_real_weight,chunk_12,122,KR,0.41934422953336586,96
global_sign_pres_real_weight,chunk_12,122,MC,0.43269676040943045,96
global_sign_pres_real_weight,chunk_12,123,GR,0.537671862552764,96
global_sign_pres_real_weight,chunk_12,123,IPC,0.2419626355950023,96
global_sign_pres_real_weight,chunk_12,123,KR,0.3378454833943627,96
global_sign_pres_real_weight,chunk_12,123,MC,0.3291328609504355,96
global_sign_pres_real_weight,chunk_12,124,GR,0.6720869443572773,96
global_sign_pres_real_weight,chunk_12,124,IPC,0.3327140984088648,96
global_sign_pres_real_weight,chunk_12,124,KR,0.5095963396010519,96
global_sign_pres_real_weight,chunk_12,124,MC,0.3959389435834381,96
global_sign_pres_real_weight,chunk_12,125,GR,0.6083458638097511,96
global_sign_pres_real_weight,chunk_12,125,IPC,0.35320649676093435,96
global_sign_pres_real_weight,chunk_12,125,KR,0.4749121670029125,96
global_sign_pres_real_weight,chunk_12,125,MC,0.46746435827579746,96
global_sign_pres_real_weight,chunk_12,126,GR,0.6318353844237754,96
global_sign_pres_real_weight,chunk_12,126,IPC,0.28709427682175803,96
global_sign_pres_real_weight,chunk_12,126,KR,0.44716845223356694,96
global_sign_pres_real_weight,chunk_12,126,MC,0.3593402942639982,96
global_sign_pres_real_weight,chunk_12,127,GR,0.6005113413685655,96
global_sign_pres_real_weight,chunk_12,127,IPC,0.2952348250664771,96
global_sign_pres_real_weight,chunk_12,127,KR,0.43929622299068766,96
global_sign_pres_real_weight,chunk_12,127,MC,0.38924984668664964,96
global_sign_pres_real_weight,chunk_12,128,GR,0.6417391430164587,96
global_sign_pres_real_weight,chunk_12,128,IPC,0.3274226193013719,96
global_sign_pres_real_weight,chunk_12,128,KR,0.4924072954632409,96
global_sign_pres_real_weight,chunk_12,128,MC,0.4382492982374878,96
global_sign_pres_real_weight,chunk_12,129,GR,0.6307668752457262,96
global_sign_pres_real_weight,chunk_12,129,IPC,0.34070179512030496,96
global_sign_pres_real_weight,chunk_12,129,KR,0.5079364848834683,96
global_sign_pres_real_weight,chunk_12,129,MC,0.43714695547797966,96
global_sign_pres_real_weight,chunk_13,130,GR,0.5846935919874009,96
global_sign_pres_real_weight,chunk_13,130,IPC,0.2707362697680269,96
global_sign_pres_real_weight,chunk_13,130,KR,0.4068840147932512,96
global_sign_pres_real_weight,chunk_13,130,MC,0.3478200735965463,96
global_sign_pres_real_weight,chunk_13,131,GR,0.6180374743416488,96
global_sign_pres_real_weight,chunk_13,131,IPC,0.37590570266252066,96
global_sign_pres_real_weight,chunk_13,131,KR,0.4492251862243315,96
global_sign_pres_real_weight,chunk_13,131,MC,0.41982942623998826,96
global_sign_pres_real_weight,chunk_13,132,GR,0.6268939238968992,96
global_sign_pres_real_weight,chunk_13,132,IPC,0.3252668377990448,96
global_sign_pres_real_weight,chunk_13,132,KR,0.44738239972008825,96
global_sign_pres_real_weight,chunk_13,132,MC,0.40837897448304833,96
global_sign_pres_real_weight,chunk_13,133,GR,0.6281880075037592,96
global_sign_pres_real_weight,chunk_13,133,IPC,0.3470995718276588,96
global_sign_pres_real_weight,chunk_13,133,KR,0.4522276020921827,96
global_sign_pres_real_weight,chunk_13,133,MC,0.38652413481012665,96
global_sign_pres_real_weight,chunk_13,134,GR,0.5448264453567087,96
global_sign_pres_real_weight,chunk_13,134,IPC,0.23661978328108574,96
global_sign_pres_real_weight,chunk_13,134,KR,0.3574900896058136,96
global_sign_pres_real_weight,chunk_13,134,MC,0.30980231396910085,96
global_sign_pres_real_weight,chunk_13,135,GR,0.6235121003317677,96
global_sign_pres_real_weight,chunk_13,135,IPC,0.3095801881313449,96
global_sign_pres_real_weight,chunk_13,135,KR,0.43494839666698526,96
global_sign_pres_real_weight,chunk_13,135,MC,0.4125288480959139,96
global_sign_pres_real_weight,chunk_13,136,GR,0.571157556435878,96
global_sign_pres_real_weight,chunk_13,136,IPC,0.26638605317608677,96
global_sign_pres_real_weight,chunk_13,136,KR,0.37669672904528767,96
global_sign_pres_real_weight,chunk_13,136,MC,0.3719197906127385,96
global_sign_pres_real_weight,chunk_13,137,GR,0.674647208453562,96
global_sign_pres_real_weight,chunk_13,137,IPC,0.32618700251810634,96
global_sign_pres_real_weight,chunk_13,137,KR,0.5187625722738474,96
global_sign_pres_real_weight,chunk_13,137,MC,0.42354780843659984,96
global_sign_pres_real_weight,chunk_13,138,GR,0.6312895784940268,96
global_sign_pres_real_weight,chunk_13,138,IPC,0.3163205990002809,96
global_sign_pres_real_weight,chunk_13,138,KR,0.4709799142121246,96
global_sign_pres_real_weight,chunk_13,138,MC,0.368822261801431,96
global_sign_pres_real_weight,chunk_13,139,GR,0.5635524370238977,96
global_sign_pres_real_weight,chunk_13,139,IPC,0.24570653071534898,96
global_sign_pres_real_weight,chunk_13,139,KR,0.3689577012728176,96
global_sign_pres_real_weight,chunk_13,139,MC,0.34695728158812505,96
global_sign_pres_real_weight,chunk_14,140,GR,0.5997290178913778,96
global_sign_pres_real_weight,chunk_14,140,IPC,0.27108531970455035,96
global_sign_pres_real_weight,chunk_14,140,KR,0.4303391295444065,96
global_sign_pres_real_weight,chunk_14,140,MC,0.3381071035656407,96
global_sign_pres_real_weight,chunk_14,141,GR,0.5562237835820162,96
global_sign_pres_real_weight,chunk_14,141,IPC,0.2814560527408233,96
global_sign_pres_real_weight,chunk_14,141,KR,0.36673573349398686,96
global_sign_pres_real_weight,chunk_14,141,MC,0.3521369896922377,96
global_sign_pres_real_weight,chunk_14,142,GR,0.5981028700731995,96
global_sign_pres_real_weight,chunk_14,142,IPC,0.29205446073431707,96
global_sign_pres_real_weight,chunk_14,142,KR,0.4184988444021336,96
global_sign_pres_real_weight,chunk_14,142,MC,0.40780083381882454,96
global_sign_pres_real_weight,chunk_14,143,GR,0.5754193350754333,96
global_sign_pres_real_weight,chunk_14,143,IPC,0.29666007704474195,96
global_sign_pres_real_weight,chunk_14,143,KR,0.3797838270637048,96
global_sign_pres_real_weight,chunk_14,143,MC,0.3782428719081362,96
global_sign_pres_real_weight,chunk_14,144,GR,0.6347095663117875,96
global_sign_pres_real_weight,chunk_14,144,IPC,0.34762522836922477,96
global_sign_pres_real_weight,chunk_14,144,KR,0.47145309818438985,96
global_sign_pres_real_weight,chunk_14,144,MC,0.4384565216596789,96
global_sign_pres_real_weight,chunk_14,145,GR,0.5584914039083572,96
global_sign_pres_real_weight,chunk_14,145,IPC,0.2732943977862694,96
global_sign_pres_real_weight,chunk_14,145,KR,0.36165990574336243,96
global_sign_pres_real_weight,chunk_14,145,MC,0.3359646846991893,96
global_sign_pres_real_weight,chunk_14,146,GR,0.6379047305625534,96
global_sign_pres_real_weight,chunk_14,146,IPC,0.2865367074407968,96
global_sign_pres_real_weight,chunk_14,146,KR,0.47765765520680015,96
global_sign_pres_real_weight,chunk_14,146,MC,0.3809362410643704,96
global_sign_pres_real_weight,chunk_14,147,GR,0.5732925288840275,96
global_sign_pres_real_weight,chunk_14,147,IPC,0.326306673417148,96
global_sign_pres_real_weight,chunk_14,147,KR,0.3750180148717783,96
global_sign_pres_real_weight,chunk_14,147,MC,0.3917131079655871,96
global_sign_pres_real_weight,chunk_14,148,GR,0.6242582933789875,96
global_sign_pres_real_weight,chunk_14,148,IPC,0.31607802570912485,96
global_sign_pres_real_weight,chunk_14,148,KR,0.4262023926942957,96
global_sign_pres_real_weight,chunk_14,148,MC,0.3887672492741651,96
global_sign_pres_real_weight,chunk_14,149,GR,0.5435398489709149,96
global_sign_pres_real_weight,chunk_14,149,IPC,0.27235710347299147,96
global_sign_pres_real_weight,chunk_14,149,KR,0.3521230062677863,96
global_sign_pres_real_weight,chunk_14,149,MC,0.35971446324084805,96
global_sign_pres_real_weight,chunk_15,150,GR,0.6103811735536722,96
global_sign_pres_real_weight,chunk_15,150,IPC,0.29537158693252225,96
global_sign_pres_real_weight,chunk_15,150,KR,0.42966481723675626,96
global_sign_pres_real_weight,chunk_15,150,MC,0.36834025733557635,96
global_sign_pres_real_weight,chunk_15,151,GR,0.6410702593180413,96
global_sign_pres_real_weight,chunk_15,151,IPC,0.28748482510502804,96
global_sign_pres_real_weight,chunk_15,151,KR,0.47304614838716424,96
global_sign_pres_real_weight,chunk_15,151,MC,0.4064213968786996,96
global_sign_pres_real_weight,chunk_15,152,GR,0.5820981505872789,96
global_sign_pres_real_weight,chunk_15,152,IPC,0.2986327908448677,96
global_sign_pres_real_weight,chunk_15,152,KR,0.4060046906952836,96
global_sign_pres_real_weight,chunk_15,152,MC,0.38408336201758086,96
global_sign_pres_real_weight,chunk_15,153,GR,0.5945448797053051,96
global_sign_pres_real_weight,chunk_15,153,IPC,0.31202074980797834,96
global_sign_pres_real_weight,chunk_15,153,KR,0.3910754408498111,96
global_sign_pres_real_weight,chunk_15,153,MC,0.380184151252993,96
global_sign_pres_real_weight,chunk_15,154,GR,0.5691167349669553,96
global_sign_pres_real_weight,chunk_15,154,IPC,0.2903884945220408,96
global_sign_pres_real_weight,chunk_15,154,KR,0.37373109412064776,96
global_sign_pres_real_weight,chunk_15,154,MC,0.33360943057594405,96
global_sign_pres_real_weight,chunk_15,155,GR,0.6069184386382296,96
global_sign_pres_real_weight,chunk_15,155,IPC,0.2958162634393884,96
global_sign_pres_real_weight,chunk_15,155,KR,0.41915907011955866,96
global_sign_pres_real_weight,chunk_15,155,MC,0.37527156282850416,96
global_sign_pres_real_weight,chunk_15,156,GR,0.6114614781618779,96
global_sign_pres_real_weight,chunk_15,156,IPC,0.32838984802641685,96
global_sign_pres_real_weight,chunk_15,156,KR,0.4411432213171652,96
global_sign_pres_real_weight,chunk_15,156,MC,0.41585156331967044,96
global_sign_pres_real_weight,chunk_15,157,GR,0.5902298451476203,96
global_sign_pres_real_weight,chunk_15,157,IPC,0.2953941462945993,96
global_sign_pres_real_weight,chunk_15,157,KR,0.39875756139353324,96
global_sign_pres_real_weight,chunk_15,157,MC,0.35630839176657403,96
global_sign_pres_real_weight,chunk_15,158,GR,0.5735340751480187,96
global_sign_pres_real_weight,chunk_15,158,IPC,0.3105298429129157,96
global_sign_pres_real_weight,chunk_15,158,KR,0.37601587374532197,96
global_sign_pres_real_weight,chunk_15,158,MC,0.40546921754671067,96
global_sign_pres_real_weight,chunk_15,159,GR,0.6078735146980685,96
global_sign_pres_real_weight,chunk_15,159,IPC,0.327083073342469,96
global_sign_pres_real_weight,chunk_15,159,KR,0.4493456120570117,96
global_sign_pres_real_weight,chunk_15,159,MC,0.4429200821494819,96
global_sign_pres_real_weight,chunk_16,160,GR,0.6628061715070389,96
global_sign_pres_real_weight,chunk_16,160,IPC,0.2929492264857935,96
global_sign_pres_real_weight,chunk_16,160,KR,0.5035589359345531,96
global_sign_pres_real_weight,chunk_16,160,MC,0.4259315147730889,96
global_sign_pres_real_weight,chunk_16,161,GR,0.6338280956981067,96
global_sign_pres_real_weight,chunk_16,161,IPC,0.3093598739372074,96
global_sign_pres_real_weight,chunk_16,161,KR,0.47192022058263483,96
global_sign_pres_real_weight,chunk_16,161,MC,0.41101022701511103,96
global_sign_pres_real_weight,chunk_16,162,GR,0.5380577185936852,96
global_sign_pres_real_weight,chunk_16,162,IPC,0.24046748732025028,96
global_sign_pres_real_weight,chunk_16,162,KR,0.3444274686891878,96
global_sign_pres_real_weight,chunk_16,162,MC,0.3208355659465123,96
global_sign_pres_real_weight,chunk_16,163,GR,0.533258001373158,96
global_sign_pres_real_weight,chunk_16,163,IPC,0.275563757301136,96
global_sign_pres_real_weight,chunk_16,163,KR,0.34807616494576205,96
global_sign_pres_real_weight,chunk_16,163,MC,0.35080170037263064,96
global_sign_pres_real_weight,chunk_16,164,GR,0.5435942696658665,96
global_sign_pres_real_weight,chunk_16,164,IPC,0.2847778757680363,96
global_sign_pres_real_weight,chunk_16,164,KR,0.3495803460326852,96
global_sign_pres_real_weight,chunk_16,164,MC,0.3662711505980601,96
global_sign_pres_real_weight,chunk_16,165,GR,0.543627709355947,96
global_sign_pres_real_weight,chunk_16,165,IPC,0.25604883731285816,96
global_sign_pres_real_weight,chunk_16,165,KR,0.3488806021474216,96
global_sign_pres_real_weight,chunk_16,165,MC,0.3266379968489539,96
global_sign_pres_real_weight,chunk_16,166,GR,0.5947451668964013,96
global_sign_pres_real_weight,chunk_16,166,IPC,0.3088501095342792,96
global_sign_pres_real_weight,chunk_16,166,KR,0.41150353218069613,96
global_sign_pres_real_weight,chunk_16,166,MC,0.37718345922027685,96
global_sign_pres_real_weight,chunk_16,167,GR,0.6497048194422832,96
global_sign_pres_real_weight,chunk_16,167,IPC,0.34399182138921636,96
global_sign_pres_real_weight,chunk_16,167,KR,0.4647874436751922,96
global_sign_pres_real_weight,chunk_16,167,MC,0.4456071127463355,96
global_sign_pres_real_weight,chunk_16,168,GR,0.6257349559296556,96
global_sign_pres_real_weight,chunk_16,168,IPC,0.4500489224963984,96
global_sign_pres_real_weight,chunk_16,168,KR,0.47399096800328666,96
global_sign_pres_real_weight,chunk_16,168,MC,0.543948022380411,96
global_sign_pres_real_weight,chunk_16,169,GR,0.5713602969943385,96
global_sign_pres_real_weight,chunk_16,169,IPC,0.27383815964352726,96
global_sign_pres_real_weight,chunk_16,169,KR,0.379928776699103,96
global_sign_pres_real_weight,chunk_16,169,MC,0.3567860186136023,96
global_sign_pres_real_weight,chunk_17,170,GR,0.5472144880311561,96
global_sign_pres_real_weight,chunk_17,170,IPC,0.29035014079717125,96
global_sign_pres_real_weight,chunk_17,170,KR,0.3435688663042335,96
global_sign_pres_real_weight,chunk_17,170,MC,0.3631502430677841,96
global_sign_pres_real_weight,chunk_17,171,GR,0.5414089926292883,96
global_sign_pres_real_weight,chunk_17,171,IPC,0.3040463974671303,96
global_sign_pres_real_weight,chunk_17,171,KR,0.3311458813953279,96
global_sign_pres_real_weight,chunk_17,171,MC,0.3835277600106665,96
global_sign_pres_real_weight,chunk_17,172,GR,0.6277256946959754,96
global_sign_pres_real_weight,chunk_17,172,IPC,0.29223698577953217,96
global_sign_pres_real_weight,chunk_17,172,KR,0.44676978116616967,96
global_sign_pres_real_weight,chunk_17,172,MC,0.4123068506451138,96
global_sign_pres_real_weight,chunk_17,173,GR,0.601363298997477,96
global_sign_pres_real_weight,chunk_17,173,IPC,0.29606114531468486,96
global_sign_pres_real_weight,chunk_17,173,KR,0.39951541858295925,96
global_sign_pres_real_weight,chunk_17,173,MC,0.36904203864019036,96
global_sign_pres_real_weight,chunk_17,174,GR,0.5210417048367766,96
global_sign_pres_real_weight,chunk_17,174,IPC,0.24951155143237183,96
global_sign_pres_real_weight,chunk_17,174,KR,0.3269317951551866,96
global_sign_pres_real_weight,chunk_17,174,MC,0.3425596680060124,96
global_sign_pres_real_weight,chunk_17,175,GR,0.6483159023310451,96
global_sign_pres_real_weight,chunk_17,175,IPC,0.3237039395988361,96
global_sign_pres_real_weight,chunk_17,175,KR,0.4525621995126783,96
global_sign_pres_real_weight,chunk_17,175,MC,0.4406717350391999,96
global_sign_pres_real_weight,chunk_17,176,GR,0.5844498558727047,96
global_sign_pres_real_weight,chunk_17,176,IPC,0.29160565208788064,96
global_sign_pres_real_weight,chunk_17,176,KR,0.38737013055484043,96
global_sign_pres_real_weight,chunk_17,176,MC,0.42182032698074273,96
global_sign_pres_real_weight,chunk_17,177,GR,0.6099496106149168,96
global_sign_pres_real_weight,chunk_17,177,IPC,0.3415104943774342,96
global_sign_pres_real_weight,chunk_17,177,KR,0.42208854089982983,96
global_sign_pres_real_weight,chunk_17,177,MC,0.41398462671658764,96
global_sign_pres_real_weight,chunk_17,178,GR,0.5433481004459397,96
global_sign_pres_real_weight,chunk_17,178,IPC,0.32520047875018343,96
global_sign_pres_real_weight,chunk_17,178,KR,0.3385521029086756,96
global_sign_pres_real_weight,chunk_17,178,MC,0.41478257655975737,96
global_sign_pres_real_weight,chunk_17,179,GR,0.6231467918111789,96
global_sign_pres_real_weight,chunk_17,179,IPC,0.3740046257546445,96
global_sign_pres_real_weight,chunk_17,179,KR,0.44760466765359724,96
global_sign_pres_real_weight,chunk_17,179,MC,0.46311690688669227,96
global_sign_pres_real_weight,chunk_18,180,GR,0.5632518160052776,96
global_sign_pres_real_weight,chunk_18,180,IPC,0.2959279383959308,96
global_sign_pres_real_weight,chunk_18,180,KR,0.37034188460042977,96
global_sign_pres_real_weight,chunk_18,180,MC,0.40128630362198286,96
global_sign_pres_real_weight,chunk_18,181,GR,0.6242363994994942,96
global_sign_pres_real_weight,chunk_18,181,IPC,0.35442226586030856,96
global_sign_pres_real_weight,chunk_18,181,KR,0.46423171121052054,96
global_sign_pres_real_weight,chunk_18,181,MC,0.473960708764395,96
global_sign_pres_real_weight,chunk_18,182,GR,0.6008584738934508,96
global_sign_pres_real_weight,chunk_18,182,IPC,0.33448540909213625,96
global_sign_pres_real_weight,chunk_18,182,KR,0.4352909335694948,96
global_sign_pres_real_weight,chunk_18,182,MC,0.45038908885003437,96
global_sign_pres_real_weight,chunk_18,183,GR,0.6102068260460701,96
global_sign_pres_real_weight,chunk_18,183,IPC,0.331775993259731,96
global_sign_pres_real_weight,chunk_18,183,KR,0.43862022328163464,96
global_sign_pres_real_weight,chunk_18,183,MC,0.44114405771680426,96
global_sign_pres_real_weight,chunk_18,184,GR,0.583173913498421,96
global_sign_pres_real_weight,chunk_18,184,IPC,0.349835011660631,96
global_sign_pres_real_weight,chunk_18,184,KR,0.38732969714134097,96
global_sign_pres_real_weight,chunk_18,184,MC,0.4497265510041138,96
global_sign_pres_real_weight,chunk_18,185,GR,0.612723787116299,96
global_sign_pres_real_weight,chunk_18,185,IPC,0.29282121161526503,96
global_sign_pres_real_weight,chunk_18,185,KR,0.45608585942403457,96
global_sign_pres_real_weight,chunk_18,185,MC,0.4182864109960369,96
global_sign_pres_real_weight,chunk_18,186,GR,0.6289157688679233,96
global_sign_pres_real_weight,chunk_18,186,IPC,0.3474276079485582,96
global_sign_pres_real_weight,chunk_18,186,KR,0.4621769783280121,96
global_sign_pres_real_weight,chunk_18,186,MC,0.4328288260609982,96
global_sign_pres_real_weight,chunk_18,187,GR,0.6516818621537487,96
global_sign_pres_real_weight,chunk_18,187,IPC,0.28240675243169544,96
global_sign_pres_real_weight,chunk_18,187,KR,0.468158631241077,96
global_sign_pres_real_weight,chunk_18,187,MC,0.3899979869990789,96
global_sign_pres_real_weight,chunk_18,188,GR,0.5736068689807345,96
global_sign_pres_real_weight,chunk_18,188,IPC,0.3168622208130556,96
global_sign_pres_real_weight,chunk_18,188,KR,0.37256703855392476,96
global_sign_pres_real_weight,chunk_18,188,MC,0.42409458053871407,96
global_sign_pres_real_weight,chunk_18,189,GR,0.6099374455854304,96
global_sign_pres_real_weight,chunk_18,189,IPC,0.3424395865922982,96
global_sign_pres_real_weight,chunk_18,189,KR,0.4254333498864195,96
global_sign_pres_real_weight,chunk_18,189,MC,0.4233707517745303,96
global_sign_pres_real_weight,chunk_19,190,GR,0.6060232450170151,96
global_sign_pres_real_weight,chunk_19,190,IPC,0.3177828885170585,96
global_sign_pres_real_weight,chunk_19,190,KR,0.4215632264470904,96
global_sign_pres_real_weight,chunk_19,190,MC,0.38103281166775455,96
global_sign_pres_real_weight,chunk_19,191,GR,0.6072154317734012,96
global_sign_pres_real_weight,chunk_19,191,IPC,0.34982329044792704,96
global_sign_pres_real_weight,chunk_19,191,KR,0.48109116597845963,96
global_sign_pres_real_weight,chunk_19,191,MC,0.4619579843510759,96
global_sign_pres_real_weight,chunk_19,192,GR,0.5758272443522834,96
global_sign_pres_real_weight,chunk_19,192,IPC,0.2764939654512664,96
global_sign_pres_real_weight,chunk_19,192,KR,0.3867676511463994,96
global_sign_pres_real_weight,chunk_19,192,MC,0.3778076619599857,96
global_sign_pres_real_weight,chunk_19,193,GR,0.6746494845719267,96
global_sign_pres_real_weight,chunk_19,193,IPC,0.3706833111866356,96
global_sign_pres_real_weight,chunk_19,193,KR,0.5526964437082192,96
global_sign_pres_real_weight,chunk_19,193,MC,0.4965248681148787,96
global_sign_pres_real_weight,chunk_19,194,GR,0.5821927720253626,96
global_sign_pres_real_weight,chunk_19,194,IPC,0.3149439508459978,96
global_sign_pres_real_weight,chunk_19,194,KR,0.39087509159697004,96
global_sign_pres_real_weight,chunk_19,194,MC,0.4025185702475199,96
global_sign_pres_real_weight,chunk_19,195,GR,0.6023733037011622,96
global_sign_pres_real_weight,chunk_19,195,IPC,0.24654696766107767,96
global_sign_pres_real_weight,chunk_19,195,KR,0.39706795647162996,96
global_sign_pres_real_weight,chunk_19,195,MC,0.3507529355780433,96
global_sign_pres_real_weight,chunk_19,196,GR,0.5792527265079066,96
global_sign_pres_real_weight,chunk_19,196,IPC,0.2852114949790214,96
global_sign_pres_real_weight,chunk_19,196,KR,0.3850909217694943,96
global_sign_pres_real_weight,chunk_19,196,MC,0.37780585812479156,96
global_sign_pres_real_weight,chunk_19,197,GR,0.6024592407839918,96
global_sign_pres_real_weight,chunk_19,197,IPC,0.3304892992027175,96
global_sign_pres_real_weight,chunk_19,197,KR,0.4092151137713143,96
global_sign_pres_real_weight,chunk_19,197,MC,0.4446927750264876,96
global_sign_pres_real_weight,chunk_19,198,GR,0.5922360800669928,96
global_sign_pres_real_weight,chunk_19,198,IPC,0.2770503043320739,96
global_sign_pres_real_weight,chunk_19,198,KR,0.39867947843041335,96
global_sign_pres_real_weight,chunk_19,198,MC,0.3782437991973762,96
global_sign_pres_real_weight,chunk_19,199,GR,0.5628492469057734,96
global_sign_pres_real_weight,chunk_19,199,IPC,0.32068781747516334,96
global_sign_pres_real_weight,chunk_19,199,KR,0.36269859789514874,96
global_sign_pres_real_weight,chunk_19,199,MC,0.40621746837826667,96
global_sign_pres_real_weight,chunk_2,20,GR,0.5874598527070691,96
global_sign_pres_real_weight,chunk_2,20,IPC,0.28620207391236624,96
global_sign_pres_real_weight,chunk_2,20,KR,0.406157656133083,96
global_sign_pres_real_weight,chunk_2,20,MC,0.39164382008975496,96
global_sign_pres_real_weight,chunk_2,21,GR,0.5913553406259331,96
global_sign_pres_real_weight,chunk_2,21,IPC,0.30246206580165214,96
global_sign_pres_real_weight,chunk_2,21,KR,0.4058095919968562,96
global_sign_pres_real_weight,chunk_2,21,MC,0.3800281017583443,96
global_sign_pres_real_weight,chunk_2,22,GR,0.5796587097521697,96
global_sign_pres_real_weight,chunk_2,22,IPC,0.25740808050556674,96
global_sign_pres_real_weight,chunk_2,22,KR,0.37862902344240046,96
global_sign_pres_real_weight,chunk_2,22,MC,0.358921517828985,96
global_sign_pres_real_weight,chunk_2,23,GR,0.6464227506962174,96
global_sign_pres_real_weight,chunk_2,23,IPC,0.2984179318322571,96
global_sign_pres_real_weight,chunk_2,23,KR,0.5151068150385324,96
global_sign_pres_real_weight,chunk_2,23,MC,0.42031821656129775,96
global_sign_pres_real_weight,chunk_2,24,GR,0.5585812299878834,96
global_sign_pres_real_weight,chunk_2,24,IPC,0.24950857058496376,96
global_sign_pres_real_weight,chunk_2,24,KR,0.3634322230208293,96
global_sign_pres_real_weight,chunk_2,24,MC,0.3099456527841474,96
global_sign_pres_real_weight,chunk_2,25,GR,0.5790933813956246,96
global_sign_pres_real_weight,chunk_2,25,IPC,0.284959150706624,96
global_sign_pres_real_weight,chunk_2,25,KR,0.39160652117843026,96
global_sign_pres_real_weight,chunk_2,25,MC,0.36068012394260107,96
global_sign_pres_real_weight,chunk_2,26,GR,0.5303420069069933,96
global_sign_pres_real_weight,chunk_2,26,IPC,0.2737450647296855,96
global_sign_pres_real_weight,chunk_2,26,KR,0.32999857246601694,96
global_sign_pres_real_weight,chunk_2,26,MC,0.3455220734689025,96
global_sign_pres_real_weight,chunk_2,27,GR,0.5892304665302787,96
global_sign_pres_real_weight,chunk_2,27,IPC,0.30586646213989804,96
global_sign_pres_real_weight,chunk_2,27,KR,0.42389390371052615,96
global_sign_pres_real_weight,chunk_2,27,MC,0.40188089771169366,96
global_sign_pres_real_weight,chunk_2,28,GR,0.643399613439914,96
global_sign_pres_real_weight,chunk_2,28,IPC,0.32186138156049104,96
global_sign_pres_real_weight,chunk_2,28,KR,0.48372269835037385,96
global_sign_pres_real_weight,chunk_2,28,MC,0.392037430930686,96
global_sign_pres_real_weight,chunk_2,29,GR,0.6138165562768648,96
global_sign_pres_real_weight,chunk_2,29,IPC,0.288771956303288,96
global_sign_pres_real_weight,chunk_2,29,KR,0.42232831785589403,96
global_sign_pres_real_weight,chunk_2,29,MC,0.3678902249966414,96
global_sign_pres_real_weight,chunk_3,30,GR,0.6018314937076291,96
global_sign_pres_real_weight,chunk_3,30,IPC,0.25150428138117126,96
global_sign_pres_real_weight,chunk_3,30,KR,0.4191307294885305,96
global_sign_pres_real_weight,chunk_3,30,MC,0.3464012722880494,96
global_sign_pres_real_weight,chunk_3,31,GR,0.6067561525924684,96
global_sign_pres_real_weight,chunk_3,31,IPC,0.2602190851614169,96
global_sign_pres_real_weight,chunk_3,31,KR,0.4234557099597213,96
global_sign_pres_real_weight,chunk_3,31,MC,0.33667516279220344,96
global_sign_pres_real_weight,chunk_3,32,GR,0.6419629213174335,96
global_sign_pres_real_weight,chunk_3,32,IPC,0.3367289125824027,96
global_sign_pres_real_weight,chunk_3,32,KR,0.48652270112872276,96
global_sign_pres_real_weight,chunk_3,32,MC,0.44526852849694337,96
global_sign_pres_real_weight,chunk_3,33,GR,0.5684646913074585,96
global_sign_pres_real_weight,chunk_3,33,IPC,0.3046944897937243,96
global_sign_pres_real_weight,chunk_3,33,KR,0.3829262966004094,96
global_sign_pres_real_weight,chunk_3,33,MC,0.34639687141849657,96
global_sign_pres_real_weight,chunk_3,34,GR,0.6193772217311595,96
global_sign_pres_real_weight,chunk_3,34,IPC,0.31848181233201966,96
global_sign_pres_real_weight,chunk_3,34,KR,0.4702491697518658,96
global_sign_pres_real_weight,chunk_3,34,MC,0.4217763119632689,96
global_sign_pres_real_weight,chunk_3,35,GR,0.599035491821039,96
global_sign_pres_real_weight,chunk_3,35,IPC,0.30456034321591313,96
global_sign_pres_real_weight,chunk_3,35,KR,0.4290156847156879,96
global_sign_pres_real_weight,chunk_3,35,MC,0.3812986948930217,96
global_sign_pres_real_weight,chunk_3,36,GR,0.5834195201708109,96
global_sign_pres_real_weight,chunk_3,36,IPC,0.3097314068400927,96
global_sign_pres_real_weight,chunk_3,36,KR,0.3849507980244406,96
global_sign_pres_real_weight,chunk_3,36,MC,0.37311985289030575,96
global_sign_pres_real_weight,chunk_3,37,GR,0.6530379672580422,96
global_sign_pres_real_weight,chunk_3,37,IPC,0.31884734993905445,96
global_sign_pres_real_weight,chunk_3,37,KR,0.5043066660967281,96
global_sign_pres_real_weight,chunk_3,37,MC,0.4381644891959382,96
global_sign_pres_real_weight,chunk_3,38,GR,0.6052226406416275,96
global_sign_pres_real_weight,chunk_3,38,IPC,0.2979757041197327,96
global_sign_pres_real_weight,chunk_3,38,KR,0.41234555617874225,96
global_sign_pres_real_weight,chunk_3,38,MC,0.3550959030269972,96
global_sign_pres_real_weight,chunk_3,39,GR,0.6443719854190118,96
global_sign_pres_real_weight,chunk_3,39,IPC,0.3511062399866914,96
global_sign_pres_real_weight,chunk_3,39,KR,0.4825014016681231,96
global_sign_pres_real_weight,chunk_3,39,MC,0.4529436896110011,96
global_sign_pres_real_weight,chunk_4,40,GR,0.5793638590147671,96
global_sign_pres_real_weight,chunk_4,40,IPC,0.296466069429009,96
global_sign_pres_real_weight,chunk_4,40,KR,0.40946074092350215,96
global_sign_pres_real_weight,chunk_4,40,MC,0.4334921714661846,96
global_sign_pres_real_weight,chunk_4,41,GR,0.6231398076577108,96
global_sign_pres_real_weight,chunk_4,41,IPC,0.3138742776539727,96
global_sign_pres_real_weight,chunk_4,41,KR,0.43356368869384815,96
global_sign_pres_real_weight,chunk_4,41,MC,0.44232437894614723,96
global_sign_pres_real_weight,chunk_4,42,GR,0.6085111175585975,96
global_sign_pres_real_weight,chunk_4,42,IPC,0.31309486066496395,96
global_sign_pres_real_weight,chunk_4,42,KR,0.4452883787844743,96
global_sign_pres_real_weight,chunk_4,42,MC,0.39001780624356414,96
global_sign_pres_real_weight,chunk_4,43,GR,0.6069337201907457,96
global_sign_pres_real_weight,chunk_4,43,IPC,0.32435054800594265,96
global_sign_pres_real_weight,chunk_4,43,KR,0.45527336747456937,96
global_sign_pres_real_weight,chunk_4,43,MC,0.4066672927806581,96
global_sign_pres_real_weight,chunk_4,44,GR,0.6041224318176052,96
global_sign_pres_real_weight,chunk_4,44,IPC,0.3124852920149174,96
global_sign_pres_real_weight,chunk_4,44,KR,0.41958586039264495,96
global_sign_pres_real_weight,chunk_4,44,MC,0.4138655233274789,96
global_sign_pres_real_weight,chunk_4,45,GR,0.6307319206731791,96
global_sign_pres_real_weight,chunk_4,45,IPC,0.3184452249656197,96
global_sign_pres_real_weight,chunk_4,45,KR,0.45152853756500977,96
global_sign_pres_real_weight,chunk_4,45,MC,0.42103649557314415,96
global_sign_pres_real_weight,chunk_4,46,GR,0.5751919695872664,96
global_sign_pres_real_weight,chunk_4,46,IPC,0.3108017892041777,96
global_sign_pres_real_weight,chunk_4,46,KR,0.39219905488688916,96
global_sign_pres_real_weight,chunk_4,46,MC,0.38305359298563424,96
global_sign_pres_real_weight,chunk_4,47,GR,0.6195455976463514,96
global_sign_pres_real_weight,chunk_4,47,IPC,0.3301602868045728,96
global_sign_pres_real_weight,chunk_4,47,KR,0.4769856669168876,96
global_sign_pres_real_weight,chunk_4,47,MC,0.41440225378044465,96
global_sign_pres_real_weight,chunk_4,48,GR,0.6186425127464804,96
global_sign_pres_real_weight,chunk_4,48,IPC,0.25401125773353894,96
global_sign_pres_real_weight,chunk_4,48,KR,0.43086823176628997,96
global_sign_pres_real_weight,chunk_4,48,MC,0.3208542509036756,96
global_sign_pres_real_weight,chunk_4,49,GR,0.6049621782436875,96
global_sign_pres_real_weight,chunk_4,49,IPC,0.26822209755504445,96
global_sign_pres_real_weight,chunk_4,49,KR,0.4224224500870935,96
global_sign_pres_real_weight,chunk_4,49,MC,0.35323822000090976,96
global_sign_pres_real_weight,chunk_5,50,GR,0.646570944099967,96
global_sign_pres_real_weight,chunk_5,50,IPC,0.30688774439718164,96
global_sign_pres_real_weight,chunk_5,50,KR,0.4818947286065951,96
global_sign_pres_real_weight,chunk_5,50,MC,0.38671866898630153,96
global_sign_pres_real_weight,chunk_5,51,GR,0.5964334327624601,96
global_sign_pres_real_weight,chunk_5,51,IPC,0.2813082833898802,96
global_sign_pres_real_weight,chunk_5,51,KR,0.4129654448073107,96
global_sign_pres_real_weight,chunk_5,51,MC,0.37004983284446846,96
global_sign_pres_real_weight,chunk_5,52,GR,0.6149287703168169,96
global_sign_pres_real_weight,chunk_5,52,IPC,0.2762374462695657,96
global_sign_pres_real_weight,chunk_5,52,KR,0.4461455504292105,96
global_sign_pres_real_weight,chunk_5,52,MC,0.36277853270737076,96
global_sign_pres_real_weight,chunk_5,53,GR,0.5507442403287294,96
global_sign_pres_real_weight,chunk_5,53,IPC,0.271987617252144,96
global_sign_pres_real_weight,chunk_5,53,KR,0.3527777438481723,96
global_sign_pres_real_weight,chunk_5,53,MC,0.32484175580637165,96
global_sign_pres_real_weight,chunk_5,54,GR,0.6567778848858727,96
global_sign_pres_real_weight,chunk_5,54,IPC,0.31189255949899625,96
global_sign_pres_real_weight,chunk_5,54,KR,0.49490137231090275,96
global_sign_pres_real_weight,chunk_5,54,MC,0.40324759494028606,96
global_sign_pres_real_weight,chunk_5,55,GR,0.6187068098242343,96
global_sign_pres_real_weight,chunk_5,55,IPC,0.33864280854519546,96
global_sign_pres_real_weight,chunk_5,55,KR,0.48065331195836286,96
global_sign_pres_real_weight,chunk_5,55,MC,0.4537736947151711,96
global_sign_pres_real_weight,chunk_5,56,GR,0.603357285573095,96
global_sign_pres_real_weight,chunk_5,56,IPC,0.2889291274629624,96
global_sign_pres_real_weight,chunk_5,56,KR,0.4300522894478376,96
global_sign_pres_real_weight,chunk_5,56,MC,0.369146165897935,96
global_sign_pres_real_weight,chunk_5,57,GR,0.5912307161506055,96
global_sign_pres_real_weight,chunk_5,57,IPC,0.30622454888968137,96
global_sign_pres_real_weight,chunk_5,57,KR,0.4261830743711077,96
global_sign_pres_real_weight,chunk_5,57,MC,0.4362140037158937,96
global_sign_pres_real_weight,chunk_5,58,GR,0.5670155941208651,96
global_sign_pres_real_weight,chunk_5,58,IPC,0.28990252395865995,96
global_sign_pres_real_weight,chunk_5,58,KR,0.3627500408750465,96
global_sign_pres_real_weight,chunk_5,58,MC,0.3564430774880768,96
global_sign_pres_real_weight,chunk_5,59,GR,0.6458339802436943,96
global_sign_pres_real_weight,chunk_5,59,IPC,0.3113351047412726,96
global_sign_pres_real_weight,chunk_5,59,KR,0.473600660740049,96
global_sign_pres_real_weight,chunk_5,59,MC,0.39376380589196885,96
global_sign_pres_real_weight,chunk_6,60,GR,0.6040213900346147,96
global_sign_pres_real_weight,chunk_6,60,IPC,0.3208766767044503,96
global_sign_pres_real_weight,chunk_6,60,KR,0.42112149414940436,96
global_sign_pres_real_weight,chunk_6,60,MC,0.37613082850789253,96
global_sign_pres_real_weight,chunk_6,61,GR,0.6199939774984952,96
global_sign_pres_real_weight,chunk_6,61,IPC,0.3743636968586318,96
global_sign_pres_real_weight,chunk_6,61,KR,0.46029472858530174,96
global_sign_pres_real_weight,chunk_6,61,MC,0.4466117646553951,96
global_sign_pres_real_weight,chunk_6,62,GR,0.6188445106074367,96
global_sign_pres_real_weight,chunk_6,62,IPC,0.3169709357111494,96
global_sign_pres_real_weight,chunk_6,62,KR,0.4572818482715212,96
global_sign_pres_real_weight,chunk_6,62,MC,0.4431680572867756,96
global_sign_pres_real_weight,chunk_6,63,GR,0.5882728786036332,96
global_sign_pres_real_weight,chunk_6,63,IPC,0.30414751461561984,96
global_sign_pres_real_weight,chunk_6,63,KR,0.40483027703532654,96
global_sign_pres_real_weight,chunk_6,63,MC,0.3777062963293676,96
global_sign_pres_real_weight,chunk_6,64,GR,0.6111522622847689,96
global_sign_pres_real_weight,chunk_6,64,IPC,0.33113720020700566,96
global_sign_pres_real_weight,chunk_6,64,KR,0.41381124722026996,96
global_sign_pres_real_weight,chunk_6,64,MC,0.39048437900200567,96
global_sign_pres_real_weight,chunk_6,65,GR,0.6139262184103785,96
global_sign_pres_real_weight,chunk_6,65,IPC,0.33357673025591406,96
global_sign_pres_real_weight,chunk_6,65,KR,0.4655081209008457,96
global_sign_pres_real_weight,chunk_6,65,MC,0.4271064604814551,96
global_sign_pres_real_weight,chunk_6,66,GR,0.6121796984040951,96
global_sign_pres_real_weight,chunk_6,66,IPC,0.35651558023478686,96
global_sign_pres_real_weight,chunk_6,66,KR,0.47559734519783087,96
global_sign_pres_real_weight,chunk_6,66,MC,0.44715882048123157,96
global_sign_pres_real_weight,chunk_6,67,GR,0.5890017156461914,96
global_sign_pres_real_weight,chunk_6,67,IPC,0.29614337450866873,96
global_sign_pres_real_weight,chunk_6,67,KR,0.3995113951185282,96
global_sign_pres_real_weight,chunk_6,67,MC,0.37215223736529796,96
global_sign_pres_real_weight,chunk_6,68,GR,0.6028455061812208,96
global_sign_pres_real_weight,chunk_6,68,IPC,0.3232069722358527,96
global_sign_pres_real_weight,chunk_6,68,KR,0.44527514668511137,96
global_sign_pres_real_weight,chunk_6,68,MC,0.4138843126972904,96
global_sign_pres_real_weight,chunk_6,69,GR,0.6109711020989425,96
global_sign_pres_real_weight,chunk_6,69,IPC,0.31332736762105956,96
global_sign_pres_real_weight,chunk_6,69,KR,0.4502756884927384,96
global_sign_pres_real_weight,chunk_6,69,MC,0.40012807894749547,96
global_sign_pres_real_weight,chunk_7,70,GR,0.6043265085915169,96
global_sign_pres_real_weight,chunk_7,70,IPC,0.32246365836746516,96
global_sign_pres_real_weight,chunk_7,70,KR,0.4253375736366107,96
global_sign_pres_real_weight,chunk_7,70,MC,0.3934749118532991,96
global_sign_pres_real_weight,chunk_7,71,GR,0.6355643852231091,96
global_sign_pres_real_weight,chunk_7,71,IPC,0.26620947353139895,96
global_sign_pres_real_weight,chunk_7,71,KR,0.4393896511413247,96
global_sign_pres_real_weight,chunk_7,71,MC,0.3303673200963245,96
global_sign_pres_real_weight,chunk_7,72,GR,0.5781065976552842,96
global_sign_pres_real_weight,chunk_7,72,IPC,0.2453158139755232,96
global_sign_pres_real_weight,chunk_7,72,KR,0.3862055577298413,96
global_sign_pres_real_weight,chunk_7,72,MC,0.32494877338711425,96
global_sign_pres_real_weight,chunk_7,73,GR,0.6414706326776339,96
global_sign_pres_real_weight,chunk_7,73,IPC,0.3198215487933159,96
global_sign_pres_real_weight,chunk_7,73,KR,0.48708559849761196,96
global_sign_pres_real_weight,chunk_7,73,MC,0.4107715497834398,96
global_sign_pres_real_weight,chunk_7,74,GR,0.543056905339637,96
global_sign_pres_real_weight,chunk_7,74,IPC,0.281356731001649,96
global_sign_pres_real_weight,chunk_7,74,KR,0.35810872588366144,96
global_sign_pres_real_weight,chunk_7,74,MC,0.359281730722694,96
global_sign_pres_real_weight,chunk_7,75,GR,0.651884720273441,96
global_sign_pres_real_weight,chunk_7,75,IPC,0.35152512521859547,96
global_sign_pres_real_weight,chunk_7,75,KR,0.5113344860341704,96
global_sign_pres_real_weight,chunk_7,75,MC,0.4361410034002698,96
global_sign_pres_real_weight,chunk_7,76,GR,0.6318826469769812,96
global_sign_pres_real_weight,chunk_7,76,IPC,0.3272035440956368,96
global_sign_pres_real_weight,chunk_7,76,KR,0.46047027731008927,96
global_sign_pres_real_weight,chunk_7,76,MC,0.40785047079120224,96
global_sign_pres_real_weight,chunk_7,77,GR,0.5692952972412436,96
global_sign_pres_real_weight,chunk_7,77,IPC,0.31483921957261163,96
global_sign_pres_real_weight,chunk_7,77,KR,0.38424204343378005,96
global_sign_pres_real_weight,chunk_7,77,MC,0.40891455375707275,96
global_sign_pres_real_weight,chunk_7,78,GR,0.6108406416477297,96
global_sign_pres_real_weight,chunk_7,78,IPC,0.2859094041128905,96
global_sign_pres_real_weight,chunk_7,78,KR,0.4415560454257315,96
global_sign_pres_real_weight,chunk_7,78,MC,0.36872383374173373,96
global_sign_pres_real_weight,chunk_7,79,GR,0.6174362613608878,96
global_sign_pres_real_weight,chunk_7,79,IPC,0.2966175253533928,96
global_sign_pres_real_weight,chunk_7,79,KR,0.4426246199951743,96
global_sign_pres_real_weight,chunk_7,79,MC,0.37645265759082286,96
global_sign_pres_real_weight,chunk_8,80,GR,0.6308527782366725,96
global_sign_pres_real_weight,chunk_8,80,IPC,0.3324857796224269,96
global_sign_pres_real_weight,chunk_8,80,KR,0.4351007074247852,96
global_sign_pres_real_weight,chunk_8,80,MC,0.4084407666927373,96
global_sign_pres_real_weight,chunk_8,81,GR,0.5975690732150439,96
global_sign_pres_real_weight,chunk_8,81,IPC,0.3053609277242407,96
global_sign_pres_real_weight,chunk_8,81,KR,0.4062754318643446,96
global_sign_pres_real_weight,chunk_8,81,MC,0.3691392737780133,96
global_sign_pres_real_weight,chunk_8,82,GR,0.63689956968025,96
global_sign_pres_real_weight,chunk_8,82,IPC,0.3426547579217029,96
global_sign_pres_real_weight,chunk_8,82,KR,0.4837449613158814,96
global_sign_pres_real_weight,chunk_8,82,MC,0.4406528058547831,96
global_sign_pres_real_weight,chunk_8,83,GR,0.6226130202236918,96
global_sign_pres_real_weight,chunk_8,83,IPC,0.3441771662753076,96
global_sign_pres_real_weight,chunk_8,83,KR,0.44595440825229565,96
global_sign_pres_real_weight,chunk_8,83,MC,0.4404357555438746,96
global_sign_pres_real_weight,chunk_8,84,GR,0.5460633612099429,96
global_sign_pres_real_weight,chunk_8,84,IPC,0.2381371190993137,96
global_sign_pres_real_weight,chunk_8,84,KR,0.34982260003988347,96
global_sign_pres_real_weight,chunk_8,84,MC,0.2857637177094805,96
global_sign_pres_real_weight,chunk_8,85,GR,0.5782204733951837,96
global_sign_pres_real_weight,chunk_8,85,IPC,0.2669459217803671,96
global_sign_pres_real_weight,chunk_8,85,KR,0.37528192758896334,96
global_sign_pres_real_weight,chunk_8,85,MC,0.3926822306978578,96
global_sign_pres_real_weight,chunk_8,86,GR,0.624059549600669,96
global_sign_pres_real_weight,chunk_8,86,IPC,0.3136505780159773,96
global_sign_pres_real_weight,chunk_8,86,KR,0.43294967300158066,96
global_sign_pres_real_weight,chunk_8,86,MC,0.3956656317295389,96
global_sign_pres_real_weight,chunk_8,87,GR,0.631018531541349,96
global_sign_pres_real_weight,chunk_8,87,IPC,0.31485288250162696,96
global_sign_pres_real_weight,chunk_8,87,KR,0.48353342166955904,96
global_sign_pres_real_weight,chunk_8,87,MC,0.3870535200143514,96
global_sign_pres_real_weight,chunk_8,88,GR,0.6000940795490853,96
global_sign_pres_real_weight,chunk_8,88,IPC,0.324892832267296,96
global_sign_pres_real_weight,chunk_8,88,KR,0.4266304533844461,96
global_sign_pres_real_weight,chunk_8,88,MC,0.410327398358796,96
global_sign_pres_real_weight,chunk_8,89,GR,0.6609052572554432,96
global_sign_pres_real_weight,chunk_8,89,IPC,0.3283554186819688,96
global_sign_pres_real_weight,chunk_8,89,KR,0.4828242049880762,96
global_sign_pres_real_weight,chunk_8,89,MC,0.3890051260324239,96
global_sign_pres_real_weight,chunk_9,90,GR,0.5617698756680689,96
global_sign_pres_real_weight,chunk_9,90,IPC,0.2740898931832638,96
global_sign_pres_real_weight,chunk_9,90,KR,0.37204967097023006,96
global_sign_pres_real_weight,chunk_9,90,MC,0.3454730202913439,96
global_sign_pres_real_weight,chunk_9,91,GR,0.6268307688866797,96
global_sign_pres_real_weight,chunk_9,91,IPC,0.3244269510071,96
global_sign_pres_real_weight,chunk_9,91,KR,0.45794946481855525,96
global_sign_pres_real_weight,chunk_9,91,MC,0.4238976760253585,96
global_sign_pres_real_weight,chunk_9,92,GR,0.6037720437670836,96
global_sign_pres_real_weight,chunk_9,92,IPC,0.2761303544821765,96
global_sign_pres_real_weight,chunk_9,92,KR,0.40693939436380794,96
global_sign_pres_real_weight,chunk_9,92,MC,0.3645242919170269,96
global_sign_pres_real_weight,chunk_9,93,GR,0.5951789758420875,96
global_sign_pres_real_weight,chunk_9,93,IPC,0.24039620051192634,96
global_sign_pres_real_weight,chunk_9,93,KR,0.41537873293544686,96
global_sign_pres_real_weight,chunk_9,93,MC,0.32844492853404383,96
global_sign_pres_real_weight,chunk_9,94,GR,0.6168057700372954,96
global_sign_pres_real_weight,chunk_9,94,IPC,0.29574982685605683,96
global_sign_pres_real_weight,chunk_9,94,KR,0.44546507859744977,96
global_sign_pres_real_weight,chunk_9,94,MC,0.3602449047381255,96
global_sign_pres_real_weight,chunk_9,95,GR,0.6491137468245253,96
global_sign_pres_real_weight,chunk_9,95,IPC,0.2930421126986481,96
global_sign_pres_real_weight,chunk_9,95,KR,0.46019679037741,96
global_sign_pres_real_weight,chunk_9,95,MC,0.39972137795317914,96
global_sign_pres_real_weight,chunk_9,96,GR,0.6070804850258912,96
global_sign_pres_real_weight,chunk_9,96,IPC,0.29500162750810005,96
global_sign_pres_real_weight,chunk_9,96,KR,0.42076741140132917,96
global_sign_pres_real_weight,chunk_9,96,MC,0.37123082208178637,96
global_sign_pres_real_weight,chunk_9,97,GR,0.5154878743604078,96
global_sign_pres_real_weight,chunk_9,97,IPC,0.2890865589435136,96
global_sign_pres_real_weight,chunk_9,97,KR,0.33203461846666016,96
global_sign_pres_real_weight,chunk_9,97,MC,0.3309908979746603,96
global_sign_pres_real_weight,chunk_9,98,GR,0.56578075023826,96
global_sign_pres_real_weight,chunk_9,98,IPC,0.27336709731042386,96
global_sign_pres_real_weight,chunk_9,98,KR,0.382109357362781,96
global_sign_pres_real_weight,chunk_9,98,MC,0.34183400693197713,96
global_sign_pres_real_weight,chunk_9,99,GR,0.5326938540816044,96
global_sign_pres_real_weight,chunk_9,99,IPC,0.2059512218850351,96
global_sign_pres_real_weight,chunk_9,99,KR,0.3501269580397702,96
global_sign_pres_real_weight,chunk_9,99,MC,0.28213022940050303,96
local_sign,chunk_0,0,GR,0.7455973003947045,96
local_sign,chunk_0,0,IPC,0.35878308869120956,96
local_sign,chunk_0,0,KR,0.6114834592107605,96
local_sign,chunk_0,0,MC,0.4226549828584207,96
local_sign,chunk_0,1,GR,0.7509792974189957,96
local_sign,chunk_0,1,IPC,0.3281784549422409,96
local_sign,chunk_0,1,KR,0.6191952849537468,96
local_sign,chunk_0,1,MC,0.4042989103469772,96
local_sign,chunk_0,2,GR,0.7640954959630217,96
local_sign,chunk_0,2,IPC,0.35639097759997257,96
local_sign,chunk_0,2,KR,0.6974391805978677,96
local_sign,chunk_0,2,MC,0.48145741390121827,96
local_sign,chunk_0,3,GR,0.6822128074308537,96
local_sign,chunk_0,3,IPC,0.35919194586854525,96
local_sign,chunk_0,3,KR,0.49916657461454567,96
local_sign,chunk_0,3,MC,0.4042957817600526,96
local_sign,chunk_0,4,GR,0.7281424589352262,96
local_sign,chunk_0,4,IPC,0.37993903137668483,96
local_sign,chunk_0,4,KR,0.5603973010528935,96
local_sign,chunk_0,4,MC,0.4502432799953782,96
local_sign,chunk_0,5,GR,0.7618320636156997,96
local_sign,chunk_0,5,IPC,0.33701610551135336,96
local_sign,chunk_0,5,KR,0.6042342606581197,96
local_sign,chunk_0,5,MC,0.41906349849827995,96
local_sign,chunk_0,6,GR,0.7592658852907233,96
local_sign,chunk_0,6,IPC,0.3221037920948756,96
local_sign,chunk_0,6,KR,0.6222900455389722,96
local_sign,chunk_0,6,MC,0.41560293240473634,96
local_sign,chunk_0,7,GR,0.7451303537174282,96
local_sign,chunk_0,7,IPC,0.34087954986908153,96
local_sign,chunk_0,7,KR,0.6140421382222696,96
local_sign,chunk_0,7,MC,0.3964568607505181,96
local_sign,chunk_0,8,GR,0.743287843905419,96
local_sign,chunk_0,8,IPC,0.3888446100593347,96
local_sign,chunk_0,8,KR,0.5747352526682047,96
local_sign,chunk_0,8,MC,0.45624875627121275,96
local_sign,chunk_0,9,GR,0.7716893353807719,96
local_sign,chunk_0,9,IPC,0.34369596934996355,96
local_sign,chunk_0,9,KR,0.6556121076631292,96
local_sign,chunk_0,9,MC,0.4305328434167611,96
local_sign,chunk_1,10,GR,0.7338732405407863,96
local_sign,chunk_1,10,IPC,0.355898808845028,96
local_sign,chunk_1,10,KR,0.5641360884920352,96
local_sign,chunk_1,10,MC,0.4200402495015212,96
local_sign,chunk_1,11,GR,0.7463824376098276,96
local_sign,chunk_1,11,IPC,0.3080058341770771,96
local_sign,chunk_1,11,KR,0.6156520496352703,96
local_sign,chunk_1,11,MC,0.4199905015688792,96
local_sign,chunk_1,12,GR,0.6792847730153456,96
local_sign,chunk_1,12,IPC,0.3587230888817504,96
local_sign,chunk_1,12,KR,0.5075364539832415,96
local_sign,chunk_1,12,MC,0.43216753528113117,96
local_sign,chunk_1,13,GR,0.7648789198748553,96
local_sign,chunk_1,13,IPC,0.33571402867856265,96
local_sign,chunk_1,13,KR,0.6360144239004575,96
local_sign,chunk_1,13,MC,0.4525378858030576,96
local_sign,chunk_1,14,GR,0.7857110476331415,96
local_sign,chunk_1,14,IPC,0.33657376993650423,96
local_sign,chunk_1,14,KR,0.6643928944695453,96
local_sign,chunk_1,14,MC,0.41180457251325403,96
local_sign,chunk_1,15,GR,0.7396129590684545,96
local_sign,chunk_1,15,IPC,0.3486016279397866,96
local_sign,chunk_1,15,KR,0.6003929170787721,96
local_sign,chunk_1,15,MC,0.45175537412138916,96
local_sign,chunk_1,16,GR,0.7391392319209956,96
local_sign,chunk_1,16,IPC,0.31722704896760123,96
local_sign,chunk_1,16,KR,0.6509576446528882,96
local_sign,chunk_1,16,MC,0.4267462093576075,96
local_sign,chunk_1,17,GR,0.7437091431765835,96
local_sign,chunk_1,17,IPC,0.36013766000237435,96
local_sign,chunk_1,17,KR,0.600841396292751,96
local_sign,chunk_1,17,MC,0.41428427899642967,96
local_sign,chunk_1,18,GR,0.6896873550152591,96
local_sign,chunk_1,18,IPC,0.2787236137931306,96
local_sign,chunk_1,18,KR,0.6276001288036198,96
local_sign,chunk_1,18,MC,0.43416693593728534,96
local_sign,chunk_1,19,GR,0.7623881948256932,96
local_sign,chunk_1,19,IPC,0.31110060325454136,96
local_sign,chunk_1,19,KR,0.6857925788220028,96
local_sign,chunk_1,19,MC,0.42101912907870775,96
local_sign,chunk_10,100,GR,0.7786633661884291,96
local_sign,chunk_10,100,IPC,0.32768835482212827,96
local_sign,chunk_10,100,KR,0.6684689657324224,96
local_sign,chunk_10,100,MC,0.4236517095915768,96
local_sign,chunk_10,101,GR,0.7122584614777535,96
local_sign,chunk_10,101,IPC,0.3451770720494821,96
local_sign,chunk_10,101,KR,0.5339624179141065,96
local_sign,chunk_10,101,MC,0.3930779181289358,96
local_sign,chunk_10,102,GR,0.7092764638225612,96
local_sign,chunk_10,102,IPC,0.3440967182726681,96
local_sign,chunk_10,102,KR,0.5153683516227241,96
local_sign,chunk_10,102,MC,0.42233859799760975,96
local_sign,chunk_10,103,GR,0.7529365189696273,96
local_sign,chunk_10,103,IPC,0.32076258508960603,96
local_sign,chunk_10,103,KR,0.6498152911960685,96
local_sign,chunk_10,103,MC,0.44492761566442013,96
local_sign,chunk_10,104,GR,0.7466258437710057,96
local_sign,chunk_10,104,IPC,0.3536827389302458,96
local_sign,chunk_10,104,KR,0.6291485579541434,96
local_sign,chunk_10,104,MC,0.4376918511623363,96
local_sign,chunk_10,105,GR,0.7527645168680137,96
local_sign,chunk_10,105,IPC,0.38576093792639876,96
local_sign,chunk_10,105,KR,0.6188792822452965,96
local_sign,chunk_10,105,MC,0.46277087537880746,96
local_sign,chunk_10,106,GR,0.7591371014443428,96
local_sign,chunk_10,106,IPC,0.3557164038318302,96
local_sign,chunk_10,106,KR,0.6449101652545014,96
local_sign,chunk_10,106,MC,0.4555629130862945,96
local_sign,chunk_10,107,GR,0.7413296825444968,96
local_sign,chunk_10,107,IPC,0.3431973793898865,96
local_sign,chunk_10,107,KR,0.6184823152796665,96
local_sign,chunk_10,107,MC,0.4408798716486616,96
local_sign,chunk_10,108,GR,0.7444995884831627,96
local_sign,chunk_10,108,IPC,0.36716788515436205,96
local_sign,chunk_10,108,KR,0.5881288748964726,96
local_sign,chunk_10,108,MC,0.45425007075918666,96
local_sign,chunk_10,109,GR,0.7485433172253023,96
local_sign,chunk_10,109,IPC,0.3695700305053408,96
local_sign,chunk_10,109,KR,0.5819280438397614,96
local_sign,chunk_10,109,MC,0.39554708475064887,96
local_sign,chunk_11,110,GR,0.7475828940753558,96
local_sign,chunk_11,110,IPC,0.3596607047004561,96
local_sign,chunk_11,110,KR,0.5966278227245222,96
local_sign,chunk_11,110,MC,0.43844072683628355,96
local_sign,chunk_11,111,GR,0.7667244295907052,96
local_sign,chunk_11,111,IPC,0.30366069127172757,96
local_sign,chunk_11,111,KR,0.6447062923641839,96
local_sign,chunk_11,111,MC,0.39537651426356685,96
local_sign,chunk_11,112,GR,0.7539981317836908,96
local_sign,chunk_11,112,IPC,0.32820280913614425,96
local_sign,chunk_11,112,KR,0.6137818330224609,96
local_sign,chunk_11,112,MC,0.39031110281769554,96
local_sign,chunk_11,113,GR,0.7181548116060947,96
local_sign,chunk_11,113,IPC,0.3128077801330181,96
local_sign,chunk_11,113,KR,0.6491824828491245,96
local_sign,chunk_11,113,MC,0.4126979553077286,96
local_sign,chunk_11,114,GR,0.7267859529277214,96
local_sign,chunk_11,114,IPC,0.3657196831912,96
local_sign,chunk_11,114,KR,0.5424237635589304,96
local_sign,chunk_11,114,MC,0.4155845473008383,96
local_sign,chunk_11,115,GR,0.7505907548291474,96
local_sign,chunk_11,115,IPC,0.36048105755736093,96
local_sign,chunk_11,115,KR,0.5770679732184095,96
local_sign,chunk_11,115,MC,0.4426481972941134,96
local_sign,chunk_11,116,GR,0.7479331968893504,96
local_sign,chunk_11,116,IPC,0.3483067202406308,96
local_sign,chunk_11,116,KR,0.5719133959947489,96
local_sign,chunk_11,116,MC,0.3894395062962629,96
local_sign,chunk_11,117,GR,0.7419654923429035,96
local_sign,chunk_11,117,IPC,0.3182077297319886,96
local_sign,chunk_11,117,KR,0.6280467819715375,96
local_sign,chunk_11,117,MC,0.3804075327326753,96
local_sign,chunk_11,118,GR,0.7413002518898185,96
local_sign,chunk_11,118,IPC,0.3054525291135554,96
local_sign,chunk_11,118,KR,0.6620137504449258,96
local_sign,chunk_11,118,MC,0.4092717040886309,96
local_sign,chunk_11,119,GR,0.7310664086975405,96
local_sign,chunk_11,119,IPC,0.33195147513206047,96
local_sign,chunk_11,119,KR,0.5816413189302861,96
local_sign,chunk_11,119,MC,0.39108943707315774,96
local_sign,chunk_12,120,GR,0.7665178818407816,96
local_sign,chunk_12,120,IPC,0.32566101534657016,96
local_sign,chunk_12,120,KR,0.6267513465283014,96
local_sign,chunk_12,120,MC,0.40418162447954314,96
local_sign,chunk_12,121,GR,0.7413866219312211,96
local_sign,chunk_12,121,IPC,0.36822276394293246,96
local_sign,chunk_12,121,KR,0.647109443446625,96
local_sign,chunk_12,121,MC,0.4787169958907983,96
local_sign,chunk_12,122,GR,0.7572950118148672,96
local_sign,chunk_12,122,IPC,0.36981181250202444,96
local_sign,chunk_12,122,KR,0.6139896945673253,96
local_sign,chunk_12,122,MC,0.43592844937837877,96
local_sign,chunk_12,123,GR,0.7521221367977436,96
local_sign,chunk_12,123,IPC,0.32215687299200324,96
local_sign,chunk_12,123,KR,0.6264915717419228,96
local_sign,chunk_12,123,MC,0.39079182395652345,96
local_sign,chunk_12,124,GR,0.7247874094336721,96
local_sign,chunk_12,124,IPC,0.34380818828322274,96
local_sign,chunk_12,124,KR,0.5409937864197686,96
local_sign,chunk_12,124,MC,0.37892693873587296,96
local_sign,chunk_12,125,GR,0.7613531229014768,96
local_sign,chunk_12,125,IPC,0.3371608594431278,96
local_sign,chunk_12,125,KR,0.6463153800204501,96
local_sign,chunk_12,125,MC,0.40250378699197403,96
local_sign,chunk_12,126,GR,0.6967417639171727,96
local_sign,chunk_12,126,IPC,0.34751014513256195,96
local_sign,chunk_12,126,KR,0.49294183562361915,96
local_sign,chunk_12,126,MC,0.3971712998644013,96
local_sign,chunk_12,127,GR,0.7253039748352387,96
local_sign,chunk_12,127,IPC,0.3530358185964783,96
local_sign,chunk_12,127,KR,0.5541147075228966,96
local_sign,chunk_12,127,MC,0.4216871051634402,96
local_sign,chunk_12,128,GR,0.7465386359573877,96
local_sign,chunk_12,128,IPC,0.3444231624422389,96
local_sign,chunk_12,128,KR,0.6097312459113555,96
local_sign,chunk_12,128,MC,0.4102281331039362,96
local_sign,chunk_12,129,GR,0.7272129204956592,96
local_sign,chunk_12,129,IPC,0.3089768038220462,96
local_sign,chunk_12,129,KR,0.5841716292977729,96
local_sign,chunk_12,129,MC,0.3991718968854408,96
local_sign,chunk_13,130,GR,0.7690858438768572,96
local_sign,chunk_13,130,IPC,0.3744752168520165,96
local_sign,chunk_13,130,KR,0.6298720621115631,96
local_sign,chunk_13,130,MC,0.46353091048026007,96
local_sign,chunk_13,131,GR,0.7152511015367969,96
local_sign,chunk_13,131,IPC,0.397517308473766,96
local_sign,chunk_13,131,KR,0.5446292670081568,96
local_sign,chunk_13,131,MC,0.4490270102972112,96
local_sign,chunk_13,132,GR,0.7499672798044532,96
local_sign,chunk_13,132,IPC,0.3353014891769101,96
local_sign,chunk_13,132,KR,0.6186611080730474,96
local_sign,chunk_13,132,MC,0.41639866357282124,96
local_sign,chunk_13,133,GR,0.7852753999912534,96
local_sign,chunk_13,133,IPC,0.3257823708220336,96
local_sign,chunk_13,133,KR,0.6619458668599625,96
local_sign,chunk_13,133,MC,0.41281084693964193,96
local_sign,chunk_13,134,GR,0.7373970292755069,96
local_sign,chunk_13,134,IPC,0.3062546458667695,96
local_sign,chunk_13,134,KR,0.6023649522992908,96
local_sign,chunk_13,134,MC,0.41178756590556276,96
local_sign,chunk_13,135,GR,0.7139537959609251,96
local_sign,chunk_13,135,IPC,0.368185415293648,96
local_sign,chunk_13,135,KR,0.5271077132305508,96
local_sign,chunk_13,135,MC,0.424360655244863,96
local_sign,chunk_13,136,GR,0.7772047946423442,96
local_sign,chunk_13,136,IPC,0.29597772360259356,96
local_sign,chunk_13,136,KR,0.6699417507760843,96
local_sign,chunk_13,136,MC,0.3802120793155583,96
local_sign,chunk_13,137,GR,0.6860035121491458,96
local_sign,chunk_13,137,IPC,0.36127689883763936,96
local_sign,chunk_13,137,KR,0.4902889396218681,96
local_sign,chunk_13,137,MC,0.4173964856023994,96
local_sign,chunk_13,138,GR,0.7377909156364391,96
local_sign,chunk_13,138,IPC,0.3366837753170806,96
local_sign,chunk_13,138,KR,0.5819248284559844,96
local_sign,chunk_13,138,MC,0.41844733613129576,96
local_sign,chunk_13,139,GR,0.7120505775237149,96
local_sign,chunk_13,139,IPC,0.3349096870309741,96
local_sign,chunk_13,139,KR,0.5345733870686115,96
local_sign,chunk_13,139,MC,0.38625270216876084,96
local_sign,chunk_14,140,GR,0.7604998972209726,96
local_sign,chunk_14,140,IPC,0.32046665175907707,96
local_sign,chunk_14,140,KR,0.6246813081420313,96
local_sign,chunk_14,140,MC,0.38304411259510707,96
local_sign,chunk_14,141,GR,0.6969864533725418,96
local_sign,chunk_14,141,IPC,0.38720696045550745,96
local_sign,chunk_14,141,KR,0.5170056469354256,96
local_sign,chunk_14,141,MC,0.44040926239101685,96
local_sign,chunk_14,142,GR,0.7362367094200521,96
local_sign,chunk_14,142,IPC,0.36725093542282644,96
local_sign,chunk_14,142,KR,0.5572524996751835,96
local_sign,chunk_14,142,MC,0.40621222818028335,96
local_sign,chunk_14,143,GR,0.7144944036598209,96
local_sign,chunk_14,143,IPC,0.30718208816771864,96
local_sign,chunk_14,143,KR,0.6230208617404382,96
local_sign,chunk_14,143,MC,0.43965082848941,96
local_sign,chunk_14,144,GR,0.7580640486840635,96
local_sign,chunk_14,144,IPC,0.3548685310712625,96
local_sign,chunk_14,144,KR,0.6095211641261336,96
local_sign,chunk_14,144,MC,0.4388348514354832,96
local_sign,chunk_14,145,GR,0.7461272636860581,96
local_sign,chunk_14,145,IPC,0.32302167771058965,96
local_sign,chunk_14,145,KR,0.6559254050935959,96
local_sign,chunk_14,145,MC,0.4319202009277555,96
local_sign,chunk_14,146,GR,0.753146550839692,96
local_sign,chunk_14,146,IPC,0.36781994310526034,96
local_sign,chunk_14,146,KR,0.5829646785861071,96
local_sign,chunk_14,146,MC,0.4137024617180343,96
local_sign,chunk_14,147,GR,0.7223570143736555,96
local_sign,chunk_14,147,IPC,0.33907673821933026,96
local_sign,chunk_14,147,KR,0.6237540531522511,96
local_sign,chunk_14,147,MC,0.434686311612048,96
local_sign,chunk_14,148,GR,0.7508810298322843,96
local_sign,chunk_14,148,IPC,0.3588336632443841,96
local_sign,chunk_14,148,KR,0.571509753072524,96
local_sign,chunk_14,148,MC,0.4204995232501855,96
local_sign,chunk_14,149,GR,0.7825594689854019,96
local_sign,chunk_14,149,IPC,0.31545528005844786,96
local_sign,chunk_14,149,KR,0.6961052732942451,96
local_sign,chunk_14,149,MC,0.4224713536491981,96
local_sign,chunk_15,150,GR,0.7502758484570752,96
local_sign,chunk_15,150,IPC,0.30303741417065805,96
local_sign,chunk_15,150,KR,0.6440721062781363,96
local_sign,chunk_15,150,MC,0.4105947649479053,96
local_sign,chunk_15,151,GR,0.7480975847626208,96
local_sign,chunk_15,151,IPC,0.3069329625988479,96
local_sign,chunk_15,151,KR,0.6293369854670267,96
local_sign,chunk_15,151,MC,0.39544421060888424,96
local_sign,chunk_15,152,GR,0.7570409043708386,96
local_sign,chunk_15,152,IPC,0.36748354028454927,96
local_sign,chunk_15,152,KR,0.6155975597512109,96
local_sign,chunk_15,152,MC,0.4517622382088223,96
local_sign,chunk_15,153,GR,0.7302526876736761,96
local_sign,chunk_15,153,IPC,0.36654703030258917,96
local_sign,chunk_15,153,KR,0.5801468784803525,96
local_sign,chunk_15,153,MC,0.42280373242988484,96
local_sign,chunk_15,154,GR,0.7647953594108975,96
local_sign,chunk_15,154,IPC,0.32751311931444005,96
local_sign,chunk_15,154,KR,0.6612941466298976,96
local_sign,chunk_15,154,MC,0.442873968930829,96
local_sign,chunk_15,155,GR,0.7371781316793999,96
local_sign,chunk_15,155,IPC,0.31050484218415153,96
local_sign,chunk_15,155,KR,0.6276530691457244,96
local_sign,chunk_15,155,MC,0.41658112320750795,96
local_sign,chunk_15,156,GR,0.7464122572801754,96
local_sign,chunk_15,156,IPC,0.3216226439981964,96
local_sign,chunk_15,156,KR,0.5789901270541136,96
local_sign,chunk_15,156,MC,0.3928624012405833,96
local_sign,chunk_15,157,GR,0.7271000447235867,96
local_sign,chunk_15,157,IPC,0.35500640382802645,96
local_sign,chunk_15,157,KR,0.5414196174612402,96
local_sign,chunk_15,157,MC,0.3849802985184886,96
local_sign,chunk_15,158,GR,0.7239450275364921,96
local_sign,chunk_15,158,IPC,0.3395811818987387,96
local_sign,chunk_15,158,KR,0.5733585831998045,96
local_sign,chunk_15,158,MC,0.41369975367373013,96
local_sign,chunk_15,159,GR,0.707477143789742,96
local_sign,chunk_15,159,IPC,0.3388424256395742,96
local_sign,chunk_15,159,KR,0.5325110248987659,96
local_sign,chunk_15,159,MC,0.37974319658470734,96
local_sign,chunk_16,160,GR,0.7173025138966918,96
local_sign,chunk_16,160,IPC,0.34385967332184103,96
local_sign,chunk_16,160,KR,0.5487085145136321,96
local_sign,chunk_16,160,MC,0.4162994106166181,96
local_sign,chunk_16,161,GR,0.733046678835596,96
local_sign,chunk_16,161,IPC,0.3733975859585623,96
local_sign,chunk_16,161,KR,0.6243890385493699,96
local_sign,chunk_16,161,MC,0.4718546944295,96
local_sign,chunk_16,162,GR,0.7285048789787311,96
local_sign,chunk_16,162,IPC,0.35174961247008424,96
local_sign,chunk_16,162,KR,0.5466067689245678,96
local_sign,chunk_16,162,MC,0.42795281636035354,96
local_sign,chunk_16,163,GR,0.7487143042126938,96
local_sign,chunk_16,163,IPC,0.3590296085208675,96
local_sign,chunk_16,163,KR,0.6386408884357894,96
local_sign,chunk_16,163,MC,0.46546503518687077,96
local_sign,chunk_16,164,GR,0.7576545103736179,96
local_sign,chunk_16,164,IPC,0.3623000934738072,96
local_sign,chunk_16,164,KR,0.66312744970665,96
local_sign,chunk_16,164,MC,0.4547368558121989,96
local_sign,chunk_16,165,GR,0.7163689254633494,96
local_sign,chunk_16,165,IPC,0.3927318706491629,96
local_sign,chunk_16,165,KR,0.5396978517891985,96
local_sign,chunk_16,165,MC,0.46128204664938666,96
local_sign,chunk_16,166,GR,0.7648727494472412,96
local_sign,chunk_16,166,IPC,0.3709902523558496,96
local_sign,chunk_16,166,KR,0.6597223151020275,96
local_sign,chunk_16,166,MC,0.4571101669719284,96
local_sign,chunk_16,167,GR,0.7227882645817381,96
local_sign,chunk_16,167,IPC,0.3425514626391405,96
local_sign,chunk_16,167,KR,0.5420946008387794,96
local_sign,chunk_16,167,MC,0.42180470995283625,96
local_sign,chunk_16,168,GR,0.7598733875302867,96
local_sign,chunk_16,168,IPC,0.38067401581839605,96
local_sign,chunk_16,168,KR,0.6139515403577303,96
local_sign,chunk_16,168,MC,0.4558884181400212,96
local_sign,chunk_16,169,GR,0.778314563096303,96
local_sign,chunk_16,169,IPC,0.38313521173034853,96
local_sign,chunk_16,169,KR,0.6567867605111791,96
local_sign,chunk_16,169,MC,0.468510601739482,96
local_sign,chunk_17,170,GR,0.7024141343611398,96
local_sign,chunk_17,170,IPC,0.4148659265698768,96
local_sign,chunk_17,170,KR,0.5311447388966511,96
local_sign,chunk_17,170,MC,0.4884761626226095,96
local_sign,chunk_17,171,GR,0.7403958083160024,96
local_sign,chunk_17,171,IPC,0.35824327239352566,96
local_sign,chunk_17,171,KR,0.6354210614793993,96
local_sign,chunk_17,171,MC,0.4489954411261789,96
local_sign,chunk_17,172,GR,0.78056758126031,96
local_sign,chunk_17,172,IPC,0.35213317892163915,96
local_sign,chunk_17,172,KR,0.6826630448636859,96
local_sign,chunk_17,172,MC,0.46718037540433627,96
local_sign,chunk_17,173,GR,0.7595729940301076,96
local_sign,chunk_17,173,IPC,0.37504725701133695,96
local_sign,chunk_17,173,KR,0.6238638194316227,96
local_sign,chunk_17,173,MC,0.45588928859506345,96
local_sign,chunk_17,174,GR,0.7457562889669859,96
local_sign,chunk_17,174,IPC,0.4140736304321064,96
local_sign,chunk_17,174,KR,0.597722803198467,96
local_sign,chunk_17,174,MC,0.5016865458853865,96
local_sign,chunk_17,175,GR,0.7126323835032476,96
local_sign,chunk_17,175,IPC,0.3496995792092793,96
local_sign,chunk_17,175,KR,0.5162108552882728,96
local_sign,chunk_17,175,MC,0.4440142832197394,96
local_sign,chunk_17,176,GR,0.7586362397041048,96
local_sign,chunk_17,176,IPC,0.41906411385001624,96
local_sign,chunk_17,176,KR,0.5930534678160566,96
local_sign,chunk_17,176,MC,0.5163591183436897,96
local_sign,chunk_17,177,GR,0.742058914643219,96
local_sign,chunk_17,177,IPC,0.40941546395305406,96
local_sign,chunk_17,177,KR,0.5734899072946547,96
local_sign,chunk_17,177,MC,0.4764947752532745,96
local_sign,chunk_17,178,GR,0.6966738254255023,96
local_sign,chunk_17,178,IPC,0.41523695127316446,96
local_sign,chunk_17,178,KR,0.5025369476193404,96
local_sign,chunk_17,178,MC,0.5040879874002213,96
local_sign,chunk_17,179,GR,0.7263728797561387,96
local_sign,chunk_17,179,IPC,0.3942960876770215,96
local_sign,chunk_17,179,KR,0.5885485706548415,96
local_sign,chunk_17,179,MC,0.4880572358940113,96
local_sign,chunk_18,180,GR,0.7459365743875507,96
local_sign,chunk_18,180,IPC,0.37153508329604784,96
local_sign,chunk_18,180,KR,0.6261518350354458,96
local_sign,chunk_18,180,MC,0.4571786547944151,96
local_sign,chunk_18,181,GR,0.7055467156251759,96
local_sign,chunk_18,181,IPC,0.4093416111108538,96
local_sign,chunk_18,181,KR,0.5508688840599529,96
local_sign,chunk_18,181,MC,0.46669249461740403,96
local_sign,chunk_18,182,GR,0.7364246340598901,96
local_sign,chunk_18,182,IPC,0.3580623105955238,96
local_sign,chunk_18,182,KR,0.5523839713116537,96
local_sign,chunk_18,182,MC,0.41748072226294164,96
local_sign,chunk_18,183,GR,0.6973138666684242,96
local_sign,chunk_18,183,IPC,0.34402494633970376,96
local_sign,chunk_18,183,KR,0.5007472730034417,96
local_sign,chunk_18,183,MC,0.4182939197609111,96
local_sign,chunk_18,184,GR,0.7384067151139485,96
local_sign,chunk_18,184,IPC,0.3968462033674222,96
local_sign,chunk_18,184,KR,0.5662436398037879,96
local_sign,chunk_18,184,MC,0.47657785281749554,96
local_sign,chunk_18,185,GR,0.6970993284173731,96
local_sign,chunk_18,185,IPC,0.3486976212464292,96
local_sign,chunk_18,185,KR,0.5217623345366583,96
local_sign,chunk_18,185,MC,0.4455696762133928,96
local_sign,chunk_18,186,GR,0.7662393905136786,96
local_sign,chunk_18,186,IPC,0.4131591648354454,96
local_sign,chunk_18,186,KR,0.6318383364070591,96
local_sign,chunk_18,186,MC,0.5103815091775042,96
local_sign,chunk_18,187,GR,0.7530901719537189,96
local_sign,chunk_18,187,IPC,0.38181620769815255,96
local_sign,chunk_18,187,KR,0.6198830686007226,96
local_sign,chunk_18,187,MC,0.4831793103170454,96
local_sign,chunk_18,188,GR,0.7350992530039261,96
local_sign,chunk_18,188,IPC,0.3926133404018502,96
local_sign,chunk_18,188,KR,0.5710214365155502,96
local_sign,chunk_18,188,MC,0.4897690405614341,96
local_sign,chunk_18,189,GR,0.726600911124768,96
local_sign,chunk_18,189,IPC,0.37592701320621014,96
local_sign,chunk_18,189,KR,0.5405532665269456,96
local_sign,chunk_18,189,MC,0.4621412533858682,96
local_sign,chunk_19,190,GR,0.7347489391995728,96
local_sign,chunk_19,190,IPC,0.3715968338712662,96
local_sign,chunk_19,190,KR,0.6058618329165416,96
local_sign,chunk_19,190,MC,0.43234993518599724,96
local_sign,chunk_19,191,GR,0.7011606872701874,96
local_sign,chunk_19,191,IPC,0.3784105888603268,96
local_sign,chunk_19,191,KR,0.5253543463353103,96
local_sign,chunk_19,191,MC,0.4491813734352479,96
local_sign,chunk_19,192,GR,0.7225848889491577,96
local_sign,chunk_19,192,IPC,0.36612254513354625,96
local_sign,chunk_19,192,KR,0.5629597482550762,96
local_sign,chunk_19,192,MC,0.4603796986559807,96
local_sign,chunk_19,193,GR,0.7277608247442265,96
local_sign,chunk_19,193,IPC,0.3539059960977969,96
local_sign,chunk_19,193,KR,0.5660348367422299,96
local_sign,chunk_19,193,MC,0.43304377488154555,96
local_sign,chunk_19,194,GR,0.7038445044993527,96
local_sign,chunk_19,194,IPC,0.41309040317251966,96
local_sign,chunk_19,194,KR,0.5318639239937493,96
local_sign,chunk_19,194,MC,0.4725589936713991,96
local_sign,chunk_19,195,GR,0.759935189340448,96
local_sign,chunk_19,195,IPC,0.35223317168647533,96
local_sign,chunk_19,195,KR,0.6722761769154826,96
local_sign,chunk_19,195,MC,0.4754301826537386,96
local_sign,chunk_19,196,GR,0.7571516273678839,96
local_sign,chunk_19,196,IPC,0.3971017227402169,96
local_sign,chunk_19,196,KR,0.6009582030700192,96
local_sign,chunk_19,196,MC,0.46117486650230266,96
local_sign,chunk_19,197,GR,0.7272140783478634,96
local_sign,chunk_19,197,IPC,0.3760376743055939,96
local_sign,chunk_19,197,KR,0.5837344313544877,96
local_sign,chunk_19,197,MC,0.4304653612508204,96
local_sign,chunk_19,198,GR,0.7199551254331213,96
local_sign,chunk_19,198,IPC,0.3637187022170692,96
local_sign,chunk_19,198,KR,0.5529357418243808,96
local_sign,chunk_19,198,MC,0.44495195439281215,96
local_sign,chunk_19,199,GR,0.7280709520900337,96
local_sign,chunk_19,199,IPC,0.3991345997984809,96
local_sign,chunk_19,199,KR,0.6007303149222076,96
local_sign,chunk_19,199,MC,0.48871062690107714,96
local_sign,chunk_2,20,GR,0.7492904800051098,96
local_sign,chunk_2,20,IPC,0.35287596453516856,96
local_sign,chunk_2,20,KR,0.596558448967183,96
local_sign,chunk_2,20,MC,0.41231085420612806,96
local_sign,chunk_2,21,GR,0.772674730664132,96
local_sign,chunk_2,21,IPC,0.3738492582640923,96
local_sign,chunk_2,21,KR,0.6356690577114604,96
local_sign,chunk_2,21,MC,0.4487699339987191,96
local_sign,chunk_2,22,GR,0.7632122879534902,96
local_sign,chunk_2,22,IPC,0.32158542304318594,96
local_sign,chunk_2,22,KR,0.6339783411246741,96
local_sign,chunk_2,22,MC,0.40587985950103683,96
local_sign,chunk_2,23,GR,0.7519367895557976,96
local_sign,chunk_2,23,IPC,0.3063890626715322,96
local_sign,chunk_2,23,KR,0.5897255565242701,96
local_sign,chunk_2,23,MC,0.3639646094419689,96
local_sign,chunk_2,24,GR,0.7174381464735117,96
local_sign,chunk_2,24,IPC,0.3502812081203781,96
local_sign,chunk_2,24,KR,0.5503458052142757,96
local_sign,chunk_2,24,MC,0.4064023413905454,96
local_sign,chunk_2,25,GR,0.7481782771094162,96
local_sign,chunk_2,25,IPC,0.3525621854897313,96
local_sign,chunk_2,25,KR,0.5794868610811402,96
local_sign,chunk_2,25,MC,0.40982186946982074,96
local_sign,chunk_2,26,GR,0.6884608582204325,96
local_sign,chunk_2,26,IPC,0.37852955292905865,96
local_sign,chunk_2,26,KR,0.48393602480973263,96
local_sign,chunk_2,26,MC,0.44373747703962213,96
local_sign,chunk_2,27,GR,0.722946291596819,96
local_sign,chunk_2,27,IPC,0.32589133447657637,96
local_sign,chunk_2,27,KR,0.6490597746076496,96
local_sign,chunk_2,27,MC,0.4720621836423304,96
local_sign,chunk_2,28,GR,0.7695960392003083,96
local_sign,chunk_2,28,IPC,0.33891831585024124,96
local_sign,chunk_2,28,KR,0.608086892039817,96
local_sign,chunk_2,28,MC,0.42405253111247754,96
local_sign,chunk_2,29,GR,0.7474729751181947,96
local_sign,chunk_2,29,IPC,0.32926322362311405,96
local_sign,chunk_2,29,KR,0.5927974187318648,96
local_sign,chunk_2,29,MC,0.41972224547808346,96
local_sign,chunk_3,30,GR,0.7822362624513824,96
local_sign,chunk_3,30,IPC,0.3166595085812132,96
local_sign,chunk_3,30,KR,0.6780934063472973,96
local_sign,chunk_3,30,MC,0.4188694353226958,96
local_sign,chunk_3,31,GR,0.7706748498340865,96
local_sign,chunk_3,31,IPC,0.30969359363405996,96
local_sign,chunk_3,31,KR,0.6498370441265855,96
local_sign,chunk_3,31,MC,0.4369633748683196,96
local_sign,chunk_3,32,GR,0.7200330331658,96
local_sign,chunk_3,32,IPC,0.3351417506196424,96
local_sign,chunk_3,32,KR,0.5526927577696226,96
local_sign,chunk_3,32,MC,0.3637469907282958,96
local_sign,chunk_3,33,GR,0.7261808576150554,96
local_sign,chunk_3,33,IPC,0.35629141827049965,96
local_sign,chunk_3,33,KR,0.5363728135179545,96
local_sign,chunk_3,33,MC,0.4164153043129152,96
local_sign,chunk_3,34,GR,0.7049059449446824,96
local_sign,chunk_3,34,IPC,0.3515530378759265,96
local_sign,chunk_3,34,KR,0.5179935414323552,96
local_sign,chunk_3,34,MC,0.37342464739050474,96
local_sign,chunk_3,35,GR,0.7139913200220792,96
local_sign,chunk_3,35,IPC,0.3608662948662548,96
local_sign,chunk_3,35,KR,0.5345442651434733,96
local_sign,chunk_3,35,MC,0.40732651117885127,96
local_sign,chunk_3,36,GR,0.734658176401801,96
local_sign,chunk_3,36,IPC,0.36929175604482517,96
local_sign,chunk_3,36,KR,0.5367246761740838,96
local_sign,chunk_3,36,MC,0.4191506429086192,96
local_sign,chunk_3,37,GR,0.7040506553702055,96
local_sign,chunk_3,37,IPC,0.36342937652878204,96
local_sign,chunk_3,37,KR,0.5451517054585523,96
local_sign,chunk_3,37,MC,0.4338704958863319,96
local_sign,chunk_3,38,GR,0.744182435143858,96
local_sign,chunk_3,38,IPC,0.32874848630527403,96
local_sign,chunk_3,38,KR,0.6226701454257113,96
local_sign,chunk_3,38,MC,0.4103729381603524,96
local_sign,chunk_3,39,GR,0.7388240021189564,96
local_sign,chunk_3,39,IPC,0.37945792024908986,96
local_sign,chunk_3,39,KR,0.5589775968444961,96
local_sign,chunk_3,39,MC,0.42642128999375706,96
local_sign,chunk_4,40,GR,0.7440495817160955,96
local_sign,chunk_4,40,IPC,0.33159557557675456,96
local_sign,chunk_4,40,KR,0.6443021207066911,96
local_sign,chunk_4,40,MC,0.46365200732788936,96
local_sign,chunk_4,41,GR,0.7358261638085435,96
local_sign,chunk_4,41,IPC,0.3418649514997583,96
local_sign,chunk_4,41,KR,0.5750904699092226,96
local_sign,chunk_4,41,MC,0.42383178524606807,96
local_sign,chunk_4,42,GR,0.7239428801502727,96
local_sign,chunk_4,42,IPC,0.33415264372746034,96
local_sign,chunk_4,42,KR,0.5750976368714777,96
local_sign,chunk_4,42,MC,0.415914314825321,96
local_sign,chunk_4,43,GR,0.7278015362916359,96
local_sign,chunk_4,43,IPC,0.3390317729438606,96
local_sign,chunk_4,43,KR,0.5649132365273821,96
local_sign,chunk_4,43,MC,0.4091685726521389,96
local_sign,chunk_4,44,GR,0.7320314303596496,96
local_sign,chunk_4,44,IPC,0.3723639807003093,96
local_sign,chunk_4,44,KR,0.5535119480614874,96
local_sign,chunk_4,44,MC,0.399583264219798,96
local_sign,chunk_4,45,GR,0.7257019966359438,96
local_sign,chunk_4,45,IPC,0.3561041709036938,96
local_sign,chunk_4,45,KR,0.5565121300834267,96
local_sign,chunk_4,45,MC,0.41842675349370256,96
local_sign,chunk_4,46,GR,0.75606988322157,96
local_sign,chunk_4,46,IPC,0.3099976921869973,96
local_sign,chunk_4,46,KR,0.6234485720745251,96
local_sign,chunk_4,46,MC,0.4072466364850572,96
local_sign,chunk_4,47,GR,0.7679365904828096,96
local_sign,chunk_4,47,IPC,0.35847860919648095,96
local_sign,chunk_4,47,KR,0.6287349439754084,96
local_sign,chunk_4,47,MC,0.43904958863426036,96
local_sign,chunk_4,48,GR,0.7849318250545475,96
local_sign,chunk_4,48,IPC,0.2875934981413476,96
local_sign,chunk_4,48,KR,0.7039069011167819,96
local_sign,chunk_4,48,MC,0.40256862195671517,96
local_sign,chunk_4,49,GR,0.7625903940104277,96
local_sign,chunk_4,49,IPC,0.33877670162899015,96
local_sign,chunk_4,49,KR,0.5994955946864156,96
local_sign,chunk_4,49,MC,0.40699837805659383,96
local_sign,chunk_5,50,GR,0.7377556813932852,96
local_sign,chunk_5,50,IPC,0.3652231270675695,96
local_sign,chunk_5,50,KR,0.5608119309940773,96
local_sign,chunk_5,50,MC,0.4069293090649086,96
local_sign,chunk_5,51,GR,0.722142475263623,96
local_sign,chunk_5,51,IPC,0.36441351003554184,96
local_sign,chunk_5,51,KR,0.5624050344465782,96
local_sign,chunk_5,51,MC,0.403140572284255,96
local_sign,chunk_5,52,GR,0.7727671892290616,96
local_sign,chunk_5,52,IPC,0.3421799783301983,96
local_sign,chunk_5,52,KR,0.6721254527127646,96
local_sign,chunk_5,52,MC,0.4285176493887726,96
local_sign,chunk_5,53,GR,0.7486485480890563,96
local_sign,chunk_5,53,IPC,0.3315197137874076,96
local_sign,chunk_5,53,KR,0.5884897789919912,96
local_sign,chunk_5,53,MC,0.3705517044381134,96
local_sign,chunk_5,54,GR,0.7156464165941696,96
local_sign,chunk_5,54,IPC,0.3501709697642937,96
local_sign,chunk_5,54,KR,0.5175128439466672,96
local_sign,chunk_5,54,MC,0.41626420136750386,96
local_sign,chunk_5,55,GR,0.7103031030114911,96
local_sign,chunk_5,55,IPC,0.3500761591432571,96
local_sign,chunk_5,55,KR,0.5387789161112453,96
local_sign,chunk_5,55,MC,0.4284526797823884,96
local_sign,chunk_5,56,GR,0.7523583613413911,96
local_sign,chunk_5,56,IPC,0.33032826463582127,96
local_sign,chunk_5,56,KR,0.5913715877405845,96
local_sign,chunk_5,56,MC,0.39516409739775865,96
local_sign,chunk_5,57,GR,0.7573119805100575,96
local_sign,chunk_5,57,IPC,0.3500172856316314,96
local_sign,chunk_5,57,KR,0.6344639621969514,96
local_sign,chunk_5,57,MC,0.41134524395948685,96
local_sign,chunk_5,58,GR,0.7402110680810042,96
local_sign,chunk_5,58,IPC,0.3503513738585376,96
local_sign,chunk_5,58,KR,0.6115716236820279,96
local_sign,chunk_5,58,MC,0.40990158068284194,96
local_sign,chunk_5,59,GR,0.7476305127358995,96
local_sign,chunk_5,59,IPC,0.3135342576354972,96
local_sign,chunk_5,59,KR,0.6189376785632164,96
local_sign,chunk_5,59,MC,0.4135552989751626,96
local_sign,chunk_6,60,GR,0.7410232586297635,96
local_sign,chunk_6,60,IPC,0.35359896123677287,96
local_sign,chunk_6,60,KR,0.5890722037102394,96
local_sign,chunk_6,60,MC,0.43309625245297095,96
local_sign,chunk_6,61,GR,0.7543759598275125,96
local_sign,chunk_6,61,IPC,0.32934757956629607,96
local_sign,chunk_6,61,KR,0.6244369324492346,96
local_sign,chunk_6,61,MC,0.41554579047570056,96
local_sign,chunk_6,62,GR,0.7487868254937461,96
local_sign,chunk_6,62,IPC,0.3371926419535128,96
local_sign,chunk_6,62,KR,0.5888313271463732,96
local_sign,chunk_6,62,MC,0.4002454423356503,96
local_sign,chunk_6,63,GR,0.7206449844312381,96
local_sign,chunk_6,63,IPC,0.2798366135149244,96
local_sign,chunk_6,63,KR,0.6707531260131253,96
local_sign,chunk_6,63,MC,0.40385948294565005,96
local_sign,chunk_6,64,GR,0.7700282207540537,96
local_sign,chunk_6,64,IPC,0.3151907422703704,96
local_sign,chunk_6,64,KR,0.6579329919162563,96
local_sign,chunk_6,64,MC,0.4174940421099886,96
local_sign,chunk_6,65,GR,0.7942596223949184,96
local_sign,chunk_6,65,IPC,0.3466073364633136,96
local_sign,chunk_6,65,KR,0.682420198555295,96
local_sign,chunk_6,65,MC,0.40109072261106343,96
local_sign,chunk_6,66,GR,0.7506417743041747,96
local_sign,chunk_6,66,IPC,0.34532746520335156,96
local_sign,chunk_6,66,KR,0.5949677716203107,96
local_sign,chunk_6,66,MC,0.41266592529111734,96
local_sign,chunk_6,67,GR,0.7378760770348846,96
local_sign,chunk_6,67,IPC,0.3301577422038344,96
local_sign,chunk_6,67,KR,0.576161320694011,96
local_sign,chunk_6,67,MC,0.4106682587440159,96
local_sign,chunk_6,68,GR,0.7317542912166203,96
local_sign,chunk_6,68,IPC,0.35511402221935817,96
local_sign,chunk_6,68,KR,0.5602537622112561,96
local_sign,chunk_6,68,MC,0.39102161542750447,96
local_sign,chunk_6,69,GR,0.742486812331081,96
local_sign,chunk_6,69,IPC,0.3341530590579971,96
local_sign,chunk_6,69,KR,0.6391635968990373,96
local_sign,chunk_6,69,MC,0.4197098961462457,96
local_sign,chunk_7,70,GR,0.7324307634366686,96
local_sign,chunk_7,70,IPC,0.3903157435216239,96
local_sign,chunk_7,70,KR,0.5401490792222237,96
local_sign,chunk_7,70,MC,0.4610914541598827,96
local_sign,chunk_7,71,GR,0.7460100870510991,96
local_sign,chunk_7,71,IPC,0.34239524778274627,96
local_sign,chunk_7,71,KR,0.5650330903699288,96
local_sign,chunk_7,71,MC,0.3883814950401199,96
local_sign,chunk_7,72,GR,0.7795810676402581,96
local_sign,chunk_7,72,IPC,0.3208375164320763,96
local_sign,chunk_7,72,KR,0.6242075286049347,96
local_sign,chunk_7,72,MC,0.3822788881331315,96
local_sign,chunk_7,73,GR,0.6959296773324503,96
local_sign,chunk_7,73,IPC,0.3148658415295887,96
local_sign,chunk_7,73,KR,0.5066158492416892,96
local_sign,chunk_7,73,MC,0.3711375192176678,96
local_sign,chunk_7,74,GR,0.7211773608436944,96
local_sign,chunk_7,74,IPC,0.37114388558567946,96
local_sign,chunk_7,74,KR,0.5594711171145081,96
local_sign,chunk_7,74,MC,0.4379417380779778,96
local_sign,chunk_7,75,GR,0.7594631942711354,96
local_sign,chunk_7,75,IPC,0.33181659916760503,96
local_sign,chunk_7,75,KR,0.6368147332220008,96
local_sign,chunk_7,75,MC,0.4338431074598201,96
local_sign,chunk_7,76,GR,0.7416030379185674,96
local_sign,chunk_7,76,IPC,0.33256733168554603,96
local_sign,chunk_7,76,KR,0.5861817797287254,96
local_sign,chunk_7,76,MC,0.37592118511602973,96
local_sign,chunk_7,77,GR,0.7230056319442238,96
local_sign,chunk_7,77,IPC,0.36958422998839624,96
local_sign,chunk_7,77,KR,0.5391029469593502,96
local_sign,chunk_7,77,MC,0.3980347757790836,96
local_sign,chunk_7,78,GR,0.756182476946806,96
local_sign,chunk_7,78,IPC,0.33772126898983124,96
local_sign,chunk_7,78,KR,0.615830218661663,96
local_sign,chunk_7,78,MC,0.40110046529486443,96
local_sign,chunk_7,79,GR,0.7836233315744194,96
local_sign,chunk_7,79,IPC,0.3431041729369319,96
local_sign,chunk_7,79,KR,0.6586952204880945,96
local_sign,chunk_7,79,MC,0.4079724324878261,96
local_sign,chunk_8,80,GR,0.7733324912285809,96
local_sign,chunk_8,80,IPC,0.3269636732306907,96
local_sign,chunk_8,80,KR,0.6181341443713383,96
local_sign,chunk_8,80,MC,0.38569118350461223,96
local_sign,chunk_8,81,GR,0.7191249268990013,96
local_sign,chunk_8,81,IPC,0.3583933417095833,96
local_sign,chunk_8,81,KR,0.5566680144139762,96
local_sign,chunk_8,81,MC,0.39190301064669547,96
local_sign,chunk_8,82,GR,0.7569558837233064,96
local_sign,chunk_8,82,IPC,0.3725506580072918,96
local_sign,chunk_8,82,KR,0.6413568864154919,96
local_sign,chunk_8,82,MC,0.4700932510748396,96
local_sign,chunk_8,83,GR,0.6931081159264951,96
local_sign,chunk_8,83,IPC,0.3707023081151025,96
local_sign,chunk_8,83,KR,0.5014370575695171,96
local_sign,chunk_8,83,MC,0.44617028071812176,96
local_sign,chunk_8,84,GR,0.7808586005484018,96
local_sign,chunk_8,84,IPC,0.2989792719462348,96
local_sign,chunk_8,84,KR,0.6906908394988709,96
local_sign,chunk_8,84,MC,0.3666168663214312,96
local_sign,chunk_8,85,GR,0.7269617540248666,96
local_sign,chunk_8,85,IPC,0.32382381276377115,96
local_sign,chunk_8,85,KR,0.572590046908425,96
local_sign,chunk_8,85,MC,0.36717938020293023,96
local_sign,chunk_8,86,GR,0.7406714142539416,96
local_sign,chunk_8,86,IPC,0.3496194778044288,96
local_sign,chunk_8,86,KR,0.5666033426595436,96
local_sign,chunk_8,86,MC,0.40196432727998765,96
local_sign,chunk_8,87,GR,0.7331473022445375,96
local_sign,chunk_8,87,IPC,0.3223838644430894,96
local_sign,chunk_8,87,KR,0.599852512471488,96
local_sign,chunk_8,87,MC,0.3826439691014494,96
local_sign,chunk_8,88,GR,0.7501151284660251,96
local_sign,chunk_8,88,IPC,0.364752307987535,96
local_sign,chunk_8,88,KR,0.6310742438225841,96
local_sign,chunk_8,88,MC,0.4496312341567631,96
local_sign,chunk_8,89,GR,0.7385119494941647,96
local_sign,chunk_8,89,IPC,0.3339259828464864,96
local_sign,chunk_8,89,KR,0.6138394354276182,96
local_sign,chunk_8,89,MC,0.3987258883821256,96
local_sign,chunk_9,90,GR,0.7492379920316853,96
local_sign,chunk_9,90,IPC,0.3087846726001868,96
local_sign,chunk_9,90,KR,0.6148691716487567,96
local_sign,chunk_9,90,MC,0.37992831751786527,96
local_sign,chunk_9,91,GR,0.7487247082812302,96
local_sign,chunk_9,91,IPC,0.3395877903429927,96
local_sign,chunk_9,91,KR,0.6074937418158481,96
local_sign,chunk_9,91,MC,0.4218328371313434,96
local_sign,chunk_9,92,GR,0.688682970781846,96
local_sign,chunk_9,92,IPC,0.3785643796539521,96
local_sign,chunk_9,92,KR,0.48255277723468787,96
local_sign,chunk_9,92,MC,0.44502245028845155,96
local_sign,chunk_9,93,GR,0.7206248232099863,96
local_sign,chunk_9,93,IPC,0.34983962547562425,96
local_sign,chunk_9,93,KR,0.5703397110430344,96
local_sign,chunk_9,93,MC,0.3918370301547163,96
local_sign,chunk_9,94,GR,0.7310975352057152,96
local_sign,chunk_9,94,IPC,0.3416194507806297,96
local_sign,chunk_9,94,KR,0.559853487107629,96
local_sign,chunk_9,94,MC,0.41605694912688695,96
local_sign,chunk_9,95,GR,0.7398538817371325,96
local_sign,chunk_9,95,IPC,0.34310315724078627,96
local_sign,chunk_9,95,KR,0.5903281764660379,96
local_sign,chunk_9,95,MC,0.39796637306038396,96
local_sign,chunk_9,96,GR,0.7113465701388899,96
local_sign,chunk_9,96,IPC,0.33847754832291244,96
local_sign,chunk_9,96,KR,0.5505228833665359,96
local_sign,chunk_9,96,MC,0.41259302356074656,96
local_sign,chunk_9,97,GR,0.6931296486118314,96
local_sign,chunk_9,97,IPC,0.36315325707116575,96
local_sign,chunk_9,97,KR,0.5236776179699456,96
local_sign,chunk_9,97,MC,0.4110582424957778,96
local_sign,chunk_9,98,GR,0.7220998681789714,96
local_sign,chunk_9,98,IPC,0.3303729613852102,96
local_sign,chunk_9,98,KR,0.5677705885028916,96
local_sign,chunk_9,98,MC,0.4068916779305777,96
local_sign,chunk_9,99,GR,0.7409445091098363,96
local_sign,chunk_9,99,IPC,0.297650473771594,96
local_sign,chunk_9,99,KR,0.6284106383847016,96
local_sign,chunk_9,99,MC,0.40838217038663255,96
local_sign+binary,chunk_0,0,GR,0.6993751185702438,96
local_sign+binary,chunk_0,0,IPC,0.3462997016295818,96
local_sign+binary,chunk_0,0,KR,0.5063107973813832,96
local_sign+binary,chunk_0,0,MC,0.3854852164148957,96
local_sign+binary,chunk_0,1,GR,0.7326435450144269,96
local_sign+binary,chunk_0,1,IPC,0.3463527155864265,96
local_sign+binary,chunk_0,1,KR,0.5526666284863992,96
local_sign+binary,chunk_0,1,MC,0.3851679860738476,96
local_sign+binary,chunk_0,2,GR,0.7286517372072556,96
local_sign+binary,chunk_0,2,IPC,0.39865605151620914,96
local_sign+binary,chunk_0,2,KR,0.5258438266580555,96
local_sign+binary,chunk_0,2,MC,0.4386089963181417,96
local_sign+binary,chunk_0,3,GR,0.6976306169273067,96
local_sign+binary,chunk_0,3,IPC,0.3709716992388476,96
local_sign+binary,chunk_0,3,KR,0.5178029178878661,96
local_sign+binary,chunk_0,3,MC,0.40194947117568375,96
local_sign+binary,chunk_0,4,GR,0.6942971158744433,96
local_sign+binary,chunk_0,4,IPC,0.3634982485440807,96
local_sign+binary,chunk_0,4,KR,0.5008268803920257,96
local_sign+binary,chunk_0,4,MC,0.4173250945749915,96
local_sign+binary,chunk_0,5,GR,0.6872037413914711,96
local_sign+binary,chunk_0,5,IPC,0.34154220542249303,96
local_sign+binary,chunk_0,5,KR,0.4793898495210428,96
local_sign+binary,chunk_0,5,MC,0.35234946462559014,96
local_sign+binary,chunk_0,6,GR,0.7215311021951057,96
local_sign+binary,chunk_0,6,IPC,0.3250784041158269,96
local_sign+binary,chunk_0,6,KR,0.5268319942474803,96
local_sign+binary,chunk_0,6,MC,0.36984026769876227,96
local_sign+binary,chunk_0,7,GR,0.6975406799721585,96
local_sign+binary,chunk_0,7,IPC,0.3711223926181823,96
local_sign+binary,chunk_0,7,KR,0.5056273884796658,96
local_sign+binary,chunk_0,7,MC,0.3970416271250403,96
local_sign+binary,chunk_0,8,GR,0.6887824034342019,96
local_sign+binary,chunk_0,8,IPC,0.3450161047039102,96
local_sign+binary,chunk_0,8,KR,0.5010038654008684,96
local_sign+binary,chunk_0,8,MC,0.40914195729408637,96
local_sign+binary,chunk_0,9,GR,0.7243144698123148,96
local_sign+binary,chunk_0,9,IPC,0.3613646993732904,96
local_sign+binary,chunk_0,9,KR,0.5540010154170889,96
local_sign+binary,chunk_0,9,MC,0.39981404500239487,96
local_sign+binary,chunk_1,10,GR,0.7004508185431411,96
local_sign+binary,chunk_1,10,IPC,0.3436453842838907,96
local_sign+binary,chunk_1,10,KR,0.49974408324209213,96
local_sign+binary,chunk_1,10,MC,0.40214850592077206,96
local_sign+binary,chunk_1,11,GR,0.6933865976714405,96
local_sign+binary,chunk_1,11,IPC,0.33740102380001485,96
local_sign+binary,chunk_1,11,KR,0.5063708063329592,96
local_sign+binary,chunk_1,11,MC,0.37708763933646156,96
local_sign+binary,chunk_1,12,GR,0.6678826989369416,96
local_sign+binary,chunk_1,12,IPC,0.36584271151224496,96
local_sign+binary,chunk_1,12,KR,0.48441941239894176,96
local_sign+binary,chunk_1,12,MC,0.41556808399731937,96
local_sign+binary,chunk_1,13,GR,0.6720052887000547,96
local_sign+binary,chunk_1,13,IPC,0.3576983273737583,96
local_sign+binary,chunk_1,13,KR,0.467294536646632,96
local_sign+binary,chunk_1,13,MC,0.40126288679329275,96
local_sign+binary,chunk_1,14,GR,0.7023040795783211,96
local_sign+binary,chunk_1,14,IPC,0.3427997650137315,96
local_sign+binary,chunk_1,14,KR,0.5377212611480897,96
local_sign+binary,chunk_1,14,MC,0.37738721013067833,96
local_sign+binary,chunk_1,15,GR,0.7072933629748397,96
local_sign+binary,chunk_1,15,IPC,0.3555694984011508,96
local_sign+binary,chunk_1,15,KR,0.5090262897875588,96
local_sign+binary,chunk_1,15,MC,0.4070268111270354,96
local_sign+binary,chunk_1,16,GR,0.734079867307143,96
local_sign+binary,chunk_1,16,IPC,0.33383928814261077,96
local_sign+binary,chunk_1,16,KR,0.5568067909384983,96
local_sign+binary,chunk_1,16,MC,0.35262338251334885,96
local_sign+binary,chunk_1,17,GR,0.6681172576555394,96
local_sign+binary,chunk_1,17,IPC,0.3826809085178024,96
local_sign+binary,chunk_1,17,KR,0.46905383980399806,96
local_sign+binary,chunk_1,17,MC,0.41756325537124794,96
local_sign+binary,chunk_1,18,GR,0.7111511424876928,96
local_sign+binary,chunk_1,18,IPC,0.3323359832325701,96
local_sign+binary,chunk_1,18,KR,0.5490245167495554,96
local_sign+binary,chunk_1,18,MC,0.3737535518743596,96
local_sign+binary,chunk_1,19,GR,0.690249054537279,96
local_sign+binary,chunk_1,19,IPC,0.37183172883976423,96
local_sign+binary,chunk_1,19,KR,0.5044443004602156,96
local_sign+binary,chunk_1,19,MC,0.3968062380549686,96
local_sign+binary,chunk_10,100,GR,0.7231100656555188,96
local_sign+binary,chunk_10,100,IPC,0.35810976700134417,96
local_sign+binary,chunk_10,100,KR,0.5474221597078137,96
local_sign+binary,chunk_10,100,MC,0.398997937246277,96
local_sign+binary,chunk_10,101,GR,0.7212779800338701,96
local_sign+binary,chunk_10,101,IPC,0.35359936932056457,96
local_sign+binary,chunk_10,101,KR,0.5242730667402385,96
local_sign+binary,chunk_10,101,MC,0.39471390262495487,96
local_sign+binary,chunk_10,102,GR,0.705977816399384,96
local_sign+binary,chunk_10,102,IPC,0.34518270142945734,96
local_sign+binary,chunk_10,102,KR,0.5267084260030365,96
local_sign+binary,chunk_10,102,MC,0.3889445645060433,96
local_sign+binary,chunk_10,103,GR,0.7575921899425149,96
local_sign+binary,chunk_10,103,IPC,0.31163223243346466,96
local_sign+binary,chunk_10,103,KR,0.5975377871673053,96
local_sign+binary,chunk_10,103,MC,0.3700909002681167,96
local_sign+binary,chunk_10,104,GR,0.7175087809126818,96
local_sign+binary,chunk_10,104,IPC,0.3661807521145348,96
local_sign+binary,chunk_10,104,KR,0.5445518416076282,96
local_sign+binary,chunk_10,104,MC,0.3883698748198986,96
local_sign+binary,chunk_10,105,GR,0.7339828824913461,96
local_sign+binary,chunk_10,105,IPC,0.3587856260570557,96
local_sign+binary,chunk_10,105,KR,0.5738051309226497,96
local_sign+binary,chunk_10,105,MC,0.4060594095967313,96
local_sign+binary,chunk_10,106,GR,0.7454019243497062,96
local_sign+binary,chunk_10,106,IPC,0.3550004409025616,96
local_sign+binary,chunk_10,106,KR,0.5642848189205614,96
local_sign+binary,chunk_10,106,MC,0.38869446441818417,96
local_sign+binary,chunk_10,107,GR,0.7197873120020797,96
local_sign+binary,chunk_10,107,IPC,0.33535108996925833,96
local_sign+binary,chunk_10,107,KR,0.54862826254752,96
local_sign+binary,chunk_10,107,MC,0.38072296335461964,96
local_sign+binary,chunk_10,108,GR,0.7023864863886355,96
local_sign+binary,chunk_10,108,IPC,0.38378862225208316,96
local_sign+binary,chunk_10,108,KR,0.4992303172786965,96
local_sign+binary,chunk_10,108,MC,0.41906958177532255,96
local_sign+binary,chunk_10,109,GR,0.7225313178315036,96
local_sign+binary,chunk_10,109,IPC,0.3684437770356773,96
local_sign+binary,chunk_10,109,KR,0.5481241288162066,96
local_sign+binary,chunk_10,109,MC,0.38292729649483204,96
local_sign+binary,chunk_11,110,GR,0.6893061716371949,96
local_sign+binary,chunk_11,110,IPC,0.3615477112474041,96
local_sign+binary,chunk_11,110,KR,0.495098857114728,96
local_sign+binary,chunk_11,110,MC,0.415273848522461,96
local_sign+binary,chunk_11,111,GR,0.673941235742089,96
local_sign+binary,chunk_11,111,IPC,0.33735861655072574,96
local_sign+binary,chunk_11,111,KR,0.49333212907375706,96
local_sign+binary,chunk_11,111,MC,0.37175461711229596,96
local_sign+binary,chunk_11,112,GR,0.7061714552132325,96
local_sign+binary,chunk_11,112,IPC,0.3608780654592472,96
local_sign+binary,chunk_11,112,KR,0.5174534871034804,96
local_sign+binary,chunk_11,112,MC,0.40740404500434707,96
local_sign+binary,chunk_11,113,GR,0.7604788442474806,96
local_sign+binary,chunk_11,113,IPC,0.3217009724210529,96
local_sign+binary,chunk_11,113,KR,0.6462177897396144,96
local_sign+binary,chunk_11,113,MC,0.3895178529214384,96
local_sign+binary,chunk_11,114,GR,0.6683895229387198,96
local_sign+binary,chunk_11,114,IPC,0.3215019173799004,96
local_sign+binary,chunk_11,114,KR,0.4675040679361888,96
local_sign+binary,chunk_11,114,MC,0.3655305001131709,96
local_sign+binary,chunk_11,115,GR,0.7317181079015741,96
local_sign+binary,chunk_11,115,IPC,0.3438890940069408,96
local_sign+binary,chunk_11,115,KR,0.544216849601476,96
local_sign+binary,chunk_11,115,MC,0.4112366335790595,96
local_sign+binary,chunk_11,116,GR,0.696982511546944,96
local_sign+binary,chunk_11,116,IPC,0.33282825901121893,96
local_sign+binary,chunk_11,116,KR,0.49864023112974515,96
local_sign+binary,chunk_11,116,MC,0.34899990830901867,96
local_sign+binary,chunk_11,117,GR,0.678047453756553,96
local_sign+binary,chunk_11,117,IPC,0.3807590471775612,96
local_sign+binary,chunk_11,117,KR,0.4789555614951588,96
local_sign+binary,chunk_11,117,MC,0.40569463441689513,96
local_sign+binary,chunk_11,118,GR,0.7206254663583422,96
local_sign+binary,chunk_11,118,IPC,0.3529392438605609,96
local_sign+binary,chunk_11,118,KR,0.5355656268802544,96
local_sign+binary,chunk_11,118,MC,0.3869000407297737,96
local_sign+binary,chunk_11,119,GR,0.7042716725743914,96
local_sign+binary,chunk_11,119,IPC,0.34652898449870606,96
local_sign+binary,chunk_11,119,KR,0.5174265908190449,96
local_sign+binary,chunk_11,119,MC,0.38652147989894964,96
local_sign+binary,chunk_12,120,GR,0.7319141476618367,96
local_sign+binary,chunk_12,120,IPC,0.34334660854113,96
local_sign+binary,chunk_12,120,KR,0.5524557292483848,96
local_sign+binary,chunk_12,120,MC,0.39296522248182775,96
local_sign+binary,chunk_12,121,GR,0.724006641731668,96
local_sign+binary,chunk_12,121,IPC,0.33412543977830317,96
local_sign+binary,chunk_12,121,KR,0.5679870879995149,96
local_sign+binary,chunk_12,121,MC,0.38007050448828233,96
local_sign+binary,chunk_12,122,GR,0.6841203599310802,96
local_sign+binary,chunk_12,122,IPC,0.37645360394639366,96
local_sign+binary,chunk_12,122,KR,0.49566001351028277,96
local_sign+binary,chunk_12,122,MC,0.42589582600412934,96
local_sign+binary,chunk_12,123,GR,0.7180204157388959,96
local_sign+binary,chunk_12,123,IPC,0.36623609915088956,96
local_sign+binary,chunk_12,123,KR,0.5354184702738297,96
local_sign+binary,chunk_12,123,MC,0.3950738191238082,96
local_sign+binary,chunk_12,124,GR,0.6794299346115047,96
local_sign+binary,chunk_12,124,IPC,0.30071649005441126,96
local_sign+binary,chunk_12,124,KR,0.47068670922740097,96
local_sign+binary,chunk_12,124,MC,0.3347498293200996,96
local_sign+binary,chunk_12,125,GR,0.7143990769770265,96
local_sign+binary,chunk_12,125,IPC,0.3733068119411073,96
local_sign+binary,chunk_12,125,KR,0.530906259215042,96
local_sign+binary,chunk_12,125,MC,0.3832433397631772,96
local_sign+binary,chunk_12,126,GR,0.6934372127001477,96
local_sign+binary,chunk_12,126,IPC,0.3640334151893383,96
local_sign+binary,chunk_12,126,KR,0.5044608143727674,96
local_sign+binary,chunk_12,126,MC,0.40684001621954285,96
local_sign+binary,chunk_12,127,GR,0.6989845752850815,96
local_sign+binary,chunk_12,127,IPC,0.3405310940960773,96
local_sign+binary,chunk_12,127,KR,0.5085299871494047,96
local_sign+binary,chunk_12,127,MC,0.3867577532587488,96
local_sign+binary,chunk_12,128,GR,0.683578083934355,96
local_sign+binary,chunk_12,128,IPC,0.3240535507284996,96
local_sign+binary,chunk_12,128,KR,0.48632791410973053,96
local_sign+binary,chunk_12,128,MC,0.37285617832887963,96
local_sign+binary,chunk_12,129,GR,0.6691280895324961,96
local_sign+binary,chunk_12,129,IPC,0.3578776679336477,96
local_sign+binary,chunk_12,129,KR,0.47627196672643785,96
local_sign+binary,chunk_12,129,MC,0.389426475496717,96
local_sign+binary,chunk_13,130,GR,0.6691577596140067,96
local_sign+binary,chunk_13,130,IPC,0.3626481674686538,96
local_sign+binary,chunk_13,130,KR,0.4694453334084635,96
local_sign+binary,chunk_13,130,MC,0.4299834728374776,96
local_sign+binary,chunk_13,131,GR,0.6921758431967535,96
local_sign+binary,chunk_13,131,IPC,0.3970806920793257,96
local_sign+binary,chunk_13,131,KR,0.49971548904523067,96
local_sign+binary,chunk_13,131,MC,0.42160475674356085,96
local_sign+binary,chunk_13,132,GR,0.7370264311326987,96
local_sign+binary,chunk_13,132,IPC,0.3205123373024393,96
local_sign+binary,chunk_13,132,KR,0.5730464535627344,96
local_sign+binary,chunk_13,132,MC,0.36342803947782903,96
local_sign+binary,chunk_13,133,GR,0.7262737875587868,96
local_sign+binary,chunk_13,133,IPC,0.3654546787229625,96
local_sign+binary,chunk_13,133,KR,0.5760142207596886,96
local_sign+binary,chunk_13,133,MC,0.39832519255751897,96
local_sign+binary,chunk_13,134,GR,0.7165744662593012,96
local_sign+binary,chunk_13,134,IPC,0.3467950572205213,96
local_sign+binary,chunk_13,134,KR,0.5241649088695326,96
local_sign+binary,chunk_13,134,MC,0.3753818600892403,96
local_sign+binary,chunk_13,135,GR,0.6857820884548353,96
local_sign+binary,chunk_13,135,IPC,0.37776040142463635,96
local_sign+binary,chunk_13,135,KR,0.4838634887805944,96
local_sign+binary,chunk_13,135,MC,0.4221012049488507,96
local_sign+binary,chunk_13,136,GR,0.7241408831436825,96
local_sign+binary,chunk_13,136,IPC,0.3295750920576343,96
local_sign+binary,chunk_13,136,KR,0.5507455597501254,96
local_sign+binary,chunk_13,136,MC,0.3643229899579195,96
local_sign+binary,chunk_13,137,GR,0.6659302306327912,96
local_sign+binary,chunk_13,137,IPC,0.3583485902447292,96
local_sign+binary,chunk_13,137,KR,0.4643836516022571,96
local_sign+binary,chunk_13,137,MC,0.3951725701750865,96
local_sign+binary,chunk_13,138,GR,0.7191085998084479,96
local_sign+binary,chunk_13,138,IPC,0.3153709488985353,96
local_sign+binary,chunk_13,138,KR,0.5500016547210983,96
local_sign+binary,chunk_13,138,MC,0.39961938814282666,96
local_sign+binary,chunk_13,139,GR,0.6885146376082946,96
local_sign+binary,chunk_13,139,IPC,0.3277668333040489,96
local_sign+binary,chunk_13,139,KR,0.5004443810491094,96
local_sign+binary,chunk_13,139,MC,0.3827148073560791,96
local_sign+binary,chunk_14,140,GR,0.7161879455386652,96
local_sign+binary,chunk_14,140,IPC,0.3421273984269598,96
local_sign+binary,chunk_14,140,KR,0.5398915706198559,96
local_sign+binary,chunk_14,140,MC,0.386156029712077,96
local_sign+binary,chunk_14,141,GR,0.6953309328918647,96
local_sign+binary,chunk_14,141,IPC,0.36569658891783874,96
local_sign+binary,chunk_14,141,KR,0.5295583278605304,96
local_sign+binary,chunk_14,141,MC,0.4115154854989995,96
local_sign+binary,chunk_14,142,GR,0.718434095744521,96
local_sign+binary,chunk_14,142,IPC,0.35836409123861757,96
local_sign+binary,chunk_14,142,KR,0.5246066392405476,96
local_sign+binary,chunk_14,142,MC,0.392125019802708,96
local_sign+binary,chunk_14,143,GR,0.7211101917295967,96
local_sign+binary,chunk_14,143,IPC,0.32988814340047035,96
local_sign+binary,chunk_14,143,KR,0.5408119033664676,96
local_sign+binary,chunk_14,143,MC,0.37163720267645334,96
local_sign+binary,chunk_14,144,GR,0.6886004605836757,96
local_sign+binary,chunk_14,144,IPC,0.376704573822156,96
local_sign+binary,chunk_14,144,KR,0.49720162302599435,96
local_sign+binary,chunk_14,144,MC,0.4146237247943627,96
local_sign+binary,chunk_14,145,GR,0.7098640288730995,96
local_sign+binary,chunk_14,145,IPC,0.35190977532462747,96
local_sign+binary,chunk_14,145,KR,0.5316896747985959,96
local_sign+binary,chunk_14,145,MC,0.41034096918840995,96
local_sign+binary,chunk_14,146,GR,0.7114667161120769,96
local_sign+binary,chunk_14,146,IPC,0.34196902172491217,96
local_sign+binary,chunk_14,146,KR,0.5066988649439328,96
local_sign+binary,chunk_14,146,MC,0.39681512620402265,96
local_sign+binary,chunk_14,147,GR,0.6963765140946665,96
local_sign+binary,chunk_14,147,IPC,0.384488428084522,96
local_sign+binary,chunk_14,147,KR,0.5270576145161926,96
local_sign+binary,chunk_14,147,MC,0.4210153556477487,96
local_sign+binary,chunk_14,148,GR,0.7376485668567433,96
local_sign+binary,chunk_14,148,IPC,0.3299495172756502,96
local_sign+binary,chunk_14,148,KR,0.5527288569213489,96
local_sign+binary,chunk_14,148,MC,0.3455027276338411,96
local_sign+binary,chunk_14,149,GR,0.7592077041249663,96
local_sign+binary,chunk_14,149,IPC,0.34757635860542296,96
local_sign+binary,chunk_14,149,KR,0.5930429649813237,96
local_sign+binary,chunk_14,149,MC,0.41753615421150186,96
local_sign+binary,chunk_15,150,GR,0.6940665125297051,96
local_sign+binary,chunk_15,150,IPC,0.34459296323985866,96
local_sign+binary,chunk_15,150,KR,0.5031276516925537,96
local_sign+binary,chunk_15,150,MC,0.3821530518174634,96
local_sign+binary,chunk_15,151,GR,0.6798182837694665,96
local_sign+binary,chunk_15,151,IPC,0.342305812333039,96
local_sign+binary,chunk_15,151,KR,0.49710062187991844,96
local_sign+binary,chunk_15,151,MC,0.3802714851386155,96
local_sign+binary,chunk_15,152,GR,0.7071110641449944,96
local_sign+binary,chunk_15,152,IPC,0.35636322506327334,96
local_sign+binary,chunk_15,152,KR,0.517274215586985,96
local_sign+binary,chunk_15,152,MC,0.4075401424447837,96
local_sign+binary,chunk_15,153,GR,0.6623400927643187,96
local_sign+binary,chunk_15,153,IPC,0.3814556631445626,96
local_sign+binary,chunk_15,153,KR,0.4593594286111132,96
local_sign+binary,chunk_15,153,MC,0.39604723006343673,96
local_sign+binary,chunk_15,154,GR,0.733953938416288,96
local_sign+binary,chunk_15,154,IPC,0.35860090152970187,96
local_sign+binary,chunk_15,154,KR,0.5493133680801419,96
local_sign+binary,chunk_15,154,MC,0.38801798633095375,96
local_sign+binary,chunk_15,155,GR,0.7407405416796435,96
local_sign+binary,chunk_15,155,IPC,0.3223326182135177,96
local_sign+binary,chunk_15,155,KR,0.5713855617567225,96
local_sign+binary,chunk_15,155,MC,0.3725547015988214,96
local_sign+binary,chunk_15,156,GR,0.727263289363563,96
local_sign+binary,chunk_15,156,IPC,0.3446449389630895,96
local_sign+binary,chunk_15,156,KR,0.5445513137765877,96
local_sign+binary,chunk_15,156,MC,0.3823306471995089,96
local_sign+binary,chunk_15,157,GR,0.7069960443628129,96
local_sign+binary,chunk_15,157,IPC,0.33855710047295184,96
local_sign+binary,chunk_15,157,KR,0.5058462349691117,96
local_sign+binary,chunk_15,157,MC,0.375414852259943,96
local_sign+binary,chunk_15,158,GR,0.7064515780492749,96
local_sign+binary,chunk_15,158,IPC,0.3389494364878126,96
local_sign+binary,chunk_15,158,KR,0.5194010713574893,96
local_sign+binary,chunk_15,158,MC,0.3829549705655006,96
local_sign+binary,chunk_15,159,GR,0.6931280019057822,96
local_sign+binary,chunk_15,159,IPC,0.3513556062220747,96
local_sign+binary,chunk_15,159,KR,0.5045564054019223,96
local_sign+binary,chunk_15,159,MC,0.3686179907425105,96
local_sign+binary,chunk_16,160,GR,0.6944060071189622,96
local_sign+binary,chunk_16,160,IPC,0.3244997123462041,96
local_sign+binary,chunk_16,160,KR,0.5081323669094061,96
local_sign+binary,chunk_16,160,MC,0.39708225277351994,96
local_sign+binary,chunk_16,161,GR,0.718534581819321,96
local_sign+binary,chunk_16,161,IPC,0.3831542508563229,96
local_sign+binary,chunk_16,161,KR,0.5353787808696631,96
local_sign+binary,chunk_16,161,MC,0.4529803661808209,96
local_sign+binary,chunk_16,162,GR,0.7039040937996103,96
local_sign+binary,chunk_16,162,IPC,0.33789362809380485,96
local_sign+binary,chunk_16,162,KR,0.5184501816424579,96
local_sign+binary,chunk_16,162,MC,0.40050601388585455,96
local_sign+binary,chunk_16,163,GR,0.7204700512178782,96
local_sign+binary,chunk_16,163,IPC,0.38348012636538714,96
local_sign+binary,chunk_16,163,KR,0.5418140337440266,96
local_sign+binary,chunk_16,163,MC,0.43590141978416375,96
local_sign+binary,chunk_16,164,GR,0.6842446255196871,96
local_sign+binary,chunk_16,164,IPC,0.38335584372656784,96
local_sign+binary,chunk_16,164,KR,0.4881535156025271,96
local_sign+binary,chunk_16,164,MC,0.4550013327736826,96
local_sign+binary,chunk_16,165,GR,0.686169320129593,96
local_sign+binary,chunk_16,165,IPC,0.39647858919237194,96
local_sign+binary,chunk_16,165,KR,0.4951870101036526,96
local_sign+binary,chunk_16,165,MC,0.43035170860634353,96
local_sign+binary,chunk_16,166,GR,0.7312788679053632,96
local_sign+binary,chunk_16,166,IPC,0.37577972946757715,96
local_sign+binary,chunk_16,166,KR,0.5574513767047076,96
local_sign+binary,chunk_16,166,MC,0.45023922034799335,96
local_sign+binary,chunk_16,167,GR,0.7167012324689721,96
local_sign+binary,chunk_16,167,IPC,0.3587015882565854,96
local_sign+binary,chunk_16,167,KR,0.5477090170904682,96
local_sign+binary,chunk_16,167,MC,0.39931595059708586,96
local_sign+binary,chunk_16,168,GR,0.7168113687639728,96
local_sign+binary,chunk_16,168,IPC,0.3679455068684437,96
local_sign+binary,chunk_16,168,KR,0.5342717682351504,96
local_sign+binary,chunk_16,168,MC,0.44567627976971935,96
local_sign+binary,chunk_16,169,GR,0.7175421614528056,96
local_sign+binary,chunk_16,169,IPC,0.3885474570747091,96
local_sign+binary,chunk_16,169,KR,0.5415285709399601,96
local_sign+binary,chunk_16,169,MC,0.43607599628012994,96
local_sign+binary,chunk_17,170,GR,0.6638940613082088,96
local_sign+binary,chunk_17,170,IPC,0.36816974052678414,96
local_sign+binary,chunk_17,170,KR,0.4614956125987836,96
local_sign+binary,chunk_17,170,MC,0.45029377780660934,96
local_sign+binary,chunk_17,171,GR,0.6861656465691354,96
local_sign+binary,chunk_17,171,IPC,0.3681036912976933,96
local_sign+binary,chunk_17,171,KR,0.4929069368808195,96
local_sign+binary,chunk_17,171,MC,0.4477561263084436,96
local_sign+binary,chunk_17,172,GR,0.7083244247801437,96
local_sign+binary,chunk_17,172,IPC,0.3461307145270035,96
local_sign+binary,chunk_17,172,KR,0.5223716277543023,96
local_sign+binary,chunk_17,172,MC,0.4270218561987595,96
local_sign+binary,chunk_17,173,GR,0.7198637777615547,96
local_sign+binary,chunk_17,173,IPC,0.34078029265103915,96
local_sign+binary,chunk_17,173,KR,0.527950413494997,96
local_sign+binary,chunk_17,173,MC,0.3897813983613696,96
local_sign+binary,chunk_17,174,GR,0.7722258147196484,96
local_sign+binary,chunk_17,174,IPC,0.3825792691977147,96
local_sign+binary,chunk_17,174,KR,0.6325204782264378,96
local_sign+binary,chunk_17,174,MC,0.4510171006373282,96
local_sign+binary,chunk_17,175,GR,0.7195261191003873,96
local_sign+binary,chunk_17,175,IPC,0.38927500033431134,96
local_sign+binary,chunk_17,175,KR,0.5366761284877869,96
local_sign+binary,chunk_17,175,MC,0.4661078429809246,96
local_sign+binary,chunk_17,176,GR,0.7342843205582613,96
local_sign+binary,chunk_17,176,IPC,0.4140082951770818,96
local_sign+binary,chunk_17,176,KR,0.5395041163311923,96
local_sign+binary,chunk_17,176,MC,0.48483952468743974,96
local_sign+binary,chunk_17,177,GR,0.7218291303783687,96
local_sign+binary,chunk_17,177,IPC,0.38856728413522756,96
local_sign+binary,chunk_17,177,KR,0.5410013927542568,96
local_sign+binary,chunk_17,177,MC,0.4469031669866205,96
local_sign+binary,chunk_17,178,GR,0.6644546714367554,96
local_sign+binary,chunk_17,178,IPC,0.3743860400324221,96
local_sign+binary,chunk_17,178,KR,0.46544776111939956,96
local_sign+binary,chunk_17,178,MC,0.4363813005167519,96
local_sign+binary,chunk_17,179,GR,0.696975248138873,96
local_sign+binary,chunk_17,179,IPC,0.3513078950233269,96
local_sign+binary,chunk_17,179,KR,0.5017064503843247,96
local_sign+binary,chunk_17,179,MC,0.4280698464583101,96
local_sign+binary,chunk_18,180,GR,0.7073881259129537,96
local_sign+binary,chunk_18,180,IPC,0.35625129242217246,96
local_sign+binary,chunk_18,180,KR,0.5153633825882148,96
local_sign+binary,chunk_18,180,MC,0.4294827585479604,96
local_sign+binary,chunk_18,181,GR,0.6823304050369511,96
local_sign+binary,chunk_18,181,IPC,0.37829124335714764,96
local_sign+binary,chunk_18,181,KR,0.5213866896428755,96
local_sign+binary,chunk_18,181,MC,0.4590683963232755,96
local_sign+binary,chunk_18,182,GR,0.7364401300189237,96
local_sign+binary,chunk_18,182,IPC,0.3666025580837301,96
local_sign+binary,chunk_18,182,KR,0.5657108856344022,96
local_sign+binary,chunk_18,182,MC,0.42105898884711956,96
local_sign+binary,chunk_18,183,GR,0.6940164332792651,96
local_sign+binary,chunk_18,183,IPC,0.355033614805935,96
local_sign+binary,chunk_18,183,KR,0.5081536668373197,96
local_sign+binary,chunk_18,183,MC,0.4347823404040938,96
local_sign+binary,chunk_18,184,GR,0.7040657071691887,96
local_sign+binary,chunk_18,184,IPC,0.3885199060772175,96
local_sign+binary,chunk_18,184,KR,0.5022085941306058,96
local_sign+binary,chunk_18,184,MC,0.4494163991848239,96
local_sign+binary,chunk_18,185,GR,0.6674094989620019,96
local_sign+binary,chunk_18,185,IPC,0.3411117594141663,96
local_sign+binary,chunk_18,185,KR,0.47971205117428545,96
local_sign+binary,chunk_18,185,MC,0.4158517429784859,96
local_sign+binary,chunk_18,186,GR,0.7557945611264921,96
local_sign+binary,chunk_18,186,IPC,0.3988498081041013,96
local_sign+binary,chunk_18,186,KR,0.617958817004572,96
local_sign+binary,chunk_18,186,MC,0.45045011608671626,96
local_sign+binary,chunk_18,187,GR,0.739365537703333,96
local_sign+binary,chunk_18,187,IPC,0.38019067250919714,96
local_sign+binary,chunk_18,187,KR,0.5723486994799989,96
local_sign+binary,chunk_18,187,MC,0.43538288490697014,96
local_sign+binary,chunk_18,188,GR,0.7039030700052096,96
local_sign+binary,chunk_18,188,IPC,0.39653301996384116,96
local_sign+binary,chunk_18,188,KR,0.5110434334345854,96
local_sign+binary,chunk_18,188,MC,0.49323315862933276,96
local_sign+binary,chunk_18,189,GR,0.6697861810363576,96
local_sign+binary,chunk_18,189,IPC,0.3082257656415099,96
local_sign+binary,chunk_18,189,KR,0.46082708324262467,96
local_sign+binary,chunk_18,189,MC,0.4007292903322579,96
local_sign+binary,chunk_19,190,GR,0.6989383503728093,96
local_sign+binary,chunk_19,190,IPC,0.3479192911119573,96
local_sign+binary,chunk_19,190,KR,0.5222278875831325,96
local_sign+binary,chunk_19,190,MC,0.38679687471273316,96
local_sign+binary,chunk_19,191,GR,0.6484801304783689,96
local_sign+binary,chunk_19,191,IPC,0.36120995967860287,96
local_sign+binary,chunk_19,191,KR,0.45398626422433913,96
local_sign+binary,chunk_19,191,MC,0.42673444258367643,96
local_sign+binary,chunk_19,192,GR,0.7119715404985404,96
local_sign+binary,chunk_19,192,IPC,0.35468785310977907,96
local_sign+binary,chunk_19,192,KR,0.5275749491979678,96
local_sign+binary,chunk_19,192,MC,0.4339398082567135,96
local_sign+binary,chunk_19,193,GR,0.7171384213661004,96
local_sign+binary,chunk_19,193,IPC,0.34704880680390204,96
local_sign+binary,chunk_19,193,KR,0.5469102416562382,96
local_sign+binary,chunk_19,193,MC,0.4427165807828441,96
local_sign+binary,chunk_19,194,GR,0.681304648767489,96
local_sign+binary,chunk_19,194,IPC,0.3710395912262483,96
local_sign+binary,chunk_19,194,KR,0.49419633470812263,96
local_sign+binary,chunk_19,194,MC,0.4462900422609486,96
local_sign+binary,chunk_19,195,GR,0.7630858781330773,96
local_sign+binary,chunk_19,195,IPC,0.39399687158834557,96
local_sign+binary,chunk_19,195,KR,0.6035747590448107,96
local_sign+binary,chunk_19,195,MC,0.45197068927101164,96
local_sign+binary,chunk_19,196,GR,0.6739074549098929,96
local_sign+binary,chunk_19,196,IPC,0.318390250849583,96
local_sign+binary,chunk_19,196,KR,0.4763251797156842,96
local_sign+binary,chunk_19,196,MC,0.39105586420534016,96
local_sign+binary,chunk_19,197,GR,0.7103810044443318,96
local_sign+binary,chunk_19,197,IPC,0.37954795647526884,96
local_sign+binary,chunk_19,197,KR,0.5317652314969967,96
local_sign+binary,chunk_19,197,MC,0.4364951580064049,96
local_sign+binary,chunk_19,198,GR,0.6948339431616372,96
local_sign+binary,chunk_19,198,IPC,0.35458661369581096,96
local_sign+binary,chunk_19,198,KR,0.500585713497477,96
local_sign+binary,chunk_19,198,MC,0.43244290016436476,96
local_sign+binary,chunk_19,199,GR,0.7291889524242391,96
local_sign+binary,chunk_19,199,IPC,0.3983361795241879,96
local_sign+binary,chunk_19,199,KR,0.5784068331421496,96
local_sign+binary,chunk_19,199,MC,0.46253833486120494,96
local_sign+binary,chunk_2,20,GR,0.7011841797984267,96
local_sign+binary,chunk_2,20,IPC,0.354879051272244,96
local_sign+binary,chunk_2,20,KR,0.5292263230689193,96
local_sign+binary,chunk_2,20,MC,0.38887488411793025,96
local_sign+binary,chunk_2,21,GR,0.7150528720430387,96
local_sign+binary,chunk_2,21,IPC,0.4124740693677417,96
local_sign+binary,chunk_2,21,KR,0.527507086384328,96
local_sign+binary,chunk_2,21,MC,0.4397839276413209,96
local_sign+binary,chunk_2,22,GR,0.7109773907327825,96
local_sign+binary,chunk_2,22,IPC,0.36708135238057193,96
local_sign+binary,chunk_2,22,KR,0.526921651528969,96
local_sign+binary,chunk_2,22,MC,0.3966384756824319,96
local_sign+binary,chunk_2,23,GR,0.7074402306938576,96
local_sign+binary,chunk_2,23,IPC,0.33127252392169376,96
local_sign+binary,chunk_2,23,KR,0.5155113573416623,96
local_sign+binary,chunk_2,23,MC,0.37925219289922213,96
local_sign+binary,chunk_2,24,GR,0.7411167634112672,96
local_sign+binary,chunk_2,24,IPC,0.34670767880922854,96
local_sign+binary,chunk_2,24,KR,0.5559101963692001,96
local_sign+binary,chunk_2,24,MC,0.401779786113979,96
local_sign+binary,chunk_2,25,GR,0.7080908150426719,96
local_sign+binary,chunk_2,25,IPC,0.3910760885048194,96
local_sign+binary,chunk_2,25,KR,0.5254981002942353,96
local_sign+binary,chunk_2,25,MC,0.40382711245234,96
local_sign+binary,chunk_2,26,GR,0.7288835447247793,96
local_sign+binary,chunk_2,26,IPC,0.365478064065875,96
local_sign+binary,chunk_2,26,KR,0.5412542636261544,96
local_sign+binary,chunk_2,26,MC,0.4248885079578759,96
local_sign+binary,chunk_2,27,GR,0.6996043681041024,96
local_sign+binary,chunk_2,27,IPC,0.35475850316530166,96
local_sign+binary,chunk_2,27,KR,0.5315617463380778,96
local_sign+binary,chunk_2,27,MC,0.3869058048515137,96
local_sign+binary,chunk_2,28,GR,0.7262715441496471,96
local_sign+binary,chunk_2,28,IPC,0.35057009987932936,96
local_sign+binary,chunk_2,28,KR,0.5353443641231136,96
local_sign+binary,chunk_2,28,MC,0.4136193851016607,96
local_sign+binary,chunk_2,29,GR,0.7313501144615019,96
local_sign+binary,chunk_2,29,IPC,0.33170316950944073,96
local_sign+binary,chunk_2,29,KR,0.5920901324437927,96
local_sign+binary,chunk_2,29,MC,0.3872704668001527,96
local_sign+binary,chunk_3,30,GR,0.7376754715641602,96
local_sign+binary,chunk_3,30,IPC,0.33000402158514136,96
local_sign+binary,chunk_3,30,KR,0.5650571482192279,96
local_sign+binary,chunk_3,30,MC,0.36772197230971193,96
local_sign+binary,chunk_3,31,GR,0.7079989665619072,96
local_sign+binary,chunk_3,31,IPC,0.3372632335381838,96
local_sign+binary,chunk_3,31,KR,0.5098075533592099,96
local_sign+binary,chunk_3,31,MC,0.3791107955454092,96
local_sign+binary,chunk_3,32,GR,0.6496144642213353,96
local_sign+binary,chunk_3,32,IPC,0.32898298435312917,96
local_sign+binary,chunk_3,32,KR,0.4523389874594877,96
local_sign+binary,chunk_3,32,MC,0.35678371772410283,96
local_sign+binary,chunk_3,33,GR,0.7128105682773404,96
local_sign+binary,chunk_3,33,IPC,0.3597654664312687,96
local_sign+binary,chunk_3,33,KR,0.5199815685847179,96
local_sign+binary,chunk_3,33,MC,0.3943209659659406,96
local_sign+binary,chunk_3,34,GR,0.6726295620379605,96
local_sign+binary,chunk_3,34,IPC,0.354122362558684,96
local_sign+binary,chunk_3,34,KR,0.4842158104079495,96
local_sign+binary,chunk_3,34,MC,0.38112807998846066,96
local_sign+binary,chunk_3,35,GR,0.68487840126154,96
local_sign+binary,chunk_3,35,IPC,0.3508770550504488,96
local_sign+binary,chunk_3,35,KR,0.49918022917754823,96
local_sign+binary,chunk_3,35,MC,0.38132277870627335,96
local_sign+binary,chunk_3,36,GR,0.6823858571319844,96
local_sign+binary,chunk_3,36,IPC,0.33585753867102713,96
local_sign+binary,chunk_3,36,KR,0.4737070699472205,96
local_sign+binary,chunk_3,36,MC,0.37515209554704226,96
local_sign+binary,chunk_3,37,GR,0.6791875297600973,96
local_sign+binary,chunk_3,37,IPC,0.36283955312268285,96
local_sign+binary,chunk_3,37,KR,0.4805645033648751,96
local_sign+binary,chunk_3,37,MC,0.42526205120538435,96
local_sign+binary,chunk_3,38,GR,0.6936608600580763,96
local_sign+binary,chunk_3,38,IPC,0.34846561854811686,96
local_sign+binary,chunk_3,38,KR,0.5240359172250572,96
local_sign+binary,chunk_3,38,MC,0.3883833299021772,96
local_sign+binary,chunk_3,39,GR,0.7471321205874564,96
local_sign+binary,chunk_3,39,IPC,0.3494339041114795,96
local_sign+binary,chunk_3,39,KR,0.582457908566064,96
local_sign+binary,chunk_3,39,MC,0.42224140442250935,96
local_sign+binary,chunk_4,40,GR,0.7559394161345655,96
local_sign+binary,chunk_4,40,IPC,0.32708897632908135,96
local_sign+binary,chunk_4,40,KR,0.6220711286044379,96
local_sign+binary,chunk_4,40,MC,0.3920768689147931,96
local_sign+binary,chunk_4,41,GR,0.6815700787558847,96
local_sign+binary,chunk_4,41,IPC,0.35009893944282455,96
local_sign+binary,chunk_4,41,KR,0.483898501248622,96
local_sign+binary,chunk_4,41,MC,0.4042253898445582,96
local_sign+binary,chunk_4,42,GR,0.7008095550074532,96
local_sign+binary,chunk_4,42,IPC,0.36072167533315375,96
local_sign+binary,chunk_4,42,KR,0.524019406013321,96
local_sign+binary,chunk_4,42,MC,0.4040905723938982,96
local_sign+binary,chunk_4,43,GR,0.7036974202079472,96
local_sign+binary,chunk_4,43,IPC,0.33148319565097883,96
local_sign+binary,chunk_4,43,KR,0.5301703397964312,96
local_sign+binary,chunk_4,43,MC,0.37044577590136274,96
local_sign+binary,chunk_4,44,GR,0.7036897890494379,96
local_sign+binary,chunk_4,44,IPC,0.33819798965239073,96
local_sign+binary,chunk_4,44,KR,0.511272710504213,96
local_sign+binary,chunk_4,44,MC,0.36673146005057905,96
local_sign+binary,chunk_4,45,GR,0.6835648281660414,96
local_sign+binary,chunk_4,45,IPC,0.33761153798241106,96
local_sign+binary,chunk_4,45,KR,0.4903673185101954,96
local_sign+binary,chunk_4,45,MC,0.392523507466226,96
local_sign+binary,chunk_4,46,GR,0.7638176115860315,96
local_sign+binary,chunk_4,46,IPC,0.3250139252958122,96
local_sign+binary,chunk_4,46,KR,0.6212778496730139,96
local_sign+binary,chunk_4,46,MC,0.374347001348436,96
local_sign+binary,chunk_4,47,GR,0.6949271292645278,96
local_sign+binary,chunk_4,47,IPC,0.37518315676015884,96
local_sign+binary,chunk_4,47,KR,0.4969822471223236,96
local_sign+binary,chunk_4,47,MC,0.42611509976032963,96
local_sign+binary,chunk_4,48,GR,0.7237625661319776,96
local_sign+binary,chunk_4,48,IPC,0.34209026349446847,96
local_sign+binary,chunk_4,48,KR,0.5351644087571993,96
local_sign+binary,chunk_4,48,MC,0.3966914467720155,96
local_sign+binary,chunk_4,49,GR,0.7114809744068105,96
local_sign+binary,chunk_4,49,IPC,0.3563576055631597,96
local_sign+binary,chunk_4,49,KR,0.5235685920630229,96
local_sign+binary,chunk_4,49,MC,0.3884102306501499,96
local_sign+binary,chunk_5,50,GR,0.6769551026880235,96
local_sign+binary,chunk_5,50,IPC,0.35877964644080057,96
local_sign+binary,chunk_5,50,KR,0.4816497401068277,96
local_sign+binary,chunk_5,50,MC,0.398979038248114,96
local_sign+binary,chunk_5,51,GR,0.6790213095956869,96
local_sign+binary,chunk_5,51,IPC,0.3933354138467512,96
local_sign+binary,chunk_5,51,KR,0.4991457583109847,96
local_sign+binary,chunk_5,51,MC,0.40633055285525566,96
local_sign+binary,chunk_5,52,GR,0.6750508301846577,96
local_sign+binary,chunk_5,52,IPC,0.3349826046357454,96
local_sign+binary,chunk_5,52,KR,0.46473560643363576,96
local_sign+binary,chunk_5,52,MC,0.37522086211752614,96
local_sign+binary,chunk_5,53,GR,0.6974936655639136,96
local_sign+binary,chunk_5,53,IPC,0.3415910330981235,96
local_sign+binary,chunk_5,53,KR,0.5004461839241457,96
local_sign+binary,chunk_5,53,MC,0.3806425943065724,96
local_sign+binary,chunk_5,54,GR,0.6635780432146122,96
local_sign+binary,chunk_5,54,IPC,0.32211258458585773,96
local_sign+binary,chunk_5,54,KR,0.46445083795081854,96
local_sign+binary,chunk_5,54,MC,0.3854293023009848,96
local_sign+binary,chunk_5,55,GR,0.6954708504318102,96
local_sign+binary,chunk_5,55,IPC,0.35347412996025246,96
local_sign+binary,chunk_5,55,KR,0.5071076898806002,96
local_sign+binary,chunk_5,55,MC,0.3897639347493746,96
local_sign+binary,chunk_5,56,GR,0.7042217774655376,96
local_sign+binary,chunk_5,56,IPC,0.34893731378090964,96
local_sign+binary,chunk_5,56,KR,0.5213771602091578,96
local_sign+binary,chunk_5,56,MC,0.3872590258355645,96
local_sign+binary,chunk_5,57,GR,0.6909419334622474,96
local_sign+binary,chunk_5,57,IPC,0.3548291239329928,96
local_sign+binary,chunk_5,57,KR,0.4931295641110681,96
local_sign+binary,chunk_5,57,MC,0.3827577021634657,96
local_sign+binary,chunk_5,58,GR,0.6929004613521108,96
local_sign+binary,chunk_5,58,IPC,0.3644745787633117,96
local_sign+binary,chunk_5,58,KR,0.5066268440244163,96
local_sign+binary,chunk_5,58,MC,0.3924793073324528,96
local_sign+binary,chunk_5,59,GR,0.7295967575131473,96
local_sign+binary,chunk_5,59,IPC,0.3451391567896943,96
local_sign+binary,chunk_5,59,KR,0.551701110216604,96
local_sign+binary,chunk_5,59,MC,0.3858089008444134,96
local_sign+binary,chunk_6,60,GR,0.6728995084445962,96
local_sign+binary,chunk_6,60,IPC,0.36764225467463785,96
local_sign+binary,chunk_6,60,KR,0.4802170247445609,96
local_sign+binary,chunk_6,60,MC,0.4143050298511877,96
local_sign+binary,chunk_6,61,GR,0.662377141630384,96
local_sign+binary,chunk_6,61,IPC,0.36239786015163555,96
local_sign+binary,chunk_6,61,KR,0.4709617360703972,96
local_sign+binary,chunk_6,61,MC,0.383320924058293,96
local_sign+binary,chunk_6,62,GR,0.6698583308114573,96
local_sign+binary,chunk_6,62,IPC,0.3384035022104535,96
local_sign+binary,chunk_6,62,KR,0.46121832739840496,96
local_sign+binary,chunk_6,62,MC,0.3655673237194006,96
local_sign+binary,chunk_6,63,GR,0.7560924041281943,96
local_sign+binary,chunk_6,63,IPC,0.2923748491998458,96
local_sign+binary,chunk_6,63,KR,0.6118638077926725,96
local_sign+binary,chunk_6,63,MC,0.3400081639022602,96
local_sign+binary,chunk_6,64,GR,0.7531889758988582,96
local_sign+binary,chunk_6,64,IPC,0.312011211927567,96
local_sign+binary,chunk_6,64,KR,0.6204996897837677,96
local_sign+binary,chunk_6,64,MC,0.37097814783464195,96
local_sign+binary,chunk_6,65,GR,0.7100931121226495,96
local_sign+binary,chunk_6,65,IPC,0.3569182772024923,96
local_sign+binary,chunk_6,65,KR,0.544635819604609,96
local_sign+binary,chunk_6,65,MC,0.37887089071138735,96
local_sign+binary,chunk_6,66,GR,0.7257912255411526,96
local_sign+binary,chunk_6,66,IPC,0.3490787005132108,96
local_sign+binary,chunk_6,66,KR,0.550643278648266,96
local_sign+binary,chunk_6,66,MC,0.37668079965032475,96
local_sign+binary,chunk_6,67,GR,0.7197421880807057,96
local_sign+binary,chunk_6,67,IPC,0.3398849842412642,96
local_sign+binary,chunk_6,67,KR,0.549772064191886,96
local_sign+binary,chunk_6,67,MC,0.3701746074780224,96
local_sign+binary,chunk_6,68,GR,0.7021197773072753,96
local_sign+binary,chunk_6,68,IPC,0.3749683553304733,96
local_sign+binary,chunk_6,68,KR,0.5113596825059515,96
local_sign+binary,chunk_6,68,MC,0.38664417098921267,96
local_sign+binary,chunk_6,69,GR,0.7112547912240469,96
local_sign+binary,chunk_6,69,IPC,0.39472152365556157,96
local_sign+binary,chunk_6,69,KR,0.548306102943772,96
local_sign+binary,chunk_6,69,MC,0.4389007521699032,96
local_sign+binary,chunk_7,70,GR,0.7071733434231299,96
local_sign+binary,chunk_7,70,IPC,0.37495005319746433,96
local_sign+binary,chunk_7,70,KR,0.5011900399106645,96
local_sign+binary,chunk_7,70,MC,0.4286084244514654,96
local_sign+binary,chunk_7,71,GR,0.739135709723687,96
local_sign+binary,chunk_7,71,IPC,0.3441945777955915,96
local_sign+binary,chunk_7,71,KR,0.5559603347222928,96
local_sign+binary,chunk_7,71,MC,0.37186885439358014,96
local_sign+binary,chunk_7,72,GR,0.7367034756032133,96
local_sign+binary,chunk_7,72,IPC,0.3507428305028265,96
local_sign+binary,chunk_7,72,KR,0.5492721118138266,96
local_sign+binary,chunk_7,72,MC,0.4110262109037321,96
local_sign+binary,chunk_7,73,GR,0.6506971357313138,96
local_sign+binary,chunk_7,73,IPC,0.32107625088861613,96
local_sign+binary,chunk_7,73,KR,0.4594761182811942,96
local_sign+binary,chunk_7,73,MC,0.3651535439829008,96
local_sign+binary,chunk_7,74,GR,0.655192162320522,96
local_sign+binary,chunk_7,74,IPC,0.3750241389545374,96
local_sign+binary,chunk_7,74,KR,0.46020365822367076,96
local_sign+binary,chunk_7,74,MC,0.42506184793247503,96
local_sign+binary,chunk_7,75,GR,0.7374354466223513,96
local_sign+binary,chunk_7,75,IPC,0.30599797111026905,96
local_sign+binary,chunk_7,75,KR,0.5823508676695831,96
local_sign+binary,chunk_7,75,MC,0.3627301084161234,96
local_sign+binary,chunk_7,76,GR,0.7093978352706922,96
local_sign+binary,chunk_7,76,IPC,0.3576266064525198,96
local_sign+binary,chunk_7,76,KR,0.5292978768764296,96
local_sign+binary,chunk_7,76,MC,0.3871522841850403,96
local_sign+binary,chunk_7,77,GR,0.724410837904065,96
local_sign+binary,chunk_7,77,IPC,0.3773263559380171,96
local_sign+binary,chunk_7,77,KR,0.5386993096453697,96
local_sign+binary,chunk_7,77,MC,0.40198464075540136,96
local_sign+binary,chunk_7,78,GR,0.6983776860346805,96
local_sign+binary,chunk_7,78,IPC,0.35305004401813356,96
local_sign+binary,chunk_7,78,KR,0.4998981268250977,96
local_sign+binary,chunk_7,78,MC,0.4028297061012495,96
local_sign+binary,chunk_7,79,GR,0.7485208263979961,96
local_sign+binary,chunk_7,79,IPC,0.3372926005348114,96
local_sign+binary,chunk_7,79,KR,0.6037301006663861,96
local_sign+binary,chunk_7,79,MC,0.36642640900233553,96
local_sign+binary,chunk_8,80,GR,0.7057834456198876,96
local_sign+binary,chunk_8,80,IPC,0.33801145372327684,96
local_sign+binary,chunk_8,80,KR,0.5089716802903079,96
local_sign+binary,chunk_8,80,MC,0.37136889080792673,96
local_sign+binary,chunk_8,81,GR,0.7148989282648843,96
local_sign+binary,chunk_8,81,IPC,0.34938249394430815,96
local_sign+binary,chunk_8,81,KR,0.5441422100735864,96
local_sign+binary,chunk_8,81,MC,0.3654974783849907,96
local_sign+binary,chunk_8,82,GR,0.6859782696815462,96
local_sign+binary,chunk_8,82,IPC,0.3693259507831013,96
local_sign+binary,chunk_8,82,KR,0.49008383326105387,96
local_sign+binary,chunk_8,82,MC,0.4272273418180615,96
local_sign+binary,chunk_8,83,GR,0.7053550751302717,96
local_sign+binary,chunk_8,83,IPC,0.3738197050754954,96
local_sign+binary,chunk_8,83,KR,0.4975715068435275,96
local_sign+binary,chunk_8,83,MC,0.4177898760361929,96
local_sign+binary,chunk_8,84,GR,0.7023677737691867,96
local_sign+binary,chunk_8,84,IPC,0.322621598913434,96
local_sign+binary,chunk_8,84,KR,0.5113365424441462,96
local_sign+binary,chunk_8,84,MC,0.35733322135280504,96
local_sign+binary,chunk_8,85,GR,0.7265804897519818,96
local_sign+binary,chunk_8,85,IPC,0.34306413770014305,96
local_sign+binary,chunk_8,85,KR,0.5653866160729465,96
local_sign+binary,chunk_8,85,MC,0.3967469320899752,96
local_sign+binary,chunk_8,86,GR,0.6841653473393263,96
local_sign+binary,chunk_8,86,IPC,0.3277581571511133,96
local_sign+binary,chunk_8,86,KR,0.4874692194071028,96
local_sign+binary,chunk_8,86,MC,0.36337833761985067,96
local_sign+binary,chunk_8,87,GR,0.6858381199402659,96
local_sign+binary,chunk_8,87,IPC,0.3536970530500473,96
local_sign+binary,chunk_8,87,KR,0.5036883188013818,96
local_sign+binary,chunk_8,87,MC,0.3852457925466907,96
local_sign+binary,chunk_8,88,GR,0.7003433731850337,96
local_sign+binary,chunk_8,88,IPC,0.3543063840151608,96
local_sign+binary,chunk_8,88,KR,0.5270323654715584,96
local_sign+binary,chunk_8,88,MC,0.3888001807304983,96
local_sign+binary,chunk_8,89,GR,0.733208436903985,96
local_sign+binary,chunk_8,89,IPC,0.3538331855814132,96
local_sign+binary,chunk_8,89,KR,0.5721358761305139,96
local_sign+binary,chunk_8,89,MC,0.4084836269998298,96
local_sign+binary,chunk_9,90,GR,0.7036044411422444,96
local_sign+binary,chunk_9,90,IPC,0.34819885820955787,96
local_sign+binary,chunk_9,90,KR,0.5273162886656838,96
local_sign+binary,chunk_9,90,MC,0.3630526978687167,96
local_sign+binary,chunk_9,91,GR,0.7369087270142585,96
local_sign+binary,chunk_9,91,IPC,0.32753575805858465,96
local_sign+binary,chunk_9,91,KR,0.5726974289117224,96
local_sign+binary,chunk_9,91,MC,0.36905490913830585,96
local_sign+binary,chunk_9,92,GR,0.6883725034768438,96
local_sign+binary,chunk_9,92,IPC,0.3487253822821742,96
local_sign+binary,chunk_9,92,KR,0.48528415500991456,96
local_sign+binary,chunk_9,92,MC,0.3959773564617018,96
local_sign+binary,chunk_9,93,GR,0.7065678351601744,96
local_sign+binary,chunk_9,93,IPC,0.35508215433847096,96
local_sign+binary,chunk_9,93,KR,0.518922977503462,96
local_sign+binary,chunk_9,93,MC,0.38130666659190315,96
local_sign+binary,chunk_9,94,GR,0.7332181259732401,96
local_sign+binary,chunk_9,94,IPC,0.33203668370395084,96
local_sign+binary,chunk_9,94,KR,0.5500413170389086,96
local_sign+binary,chunk_9,94,MC,0.3898246091547458,96
local_sign+binary,chunk_9,95,GR,0.732053038621956,96
local_sign+binary,chunk_9,95,IPC,0.3688009686015803,96
local_sign+binary,chunk_9,95,KR,0.5526034961817012,96
local_sign+binary,chunk_9,95,MC,0.3951794199767959,96
local_sign+binary,chunk_9,96,GR,0.6681549303902783,96
local_sign+binary,chunk_9,96,IPC,0.36754582301183564,96
local_sign+binary,chunk_9,96,KR,0.46888750435809984,96
local_sign+binary,chunk_9,96,MC,0.40380291077159186,96
local_sign+binary,chunk_9,97,GR,0.6643529695549023,96
local_sign+binary,chunk_9,97,IPC,0.3796480263086456,96
local_sign+binary,chunk_9,97,KR,0.47781756364462413,96
local_sign+binary,chunk_9,97,MC,0.396354599897181,96
local_sign+binary,chunk_9,98,GR,0.7495354867321595,96
local_sign+binary,chunk_9,98,IPC,0.3162288355418191,96
local_sign+binary,chunk_9,98,KR,0.6080111263667498,96
local_sign+binary,chunk_9,98,MC,0.38795825165800346,96
local_sign+binary,chunk_9,99,GR,0.7379755362230006,96
local_sign+binary,chunk_9,99,IPC,0.3198120384163016,96
local_sign+binary,chunk_9,99,KR,0.5822804629891407,96
local_sign+binary,chunk_9,99,MC,0.3429493443287332,96
local_sign+flat,chunk_0,0,GR,0.721561227618795,96
local_sign+flat,chunk_0,0,IPC,0.3532549534322577,96
local_sign+flat,chunk_0,0,KR,0.5451790147259375,96
local_sign+flat,chunk_0,0,MC,0.3876322483959226,96
local_sign+flat,chunk_0,1,GR,0.7742036834957506,96
local_sign+flat,chunk_0,1,IPC,0.32988108788118825,96
local_sign+flat,chunk_0,1,KR,0.6573832116210402,96
local_sign+flat,chunk_0,1,MC,0.39386127922260256,96
local_sign+flat,chunk_0,2,GR,0.7326863224294113,96
local_sign+flat,chunk_0,2,IPC,0.3646336565549606,96
local_sign+flat,chunk_0,2,KR,0.5710730224669046,96
local_sign+flat,chunk_0,2,MC,0.4381170687920932,96
local_sign+flat,chunk_0,3,GR,0.7154906105034087,96
local_sign+flat,chunk_0,3,IPC,0.36346108474469957,96
local_sign+flat,chunk_0,3,KR,0.5406149176013167,96
local_sign+flat,chunk_0,3,MC,0.3955826324425113,96
local_sign+flat,chunk_0,4,GR,0.7079850655414819,96
local_sign+flat,chunk_0,4,IPC,0.3491938920460306,96
local_sign+flat,chunk_0,4,KR,0.5426183745114143,96
local_sign+flat,chunk_0,4,MC,0.4198765013288418,96
local_sign+flat,chunk_0,5,GR,0.7600575911443477,96
local_sign+flat,chunk_0,5,IPC,0.3470757391827419,96
local_sign+flat,chunk_0,5,KR,0.5974653518388686,96
local_sign+flat,chunk_0,5,MC,0.3955590100206071,96
local_sign+flat,chunk_0,6,GR,0.7299401112253058,96
local_sign+flat,chunk_0,6,IPC,0.335715052112513,96
local_sign+flat,chunk_0,6,KR,0.5438960535559195,96
local_sign+flat,chunk_0,6,MC,0.3877054856095867,96
local_sign+flat,chunk_0,7,GR,0.7483568300612675,96
local_sign+flat,chunk_0,7,IPC,0.3288058693577697,96
local_sign+flat,chunk_0,7,KR,0.6055655891511642,96
local_sign+flat,chunk_0,7,MC,0.42223935356496534,96
local_sign+flat,chunk_0,8,GR,0.7272842046465295,96
local_sign+flat,chunk_0,8,IPC,0.3647410023598204,96
local_sign+flat,chunk_0,8,KR,0.5636744283558248,96
local_sign+flat,chunk_0,8,MC,0.41712666101604806,96
local_sign+flat,chunk_0,9,GR,0.7411445075205609,96
local_sign+flat,chunk_0,9,IPC,0.3751513553992797,96
local_sign+flat,chunk_0,9,KR,0.5707540784764016,96
local_sign+flat,chunk_0,9,MC,0.39738153383341707,96
local_sign+flat,chunk_1,10,GR,0.7336723228964609,96
local_sign+flat,chunk_1,10,IPC,0.350736161954101,96
local_sign+flat,chunk_1,10,KR,0.5564086111895719,96
local_sign+flat,chunk_1,10,MC,0.38757805613966034,96
local_sign+flat,chunk_1,11,GR,0.7096921683579688,96
local_sign+flat,chunk_1,11,IPC,0.33497414859236574,96
local_sign+flat,chunk_1,11,KR,0.5341328770458713,96
local_sign+flat,chunk_1,11,MC,0.39496696529595315,96
local_sign+flat,chunk_1,12,GR,0.6772654243716181,96
local_sign+flat,chunk_1,12,IPC,0.37119183553536766,96
local_sign+flat,chunk_1,12,KR,0.49800935905810195,96
local_sign+flat,chunk_1,12,MC,0.4531966257741844,96
local_sign+flat,chunk_1,13,GR,0.695470685563478,96
local_sign+flat,chunk_1,13,IPC,0.35479307226356865,96
local_sign+flat,chunk_1,13,KR,0.4957303601522836,96
local_sign+flat,chunk_1,13,MC,0.39624683547062073,96
local_sign+flat,chunk_1,14,GR,0.7249886494909612,96
local_sign+flat,chunk_1,14,IPC,0.320168782859912,96
local_sign+flat,chunk_1,14,KR,0.5847076935375932,96
local_sign+flat,chunk_1,14,MC,0.3703948509915767,96
local_sign+flat,chunk_1,15,GR,0.7586792387554799,96
local_sign+flat,chunk_1,15,IPC,0.3146092424895882,96
local_sign+flat,chunk_1,15,KR,0.6093336048990325,96
local_sign+flat,chunk_1,15,MC,0.3984758906283063,96
local_sign+flat,chunk_1,16,GR,0.7517721977936364,96
local_sign+flat,chunk_1,16,IPC,0.3274231194198466,96
local_sign+flat,chunk_1,16,KR,0.5968292494462435,96
local_sign+flat,chunk_1,16,MC,0.37199544922835137,96
local_sign+flat,chunk_1,17,GR,0.7447701095848744,96
local_sign+flat,chunk_1,17,IPC,0.3761597236734175,96
local_sign+flat,chunk_1,17,KR,0.5981078757000314,96
local_sign+flat,chunk_1,17,MC,0.43210723225215464,96
local_sign+flat,chunk_1,18,GR,0.7299016166470035,96
local_sign+flat,chunk_1,18,IPC,0.30816213422025085,96
local_sign+flat,chunk_1,18,KR,0.5785984574710452,96
local_sign+flat,chunk_1,18,MC,0.39340599244134794,96
local_sign+flat,chunk_1,19,GR,0.7109704287025974,96
local_sign+flat,chunk_1,19,IPC,0.37561372436616314,96
local_sign+flat,chunk_1,19,KR,0.5263444780661434,96
local_sign+flat,chunk_1,19,MC,0.40835690565132887,96
local_sign+flat,chunk_10,100,GR,0.7588120727958695,96
local_sign+flat,chunk_10,100,IPC,0.3284834209234144,96
local_sign+flat,chunk_10,100,KR,0.614257083515497,96
local_sign+flat,chunk_10,100,MC,0.38212602459829825,96
local_sign+flat,chunk_10,101,GR,0.7022553260348721,96
local_sign+flat,chunk_10,101,IPC,0.32775425272286557,96
local_sign+flat,chunk_10,101,KR,0.5182090999605358,96
local_sign+flat,chunk_10,101,MC,0.3639245657839804,96
local_sign+flat,chunk_10,102,GR,0.7401909634312134,96
local_sign+flat,chunk_10,102,IPC,0.3379175270173627,96
local_sign+flat,chunk_10,102,KR,0.5968158953152942,96
local_sign+flat,chunk_10,102,MC,0.4000437990547552,96
local_sign+flat,chunk_10,103,GR,0.7203043246551389,96
local_sign+flat,chunk_10,103,IPC,0.36477200603237236,96
local_sign+flat,chunk_10,103,KR,0.5212017932627282,96
local_sign+flat,chunk_10,103,MC,0.41384982390820485,96
local_sign+flat,chunk_10,104,GR,0.7425179091149394,96
local_sign+flat,chunk_10,104,IPC,0.3524796550376361,96
local_sign+flat,chunk_10,104,KR,0.5984155908451353,96
local_sign+flat,chunk_10,104,MC,0.39242874588157517,96
local_sign+flat,chunk_10,105,GR,0.7587107056912996,96
local_sign+flat,chunk_10,105,IPC,0.33623111252176274,96
local_sign+flat,chunk_10,105,KR,0.6225642942052407,96
local_sign+flat,chunk_10,105,MC,0.4183078381826434,96
local_sign+flat,chunk_10,106,GR,0.7787200928596681,96
local_sign+flat,chunk_10,106,IPC,0.3501814286022695,96
local_sign+flat,chunk_10,106,KR,0.6533957605819241,96
local_sign+flat,chunk_10,106,MC,0.42299219584337694,96
local_sign+flat,chunk_10,107,GR,0.7328157962535842,96
local_sign+flat,chunk_10,107,IPC,0.31256006799138314,96
local_sign+flat,chunk_10,107,KR,0.6498545485107314,96
local_sign+flat,chunk_10,107,MC,0.4182207858996369,96
local_sign+flat,chunk_10,108,GR,0.7078224079823704,96
local_sign+flat,chunk_10,108,IPC,0.40779056310250805,96
local_sign+flat,chunk_10,108,KR,0.5012792599082161,96
local_sign+flat,chunk_10,108,MC,0.4575215303824881,96
local_sign+flat,chunk_10,109,GR,0.7340975933138618,96
local_sign+flat,chunk_10,109,IPC,0.3764184610557704,96
local_sign+flat,chunk_10,109,KR,0.5641553139766936,96
local_sign+flat,chunk_10,109,MC,0.406523023598232,96
local_sign+flat,chunk_11,110,GR,0.7101957036362199,96
local_sign+flat,chunk_11,110,IPC,0.35566950735632624,96
local_sign+flat,chunk_11,110,KR,0.5185571924205666,96
local_sign+flat,chunk_11,110,MC,0.4122235074878262,96
local_sign+flat,chunk_11,111,GR,0.7383088138947,96
local_sign+flat,chunk_11,111,IPC,0.2856375504556061,96
local_sign+flat,chunk_11,111,KR,0.6021170321221035,96
local_sign+flat,chunk_11,111,MC,0.3426919059653825,96
local_sign+flat,chunk_11,112,GR,0.7114009119199212,96
local_sign+flat,chunk_11,112,IPC,0.3512974199376329,96
local_sign+flat,chunk_11,112,KR,0.5333106760870845,96
local_sign+flat,chunk_11,112,MC,0.40629507367800666,96
local_sign+flat,chunk_11,113,GR,0.7309842742518677,96
local_sign+flat,chunk_11,113,IPC,0.29664230106487777,96
local_sign+flat,chunk_11,113,KR,0.6437091354347363,96
local_sign+flat,chunk_11,113,MC,0.41380943848792673,96
local_sign+flat,chunk_11,114,GR,0.7123298096533399,96
local_sign+flat,chunk_11,114,IPC,0.3526383564055424,96
local_sign+flat,chunk_11,114,KR,0.516678506758347,96
local_sign+flat,chunk_11,114,MC,0.38605601567536363,96
local_sign+flat,chunk_11,115,GR,0.756779639830551,96
local_sign+flat,chunk_11,115,IPC,0.31038530489623606,96
local_sign+flat,chunk_11,115,KR,0.6281718744238998,96
local_sign+flat,chunk_11,115,MC,0.3987921531008213,96
local_sign+flat,chunk_11,116,GR,0.7530215730249598,96
local_sign+flat,chunk_11,116,IPC,0.35053707578513643,96
local_sign+flat,chunk_11,116,KR,0.573058784094361,96
local_sign+flat,chunk_11,116,MC,0.40993043059383627,96
local_sign+flat,chunk_11,117,GR,0.7003816705245327,96
local_sign+flat,chunk_11,117,IPC,0.3611842950310548,96
local_sign+flat,chunk_11,117,KR,0.517703939944119,96
local_sign+flat,chunk_11,117,MC,0.39685342938484935,96
local_sign+flat,chunk_11,118,GR,0.7521471609185594,96
local_sign+flat,chunk_11,118,IPC,0.3706504098908803,96
local_sign+flat,chunk_11,118,KR,0.5870918171579591,96
local_sign+flat,chunk_11,118,MC,0.4070626031859035,96
local_sign+flat,chunk_11,119,GR,0.7164763433609803,96
local_sign+flat,chunk_11,119,IPC,0.32820344433974036,96
local_sign+flat,chunk_11,119,KR,0.529801691898026,96
local_sign+flat,chunk_11,119,MC,0.3828312712784532,96
local_sign+flat,chunk_12,120,GR,0.7660832079823557,96
local_sign+flat,chunk_12,120,IPC,0.3276236861145063,96
local_sign+flat,chunk_12,120,KR,0.6298934479478584,96
local_sign+flat,chunk_12,120,MC,0.42330629759137073,96
local_sign+flat,chunk_12,121,GR,0.7268135075159847,96
local_sign+flat,chunk_12,121,IPC,0.3376632697574461,96
local_sign+flat,chunk_12,121,KR,0.575058413342922,96
local_sign+flat,chunk_12,121,MC,0.3893691435629719,96
local_sign+flat,chunk_12,122,GR,0.7439733672418917,96
local_sign+flat,chunk_12,122,IPC,0.4128959381884172,96
local_sign+flat,chunk_12,122,KR,0.5818995759493218,96
local_sign+flat,chunk_12,122,MC,0.4647602339928174,96
local_sign+flat,chunk_12,123,GR,0.7229239962673837,96
local_sign+flat,chunk_12,123,IPC,0.341035550181871,96
local_sign+flat,chunk_12,123,KR,0.5512988676542953,96
local_sign+flat,chunk_12,123,MC,0.3720994111288188,96
local_sign+flat,chunk_12,124,GR,0.7268763458364571,96
local_sign+flat,chunk_12,124,IPC,0.3591321831045246,96
local_sign+flat,chunk_12,124,KR,0.5331519298832824,96
local_sign+flat,chunk_12,124,MC,0.3906271997668593,96
local_sign+flat,chunk_12,125,GR,0.7283704347961119,96
local_sign+flat,chunk_12,125,IPC,0.3498927270097809,96
local_sign+flat,chunk_12,125,KR,0.5528445818350297,96
local_sign+flat,chunk_12,125,MC,0.3844200920581281,96
local_sign+flat,chunk_12,126,GR,0.7188596764460308,96
local_sign+flat,chunk_12,126,IPC,0.34083133839741886,96
local_sign+flat,chunk_12,126,KR,0.5351106555733417,96
local_sign+flat,chunk_12,126,MC,0.4065679754646811,96
local_sign+flat,chunk_12,127,GR,0.7499412831124008,96
local_sign+flat,chunk_12,127,IPC,0.34458538443162795,96
local_sign+flat,chunk_12,127,KR,0.5965454724642704,96
local_sign+flat,chunk_12,127,MC,0.3801054526718792,96
local_sign+flat,chunk_12,128,GR,0.7048352720237281,96
local_sign+flat,chunk_12,128,IPC,0.35514165501386186,96
local_sign+flat,chunk_12,128,KR,0.5141439660389082,96
local_sign+flat,chunk_12,128,MC,0.3914188704355098,96
local_sign+flat,chunk_12,129,GR,0.7079904985935787,96
local_sign+flat,chunk_12,129,IPC,0.3616105585979133,96
local_sign+flat,chunk_12,129,KR,0.5340743733665972,96
local_sign+flat,chunk_12,129,MC,0.42570989731806896,96
local_sign+flat,chunk_13,130,GR,0.7077218583743989,96
local_sign+flat,chunk_13,130,IPC,0.374224555146079,96
local_sign+flat,chunk_13,130,KR,0.5233619115727036,96
local_sign+flat,chunk_13,130,MC,0.424058244541278,96
local_sign+flat,chunk_13,131,GR,0.7152646726793574,96
local_sign+flat,chunk_13,131,IPC,0.390044287760245,96
local_sign+flat,chunk_13,131,KR,0.5235183260829565,96
local_sign+flat,chunk_13,131,MC,0.4275028503464283,96
local_sign+flat,chunk_13,132,GR,0.749901958634636,96
local_sign+flat,chunk_13,132,IPC,0.2838030578298532,96
local_sign+flat,chunk_13,132,KR,0.6513826612075732,96
local_sign+flat,chunk_13,132,MC,0.382035695188964,96
local_sign+flat,chunk_13,133,GR,0.765393029598562,96
local_sign+flat,chunk_13,133,IPC,0.35622928530955766,96
local_sign+flat,chunk_13,133,KR,0.6321192814217711,96
local_sign+flat,chunk_13,133,MC,0.40672653101374534,96
local_sign+flat,chunk_13,134,GR,0.7284051328632901,96
local_sign+flat,chunk_13,134,IPC,0.3074843239333815,96
local_sign+flat,chunk_13,134,KR,0.5311564146754092,96
local_sign+flat,chunk_13,134,MC,0.3660939037399133,96
local_sign+flat,chunk_13,135,GR,0.7308550971451034,96
local_sign+flat,chunk_13,135,IPC,0.3848618824755697,96
local_sign+flat,chunk_13,135,KR,0.5483634732507399,96
local_sign+flat,chunk_13,135,MC,0.4377501330599613,96
local_sign+flat,chunk_13,136,GR,0.7218908927036969,96
local_sign+flat,chunk_13,136,IPC,0.32657167904272444,96
local_sign+flat,chunk_13,136,KR,0.543034760906657,96
local_sign+flat,chunk_13,136,MC,0.38103588487503837,96
local_sign+flat,chunk_13,137,GR,0.6982516747431876,96
local_sign+flat,chunk_13,137,IPC,0.38039427235485535,96
local_sign+flat,chunk_13,137,KR,0.5184940575867446,96
local_sign+flat,chunk_13,137,MC,0.4262348250602599,96
local_sign+flat,chunk_13,138,GR,0.7175825745832065,96
local_sign+flat,chunk_13,138,IPC,0.3484142876164185,96
local_sign+flat,chunk_13,138,KR,0.5428362791958126,96
local_sign+flat,chunk_13,138,MC,0.39806481362683743,96
local_sign+flat,chunk_13,139,GR,0.7572613153345656,96
local_sign+flat,chunk_13,139,IPC,0.3048256105906957,96
local_sign+flat,chunk_13,139,KR,0.6544534602263317,96
local_sign+flat,chunk_13,139,MC,0.38810178038125837,96
local_sign+flat,chunk_14,140,GR,0.745609220491278,96
local_sign+flat,chunk_14,140,IPC,0.3414131033293836,96
local_sign+flat,chunk_14,140,KR,0.5828748806484273,96
local_sign+flat,chunk_14,140,MC,0.3782156386843409,96
local_sign+flat,chunk_14,141,GR,0.7229388292383325,96
local_sign+flat,chunk_14,141,IPC,0.35468777430140613,96
local_sign+flat,chunk_14,141,KR,0.5601847377210926,96
local_sign+flat,chunk_14,141,MC,0.4150893150436066,96
local_sign+flat,chunk_14,142,GR,0.7375143361770531,96
local_sign+flat,chunk_14,142,IPC,0.3163806377160891,96
local_sign+flat,chunk_14,142,KR,0.6084061631942195,96
local_sign+flat,chunk_14,142,MC,0.42531771797414364,96
local_sign+flat,chunk_14,143,GR,0.7395867973372623,96
local_sign+flat,chunk_14,143,IPC,0.3244129524563646,96
local_sign+flat,chunk_14,143,KR,0.6071271164100452,96
local_sign+flat,chunk_14,143,MC,0.41669224678951455,96
local_sign+flat,chunk_14,144,GR,0.7332666030988035,96
local_sign+flat,chunk_14,144,IPC,0.3474690139442613,96
local_sign+flat,chunk_14,144,KR,0.5683975753704273,96
local_sign+flat,chunk_14,144,MC,0.407075444952815,96
local_sign+flat,chunk_14,145,GR,0.7130963640805317,96
local_sign+flat,chunk_14,145,IPC,0.3581816143312666,96
local_sign+flat,chunk_14,145,KR,0.5298835306301101,96
local_sign+flat,chunk_14,145,MC,0.42666160326906866,96
local_sign+flat,chunk_14,146,GR,0.7232980871255137,96
local_sign+flat,chunk_14,146,IPC,0.3599509198543839,96
local_sign+flat,chunk_14,146,KR,0.5260370857024,96
local_sign+flat,chunk_14,146,MC,0.39751993680168274,96
local_sign+flat,chunk_14,147,GR,0.7307740019361811,96
local_sign+flat,chunk_14,147,IPC,0.33899917170709293,96
local_sign+flat,chunk_14,147,KR,0.6534852982046538,96
local_sign+flat,chunk_14,147,MC,0.41583274344627835,96
local_sign+flat,chunk_14,148,GR,0.7593773963703171,96
local_sign+flat,chunk_14,148,IPC,0.2859010173400848,96
local_sign+flat,chunk_14,148,KR,0.6379902897395802,96
local_sign+flat,chunk_14,148,MC,0.34140639827494934,96
local_sign+flat,chunk_14,149,GR,0.7454776927228465,96
local_sign+flat,chunk_14,149,IPC,0.3489030051044397,96
local_sign+flat,chunk_14,149,KR,0.5946588150396415,96
local_sign+flat,chunk_14,149,MC,0.41791765286321386,96
local_sign+flat,chunk_15,150,GR,0.750042736557455,96
local_sign+flat,chunk_15,150,IPC,0.32672318097994346,96
local_sign+flat,chunk_15,150,KR,0.5966238005924287,96
local_sign+flat,chunk_15,150,MC,0.4077213156129696,96
local_sign+flat,chunk_15,151,GR,0.7270793555872144,96
local_sign+flat,chunk_15,151,IPC,0.3196749697903657,96
local_sign+flat,chunk_15,151,KR,0.5616730418562094,96
local_sign+flat,chunk_15,151,MC,0.3711983710840002,96
local_sign+flat,chunk_15,152,GR,0.7028902211014656,96
local_sign+flat,chunk_15,152,IPC,0.37083777746822577,96
local_sign+flat,chunk_15,152,KR,0.5040659620569156,96
local_sign+flat,chunk_15,152,MC,0.41489214163725685,96
local_sign+flat,chunk_15,153,GR,0.7182584509540586,96
local_sign+flat,chunk_15,153,IPC,0.3760507033506698,96
local_sign+flat,chunk_15,153,KR,0.5345282974880157,96
local_sign+flat,chunk_15,153,MC,0.4035781020000267,96
local_sign+flat,chunk_15,154,GR,0.704808822090973,96
local_sign+flat,chunk_15,154,IPC,0.3404819097452262,96
local_sign+flat,chunk_15,154,KR,0.5025802905502571,96
local_sign+flat,chunk_15,154,MC,0.3760418264493147,96
local_sign+flat,chunk_15,155,GR,0.7451041342883915,96
local_sign+flat,chunk_15,155,IPC,0.2834595874342171,96
local_sign+flat,chunk_15,155,KR,0.6294883074021176,96
local_sign+flat,chunk_15,155,MC,0.37913363886016016,96
local_sign+flat,chunk_15,156,GR,0.7396871393212737,96
local_sign+flat,chunk_15,156,IPC,0.3341120331795138,96
local_sign+flat,chunk_15,156,KR,0.5737221462942402,96
local_sign+flat,chunk_15,156,MC,0.3907819079620765,96
local_sign+flat,chunk_15,157,GR,0.7568988475247967,96
local_sign+flat,chunk_15,157,IPC,0.32909561350037414,96
local_sign+flat,chunk_15,157,KR,0.5958097973684099,96
local_sign+flat,chunk_15,157,MC,0.36736660403212357,96
local_sign+flat,chunk_15,158,GR,0.7441124622611228,96
local_sign+flat,chunk_15,158,IPC,0.33593054860191474,96
local_sign+flat,chunk_15,158,KR,0.5743958031031104,96
local_sign+flat,chunk_15,158,MC,0.39818107769796784,96
local_sign+flat,chunk_15,159,GR,0.7383860961407495,96
local_sign+flat,chunk_15,159,IPC,0.2951262518227717,96
local_sign+flat,chunk_15,159,KR,0.5957390722509694,96
local_sign+flat,chunk_15,159,MC,0.3607181946216432,96
local_sign+flat,chunk_16,160,GR,0.7496716534351932,96
local_sign+flat,chunk_16,160,IPC,0.3666451167023106,96
local_sign+flat,chunk_16,160,KR,0.5817182460638681,96
local_sign+flat,chunk_16,160,MC,0.4268132689881855,96
local_sign+flat,chunk_16,161,GR,0.7272903129280429,96
local_sign+flat,chunk_16,161,IPC,0.3944883706940036,96
local_sign+flat,chunk_16,161,KR,0.550667165979082,96
local_sign+flat,chunk_16,161,MC,0.4517042000988271,96
local_sign+flat,chunk_16,162,GR,0.7612770303702758,96
local_sign+flat,chunk_16,162,IPC,0.39015717685048107,96
local_sign+flat,chunk_16,162,KR,0.6404141462196506,96
local_sign+flat,chunk_16,162,MC,0.4495787619505796,96
local_sign+flat,chunk_16,163,GR,0.7732404054062254,96
local_sign+flat,chunk_16,163,IPC,0.3545040976616627,96
local_sign+flat,chunk_16,163,KR,0.6502449397924814,96
local_sign+flat,chunk_16,163,MC,0.4490325825604907,96
local_sign+flat,chunk_16,164,GR,0.7107728792719409,96
local_sign+flat,chunk_16,164,IPC,0.39471854781297594,96
local_sign+flat,chunk_16,164,KR,0.5439615519564873,96
local_sign+flat,chunk_16,164,MC,0.46475508048407976,96
local_sign+flat,chunk_16,165,GR,0.7373680163869322,96
local_sign+flat,chunk_16,165,IPC,0.37296123084472504,96
local_sign+flat,chunk_16,165,KR,0.5951670539669437,96
local_sign+flat,chunk_16,165,MC,0.44155070049776846,96
local_sign+flat,chunk_16,166,GR,0.749958887840859,96
local_sign+flat,chunk_16,166,IPC,0.3859034205019873,96
local_sign+flat,chunk_16,166,KR,0.6238950559728323,96
local_sign+flat,chunk_16,166,MC,0.4680720779230859,96
local_sign+flat,chunk_16,167,GR,0.7537511053407089,96
local_sign+flat,chunk_16,167,IPC,0.3363028793604411,96
local_sign+flat,chunk_16,167,KR,0.637938669137724,96
local_sign+flat,chunk_16,167,MC,0.4007330030805116,96
local_sign+flat,chunk_16,168,GR,0.7640901349391835,96
local_sign+flat,chunk_16,168,IPC,0.38284446918158055,96
local_sign+flat,chunk_16,168,KR,0.6429518832427125,96
local_sign+flat,chunk_16,168,MC,0.470188840008296,96
local_sign+flat,chunk_16,169,GR,0.7271070401094542,96
local_sign+flat,chunk_16,169,IPC,0.36534076167296403,96
local_sign+flat,chunk_16,169,KR,0.5627243269321597,96
local_sign+flat,chunk_16,169,MC,0.43876069970031306,96
local_sign+flat,chunk_17,170,GR,0.6987679243271513,96
local_sign+flat,chunk_17,170,IPC,0.3532551832028331,96
local_sign+flat,chunk_17,170,KR,0.5220071868727522,96
local_sign+flat,chunk_17,170,MC,0.4531148193232029,96
local_sign+flat,chunk_17,171,GR,0.7188732471976618,96
local_sign+flat,chunk_17,171,IPC,0.3821953309862216,96
local_sign+flat,chunk_17,171,KR,0.5553439991369903,96
local_sign+flat,chunk_17,171,MC,0.45458464639205287,96
local_sign+flat,chunk_17,172,GR,0.7272555806745529,96
local_sign+flat,chunk_17,172,IPC,0.38602865960748334,96
local_sign+flat,chunk_17,172,KR,0.5473539863385599,96
local_sign+flat,chunk_17,172,MC,0.4517490734979894,96
local_sign+flat,chunk_17,173,GR,0.7310328081049985,96
local_sign+flat,chunk_17,173,IPC,0.3458354388021492,96
local_sign+flat,chunk_17,173,KR,0.5524155289402098,96
local_sign+flat,chunk_17,173,MC,0.41927346531279774,96
local_sign+flat,chunk_17,174,GR,0.7374746528739984,96
local_sign+flat,chunk_17,174,IPC,0.39215875475728473,96
local_sign+flat,chunk_17,174,KR,0.5716456013936381,96
local_sign+flat,chunk_17,174,MC,0.4602073794261054,96
local_sign+flat,chunk_17,175,GR,0.7422113540185958,96
local_sign+flat,chunk_17,175,IPC,0.3869207844720164,96
local_sign+flat,chunk_17,175,KR,0.5935594788345931,96
local_sign+flat,chunk_17,175,MC,0.4705587079394678,96
local_sign+flat,chunk_17,176,GR,0.7692642198409474,96
local_sign+flat,chunk_17,176,IPC,0.41625678843419645,96
local_sign+flat,chunk_17,176,KR,0.6207613483319645,96
local_sign+flat,chunk_17,176,MC,0.4917728822912796,96
local_sign+flat,chunk_17,177,GR,0.7419005383163783,96
local_sign+flat,chunk_17,177,IPC,0.4310641307833209,96
local_sign+flat,chunk_17,177,KR,0.5627983862961274,96
local_sign+flat,chunk_17,177,MC,0.4761376864374365,96
local_sign+flat,chunk_17,178,GR,0.7117550382900972,96
local_sign+flat,chunk_17,178,IPC,0.3926809406093617,96
local_sign+flat,chunk_17,178,KR,0.5371196244985222,96
local_sign+flat,chunk_17,178,MC,0.4862371558760151,96
local_sign+flat,chunk_17,179,GR,0.7688869447596045,96
local_sign+flat,chunk_17,179,IPC,0.38639424156337,96
local_sign+flat,chunk_17,179,KR,0.6140151443709878,96
local_sign+flat,chunk_17,179,MC,0.459768478395959,96
local_sign+flat,chunk_18,180,GR,0.7271350842106372,96
local_sign+flat,chunk_18,180,IPC,0.36674169502392534,96
local_sign+flat,chunk_18,180,KR,0.5174578343152528,96
local_sign+flat,chunk_18,180,MC,0.43607605654782194,96
local_sign+flat,chunk_18,181,GR,0.7155272707371119,96
local_sign+flat,chunk_18,181,IPC,0.3664243201397619,96
local_sign+flat,chunk_18,181,KR,0.5573273664969913,96
local_sign+flat,chunk_18,181,MC,0.42598945322841236,96
local_sign+flat,chunk_18,182,GR,0.8001153652304531,96
local_sign+flat,chunk_18,182,IPC,0.3799687502408042,96
local_sign+flat,chunk_18,182,KR,0.6792429065401456,96
local_sign+flat,chunk_18,182,MC,0.47111950600174146,96
local_sign+flat,chunk_18,183,GR,0.7254020365829799,96
local_sign+flat,chunk_18,183,IPC,0.38086845374188155,96
local_sign+flat,chunk_18,183,KR,0.5839248018250577,96
local_sign+flat,chunk_18,183,MC,0.4470062223557898,96
local_sign+flat,chunk_18,184,GR,0.7447384407004224,96
local_sign+flat,chunk_18,184,IPC,0.39217592444592986,96
local_sign+flat,chunk_18,184,KR,0.5753711285963915,96
local_sign+flat,chunk_18,184,MC,0.4472463169387468,96
local_sign+flat,chunk_18,185,GR,0.6881587213941,96
local_sign+flat,chunk_18,185,IPC,0.3417181086827049,96
local_sign+flat,chunk_18,185,KR,0.4933208606831729,96
local_sign+flat,chunk_18,185,MC,0.43689267693724193,96
local_sign+flat,chunk_18,186,GR,0.7486824511612218,96
local_sign+flat,chunk_18,186,IPC,0.3968183987852216,96
local_sign+flat,chunk_18,186,KR,0.6828701052280144,96
local_sign+flat,chunk_18,186,MC,0.4869437635975177,96
local_sign+flat,chunk_18,187,GR,0.7509440722109629,96
local_sign+flat,chunk_18,187,IPC,0.3845772858685972,96
local_sign+flat,chunk_18,187,KR,0.6036133256488656,96
local_sign+flat,chunk_18,187,MC,0.45226042843592296,96
local_sign+flat,chunk_18,188,GR,0.7506205748709583,96
local_sign+flat,chunk_18,188,IPC,0.38641696603576053,96
local_sign+flat,chunk_18,188,KR,0.5895626448220138,96
local_sign+flat,chunk_18,188,MC,0.4632226686543148,96
local_sign+flat,chunk_18,189,GR,0.7032128043237293,96
local_sign+flat,chunk_18,189,IPC,0.34496999012605717,96
local_sign+flat,chunk_18,189,KR,0.519474806485017,96
local_sign+flat,chunk_18,189,MC,0.46482095650148864,96
local_sign+flat,chunk_19,190,GR,0.7064135032998052,96
local_sign+flat,chunk_19,190,IPC,0.374017474935215,96
local_sign+flat,chunk_19,190,KR,0.5305718343713601,96
local_sign+flat,chunk_19,190,MC,0.43442347865557956,96
local_sign+flat,chunk_19,191,GR,0.6904873705365336,96
local_sign+flat,chunk_19,191,IPC,0.37409564974246,96
local_sign+flat,chunk_19,191,KR,0.48443015039339804,96
local_sign+flat,chunk_19,191,MC,0.44354619129354184,96
local_sign+flat,chunk_19,192,GR,0.7431124200614877,96
local_sign+flat,chunk_19,192,IPC,0.38147303255608156,96
local_sign+flat,chunk_19,192,KR,0.6017277701165853,96
local_sign+flat,chunk_19,192,MC,0.46728305848033663,96
local_sign+flat,chunk_19,193,GR,0.766713039992707,96
local_sign+flat,chunk_19,193,IPC,0.3574321840987681,96
local_sign+flat,chunk_19,193,KR,0.6632965637418211,96
local_sign+flat,chunk_19,193,MC,0.4345745673730824,96
local_sign+flat,chunk_19,194,GR,0.7224017397186174,96
local_sign+flat,chunk_19,194,IPC,0.3692610239920736,96
local_sign+flat,chunk_19,194,KR,0.5939173793783211,96
local_sign+flat,chunk_19,194,MC,0.4386598211113774,96
local_sign+flat,chunk_19,195,GR,0.7736543096811126,96
local_sign+flat,chunk_19,195,IPC,0.36811683912411775,96
local_sign+flat,chunk_19,195,KR,0.6381005178190057,96
local_sign+flat,chunk_19,195,MC,0.4711788520573984,96
local_sign+flat,chunk_19,196,GR,0.7315972283397804,96
local_sign+flat,chunk_19,196,IPC,0.38608545309265124,96
local_sign+flat,chunk_19,196,KR,0.5547475539937742,96
local_sign+flat,chunk_19,196,MC,0.44965654089966556,96
local_sign+flat,chunk_19,197,GR,0.711313707631984,96
local_sign+flat,chunk_19,197,IPC,0.3854400224391672,96
local_sign+flat,chunk_19,197,KR,0.545890805542228,96
local_sign+flat,chunk_19,197,MC,0.4405194406675672,96
local_sign+flat,chunk_19,198,GR,0.7046937549262077,96
local_sign+flat,chunk_19,198,IPC,0.3713878387782423,96
local_sign+flat,chunk_19,198,KR,0.5130507139446143,96
local_sign+flat,chunk_19,198,MC,0.44635993936883384,96
local_sign+flat,chunk_19,199,GR,0.7259384793782127,96
local_sign+flat,chunk_19,199,IPC,0.3914198567655951,96
local_sign+flat,chunk_19,199,KR,0.5667586948028841,96
local_sign+flat,chunk_19,199,MC,0.45703865401633137,96
local_sign+flat,chunk_2,20,GR,0.7473157132188415,96
local_sign+flat,chunk_2,20,IPC,0.2974143820107094,96
local_sign+flat,chunk_2,20,KR,0.6523940080384042,96
local_sign+flat,chunk_2,20,MC,0.38443287011712124,96
local_sign+flat,chunk_2,21,GR,0.7313569397863945,96
local_sign+flat,chunk_2,21,IPC,0.40571429802079706,96
local_sign+flat,chunk_2,21,KR,0.5557339567400071,96
local_sign+flat,chunk_2,21,MC,0.43449994386998714,96
local_sign+flat,chunk_2,22,GR,0.7838584735843812,96
local_sign+flat,chunk_2,22,IPC,0.32977893560009175,96
local_sign+flat,chunk_2,22,KR,0.6813669103211671,96
local_sign+flat,chunk_2,22,MC,0.4180871128499619,96
local_sign+flat,chunk_2,23,GR,0.7297780553450667,96
local_sign+flat,chunk_2,23,IPC,0.34808195689932375,96
local_sign+flat,chunk_2,23,KR,0.5450867305363002,96
local_sign+flat,chunk_2,23,MC,0.3952232485160834,96
local_sign+flat,chunk_2,24,GR,0.7459183061692413,96
local_sign+flat,chunk_2,24,IPC,0.3157568211626438,96
local_sign+flat,chunk_2,24,KR,0.6255191933452915,96
local_sign+flat,chunk_2,24,MC,0.40425563607274156,96
local_sign+flat,chunk_2,25,GR,0.7606466952384203,96
local_sign+flat,chunk_2,25,IPC,0.3012649437364133,96
local_sign+flat,chunk_2,25,KR,0.6814203685880762,96
local_sign+flat,chunk_2,25,MC,0.40968895179035164,96
local_sign+flat,chunk_2,26,GR,0.7301200004277385,96
local_sign+flat,chunk_2,26,IPC,0.35525759094024323,96
local_sign+flat,chunk_2,26,KR,0.5770153435284351,96
local_sign+flat,chunk_2,26,MC,0.4299657647202601,96
local_sign+flat,chunk_2,27,GR,0.7347687122228213,96
local_sign+flat,chunk_2,27,IPC,0.32882957964152976,96
local_sign+flat,chunk_2,27,KR,0.6215480983610722,96
local_sign+flat,chunk_2,27,MC,0.4134190429009766,96
local_sign+flat,chunk_2,28,GR,0.7970827991349579,96
local_sign+flat,chunk_2,28,IPC,0.3308468364097275,96
local_sign+flat,chunk_2,28,KR,0.651172325335418,96
local_sign+flat,chunk_2,28,MC,0.43124509164004093,96
local_sign+flat,chunk_2,29,GR,0.7410003795645337,96
local_sign+flat,chunk_2,29,IPC,0.32991662103095426,96
local_sign+flat,chunk_2,29,KR,0.6252508944895105,96
local_sign+flat,chunk_2,29,MC,0.39315595388218366,96
local_sign+flat,chunk_3,30,GR,0.7385635667007223,96
local_sign+flat,chunk_3,30,IPC,0.34983855500210115,96
local_sign+flat,chunk_3,30,KR,0.5618570839194368,96
local_sign+flat,chunk_3,30,MC,0.40626746576718215,96
local_sign+flat,chunk_3,31,GR,0.7209354153064624,96
local_sign+flat,chunk_3,31,IPC,0.3493866219530875,96
local_sign+flat,chunk_3,31,KR,0.5351499530667054,96
local_sign+flat,chunk_3,31,MC,0.3850393984798361,96
local_sign+flat,chunk_3,32,GR,0.6812422913542591,96
local_sign+flat,chunk_3,32,IPC,0.34219041467100836,96
local_sign+flat,chunk_3,32,KR,0.4915482831140292,96
local_sign+flat,chunk_3,32,MC,0.38136729278663506,96
local_sign+flat,chunk_3,33,GR,0.717577575391703,96
local_sign+flat,chunk_3,33,IPC,0.361647610615221,96
local_sign+flat,chunk_3,33,KR,0.5250225898923971,96
local_sign+flat,chunk_3,33,MC,0.4110563303371396,96
local_sign+flat,chunk_3,34,GR,0.7268122214392839,96
local_sign+flat,chunk_3,34,IPC,0.3283422750798041,96
local_sign+flat,chunk_3,34,KR,0.5655300837129467,96
local_sign+flat,chunk_3,34,MC,0.3708411663183229,96
local_sign+flat,chunk_3,35,GR,0.716145111509687,96
local_sign+flat,chunk_3,35,IPC,0.35619858753198086,96
local_sign+flat,chunk_3,35,KR,0.5336202037489601,96
local_sign+flat,chunk_3,35,MC,0.402424283975628,96
local_sign+flat,chunk_3,36,GR,0.7442485100169143,96
local_sign+flat,chunk_3,36,IPC,0.3573521861652361,96
local_sign+flat,chunk_3,36,KR,0.5592241609982782,96
local_sign+flat,chunk_3,36,MC,0.3995499841497304,96
local_sign+flat,chunk_3,37,GR,0.694547397775289,96
local_sign+flat,chunk_3,37,IPC,0.3675292077348315,96
local_sign+flat,chunk_3,37,KR,0.4950610886141232,96
local_sign+flat,chunk_3,37,MC,0.4292765721763056,96
local_sign+flat,chunk_3,38,GR,0.7252314838541891,96
local_sign+flat,chunk_3,38,IPC,0.3274179264242054,96
local_sign+flat,chunk_3,38,KR,0.5583386973568529,96
local_sign+flat,chunk_3,38,MC,0.39453692311518274,96
local_sign+flat,chunk_3,39,GR,0.7485955216630354,96
local_sign+flat,chunk_3,39,IPC,0.33549303953733883,96
local_sign+flat,chunk_3,39,KR,0.6194872548436915,96
local_sign+flat,chunk_3,39,MC,0.4308046989438327,96
local_sign+flat,chunk_4,40,GR,0.7125466153499876,96
local_sign+flat,chunk_4,40,IPC,0.36369602182122746,96
local_sign+flat,chunk_4,40,KR,0.5403202554329087,96
local_sign+flat,chunk_4,40,MC,0.43632858580646394,96
local_sign+flat,chunk_4,41,GR,0.722223739299779,96
local_sign+flat,chunk_4,41,IPC,0.3589143983782882,96
local_sign+flat,chunk_4,41,KR,0.5431043227006843,96
local_sign+flat,chunk_4,41,MC,0.412774294474825,96
local_sign+flat,chunk_4,42,GR,0.7261011832624188,96
local_sign+flat,chunk_4,42,IPC,0.31630428828926405,96
local_sign+flat,chunk_4,42,KR,0.5779186175553281,96
local_sign+flat,chunk_4,42,MC,0.3886844654640407,96
local_sign+flat,chunk_4,43,GR,0.7017486543848847,96
local_sign+flat,chunk_4,43,IPC,0.3458284334250307,96
local_sign+flat,chunk_4,43,KR,0.5230347139109497,96
local_sign+flat,chunk_4,43,MC,0.4015972621921378,96
local_sign+flat,chunk_4,44,GR,0.7336633728964114,96
local_sign+flat,chunk_4,44,IPC,0.3388453568148067,96
local_sign+flat,chunk_4,44,KR,0.5647282334101476,96
local_sign+flat,chunk_4,44,MC,0.390720635864633,96
local_sign+flat,chunk_4,45,GR,0.7352409361686024,96
local_sign+flat,chunk_4,45,IPC,0.30361461253122746,96
local_sign+flat,chunk_4,45,KR,0.6141144763829419,96
local_sign+flat,chunk_4,45,MC,0.37309006251895094,96
local_sign+flat,chunk_4,46,GR,0.7610662558516862,96
local_sign+flat,chunk_4,46,IPC,0.29915554762236113,96
local_sign+flat,chunk_4,46,KR,0.6433701183225903,96
local_sign+flat,chunk_4,46,MC,0.41453182029168606,96
local_sign+flat,chunk_4,47,GR,0.7179879712807785,96
local_sign+flat,chunk_4,47,IPC,0.37912065052284266,96
local_sign+flat,chunk_4,47,KR,0.5243771008592975,96
local_sign+flat,chunk_4,47,MC,0.42006249380232297,96
local_sign+flat,chunk_4,48,GR,0.7777425402768161,96
local_sign+flat,chunk_4,48,IPC,0.3285642928136961,96
local_sign+flat,chunk_4,48,KR,0.6160130319395437,96
local_sign+flat,chunk_4,48,MC,0.3887286645708568,96
local_sign+flat,chunk_4,49,GR,0.7577522637663465,96
local_sign+flat,chunk_4,49,IPC,0.35754001237638955,96
local_sign+flat,chunk_4,49,KR,0.5946227059239966,96
local_sign+flat,chunk_4,49,MC,0.4150837693862799,96
local_sign+flat,chunk_5,50,GR,0.754449534163529,96
local_sign+flat,chunk_5,50,IPC,0.34053114023459463,96
local_sign+flat,chunk_5,50,KR,0.5862462454722484,96
local_sign+flat,chunk_5,50,MC,0.3945523112778125,96
local_sign+flat,chunk_5,51,GR,0.6962600780959414,96
local_sign+flat,chunk_5,51,IPC,0.38031632569706775,96
local_sign+flat,chunk_5,51,KR,0.517293996337176,96
local_sign+flat,chunk_5,51,MC,0.4005826330544683,96
local_sign+flat,chunk_5,52,GR,0.7366417283857654,96
local_sign+flat,chunk_5,52,IPC,0.3802149488760712,96
local_sign+flat,chunk_5,52,KR,0.5453241552788924,96
local_sign+flat,chunk_5,52,MC,0.42841419418226223,96
local_sign+flat,chunk_5,53,GR,0.7664072205810689,96
local_sign+flat,chunk_5,53,IPC,0.3275674702897502,96
local_sign+flat,chunk_5,53,KR,0.60267468374715,96
local_sign+flat,chunk_5,53,MC,0.3905831314740446,96
local_sign+flat,chunk_5,54,GR,0.6816786926213195,96
local_sign+flat,chunk_5,54,IPC,0.3298544905025253,96
local_sign+flat,chunk_5,54,KR,0.47597920141499267,96
local_sign+flat,chunk_5,54,MC,0.3935733378309732,96
local_sign+flat,chunk_5,55,GR,0.7045392520645564,96
local_sign+flat,chunk_5,55,IPC,0.34008592042602587,96
local_sign+flat,chunk_5,55,KR,0.5224274051546104,96
local_sign+flat,chunk_5,55,MC,0.41310065148213027,96
local_sign+flat,chunk_5,56,GR,0.7595975913261191,96
local_sign+flat,chunk_5,56,IPC,0.34854753416960516,96
local_sign+flat,chunk_5,56,KR,0.6147145089916324,96
local_sign+flat,chunk_5,56,MC,0.3927748044905656,96
local_sign+flat,chunk_5,57,GR,0.7595970165709192,96
local_sign+flat,chunk_5,57,IPC,0.34638200205176767,96
local_sign+flat,chunk_5,57,KR,0.6253843313402556,96
local_sign+flat,chunk_5,57,MC,0.3995730249033731,96
local_sign+flat,chunk_5,58,GR,0.7222793603883075,96
local_sign+flat,chunk_5,58,IPC,0.35254716043336337,96
local_sign+flat,chunk_5,58,KR,0.5531282983297247,96
local_sign+flat,chunk_5,58,MC,0.41172082490050177,96
local_sign+flat,chunk_5,59,GR,0.744668828703854,96
local_sign+flat,chunk_5,59,IPC,0.3346584501172262,96
local_sign+flat,chunk_5,59,KR,0.5979128873592247,96
local_sign+flat,chunk_5,59,MC,0.3969184968601953,96
local_sign+flat,chunk_6,60,GR,0.7206887006041175,96
local_sign+flat,chunk_6,60,IPC,0.37700824086979384,96
local_sign+flat,chunk_6,60,KR,0.5429727217292385,96
local_sign+flat,chunk_6,60,MC,0.40956857415556985,96
local_sign+flat,chunk_6,61,GR,0.7140267977800071,96
local_sign+flat,chunk_6,61,IPC,0.3534967506570636,96
local_sign+flat,chunk_6,61,KR,0.5220966405243765,96
local_sign+flat,chunk_6,61,MC,0.3829024335903019,96
local_sign+flat,chunk_6,62,GR,0.6921261803856437,96
local_sign+flat,chunk_6,62,IPC,0.33986589228091696,96
local_sign+flat,chunk_6,62,KR,0.48376913011330636,96
local_sign+flat,chunk_6,62,MC,0.38856892385117053,96
local_sign+flat,chunk_6,63,GR,0.7305786146847271,96
local_sign+flat,chunk_6,63,IPC,0.31538947268353373,96
local_sign+flat,chunk_6,63,KR,0.5926599826194258,96
local_sign+flat,chunk_6,63,MC,0.4171053191397004,96
local_sign+flat,chunk_6,64,GR,0.7607358317518925,96
local_sign+flat,chunk_6,64,IPC,0.3405451713658018,96
local_sign+flat,chunk_6,64,KR,0.6107133681160207,96
local_sign+flat,chunk_6,64,MC,0.4125252299877658,96
local_sign+flat,chunk_6,65,GR,0.730326106118431,96
local_sign+flat,chunk_6,65,IPC,0.3660162544777804,96
local_sign+flat,chunk_6,65,KR,0.5577327074114959,96
local_sign+flat,chunk_6,65,MC,0.41082529461753153,96
local_sign+flat,chunk_6,66,GR,0.7476450859724938,96
local_sign+flat,chunk_6,66,IPC,0.323937095504989,96
local_sign+flat,chunk_6,66,KR,0.5958059571845064,96
local_sign+flat,chunk_6,66,MC,0.38572338031097747,96
local_sign+flat,chunk_6,67,GR,0.7612648965973727,96
local_sign+flat,chunk_6,67,IPC,0.299715578667235,96
local_sign+flat,chunk_6,67,KR,0.646746597703199,96
local_sign+flat,chunk_6,67,MC,0.3833848283123983,96
local_sign+flat,chunk_6,68,GR,0.7054988273832469,96
local_sign+flat,chunk_6,68,IPC,0.3600487813442471,96
local_sign+flat,chunk_6,68,KR,0.5291174747072899,96
local_sign+flat,chunk_6,68,MC,0.40514022363682584,96
local_sign+flat,chunk_6,69,GR,0.7275741851930215,96
local_sign+flat,chunk_6,69,IPC,0.350304054641284,96
local_sign+flat,chunk_6,69,KR,0.5642678119335666,96
local_sign+flat,chunk_6,69,MC,0.4098047953057247,96
local_sign+flat,chunk_7,70,GR,0.7147583680716769,96
local_sign+flat,chunk_7,70,IPC,0.3947818503535282,96
local_sign+flat,chunk_7,70,KR,0.5121432139342399,96
local_sign+flat,chunk_7,70,MC,0.45917198641303025,96
local_sign+flat,chunk_7,71,GR,0.7635485683134094,96
local_sign+flat,chunk_7,71,IPC,0.3400287200738782,96
local_sign+flat,chunk_7,71,KR,0.6294219107091009,96
local_sign+flat,chunk_7,71,MC,0.40482629212368537,96
local_sign+flat,chunk_7,72,GR,0.7303142490375001,96
local_sign+flat,chunk_7,72,IPC,0.3404648599408771,96
local_sign+flat,chunk_7,72,KR,0.5429953348473114,96
local_sign+flat,chunk_7,72,MC,0.3873112493634252,96
local_sign+flat,chunk_7,73,GR,0.7320089472280892,96
local_sign+flat,chunk_7,73,IPC,0.36153946242503043,96
local_sign+flat,chunk_7,73,KR,0.5495340365984163,96
local_sign+flat,chunk_7,73,MC,0.41232191239755395,96
local_sign+flat,chunk_7,74,GR,0.738939758977266,96
local_sign+flat,chunk_7,74,IPC,0.3640456162428007,96
local_sign+flat,chunk_7,74,KR,0.5732137656400421,96
local_sign+flat,chunk_7,74,MC,0.44824285940745423,96
local_sign+flat,chunk_7,75,GR,0.748682345141257,96
local_sign+flat,chunk_7,75,IPC,0.30532694314057274,96
local_sign+flat,chunk_7,75,KR,0.6368126879092045,96
local_sign+flat,chunk_7,75,MC,0.38746461224544265,96
local_sign+flat,chunk_7,76,GR,0.7251228982988087,96
local_sign+flat,chunk_7,76,IPC,0.34835100775542593,96
local_sign+flat,chunk_7,76,KR,0.5641228935619939,96
local_sign+flat,chunk_7,76,MC,0.3904534277560657,96
local_sign+flat,chunk_7,77,GR,0.744909427861689,96
local_sign+flat,chunk_7,77,IPC,0.34202622436585706,96
local_sign+flat,chunk_7,77,KR,0.5916097214527358,96
local_sign+flat,chunk_7,77,MC,0.3848495537899799,96
local_sign+flat,chunk_7,78,GR,0.7442942150294686,96
local_sign+flat,chunk_7,78,IPC,0.3618555997148328,96
local_sign+flat,chunk_7,78,KR,0.5641266115256905,96
local_sign+flat,chunk_7,78,MC,0.3963349611660229,96
local_sign+flat,chunk_7,79,GR,0.7710275311010715,96
local_sign+flat,chunk_7,79,IPC,0.3220964404551847,96
local_sign+flat,chunk_7,79,KR,0.63738604806468,96
local_sign+flat,chunk_7,79,MC,0.36691614231013614,96
local_sign+flat,chunk_8,80,GR,0.7393401473226913,96
local_sign+flat,chunk_8,80,IPC,0.3672234774358468,96
local_sign+flat,chunk_8,80,KR,0.5537441849649958,96
local_sign+flat,chunk_8,80,MC,0.4107278491779468,96
local_sign+flat,chunk_8,81,GR,0.7539448515072953,96
local_sign+flat,chunk_8,81,IPC,0.32332016572862377,96
local_sign+flat,chunk_8,81,KR,0.6138850060281648,96
local_sign+flat,chunk_8,81,MC,0.36082125995743686,96
local_sign+flat,chunk_8,82,GR,0.7322697389661104,96
local_sign+flat,chunk_8,82,IPC,0.33071026391903646,96
local_sign+flat,chunk_8,82,KR,0.6234954060990223,96
local_sign+flat,chunk_8,82,MC,0.4367110201178006,96
local_sign+flat,chunk_8,83,GR,0.7480736200301948,96
local_sign+flat,chunk_8,83,IPC,0.38890560481989367,96
local_sign+flat,chunk_8,83,KR,0.5705326149250529,96
local_sign+flat,chunk_8,83,MC,0.4572194357173809,96
local_sign+flat,chunk_8,84,GR,0.7266661315192565,96
local_sign+flat,chunk_8,84,IPC,0.3503256714816497,96
local_sign+flat,chunk_8,84,KR,0.5554299530817692,96
local_sign+flat,chunk_8,84,MC,0.38939442927321927,96
local_sign+flat,chunk_8,85,GR,0.7564486501337097,96
local_sign+flat,chunk_8,85,IPC,0.33946252184392717,96
local_sign+flat,chunk_8,85,KR,0.6123848550266973,96
local_sign+flat,chunk_8,85,MC,0.40925164713223866,96
local_sign+flat,chunk_8,86,GR,0.7633330561711428,96
local_sign+flat,chunk_8,86,IPC,0.3171024351235102,96
local_sign+flat,chunk_8,86,KR,0.6301067979666504,96
local_sign+flat,chunk_8,86,MC,0.37816622672884964,96
local_sign+flat,chunk_8,87,GR,0.7080722914463539,96
local_sign+flat,chunk_8,87,IPC,0.3413837400781577,96
local_sign+flat,chunk_8,87,KR,0.5497084364093521,96
local_sign+flat,chunk_8,87,MC,0.40071654368154924,96
local_sign+flat,chunk_8,88,GR,0.7132010802502007,96
local_sign+flat,chunk_8,88,IPC,0.3703450287634353,96
local_sign+flat,chunk_8,88,KR,0.5393500276120334,96
local_sign+flat,chunk_8,88,MC,0.4154814602152694,96
local_sign+flat,chunk_8,89,GR,0.7630831039432827,96
local_sign+flat,chunk_8,89,IPC,0.3182332317507976,96
local_sign+flat,chunk_8,89,KR,0.6548535170924036,96
local_sign+flat,chunk_8,89,MC,0.39204004166625184,96
local_sign+flat,chunk_9,90,GR,0.7209326449306928,96
local_sign+flat,chunk_9,90,IPC,0.34546922267124813,96
local_sign+flat,chunk_9,90,KR,0.5590788210224392,96
local_sign+flat,chunk_9,90,MC,0.3818929759514317,96
local_sign+flat,chunk_9,91,GR,0.7436093791978912,96
local_sign+flat,chunk_9,91,IPC,0.34445434490703936,96
local_sign+flat,chunk_9,91,KR,0.5788880546651699,96
local_sign+flat,chunk_9,91,MC,0.41965927085896343,96
local_sign+flat,chunk_9,92,GR,0.7245999264969095,96
local_sign+flat,chunk_9,92,IPC,0.36222867526368757,96
local_sign+flat,chunk_9,92,KR,0.5435476663210015,96
local_sign+flat,chunk_9,92,MC,0.4105861606153746,96
local_sign+flat,chunk_9,93,GR,0.7354630272338745,96
local_sign+flat,chunk_9,93,IPC,0.3280488531940209,96
local_sign+flat,chunk_9,93,KR,0.5681366833458462,96
local_sign+flat,chunk_9,93,MC,0.35255767114637376,96
local_sign+flat,chunk_9,94,GR,0.7618130394855481,96
local_sign+flat,chunk_9,94,IPC,0.31203740296989535,96
local_sign+flat,chunk_9,94,KR,0.6090259744720296,96
local_sign+flat,chunk_9,94,MC,0.37332514796264893,96
local_sign+flat,chunk_9,95,GR,0.7753860537133158,96
local_sign+flat,chunk_9,95,IPC,0.2976768062894321,96
local_sign+flat,chunk_9,95,KR,0.6718255097162865,96
local_sign+flat,chunk_9,95,MC,0.3878168559665292,96
local_sign+flat,chunk_9,96,GR,0.7073574905124561,96
local_sign+flat,chunk_9,96,IPC,0.3602928477023311,96
local_sign+flat,chunk_9,96,KR,0.5288872500826307,96
local_sign+flat,chunk_9,96,MC,0.3920152052976597,96
local_sign+flat,chunk_9,97,GR,0.7026704434232568,96
local_sign+flat,chunk_9,97,IPC,0.3655587060915948,96
local_sign+flat,chunk_9,97,KR,0.5174977667181702,96
local_sign+flat,chunk_9,97,MC,0.40718613461846753,96
local_sign+flat,chunk_9,98,GR,0.7393650307358945,96
local_sign+flat,chunk_9,98,IPC,0.30085423101502057,96
local_sign+flat,chunk_9,98,KR,0.6312288395987318,96
local_sign+flat,chunk_9,98,MC,0.394956926082774,96
local_sign+flat,chunk_9,99,GR,0.7441079293758086,96
local_sign+flat,chunk_9,99,IPC,0.280090187779477,96
local_sign+flat,chunk_9,99,KR,0.6107635798374261,96
local_sign+flat,chunk_9,99,MC,0.38132890647063145,96
real,chunk_0,0,GR,0.5847292546935237,96
real,chunk_0,0,IPC,0.25046466267865847,96
real,chunk_0,0,KR,0.3951894848100793,96
real,chunk_0,0,MC,0.329398444470471,96
real,chunk_0,1,GR,0.5422325876674959,96
real,chunk_0,1,IPC,0.2943977731308581,96
real,chunk_0,1,KR,0.3564240103283647,96
real,chunk_0,1,MC,0.3748996914978489,96
real,chunk_0,2,GR,0.5768548464240415,96
real,chunk_0,2,IPC,0.296460177796421,96
real,chunk_0,2,KR,0.3884561023357356,96
real,chunk_0,2,MC,0.376041135484849,96
real,chunk_0,3,GR,0.5567245348695369,96
real,chunk_0,3,IPC,0.29865841320492137,96
real,chunk_0,3,KR,0.3739150447378501,96
real,chunk_0,3,MC,0.3610196159116515,96
real,chunk_0,4,GR,0.5619574722043214,96
real,chunk_0,4,IPC,0.29553433231972404,96
real,chunk_0,4,KR,0.37568956867474523,96
real,chunk_0,4,MC,0.38781525161275193,96
real,chunk_0,5,GR,0.5946816686549428,96
real,chunk_0,5,IPC,0.25848266368621564,96
real,chunk_0,5,KR,0.422419487723186,96
real,chunk_0,5,MC,0.3261496456581457,96
real,chunk_0,6,GR,0.589209499112322,96
real,chunk_0,6,IPC,0.2711625108129014,96
real,chunk_0,6,KR,0.41167161770497873,96
real,chunk_0,6,MC,0.3482991341668262,96
real,chunk_0,7,GR,0.5921844373778138,96
real,chunk_0,7,IPC,0.32505095347005825,96
real,chunk_0,7,KR,0.4077887365972566,96
real,chunk_0,7,MC,0.3745015686455948,96
real,chunk_0,8,GR,0.5779083975891627,96
real,chunk_0,8,IPC,0.29739475405950677,96
real,chunk_0,8,KR,0.3962534709630621,96
real,chunk_0,8,MC,0.4011633046349669,96
real,chunk_0,9,GR,0.5825130101024737,96
real,chunk_0,9,IPC,0.2910462213888174,96
real,chunk_0,9,KR,0.3911715318399826,96
real,chunk_0,9,MC,0.36868758954846065,96
real,chunk_1,10,GR,0.6270779493616718,96
real,chunk_1,10,IPC,0.24810379498320176,96
real,chunk_1,10,KR,0.45170064942622534,96
real,chunk_1,10,MC,0.35588403182061906,96
real,chunk_1,11,GR,0.5796811645506491,96
real,chunk_1,11,IPC,0.24896355630245218,96
real,chunk_1,11,KR,0.4066603971664232,96
real,chunk_1,11,MC,0.3227358764371624,96
real,chunk_1,12,GR,0.5608503821784458,96
real,chunk_1,12,IPC,0.32828663742499475,96
real,chunk_1,12,KR,0.368447926944689,96
real,chunk_1,12,MC,0.4439050221615062,96
real,chunk_1,13,GR,0.5820451169544617,96
real,chunk_1,13,IPC,0.2610795534972214,96
real,chunk_1,13,KR,0.4081496480159959,96
real,chunk_1,13,MC,0.34410251519053037,96
real,chunk_1,14,GR,0.5719508204844994,96
real,chunk_1,14,IPC,0.298822204415183,96
real,chunk_1,14,KR,0.3959141508685286,96
real,chunk_1,14,MC,0.3694052165906258,96
real,chunk_1,15,GR,0.588296099898886,96
real,chunk_1,15,IPC,0.2871456814922025,96
real,chunk_1,15,KR,0.3984596047461467,96
real,chunk_1,15,MC,0.40648064319813265,96
real,chunk_1,16,GR,0.5622460335831786,96
real,chunk_1,16,IPC,0.32382964320259144,96
real,chunk_1,16,KR,0.36482936334705085,96
real,chunk_1,16,MC,0.4261000602698182,96
real,chunk_1,17,GR,0.5959704035276079,96
real,chunk_1,17,IPC,0.2992479901402789,96
real,chunk_1,17,KR,0.4161740071819846,96
real,chunk_1,17,MC,0.3859671389690832,96
real,chunk_1,18,GR,0.5568016009419594,96
real,chunk_1,18,IPC,0.2864311528550657,96
real,chunk_1,18,KR,0.38546126833427874,96
real,chunk_1,18,MC,0.37038840189990285,96
real,chunk_1,19,GR,0.5941260676399186,96
real,chunk_1,19,IPC,0.2635382375261601,96
real,chunk_1,19,KR,0.4090235793982267,96
real,chunk_1,19,MC,0.32592771034371676,96
real,chunk_10,100,GR,0.601905720914871,96
real,chunk_10,100,IPC,0.29180952899326457,96
real,chunk_10,100,KR,0.4193041802043336,96
real,chunk_10,100,MC,0.35927773171301647,96
real,chunk_10,101,GR,0.591649495755272,96
real,chunk_10,101,IPC,0.274158885892282,96
real,chunk_10,101,KR,0.40930743856113405,96
real,chunk_10,101,MC,0.3943290320101734,96
real,chunk_10,102,GR,0.5824470470694816,96
real,chunk_10,102,IPC,0.25060162386835044,96
real,chunk_10,102,KR,0.39355195505563906,96
real,chunk_10,102,MC,0.32099269536003106,96
real,chunk_10,103,GR,0.5970919176633719,96
real,chunk_10,103,IPC,0.2787826890375021,96
real,chunk_10,103,KR,0.4183236300350257,96
real,chunk_10,103,MC,0.38919903752775054,96
real,chunk_10,104,GR,0.5925337879540703,96
real,chunk_10,104,IPC,0.2707526955891855,96
real,chunk_10,104,KR,0.39787334840920263,96
real,chunk_10,104,MC,0.37256202114672904,96
real,chunk_10,105,GR,0.5822771062875239,96
real,chunk_10,105,IPC,0.31555169366425834,96
real,chunk_10,105,KR,0.40433396379920006,96
real,chunk_10,105,MC,0.42174861114112544,96
real,chunk_10,106,GR,0.6131361478555858,96
real,chunk_10,106,IPC,0.25474252643016804,96
real,chunk_10,106,KR,0.4316919836567048,96
real,chunk_10,106,MC,0.3467049734937808,96
real,chunk_10,107,GR,0.5908002155137493,96
real,chunk_10,107,IPC,0.32050585325630343,96
real,chunk_10,107,KR,0.40311997701513463,96
real,chunk_10,107,MC,0.41079753724518403,96
real,chunk_10,108,GR,0.5782358693258176,96
real,chunk_10,108,IPC,0.22173405923994438,96
real,chunk_10,108,KR,0.38804257725016167,96
real,chunk_10,108,MC,0.28177922604587957,96
real,chunk_10,109,GR,0.5968121207954112,96
real,chunk_10,109,IPC,0.28511132894757485,96
real,chunk_10,109,KR,0.41508819653908796,96
real,chunk_10,109,MC,0.3850295978672944,96
real,chunk_11,110,GR,0.5824316601885108,96
real,chunk_11,110,IPC,0.29855950054217995,96
real,chunk_11,110,KR,0.3897550667960979,96
real,chunk_11,110,MC,0.40202602041056607,96
real,chunk_11,111,GR,0.5639449565594339,96
real,chunk_11,111,IPC,0.2351910686144692,96
real,chunk_11,111,KR,0.3927379403543088,96
real,chunk_11,111,MC,0.32573306891932025,96
real,chunk_11,112,GR,0.5891399297448014,96
real,chunk_11,112,IPC,0.27766348341378017,96
real,chunk_11,112,KR,0.4157253123756788,96
real,chunk_11,112,MC,0.3646384037337591,96
real,chunk_11,113,GR,0.5555583252155767,96
real,chunk_11,113,IPC,0.2896011882952211,96
real,chunk_11,113,KR,0.37589419334357765,96
real,chunk_11,113,MC,0.3825743127363043,96
real,chunk_11,114,GR,0.562060654735305,96
real,chunk_11,114,IPC,0.2792921356574431,96
real,chunk_11,114,KR,0.3786079333517067,96
real,chunk_11,114,MC,0.39055013446524844,96
real,chunk_11,115,GR,0.5785700796811977,96
real,chunk_11,115,IPC,0.31384929095635,96
real,chunk_11,115,KR,0.39260377526251444,96
real,chunk_11,115,MC,0.41975251955645054,96
real,chunk_11,116,GR,0.5967785170298715,96
real,chunk_11,116,IPC,0.2635251188027023,96
real,chunk_11,116,KR,0.41689764073664326,96
real,chunk_11,116,MC,0.35413164387931906,96
real,chunk_11,117,GR,0.5871670835465055,96
real,chunk_11,117,IPC,0.29687795613321294,96
real,chunk_11,117,KR,0.4055877587464745,96
real,chunk_11,117,MC,0.3968730091939837,96
real,chunk_11,118,GR,0.5749241402939046,96
real,chunk_11,118,IPC,0.3098509483334128,96
real,chunk_11,118,KR,0.3981928671780505,96
real,chunk_11,118,MC,0.4043054098609448,96
real,chunk_11,119,GR,0.6011793889408196,96
real,chunk_11,119,IPC,0.28936131656984587,96
real,chunk_11,119,KR,0.4297870720797431,96
real,chunk_11,119,MC,0.36428751186882424,96
real,chunk_12,120,GR,0.5906328971962905,96
real,chunk_12,120,IPC,0.2752632226020264,96
real,chunk_12,120,KR,0.41552359860908783,96
real,chunk_12,120,MC,0.384116190485282,96
real,chunk_12,121,GR,0.5639384103382831,96
real,chunk_12,121,IPC,0.3290562615121537,96
real,chunk_12,121,KR,0.37180609483448246,96
real,chunk_12,121,MC,0.42871935435304653,96
real,chunk_12,122,GR,0.5758878432135994,96
real,chunk_12,122,IPC,0.273634506062415,96
real,chunk_12,122,KR,0.39248549868305554,96
real,chunk_12,122,MC,0.34020305817273466,96
real,chunk_12,123,GR,0.5595705413995136,96
real,chunk_12,123,IPC,0.2925309436022711,96
real,chunk_12,123,KR,0.383365447714099,96
real,chunk_12,123,MC,0.3707773313686256,96
real,chunk_12,124,GR,0.5996825076705575,96
real,chunk_12,124,IPC,0.25542908444851437,96
real,chunk_12,124,KR,0.40691299620451926,96
real,chunk_12,124,MC,0.31862511267691734,96
real,chunk_12,125,GR,0.5879141967929646,96
real,chunk_12,125,IPC,0.25790062461618674,96
real,chunk_12,125,KR,0.40235964932115337,96
real,chunk_12,125,MC,0.3135107970179792,96
real,chunk_12,126,GR,0.5893972371483749,96
real,chunk_12,126,IPC,0.25937728968355056,96
real,chunk_12,126,KR,0.4143597966058757,96
real,chunk_12,126,MC,0.35978061789274113,96
real,chunk_12,127,GR,0.5846457185849406,96
real,chunk_12,127,IPC,0.25662146548009684,96
real,chunk_12,127,KR,0.40343256215991996,96
real,chunk_12,127,MC,0.34550298723065104,96
real,chunk_12,128,GR,0.5624352021655715,96
real,chunk_12,128,IPC,0.2811733945028138,96
real,chunk_12,128,KR,0.37240429489977517,96
real,chunk_12,128,MC,0.3647417063217261,96
real,chunk_12,129,GR,0.5841760015723131,96
real,chunk_12,129,IPC,0.3062182223417834,96
real,chunk_12,129,KR,0.39171579370075577,96
real,chunk_12,129,MC,0.4092495179695227,96
real,chunk_13,130,GR,0.5713017755654726,96
real,chunk_13,130,IPC,0.2886553016197935,96
real,chunk_13,130,KR,0.39571646381261477,96
real,chunk_13,130,MC,0.3835280262781948,96
real,chunk_13,131,GR,0.5313725324130535,96
real,chunk_13,131,IPC,0.31543253321592135,96
real,chunk_13,131,KR,0.35531233024562175,96
real,chunk_13,131,MC,0.42930065037035836,96
real,chunk_13,132,GR,0.5746758849861756,96
real,chunk_13,132,IPC,0.2629196435672844,96
real,chunk_13,132,KR,0.39283866219075003,96
real,chunk_13,132,MC,0.3614834970503255,96
real,chunk_13,133,GR,0.571586498660318,96
real,chunk_13,133,IPC,0.2863424195316192,96
real,chunk_13,133,KR,0.3917649471237107,96
real,chunk_13,133,MC,0.36238809347679246,96
real,chunk_13,134,GR,0.5817083365534607,96
real,chunk_13,134,IPC,0.2634855597795657,96
real,chunk_13,134,KR,0.40820887934880723,96
real,chunk_13,134,MC,0.32995080939985294,96
real,chunk_13,135,GR,0.5536056468021489,96
real,chunk_13,135,IPC,0.28049985156633067,96
real,chunk_13,135,KR,0.37064282567145307,96
real,chunk_13,135,MC,0.37405096222648254,96
real,chunk_13,136,GR,0.5974718923263932,96
real,chunk_13,136,IPC,0.25904728998035187,96
real,chunk_13,136,KR,0.41567579294829965,96
real,chunk_13,136,MC,0.3592045920200105,96
real,chunk_13,137,GR,0.5733098704317021,96
real,chunk_13,137,IPC,0.2578745854320727,96
real,chunk_13,137,KR,0.40332665748320656,96
real,chunk_13,137,MC,0.36052198460721807,96
real,chunk_13,138,GR,0.5950712071465184,96
real,chunk_13,138,IPC,0.2921022125172188,96
real,chunk_13,138,KR,0.400538285809142,96
real,chunk_13,138,MC,0.3870420140650353,96
real,chunk_13,139,GR,0.5867325754409274,96
real,chunk_13,139,IPC,0.26964023938732806,96
real,chunk_13,139,KR,0.4006928034903005,96
real,chunk_13,139,MC,0.3746320210766849,96
real,chunk_14,140,GR,0.575438000427596,96
real,chunk_14,140,IPC,0.2455000070176787,96
real,chunk_14,140,KR,0.40161600361327693,96
real,chunk_14,140,MC,0.32477059911520845,96
real,chunk_14,141,GR,0.5973030962054637,96
real,chunk_14,141,IPC,0.29182589614358967,96
real,chunk_14,141,KR,0.41111441167554585,96
real,chunk_14,141,MC,0.372631432553398,96
real,chunk_14,142,GR,0.5759539179824831,96
real,chunk_14,142,IPC,0.2526987890300701,96
real,chunk_14,142,KR,0.39075145046793053,96
real,chunk_14,142,MC,0.36302382157615554,96
real,chunk_14,143,GR,0.5706259455723623,96
real,chunk_14,143,IPC,0.2891396753242439,96
real,chunk_14,143,KR,0.3866710896026414,96
real,chunk_14,143,MC,0.3735538669906642,96
real,chunk_14,144,GR,0.5689675438927015,96
real,chunk_14,144,IPC,0.2900928362124368,96
real,chunk_14,144,KR,0.3847118853030632,96
real,chunk_14,144,MC,0.36194483969922653,96
real,chunk_14,145,GR,0.571854465026793,96
real,chunk_14,145,IPC,0.2803747115007357,96
real,chunk_14,145,KR,0.3812020514829899,96
real,chunk_14,145,MC,0.39093301994195895,96
real,chunk_14,146,GR,0.5721023519943216,96
real,chunk_14,146,IPC,0.23986773845322915,96
real,chunk_14,146,KR,0.39194962989661886,96
real,chunk_14,146,MC,0.34600010068076203,96
real,chunk_14,147,GR,0.5649157672378302,96
real,chunk_14,147,IPC,0.3135279236871452,96
real,chunk_14,147,KR,0.39642764948062326,96
real,chunk_14,147,MC,0.3864240208099211,96
real,chunk_14,148,GR,0.6007972370309872,96
real,chunk_14,148,IPC,0.2550317137588635,96
real,chunk_14,148,KR,0.41987782188485034,96
real,chunk_14,148,MC,0.34016098506330783,96
real,chunk_14,149,GR,0.5555218543554168,96
real,chunk_14,149,IPC,0.26714823421512296,96
real,chunk_14,149,KR,0.37502611544376946,96
real,chunk_14,149,MC,0.3764993161376258,96
real,chunk_15,150,GR,0.6004815405469538,96
real,chunk_15,150,IPC,0.27756373575763293,96
real,chunk_15,150,KR,0.40413865209349303,96
real,chunk_15,150,MC,0.38000228176542494,96
real,chunk_15,151,GR,0.5882478746154265,96
real,chunk_15,151,IPC,0.2705348468013234,96
real,chunk_15,151,KR,0.4157797876309116,96
real,chunk_15,151,MC,0.33613066330093594,96
real,chunk_15,152,GR,0.5831648293364825,96
real,chunk_15,152,IPC,0.3035708381659095,96
real,chunk_15,152,KR,0.37599234750397864,96
real,chunk_15,152,MC,0.40795929963204863,96
real,chunk_15,153,GR,0.5704260353343727,96
real,chunk_15,153,IPC,0.2624348334108808,96
real,chunk_15,153,KR,0.3804655409894162,96
real,chunk_15,153,MC,0.3599628942396498,96
real,chunk_15,154,GR,0.6022450437035023,96
real,chunk_15,154,IPC,0.25822435634549135,96
real,chunk_15,154,KR,0.42832055520903994,96
real,chunk_15,154,MC,0.3402562111780921,96
real,chunk_15,155,GR,0.5855208101035106,96
real,chunk_15,155,IPC,0.2857294743207177,96
real,chunk_15,155,KR,0.39009859145462566,96
real,chunk_15,155,MC,0.3943705377760709,96
real,chunk_15,156,GR,0.603274156807343,96
real,chunk_15,156,IPC,0.2914222598400694,96
real,chunk_15,156,KR,0.41264668005716093,96
real,chunk_15,156,MC,0.40820580592102157,96
real,chunk_15,157,GR,0.590421817412722,96
real,chunk_15,157,IPC,0.26376050277233115,96
real,chunk_15,157,KR,0.40376399118698586,96
real,chunk_15,157,MC,0.35272368495477585,96
real,chunk_15,158,GR,0.5713949637563466,96
real,chunk_15,158,IPC,0.2719635778387564,96
real,chunk_15,158,KR,0.3775495544147433,96
real,chunk_15,158,MC,0.3872995131553184,96
real,chunk_15,159,GR,0.58358560305533,96
real,chunk_15,159,IPC,0.2930579882686541,96
real,chunk_15,159,KR,0.4050353180671935,96
real,chunk_15,159,MC,0.38256264173057947,96
real,chunk_16,160,GR,0.5872219037392489,96
real,chunk_16,160,IPC,0.2682885655035166,96
real,chunk_16,160,KR,0.4184531789953429,96
real,chunk_16,160,MC,0.3436211924318631,96
real,chunk_16,161,GR,0.6021498588359058,96
real,chunk_16,161,IPC,0.30032957014431083,96
real,chunk_16,161,KR,0.42802484567930366,96
real,chunk_16,161,MC,0.3709348128874507,96
real,chunk_16,162,GR,0.5636667473520067,96
real,chunk_16,162,IPC,0.29126473784060614,96
real,chunk_16,162,KR,0.3744968258836258,96
real,chunk_16,162,MC,0.414823246390854,96
real,chunk_16,163,GR,0.5938518690900593,96
real,chunk_16,163,IPC,0.27484905277307925,96
real,chunk_16,163,KR,0.40969217678408365,96
real,chunk_16,163,MC,0.3876367345452671,96
real,chunk_16,164,GR,0.562425829200068,96
real,chunk_16,164,IPC,0.3353197694997984,96
real,chunk_16,164,KR,0.3820173743847697,96
real,chunk_16,164,MC,0.45066096079645396,96
real,chunk_16,165,GR,0.6004748796936192,96
real,chunk_16,165,IPC,0.28461664511899976,96
real,chunk_16,165,KR,0.4198137933086237,96
real,chunk_16,165,MC,0.36079879382754015,96
real,chunk_16,166,GR,0.5934746433781043,96
real,chunk_16,166,IPC,0.3032913696153556,96
real,chunk_16,166,KR,0.3887172561051776,96
real,chunk_16,166,MC,0.3800089566955146,96
real,chunk_16,167,GR,0.581055544364259,96
real,chunk_16,167,IPC,0.28436385423506166,96
real,chunk_16,167,KR,0.3970577682983432,96
real,chunk_16,167,MC,0.3714214094960455,96
real,chunk_16,168,GR,0.6124610438503993,96
real,chunk_16,168,IPC,0.31959023165055284,96
real,chunk_16,168,KR,0.4189465690580125,96
real,chunk_16,168,MC,0.4318390179766048,96
real,chunk_16,169,GR,0.60808491500022,96
real,chunk_16,169,IPC,0.28528601428855066,96
real,chunk_16,169,KR,0.4229565096761837,96
real,chunk_16,169,MC,0.38612763432636815,96
real,chunk_17,170,GR,0.5716564889855157,96
real,chunk_17,170,IPC,0.2821995324293628,96
real,chunk_17,170,KR,0.3900701956448354,96
real,chunk_17,170,MC,0.3593391908892405,96
real,chunk_17,171,GR,0.5701666654689612,96
real,chunk_17,171,IPC,0.302681747067318,96
real,chunk_17,171,KR,0.3749341454273128,96
real,chunk_17,171,MC,0.38562316640298655,96
real,chunk_17,172,GR,0.5636042673400528,96
real,chunk_17,172,IPC,0.26630824504322786,96
real,chunk_17,172,KR,0.37732439309380844,96
real,chunk_17,172,MC,0.37493015293582627,96
real,chunk_17,173,GR,0.5492379867956437,96
real,chunk_17,173,IPC,0.2709794291216485,96
real,chunk_17,173,KR,0.3621128140222027,96
real,chunk_17,173,MC,0.3433114565748023,96
real,chunk_17,174,GR,0.5858103867442173,96
real,chunk_17,174,IPC,0.2699442818918768,96
real,chunk_17,174,KR,0.4158590126012583,96
real,chunk_17,174,MC,0.35898813875338786,96
real,chunk_17,175,GR,0.5908235349602982,96
real,chunk_17,175,IPC,0.2625968458894187,96
real,chunk_17,175,KR,0.4025610332977264,96
real,chunk_17,175,MC,0.3762101078241093,96
real,chunk_17,176,GR,0.5571919804328223,96
real,chunk_17,176,IPC,0.3040217493220463,96
real,chunk_17,176,KR,0.3706064820915195,96
real,chunk_17,176,MC,0.4210928861004093,96
real,chunk_17,177,GR,0.6047395201606725,96
real,chunk_17,177,IPC,0.30856595266963954,96
real,chunk_17,177,KR,0.4249079845705237,96
real,chunk_17,177,MC,0.40084195584903665,96
real,chunk_17,178,GR,0.5837160343149399,96
real,chunk_17,178,IPC,0.3150820148403304,96
real,chunk_17,178,KR,0.38064889925988354,96
real,chunk_17,178,MC,0.4508564178574821,96
real,chunk_17,179,GR,0.5669362813437937,96
real,chunk_17,179,IPC,0.266882732252175,96
real,chunk_17,179,KR,0.37813439317343006,96
real,chunk_17,179,MC,0.3966317977772223,96
real,chunk_18,180,GR,0.5771936334638799,96
real,chunk_18,180,IPC,0.27220241905171816,96
real,chunk_18,180,KR,0.3891848951589525,96
real,chunk_18,180,MC,0.4091473849280997,96
real,chunk_18,181,GR,0.5864856802978956,96
real,chunk_18,181,IPC,0.29145742099869876,96
real,chunk_18,181,KR,0.42364808095325385,96
real,chunk_18,181,MC,0.3779631569046535,96
real,chunk_18,182,GR,0.5493814635684283,96
real,chunk_18,182,IPC,0.2833121950426193,96
real,chunk_18,182,KR,0.3663761108941023,96
real,chunk_18,182,MC,0.388951503567965,96
real,chunk_18,183,GR,0.5764889118155581,96
real,chunk_18,183,IPC,0.3262339628332622,96
real,chunk_18,183,KR,0.4031822207792694,96
real,chunk_18,183,MC,0.4239863676603014,96
real,chunk_18,184,GR,0.5869967552754034,96
real,chunk_18,184,IPC,0.3110691403727547,96
real,chunk_18,184,KR,0.37934458900192697,96
real,chunk_18,184,MC,0.4269518464103472,96
real,chunk_18,185,GR,0.5809546390572919,96
real,chunk_18,185,IPC,0.2837650672795083,96
real,chunk_18,185,KR,0.40215103970251687,96
real,chunk_18,185,MC,0.3837148332632583,96
real,chunk_18,186,GR,0.5602620581957584,96
real,chunk_18,186,IPC,0.24652567473536519,96
real,chunk_18,186,KR,0.3879303426491811,96
real,chunk_18,186,MC,0.31532958563577607,96
real,chunk_18,187,GR,0.6011941978442253,96
real,chunk_18,187,IPC,0.3051254893366853,96
real,chunk_18,187,KR,0.4209658228505012,96
real,chunk_18,187,MC,0.3866881021202487,96
real,chunk_18,188,GR,0.5573975044904206,96
real,chunk_18,188,IPC,0.31220654053332464,96
real,chunk_18,188,KR,0.3817241752613698,96
real,chunk_18,188,MC,0.4294628139475708,96
real,chunk_18,189,GR,0.5775808056488878,96
real,chunk_18,189,IPC,0.2903463022184718,96
real,chunk_18,189,KR,0.3925152004272703,96
real,chunk_18,189,MC,0.43803493601165494,96
real,chunk_19,190,GR,0.5965339496128989,96
real,chunk_19,190,IPC,0.2733795565433387,96
real,chunk_19,190,KR,0.4187078492194417,96
real,chunk_19,190,MC,0.33103357310657266,96
real,chunk_19,191,GR,0.5585476509536867,96
real,chunk_19,191,IPC,0.2586634239996653,96
real,chunk_19,191,KR,0.37423276141780126,96
real,chunk_19,191,MC,0.36126626696558783,96
real,chunk_19,192,GR,0.592553322248197,96
real,chunk_19,192,IPC,0.29403704124500846,96
real,chunk_19,192,KR,0.3923294563967878,96
real,chunk_19,192,MC,0.3889186750721962,96
real,chunk_19,193,GR,0.5772291971213125,96
real,chunk_19,193,IPC,0.29891367315274237,96
real,chunk_19,193,KR,0.39912066171760635,96
real,chunk_19,193,MC,0.392952836725999,96
real,chunk_19,194,GR,0.5966131693082856,96
real,chunk_19,194,IPC,0.3071389582472845,96
real,chunk_19,194,KR,0.41125113907227284,96
real,chunk_19,194,MC,0.4212323198745851,96
real,chunk_19,195,GR,0.5872119330103791,96
real,chunk_19,195,IPC,0.23101176787268848,96
real,chunk_19,195,KR,0.40075237205980113,96
real,chunk_19,195,MC,0.33036346707861997,96
real,chunk_19,196,GR,0.6026314284729852,96
real,chunk_19,196,IPC,0.29719395260290704,96
real,chunk_19,196,KR,0.42107555840031285,96
real,chunk_19,196,MC,0.37161844895141244,96
real,chunk_19,197,GR,0.5602187972465197,96
real,chunk_19,197,IPC,0.3318146204103458,96
real,chunk_19,197,KR,0.3780442429641892,96
real,chunk_19,197,MC,0.4832752093189397,96
real,chunk_19,198,GR,0.5873710285426409,96
real,chunk_19,198,IPC,0.2914210202510531,96
real,chunk_19,198,KR,0.4101653467688028,96
real,chunk_19,198,MC,0.37519004546763746,96
real,chunk_19,199,GR,0.5915589069730955,96
real,chunk_19,199,IPC,0.3174220062334881,96
real,chunk_19,199,KR,0.4032778740329913,96
real,chunk_19,199,MC,0.4287948716094712,96
real,chunk_2,20,GR,0.6046943829101782,96
real,chunk_2,20,IPC,0.260257316419734,96
real,chunk_2,20,KR,0.419650526759378,96
real,chunk_2,20,MC,0.3792621977359023,96
real,chunk_2,21,GR,0.5860121024621991,96
real,chunk_2,21,IPC,0.3222323743588968,96
real,chunk_2,21,KR,0.4031916911519031,96
real,chunk_2,21,MC,0.39031894970664,96
real,chunk_2,22,GR,0.5839760755665316,96
real,chunk_2,22,IPC,0.2554042531390344,96
real,chunk_2,22,KR,0.3967380072374825,96
real,chunk_2,22,MC,0.3493251949858218,96
real,chunk_2,23,GR,0.588947082260335,96
real,chunk_2,23,IPC,0.24457041192828985,96
real,chunk_2,23,KR,0.4157143470505646,96
real,chunk_2,23,MC,0.35370821866938285,96
real,chunk_2,24,GR,0.5999801374695046,96
real,chunk_2,24,IPC,0.2554988885740139,96
real,chunk_2,24,KR,0.41670036840595914,96
real,chunk_2,24,MC,0.33569632983360675,96
real,chunk_2,25,GR,0.5814771946835794,96
real,chunk_2,25,IPC,0.27118753568816323,96
real,chunk_2,25,KR,0.40116512455250997,96
real,chunk_2,25,MC,0.3353821525863212,96
real,chunk_2,26,GR,0.5852055568093213,96
real,chunk_2,26,IPC,0.28094041825749855,96
real,chunk_2,26,KR,0.40731012709558634,96
real,chunk_2,26,MC,0.3307623651174862,96
real,chunk_2,27,GR,0.5534734785296519,96
real,chunk_2,27,IPC,0.29778923680776115,96
real,chunk_2,27,KR,0.3801027091129487,96
real,chunk_2,27,MC,0.3702364649424264,96
real,chunk_2,28,GR,0.5882728248465099,96
real,chunk_2,28,IPC,0.27122817161882523,96
real,chunk_2,28,KR,0.40634316949871274,96
real,chunk_2,28,MC,0.3808541810580797,96
real,chunk_2,29,GR,0.5953668258802969,96
real,chunk_2,29,IPC,0.2680427143002595,96
real,chunk_2,29,KR,0.40159148959247704,96
real,chunk_2,29,MC,0.3650163050997277,96
real,chunk_3,30,GR,0.5994526409116268,96
real,chunk_3,30,IPC,0.2691707566909816,96
real,chunk_3,30,KR,0.4125438325896868,96
real,chunk_3,30,MC,0.34672778342395233,96
real,chunk_3,31,GR,0.6019168551455777,96
real,chunk_3,31,IPC,0.2514953217265403,96
real,chunk_3,31,KR,0.42413288094016016,96
real,chunk_3,31,MC,0.35438267065636975,96
real,chunk_3,32,GR,0.6024695088130932,96
real,chunk_3,32,IPC,0.27491051797898175,96
real,chunk_3,32,KR,0.420651898771259,96
real,chunk_3,32,MC,0.3614100655827005,96
real,chunk_3,33,GR,0.5936767230649795,96
real,chunk_3,33,IPC,0.3029283148459002,96
real,chunk_3,33,KR,0.41612831752532153,96
real,chunk_3,33,MC,0.3756672851090781,96
real,chunk_3,34,GR,0.5854213398959519,96
real,chunk_3,34,IPC,0.26975611519585735,96
real,chunk_3,34,KR,0.3968665558632833,96
real,chunk_3,34,MC,0.36018811829234626,96
real,chunk_3,35,GR,0.601115142370172,96
real,chunk_3,35,IPC,0.26203946326865585,96
real,chunk_3,35,KR,0.4119094733070316,96
real,chunk_3,35,MC,0.3396669996104705,96
real,chunk_3,36,GR,0.5944112706607513,96
real,chunk_3,36,IPC,0.29678612620817874,96
real,chunk_3,36,KR,0.4068823632919371,96
real,chunk_3,36,MC,0.3871873524011778,96
real,chunk_3,37,GR,0.6030135279375536,96
real,chunk_3,37,IPC,0.2381109695699108,96
real,chunk_3,37,KR,0.43780149561494225,96
real,chunk_3,37,MC,0.3433799882523071,96
real,chunk_3,38,GR,0.5922290429042516,96
real,chunk_3,38,IPC,0.2921275291178397,96
real,chunk_3,38,KR,0.4044675382888258,96
real,chunk_3,38,MC,0.3863526608018064,96
real,chunk_3,39,GR,0.5741423384010378,96
real,chunk_3,39,IPC,0.2767910675452051,96
real,chunk_3,39,KR,0.380094705879962,96
real,chunk_3,39,MC,0.36432805153966885,96
real,chunk_4,40,GR,0.5480536896856372,96
real,chunk_4,40,IPC,0.30340824446874176,96
real,chunk_4,40,KR,0.3716556615128734,96
real,chunk_4,40,MC,0.4146492993317943,96
real,chunk_4,41,GR,0.5778305410095598,96
real,chunk_4,41,IPC,0.2907310427542654,96
real,chunk_4,41,KR,0.3914586614543092,96
real,chunk_4,41,MC,0.394548736609368,96
real,chunk_4,42,GR,0.5736461615301381,96
real,chunk_4,42,IPC,0.2660884434769976,96
real,chunk_4,42,KR,0.388307115329516,96
real,chunk_4,42,MC,0.38220482856953963,96
real,chunk_4,43,GR,0.5672888104559466,96
real,chunk_4,43,IPC,0.24231931065019763,96
real,chunk_4,43,KR,0.37789774217999933,96
real,chunk_4,43,MC,0.38301893296180783,96
real,chunk_4,44,GR,0.5769921271382007,96
real,chunk_4,44,IPC,0.2820436878581587,96
real,chunk_4,44,KR,0.3978108238711924,96
real,chunk_4,44,MC,0.39722230482856413,96
real,chunk_4,45,GR,0.5881460027385204,96
real,chunk_4,45,IPC,0.27886519278425687,96
real,chunk_4,45,KR,0.4011932365724173,96
real,chunk_4,45,MC,0.35892278107414466,96
real,chunk_4,46,GR,0.5992780564339375,96
real,chunk_4,46,IPC,0.29207102759990006,96
real,chunk_4,46,KR,0.42102602498428954,96
real,chunk_4,46,MC,0.37184025862579506,96
real,chunk_4,47,GR,0.5794755416169242,96
real,chunk_4,47,IPC,0.2710179556002856,96
real,chunk_4,47,KR,0.3898180719447595,96
real,chunk_4,47,MC,0.3839787289562679,96
real,chunk_4,48,GR,0.5885781872267473,96
real,chunk_4,48,IPC,0.23956691293803578,96
real,chunk_4,48,KR,0.40603530947665034,96
real,chunk_4,48,MC,0.31872222843215814,96
real,chunk_4,49,GR,0.5852488433094523,96
real,chunk_4,49,IPC,0.259404821566483,96
real,chunk_4,49,KR,0.4014544957016425,96
real,chunk_4,49,MC,0.3534535508954216,96
real,chunk_5,50,GR,0.6124453158683438,96
real,chunk_5,50,IPC,0.28724054480865363,96
real,chunk_5,50,KR,0.4124379434376651,96
real,chunk_5,50,MC,0.40604229889757787,96
real,chunk_5,51,GR,0.5790736156754402,96
real,chunk_5,51,IPC,0.29424592205378713,96
real,chunk_5,51,KR,0.4037074074674429,96
real,chunk_5,51,MC,0.3478085568433293,96
real,chunk_5,52,GR,0.6196612698339141,96
real,chunk_5,52,IPC,0.2834744676924415,96
real,chunk_5,52,KR,0.4367598049513145,96
real,chunk_5,52,MC,0.38277613287707984,96
real,chunk_5,53,GR,0.5835537831537085,96
real,chunk_5,53,IPC,0.27776584376482655,96
real,chunk_5,53,KR,0.41155533282706325,96
real,chunk_5,53,MC,0.36267077623247523,96
real,chunk_5,54,GR,0.557536241012334,96
real,chunk_5,54,IPC,0.2674012987699497,96
real,chunk_5,54,KR,0.37768495530827534,96
real,chunk_5,54,MC,0.35554657451184596,96
real,chunk_5,55,GR,0.5496868093370944,96
real,chunk_5,55,IPC,0.2791311784275807,96
real,chunk_5,55,KR,0.37120580895743316,96
real,chunk_5,55,MC,0.36013895603426704,96
real,chunk_5,56,GR,0.5741997370498003,96
real,chunk_5,56,IPC,0.2664877707941144,96
real,chunk_5,56,KR,0.3946127822974918,96
real,chunk_5,56,MC,0.34126517254821614,96
real,chunk_5,57,GR,0.5897281962872746,96
real,chunk_5,57,IPC,0.2799862709106571,96
real,chunk_5,57,KR,0.4072579044819061,96
real,chunk_5,57,MC,0.37710227069785124,96
real,chunk_5,58,GR,0.5723441572125123,96
real,chunk_5,58,IPC,0.2989519143004764,96
real,chunk_5,58,KR,0.3837468729724048,96
real,chunk_5,58,MC,0.3860109838339101,96
real,chunk_5,59,GR,0.5814078649014108,96
real,chunk_5,59,IPC,0.2977711423024994,96
real,chunk_5,59,KR,0.387211606527701,96
real,chunk_5,59,MC,0.38280042811178194,96
real,chunk_6,60,GR,0.5653496577196414,96
real,chunk_6,60,IPC,0.2628288234540227,96
real,chunk_6,60,KR,0.3846801410493893,96
real,chunk_6,60,MC,0.35126415800158944,96
real,chunk_6,61,GR,0.5782167370914288,96
real,chunk_6,61,IPC,0.30893172074125635,96
real,chunk_6,61,KR,0.40014987684024134,96
real,chunk_6,61,MC,0.3566315318979933,96
real,chunk_6,62,GR,0.5880355006794048,96
real,chunk_6,62,IPC,0.2752274777679303,96
real,chunk_6,62,KR,0.39578671123925896,96
real,chunk_6,62,MC,0.3466430807613285,96
real,chunk_6,63,GR,0.5841922316631191,96
real,chunk_6,63,IPC,0.2672202478740435,96
real,chunk_6,63,KR,0.41195388316260373,96
real,chunk_6,63,MC,0.36352228332415043,96
real,chunk_6,64,GR,0.5927079024866471,96
real,chunk_6,64,IPC,0.32037596996428624,96
real,chunk_6,64,KR,0.4088061783917324,96
real,chunk_6,64,MC,0.3963758778437237,96
real,chunk_6,65,GR,0.6010948242105383,96
real,chunk_6,65,IPC,0.2914507283264113,96
real,chunk_6,65,KR,0.423009344244088,96
real,chunk_6,65,MC,0.38334374392986914,96
real,chunk_6,66,GR,0.5869607251594549,96
real,chunk_6,66,IPC,0.279877314130319,96
real,chunk_6,66,KR,0.40422563422576147,96
real,chunk_6,66,MC,0.3592417516570855,96
real,chunk_6,67,GR,0.5813938920013672,96
real,chunk_6,67,IPC,0.2716118958037494,96
real,chunk_6,67,KR,0.39641025534067853,96
real,chunk_6,67,MC,0.36685883664619584,96
real,chunk_6,68,GR,0.5867400056850843,96
real,chunk_6,68,IPC,0.300149720495754,96
real,chunk_6,68,KR,0.3934480442670326,96
real,chunk_6,68,MC,0.38023570239330723,96
real,chunk_6,69,GR,0.5681681982684134,96
real,chunk_6,69,IPC,0.2567312418468187,96
real,chunk_6,69,KR,0.38785492244446595,96
real,chunk_6,69,MC,0.334503989130683,96
real,chunk_7,70,GR,0.5818940223547762,96
real,chunk_7,70,IPC,0.3101133078796285,96
real,chunk_7,70,KR,0.3971249628977637,96
real,chunk_7,70,MC,0.4137324272194363,96
real,chunk_7,71,GR,0.5854578775219599,96
real,chunk_7,71,IPC,0.23877601516518454,96
real,chunk_7,71,KR,0.4045171208046515,96
real,chunk_7,71,MC,0.33714239401087953,96
real,chunk_7,72,GR,0.6098598234666831,96
real,chunk_7,72,IPC,0.2543895150360024,96
real,chunk_7,72,KR,0.42454067806587054,96
real,chunk_7,72,MC,0.3107372703212438,96
real,chunk_7,73,GR,0.5906286938068817,96
real,chunk_7,73,IPC,0.2641074691572261,96
real,chunk_7,73,KR,0.42817892573331395,96
real,chunk_7,73,MC,0.3439962415469181,96
real,chunk_7,74,GR,0.5756668160628551,96
real,chunk_7,74,IPC,0.2824669707935159,96
real,chunk_7,74,KR,0.3894885740586017,96
real,chunk_7,74,MC,0.3607348188765092,96
real,chunk_7,75,GR,0.5626419586279042,96
real,chunk_7,75,IPC,0.28472636824877223,96
real,chunk_7,75,KR,0.3811468307834859,96
real,chunk_7,75,MC,0.3640891750962884,96
real,chunk_7,76,GR,0.5732213594640183,96
real,chunk_7,76,IPC,0.26869589440949937,96
real,chunk_7,76,KR,0.38644339428155905,96
real,chunk_7,76,MC,0.336063021114763,96
real,chunk_7,77,GR,0.5703518873167779,96
real,chunk_7,77,IPC,0.3275272334491081,96
real,chunk_7,77,KR,0.38769089000088364,96
real,chunk_7,77,MC,0.4204059354628595,96
real,chunk_7,78,GR,0.5642790149405632,96
real,chunk_7,78,IPC,0.2488238118452822,96
real,chunk_7,78,KR,0.38293629117130973,96
real,chunk_7,78,MC,0.3325610573519144,96
real,chunk_7,79,GR,0.5601649189638058,96
real,chunk_7,79,IPC,0.28184451240650266,96
real,chunk_7,79,KR,0.3829314767860794,96
real,chunk_7,79,MC,0.38806466321923644,96
real,chunk_8,80,GR,0.577922356097098,96
real,chunk_8,80,IPC,0.2549518597710096,96
real,chunk_8,80,KR,0.39140878744648916,96
real,chunk_8,80,MC,0.35539188203830513,96
real,chunk_8,81,GR,0.5861327595902204,96
real,chunk_8,81,IPC,0.2981893165577901,96
real,chunk_8,81,KR,0.40463702599755064,96
real,chunk_8,81,MC,0.3660141466047132,96
real,chunk_8,82,GR,0.5779421667389673,96
real,chunk_8,82,IPC,0.30665966706005887,96
real,chunk_8,82,KR,0.3973947580019434,96
real,chunk_8,82,MC,0.4071878890074451,96
real,chunk_8,83,GR,0.5646856180917251,96
real,chunk_8,83,IPC,0.29711793691842064,96
real,chunk_8,83,KR,0.3638053167517601,96
real,chunk_8,83,MC,0.4269798487554093,96
real,chunk_8,84,GR,0.5674872751537479,96
real,chunk_8,84,IPC,0.24003404971041253,96
real,chunk_8,84,KR,0.3861997529374042,96
real,chunk_8,84,MC,0.31391006142343,96
real,chunk_8,85,GR,0.6063568916605182,96
real,chunk_8,85,IPC,0.26170889379041423,96
real,chunk_8,85,KR,0.42974620251689916,96
real,chunk_8,85,MC,0.3670481747006744,96
real,chunk_8,86,GR,0.5544530286221195,96
real,chunk_8,86,IPC,0.27133160376226906,96
real,chunk_8,86,KR,0.36779219177320993,96
real,chunk_8,86,MC,0.3783406596351519,96
real,chunk_8,87,GR,0.5664050335408797,96
real,chunk_8,87,IPC,0.2525827874474603,96
real,chunk_8,87,KR,0.38942854996316184,96
real,chunk_8,87,MC,0.32823686013713843,96
real,chunk_8,88,GR,0.5646624076351091,96
real,chunk_8,88,IPC,0.31307398057405855,96
real,chunk_8,88,KR,0.3859014069425791,96
real,chunk_8,88,MC,0.41042966056149777,96
real,chunk_8,89,GR,0.5952499967255556,96
real,chunk_8,89,IPC,0.26481765791048684,96
real,chunk_8,89,KR,0.4124076575496988,96
real,chunk_8,89,MC,0.33521561592090426,96
real,chunk_9,90,GR,0.5680724616378885,96
real,chunk_9,90,IPC,0.25336567195570286,96
real,chunk_9,90,KR,0.38201038768359885,96
real,chunk_9,90,MC,0.3349492737028532,96
real,chunk_9,91,GR,0.6035314178959378,96
real,chunk_9,91,IPC,0.2794022074815674,96
real,chunk_9,91,KR,0.4318904948369703,96
real,chunk_9,91,MC,0.3585083559218877,96
real,chunk_9,92,GR,0.5993185062975935,96
real,chunk_9,92,IPC,0.25307899604241774,96
real,chunk_9,92,KR,0.41437646563909364,96
real,chunk_9,92,MC,0.35923327095385305,96
real,chunk_9,93,GR,0.599248145880441,96
real,chunk_9,93,IPC,0.26248717941109656,96
real,chunk_9,93,KR,0.4128211952686507,96
real,chunk_9,93,MC,0.3256924480544003,96
real,chunk_9,94,GR,0.5915080362421663,96
real,chunk_9,94,IPC,0.2596420659759298,96
real,chunk_9,94,KR,0.4172003132256433,96
real,chunk_9,94,MC,0.3137517007534063,96
real,chunk_9,95,GR,0.5695433546197405,96
real,chunk_9,95,IPC,0.2721483453729467,96
real,chunk_9,95,KR,0.38513988494974166,96
real,chunk_9,95,MC,0.3680470453853008,96
real,chunk_9,96,GR,0.5824817612474901,96
real,chunk_9,96,IPC,0.29366180354806815,96
real,chunk_9,96,KR,0.39529279323801775,96
real,chunk_9,96,MC,0.3909601821893694,96
real,chunk_9,97,GR,0.5455401500845592,96
real,chunk_9,97,IPC,0.28893408921802555,96
real,chunk_9,97,KR,0.3610832980404501,96
real,chunk_9,97,MC,0.3571991956306014,96
real,chunk_9,98,GR,0.5821008685804618,96
real,chunk_9,98,IPC,0.2737014907750246,96
real,chunk_9,98,KR,0.3872978237110196,96
real,chunk_9,98,MC,0.3790943870708209,96
real,chunk_9,99,GR,0.5964258426945676,96
real,chunk_9,99,IPC,0.25724977780385266,96
real,chunk_9,99,KR,0.41276476606012524,96
real,chunk_9,99,MC,0.32567803308148896,96
ws_p0.1+randN,chunk_0,0,GR,0.7382249604793258,96
ws_p0.1+randN,chunk_0,0,IPC,0.3388393382262439,96
ws_p0.1+randN,chunk_0,0,KR,0.7509586181831178,96
ws_p0.1+randN,chunk_0,0,MC,0.4866512378965131,96
ws_p0.1+randN,chunk_0,1,GR,0.795905338037778,96
ws_p0.1+randN,chunk_0,1,IPC,0.33310589358253656,96
ws_p0.1+randN,chunk_0,1,KR,0.77684552531586,96
ws_p0.1+randN,chunk_0,1,MC,0.49384671563670335,96
ws_p0.1+randN,chunk_0,2,GR,0.7600182331959527,96
ws_p0.1+randN,chunk_0,2,IPC,0.32964380139337324,96
ws_p0.1+randN,chunk_0,2,KR,0.7566126631655363,96
ws_p0.1+randN,chunk_0,2,MC,0.4876052135267989,96
ws_p0.1+randN,chunk_0,3,GR,0.7670847205275322,96
ws_p0.1+randN,chunk_0,3,IPC,0.3421391288469134,96
ws_p0.1+randN,chunk_0,3,KR,0.7782998650653288,96
ws_p0.1+randN,chunk_0,3,MC,0.4868324128503459,96
ws_p0.1+randN,chunk_0,4,GR,0.7580560052939042,96
ws_p0.1+randN,chunk_0,4,IPC,0.3422427974978158,96
ws_p0.1+randN,chunk_0,4,KR,0.7879980407583507,96
ws_p0.1+randN,chunk_0,4,MC,0.5191843003184183,96
ws_p0.1+randN,chunk_0,5,GR,0.7830822729740319,96
ws_p0.1+randN,chunk_0,5,IPC,0.31090620874179586,96
ws_p0.1+randN,chunk_0,5,KR,0.8023400902154091,96
ws_p0.1+randN,chunk_0,5,MC,0.4591677353104682,96
ws_p0.1+randN,chunk_0,6,GR,0.778604053472054,96
ws_p0.1+randN,chunk_0,6,IPC,0.3356859195273805,96
ws_p0.1+randN,chunk_0,6,KR,0.7678224587100542,96
ws_p0.1+randN,chunk_0,6,MC,0.49055175389312294,96
ws_p0.1+randN,chunk_0,7,GR,0.760885066440407,96
ws_p0.1+randN,chunk_0,7,IPC,0.33131767012071844,96
ws_p0.1+randN,chunk_0,7,KR,0.7735043436843315,96
ws_p0.1+randN,chunk_0,7,MC,0.4994952265153024,96
ws_p0.1+randN,chunk_0,8,GR,0.819583920667396,96
ws_p0.1+randN,chunk_0,8,IPC,0.35501135352322993,96
ws_p0.1+randN,chunk_0,8,KR,0.774176686234108,96
ws_p0.1+randN,chunk_0,8,MC,0.5156377587139352,96
ws_p0.1+randN,chunk_0,9,GR,0.7732688665091295,96
ws_p0.1+randN,chunk_0,9,IPC,0.31637280199322376,96
ws_p0.1+randN,chunk_0,9,KR,0.7919508223184271,96
ws_p0.1+randN,chunk_0,9,MC,0.4729609450755543,96
ws_p0.1+randN,chunk_1,10,GR,0.7872776415956707,96
ws_p0.1+randN,chunk_1,10,IPC,0.33698314791361156,96
ws_p0.1+randN,chunk_1,10,KR,0.7907840009024487,96
ws_p0.1+randN,chunk_1,10,MC,0.5063704659956617,96
ws_p0.1+randN,chunk_1,11,GR,0.7400242896286869,96
ws_p0.1+randN,chunk_1,11,IPC,0.2914449864273974,96
ws_p0.1+randN,chunk_1,11,KR,0.7673486190183125,96
ws_p0.1+randN,chunk_1,11,MC,0.4488676503154645,96
ws_p0.1+randN,chunk_1,12,GR,0.7266619164829969,96
ws_p0.1+randN,chunk_1,12,IPC,0.33250913039813745,96
ws_p0.1+randN,chunk_1,12,KR,0.7440148807142826,96
ws_p0.1+randN,chunk_1,12,MC,0.5017650345179215,96
ws_p0.1+randN,chunk_1,13,GR,0.7394105403583576,96
ws_p0.1+randN,chunk_1,13,IPC,0.3505009749346201,96
ws_p0.1+randN,chunk_1,13,KR,0.7634401031247737,96
ws_p0.1+randN,chunk_1,13,MC,0.5014726649032686,96
ws_p0.1+randN,chunk_1,14,GR,0.7479401902588422,96
ws_p0.1+randN,chunk_1,14,IPC,0.32856971901991766,96
ws_p0.1+randN,chunk_1,14,KR,0.7517404085911692,96
ws_p0.1+randN,chunk_1,14,MC,0.49000149576009616,96
ws_p0.1+randN,chunk_1,15,GR,0.7729278430262501,96
ws_p0.1+randN,chunk_1,15,IPC,0.3242997625612979,96
ws_p0.1+randN,chunk_1,15,KR,0.7938287998350569,96
ws_p0.1+randN,chunk_1,15,MC,0.4705136605261148,96
ws_p0.1+randN,chunk_1,16,GR,0.7695255515155106,96
ws_p0.1+randN,chunk_1,16,IPC,0.3431286205039212,96
ws_p0.1+randN,chunk_1,16,KR,0.7590723559935995,96
ws_p0.1+randN,chunk_1,16,MC,0.5073486017087364,96
ws_p0.1+randN,chunk_1,17,GR,0.7662126683013615,96
ws_p0.1+randN,chunk_1,17,IPC,0.3507999482679747,96
ws_p0.1+randN,chunk_1,17,KR,0.7732664936184817,96
ws_p0.1+randN,chunk_1,17,MC,0.5173127810187684,96
ws_p0.1+randN,chunk_1,18,GR,0.7552448106472824,96
ws_p0.1+randN,chunk_1,18,IPC,0.3041343012690742,96
ws_p0.1+randN,chunk_1,18,KR,0.7744280515115499,96
ws_p0.1+randN,chunk_1,18,MC,0.49002169529602746,96
ws_p0.1+randN,chunk_1,19,GR,0.7814638410491536,96
ws_p0.1+randN,chunk_1,19,IPC,0.3109133696295834,96
ws_p0.1+randN,chunk_1,19,KR,0.7908214003750105,96
ws_p0.1+randN,chunk_1,19,MC,0.4806730993301242,96
ws_p0.1+randN,chunk_10,100,GR,0.7692150876616015,96
ws_p0.1+randN,chunk_10,100,IPC,0.33934941631005694,96
ws_p0.1+randN,chunk_10,100,KR,0.7648929607577271,96
ws_p0.1+randN,chunk_10,100,MC,0.48664788312673984,96
ws_p0.1+randN,chunk_10,101,GR,0.7757151583866938,96
ws_p0.1+randN,chunk_10,101,IPC,0.3221569493866252,96
ws_p0.1+randN,chunk_10,101,KR,0.7870622378158818,96
ws_p0.1+randN,chunk_10,101,MC,0.468584405374887,96
ws_p0.1+randN,chunk_10,102,GR,0.7777994892490195,96
ws_p0.1+randN,chunk_10,102,IPC,0.3304713859016712,96
ws_p0.1+randN,chunk_10,102,KR,0.7696445643114562,96
ws_p0.1+randN,chunk_10,102,MC,0.48468904542273283,96
ws_p0.1+randN,chunk_10,103,GR,0.7796733589889415,96
ws_p0.1+randN,chunk_10,103,IPC,0.3238598334392968,96
ws_p0.1+randN,chunk_10,103,KR,0.7940353790892716,96
ws_p0.1+randN,chunk_10,103,MC,0.47516065204057506,96
ws_p0.1+randN,chunk_10,104,GR,0.7699641403630958,96
ws_p0.1+randN,chunk_10,104,IPC,0.34515740992886973,96
ws_p0.1+randN,chunk_10,104,KR,0.7735064417421385,96
ws_p0.1+randN,chunk_10,104,MC,0.5115133595019886,96
ws_p0.1+randN,chunk_10,105,GR,0.7506100803464105,96
ws_p0.1+randN,chunk_10,105,IPC,0.3282980861418042,96
ws_p0.1+randN,chunk_10,105,KR,0.7654260029857232,96
ws_p0.1+randN,chunk_10,105,MC,0.49626215238640803,96
ws_p0.1+randN,chunk_10,106,GR,0.7681791988590583,96
ws_p0.1+randN,chunk_10,106,IPC,0.33677991747951325,96
ws_p0.1+randN,chunk_10,106,KR,0.7628448087530105,96
ws_p0.1+randN,chunk_10,106,MC,0.510045273624996,96
ws_p0.1+randN,chunk_10,107,GR,0.7759335117539236,96
ws_p0.1+randN,chunk_10,107,IPC,0.3259596331340844,96
ws_p0.1+randN,chunk_10,107,KR,0.7889723874154728,96
ws_p0.1+randN,chunk_10,107,MC,0.4936667017847952,96
ws_p0.1+randN,chunk_10,108,GR,0.7549028529880037,96
ws_p0.1+randN,chunk_10,108,IPC,0.30973353642826285,96
ws_p0.1+randN,chunk_10,108,KR,0.7762164915707451,96
ws_p0.1+randN,chunk_10,108,MC,0.4767254885139979,96
ws_p0.1+randN,chunk_10,109,GR,0.7813838324373643,96
ws_p0.1+randN,chunk_10,109,IPC,0.3436212968559815,96
ws_p0.1+randN,chunk_10,109,KR,0.7820439747788738,96
ws_p0.1+randN,chunk_10,109,MC,0.5193769202284152,96
ws_p0.1+randN,chunk_11,110,GR,0.7553329364157517,96
ws_p0.1+randN,chunk_11,110,IPC,0.33836954349057424,96
ws_p0.1+randN,chunk_11,110,KR,0.7801411072866249,96
ws_p0.1+randN,chunk_11,110,MC,0.5080990458287026,96
ws_p0.1+randN,chunk_11,111,GR,0.737452536986637,96
ws_p0.1+randN,chunk_11,111,IPC,0.3045282111432139,96
ws_p0.1+randN,chunk_11,111,KR,0.7672659223263161,96
ws_p0.1+randN,chunk_11,111,MC,0.4756150270107558,96
ws_p0.1+randN,chunk_11,112,GR,0.7510183576851757,96
ws_p0.1+randN,chunk_11,112,IPC,0.33111156290957106,96
ws_p0.1+randN,chunk_11,112,KR,0.7746615089703717,96
ws_p0.1+randN,chunk_11,112,MC,0.49637257304490207,96
ws_p0.1+randN,chunk_11,113,GR,0.8087566546381996,96
ws_p0.1+randN,chunk_11,113,IPC,0.3546707153498759,96
ws_p0.1+randN,chunk_11,113,KR,0.7744929171922516,96
ws_p0.1+randN,chunk_11,113,MC,0.5267733664223465,96
ws_p0.1+randN,chunk_11,114,GR,0.7628557794460775,96
ws_p0.1+randN,chunk_11,114,IPC,0.33050028039666063,96
ws_p0.1+randN,chunk_11,114,KR,0.782586792769261,96
ws_p0.1+randN,chunk_11,114,MC,0.5023461250990624,96
ws_p0.1+randN,chunk_11,115,GR,0.7896791101906727,96
ws_p0.1+randN,chunk_11,115,IPC,0.3190409685301376,96
ws_p0.1+randN,chunk_11,115,KR,0.80497614572835,96
ws_p0.1+randN,chunk_11,115,MC,0.4838695625758144,96
ws_p0.1+randN,chunk_11,116,GR,0.7736384021256546,96
ws_p0.1+randN,chunk_11,116,IPC,0.33385137083302346,96
ws_p0.1+randN,chunk_11,116,KR,0.7891221792431361,96
ws_p0.1+randN,chunk_11,116,MC,0.4884646121594855,96
ws_p0.1+randN,chunk_11,117,GR,0.7629501847030744,96
ws_p0.1+randN,chunk_11,117,IPC,0.30132904371747216,96
ws_p0.1+randN,chunk_11,117,KR,0.7881723541969347,96
ws_p0.1+randN,chunk_11,117,MC,0.46650691059092303,96
ws_p0.1+randN,chunk_11,118,GR,0.7863248010194546,96
ws_p0.1+randN,chunk_11,118,IPC,0.34731113156859256,96
ws_p0.1+randN,chunk_11,118,KR,0.7969929921615356,96
ws_p0.1+randN,chunk_11,118,MC,0.5231062247183544,96
ws_p0.1+randN,chunk_11,119,GR,0.773982553171996,96
ws_p0.1+randN,chunk_11,119,IPC,0.3109710423394933,96
ws_p0.1+randN,chunk_11,119,KR,0.7718089488102383,96
ws_p0.1+randN,chunk_11,119,MC,0.46709641431039295,96
ws_p0.1+randN,chunk_12,120,GR,0.7794279648284378,96
ws_p0.1+randN,chunk_12,120,IPC,0.31869276588318013,96
ws_p0.1+randN,chunk_12,120,KR,0.7949742679897106,96
ws_p0.1+randN,chunk_12,120,MC,0.49120455042924105,96
ws_p0.1+randN,chunk_12,121,GR,0.7580590442574858,96
ws_p0.1+randN,chunk_12,121,IPC,0.3300676119999561,96
ws_p0.1+randN,chunk_12,121,KR,0.7839911333501882,96
ws_p0.1+randN,chunk_12,121,MC,0.5108789536969836,96
ws_p0.1+randN,chunk_12,122,GR,0.7788859431886984,96
ws_p0.1+randN,chunk_12,122,IPC,0.35622134093897956,96
ws_p0.1+randN,chunk_12,122,KR,0.7798976835592821,96
ws_p0.1+randN,chunk_12,122,MC,0.5100086978482171,96
ws_p0.1+randN,chunk_12,123,GR,0.7970447730215056,96
ws_p0.1+randN,chunk_12,123,IPC,0.3205199069527923,96
ws_p0.1+randN,chunk_12,123,KR,0.8022243517571956,96
ws_p0.1+randN,chunk_12,123,MC,0.4798364252534951,96
ws_p0.1+randN,chunk_12,124,GR,0.7945527082108507,96
ws_p0.1+randN,chunk_12,124,IPC,0.33145617001471983,96
ws_p0.1+randN,chunk_12,124,KR,0.7879779788733888,96
ws_p0.1+randN,chunk_12,124,MC,0.48509078856741944,96
ws_p0.1+randN,chunk_12,125,GR,0.7596075056378323,96
ws_p0.1+randN,chunk_12,125,IPC,0.3465233810215212,96
ws_p0.1+randN,chunk_12,125,KR,0.761894066747157,96
ws_p0.1+randN,chunk_12,125,MC,0.4843577385149446,96
ws_p0.1+randN,chunk_12,126,GR,0.757217136271561,96
ws_p0.1+randN,chunk_12,126,IPC,0.33138238792515634,96
ws_p0.1+randN,chunk_12,126,KR,0.7637865071530273,96
ws_p0.1+randN,chunk_12,126,MC,0.48718343454745344,96
ws_p0.1+randN,chunk_12,127,GR,0.7718112805312283,96
ws_p0.1+randN,chunk_12,127,IPC,0.3009805400506154,96
ws_p0.1+randN,chunk_12,127,KR,0.7896114712472011,96
ws_p0.1+randN,chunk_12,127,MC,0.4523398138350595,96
ws_p0.1+randN,chunk_12,128,GR,0.768815913443965,96
ws_p0.1+randN,chunk_12,128,IPC,0.3348263203253721,96
ws_p0.1+randN,chunk_12,128,KR,0.7854284598046852,96
ws_p0.1+randN,chunk_12,128,MC,0.4954090117865905,96
ws_p0.1+randN,chunk_12,129,GR,0.7747669471588722,96
ws_p0.1+randN,chunk_12,129,IPC,0.3183086220027611,96
ws_p0.1+randN,chunk_12,129,KR,0.7683046670206427,96
ws_p0.1+randN,chunk_12,129,MC,0.48130343737208964,96
ws_p0.1+randN,chunk_13,130,GR,0.7982964836055352,96
ws_p0.1+randN,chunk_13,130,IPC,0.32303660419958535,96
ws_p0.1+randN,chunk_13,130,KR,0.7943809716621522,96
ws_p0.1+randN,chunk_13,130,MC,0.47969080179191936,96
ws_p0.1+randN,chunk_13,131,GR,0.7610800390501327,96
ws_p0.1+randN,chunk_13,131,IPC,0.3318522242089015,96
ws_p0.1+randN,chunk_13,131,KR,0.7647118565248124,96
ws_p0.1+randN,chunk_13,131,MC,0.4998926128274143,96
ws_p0.1+randN,chunk_13,132,GR,0.7538442267545811,96
ws_p0.1+randN,chunk_13,132,IPC,0.3200186437238422,96
ws_p0.1+randN,chunk_13,132,KR,0.7777011413057495,96
ws_p0.1+randN,chunk_13,132,MC,0.48968670491132926,96
ws_p0.1+randN,chunk_13,133,GR,0.7872829385154243,96
ws_p0.1+randN,chunk_13,133,IPC,0.34409145683039766,96
ws_p0.1+randN,chunk_13,133,KR,0.7926257877526028,96
ws_p0.1+randN,chunk_13,133,MC,0.5146447154511242,96
ws_p0.1+randN,chunk_13,134,GR,0.7720388842216132,96
ws_p0.1+randN,chunk_13,134,IPC,0.3086711784574809,96
ws_p0.1+randN,chunk_13,134,KR,0.796662514237906,96
ws_p0.1+randN,chunk_13,134,MC,0.451685323992209,96
ws_p0.1+randN,chunk_13,135,GR,0.7693901365434416,96
ws_p0.1+randN,chunk_13,135,IPC,0.3242554715246743,96
ws_p0.1+randN,chunk_13,135,KR,0.7772462666302438,96
ws_p0.1+randN,chunk_13,135,MC,0.49276225738616775,96
ws_p0.1+randN,chunk_13,136,GR,0.7505052920048074,96
ws_p0.1+randN,chunk_13,136,IPC,0.3243862361479842,96
ws_p0.1+randN,chunk_13,136,KR,0.764466916411803,96
ws_p0.1+randN,chunk_13,136,MC,0.4878924823471948,96
ws_p0.1+randN,chunk_13,137,GR,0.7568532162107249,96
ws_p0.1+randN,chunk_13,137,IPC,0.3230039585030481,96
ws_p0.1+randN,chunk_13,137,KR,0.786216429302559,96
ws_p0.1+randN,chunk_13,137,MC,0.49458384340600875,96
ws_p0.1+randN,chunk_13,138,GR,0.7696555991189803,96
ws_p0.1+randN,chunk_13,138,IPC,0.32686650177407384,96
ws_p0.1+randN,chunk_13,138,KR,0.8001139134228986,96
ws_p0.1+randN,chunk_13,138,MC,0.5158024311816666,96
ws_p0.1+randN,chunk_13,139,GR,0.742414558313243,96
ws_p0.1+randN,chunk_13,139,IPC,0.3232171414088071,96
ws_p0.1+randN,chunk_13,139,KR,0.7550105159017636,96
ws_p0.1+randN,chunk_13,139,MC,0.4979217969205905,96
ws_p0.1+randN,chunk_14,140,GR,0.7904997791172785,96
ws_p0.1+randN,chunk_14,140,IPC,0.33902363954548936,96
ws_p0.1+randN,chunk_14,140,KR,0.7959402162992655,96
ws_p0.1+randN,chunk_14,140,MC,0.48919867546541546,96
ws_p0.1+randN,chunk_14,141,GR,0.7788599572954639,96
ws_p0.1+randN,chunk_14,141,IPC,0.34584371577041123,96
ws_p0.1+randN,chunk_14,141,KR,0.7841036525409995,96
ws_p0.1+randN,chunk_14,141,MC,0.4980023051826612,96
ws_p0.1+randN,chunk_14,142,GR,0.7680587963008111,96
ws_p0.1+randN,chunk_14,142,IPC,0.30360489618130876,96
ws_p0.1+randN,chunk_14,142,KR,0.7843311094558473,96
ws_p0.1+randN,chunk_14,142,MC,0.4870615672128855,96
ws_p0.1+randN,chunk_14,143,GR,0.783965704197172,96
ws_p0.1+randN,chunk_14,143,IPC,0.32988916312200733,96
ws_p0.1+randN,chunk_14,143,KR,0.7912915202286281,96
ws_p0.1+randN,chunk_14,143,MC,0.4981279913692883,96
ws_p0.1+randN,chunk_14,144,GR,0.7631753812541275,96
ws_p0.1+randN,chunk_14,144,IPC,0.33834603446687184,96
ws_p0.1+randN,chunk_14,144,KR,0.7813744024210214,96
ws_p0.1+randN,chunk_14,144,MC,0.5069031345323289,96
ws_p0.1+randN,chunk_14,145,GR,0.7823291648738554,96
ws_p0.1+randN,chunk_14,145,IPC,0.3414435942918602,96
ws_p0.1+randN,chunk_14,145,KR,0.7600276029477249,96
ws_p0.1+randN,chunk_14,145,MC,0.5198355733071588,96
ws_p0.1+randN,chunk_14,146,GR,0.7597171400933219,96
ws_p0.1+randN,chunk_14,146,IPC,0.31573937033219507,96
ws_p0.1+randN,chunk_14,146,KR,0.7823848365118469,96
ws_p0.1+randN,chunk_14,146,MC,0.4799699588116248,96
ws_p0.1+randN,chunk_14,147,GR,0.7538754846235586,96
ws_p0.1+randN,chunk_14,147,IPC,0.3203191755022205,96
ws_p0.1+randN,chunk_14,147,KR,0.7763954157645533,96
ws_p0.1+randN,chunk_14,147,MC,0.47587028683004895,96
ws_p0.1+randN,chunk_14,148,GR,0.7878677830263344,96
ws_p0.1+randN,chunk_14,148,IPC,0.3353437787612322,96
ws_p0.1+randN,chunk_14,148,KR,0.7770245967145208,96
ws_p0.1+randN,chunk_14,148,MC,0.49037908517230333,96
ws_p0.1+randN,chunk_14,149,GR,0.7802857245453517,96
ws_p0.1+randN,chunk_14,149,IPC,0.33611435018730457,96
ws_p0.1+randN,chunk_14,149,KR,0.7948569926205479,96
ws_p0.1+randN,chunk_14,149,MC,0.4862704982131847,96
ws_p0.1+randN,chunk_15,150,GR,0.7720577140171049,96
ws_p0.1+randN,chunk_15,150,IPC,0.3236836138265791,96
ws_p0.1+randN,chunk_15,150,KR,0.7877149998529239,96
ws_p0.1+randN,chunk_15,150,MC,0.5064178947021142,96
ws_p0.1+randN,chunk_15,151,GR,0.7547468177727783,96
ws_p0.1+randN,chunk_15,151,IPC,0.31253831457079984,96
ws_p0.1+randN,chunk_15,151,KR,0.7598093951262878,96
ws_p0.1+randN,chunk_15,151,MC,0.4754712554015905,96
ws_p0.1+randN,chunk_15,152,GR,0.750085754255871,96
ws_p0.1+randN,chunk_15,152,IPC,0.35918083972381193,96
ws_p0.1+randN,chunk_15,152,KR,0.7631063302967726,96
ws_p0.1+randN,chunk_15,152,MC,0.5073700632473247,96
ws_p0.1+randN,chunk_15,153,GR,0.7735015619174499,96
ws_p0.1+randN,chunk_15,153,IPC,0.3123617500561199,96
ws_p0.1+randN,chunk_15,153,KR,0.8007742098178466,96
ws_p0.1+randN,chunk_15,153,MC,0.4674016640377166,96
ws_p0.1+randN,chunk_15,154,GR,0.7964248161340364,96
ws_p0.1+randN,chunk_15,154,IPC,0.3300098239462558,96
ws_p0.1+randN,chunk_15,154,KR,0.7897920261955339,96
ws_p0.1+randN,chunk_15,154,MC,0.4915006491994702,96
ws_p0.1+randN,chunk_15,155,GR,0.7828404685798435,96
ws_p0.1+randN,chunk_15,155,IPC,0.33766492935445136,96
ws_p0.1+randN,chunk_15,155,KR,0.7901782742879779,96
ws_p0.1+randN,chunk_15,155,MC,0.4925187308602224,96
ws_p0.1+randN,chunk_15,156,GR,0.7686294918760904,96
ws_p0.1+randN,chunk_15,156,IPC,0.3322215943059611,96
ws_p0.1+randN,chunk_15,156,KR,0.7881607712291029,96
ws_p0.1+randN,chunk_15,156,MC,0.5037402141701207,96
ws_p0.1+randN,chunk_15,157,GR,0.7908063459243722,96
ws_p0.1+randN,chunk_15,157,IPC,0.29843351123453343,96
ws_p0.1+randN,chunk_15,157,KR,0.7914762441610034,96
ws_p0.1+randN,chunk_15,157,MC,0.4714981413469846,96
ws_p0.1+randN,chunk_15,158,GR,0.7847221280648895,96
ws_p0.1+randN,chunk_15,158,IPC,0.33721186280657695,96
ws_p0.1+randN,chunk_15,158,KR,0.7732405443779888,96
ws_p0.1+randN,chunk_15,158,MC,0.49362110653070157,96
ws_p0.1+randN,chunk_15,159,GR,0.777880239837296,96
ws_p0.1+randN,chunk_15,159,IPC,0.3269175984202928,96
ws_p0.1+randN,chunk_15,159,KR,0.7746215256571162,96
ws_p0.1+randN,chunk_15,159,MC,0.49798759606434945,96
ws_p0.1+randN,chunk_16,160,GR,0.7606435985659488,96
ws_p0.1+randN,chunk_16,160,IPC,0.3564569298144968,96
ws_p0.1+randN,chunk_16,160,KR,0.7829661330071372,96
ws_p0.1+randN,chunk_16,160,MC,0.5049244670110951,96
ws_p0.1+randN,chunk_16,161,GR,0.7676055601840758,96
ws_p0.1+randN,chunk_16,161,IPC,0.37332311672203616,96
ws_p0.1+randN,chunk_16,161,KR,0.7558006027486419,96
ws_p0.1+randN,chunk_16,161,MC,0.5094743004350467,96
ws_p0.1+randN,chunk_16,162,GR,0.7677391036251577,96
ws_p0.1+randN,chunk_16,162,IPC,0.35400741244163625,96
ws_p0.1+randN,chunk_16,162,KR,0.7695083360844697,96
ws_p0.1+randN,chunk_16,162,MC,0.5170975944670027,96
ws_p0.1+randN,chunk_16,163,GR,0.7881580190552752,96
ws_p0.1+randN,chunk_16,163,IPC,0.33867848671560313,96
ws_p0.1+randN,chunk_16,163,KR,0.7975907944894499,96
ws_p0.1+randN,chunk_16,163,MC,0.5161793559175917,96
ws_p0.1+randN,chunk_16,164,GR,0.760701300941834,96
ws_p0.1+randN,chunk_16,164,IPC,0.37120188591412784,96
ws_p0.1+randN,chunk_16,164,KR,0.7856279564056097,96
ws_p0.1+randN,chunk_16,164,MC,0.546502167601279,96
ws_p0.1+randN,chunk_16,165,GR,0.7586156979622533,96
ws_p0.1+randN,chunk_16,165,IPC,0.3806353102285762,96
ws_p0.1+randN,chunk_16,165,KR,0.7637789830702837,96
ws_p0.1+randN,chunk_16,165,MC,0.5216023561919712,96
ws_p0.1+randN,chunk_16,166,GR,0.7658923736776084,96
ws_p0.1+randN,chunk_16,166,IPC,0.34759829835412265,96
ws_p0.1+randN,chunk_16,166,KR,0.7751374589031369,96
ws_p0.1+randN,chunk_16,166,MC,0.5081246383222401,96
ws_p0.1+randN,chunk_16,167,GR,0.7967728790334183,96
ws_p0.1+randN,chunk_16,167,IPC,0.3874611219692892,96
ws_p0.1+randN,chunk_16,167,KR,0.7752395493164078,96
ws_p0.1+randN,chunk_16,167,MC,0.552998042613882,96
ws_p0.1+randN,chunk_16,168,GR,0.7755082021414949,96
ws_p0.1+randN,chunk_16,168,IPC,0.35221992542226854,96
ws_p0.1+randN,chunk_16,168,KR,0.7833059974400095,96
ws_p0.1+randN,chunk_16,168,MC,0.5128354240542837,96
ws_p0.1+randN,chunk_16,169,GR,0.7712753399501356,96
ws_p0.1+randN,chunk_16,169,IPC,0.37571061067551115,96
ws_p0.1+randN,chunk_16,169,KR,0.7810787673950247,96
ws_p0.1+randN,chunk_16,169,MC,0.5290355482870972,96
ws_p0.1+randN,chunk_17,170,GR,0.7657908319046837,96
ws_p0.1+randN,chunk_17,170,IPC,0.36846468118257086,96
ws_p0.1+randN,chunk_17,170,KR,0.764780031032896,96
ws_p0.1+randN,chunk_17,170,MC,0.5177680457618479,96
ws_p0.1+randN,chunk_17,171,GR,0.7427459865092162,96
ws_p0.1+randN,chunk_17,171,IPC,0.34247697898265106,96
ws_p0.1+randN,chunk_17,171,KR,0.7731103829693375,96
ws_p0.1+randN,chunk_17,171,MC,0.4863403834945682,96
ws_p0.1+randN,chunk_17,172,GR,0.7780331019382349,96
ws_p0.1+randN,chunk_17,172,IPC,0.3770648077558577,96
ws_p0.1+randN,chunk_17,172,KR,0.8014822161032508,96
ws_p0.1+randN,chunk_17,172,MC,0.5238826100587125,96
ws_p0.1+randN,chunk_17,173,GR,0.7559247881008653,96
ws_p0.1+randN,chunk_17,173,IPC,0.33143279934965014,96
ws_p0.1+randN,chunk_17,173,KR,0.7884878362023579,96
ws_p0.1+randN,chunk_17,173,MC,0.49605059956559894,96
ws_p0.1+randN,chunk_17,174,GR,0.7850543631327286,96
ws_p0.1+randN,chunk_17,174,IPC,0.35424579208729434,96
ws_p0.1+randN,chunk_17,174,KR,0.8013488202082691,96
ws_p0.1+randN,chunk_17,174,MC,0.5009833898619039,96
ws_p0.1+randN,chunk_17,175,GR,0.7615879988697144,96
ws_p0.1+randN,chunk_17,175,IPC,0.380911143959649,96
ws_p0.1+randN,chunk_17,175,KR,0.7656717461637013,96
ws_p0.1+randN,chunk_17,175,MC,0.5500539251092315,96
ws_p0.1+randN,chunk_17,176,GR,0.7527561238501492,96
ws_p0.1+randN,chunk_17,176,IPC,0.36316925041828074,96
ws_p0.1+randN,chunk_17,176,KR,0.7745384164599602,96
ws_p0.1+randN,chunk_17,176,MC,0.520226736568322,96
ws_p0.1+randN,chunk_17,177,GR,0.7798974360740496,96
ws_p0.1+randN,chunk_17,177,IPC,0.3727188804581799,96
ws_p0.1+randN,chunk_17,177,KR,0.8004229893753086,96
ws_p0.1+randN,chunk_17,177,MC,0.5332534802163539,96
ws_p0.1+randN,chunk_17,178,GR,0.7551352260336843,96
ws_p0.1+randN,chunk_17,178,IPC,0.3787208283289791,96
ws_p0.1+randN,chunk_17,178,KR,0.7798458430886014,96
ws_p0.1+randN,chunk_17,178,MC,0.5493297197982524,96
ws_p0.1+randN,chunk_17,179,GR,0.7619695113724483,96
ws_p0.1+randN,chunk_17,179,IPC,0.36688111015697555,96
ws_p0.1+randN,chunk_17,179,KR,0.7601777118189365,96
ws_p0.1+randN,chunk_17,179,MC,0.5168610334607227,96
ws_p0.1+randN,chunk_18,180,GR,0.7713058685471743,96
ws_p0.1+randN,chunk_18,180,IPC,0.3796698426898824,96
ws_p0.1+randN,chunk_18,180,KR,0.7861641558768852,96
ws_p0.1+randN,chunk_18,180,MC,0.5403303395541017,96
ws_p0.1+randN,chunk_18,181,GR,0.7350756770643863,96
ws_p0.1+randN,chunk_18,181,IPC,0.36443653099977186,96
ws_p0.1+randN,chunk_18,181,KR,0.7724537266186866,96
ws_p0.1+randN,chunk_18,181,MC,0.5143640646282129,96
ws_p0.1+randN,chunk_18,182,GR,0.7865102467742537,96
ws_p0.1+randN,chunk_18,182,IPC,0.3967491234107443,96
ws_p0.1+randN,chunk_18,182,KR,0.7587532030330545,96
ws_p0.1+randN,chunk_18,182,MC,0.5371046201925852,96
ws_p0.1+randN,chunk_18,183,GR,0.7879414986103093,96
ws_p0.1+randN,chunk_18,183,IPC,0.34552078206411074,96
ws_p0.1+randN,chunk_18,183,KR,0.8019966105960089,96
ws_p0.1+randN,chunk_18,183,MC,0.502072508464171,96
ws_p0.1+randN,chunk_18,184,GR,0.7578045689000009,96
ws_p0.1+randN,chunk_18,184,IPC,0.3810128721511902,96
ws_p0.1+randN,chunk_18,184,KR,0.7851241472376117,96
ws_p0.1+randN,chunk_18,184,MC,0.5359409748497729,96
ws_p0.1+randN,chunk_18,185,GR,0.7642891144283891,96
ws_p0.1+randN,chunk_18,185,IPC,0.36608349787693933,96
ws_p0.1+randN,chunk_18,185,KR,0.7794031250386657,96
ws_p0.1+randN,chunk_18,185,MC,0.5374810733743827,96
ws_p0.1+randN,chunk_18,186,GR,0.7721038093866361,96
ws_p0.1+randN,chunk_18,186,IPC,0.34756791568992657,96
ws_p0.1+randN,chunk_18,186,KR,0.7576920400807946,96
ws_p0.1+randN,chunk_18,186,MC,0.502110747306209,96
ws_p0.1+randN,chunk_18,187,GR,0.7787028437343074,96
ws_p0.1+randN,chunk_18,187,IPC,0.35643463826754246,96
ws_p0.1+randN,chunk_18,187,KR,0.7880040048771598,96
ws_p0.1+randN,chunk_18,187,MC,0.5296019815231993,96
ws_p0.1+randN,chunk_18,188,GR,0.7779478727571356,96
ws_p0.1+randN,chunk_18,188,IPC,0.35590711666140207,96
ws_p0.1+randN,chunk_18,188,KR,0.7938516475739218,96
ws_p0.1+randN,chunk_18,188,MC,0.516627130199461,96
ws_p0.1+randN,chunk_18,189,GR,0.7838376661691802,96
ws_p0.1+randN,chunk_18,189,IPC,0.36975701893634666,96
ws_p0.1+randN,chunk_18,189,KR,0.7959699987900173,96
ws_p0.1+randN,chunk_18,189,MC,0.5205300512952926,96
ws_p0.1+randN,chunk_19,190,GR,0.7358996699757062,96
ws_p0.1+randN,chunk_19,190,IPC,0.328243865318119,96
ws_p0.1+randN,chunk_19,190,KR,0.7620644372084108,96
ws_p0.1+randN,chunk_19,190,MC,0.483924445588881,96
ws_p0.1+randN,chunk_19,191,GR,0.7488972595837465,96
ws_p0.1+randN,chunk_19,191,IPC,0.37838185108149236,96
ws_p0.1+randN,chunk_19,191,KR,0.7815675173163559,96
ws_p0.1+randN,chunk_19,191,MC,0.534139084669772,96
ws_p0.1+randN,chunk_19,192,GR,0.7605812532759763,96
ws_p0.1+randN,chunk_19,192,IPC,0.37820583642023586,96
ws_p0.1+randN,chunk_19,192,KR,0.7851083226796778,96
ws_p0.1+randN,chunk_19,192,MC,0.5386630972658246,96
ws_p0.1+randN,chunk_19,193,GR,0.7695857870772598,96
ws_p0.1+randN,chunk_19,193,IPC,0.3482382441661532,96
ws_p0.1+randN,chunk_19,193,KR,0.7732383253731168,96
ws_p0.1+randN,chunk_19,193,MC,0.5150724333391217,96
ws_p0.1+randN,chunk_19,194,GR,0.7694268431918542,96
ws_p0.1+randN,chunk_19,194,IPC,0.3508199099004145,96
ws_p0.1+randN,chunk_19,194,KR,0.7829517799420742,96
ws_p0.1+randN,chunk_19,194,MC,0.5223164799780798,96
ws_p0.1+randN,chunk_19,195,GR,0.7893951756085298,96
ws_p0.1+randN,chunk_19,195,IPC,0.35431753621138024,96
ws_p0.1+randN,chunk_19,195,KR,0.8007984999313703,96
ws_p0.1+randN,chunk_19,195,MC,0.5146703246380168,96
ws_p0.1+randN,chunk_19,196,GR,0.7922063868392109,96
ws_p0.1+randN,chunk_19,196,IPC,0.36517897842840347,96
ws_p0.1+randN,chunk_19,196,KR,0.7999556916907117,96
ws_p0.1+randN,chunk_19,196,MC,0.5190471418121477,96
ws_p0.1+randN,chunk_19,197,GR,0.7439065220891817,96
ws_p0.1+randN,chunk_19,197,IPC,0.3490686017002612,96
ws_p0.1+randN,chunk_19,197,KR,0.7595463642526644,96
ws_p0.1+randN,chunk_19,197,MC,0.48171687947039593,96
ws_p0.1+randN,chunk_19,198,GR,0.7501720229269717,96
ws_p0.1+randN,chunk_19,198,IPC,0.3732148637450747,96
ws_p0.1+randN,chunk_19,198,KR,0.7740641043983898,96
ws_p0.1+randN,chunk_19,198,MC,0.5332910704951269,96
ws_p0.1+randN,chunk_19,199,GR,0.765071143178299,96
ws_p0.1+randN,chunk_19,199,IPC,0.3891225137874471,96
ws_p0.1+randN,chunk_19,199,KR,0.7661341728755802,96
ws_p0.1+randN,chunk_19,199,MC,0.5535053743488495,96
ws_p0.1+randN,chunk_2,20,GR,0.7274905711065246,96
ws_p0.1+randN,chunk_2,20,IPC,0.29281426552248835,96
ws_p0.1+randN,chunk_2,20,KR,0.7623296572966842,96
ws_p0.1+randN,chunk_2,20,MC,0.46341822552280043,96
ws_p0.1+randN,chunk_2,21,GR,0.7539561239783147,96
ws_p0.1+randN,chunk_2,21,IPC,0.3321714439314459,96
ws_p0.1+randN,chunk_2,21,KR,0.7566565554567266,96
ws_p0.1+randN,chunk_2,21,MC,0.5055017563094968,96
ws_p0.1+randN,chunk_2,22,GR,0.7541145855208453,96
ws_p0.1+randN,chunk_2,22,IPC,0.31867977287914195,96
ws_p0.1+randN,chunk_2,22,KR,0.773505674051432,96
ws_p0.1+randN,chunk_2,22,MC,0.49339128439355723,96
ws_p0.1+randN,chunk_2,23,GR,0.7677921093505796,96
ws_p0.1+randN,chunk_2,23,IPC,0.3193071220184801,96
ws_p0.1+randN,chunk_2,23,KR,0.7707621791934682,96
ws_p0.1+randN,chunk_2,23,MC,0.46450065605047547,96
ws_p0.1+randN,chunk_2,24,GR,0.7452183521289909,96
ws_p0.1+randN,chunk_2,24,IPC,0.32103330859699664,96
ws_p0.1+randN,chunk_2,24,KR,0.7671656599211871,96
ws_p0.1+randN,chunk_2,24,MC,0.48888805958550874,96
ws_p0.1+randN,chunk_2,25,GR,0.7431173599871582,96
ws_p0.1+randN,chunk_2,25,IPC,0.3135878741921535,96
ws_p0.1+randN,chunk_2,25,KR,0.7559124107253942,96
ws_p0.1+randN,chunk_2,25,MC,0.4898558308239128,96
ws_p0.1+randN,chunk_2,26,GR,0.7559924916828618,96
ws_p0.1+randN,chunk_2,26,IPC,0.34095216113727966,96
ws_p0.1+randN,chunk_2,26,KR,0.7677120966751441,96
ws_p0.1+randN,chunk_2,26,MC,0.4914018910999845,96
ws_p0.1+randN,chunk_2,27,GR,0.7492854935373482,96
ws_p0.1+randN,chunk_2,27,IPC,0.3317885579658626,96
ws_p0.1+randN,chunk_2,27,KR,0.763267231827646,96
ws_p0.1+randN,chunk_2,27,MC,0.5064937181735136,96
ws_p0.1+randN,chunk_2,28,GR,0.7604611621361205,96
ws_p0.1+randN,chunk_2,28,IPC,0.32220286683532967,96
ws_p0.1+randN,chunk_2,28,KR,0.7891831289629937,96
ws_p0.1+randN,chunk_2,28,MC,0.4832667547409559,96
ws_p0.1+randN,chunk_2,29,GR,0.7367172501358249,96
ws_p0.1+randN,chunk_2,29,IPC,0.3441900703350698,96
ws_p0.1+randN,chunk_2,29,KR,0.7577373686492928,96
ws_p0.1+randN,chunk_2,29,MC,0.4994486281975566,96
ws_p0.1+randN,chunk_3,30,GR,0.7814476154487667,96
ws_p0.1+randN,chunk_3,30,IPC,0.328902410394677,96
ws_p0.1+randN,chunk_3,30,KR,0.7850042900850251,96
ws_p0.1+randN,chunk_3,30,MC,0.49158203196035977,96
ws_p0.1+randN,chunk_3,31,GR,0.7512138820433186,96
ws_p0.1+randN,chunk_3,31,IPC,0.3112658985441922,96
ws_p0.1+randN,chunk_3,31,KR,0.75886327536275,96
ws_p0.1+randN,chunk_3,31,MC,0.4630707727462747,96
ws_p0.1+randN,chunk_3,32,GR,0.7582298059981124,96
ws_p0.1+randN,chunk_3,32,IPC,0.323821022979986,96
ws_p0.1+randN,chunk_3,32,KR,0.769258664227012,96
ws_p0.1+randN,chunk_3,32,MC,0.4940281886343147,96
ws_p0.1+randN,chunk_3,33,GR,0.7654996695211751,96
ws_p0.1+randN,chunk_3,33,IPC,0.3214799252052784,96
ws_p0.1+randN,chunk_3,33,KR,0.7883553064523242,96
ws_p0.1+randN,chunk_3,33,MC,0.48042754095093293,96
ws_p0.1+randN,chunk_3,34,GR,0.7260097469974561,96
ws_p0.1+randN,chunk_3,34,IPC,0.3011314902507303,96
ws_p0.1+randN,chunk_3,34,KR,0.7486200208410264,96
ws_p0.1+randN,chunk_3,34,MC,0.4534570788426754,96
ws_p0.1+randN,chunk_3,35,GR,0.7872050579022684,96
ws_p0.1+randN,chunk_3,35,IPC,0.31622668080654825,96
ws_p0.1+randN,chunk_3,35,KR,0.7766085104710682,96
ws_p0.1+randN,chunk_3,35,MC,0.4911146684657729,96
ws_p0.1+randN,chunk_3,36,GR,0.7505749592445053,96
ws_p0.1+randN,chunk_3,36,IPC,0.33426122924763574,96
ws_p0.1+randN,chunk_3,36,KR,0.7733352862789085,96
ws_p0.1+randN,chunk_3,36,MC,0.5054555855299475,96
ws_p0.1+randN,chunk_3,37,GR,0.7866905072312746,96
ws_p0.1+randN,chunk_3,37,IPC,0.3261708827638156,96
ws_p0.1+randN,chunk_3,37,KR,0.7952577184135659,96
ws_p0.1+randN,chunk_3,37,MC,0.5020359050928668,96
ws_p0.1+randN,chunk_3,38,GR,0.7629868994487029,96
ws_p0.1+randN,chunk_3,38,IPC,0.3388728469073079,96
ws_p0.1+randN,chunk_3,38,KR,0.7702801319749611,96
ws_p0.1+randN,chunk_3,38,MC,0.5102067280325205,96
ws_p0.1+randN,chunk_3,39,GR,0.7694343680306207,96
ws_p0.1+randN,chunk_3,39,IPC,0.3446739924739098,96
ws_p0.1+randN,chunk_3,39,KR,0.7875313415385465,96
ws_p0.1+randN,chunk_3,39,MC,0.5037372569826088,96
ws_p0.1+randN,chunk_4,40,GR,0.7646097743706091,96
ws_p0.1+randN,chunk_4,40,IPC,0.3408229313012397,96
ws_p0.1+randN,chunk_4,40,KR,0.7926999371020831,96
ws_p0.1+randN,chunk_4,40,MC,0.5245250975483754,96
ws_p0.1+randN,chunk_4,41,GR,0.7696553046468545,96
ws_p0.1+randN,chunk_4,41,IPC,0.31200733630480265,96
ws_p0.1+randN,chunk_4,41,KR,0.7924925436440537,96
ws_p0.1+randN,chunk_4,41,MC,0.48654207269044003,96
ws_p0.1+randN,chunk_4,42,GR,0.7575143371086103,96
ws_p0.1+randN,chunk_4,42,IPC,0.31203347725160085,96
ws_p0.1+randN,chunk_4,42,KR,0.7709097626625923,96
ws_p0.1+randN,chunk_4,42,MC,0.4711883868986128,96
ws_p0.1+randN,chunk_4,43,GR,0.797852677437605,96
ws_p0.1+randN,chunk_4,43,IPC,0.3461732107842925,96
ws_p0.1+randN,chunk_4,43,KR,0.7563699413764748,96
ws_p0.1+randN,chunk_4,43,MC,0.5003924998020224,96
ws_p0.1+randN,chunk_4,44,GR,0.777211019654544,96
ws_p0.1+randN,chunk_4,44,IPC,0.33007335354476974,96
ws_p0.1+randN,chunk_4,44,KR,0.792842350050639,96
ws_p0.1+randN,chunk_4,44,MC,0.4796186253631721,96
ws_p0.1+randN,chunk_4,45,GR,0.7730083624031537,96
ws_p0.1+randN,chunk_4,45,IPC,0.3131630038798803,96
ws_p0.1+randN,chunk_4,45,KR,0.7909844689703053,96
ws_p0.1+randN,chunk_4,45,MC,0.480257893446755,96
ws_p0.1+randN,chunk_4,46,GR,0.7647309059468262,96
ws_p0.1+randN,chunk_4,46,IPC,0.31861003144407496,96
ws_p0.1+randN,chunk_4,46,KR,0.7880163156183658,96
ws_p0.1+randN,chunk_4,46,MC,0.4680409593997459,96
ws_p0.1+randN,chunk_4,47,GR,0.7423154166750263,96
ws_p0.1+randN,chunk_4,47,IPC,0.3420511241948019,96
ws_p0.1+randN,chunk_4,47,KR,0.757617945784109,96
ws_p0.1+randN,chunk_4,47,MC,0.5115597532773247,96
ws_p0.1+randN,chunk_4,48,GR,0.7757479537611115,96
ws_p0.1+randN,chunk_4,48,IPC,0.31645032129270834,96
ws_p0.1+randN,chunk_4,48,KR,0.7681117513347986,96
ws_p0.1+randN,chunk_4,48,MC,0.4822282103619119,96
ws_p0.1+randN,chunk_4,49,GR,0.7662018007296081,96
ws_p0.1+randN,chunk_4,49,IPC,0.3341332022311778,96
ws_p0.1+randN,chunk_4,49,KR,0.7920459438286074,96
ws_p0.1+randN,chunk_4,49,MC,0.5058328640052,96
ws_p0.1+randN,chunk_5,50,GR,0.754341057296644,96
ws_p0.1+randN,chunk_5,50,IPC,0.3286721158312358,96
ws_p0.1+randN,chunk_5,50,KR,0.7736787635102125,96
ws_p0.1+randN,chunk_5,50,MC,0.48570767042306445,96
ws_p0.1+randN,chunk_5,51,GR,0.7809179504419476,96
ws_p0.1+randN,chunk_5,51,IPC,0.34890970345601835,96
ws_p0.1+randN,chunk_5,51,KR,0.755961899139202,96
ws_p0.1+randN,chunk_5,51,MC,0.4976631091696313,96
ws_p0.1+randN,chunk_5,52,GR,0.7849712768242593,96
ws_p0.1+randN,chunk_5,52,IPC,0.3290307304953063,96
ws_p0.1+randN,chunk_5,52,KR,0.7976293059301981,96
ws_p0.1+randN,chunk_5,52,MC,0.5075206298144218,96
ws_p0.1+randN,chunk_5,53,GR,0.7785392460487803,96
ws_p0.1+randN,chunk_5,53,IPC,0.32901200111634643,96
ws_p0.1+randN,chunk_5,53,KR,0.7833434804423527,96
ws_p0.1+randN,chunk_5,53,MC,0.48594835351621296,96
ws_p0.1+randN,chunk_5,54,GR,0.7641489130214711,96
ws_p0.1+randN,chunk_5,54,IPC,0.3277735320212875,96
ws_p0.1+randN,chunk_5,54,KR,0.7764919478927573,96
ws_p0.1+randN,chunk_5,54,MC,0.4661573031968307,96
ws_p0.1+randN,chunk_5,55,GR,0.7692029454937231,96
ws_p0.1+randN,chunk_5,55,IPC,0.314699278277121,96
ws_p0.1+randN,chunk_5,55,KR,0.7719820171309856,96
ws_p0.1+randN,chunk_5,55,MC,0.4705674872461479,96
ws_p0.1+randN,chunk_5,56,GR,0.7705384905540731,96
ws_p0.1+randN,chunk_5,56,IPC,0.3199281184270663,96
ws_p0.1+randN,chunk_5,56,KR,0.7706466055118102,96
ws_p0.1+randN,chunk_5,56,MC,0.5018282886285088,96
ws_p0.1+randN,chunk_5,57,GR,0.7580695922847632,96
ws_p0.1+randN,chunk_5,57,IPC,0.3451613162886498,96
ws_p0.1+randN,chunk_5,57,KR,0.7721314597638814,96
ws_p0.1+randN,chunk_5,57,MC,0.5042342863835116,96
ws_p0.1+randN,chunk_5,58,GR,0.7602054425682768,96
ws_p0.1+randN,chunk_5,58,IPC,0.3414356098569017,96
ws_p0.1+randN,chunk_5,58,KR,0.759422870825579,96
ws_p0.1+randN,chunk_5,58,MC,0.5215757663674033,96
ws_p0.1+randN,chunk_5,59,GR,0.7780699488370127,96
ws_p0.1+randN,chunk_5,59,IPC,0.33570936432833365,96
ws_p0.1+randN,chunk_5,59,KR,0.7733591228042968,96
ws_p0.1+randN,chunk_5,59,MC,0.5146083049668354,96
ws_p0.1+randN,chunk_6,60,GR,0.7603849980122219,96
ws_p0.1+randN,chunk_6,60,IPC,0.32167771879469276,96
ws_p0.1+randN,chunk_6,60,KR,0.7707316644264678,96
ws_p0.1+randN,chunk_6,60,MC,0.4761113044016796,96
ws_p0.1+randN,chunk_6,61,GR,0.7480911667402574,96
ws_p0.1+randN,chunk_6,61,IPC,0.3247518346517364,96
ws_p0.1+randN,chunk_6,61,KR,0.755517384791669,96
ws_p0.1+randN,chunk_6,61,MC,0.48748727851692963,96
ws_p0.1+randN,chunk_6,62,GR,0.7694394250402407,96
ws_p0.1+randN,chunk_6,62,IPC,0.3282404495608666,96
ws_p0.1+randN,chunk_6,62,KR,0.7819729515023214,96
ws_p0.1+randN,chunk_6,62,MC,0.47222247700614844,96
ws_p0.1+randN,chunk_6,63,GR,0.7877989741123481,96
ws_p0.1+randN,chunk_6,63,IPC,0.31268019748421944,96
ws_p0.1+randN,chunk_6,63,KR,0.783512208082234,96
ws_p0.1+randN,chunk_6,63,MC,0.49616310110747314,96
ws_p0.1+randN,chunk_6,64,GR,0.7948960128880022,96
ws_p0.1+randN,chunk_6,64,IPC,0.34092349956043017,96
ws_p0.1+randN,chunk_6,64,KR,0.7794880560162156,96
ws_p0.1+randN,chunk_6,64,MC,0.5155785790881487,96
ws_p0.1+randN,chunk_6,65,GR,0.7681205817672776,96
ws_p0.1+randN,chunk_6,65,IPC,0.340713732947652,96
ws_p0.1+randN,chunk_6,65,KR,0.7714371468125061,96
ws_p0.1+randN,chunk_6,65,MC,0.514160363064227,96
ws_p0.1+randN,chunk_6,66,GR,0.7540495346690623,96
ws_p0.1+randN,chunk_6,66,IPC,0.32652581059012764,96
ws_p0.1+randN,chunk_6,66,KR,0.7760946881218609,96
ws_p0.1+randN,chunk_6,66,MC,0.505156948322719,96
ws_p0.1+randN,chunk_6,67,GR,0.7630731945288204,96
ws_p0.1+randN,chunk_6,67,IPC,0.34624995566873323,96
ws_p0.1+randN,chunk_6,67,KR,0.7669536004274374,96
ws_p0.1+randN,chunk_6,67,MC,0.5067862463870648,96
ws_p0.1+randN,chunk_6,68,GR,0.7713671032032356,96
ws_p0.1+randN,chunk_6,68,IPC,0.3246009385745596,96
ws_p0.1+randN,chunk_6,68,KR,0.7982211282216367,96
ws_p0.1+randN,chunk_6,68,MC,0.4781457989974202,96
ws_p0.1+randN,chunk_6,69,GR,0.7465640655525799,96
ws_p0.1+randN,chunk_6,69,IPC,0.3171072576373615,96
ws_p0.1+randN,chunk_6,69,KR,0.7746250164243113,96
ws_p0.1+randN,chunk_6,69,MC,0.4773003200136851,96
ws_p0.1+randN,chunk_7,70,GR,0.7707556272712779,96
ws_p0.1+randN,chunk_7,70,IPC,0.36014582048132604,96
ws_p0.1+randN,chunk_7,70,KR,0.7816199166454889,96
ws_p0.1+randN,chunk_7,70,MC,0.537322233761884,96
ws_p0.1+randN,chunk_7,71,GR,0.7751243769125854,96
ws_p0.1+randN,chunk_7,71,IPC,0.32137408674784496,96
ws_p0.1+randN,chunk_7,71,KR,0.7898409960904885,96
ws_p0.1+randN,chunk_7,71,MC,0.5066356429609069,96
ws_p0.1+randN,chunk_7,72,GR,0.7895918878930771,96
ws_p0.1+randN,chunk_7,72,IPC,0.32281817138513463,96
ws_p0.1+randN,chunk_7,72,KR,0.7964381698388434,96
ws_p0.1+randN,chunk_7,72,MC,0.4791264258418738,96
ws_p0.1+randN,chunk_7,73,GR,0.7822257877180996,96
ws_p0.1+randN,chunk_7,73,IPC,0.31087155569141245,96
ws_p0.1+randN,chunk_7,73,KR,0.7829969179778056,96
ws_p0.1+randN,chunk_7,73,MC,0.48825393394831823,96
ws_p0.1+randN,chunk_7,74,GR,0.7470271231729001,96
ws_p0.1+randN,chunk_7,74,IPC,0.31412156695849947,96
ws_p0.1+randN,chunk_7,74,KR,0.7666553456616723,96
ws_p0.1+randN,chunk_7,74,MC,0.49365162734872825,96
ws_p0.1+randN,chunk_7,75,GR,0.7997201868309055,96
ws_p0.1+randN,chunk_7,75,IPC,0.3465809468299968,96
ws_p0.1+randN,chunk_7,75,KR,0.7825938175515549,96
ws_p0.1+randN,chunk_7,75,MC,0.49623884018762576,96
ws_p0.1+randN,chunk_7,76,GR,0.7981534307307524,96
ws_p0.1+randN,chunk_7,76,IPC,0.3088980588559232,96
ws_p0.1+randN,chunk_7,76,KR,0.7972743598750834,96
ws_p0.1+randN,chunk_7,76,MC,0.4641185749775793,96
ws_p0.1+randN,chunk_7,77,GR,0.7834999527065107,96
ws_p0.1+randN,chunk_7,77,IPC,0.3235118318267799,96
ws_p0.1+randN,chunk_7,77,KR,0.7800123136620877,96
ws_p0.1+randN,chunk_7,77,MC,0.49378102594532125,96
ws_p0.1+randN,chunk_7,78,GR,0.7647437281140493,96
ws_p0.1+randN,chunk_7,78,IPC,0.3346122061765632,96
ws_p0.1+randN,chunk_7,78,KR,0.7873833406828388,96
ws_p0.1+randN,chunk_7,78,MC,0.4981069575001518,96
ws_p0.1+randN,chunk_7,79,GR,0.7298563263740553,96
ws_p0.1+randN,chunk_7,79,IPC,0.3200402342923209,96
ws_p0.1+randN,chunk_7,79,KR,0.7514624307306221,96
ws_p0.1+randN,chunk_7,79,MC,0.4811332163661747,96
ws_p0.1+randN,chunk_8,80,GR,0.7478047313151771,96
ws_p0.1+randN,chunk_8,80,IPC,0.30906048059908947,96
ws_p0.1+randN,chunk_8,80,KR,0.7664367032219923,96
ws_p0.1+randN,chunk_8,80,MC,0.46401005920431265,96
ws_p0.1+randN,chunk_8,81,GR,0.8041571957679617,96
ws_p0.1+randN,chunk_8,81,IPC,0.34964655958548524,96
ws_p0.1+randN,chunk_8,81,KR,0.7805120664485392,96
ws_p0.1+randN,chunk_8,81,MC,0.49573362806662885,96
ws_p0.1+randN,chunk_8,82,GR,0.7619444977377978,96
ws_p0.1+randN,chunk_8,82,IPC,0.34614770557092794,96
ws_p0.1+randN,chunk_8,82,KR,0.7832861427077169,96
ws_p0.1+randN,chunk_8,82,MC,0.5163446162620772,96
ws_p0.1+randN,chunk_8,83,GR,0.7257735348616646,96
ws_p0.1+randN,chunk_8,83,IPC,0.3312382552494512,96
ws_p0.1+randN,chunk_8,83,KR,0.7569684836572924,96
ws_p0.1+randN,chunk_8,83,MC,0.5143169785282197,96
ws_p0.1+randN,chunk_8,84,GR,0.7783771021132943,96
ws_p0.1+randN,chunk_8,84,IPC,0.3225631460846522,96
ws_p0.1+randN,chunk_8,84,KR,0.783405298489868,96
ws_p0.1+randN,chunk_8,84,MC,0.46946817122269047,96
ws_p0.1+randN,chunk_8,85,GR,0.7538523539625027,96
ws_p0.1+randN,chunk_8,85,IPC,0.3225250837179387,96
ws_p0.1+randN,chunk_8,85,KR,0.7743796712300449,96
ws_p0.1+randN,chunk_8,85,MC,0.5030001147929377,96
ws_p0.1+randN,chunk_8,86,GR,0.7566401719494831,96
ws_p0.1+randN,chunk_8,86,IPC,0.3310225627730358,96
ws_p0.1+randN,chunk_8,86,KR,0.7741020462227305,96
ws_p0.1+randN,chunk_8,86,MC,0.4675856889762001,96
ws_p0.1+randN,chunk_8,87,GR,0.7304604099659636,96
ws_p0.1+randN,chunk_8,87,IPC,0.319915444605391,96
ws_p0.1+randN,chunk_8,87,KR,0.7492978801397678,96
ws_p0.1+randN,chunk_8,87,MC,0.4951909882561694,96
ws_p0.1+randN,chunk_8,88,GR,0.73654346431739,96
ws_p0.1+randN,chunk_8,88,IPC,0.3398318326006368,96
ws_p0.1+randN,chunk_8,88,KR,0.7510893633927884,96
ws_p0.1+randN,chunk_8,88,MC,0.5152497160716027,96
ws_p0.1+randN,chunk_8,89,GR,0.7425474967774224,96
ws_p0.1+randN,chunk_8,89,IPC,0.32520538905296226,96
ws_p0.1+randN,chunk_8,89,KR,0.7735891816212461,96
ws_p0.1+randN,chunk_8,89,MC,0.4798136648185183,96
ws_p0.1+randN,chunk_9,90,GR,0.7770823064521837,96
ws_p0.1+randN,chunk_9,90,IPC,0.3284041093626416,96
ws_p0.1+randN,chunk_9,90,KR,0.7683266188915403,96
ws_p0.1+randN,chunk_9,90,MC,0.47822332539422646,96
ws_p0.1+randN,chunk_9,91,GR,0.7954816747717157,96
ws_p0.1+randN,chunk_9,91,IPC,0.3260363874415405,96
ws_p0.1+randN,chunk_9,91,KR,0.7892283390905277,96
ws_p0.1+randN,chunk_9,91,MC,0.5019208984885881,96
ws_p0.1+randN,chunk_9,92,GR,0.8025634483128788,96
ws_p0.1+randN,chunk_9,92,IPC,0.30450863262486605,96
ws_p0.1+randN,chunk_9,92,KR,0.7922064686453931,96
ws_p0.1+randN,chunk_9,92,MC,0.4701013618414531,96
ws_p0.1+randN,chunk_9,93,GR,0.7779720559830973,96
ws_p0.1+randN,chunk_9,93,IPC,0.32058404773290056,96
ws_p0.1+randN,chunk_9,93,KR,0.7785748045935692,96
ws_p0.1+randN,chunk_9,93,MC,0.49163740809315626,96
ws_p0.1+randN,chunk_9,94,GR,0.7636741572063761,96
ws_p0.1+randN,chunk_9,94,IPC,0.3044589829773565,96
ws_p0.1+randN,chunk_9,94,KR,0.7876299378748765,96
ws_p0.1+randN,chunk_9,94,MC,0.4734741535014526,96
ws_p0.1+randN,chunk_9,95,GR,0.7760359902487836,96
ws_p0.1+randN,chunk_9,95,IPC,0.31794508675292743,96
ws_p0.1+randN,chunk_9,95,KR,0.7996055105721304,96
ws_p0.1+randN,chunk_9,95,MC,0.4875286976427116,96
ws_p0.1+randN,chunk_9,96,GR,0.7407431117964125,96
ws_p0.1+randN,chunk_9,96,IPC,0.3088633786624528,96
ws_p0.1+randN,chunk_9,96,KR,0.7673594174646913,96
ws_p0.1+randN,chunk_9,96,MC,0.48036474294099574,96
ws_p0.1+randN,chunk_9,97,GR,0.7503217818983847,96
ws_p0.1+randN,chunk_9,97,IPC,0.30602713536830867,96
ws_p0.1+randN,chunk_9,97,KR,0.7764988022278873,96
ws_p0.1+randN,chunk_9,97,MC,0.4816116030165123,96
ws_p0.1+randN,chunk_9,98,GR,0.7640345316720049,96
ws_p0.1+randN,chunk_9,98,IPC,0.336574261446157,96
ws_p0.1+randN,chunk_9,98,KR,0.775662509077553,96
ws_p0.1+randN,chunk_9,98,MC,0.50474374144813,96
ws_p0.1+randN,chunk_9,99,GR,0.8032468315045478,96
ws_p0.1+randN,chunk_9,99,IPC,0.3090250931064164,96
ws_p0.1+randN,chunk_9,99,KR,0.7849761459505169,96
ws_p0.1+randN,chunk_9,99,MC,0.48873235636560325,96
