mode,src,group_id,metric,mean,n_hparams
sign_test_og_cel0.0__norm_original_radius,new_cel_removed_chunk_0,0,GR,6.714556788404782,96
sign_test_og_cel0.0__norm_original_radius,new_cel_removed_chunk_0,0,IPC,8.185330100582087,96
sign_test_og_cel0.0__norm_original_radius,new_cel_removed_chunk_0,0,KR,4.0555077369014425,96
sign_test_og_cel0.0__norm_original_radius,new_cel_removed_chunk_0,0,MC,4.867204323410988,96
sign_test_og_cel0.0__norm_original_radius,new_cel_removed_chunk_0,0,cosine_similarity,0.6422552019357681,96
sign_test_og_cel0.0__norm_original_radius,new_cel_removed_chunk_0,0,kl_to_gaussian,1.1739684703756503,96
sign_test_og_cel0.0__norm_original_radius,new_cel_removed_chunk_0,0,wt_mean,0.00155711421393785,96
sign_test_og_cel0.0__norm_original_radius,new_cel_removed_chunk_0,1,GR,6.130723919719458,96
sign_test_og_cel0.0__norm_original_radius,new_cel_removed_chunk_0,1,IPC,7.994236396208119,96
sign_test_og_cel0.0__norm_original_radius,new_cel_removed_chunk_0,1,KR,3.665506884455681,96
sign_test_og_cel0.0__norm_original_radius,new_cel_removed_chunk_0,1,MC,4.326315384358168,96
sign_test_og_cel0.0__norm_original_radius,new_cel_removed_chunk_0,1,cosine_similarity,0.6422552019357681,96
sign_test_og_cel0.0__norm_original_radius,new_cel_removed_chunk_0,1,kl_to_gaussian,1.1739684703756503,96
sign_test_og_cel0.0__norm_original_radius,new_cel_removed_chunk_0,1,wt_mean,0.00155711421393785,96
sign_test_og_cel0.0__norm_original_radius,new_cel_removed_chunk_0,2,GR,6.123819661637147,96
sign_test_og_cel0.0__norm_original_radius,new_cel_removed_chunk_0,2,IPC,7.5591449836491025,96
sign_test_og_cel0.0__norm_original_radius,new_cel_removed_chunk_0,2,KR,3.5547234105567136,96
sign_test_og_cel0.0__norm_original_radius,new_cel_removed_chunk_0,2,MC,4.390823843578498,96
sign_test_og_cel0.0__norm_original_radius,new_cel_removed_chunk_0,2,cosine_similarity,0.6422552019357681,96
sign_test_og_cel0.0__norm_original_radius,new_cel_removed_chunk_0,2,kl_to_gaussian,1.1739684703756503,96
sign_test_og_cel0.0__norm_original_radius,new_cel_removed_chunk_0,2,wt_mean,0.00155711421393785,96
sign_test_og_cel0.0__norm_original_radius,new_cel_removed_chunk_0,3,GR,7.091219879686832,96
sign_test_og_cel0.0__norm_original_radius,new_cel_removed_chunk_0,3,IPC,8.137501592270704,96
sign_test_og_cel0.0__norm_original_radius,new_cel_removed_chunk_0,3,KR,4.133656517912944,96
sign_test_og_cel0.0__norm_original_radius,new_cel_removed_chunk_0,3,MC,4.8625217253963156,96
sign_test_og_cel0.0__norm_original_radius,new_cel_removed_chunk_0,3,cosine_similarity,0.6422552019357681,96
sign_test_og_cel0.0__norm_original_radius,new_cel_removed_chunk_0,3,kl_to_gaussian,1.1739684703756503,96
sign_test_og_cel0.0__norm_original_radius,new_cel_removed_chunk_0,3,wt_mean,0.00155711421393785,96
sign_test_og_cel0.0__norm_original_radius,new_cel_removed_chunk_0,4,GR,7.055086384216945,96
sign_test_og_cel0.0__norm_original_radius,new_cel_removed_chunk_0,4,IPC,7.937555339747576,96
sign_test_og_cel0.0__norm_original_radius,new_cel_removed_chunk_0,4,KR,4.158205057183902,96
sign_test_og_cel0.0__norm_original_radius,new_cel_removed_chunk_0,4,MC,4.3733644982179,96
sign_test_og_cel0.0__norm_original_radius,new_cel_removed_chunk_0,4,cosine_similarity,0.6422552019357681,96
sign_test_og_cel0.0__norm_original_radius,new_cel_removed_chunk_0,4,kl_to_gaussian,1.1739684703756503,96
sign_test_og_cel0.0__norm_original_radius,new_cel_removed_chunk_0,4,wt_mean,0.00155711421393785,96
sign_test_og_cel0.0__norm_original_radius,new_cel_removed_chunk_1,5,GR,5.709324701378743,96
sign_test_og_cel0.0__norm_original_radius,new_cel_removed_chunk_1,5,IPC,8.112710462958997,96
sign_test_og_cel0.0__norm_original_radius,new_cel_removed_chunk_1,5,KR,3.569505433241526,96
sign_test_og_cel0.0__norm_original_radius,new_cel_removed_chunk_1,5,MC,4.618191751341025,96
sign_test_og_cel0.0__norm_original_radius,new_cel_removed_chunk_1,5,cosine_similarity,0.6422552019357681,96
sign_test_og_cel0.0__norm_original_radius,new_cel_removed_chunk_1,5,kl_to_gaussian,1.1739684703756503,96
sign_test_og_cel0.0__norm_original_radius,new_cel_removed_chunk_1,5,wt_mean,0.00155711421393785,96
sign_test_og_cel0.0__norm_original_radius,new_cel_removed_chunk_1,6,GR,6.570901994903882,96
sign_test_og_cel0.0__norm_original_radius,new_cel_removed_chunk_1,6,IPC,7.892201648352194,96
sign_test_og_cel0.0__norm_original_radius,new_cel_removed_chunk_1,6,KR,3.980792049318552,96
sign_test_og_cel0.0__norm_original_radius,new_cel_removed_chunk_1,6,MC,4.498842877646287,96
sign_test_og_cel0.0__norm_original_radius,new_cel_removed_chunk_1,6,cosine_similarity,0.6422552019357681,96
sign_test_og_cel0.0__norm_original_radius,new_cel_removed_chunk_1,6,kl_to_gaussian,1.1739684703756503,96
sign_test_og_cel0.0__norm_original_radius,new_cel_removed_chunk_1,6,wt_mean,0.00155711421393785,96
sign_test_og_cel0.0__norm_original_radius,new_cel_removed_chunk_1,7,GR,6.633210904896259,96
sign_test_og_cel0.0__norm_original_radius,new_cel_removed_chunk_1,7,IPC,7.961583349229084,96
sign_test_og_cel0.0__norm_original_radius,new_cel_removed_chunk_1,7,KR,3.7966635475556054,96
sign_test_og_cel0.0__norm_original_radius,new_cel_removed_chunk_1,7,MC,4.513670209795237,96
sign_test_og_cel0.0__norm_original_radius,new_cel_removed_chunk_1,7,cosine_similarity,0.6422552019357681,96
sign_test_og_cel0.0__norm_original_radius,new_cel_removed_chunk_1,7,kl_to_gaussian,1.1739684703756503,96
sign_test_og_cel0.0__norm_original_radius,new_cel_removed_chunk_1,7,wt_mean,0.00155711421393785,96
sign_test_og_cel0.0__norm_original_radius,new_cel_removed_chunk_1,8,GR,6.12820462261637,96
sign_test_og_cel0.0__norm_original_radius,new_cel_removed_chunk_1,8,IPC,8.331255941454229,96
sign_test_og_cel0.0__norm_original_radius,new_cel_removed_chunk_1,8,KR,3.5779326086242995,96
sign_test_og_cel0.0__norm_original_radius,new_cel_removed_chunk_1,8,MC,4.276548470060031,96
sign_test_og_cel0.0__norm_original_radius,new_cel_removed_chunk_1,8,cosine_similarity,0.6422552019357681,96
sign_test_og_cel0.0__norm_original_radius,new_cel_removed_chunk_1,8,kl_to_gaussian,1.1739684703756503,96
sign_test_og_cel0.0__norm_original_radius,new_cel_removed_chunk_1,8,wt_mean,0.00155711421393785,96
sign_test_og_cel0.0__norm_original_radius,new_cel_removed_chunk_1,9,GR,6.910644950966041,96
sign_test_og_cel0.0__norm_original_radius,new_cel_removed_chunk_1,9,IPC,8.021556270678962,96
sign_test_og_cel0.0__norm_original_radius,new_cel_removed_chunk_1,9,KR,4.137936820586522,96
sign_test_og_cel0.0__norm_original_radius,new_cel_removed_chunk_1,9,MC,4.379473268985748,96
sign_test_og_cel0.0__norm_original_radius,new_cel_removed_chunk_1,9,cosine_similarity,0.6422552019357681,96
sign_test_og_cel0.0__norm_original_radius,new_cel_removed_chunk_1,9,kl_to_gaussian,1.1739684703756503,96
sign_test_og_cel0.0__norm_original_radius,new_cel_removed_chunk_1,9,wt_mean,0.00155711421393785,96
sign_test_og_cel0.0__norm_original_radius,new_cel_removed_chunk_10,50,GR,6.185956052194039,96
sign_test_og_cel0.0__norm_original_radius,new_cel_removed_chunk_10,50,IPC,8.21891188105066,96
sign_test_og_cel0.0__norm_original_radius,new_cel_removed_chunk_10,50,KR,3.862005315721035,96
sign_test_og_cel0.0__norm_original_radius,new_cel_removed_chunk_10,50,MC,4.738241225481033,96
sign_test_og_cel0.0__norm_original_radius,new_cel_removed_chunk_10,50,cosine_similarity,0.6422552019357681,96
sign_test_og_cel0.0__norm_original_radius,new_cel_removed_chunk_10,50,kl_to_gaussian,1.1739684703756503,96
sign_test_og_cel0.0__norm_original_radius,new_cel_removed_chunk_10,50,wt_mean,0.00155711421393785,96
sign_test_og_cel0.0__norm_original_radius,new_cel_removed_chunk_10,51,GR,5.956015521039565,96
sign_test_og_cel0.0__norm_original_radius,new_cel_removed_chunk_10,51,IPC,7.986837029292599,96
sign_test_og_cel0.0__norm_original_radius,new_cel_removed_chunk_10,51,KR,3.465444037069877,96
sign_test_og_cel0.0__norm_original_radius,new_cel_removed_chunk_10,51,MC,4.302508643517892,96
sign_test_og_cel0.0__norm_original_radius,new_cel_removed_chunk_10,51,cosine_similarity,0.6422552019357681,96
sign_test_og_cel0.0__norm_original_radius,new_cel_removed_chunk_10,51,kl_to_gaussian,1.1739684703756503,96
sign_test_og_cel0.0__norm_original_radius,new_cel_removed_chunk_10,51,wt_mean,0.00155711421393785,96
sign_test_og_cel0.0__norm_original_radius,new_cel_removed_chunk_10,52,GR,6.110955872883399,96
sign_test_og_cel0.0__norm_original_radius,new_cel_removed_chunk_10,52,IPC,8.238701969975777,96
sign_test_og_cel0.0__norm_original_radius,new_cel_removed_chunk_10,52,KR,3.6346727597216764,96
sign_test_og_cel0.0__norm_original_radius,new_cel_removed_chunk_10,52,MC,4.681888128320376,96
sign_test_og_cel0.0__norm_original_radius,new_cel_removed_chunk_10,52,cosine_similarity,0.6422552019357681,96
sign_test_og_cel0.0__norm_original_radius,new_cel_removed_chunk_10,52,kl_to_gaussian,1.1739684703756503,96
sign_test_og_cel0.0__norm_original_radius,new_cel_removed_chunk_10,52,wt_mean,0.00155711421393785,96
sign_test_og_cel0.0__norm_original_radius,new_cel_removed_chunk_10,53,GR,6.560599230229855,96
sign_test_og_cel0.0__norm_original_radius,new_cel_removed_chunk_10,53,IPC,7.914987760688728,96
sign_test_og_cel0.0__norm_original_radius,new_cel_removed_chunk_10,53,KR,3.9907870242993035,96
sign_test_og_cel0.0__norm_original_radius,new_cel_removed_chunk_10,53,MC,4.870600250860055,96
sign_test_og_cel0.0__norm_original_radius,new_cel_removed_chunk_10,53,cosine_similarity,0.6422552019357681,96
sign_test_og_cel0.0__norm_original_radius,new_cel_removed_chunk_10,53,kl_to_gaussian,1.1739684703756503,96
sign_test_og_cel0.0__norm_original_radius,new_cel_removed_chunk_10,53,wt_mean,0.00155711421393785,96
sign_test_og_cel0.0__norm_original_radius,new_cel_removed_chunk_10,54,GR,5.625489208847284,96
sign_test_og_cel0.0__norm_original_radius,new_cel_removed_chunk_10,54,IPC,7.85584863553506,96
sign_test_og_cel0.0__norm_original_radius,new_cel_removed_chunk_10,54,KR,3.4717594074706235,96
sign_test_og_cel0.0__norm_original_radius,new_cel_removed_chunk_10,54,MC,4.696169992287953,96
sign_test_og_cel0.0__norm_original_radius,new_cel_removed_chunk_10,54,cosine_similarity,0.6422552019357681,96
sign_test_og_cel0.0__norm_original_radius,new_cel_removed_chunk_10,54,kl_to_gaussian,1.1739684703756503,96
sign_test_og_cel0.0__norm_original_radius,new_cel_removed_chunk_10,54,wt_mean,0.00155711421393785,96
sign_test_og_cel0.0__norm_original_radius,new_cel_removed_chunk_11,55,GR,7.256869276364644,96
sign_test_og_cel0.0__norm_original_radius,new_cel_removed_chunk_11,55,IPC,8.140635061825847,96
sign_test_og_cel0.0__norm_original_radius,new_cel_removed_chunk_11,55,KR,4.319933943450451,96
sign_test_og_cel0.0__norm_original_radius,new_cel_removed_chunk_11,55,MC,4.663360595703125,96
sign_test_og_cel0.0__norm_original_radius,new_cel_removed_chunk_11,55,cosine_similarity,0.6422552019357681,96
sign_test_og_cel0.0__norm_original_radius,new_cel_removed_chunk_11,55,kl_to_gaussian,1.1739684703756503,96
sign_test_og_cel0.0__norm_original_radius,new_cel_removed_chunk_11,55,wt_mean,0.00155711421393785,96
sign_test_og_cel0.0__norm_original_radius,new_cel_removed_chunk_11,56,GR,5.978839535266161,96
sign_test_og_cel0.0__norm_original_radius,new_cel_removed_chunk_11,56,IPC,8.198814073553661,96
sign_test_og_cel0.0__norm_original_radius,new_cel_removed_chunk_11,56,KR,3.6725091971457005,96
sign_test_og_cel0.0__norm_original_radius,new_cel_removed_chunk_11,56,MC,4.677118765811126,96
sign_test_og_cel0.0__norm_original_radius,new_cel_removed_chunk_11,56,cosine_similarity,0.6422552019357681,96
sign_test_og_cel0.0__norm_original_radius,new_cel_removed_chunk_11,56,kl_to_gaussian,1.1739684703756503,96
sign_test_og_cel0.0__norm_original_radius,new_cel_removed_chunk_11,56,wt_mean,0.00155711421393785,96
sign_test_og_cel0.0__norm_original_radius,new_cel_removed_chunk_11,57,GR,6.3002112321555614,96
sign_test_og_cel0.0__norm_original_radius,new_cel_removed_chunk_11,57,IPC,7.997824416342511,96
sign_test_og_cel0.0__norm_original_radius,new_cel_removed_chunk_11,57,KR,3.734642037500938,96
sign_test_og_cel0.0__norm_original_radius,new_cel_removed_chunk_11,57,MC,4.401506664852302,96
sign_test_og_cel0.0__norm_original_radius,new_cel_removed_chunk_11,57,cosine_similarity,0.6422552019357681,96
sign_test_og_cel0.0__norm_original_radius,new_cel_removed_chunk_11,57,kl_to_gaussian,1.1739684703756503,96
sign_test_og_cel0.0__norm_original_radius,new_cel_removed_chunk_11,57,wt_mean,0.00155711421393785,96
sign_test_og_cel0.0__norm_original_radius,new_cel_removed_chunk_11,58,GR,8.294023364782333,96
sign_test_og_cel0.0__norm_original_radius,new_cel_removed_chunk_11,58,IPC,7.491133030311663,96
sign_test_og_cel0.0__norm_original_radius,new_cel_removed_chunk_11,58,KR,4.774938200910886,96
sign_test_og_cel0.0__norm_original_radius,new_cel_removed_chunk_11,58,MC,4.224802969644467,96
sign_test_og_cel0.0__norm_original_radius,new_cel_removed_chunk_11,58,cosine_similarity,0.6422552019357681,96
sign_test_og_cel0.0__norm_original_radius,new_cel_removed_chunk_11,58,kl_to_gaussian,1.1739684703756503,96
sign_test_og_cel0.0__norm_original_radius,new_cel_removed_chunk_11,58,wt_mean,0.00155711421393785,96
sign_test_og_cel0.0__norm_original_radius,new_cel_removed_chunk_11,59,GR,7.146363014976184,96
sign_test_og_cel0.0__norm_original_radius,new_cel_removed_chunk_11,59,IPC,7.529431872950816,96
sign_test_og_cel0.0__norm_original_radius,new_cel_removed_chunk_11,59,KR,4.39228084931771,96
sign_test_og_cel0.0__norm_original_radius,new_cel_removed_chunk_11,59,MC,4.242455754429102,96
sign_test_og_cel0.0__norm_original_radius,new_cel_removed_chunk_11,59,cosine_similarity,0.6422552019357681,96
sign_test_og_cel0.0__norm_original_radius,new_cel_removed_chunk_11,59,kl_to_gaussian,1.1739684703756503,96
sign_test_og_cel0.0__norm_original_radius,new_cel_removed_chunk_11,59,wt_mean,0.00155711421393785,96
sign_test_og_cel0.0__norm_original_radius,new_cel_removed_chunk_12,60,GR,6.818107962608337,96
sign_test_og_cel0.0__norm_original_radius,new_cel_removed_chunk_12,60,IPC,7.919077129555103,96
sign_test_og_cel0.0__norm_original_radius,new_cel_removed_chunk_12,60,KR,4.175034778813521,96
sign_test_og_cel0.0__norm_original_radius,new_cel_removed_chunk_12,60,MC,4.274553808073203,96
sign_test_og_cel0.0__norm_original_radius,new_cel_removed_chunk_12,60,cosine_similarity,0.6422552019357681,96
sign_test_og_cel0.0__norm_original_radius,new_cel_removed_chunk_12,60,kl_to_gaussian,1.1739684703756503,96
sign_test_og_cel0.0__norm_original_radius,new_cel_removed_chunk_12,60,wt_mean,0.00155711421393785,96
sign_test_og_cel0.0__norm_original_radius,new_cel_removed_chunk_12,61,GR,6.157653550306956,96
sign_test_og_cel0.0__norm_original_radius,new_cel_removed_chunk_12,61,IPC,7.921128920860088,96
sign_test_og_cel0.0__norm_original_radius,new_cel_removed_chunk_12,61,KR,3.6166670819123587,96
sign_test_og_cel0.0__norm_original_radius,new_cel_removed_chunk_12,61,MC,4.091345614443223,96
sign_test_og_cel0.0__norm_original_radius,new_cel_removed_chunk_12,61,cosine_similarity,0.6422552019357681,96
sign_test_og_cel0.0__norm_original_radius,new_cel_removed_chunk_12,61,kl_to_gaussian,1.1739684703756503,96
sign_test_og_cel0.0__norm_original_radius,new_cel_removed_chunk_12,61,wt_mean,0.00155711421393785,96
sign_test_og_cel0.0__norm_original_radius,new_cel_removed_chunk_12,62,GR,6.797609234849612,96
sign_test_og_cel0.0__norm_original_radius,new_cel_removed_chunk_12,62,IPC,7.977463434815509,96
sign_test_og_cel0.0__norm_original_radius,new_cel_removed_chunk_12,62,KR,4.132328239579995,96
sign_test_og_cel0.0__norm_original_radius,new_cel_removed_chunk_12,62,MC,4.428138496975104,96
sign_test_og_cel0.0__norm_original_radius,new_cel_removed_chunk_12,62,cosine_similarity,0.6422552019357681,96
sign_test_og_cel0.0__norm_original_radius,new_cel_removed_chunk_12,62,kl_to_gaussian,1.1739684703756503,96
sign_test_og_cel0.0__norm_original_radius,new_cel_removed_chunk_12,62,wt_mean,0.00155711421393785,96
sign_test_og_cel0.0__norm_original_radius,new_cel_removed_chunk_12,63,GR,6.278412704666455,96
sign_test_og_cel0.0__norm_original_radius,new_cel_removed_chunk_12,63,IPC,8.16896591606528,96
sign_test_og_cel0.0__norm_original_radius,new_cel_removed_chunk_12,63,KR,3.743003143618504,96
sign_test_og_cel0.0__norm_original_radius,new_cel_removed_chunk_12,63,MC,4.635731597741445,96
sign_test_og_cel0.0__norm_original_radius,new_cel_removed_chunk_12,63,cosine_similarity,0.6422552019357681,96
sign_test_og_cel0.0__norm_original_radius,new_cel_removed_chunk_12,63,kl_to_gaussian,1.1739684703756503,96
sign_test_og_cel0.0__norm_original_radius,new_cel_removed_chunk_12,63,wt_mean,0.00155711421393785,96
sign_test_og_cel0.0__norm_original_radius,new_cel_removed_chunk_12,64,GR,6.025639584908883,96
sign_test_og_cel0.0__norm_original_radius,new_cel_removed_chunk_12,64,IPC,8.080018381312422,96
sign_test_og_cel0.0__norm_original_radius,new_cel_removed_chunk_12,64,KR,3.5920852795243263,96
sign_test_og_cel0.0__norm_original_radius,new_cel_removed_chunk_12,64,MC,4.362021433810393,96
sign_test_og_cel0.0__norm_original_radius,new_cel_removed_chunk_12,64,cosine_similarity,0.6422552019357681,96
sign_test_og_cel0.0__norm_original_radius,new_cel_removed_chunk_12,64,kl_to_gaussian,1.1739684703756503,96
sign_test_og_cel0.0__norm_original_radius,new_cel_removed_chunk_12,64,wt_mean,0.00155711421393785,96
sign_test_og_cel0.0__norm_original_radius,new_cel_removed_chunk_13,65,GR,6.2351856790483,96
sign_test_og_cel0.0__norm_original_radius,new_cel_removed_chunk_13,65,IPC,7.652181173631264,96
sign_test_og_cel0.0__norm_original_radius,new_cel_removed_chunk_13,65,KR,3.74964697783192,96
sign_test_og_cel0.0__norm_original_radius,new_cel_removed_chunk_13,65,MC,4.127805008242528,96
sign_test_og_cel0.0__norm_original_radius,new_cel_removed_chunk_13,65,cosine_similarity,0.6422552019357681,96
sign_test_og_cel0.0__norm_original_radius,new_cel_removed_chunk_13,65,kl_to_gaussian,1.1739684703756503,96
sign_test_og_cel0.0__norm_original_radius,new_cel_removed_chunk_13,65,wt_mean,0.00155711421393785,96
sign_test_og_cel0.0__norm_original_radius,new_cel_removed_chunk_13,66,GR,5.317238553116719,96
sign_test_og_cel0.0__norm_original_radius,new_cel_removed_chunk_13,66,IPC,8.113351028753742,96
sign_test_og_cel0.0__norm_original_radius,new_cel_removed_chunk_13,66,KR,3.231415127714475,96
sign_test_og_cel0.0__norm_original_radius,new_cel_removed_chunk_13,66,MC,4.392883573969205,96
sign_test_og_cel0.0__norm_original_radius,new_cel_removed_chunk_13,66,cosine_similarity,0.6422552019357681,96
sign_test_og_cel0.0__norm_original_radius,new_cel_removed_chunk_13,66,kl_to_gaussian,1.1739684703756503,96
sign_test_og_cel0.0__norm_original_radius,new_cel_removed_chunk_13,66,wt_mean,0.00155711421393785,96
sign_test_og_cel0.0__norm_original_radius,new_cel_removed_chunk_13,67,GR,6.413300236066182,96
sign_test_og_cel0.0__norm_original_radius,new_cel_removed_chunk_13,67,IPC,8.164884493992348,96
sign_test_og_cel0.0__norm_original_radius,new_cel_removed_chunk_13,67,KR,3.89252782613039,96
sign_test_og_cel0.0__norm_original_radius,new_cel_removed_chunk_13,67,MC,4.790672292311986,96
sign_test_og_cel0.0__norm_original_radius,new_cel_removed_chunk_13,67,cosine_similarity,0.6422552019357681,96
sign_test_og_cel0.0__norm_original_radius,new_cel_removed_chunk_13,67,kl_to_gaussian,1.1739684703756503,96
sign_test_og_cel0.0__norm_original_radius,new_cel_removed_chunk_13,67,wt_mean,0.00155711421393785,96
sign_test_og_cel0.0__norm_original_radius,new_cel_removed_chunk_13,68,GR,7.41329188644886,96
sign_test_og_cel0.0__norm_original_radius,new_cel_removed_chunk_13,68,IPC,7.55696506757058,96
sign_test_og_cel0.0__norm_original_radius,new_cel_removed_chunk_13,68,KR,4.402186607321103,96
sign_test_og_cel0.0__norm_original_radius,new_cel_removed_chunk_13,68,MC,4.377259521434705,96
sign_test_og_cel0.0__norm_original_radius,new_cel_removed_chunk_13,68,cosine_similarity,0.6422552019357681,96
sign_test_og_cel0.0__norm_original_radius,new_cel_removed_chunk_13,68,kl_to_gaussian,1.1739684703756503,96
sign_test_og_cel0.0__norm_original_radius,new_cel_removed_chunk_13,68,wt_mean,0.00155711421393785,96
sign_test_og_cel0.0__norm_original_radius,new_cel_removed_chunk_13,69,GR,6.715438957015674,96
sign_test_og_cel0.0__norm_original_radius,new_cel_removed_chunk_13,69,IPC,7.5857724859012166,96
sign_test_og_cel0.0__norm_original_radius,new_cel_removed_chunk_13,69,KR,3.998325182745854,96
sign_test_og_cel0.0__norm_original_radius,new_cel_removed_chunk_13,69,MC,4.3636831901967525,96
sign_test_og_cel0.0__norm_original_radius,new_cel_removed_chunk_13,69,cosine_similarity,0.6422552019357681,96
sign_test_og_cel0.0__norm_original_radius,new_cel_removed_chunk_13,69,kl_to_gaussian,1.1739684703756503,96
sign_test_og_cel0.0__norm_original_radius,new_cel_removed_chunk_13,69,wt_mean,0.00155711421393785,96
sign_test_og_cel0.0__norm_original_radius,new_cel_removed_chunk_14,70,GR,5.654084220528603,96
sign_test_og_cel0.0__norm_original_radius,new_cel_removed_chunk_14,70,IPC,7.79355723877294,96
sign_test_og_cel0.0__norm_original_radius,new_cel_removed_chunk_14,70,KR,3.356741057087978,96
sign_test_og_cel0.0__norm_original_radius,new_cel_removed_chunk_14,70,MC,4.299235922594865,96
sign_test_og_cel0.0__norm_original_radius,new_cel_removed_chunk_14,70,cosine_similarity,0.6422552019357681,96
sign_test_og_cel0.0__norm_original_radius,new_cel_removed_chunk_14,70,kl_to_gaussian,1.1739684703756503,96
sign_test_og_cel0.0__norm_original_radius,new_cel_removed_chunk_14,70,wt_mean,0.00155711421393785,96
sign_test_og_cel0.0__norm_original_radius,new_cel_removed_chunk_14,71,GR,6.041349690407515,96
sign_test_og_cel0.0__norm_original_radius,new_cel_removed_chunk_14,71,IPC,7.758622749868079,96
sign_test_og_cel0.0__norm_original_radius,new_cel_removed_chunk_14,71,KR,3.767091818153858,96
sign_test_og_cel0.0__norm_original_radius,new_cel_removed_chunk_14,71,MC,4.3990870254735155,96
sign_test_og_cel0.0__norm_original_radius,new_cel_removed_chunk_14,71,cosine_similarity,0.6422552019357681,96
sign_test_og_cel0.0__norm_original_radius,new_cel_removed_chunk_14,71,kl_to_gaussian,1.1739684703756503,96
sign_test_og_cel0.0__norm_original_radius,new_cel_removed_chunk_14,71,wt_mean,0.00155711421393785,96
sign_test_og_cel0.0__norm_original_radius,new_cel_removed_chunk_14,72,GR,5.807977667699258,96
sign_test_og_cel0.0__norm_original_radius,new_cel_removed_chunk_14,72,IPC,7.9691248510667165,96
sign_test_og_cel0.0__norm_original_radius,new_cel_removed_chunk_14,72,KR,3.550252504646778,96
sign_test_og_cel0.0__norm_original_radius,new_cel_removed_chunk_14,72,MC,4.44925261537234,96
sign_test_og_cel0.0__norm_original_radius,new_cel_removed_chunk_14,72,cosine_similarity,0.6422552019357681,96
sign_test_og_cel0.0__norm_original_radius,new_cel_removed_chunk_14,72,kl_to_gaussian,1.1739684703756503,96
sign_test_og_cel0.0__norm_original_radius,new_cel_removed_chunk_14,72,wt_mean,0.00155711421393785,96
sign_test_og_cel0.0__norm_original_radius,new_cel_removed_chunk_14,73,GR,5.039694794764121,96
sign_test_og_cel0.0__norm_original_radius,new_cel_removed_chunk_14,73,IPC,8.925980054883215,96
sign_test_og_cel0.0__norm_original_radius,new_cel_removed_chunk_14,73,KR,3.1184537348647914,96
sign_test_og_cel0.0__norm_original_radius,new_cel_removed_chunk_14,73,MC,5.086695723235607,96
sign_test_og_cel0.0__norm_original_radius,new_cel_removed_chunk_14,73,cosine_similarity,0.6422552019357681,96
sign_test_og_cel0.0__norm_original_radius,new_cel_removed_chunk_14,73,kl_to_gaussian,1.1739684703756503,96
sign_test_og_cel0.0__norm_original_radius,new_cel_removed_chunk_14,73,wt_mean,0.00155711421393785,96
sign_test_og_cel0.0__norm_original_radius,new_cel_removed_chunk_14,74,GR,6.765564041833083,96
sign_test_og_cel0.0__norm_original_radius,new_cel_removed_chunk_14,74,IPC,7.587508572065488,96
sign_test_og_cel0.0__norm_original_radius,new_cel_removed_chunk_14,74,KR,4.062654032061498,96
sign_test_og_cel0.0__norm_original_radius,new_cel_removed_chunk_14,74,MC,4.405545398592949,96
sign_test_og_cel0.0__norm_original_radius,new_cel_removed_chunk_14,74,cosine_similarity,0.6422552019357681,96
sign_test_og_cel0.0__norm_original_radius,new_cel_removed_chunk_14,74,kl_to_gaussian,1.1739684703756503,96
sign_test_og_cel0.0__norm_original_radius,new_cel_removed_chunk_14,74,wt_mean,0.00155711421393785,96
sign_test_og_cel0.0__norm_original_radius,new_cel_removed_chunk_15,75,GR,6.664064666877191,96
sign_test_og_cel0.0__norm_original_radius,new_cel_removed_chunk_15,75,IPC,8.250324472497233,96
sign_test_og_cel0.0__norm_original_radius,new_cel_removed_chunk_15,75,KR,4.081132022043069,96
sign_test_og_cel0.0__norm_original_radius,new_cel_removed_chunk_15,75,MC,4.927714116871357,96
sign_test_og_cel0.0__norm_original_radius,new_cel_removed_chunk_15,75,cosine_similarity,0.6422552019357681,96
sign_test_og_cel0.0__norm_original_radius,new_cel_removed_chunk_15,75,kl_to_gaussian,1.1739684703756503,96
sign_test_og_cel0.0__norm_original_radius,new_cel_removed_chunk_15,75,wt_mean,0.00155711421393785,96
sign_test_og_cel0.0__norm_original_radius,new_cel_removed_chunk_15,76,GR,7.038014888763428,96
sign_test_og_cel0.0__norm_original_radius,new_cel_removed_chunk_15,76,IPC,8.184251777838439,96
sign_test_og_cel0.0__norm_original_radius,new_cel_removed_chunk_15,76,KR,4.2609283328056335,96
sign_test_og_cel0.0__norm_original_radius,new_cel_removed_chunk_15,76,MC,4.605046428740025,96
sign_test_og_cel0.0__norm_original_radius,new_cel_removed_chunk_15,76,cosine_similarity,0.6422552019357681,96
sign_test_og_cel0.0__norm_original_radius,new_cel_removed_chunk_15,76,kl_to_gaussian,1.1739684703756503,96
sign_test_og_cel0.0__norm_original_radius,new_cel_removed_chunk_15,76,wt_mean,0.00155711421393785,96
sign_test_og_cel0.0__norm_original_radius,new_cel_removed_chunk_15,77,GR,6.375260651111603,96
sign_test_og_cel0.0__norm_original_radius,new_cel_removed_chunk_15,77,IPC,7.715312813613125,96
sign_test_og_cel0.0__norm_original_radius,new_cel_removed_chunk_15,77,KR,3.891892892618974,96
sign_test_og_cel0.0__norm_original_radius,new_cel_removed_chunk_15,77,MC,4.354623667895794,96
sign_test_og_cel0.0__norm_original_radius,new_cel_removed_chunk_15,77,cosine_similarity,0.6422552019357681,96
sign_test_og_cel0.0__norm_original_radius,new_cel_removed_chunk_15,77,kl_to_gaussian,1.1739684703756503,96
sign_test_og_cel0.0__norm_original_radius,new_cel_removed_chunk_15,77,wt_mean,0.00155711421393785,96
sign_test_og_cel0.0__norm_original_radius,new_cel_removed_chunk_15,78,GR,6.5130071602761745,96
sign_test_og_cel0.0__norm_original_radius,new_cel_removed_chunk_15,78,IPC,8.330734704714407,96
sign_test_og_cel0.0__norm_original_radius,new_cel_removed_chunk_15,78,KR,3.74684019635121,96
sign_test_og_cel0.0__norm_original_radius,new_cel_removed_chunk_15,78,MC,4.452756172666947,96
sign_test_og_cel0.0__norm_original_radius,new_cel_removed_chunk_15,78,cosine_similarity,0.6422552019357681,96
sign_test_og_cel0.0__norm_original_radius,new_cel_removed_chunk_15,78,kl_to_gaussian,1.1739684703756503,96
sign_test_og_cel0.0__norm_original_radius,new_cel_removed_chunk_15,78,wt_mean,0.00155711421393785,96
sign_test_og_cel0.0__norm_original_radius,new_cel_removed_chunk_15,79,GR,6.984546177089214,96
sign_test_og_cel0.0__norm_original_radius,new_cel_removed_chunk_15,79,IPC,8.229795669008944,96
sign_test_og_cel0.0__norm_original_radius,new_cel_removed_chunk_15,79,KR,4.140937499701977,96
sign_test_og_cel0.0__norm_original_radius,new_cel_removed_chunk_15,79,MC,4.5883928164839745,96
sign_test_og_cel0.0__norm_original_radius,new_cel_removed_chunk_15,79,cosine_similarity,0.6422552019357681,96
sign_test_og_cel0.0__norm_original_radius,new_cel_removed_chunk_15,79,kl_to_gaussian,1.1739684703756503,96
sign_test_og_cel0.0__norm_original_radius,new_cel_removed_chunk_15,79,wt_mean,0.00155711421393785,96
sign_test_og_cel0.0__norm_original_radius,new_cel_removed_chunk_16,80,GR,6.212865338971217,96
sign_test_og_cel0.0__norm_original_radius,new_cel_removed_chunk_16,80,IPC,7.800196101250729,96
sign_test_og_cel0.0__norm_original_radius,new_cel_removed_chunk_16,80,KR,3.7740352042019367,96
sign_test_og_cel0.0__norm_original_radius,new_cel_removed_chunk_16,80,MC,4.781208957235019,96
sign_test_og_cel0.0__norm_original_radius,new_cel_removed_chunk_16,80,cosine_similarity,0.6422552019357681,96
sign_test_og_cel0.0__norm_original_radius,new_cel_removed_chunk_16,80,kl_to_gaussian,1.1739684703756503,96
sign_test_og_cel0.0__norm_original_radius,new_cel_removed_chunk_16,80,wt_mean,0.00155711421393785,96
sign_test_og_cel0.0__norm_original_radius,new_cel_removed_chunk_16,81,GR,7.4814832384387655,96
sign_test_og_cel0.0__norm_original_radius,new_cel_removed_chunk_16,81,IPC,7.252559465097856,96
sign_test_og_cel0.0__norm_original_radius,new_cel_removed_chunk_16,81,KR,4.449873181680839,96
sign_test_og_cel0.0__norm_original_radius,new_cel_removed_chunk_16,81,MC,4.330860745161772,96
sign_test_og_cel0.0__norm_original_radius,new_cel_removed_chunk_16,81,cosine_similarity,0.6422552019357681,96
sign_test_og_cel0.0__norm_original_radius,new_cel_removed_chunk_16,81,kl_to_gaussian,1.1739684703756503,96
sign_test_og_cel0.0__norm_original_radius,new_cel_removed_chunk_16,81,wt_mean,0.00155711421393785,96
sign_test_og_cel0.0__norm_original_radius,new_cel_removed_chunk_16,82,GR,5.510563777138789,96
sign_test_og_cel0.0__norm_original_radius,new_cel_removed_chunk_16,82,IPC,7.290043478117748,96
sign_test_og_cel0.0__norm_original_radius,new_cel_removed_chunk_16,82,KR,3.3831513623396554,96
sign_test_og_cel0.0__norm_original_radius,new_cel_removed_chunk_16,82,MC,4.109541535377502,96
sign_test_og_cel0.0__norm_original_radius,new_cel_removed_chunk_16,82,cosine_similarity,0.6422552019357681,96
sign_test_og_cel0.0__norm_original_radius,new_cel_removed_chunk_16,82,kl_to_gaussian,1.1739684703756503,96
sign_test_og_cel0.0__norm_original_radius,new_cel_removed_chunk_16,82,wt_mean,0.00155711421393785,96
sign_test_og_cel0.0__norm_original_radius,new_cel_removed_chunk_16,83,GR,5.753931220620871,96
sign_test_og_cel0.0__norm_original_radius,new_cel_removed_chunk_16,83,IPC,6.901618675352597,96
sign_test_og_cel0.0__norm_original_radius,new_cel_removed_chunk_16,83,KR,3.349109580119451,96
sign_test_og_cel0.0__norm_original_radius,new_cel_removed_chunk_16,83,MC,3.7936641511817775,96
sign_test_og_cel0.0__norm_original_radius,new_cel_removed_chunk_16,83,cosine_similarity,0.6422552019357681,96
sign_test_og_cel0.0__norm_original_radius,new_cel_removed_chunk_16,83,kl_to_gaussian,1.1739684703756503,96
sign_test_og_cel0.0__norm_original_radius,new_cel_removed_chunk_16,83,wt_mean,0.00155711421393785,96
sign_test_og_cel0.0__norm_original_radius,new_cel_removed_chunk_16,84,GR,6.331201645235221,96
sign_test_og_cel0.0__norm_original_radius,new_cel_removed_chunk_16,84,IPC,7.707191529271365,96
sign_test_og_cel0.0__norm_original_radius,new_cel_removed_chunk_16,84,KR,3.8640895845989385,96
sign_test_og_cel0.0__norm_original_radius,new_cel_removed_chunk_16,84,MC,4.750491790473461,96
sign_test_og_cel0.0__norm_original_radius,new_cel_removed_chunk_16,84,cosine_similarity,0.6422552019357681,96
sign_test_og_cel0.0__norm_original_radius,new_cel_removed_chunk_16,84,kl_to_gaussian,1.1739684703756503,96
sign_test_og_cel0.0__norm_original_radius,new_cel_removed_chunk_16,84,wt_mean,0.00155711421393785,96
sign_test_og_cel0.0__norm_original_radius,new_cel_removed_chunk_17,85,GR,6.031461959083875,96
sign_test_og_cel0.0__norm_original_radius,new_cel_removed_chunk_17,85,IPC,7.365724688727238,96
sign_test_og_cel0.0__norm_original_radius,new_cel_removed_chunk_17,85,KR,3.664978147794803,96
sign_test_og_cel0.0__norm_original_radius,new_cel_removed_chunk_17,85,MC,4.341802743573983,96
sign_test_og_cel0.0__norm_original_radius,new_cel_removed_chunk_17,85,cosine_similarity,0.6422552019357681,96
sign_test_og_cel0.0__norm_original_radius,new_cel_removed_chunk_17,85,kl_to_gaussian,1.1739684703756503,96
sign_test_og_cel0.0__norm_original_radius,new_cel_removed_chunk_17,85,wt_mean,0.00155711421393785,96
sign_test_og_cel0.0__norm_original_radius,new_cel_removed_chunk_17,86,GR,5.29654764632384,96
sign_test_og_cel0.0__norm_original_radius,new_cel_removed_chunk_17,86,IPC,7.451135682767409,96
sign_test_og_cel0.0__norm_original_radius,new_cel_removed_chunk_17,86,KR,3.253557812422514,96
sign_test_og_cel0.0__norm_original_radius,new_cel_removed_chunk_17,86,MC,4.5376443564891815,96
sign_test_og_cel0.0__norm_original_radius,new_cel_removed_chunk_17,86,cosine_similarity,0.6422552019357681,96
sign_test_og_cel0.0__norm_original_radius,new_cel_removed_chunk_17,86,kl_to_gaussian,1.1739684703756503,96
sign_test_og_cel0.0__norm_original_radius,new_cel_removed_chunk_17,86,wt_mean,0.00155711421393785,96
sign_test_og_cel0.0__norm_original_radius,new_cel_removed_chunk_17,87,GR,5.988364327698946,96
sign_test_og_cel0.0__norm_original_radius,new_cel_removed_chunk_17,87,IPC,7.381280278481178,96
sign_test_og_cel0.0__norm_original_radius,new_cel_removed_chunk_17,87,KR,3.679247515896956,96
sign_test_og_cel0.0__norm_original_radius,new_cel_removed_chunk_17,87,MC,4.384535615642865,96
sign_test_og_cel0.0__norm_original_radius,new_cel_removed_chunk_17,87,cosine_similarity,0.6422552019357681,96
sign_test_og_cel0.0__norm_original_radius,new_cel_removed_chunk_17,87,kl_to_gaussian,1.1739684703756503,96
sign_test_og_cel0.0__norm_original_radius,new_cel_removed_chunk_17,87,wt_mean,0.00155711421393785,96
sign_test_og_cel0.0__norm_original_radius,new_cel_removed_chunk_17,88,GR,6.990302388866742,96
sign_test_og_cel0.0__norm_original_radius,new_cel_removed_chunk_17,88,IPC,7.573247348568914,96
sign_test_og_cel0.0__norm_original_radius,new_cel_removed_chunk_17,88,KR,3.9414198622107506,96
sign_test_og_cel0.0__norm_original_radius,new_cel_removed_chunk_17,88,MC,4.3135497731467085,96
sign_test_og_cel0.0__norm_original_radius,new_cel_removed_chunk_17,88,cosine_similarity,0.6422552019357681,96
sign_test_og_cel0.0__norm_original_radius,new_cel_removed_chunk_17,88,kl_to_gaussian,1.1739684703756503,96
sign_test_og_cel0.0__norm_original_radius,new_cel_removed_chunk_17,88,wt_mean,0.00155711421393785,96
sign_test_og_cel0.0__norm_original_radius,new_cel_removed_chunk_17,89,GR,6.003577720373869,96
sign_test_og_cel0.0__norm_original_radius,new_cel_removed_chunk_17,89,IPC,7.64359109687942,96
sign_test_og_cel0.0__norm_original_radius,new_cel_removed_chunk_17,89,KR,3.6116273341079554,96
sign_test_og_cel0.0__norm_original_radius,new_cel_removed_chunk_17,89,MC,4.324205103019874,96
sign_test_og_cel0.0__norm_original_radius,new_cel_removed_chunk_17,89,cosine_similarity,0.6422552019357681,96
sign_test_og_cel0.0__norm_original_radius,new_cel_removed_chunk_17,89,kl_to_gaussian,1.1739684703756503,96
sign_test_og_cel0.0__norm_original_radius,new_cel_removed_chunk_17,89,wt_mean,0.00155711421393785,96
sign_test_og_cel0.0__norm_original_radius,new_cel_removed_chunk_18,90,GR,7.047794540723165,96
sign_test_og_cel0.0__norm_original_radius,new_cel_removed_chunk_18,90,IPC,7.784314602402827,96
sign_test_og_cel0.0__norm_original_radius,new_cel_removed_chunk_18,90,KR,4.047694083303213,96
sign_test_og_cel0.0__norm_original_radius,new_cel_removed_chunk_18,90,MC,4.371743383506934,96
sign_test_og_cel0.0__norm_original_radius,new_cel_removed_chunk_18,90,cosine_similarity,0.6422552019357681,96
sign_test_og_cel0.0__norm_original_radius,new_cel_removed_chunk_18,90,kl_to_gaussian,1.1739684703756503,96
sign_test_og_cel0.0__norm_original_radius,new_cel_removed_chunk_18,90,wt_mean,0.00155711421393785,96
sign_test_og_cel0.0__norm_original_radius,new_cel_removed_chunk_18,91,GR,6.351472711811463,96
sign_test_og_cel0.0__norm_original_radius,new_cel_removed_chunk_18,91,IPC,7.1725623412579935,96
sign_test_og_cel0.0__norm_original_radius,new_cel_removed_chunk_18,91,KR,3.7576424876848855,96
sign_test_og_cel0.0__norm_original_radius,new_cel_removed_chunk_18,91,MC,4.056643724441528,96
sign_test_og_cel0.0__norm_original_radius,new_cel_removed_chunk_18,91,cosine_similarity,0.6422552019357681,96
sign_test_og_cel0.0__norm_original_radius,new_cel_removed_chunk_18,91,kl_to_gaussian,1.1739684703756503,96
sign_test_og_cel0.0__norm_original_radius,new_cel_removed_chunk_18,91,wt_mean,0.00155711421393785,96
sign_test_og_cel0.0__norm_original_radius,new_cel_removed_chunk_18,92,GR,6.241377818087737,96
sign_test_og_cel0.0__norm_original_radius,new_cel_removed_chunk_18,92,IPC,7.529080052973348,96
sign_test_og_cel0.0__norm_original_radius,new_cel_removed_chunk_18,92,KR,3.8684602019687495,96
sign_test_og_cel0.0__norm_original_radius,new_cel_removed_chunk_18,92,MC,4.212007287889719,96
sign_test_og_cel0.0__norm_original_radius,new_cel_removed_chunk_18,92,cosine_similarity,0.6422552019357681,96
sign_test_og_cel0.0__norm_original_radius,new_cel_removed_chunk_18,92,kl_to_gaussian,1.1739684703756503,96
sign_test_og_cel0.0__norm_original_radius,new_cel_removed_chunk_18,92,wt_mean,0.00155711421393785,96
sign_test_og_cel0.0__norm_original_radius,new_cel_removed_chunk_18,93,GR,6.593819850434859,96
sign_test_og_cel0.0__norm_original_radius,new_cel_removed_chunk_18,93,IPC,7.93091942748477,96
sign_test_og_cel0.0__norm_original_radius,new_cel_removed_chunk_18,93,KR,4.007225822657347,96
sign_test_og_cel0.0__norm_original_radius,new_cel_removed_chunk_18,93,MC,4.782054694990317,96
sign_test_og_cel0.0__norm_original_radius,new_cel_removed_chunk_18,93,cosine_similarity,0.6422552019357681,96
sign_test_og_cel0.0__norm_original_radius,new_cel_removed_chunk_18,93,kl_to_gaussian,1.1739684703756503,96
sign_test_og_cel0.0__norm_original_radius,new_cel_removed_chunk_18,93,wt_mean,0.00155711421393785,96
sign_test_og_cel0.0__norm_original_radius,new_cel_removed_chunk_18,94,GR,6.344443125029405,96
sign_test_og_cel0.0__norm_original_radius,new_cel_removed_chunk_18,94,IPC,7.298212822893152,96
sign_test_og_cel0.0__norm_original_radius,new_cel_removed_chunk_18,94,KR,3.88222818945845,96
sign_test_og_cel0.0__norm_original_radius,new_cel_removed_chunk_18,94,MC,4.285701180497806,96
sign_test_og_cel0.0__norm_original_radius,new_cel_removed_chunk_18,94,cosine_similarity,0.6422552019357681,96
sign_test_og_cel0.0__norm_original_radius,new_cel_removed_chunk_18,94,kl_to_gaussian,1.1739684703756503,96
sign_test_og_cel0.0__norm_original_radius,new_cel_removed_chunk_18,94,wt_mean,0.00155711421393785,96
sign_test_og_cel0.0__norm_original_radius,new_cel_removed_chunk_19,95,GR,6.058616552501917,96
sign_test_og_cel0.0__norm_original_radius,new_cel_removed_chunk_19,95,IPC,7.342596444691477,96
sign_test_og_cel0.0__norm_original_radius,new_cel_removed_chunk_19,95,KR,3.5538367703557014,96
sign_test_og_cel0.0__norm_original_radius,new_cel_removed_chunk_19,95,MC,4.145752360423406,96
sign_test_og_cel0.0__norm_original_radius,new_cel_removed_chunk_19,95,cosine_similarity,0.6422552019357681,96
sign_test_og_cel0.0__norm_original_radius,new_cel_removed_chunk_19,95,kl_to_gaussian,1.1739684703756503,96
sign_test_og_cel0.0__norm_original_radius,new_cel_removed_chunk_19,95,wt_mean,0.00155711421393785,96
sign_test_og_cel0.0__norm_original_radius,new_cel_removed_chunk_19,96,GR,6.061878954370816,96
sign_test_og_cel0.0__norm_original_radius,new_cel_removed_chunk_19,96,IPC,7.36398103123054,96
sign_test_og_cel0.0__norm_original_radius,new_cel_removed_chunk_19,96,KR,3.5026189386844635,96
sign_test_og_cel0.0__norm_original_radius,new_cel_removed_chunk_19,96,MC,4.140879511833191,96
sign_test_og_cel0.0__norm_original_radius,new_cel_removed_chunk_19,96,cosine_similarity,0.6422552019357681,96
sign_test_og_cel0.0__norm_original_radius,new_cel_removed_chunk_19,96,kl_to_gaussian,1.1739684703756503,96
sign_test_og_cel0.0__norm_original_radius,new_cel_removed_chunk_19,96,wt_mean,0.00155711421393785,96
sign_test_og_cel0.0__norm_original_radius,new_cel_removed_chunk_19,97,GR,6.522676209608714,96
sign_test_og_cel0.0__norm_original_radius,new_cel_removed_chunk_19,97,IPC,7.890956248335725,96
sign_test_og_cel0.0__norm_original_radius,new_cel_removed_chunk_19,97,KR,3.9389244529108205,96
sign_test_og_cel0.0__norm_original_radius,new_cel_removed_chunk_19,97,MC,4.400502018630505,96
sign_test_og_cel0.0__norm_original_radius,new_cel_removed_chunk_19,97,cosine_similarity,0.6422552019357681,96
sign_test_og_cel0.0__norm_original_radius,new_cel_removed_chunk_19,97,kl_to_gaussian,1.1739684703756503,96
sign_test_og_cel0.0__norm_original_radius,new_cel_removed_chunk_19,97,wt_mean,0.00155711421393785,96
sign_test_og_cel0.0__norm_original_radius,new_cel_removed_chunk_19,98,GR,6.055325860778491,96
sign_test_og_cel0.0__norm_original_radius,new_cel_removed_chunk_19,98,IPC,7.480416629836807,96
sign_test_og_cel0.0__norm_original_radius,new_cel_removed_chunk_19,98,KR,3.600057080388069,96
sign_test_og_cel0.0__norm_original_radius,new_cel_removed_chunk_19,98,MC,4.168091211467981,96
sign_test_og_cel0.0__norm_original_radius,new_cel_removed_chunk_19,98,cosine_similarity,0.6422552019357681,96
sign_test_og_cel0.0__norm_original_radius,new_cel_removed_chunk_19,98,kl_to_gaussian,1.1739684703756503,96
sign_test_og_cel0.0__norm_original_radius,new_cel_removed_chunk_19,98,wt_mean,0.00155711421393785,96
sign_test_og_cel0.0__norm_original_radius,new_cel_removed_chunk_19,99,GR,5.948763598998387,96
sign_test_og_cel0.0__norm_original_radius,new_cel_removed_chunk_19,99,IPC,7.790969087055509,96
sign_test_og_cel0.0__norm_original_radius,new_cel_removed_chunk_19,99,KR,3.7902402294178805,96
sign_test_og_cel0.0__norm_original_radius,new_cel_removed_chunk_19,99,MC,4.58455669383208,96
sign_test_og_cel0.0__norm_original_radius,new_cel_removed_chunk_19,99,cosine_similarity,0.6422552019357681,96
sign_test_og_cel0.0__norm_original_radius,new_cel_removed_chunk_19,99,kl_to_gaussian,1.1739684703756503,96
sign_test_og_cel0.0__norm_original_radius,new_cel_removed_chunk_19,99,wt_mean,0.00155711421393785,96
sign_test_og_cel0.0__norm_original_radius,new_cel_removed_chunk_2,10,GR,7.099356606602669,96
sign_test_og_cel0.0__norm_original_radius,new_cel_removed_chunk_2,10,IPC,7.411674698042088,96
sign_test_og_cel0.0__norm_original_radius,new_cel_removed_chunk_2,10,KR,4.258399265507857,96
sign_test_og_cel0.0__norm_original_radius,new_cel_removed_chunk_2,10,MC,4.347160456081231,96
sign_test_og_cel0.0__norm_original_radius,new_cel_removed_chunk_2,10,cosine_similarity,0.6422552019357681,96
sign_test_og_cel0.0__norm_original_radius,new_cel_removed_chunk_2,10,kl_to_gaussian,1.1739684703756503,96
sign_test_og_cel0.0__norm_original_radius,new_cel_removed_chunk_2,10,wt_mean,0.00155711421393785,96
sign_test_og_cel0.0__norm_original_radius,new_cel_removed_chunk_2,11,GR,5.606527559459209,96
sign_test_og_cel0.0__norm_original_radius,new_cel_removed_chunk_2,11,IPC,8.317939749327275,96
sign_test_og_cel0.0__norm_original_radius,new_cel_removed_chunk_2,11,KR,3.415998806556066,96
sign_test_og_cel0.0__norm_original_radius,new_cel_removed_chunk_2,11,MC,4.6200888479749365,96
sign_test_og_cel0.0__norm_original_radius,new_cel_removed_chunk_2,11,cosine_similarity,0.6422552019357681,96
sign_test_og_cel0.0__norm_original_radius,new_cel_removed_chunk_2,11,kl_to_gaussian,1.1739684703756503,96
sign_test_og_cel0.0__norm_original_radius,new_cel_removed_chunk_2,11,wt_mean,0.00155711421393785,96
sign_test_og_cel0.0__norm_original_radius,new_cel_removed_chunk_2,12,GR,6.616246156394482,96
sign_test_og_cel0.0__norm_original_radius,new_cel_removed_chunk_2,12,IPC,7.974357843615478,96
sign_test_og_cel0.0__norm_original_radius,new_cel_removed_chunk_2,12,KR,3.8131572579344115,96
sign_test_og_cel0.0__norm_original_radius,new_cel_removed_chunk_2,12,MC,4.295280077805121,96
sign_test_og_cel0.0__norm_original_radius,new_cel_removed_chunk_2,12,cosine_similarity,0.6422552019357681,96
sign_test_og_cel0.0__norm_original_radius,new_cel_removed_chunk_2,12,kl_to_gaussian,1.1739684703756503,96
sign_test_og_cel0.0__norm_original_radius,new_cel_removed_chunk_2,12,wt_mean,0.00155711421393785,96
sign_test_og_cel0.0__norm_original_radius,new_cel_removed_chunk_2,13,GR,5.932334346075852,96
sign_test_og_cel0.0__norm_original_radius,new_cel_removed_chunk_2,13,IPC,8.469926206153044,96
sign_test_og_cel0.0__norm_original_radius,new_cel_removed_chunk_2,13,KR,3.571552341183027,96
sign_test_og_cel0.0__norm_original_radius,new_cel_removed_chunk_2,13,MC,4.9512821063399315,96
sign_test_og_cel0.0__norm_original_radius,new_cel_removed_chunk_2,13,cosine_similarity,0.6422552019357681,96
sign_test_og_cel0.0__norm_original_radius,new_cel_removed_chunk_2,13,kl_to_gaussian,1.1739684703756503,96
sign_test_og_cel0.0__norm_original_radius,new_cel_removed_chunk_2,13,wt_mean,0.00155711421393785,96
sign_test_og_cel0.0__norm_original_radius,new_cel_removed_chunk_2,14,GR,5.088834670682748,96
sign_test_og_cel0.0__norm_original_radius,new_cel_removed_chunk_2,14,IPC,7.6374988538603885,96
sign_test_og_cel0.0__norm_original_radius,new_cel_removed_chunk_2,14,KR,3.0387555050353208,96
sign_test_og_cel0.0__norm_original_radius,new_cel_removed_chunk_2,14,MC,4.000580921769142,96
sign_test_og_cel0.0__norm_original_radius,new_cel_removed_chunk_2,14,cosine_similarity,0.6422552019357681,96
sign_test_og_cel0.0__norm_original_radius,new_cel_removed_chunk_2,14,kl_to_gaussian,1.1739684703756503,96
sign_test_og_cel0.0__norm_original_radius,new_cel_removed_chunk_2,14,wt_mean,0.00155711421393785,96
sign_test_og_cel0.0__norm_original_radius,new_cel_removed_chunk_3,15,GR,6.070569304128488,96
sign_test_og_cel0.0__norm_original_radius,new_cel_removed_chunk_3,15,IPC,8.278697496121056,96
sign_test_og_cel0.0__norm_original_radius,new_cel_removed_chunk_3,15,KR,3.6138616564373174,96
sign_test_og_cel0.0__norm_original_radius,new_cel_removed_chunk_3,15,MC,4.643933959305286,96
sign_test_og_cel0.0__norm_original_radius,new_cel_removed_chunk_3,15,cosine_similarity,0.6422552019357681,96
sign_test_og_cel0.0__norm_original_radius,new_cel_removed_chunk_3,15,kl_to_gaussian,1.1739684703756503,96
sign_test_og_cel0.0__norm_original_radius,new_cel_removed_chunk_3,15,wt_mean,0.00155711421393785,96
sign_test_og_cel0.0__norm_original_radius,new_cel_removed_chunk_3,16,GR,8.217673669258753,96
sign_test_og_cel0.0__norm_original_radius,new_cel_removed_chunk_3,16,IPC,7.760943068254544,96
sign_test_og_cel0.0__norm_original_radius,new_cel_removed_chunk_3,16,KR,4.743314263721307,96
sign_test_og_cel0.0__norm_original_radius,new_cel_removed_chunk_3,16,MC,4.613932517667611,96
sign_test_og_cel0.0__norm_original_radius,new_cel_removed_chunk_3,16,cosine_similarity,0.6422552019357681,96
sign_test_og_cel0.0__norm_original_radius,new_cel_removed_chunk_3,16,kl_to_gaussian,1.1739684703756503,96
sign_test_og_cel0.0__norm_original_radius,new_cel_removed_chunk_3,16,wt_mean,0.00155711421393785,96
sign_test_og_cel0.0__norm_original_radius,new_cel_removed_chunk_3,17,GR,5.6497878432273865,96
sign_test_og_cel0.0__norm_original_radius,new_cel_removed_chunk_3,17,IPC,7.613462009064048,96
sign_test_og_cel0.0__norm_original_radius,new_cel_removed_chunk_3,17,KR,3.4889883336921534,96
sign_test_og_cel0.0__norm_original_radius,new_cel_removed_chunk_3,17,MC,4.435037985444069,96
sign_test_og_cel0.0__norm_original_radius,new_cel_removed_chunk_3,17,cosine_similarity,0.6422552019357681,96
sign_test_og_cel0.0__norm_original_radius,new_cel_removed_chunk_3,17,kl_to_gaussian,1.1739684703756503,96
sign_test_og_cel0.0__norm_original_radius,new_cel_removed_chunk_3,17,wt_mean,0.00155711421393785,96
sign_test_og_cel0.0__norm_original_radius,new_cel_removed_chunk_3,18,GR,7.419335789978504,96
sign_test_og_cel0.0__norm_original_radius,new_cel_removed_chunk_3,18,IPC,7.973610466714914,96
sign_test_og_cel0.0__norm_original_radius,new_cel_removed_chunk_3,18,KR,4.254249876985948,96
sign_test_og_cel0.0__norm_original_radius,new_cel_removed_chunk_3,18,MC,4.439341108004252,96
sign_test_og_cel0.0__norm_original_radius,new_cel_removed_chunk_3,18,cosine_similarity,0.6422552019357681,96
sign_test_og_cel0.0__norm_original_radius,new_cel_removed_chunk_3,18,kl_to_gaussian,1.1739684703756503,96
sign_test_og_cel0.0__norm_original_radius,new_cel_removed_chunk_3,18,wt_mean,0.00155711421393785,96
sign_test_og_cel0.0__norm_original_radius,new_cel_removed_chunk_3,19,GR,6.210866411526998,96
sign_test_og_cel0.0__norm_original_radius,new_cel_removed_chunk_3,19,IPC,8.079311105240208,96
sign_test_og_cel0.0__norm_original_radius,new_cel_removed_chunk_3,19,KR,3.657812005529801,96
sign_test_og_cel0.0__norm_original_radius,new_cel_removed_chunk_3,19,MC,4.538970033327739,96
sign_test_og_cel0.0__norm_original_radius,new_cel_removed_chunk_3,19,cosine_similarity,0.6422552019357681,96
sign_test_og_cel0.0__norm_original_radius,new_cel_removed_chunk_3,19,kl_to_gaussian,1.1739684703756503,96
sign_test_og_cel0.0__norm_original_radius,new_cel_removed_chunk_3,19,wt_mean,0.00155711421393785,96
sign_test_og_cel0.0__norm_original_radius,new_cel_removed_chunk_4,20,GR,7.343890331685543,96
sign_test_og_cel0.0__norm_original_radius,new_cel_removed_chunk_4,20,IPC,8.083831076753318,96
sign_test_og_cel0.0__norm_original_radius,new_cel_removed_chunk_4,20,KR,4.3517256155610085,96
sign_test_og_cel0.0__norm_original_radius,new_cel_removed_chunk_4,20,MC,4.528168849647045,96
sign_test_og_cel0.0__norm_original_radius,new_cel_removed_chunk_4,20,cosine_similarity,0.6422552019357681,96
sign_test_og_cel0.0__norm_original_radius,new_cel_removed_chunk_4,20,kl_to_gaussian,1.1739684703756503,96
sign_test_og_cel0.0__norm_original_radius,new_cel_removed_chunk_4,20,wt_mean,0.00155711421393785,96
sign_test_og_cel0.0__norm_original_radius,new_cel_removed_chunk_4,21,GR,6.216491987307866,96
sign_test_og_cel0.0__norm_original_radius,new_cel_removed_chunk_4,21,IPC,8.132144619128752,96
sign_test_og_cel0.0__norm_original_radius,new_cel_removed_chunk_4,21,KR,3.7379566555221877,96
sign_test_og_cel0.0__norm_original_radius,new_cel_removed_chunk_4,21,MC,4.485206797719002,96
sign_test_og_cel0.0__norm_original_radius,new_cel_removed_chunk_4,21,cosine_similarity,0.6422552019357681,96
sign_test_og_cel0.0__norm_original_radius,new_cel_removed_chunk_4,21,kl_to_gaussian,1.1739684703756503,96
sign_test_og_cel0.0__norm_original_radius,new_cel_removed_chunk_4,21,wt_mean,0.00155711421393785,96
sign_test_og_cel0.0__norm_original_radius,new_cel_removed_chunk_4,22,GR,6.500816151499748,96
sign_test_og_cel0.0__norm_original_radius,new_cel_removed_chunk_4,22,IPC,8.082794857273232,96
sign_test_og_cel0.0__norm_original_radius,new_cel_removed_chunk_4,22,KR,3.840085664143165,96
sign_test_og_cel0.0__norm_original_radius,new_cel_removed_chunk_4,22,MC,4.3466532304883,96
sign_test_og_cel0.0__norm_original_radius,new_cel_removed_chunk_4,22,cosine_similarity,0.6422552019357681,96
sign_test_og_cel0.0__norm_original_radius,new_cel_removed_chunk_4,22,kl_to_gaussian,1.1739684703756503,96
sign_test_og_cel0.0__norm_original_radius,new_cel_removed_chunk_4,22,wt_mean,0.00155711421393785,96
sign_test_og_cel0.0__norm_original_radius,new_cel_removed_chunk_4,23,GR,6.813929595053196,96
sign_test_og_cel0.0__norm_original_radius,new_cel_removed_chunk_4,23,IPC,8.909389463843507,96
sign_test_og_cel0.0__norm_original_radius,new_cel_removed_chunk_4,23,KR,4.09739251807332,96
sign_test_og_cel0.0__norm_original_radius,new_cel_removed_chunk_4,23,MC,5.144436491032441,96
sign_test_og_cel0.0__norm_original_radius,new_cel_removed_chunk_4,23,cosine_similarity,0.6422552019357681,96
sign_test_og_cel0.0__norm_original_radius,new_cel_removed_chunk_4,23,kl_to_gaussian,1.1739684703756503,96
sign_test_og_cel0.0__norm_original_radius,new_cel_removed_chunk_4,23,wt_mean,0.00155711421393785,96
sign_test_og_cel0.0__norm_original_radius,new_cel_removed_chunk_4,24,GR,5.451344759513934,96
sign_test_og_cel0.0__norm_original_radius,new_cel_removed_chunk_4,24,IPC,7.890374717838444,96
sign_test_og_cel0.0__norm_original_radius,new_cel_removed_chunk_4,24,KR,3.314542224009832,96
sign_test_og_cel0.0__norm_original_radius,new_cel_removed_chunk_4,24,MC,4.437488369643688,96
sign_test_og_cel0.0__norm_original_radius,new_cel_removed_chunk_4,24,cosine_similarity,0.6422552019357681,96
sign_test_og_cel0.0__norm_original_radius,new_cel_removed_chunk_4,24,kl_to_gaussian,1.1739684703756503,96
sign_test_og_cel0.0__norm_original_radius,new_cel_removed_chunk_4,24,wt_mean,0.00155711421393785,96
sign_test_og_cel0.0__norm_original_radius,new_cel_removed_chunk_5,25,GR,5.876942647000154,96
sign_test_og_cel0.0__norm_original_radius,new_cel_removed_chunk_5,25,IPC,8.21258317281928,96
sign_test_og_cel0.0__norm_original_radius,new_cel_removed_chunk_5,25,KR,3.586636914561192,96
sign_test_og_cel0.0__norm_original_radius,new_cel_removed_chunk_5,25,MC,4.412973756591479,96
sign_test_og_cel0.0__norm_original_radius,new_cel_removed_chunk_5,25,cosine_similarity,0.6422552019357681,96
sign_test_og_cel0.0__norm_original_radius,new_cel_removed_chunk_5,25,kl_to_gaussian,1.1739684703756503,96
sign_test_og_cel0.0__norm_original_radius,new_cel_removed_chunk_5,25,wt_mean,0.00155711421393785,96
sign_test_og_cel0.0__norm_original_radius,new_cel_removed_chunk_5,26,GR,6.968652154008548,96
sign_test_og_cel0.0__norm_original_radius,new_cel_removed_chunk_5,26,IPC,8.1647559357726,96
sign_test_og_cel0.0__norm_original_radius,new_cel_removed_chunk_5,26,KR,4.296443487207095,96
sign_test_og_cel0.0__norm_original_radius,new_cel_removed_chunk_5,26,MC,4.917744134863217,96
sign_test_og_cel0.0__norm_original_radius,new_cel_removed_chunk_5,26,cosine_similarity,0.6422552019357681,96
sign_test_og_cel0.0__norm_original_radius,new_cel_removed_chunk_5,26,kl_to_gaussian,1.1739684703756503,96
sign_test_og_cel0.0__norm_original_radius,new_cel_removed_chunk_5,26,wt_mean,0.00155711421393785,96
sign_test_og_cel0.0__norm_original_radius,new_cel_removed_chunk_5,27,GR,7.080289880434672,96
sign_test_og_cel0.0__norm_original_radius,new_cel_removed_chunk_5,27,IPC,7.586574267562635,96
sign_test_og_cel0.0__norm_original_radius,new_cel_removed_chunk_5,27,KR,4.006757126500209,96
sign_test_og_cel0.0__norm_original_radius,new_cel_removed_chunk_5,27,MC,4.1685397811234,96
sign_test_og_cel0.0__norm_original_radius,new_cel_removed_chunk_5,27,cosine_similarity,0.6422552019357681,96
sign_test_og_cel0.0__norm_original_radius,new_cel_removed_chunk_5,27,kl_to_gaussian,1.1739684703756503,96
sign_test_og_cel0.0__norm_original_radius,new_cel_removed_chunk_5,27,wt_mean,0.00155711421393785,96
sign_test_og_cel0.0__norm_original_radius,new_cel_removed_chunk_5,28,GR,7.649108608563741,96
sign_test_og_cel0.0__norm_original_radius,new_cel_removed_chunk_5,28,IPC,7.920666996154327,96
sign_test_og_cel0.0__norm_original_radius,new_cel_removed_chunk_5,28,KR,4.511491859952609,96
sign_test_og_cel0.0__norm_original_radius,new_cel_removed_chunk_5,28,MC,4.508043825626373,96
sign_test_og_cel0.0__norm_original_radius,new_cel_removed_chunk_5,28,cosine_similarity,0.6422552019357681,96
sign_test_og_cel0.0__norm_original_radius,new_cel_removed_chunk_5,28,kl_to_gaussian,1.1739684703756503,96
sign_test_og_cel0.0__norm_original_radius,new_cel_removed_chunk_5,28,wt_mean,0.00155711421393785,96
sign_test_og_cel0.0__norm_original_radius,new_cel_removed_chunk_5,29,GR,5.6992257585128145,96
sign_test_og_cel0.0__norm_original_radius,new_cel_removed_chunk_5,29,IPC,8.712754138192723,96
sign_test_og_cel0.0__norm_original_radius,new_cel_removed_chunk_5,29,KR,3.3409877382218838,96
sign_test_og_cel0.0__norm_original_radius,new_cel_removed_chunk_5,29,MC,4.371887885034084,96
sign_test_og_cel0.0__norm_original_radius,new_cel_removed_chunk_5,29,cosine_similarity,0.6422552019357681,96
sign_test_og_cel0.0__norm_original_radius,new_cel_removed_chunk_5,29,kl_to_gaussian,1.1739684703756503,96
sign_test_og_cel0.0__norm_original_radius,new_cel_removed_chunk_5,29,wt_mean,0.00155711421393785,96
sign_test_og_cel0.0__norm_original_radius,new_cel_removed_chunk_6,30,GR,5.100383888930082,96
sign_test_og_cel0.0__norm_original_radius,new_cel_removed_chunk_6,30,IPC,7.753920802017915,96
sign_test_og_cel0.0__norm_original_radius,new_cel_removed_chunk_6,30,KR,3.0716013622780642,96
sign_test_og_cel0.0__norm_original_radius,new_cel_removed_chunk_6,30,MC,4.1080309723814326,96
sign_test_og_cel0.0__norm_original_radius,new_cel_removed_chunk_6,30,cosine_similarity,0.6422552019357681,96
sign_test_og_cel0.0__norm_original_radius,new_cel_removed_chunk_6,30,kl_to_gaussian,1.1739684703756503,96
sign_test_og_cel0.0__norm_original_radius,new_cel_removed_chunk_6,30,wt_mean,0.00155711421393785,96
sign_test_og_cel0.0__norm_original_radius,new_cel_removed_chunk_6,31,GR,7.01200494915247,96
sign_test_og_cel0.0__norm_original_radius,new_cel_removed_chunk_6,31,IPC,8.155689874235712,96
sign_test_og_cel0.0__norm_original_radius,new_cel_removed_chunk_6,31,KR,4.261784814298153,96
sign_test_og_cel0.0__norm_original_radius,new_cel_removed_chunk_6,31,MC,5.047293039659659,96
sign_test_og_cel0.0__norm_original_radius,new_cel_removed_chunk_6,31,cosine_similarity,0.6422552019357681,96
sign_test_og_cel0.0__norm_original_radius,new_cel_removed_chunk_6,31,kl_to_gaussian,1.1739684703756503,96
sign_test_og_cel0.0__norm_original_radius,new_cel_removed_chunk_6,31,wt_mean,0.00155711421393785,96
sign_test_og_cel0.0__norm_original_radius,new_cel_removed_chunk_6,32,GR,6.865111471464236,96
sign_test_og_cel0.0__norm_original_radius,new_cel_removed_chunk_6,32,IPC,7.902763530211576,96
sign_test_og_cel0.0__norm_original_radius,new_cel_removed_chunk_6,32,KR,4.274565537770589,96
sign_test_og_cel0.0__norm_original_radius,new_cel_removed_chunk_6,32,MC,4.735617388039827,96
sign_test_og_cel0.0__norm_original_radius,new_cel_removed_chunk_6,32,cosine_similarity,0.6422552019357681,96
sign_test_og_cel0.0__norm_original_radius,new_cel_removed_chunk_6,32,kl_to_gaussian,1.1739684703756503,96
sign_test_og_cel0.0__norm_original_radius,new_cel_removed_chunk_6,32,wt_mean,0.00155711421393785,96
sign_test_og_cel0.0__norm_original_radius,new_cel_removed_chunk_6,33,GR,7.230004737774531,96
sign_test_og_cel0.0__norm_original_radius,new_cel_removed_chunk_6,33,IPC,8.367278069348222,96
sign_test_og_cel0.0__norm_original_radius,new_cel_removed_chunk_6,33,KR,4.363700069487095,96
sign_test_og_cel0.0__norm_original_radius,new_cel_removed_chunk_6,33,MC,4.847234730919202,96
sign_test_og_cel0.0__norm_original_radius,new_cel_removed_chunk_6,33,cosine_similarity,0.6422552019357681,96
sign_test_og_cel0.0__norm_original_radius,new_cel_removed_chunk_6,33,kl_to_gaussian,1.1739684703756503,96
sign_test_og_cel0.0__norm_original_radius,new_cel_removed_chunk_6,33,wt_mean,0.00155711421393785,96
sign_test_og_cel0.0__norm_original_radius,new_cel_removed_chunk_6,34,GR,5.617864307016134,96
sign_test_og_cel0.0__norm_original_radius,new_cel_removed_chunk_6,34,IPC,8.093699416682421,96
sign_test_og_cel0.0__norm_original_radius,new_cel_removed_chunk_6,34,KR,3.392823576927185,96
sign_test_og_cel0.0__norm_original_radius,new_cel_removed_chunk_6,34,MC,4.3973091170191765,96
sign_test_og_cel0.0__norm_original_radius,new_cel_removed_chunk_6,34,cosine_similarity,0.6422552019357681,96
sign_test_og_cel0.0__norm_original_radius,new_cel_removed_chunk_6,34,kl_to_gaussian,1.1739684703756503,96
sign_test_og_cel0.0__norm_original_radius,new_cel_removed_chunk_6,34,wt_mean,0.00155711421393785,96
sign_test_og_cel0.0__norm_original_radius,new_cel_removed_chunk_7,35,GR,7.307185555497806,96
sign_test_og_cel0.0__norm_original_radius,new_cel_removed_chunk_7,35,IPC,7.1843172258258585,96
sign_test_og_cel0.0__norm_original_radius,new_cel_removed_chunk_7,35,KR,4.402994046608607,96
sign_test_og_cel0.0__norm_original_radius,new_cel_removed_chunk_7,35,MC,4.262049561987321,96
sign_test_og_cel0.0__norm_original_radius,new_cel_removed_chunk_7,35,cosine_similarity,0.6422552019357681,96
sign_test_og_cel0.0__norm_original_radius,new_cel_removed_chunk_7,35,kl_to_gaussian,1.1739684703756503,96
sign_test_og_cel0.0__norm_original_radius,new_cel_removed_chunk_7,35,wt_mean,0.00155711421393785,96
sign_test_og_cel0.0__norm_original_radius,new_cel_removed_chunk_7,36,GR,6.094359036535025,96
sign_test_og_cel0.0__norm_original_radius,new_cel_removed_chunk_7,36,IPC,7.635578535120238,96
sign_test_og_cel0.0__norm_original_radius,new_cel_removed_chunk_7,36,KR,3.66390822827816,96
sign_test_og_cel0.0__norm_original_radius,new_cel_removed_chunk_7,36,MC,4.57135425011317,96
sign_test_og_cel0.0__norm_original_radius,new_cel_removed_chunk_7,36,cosine_similarity,0.6422552019357681,96
sign_test_og_cel0.0__norm_original_radius,new_cel_removed_chunk_7,36,kl_to_gaussian,1.1739684703756503,96
sign_test_og_cel0.0__norm_original_radius,new_cel_removed_chunk_7,36,wt_mean,0.00155711421393785,96
sign_test_og_cel0.0__norm_original_radius,new_cel_removed_chunk_7,37,GR,5.571031666050355,96
sign_test_og_cel0.0__norm_original_radius,new_cel_removed_chunk_7,37,IPC,8.619899198519489,96
sign_test_og_cel0.0__norm_original_radius,new_cel_removed_chunk_7,37,KR,3.3485002319018045,96
sign_test_og_cel0.0__norm_original_radius,new_cel_removed_chunk_7,37,MC,4.543203483025233,96
sign_test_og_cel0.0__norm_original_radius,new_cel_removed_chunk_7,37,cosine_similarity,0.6422552019357681,96
sign_test_og_cel0.0__norm_original_radius,new_cel_removed_chunk_7,37,kl_to_gaussian,1.1739684703756503,96
sign_test_og_cel0.0__norm_original_radius,new_cel_removed_chunk_7,37,wt_mean,0.00155711421393785,96
sign_test_og_cel0.0__norm_original_radius,new_cel_removed_chunk_7,38,GR,5.833296785751979,96
sign_test_og_cel0.0__norm_original_radius,new_cel_removed_chunk_7,38,IPC,7.852804912343051,96
sign_test_og_cel0.0__norm_original_radius,new_cel_removed_chunk_7,38,KR,3.6310845675567784,96
sign_test_og_cel0.0__norm_original_radius,new_cel_removed_chunk_7,38,MC,4.51229212184747,96
sign_test_og_cel0.0__norm_original_radius,new_cel_removed_chunk_7,38,cosine_similarity,0.6422552019357681,96
sign_test_og_cel0.0__norm_original_radius,new_cel_removed_chunk_7,38,kl_to_gaussian,1.1739684703756503,96
sign_test_og_cel0.0__norm_original_radius,new_cel_removed_chunk_7,38,wt_mean,0.00155711421393785,96
sign_test_og_cel0.0__norm_original_radius,new_cel_removed_chunk_7,39,GR,6.840870551764965,96
sign_test_og_cel0.0__norm_original_radius,new_cel_removed_chunk_7,39,IPC,7.61004567812461,96
sign_test_og_cel0.0__norm_original_radius,new_cel_removed_chunk_7,39,KR,4.10514938334624,96
sign_test_og_cel0.0__norm_original_radius,new_cel_removed_chunk_7,39,MC,4.5845854704578715,96
sign_test_og_cel0.0__norm_original_radius,new_cel_removed_chunk_7,39,cosine_similarity,0.6422552019357681,96
sign_test_og_cel0.0__norm_original_radius,new_cel_removed_chunk_7,39,kl_to_gaussian,1.1739684703756503,96
sign_test_og_cel0.0__norm_original_radius,new_cel_removed_chunk_7,39,wt_mean,0.00155711421393785,96
sign_test_og_cel0.0__norm_original_radius,new_cel_removed_chunk_8,40,GR,6.605816466112931,96
sign_test_og_cel0.0__norm_original_radius,new_cel_removed_chunk_8,40,IPC,7.312614625751553,96
sign_test_og_cel0.0__norm_original_radius,new_cel_removed_chunk_8,40,KR,3.9054489955306053,96
sign_test_og_cel0.0__norm_original_radius,new_cel_removed_chunk_8,40,MC,4.11302774399519,96
sign_test_og_cel0.0__norm_original_radius,new_cel_removed_chunk_8,40,cosine_similarity,0.6422552019357681,96
sign_test_og_cel0.0__norm_original_radius,new_cel_removed_chunk_8,40,kl_to_gaussian,1.1739684703756503,96
sign_test_og_cel0.0__norm_original_radius,new_cel_removed_chunk_8,40,wt_mean,0.00155711421393785,96
sign_test_og_cel0.0__norm_original_radius,new_cel_removed_chunk_8,41,GR,7.163535363972187,96
sign_test_og_cel0.0__norm_original_radius,new_cel_removed_chunk_8,41,IPC,8.31728490790713,96
sign_test_og_cel0.0__norm_original_radius,new_cel_removed_chunk_8,41,KR,4.254791217545669,96
sign_test_og_cel0.0__norm_original_radius,new_cel_removed_chunk_8,41,MC,4.631639927625656,96
sign_test_og_cel0.0__norm_original_radius,new_cel_removed_chunk_8,41,cosine_similarity,0.6422552019357681,96
sign_test_og_cel0.0__norm_original_radius,new_cel_removed_chunk_8,41,kl_to_gaussian,1.1739684703756503,96
sign_test_og_cel0.0__norm_original_radius,new_cel_removed_chunk_8,41,wt_mean,0.00155711421393785,96
sign_test_og_cel0.0__norm_original_radius,new_cel_removed_chunk_8,42,GR,6.670749905208747,96
sign_test_og_cel0.0__norm_original_radius,new_cel_removed_chunk_8,42,IPC,8.484530748099141,96
sign_test_og_cel0.0__norm_original_radius,new_cel_removed_chunk_8,42,KR,4.060375937571128,96
sign_test_og_cel0.0__norm_original_radius,new_cel_removed_chunk_8,42,MC,4.754994856814544,96
sign_test_og_cel0.0__norm_original_radius,new_cel_removed_chunk_8,42,cosine_similarity,0.6422552019357681,96
sign_test_og_cel0.0__norm_original_radius,new_cel_removed_chunk_8,42,kl_to_gaussian,1.1739684703756503,96
sign_test_og_cel0.0__norm_original_radius,new_cel_removed_chunk_8,42,wt_mean,0.00155711421393785,96
sign_test_og_cel0.0__norm_original_radius,new_cel_removed_chunk_8,43,GR,7.058533454934756,96
sign_test_og_cel0.0__norm_original_radius,new_cel_removed_chunk_8,43,IPC,7.977273955093007,96
sign_test_og_cel0.0__norm_original_radius,new_cel_removed_chunk_8,43,KR,4.108784265816212,96
sign_test_og_cel0.0__norm_original_radius,new_cel_removed_chunk_8,43,MC,4.4567980244755745,96
sign_test_og_cel0.0__norm_original_radius,new_cel_removed_chunk_8,43,cosine_similarity,0.6422552019357681,96
sign_test_og_cel0.0__norm_original_radius,new_cel_removed_chunk_8,43,kl_to_gaussian,1.1739684703756503,96
sign_test_og_cel0.0__norm_original_radius,new_cel_removed_chunk_8,43,wt_mean,0.00155711421393785,96
sign_test_og_cel0.0__norm_original_radius,new_cel_removed_chunk_8,44,GR,6.137185474236806,96
sign_test_og_cel0.0__norm_original_radius,new_cel_removed_chunk_8,44,IPC,8.048090001526417,96
sign_test_og_cel0.0__norm_original_radius,new_cel_removed_chunk_8,44,KR,3.6840604494015374,96
sign_test_og_cel0.0__norm_original_radius,new_cel_removed_chunk_8,44,MC,4.315879374742508,96
sign_test_og_cel0.0__norm_original_radius,new_cel_removed_chunk_8,44,cosine_similarity,0.6422552019357681,96
sign_test_og_cel0.0__norm_original_radius,new_cel_removed_chunk_8,44,kl_to_gaussian,1.1739684703756503,96
sign_test_og_cel0.0__norm_original_radius,new_cel_removed_chunk_8,44,wt_mean,0.00155711421393785,96
sign_test_og_cel0.0__norm_original_radius,new_cel_removed_chunk_9,45,GR,6.594153019289176,96
sign_test_og_cel0.0__norm_original_radius,new_cel_removed_chunk_9,45,IPC,7.964182190449631,96
sign_test_og_cel0.0__norm_original_radius,new_cel_removed_chunk_9,45,KR,3.9264680333435535,96
sign_test_og_cel0.0__norm_original_radius,new_cel_removed_chunk_9,45,MC,4.563563493390878,96
sign_test_og_cel0.0__norm_original_radius,new_cel_removed_chunk_9,45,cosine_similarity,0.6422552019357681,96
sign_test_og_cel0.0__norm_original_radius,new_cel_removed_chunk_9,45,kl_to_gaussian,1.1739684703756503,96
sign_test_og_cel0.0__norm_original_radius,new_cel_removed_chunk_9,45,wt_mean,0.00155711421393785,96
sign_test_og_cel0.0__norm_original_radius,new_cel_removed_chunk_9,46,GR,5.954763397574425,96
sign_test_og_cel0.0__norm_original_radius,new_cel_removed_chunk_9,46,IPC,7.561342206674483,96
sign_test_og_cel0.0__norm_original_radius,new_cel_removed_chunk_9,46,KR,3.530139031509558,96
sign_test_og_cel0.0__norm_original_radius,new_cel_removed_chunk_9,46,MC,4.272046064337094,96
sign_test_og_cel0.0__norm_original_radius,new_cel_removed_chunk_9,46,cosine_similarity,0.6422552019357681,96
sign_test_og_cel0.0__norm_original_radius,new_cel_removed_chunk_9,46,kl_to_gaussian,1.1739684703756503,96
sign_test_og_cel0.0__norm_original_radius,new_cel_removed_chunk_9,46,wt_mean,0.00155711421393785,96
sign_test_og_cel0.0__norm_original_radius,new_cel_removed_chunk_9,47,GR,6.672588873654604,96
sign_test_og_cel0.0__norm_original_radius,new_cel_removed_chunk_9,47,IPC,7.831479104081519,96
sign_test_og_cel0.0__norm_original_radius,new_cel_removed_chunk_9,47,KR,4.061866479615371,96
sign_test_og_cel0.0__norm_original_radius,new_cel_removed_chunk_9,47,MC,4.699822583546241,96
sign_test_og_cel0.0__norm_original_radius,new_cel_removed_chunk_9,47,cosine_similarity,0.6422552019357681,96
sign_test_og_cel0.0__norm_original_radius,new_cel_removed_chunk_9,47,kl_to_gaussian,1.1739684703756503,96
sign_test_og_cel0.0__norm_original_radius,new_cel_removed_chunk_9,47,wt_mean,0.00155711421393785,96
sign_test_og_cel0.0__norm_original_radius,new_cel_removed_chunk_9,48,GR,6.599990551670392,96
sign_test_og_cel0.0__norm_original_radius,new_cel_removed_chunk_9,48,IPC,8.49876304960096,96
sign_test_og_cel0.0__norm_original_radius,new_cel_removed_chunk_9,48,KR,4.063940859089295,96
sign_test_og_cel0.0__norm_original_radius,new_cel_removed_chunk_9,48,MC,4.732577266792457,96
sign_test_og_cel0.0__norm_original_radius,new_cel_removed_chunk_9,48,cosine_similarity,0.6422552019357681,96
sign_test_og_cel0.0__norm_original_radius,new_cel_removed_chunk_9,48,kl_to_gaussian,1.1739684703756503,96
sign_test_og_cel0.0__norm_original_radius,new_cel_removed_chunk_9,48,wt_mean,0.00155711421393785,96
sign_test_og_cel0.0__norm_original_radius,new_cel_removed_chunk_9,49,GR,6.870694729189078,96
sign_test_og_cel0.0__norm_original_radius,new_cel_removed_chunk_9,49,IPC,8.132806774323692,96
sign_test_og_cel0.0__norm_original_radius,new_cel_removed_chunk_9,49,KR,4.212061843524377,96
sign_test_og_cel0.0__norm_original_radius,new_cel_removed_chunk_9,49,MC,4.605183980117242,96
sign_test_og_cel0.0__norm_original_radius,new_cel_removed_chunk_9,49,cosine_similarity,0.6422552019357681,96
sign_test_og_cel0.0__norm_original_radius,new_cel_removed_chunk_9,49,kl_to_gaussian,1.1739684703756503,96
sign_test_og_cel0.0__norm_original_radius,new_cel_removed_chunk_9,49,wt_mean,0.00155711421393785,96
sign_test_og_cel0.0__norm_spectral_radius,new_cel_removed_chunk_0,0,GR,6.019692042221625,96
sign_test_og_cel0.0__norm_spectral_radius,new_cel_removed_chunk_0,0,IPC,8.130095556629234,96
sign_test_og_cel0.0__norm_spectral_radius,new_cel_removed_chunk_0,0,KR,3.702121675014496,96
sign_test_og_cel0.0__norm_spectral_radius,new_cel_removed_chunk_0,0,MC,4.830892490843932,96
sign_test_og_cel0.0__norm_spectral_radius,new_cel_removed_chunk_0,0,cosine_similarity,0.6422551870346069,96
sign_test_og_cel0.0__norm_spectral_radius,new_cel_removed_chunk_0,0,kl_to_gaussian,1.1739684932026504,96
sign_test_og_cel0.0__norm_spectral_radius,new_cel_removed_chunk_0,0,wt_mean,0.0014324374205898,96
sign_test_og_cel0.0__norm_spectral_radius,new_cel_removed_chunk_0,1,GR,5.572164914260308,96
sign_test_og_cel0.0__norm_spectral_radius,new_cel_removed_chunk_0,1,IPC,7.817681767858546,96
sign_test_og_cel0.0__norm_spectral_radius,new_cel_removed_chunk_0,1,KR,3.392627610514561,96
sign_test_og_cel0.0__norm_spectral_radius,new_cel_removed_chunk_0,1,MC,4.267681283255418,96
sign_test_og_cel0.0__norm_spectral_radius,new_cel_removed_chunk_0,1,cosine_similarity,0.6422551870346069,96
sign_test_og_cel0.0__norm_spectral_radius,new_cel_removed_chunk_0,1,kl_to_gaussian,1.1739684932026504,96
sign_test_og_cel0.0__norm_spectral_radius,new_cel_removed_chunk_0,1,wt_mean,0.0014324374205898,96
sign_test_og_cel0.0__norm_spectral_radius,new_cel_removed_chunk_0,2,GR,5.5090940569837885,96
sign_test_og_cel0.0__norm_spectral_radius,new_cel_removed_chunk_0,2,IPC,7.35213592033044,96
sign_test_og_cel0.0__norm_spectral_radius,new_cel_removed_chunk_0,2,KR,3.2686822401980558,96
sign_test_og_cel0.0__norm_spectral_radius,new_cel_removed_chunk_0,2,MC,4.266031517336766,96
sign_test_og_cel0.0__norm_spectral_radius,new_cel_removed_chunk_0,2,cosine_similarity,0.6422551870346069,96
sign_test_og_cel0.0__norm_spectral_radius,new_cel_removed_chunk_0,2,kl_to_gaussian,1.1739684932026504,96
sign_test_og_cel0.0__norm_spectral_radius,new_cel_removed_chunk_0,2,wt_mean,0.0014324374205898,96
sign_test_og_cel0.0__norm_spectral_radius,new_cel_removed_chunk_0,3,GR,6.365069527179003,96
sign_test_og_cel0.0__norm_spectral_radius,new_cel_removed_chunk_0,3,IPC,8.018263834562681,96
sign_test_og_cel0.0__norm_spectral_radius,new_cel_removed_chunk_0,3,KR,3.772129354377588,96
sign_test_og_cel0.0__norm_spectral_radius,new_cel_removed_chunk_0,3,MC,4.8138709391156835,96
sign_test_og_cel0.0__norm_spectral_radius,new_cel_removed_chunk_0,3,cosine_similarity,0.6422551870346069,96
sign_test_og_cel0.0__norm_spectral_radius,new_cel_removed_chunk_0,3,kl_to_gaussian,1.1739684932026504,96
sign_test_og_cel0.0__norm_spectral_radius,new_cel_removed_chunk_0,3,wt_mean,0.0014324374205898,96
sign_test_og_cel0.0__norm_spectral_radius,new_cel_removed_chunk_0,4,GR,6.382838382075231,96
sign_test_og_cel0.0__norm_spectral_radius,new_cel_removed_chunk_0,4,IPC,7.514788345970575,96
sign_test_og_cel0.0__norm_spectral_radius,new_cel_removed_chunk_0,4,KR,3.8438726539413133,96
sign_test_og_cel0.0__norm_spectral_radius,new_cel_removed_chunk_0,4,MC,4.238288787504037,96
sign_test_og_cel0.0__norm_spectral_radius,new_cel_removed_chunk_0,4,cosine_similarity,0.6422551870346069,96
sign_test_og_cel0.0__norm_spectral_radius,new_cel_removed_chunk_0,4,kl_to_gaussian,1.1739684932026504,96
sign_test_og_cel0.0__norm_spectral_radius,new_cel_removed_chunk_0,4,wt_mean,0.0014324374205898,96
sign_test_og_cel0.0__norm_spectral_radius,new_cel_removed_chunk_1,5,GR,5.162738504509131,96
sign_test_og_cel0.0__norm_spectral_radius,new_cel_removed_chunk_1,5,IPC,8.047791735615784,96
sign_test_og_cel0.0__norm_spectral_radius,new_cel_removed_chunk_1,5,KR,3.29788826033473,96
sign_test_og_cel0.0__norm_spectral_radius,new_cel_removed_chunk_1,5,MC,4.610280205806096,96
sign_test_og_cel0.0__norm_spectral_radius,new_cel_removed_chunk_1,5,cosine_similarity,0.6422551870346069,96
sign_test_og_cel0.0__norm_spectral_radius,new_cel_removed_chunk_1,5,kl_to_gaussian,1.1739684932026504,96
sign_test_og_cel0.0__norm_spectral_radius,new_cel_removed_chunk_1,5,wt_mean,0.0014324374205898,96
sign_test_og_cel0.0__norm_spectral_radius,new_cel_removed_chunk_1,6,GR,5.892528420935075,96
sign_test_og_cel0.0__norm_spectral_radius,new_cel_removed_chunk_1,6,IPC,7.796986670130225,96
sign_test_og_cel0.0__norm_spectral_radius,new_cel_removed_chunk_1,6,KR,3.637055185933908,96
sign_test_og_cel0.0__norm_spectral_radius,new_cel_removed_chunk_1,6,MC,4.458534512668848,96
sign_test_og_cel0.0__norm_spectral_radius,new_cel_removed_chunk_1,6,cosine_similarity,0.6422551870346069,96
sign_test_og_cel0.0__norm_spectral_radius,new_cel_removed_chunk_1,6,kl_to_gaussian,1.1739684932026504,96
sign_test_og_cel0.0__norm_spectral_radius,new_cel_removed_chunk_1,6,wt_mean,0.0014324374205898,96
sign_test_og_cel0.0__norm_spectral_radius,new_cel_removed_chunk_1,7,GR,5.968113491932551,96
sign_test_og_cel0.0__norm_spectral_radius,new_cel_removed_chunk_1,7,IPC,7.615433563526028,96
sign_test_og_cel0.0__norm_spectral_radius,new_cel_removed_chunk_1,7,KR,3.4868575210372605,96
sign_test_og_cel0.0__norm_spectral_radius,new_cel_removed_chunk_1,7,MC,4.415801737457514,96
sign_test_og_cel0.0__norm_spectral_radius,new_cel_removed_chunk_1,7,cosine_similarity,0.6422551870346069,96
sign_test_og_cel0.0__norm_spectral_radius,new_cel_removed_chunk_1,7,kl_to_gaussian,1.1739684932026504,96
sign_test_og_cel0.0__norm_spectral_radius,new_cel_removed_chunk_1,7,wt_mean,0.0014324374205898,96
sign_test_og_cel0.0__norm_spectral_radius,new_cel_removed_chunk_1,8,GR,5.565574417511622,96
sign_test_og_cel0.0__norm_spectral_radius,new_cel_removed_chunk_1,8,IPC,8.150812184202648,96
sign_test_og_cel0.0__norm_spectral_radius,new_cel_removed_chunk_1,8,KR,3.3109309524297714,96
sign_test_og_cel0.0__norm_spectral_radius,new_cel_removed_chunk_1,8,MC,4.2042296553651495,96
sign_test_og_cel0.0__norm_spectral_radius,new_cel_removed_chunk_1,8,cosine_similarity,0.6422551870346069,96
sign_test_og_cel0.0__norm_spectral_radius,new_cel_removed_chunk_1,8,kl_to_gaussian,1.1739684932026504,96
sign_test_og_cel0.0__norm_spectral_radius,new_cel_removed_chunk_1,8,wt_mean,0.0014324374205898,96
sign_test_og_cel0.0__norm_spectral_radius,new_cel_removed_chunk_1,9,GR,6.333867105344932,96
sign_test_og_cel0.0__norm_spectral_radius,new_cel_removed_chunk_1,9,IPC,7.832302258520543,96
sign_test_og_cel0.0__norm_spectral_radius,new_cel_removed_chunk_1,9,KR,3.863254108776649,96
sign_test_og_cel0.0__norm_spectral_radius,new_cel_removed_chunk_1,9,MC,4.281906527777513,96
sign_test_og_cel0.0__norm_spectral_radius,new_cel_removed_chunk_1,9,cosine_similarity,0.6422551870346069,96
sign_test_og_cel0.0__norm_spectral_radius,new_cel_removed_chunk_1,9,kl_to_gaussian,1.1739684932026504,96
sign_test_og_cel0.0__norm_spectral_radius,new_cel_removed_chunk_1,9,wt_mean,0.0014324374205898,96
sign_test_og_cel0.0__norm_spectral_radius,new_cel_removed_chunk_10,50,GR,5.601221434772015,96
sign_test_og_cel0.0__norm_spectral_radius,new_cel_removed_chunk_10,50,IPC,8.063778455925261,96
sign_test_og_cel0.0__norm_spectral_radius,new_cel_removed_chunk_10,50,KR,3.5692806653678417,96
sign_test_og_cel0.0__norm_spectral_radius,new_cel_removed_chunk_10,50,MC,4.6999838923414545,96
sign_test_og_cel0.0__norm_spectral_radius,new_cel_removed_chunk_10,50,cosine_similarity,0.6422551870346069,96
sign_test_og_cel0.0__norm_spectral_radius,new_cel_removed_chunk_10,50,kl_to_gaussian,1.1739684932026504,96
sign_test_og_cel0.0__norm_spectral_radius,new_cel_removed_chunk_10,50,wt_mean,0.0014324374205898,96
sign_test_og_cel0.0__norm_spectral_radius,new_cel_removed_chunk_10,51,GR,5.381951640049617,96
sign_test_og_cel0.0__norm_spectral_radius,new_cel_removed_chunk_10,51,IPC,7.965192214350695,96
sign_test_og_cel0.0__norm_spectral_radius,new_cel_removed_chunk_10,51,KR,3.187823065867027,96
sign_test_og_cel0.0__norm_spectral_radius,new_cel_removed_chunk_10,51,MC,4.254686404019594,96
sign_test_og_cel0.0__norm_spectral_radius,new_cel_removed_chunk_10,51,cosine_similarity,0.6422551870346069,96
sign_test_og_cel0.0__norm_spectral_radius,new_cel_removed_chunk_10,51,kl_to_gaussian,1.1739684932026504,96
sign_test_og_cel0.0__norm_spectral_radius,new_cel_removed_chunk_10,51,wt_mean,0.0014324374205898,96
sign_test_og_cel0.0__norm_spectral_radius,new_cel_removed_chunk_10,52,GR,5.474012317756812,96
sign_test_og_cel0.0__norm_spectral_radius,new_cel_removed_chunk_10,52,IPC,7.957049437731527,96
sign_test_og_cel0.0__norm_spectral_radius,new_cel_removed_chunk_10,52,KR,3.3221366181969643,96
sign_test_og_cel0.0__norm_spectral_radius,new_cel_removed_chunk_10,52,MC,4.5980683118104935,96
sign_test_og_cel0.0__norm_spectral_radius,new_cel_removed_chunk_10,52,cosine_similarity,0.6422551870346069,96
sign_test_og_cel0.0__norm_spectral_radius,new_cel_removed_chunk_10,52,kl_to_gaussian,1.1739684932026504,96
sign_test_og_cel0.0__norm_spectral_radius,new_cel_removed_chunk_10,52,wt_mean,0.0014324374205898,96
sign_test_og_cel0.0__norm_spectral_radius,new_cel_removed_chunk_10,53,GR,5.874771172801654,96
sign_test_og_cel0.0__norm_spectral_radius,new_cel_removed_chunk_10,53,IPC,7.867395727687921,96
sign_test_og_cel0.0__norm_spectral_radius,new_cel_removed_chunk_10,53,KR,3.6236980333924294,96
sign_test_og_cel0.0__norm_spectral_radius,new_cel_removed_chunk_10,53,MC,4.861042894423008,96
sign_test_og_cel0.0__norm_spectral_radius,new_cel_removed_chunk_10,53,cosine_similarity,0.6422551870346069,96
sign_test_og_cel0.0__norm_spectral_radius,new_cel_removed_chunk_10,53,kl_to_gaussian,1.1739684932026504,96
sign_test_og_cel0.0__norm_spectral_radius,new_cel_removed_chunk_10,53,wt_mean,0.0014324374205898,96
sign_test_og_cel0.0__norm_spectral_radius,new_cel_removed_chunk_10,54,GR,5.105529744178057,96
sign_test_og_cel0.0__norm_spectral_radius,new_cel_removed_chunk_10,54,IPC,7.735112730195342,96
sign_test_og_cel0.0__norm_spectral_radius,new_cel_removed_chunk_10,54,KR,3.2163503815730414,96
sign_test_og_cel0.0__norm_spectral_radius,new_cel_removed_chunk_10,54,MC,4.658988480766614,96
sign_test_og_cel0.0__norm_spectral_radius,new_cel_removed_chunk_10,54,cosine_similarity,0.6422551870346069,96
sign_test_og_cel0.0__norm_spectral_radius,new_cel_removed_chunk_10,54,kl_to_gaussian,1.1739684932026504,96
sign_test_og_cel0.0__norm_spectral_radius,new_cel_removed_chunk_10,54,wt_mean,0.0014324374205898,96
sign_test_og_cel0.0__norm_spectral_radius,new_cel_removed_chunk_11,55,GR,6.590189975996812,96
sign_test_og_cel0.0__norm_spectral_radius,new_cel_removed_chunk_11,55,IPC,8.14164273985977,96
sign_test_og_cel0.0__norm_spectral_radius,new_cel_removed_chunk_11,55,KR,3.99305555348595,96
sign_test_og_cel0.0__norm_spectral_radius,new_cel_removed_chunk_11,55,MC,4.6258568217357,96
sign_test_og_cel0.0__norm_spectral_radius,new_cel_removed_chunk_11,55,cosine_similarity,0.6422551870346069,96
sign_test_og_cel0.0__norm_spectral_radius,new_cel_removed_chunk_11,55,kl_to_gaussian,1.1739684932026504,96
sign_test_og_cel0.0__norm_spectral_radius,new_cel_removed_chunk_11,55,wt_mean,0.0014324374205898,96
sign_test_og_cel0.0__norm_spectral_radius,new_cel_removed_chunk_11,56,GR,5.377330691864093,96
sign_test_og_cel0.0__norm_spectral_radius,new_cel_removed_chunk_11,56,IPC,8.403499141000852,96
sign_test_og_cel0.0__norm_spectral_radius,new_cel_removed_chunk_11,56,KR,3.353304944932461,96
sign_test_og_cel0.0__norm_spectral_radius,new_cel_removed_chunk_11,56,MC,4.697789778312047,96
sign_test_og_cel0.0__norm_spectral_radius,new_cel_removed_chunk_11,56,cosine_similarity,0.6422551870346069,96
sign_test_og_cel0.0__norm_spectral_radius,new_cel_removed_chunk_11,56,kl_to_gaussian,1.1739684932026504,96
sign_test_og_cel0.0__norm_spectral_radius,new_cel_removed_chunk_11,56,wt_mean,0.0014324374205898,96
sign_test_og_cel0.0__norm_spectral_radius,new_cel_removed_chunk_11,57,GR,5.688562156011661,96
sign_test_og_cel0.0__norm_spectral_radius,new_cel_removed_chunk_11,57,IPC,7.826237603620513,96
sign_test_og_cel0.0__norm_spectral_radius,new_cel_removed_chunk_11,57,KR,3.4359647234280906,96
sign_test_og_cel0.0__norm_spectral_radius,new_cel_removed_chunk_11,57,MC,4.334747026364009,96
sign_test_og_cel0.0__norm_spectral_radius,new_cel_removed_chunk_11,57,cosine_similarity,0.6422551870346069,96
sign_test_og_cel0.0__norm_spectral_radius,new_cel_removed_chunk_11,57,kl_to_gaussian,1.1739684932026504,96
sign_test_og_cel0.0__norm_spectral_radius,new_cel_removed_chunk_11,57,wt_mean,0.0014324374205898,96
sign_test_og_cel0.0__norm_spectral_radius,new_cel_removed_chunk_11,58,GR,7.499629350999991,96
sign_test_og_cel0.0__norm_spectral_radius,new_cel_removed_chunk_11,58,IPC,7.470171581957252,96
sign_test_og_cel0.0__norm_spectral_radius,new_cel_removed_chunk_11,58,KR,4.40597643951575,96
sign_test_og_cel0.0__norm_spectral_radius,new_cel_removed_chunk_11,58,MC,4.215740772585074,96
sign_test_og_cel0.0__norm_spectral_radius,new_cel_removed_chunk_11,58,cosine_similarity,0.6422551870346069,96
sign_test_og_cel0.0__norm_spectral_radius,new_cel_removed_chunk_11,58,kl_to_gaussian,1.1739684932026504,96
sign_test_og_cel0.0__norm_spectral_radius,new_cel_removed_chunk_11,58,wt_mean,0.0014324374205898,96
sign_test_og_cel0.0__norm_spectral_radius,new_cel_removed_chunk_11,59,GR,6.454570376624663,96
sign_test_og_cel0.0__norm_spectral_radius,new_cel_removed_chunk_11,59,IPC,7.506446986940445,96
sign_test_og_cel0.0__norm_spectral_radius,new_cel_removed_chunk_11,59,KR,4.002033361544211,96
sign_test_og_cel0.0__norm_spectral_radius,new_cel_removed_chunk_11,59,MC,4.224849447607994,96
sign_test_og_cel0.0__norm_spectral_radius,new_cel_removed_chunk_11,59,cosine_similarity,0.6422551870346069,96
sign_test_og_cel0.0__norm_spectral_radius,new_cel_removed_chunk_11,59,kl_to_gaussian,1.1739684932026504,96
sign_test_og_cel0.0__norm_spectral_radius,new_cel_removed_chunk_11,59,wt_mean,0.0014324374205898,96
sign_test_og_cel0.0__norm_spectral_radius,new_cel_removed_chunk_12,60,GR,6.182760367790858,96
sign_test_og_cel0.0__norm_spectral_radius,new_cel_removed_chunk_12,60,IPC,7.853100933077847,96
sign_test_og_cel0.0__norm_spectral_radius,new_cel_removed_chunk_12,60,KR,3.8471790812909603,96
sign_test_og_cel0.0__norm_spectral_radius,new_cel_removed_chunk_12,60,MC,4.214819103479385,96
sign_test_og_cel0.0__norm_spectral_radius,new_cel_removed_chunk_12,60,cosine_similarity,0.6422551870346069,96
sign_test_og_cel0.0__norm_spectral_radius,new_cel_removed_chunk_12,60,kl_to_gaussian,1.1739684932026504,96
sign_test_og_cel0.0__norm_spectral_radius,new_cel_removed_chunk_12,60,wt_mean,0.0014324374205898,96
sign_test_og_cel0.0__norm_spectral_radius,new_cel_removed_chunk_12,61,GR,5.56988334407409,96
sign_test_og_cel0.0__norm_spectral_radius,new_cel_removed_chunk_12,61,IPC,8.00831943064,96
sign_test_og_cel0.0__norm_spectral_radius,new_cel_removed_chunk_12,61,KR,3.330571131159862,96
sign_test_og_cel0.0__norm_spectral_radius,new_cel_removed_chunk_12,61,MC,4.0287783953050775,96
sign_test_og_cel0.0__norm_spectral_radius,new_cel_removed_chunk_12,61,cosine_similarity,0.6422551870346069,96
sign_test_og_cel0.0__norm_spectral_radius,new_cel_removed_chunk_12,61,kl_to_gaussian,1.1739684932026504,96
sign_test_og_cel0.0__norm_spectral_radius,new_cel_removed_chunk_12,61,wt_mean,0.0014324374205898,96
sign_test_og_cel0.0__norm_spectral_radius,new_cel_removed_chunk_12,62,GR,6.151541306326787,96
sign_test_og_cel0.0__norm_spectral_radius,new_cel_removed_chunk_12,62,IPC,7.8233872056747815,96
sign_test_og_cel0.0__norm_spectral_radius,new_cel_removed_chunk_12,62,KR,3.80392412096262,96
sign_test_og_cel0.0__norm_spectral_radius,new_cel_removed_chunk_12,62,MC,4.390349164605141,96
sign_test_og_cel0.0__norm_spectral_radius,new_cel_removed_chunk_12,62,cosine_similarity,0.6422551870346069,96
sign_test_og_cel0.0__norm_spectral_radius,new_cel_removed_chunk_12,62,kl_to_gaussian,1.1739684932026504,96
sign_test_og_cel0.0__norm_spectral_radius,new_cel_removed_chunk_12,62,wt_mean,0.0014324374205898,96
sign_test_og_cel0.0__norm_spectral_radius,new_cel_removed_chunk_12,63,GR,5.663294090578954,96
sign_test_og_cel0.0__norm_spectral_radius,new_cel_removed_chunk_12,63,IPC,8.079449874073322,96
sign_test_og_cel0.0__norm_spectral_radius,new_cel_removed_chunk_12,63,KR,3.441090501844883,96
sign_test_og_cel0.0__norm_spectral_radius,new_cel_removed_chunk_12,63,MC,4.555726741751035,96
sign_test_og_cel0.0__norm_spectral_radius,new_cel_removed_chunk_12,63,cosine_similarity,0.6422551870346069,96
sign_test_og_cel0.0__norm_spectral_radius,new_cel_removed_chunk_12,63,kl_to_gaussian,1.1739684932026504,96
sign_test_og_cel0.0__norm_spectral_radius,new_cel_removed_chunk_12,63,wt_mean,0.0014324374205898,96
sign_test_og_cel0.0__norm_spectral_radius,new_cel_removed_chunk_12,64,GR,5.446238961070776,96
sign_test_og_cel0.0__norm_spectral_radius,new_cel_removed_chunk_12,64,IPC,7.9912598624752915,96
sign_test_og_cel0.0__norm_spectral_radius,new_cel_removed_chunk_12,64,KR,3.3204115964472294,96
sign_test_og_cel0.0__norm_spectral_radius,new_cel_removed_chunk_12,64,MC,4.432133052498102,96
sign_test_og_cel0.0__norm_spectral_radius,new_cel_removed_chunk_12,64,cosine_similarity,0.6422551870346069,96
sign_test_og_cel0.0__norm_spectral_radius,new_cel_removed_chunk_12,64,kl_to_gaussian,1.1739684932026504,96
sign_test_og_cel0.0__norm_spectral_radius,new_cel_removed_chunk_12,64,wt_mean,0.0014324374205898,96
sign_test_og_cel0.0__norm_spectral_radius,new_cel_removed_chunk_13,65,GR,5.647978303333123,96
sign_test_og_cel0.0__norm_spectral_radius,new_cel_removed_chunk_13,65,IPC,7.430154114276409,96
sign_test_og_cel0.0__norm_spectral_radius,new_cel_removed_chunk_13,65,KR,3.45481388643384,96
sign_test_og_cel0.0__norm_spectral_radius,new_cel_removed_chunk_13,65,MC,4.141083719829719,96
sign_test_og_cel0.0__norm_spectral_radius,new_cel_removed_chunk_13,65,cosine_similarity,0.6422551870346069,96
sign_test_og_cel0.0__norm_spectral_radius,new_cel_removed_chunk_13,65,kl_to_gaussian,1.1739684932026504,96
sign_test_og_cel0.0__norm_spectral_radius,new_cel_removed_chunk_13,65,wt_mean,0.0014324374205898,96
sign_test_og_cel0.0__norm_spectral_radius,new_cel_removed_chunk_13,66,GR,4.805478913088639,96
sign_test_og_cel0.0__norm_spectral_radius,new_cel_removed_chunk_13,66,IPC,7.901526211080699,96
sign_test_og_cel0.0__norm_spectral_radius,new_cel_removed_chunk_13,66,KR,2.989339648435513,96
sign_test_og_cel0.0__norm_spectral_radius,new_cel_removed_chunk_13,66,MC,4.411253750324249,96
sign_test_og_cel0.0__norm_spectral_radius,new_cel_removed_chunk_13,66,cosine_similarity,0.6422551870346069,96
sign_test_og_cel0.0__norm_spectral_radius,new_cel_removed_chunk_13,66,kl_to_gaussian,1.1739684932026504,96
sign_test_og_cel0.0__norm_spectral_radius,new_cel_removed_chunk_13,66,wt_mean,0.0014324374205898,96
sign_test_og_cel0.0__norm_spectral_radius,new_cel_removed_chunk_13,67,GR,5.746388716002305,96
sign_test_og_cel0.0__norm_spectral_radius,new_cel_removed_chunk_13,67,IPC,7.86103273277405,96
sign_test_og_cel0.0__norm_spectral_radius,new_cel_removed_chunk_13,67,KR,3.545142366240422,96
sign_test_og_cel0.0__norm_spectral_radius,new_cel_removed_chunk_13,67,MC,4.714340105652809,96
sign_test_og_cel0.0__norm_spectral_radius,new_cel_removed_chunk_13,67,cosine_similarity,0.6422551870346069,96
sign_test_og_cel0.0__norm_spectral_radius,new_cel_removed_chunk_13,67,kl_to_gaussian,1.1739684932026504,96
sign_test_og_cel0.0__norm_spectral_radius,new_cel_removed_chunk_13,67,wt_mean,0.0014324374205898,96
sign_test_og_cel0.0__norm_spectral_radius,new_cel_removed_chunk_13,68,GR,6.695532617469628,96
sign_test_og_cel0.0__norm_spectral_radius,new_cel_removed_chunk_13,68,IPC,7.571766536307695,96
sign_test_og_cel0.0__norm_spectral_radius,new_cel_removed_chunk_13,68,KR,4.042927237848441,96
sign_test_og_cel0.0__norm_spectral_radius,new_cel_removed_chunk_13,68,MC,4.4044924813012285,96
sign_test_og_cel0.0__norm_spectral_radius,new_cel_removed_chunk_13,68,cosine_similarity,0.6422551870346069,96
sign_test_og_cel0.0__norm_spectral_radius,new_cel_removed_chunk_13,68,kl_to_gaussian,1.1739684932026504,96
sign_test_og_cel0.0__norm_spectral_radius,new_cel_removed_chunk_13,68,wt_mean,0.0014324374205898,96
sign_test_og_cel0.0__norm_spectral_radius,new_cel_removed_chunk_13,69,GR,6.0417059275011225,96
sign_test_og_cel0.0__norm_spectral_radius,new_cel_removed_chunk_13,69,IPC,7.359398869543632,96
sign_test_og_cel0.0__norm_spectral_radius,new_cel_removed_chunk_13,69,KR,3.6619398867090545,96
sign_test_og_cel0.0__norm_spectral_radius,new_cel_removed_chunk_13,69,MC,4.315803684294224,96
sign_test_og_cel0.0__norm_spectral_radius,new_cel_removed_chunk_13,69,cosine_similarity,0.6422551870346069,96
sign_test_og_cel0.0__norm_spectral_radius,new_cel_removed_chunk_13,69,kl_to_gaussian,1.1739684932026504,96
sign_test_og_cel0.0__norm_spectral_radius,new_cel_removed_chunk_13,69,wt_mean,0.0014324374205898,96
sign_test_og_cel0.0__norm_spectral_radius,new_cel_removed_chunk_14,70,GR,5.063538214812676,96
sign_test_og_cel0.0__norm_spectral_radius,new_cel_removed_chunk_14,70,IPC,7.691019091219121,96
sign_test_og_cel0.0__norm_spectral_radius,new_cel_removed_chunk_14,70,KR,3.0654032081365585,96
sign_test_og_cel0.0__norm_spectral_radius,new_cel_removed_chunk_14,70,MC,4.220413920780023,96
sign_test_og_cel0.0__norm_spectral_radius,new_cel_removed_chunk_14,70,cosine_similarity,0.6422551870346069,96
sign_test_og_cel0.0__norm_spectral_radius,new_cel_removed_chunk_14,70,kl_to_gaussian,1.1739684932026504,96
sign_test_og_cel0.0__norm_spectral_radius,new_cel_removed_chunk_14,70,wt_mean,0.0014324374205898,96
sign_test_og_cel0.0__norm_spectral_radius,new_cel_removed_chunk_14,71,GR,5.416925571858883,96
sign_test_og_cel0.0__norm_spectral_radius,new_cel_removed_chunk_14,71,IPC,7.9400912966438115,96
sign_test_og_cel0.0__norm_spectral_radius,new_cel_removed_chunk_14,71,KR,3.451298628002405,96
sign_test_og_cel0.0__norm_spectral_radius,new_cel_removed_chunk_14,71,MC,4.452147131164868,96
sign_test_og_cel0.0__norm_spectral_radius,new_cel_removed_chunk_14,71,cosine_similarity,0.6422551870346069,96
sign_test_og_cel0.0__norm_spectral_radius,new_cel_removed_chunk_14,71,kl_to_gaussian,1.1739684932026504,96
sign_test_og_cel0.0__norm_spectral_radius,new_cel_removed_chunk_14,71,wt_mean,0.0014324374205898,96
sign_test_og_cel0.0__norm_spectral_radius,new_cel_removed_chunk_14,72,GR,5.2545721878608065,96
sign_test_og_cel0.0__norm_spectral_radius,new_cel_removed_chunk_14,72,IPC,7.698849168303535,96
sign_test_og_cel0.0__norm_spectral_radius,new_cel_removed_chunk_14,72,KR,3.2750710981587567,96
sign_test_og_cel0.0__norm_spectral_radius,new_cel_removed_chunk_14,72,MC,4.339791060735782,96
sign_test_og_cel0.0__norm_spectral_radius,new_cel_removed_chunk_14,72,cosine_similarity,0.6422551870346069,96
sign_test_og_cel0.0__norm_spectral_radius,new_cel_removed_chunk_14,72,kl_to_gaussian,1.1739684932026504,96
sign_test_og_cel0.0__norm_spectral_radius,new_cel_removed_chunk_14,72,wt_mean,0.0014324374205898,96
sign_test_og_cel0.0__norm_spectral_radius,new_cel_removed_chunk_14,73,GR,4.57426271835963,96
sign_test_og_cel0.0__norm_spectral_radius,new_cel_removed_chunk_14,73,IPC,8.792161074300491,96
sign_test_og_cel0.0__norm_spectral_radius,new_cel_removed_chunk_14,73,KR,2.8673752918839455,96
sign_test_og_cel0.0__norm_spectral_radius,new_cel_removed_chunk_14,73,MC,5.045540228486061,96
sign_test_og_cel0.0__norm_spectral_radius,new_cel_removed_chunk_14,73,cosine_similarity,0.6422551870346069,96
sign_test_og_cel0.0__norm_spectral_radius,new_cel_removed_chunk_14,73,kl_to_gaussian,1.1739684932026504,96
sign_test_og_cel0.0__norm_spectral_radius,new_cel_removed_chunk_14,73,wt_mean,0.0014324374205898,96
sign_test_og_cel0.0__norm_spectral_radius,new_cel_removed_chunk_14,74,GR,6.129041596005361,96
sign_test_og_cel0.0__norm_spectral_radius,new_cel_removed_chunk_14,74,IPC,7.520792541294463,96
sign_test_og_cel0.0__norm_spectral_radius,new_cel_removed_chunk_14,74,KR,3.7558045610785484,96
sign_test_og_cel0.0__norm_spectral_radius,new_cel_removed_chunk_14,74,MC,4.352594980349143,96
sign_test_og_cel0.0__norm_spectral_radius,new_cel_removed_chunk_14,74,cosine_similarity,0.6422551870346069,96
sign_test_og_cel0.0__norm_spectral_radius,new_cel_removed_chunk_14,74,kl_to_gaussian,1.1739684932026504,96
sign_test_og_cel0.0__norm_spectral_radius,new_cel_removed_chunk_14,74,wt_mean,0.0014324374205898,96
sign_test_og_cel0.0__norm_spectral_radius,new_cel_removed_chunk_15,75,GR,5.966337524354458,96
sign_test_og_cel0.0__norm_spectral_radius,new_cel_removed_chunk_15,75,IPC,8.203906183308709,96
sign_test_og_cel0.0__norm_spectral_radius,new_cel_removed_chunk_15,75,KR,3.7250913567841053,96
sign_test_og_cel0.0__norm_spectral_radius,new_cel_removed_chunk_15,75,MC,5.02277784049511,96
sign_test_og_cel0.0__norm_spectral_radius,new_cel_removed_chunk_15,75,cosine_similarity,0.6422551870346069,96
sign_test_og_cel0.0__norm_spectral_radius,new_cel_removed_chunk_15,75,kl_to_gaussian,1.1739684932026504,96
sign_test_og_cel0.0__norm_spectral_radius,new_cel_removed_chunk_15,75,wt_mean,0.0014324374205898,96
sign_test_og_cel0.0__norm_spectral_radius,new_cel_removed_chunk_15,76,GR,6.37720713019371,96
sign_test_og_cel0.0__norm_spectral_radius,new_cel_removed_chunk_15,76,IPC,8.039985332277952,96
sign_test_og_cel0.0__norm_spectral_radius,new_cel_removed_chunk_15,76,KR,3.9315260698397956,96
sign_test_og_cel0.0__norm_spectral_radius,new_cel_removed_chunk_15,76,MC,4.651458325485389,96
sign_test_og_cel0.0__norm_spectral_radius,new_cel_removed_chunk_15,76,cosine_similarity,0.6422551870346069,96
sign_test_og_cel0.0__norm_spectral_radius,new_cel_removed_chunk_15,76,kl_to_gaussian,1.1739684932026504,96
sign_test_og_cel0.0__norm_spectral_radius,new_cel_removed_chunk_15,76,wt_mean,0.0014324374205898,96
sign_test_og_cel0.0__norm_spectral_radius,new_cel_removed_chunk_15,77,GR,5.786668494343758,96
sign_test_og_cel0.0__norm_spectral_radius,new_cel_removed_chunk_15,77,IPC,7.355751137174155,96
sign_test_og_cel0.0__norm_spectral_radius,new_cel_removed_chunk_15,77,KR,3.6011468855043254,96
sign_test_og_cel0.0__norm_spectral_radius,new_cel_removed_chunk_15,77,MC,4.282102886587381,96
sign_test_og_cel0.0__norm_spectral_radius,new_cel_removed_chunk_15,77,cosine_similarity,0.6422551870346069,96
sign_test_og_cel0.0__norm_spectral_radius,new_cel_removed_chunk_15,77,kl_to_gaussian,1.1739684932026504,96
sign_test_og_cel0.0__norm_spectral_radius,new_cel_removed_chunk_15,77,wt_mean,0.0014324374205898,96
sign_test_og_cel0.0__norm_spectral_radius,new_cel_removed_chunk_15,78,GR,5.868397053331137,96
sign_test_og_cel0.0__norm_spectral_radius,new_cel_removed_chunk_15,78,IPC,8.075817545615477,96
sign_test_og_cel0.0__norm_spectral_radius,new_cel_removed_chunk_15,78,KR,3.4476530154546103,96
sign_test_og_cel0.0__norm_spectral_radius,new_cel_removed_chunk_15,78,MC,4.476536349703868,96
sign_test_og_cel0.0__norm_spectral_radius,new_cel_removed_chunk_15,78,cosine_similarity,0.6422551870346069,96
sign_test_og_cel0.0__norm_spectral_radius,new_cel_removed_chunk_15,78,kl_to_gaussian,1.1739684932026504,96
sign_test_og_cel0.0__norm_spectral_radius,new_cel_removed_chunk_15,78,wt_mean,0.0014324374205898,96
sign_test_og_cel0.0__norm_spectral_radius,new_cel_removed_chunk_15,79,GR,6.336285710334778,96
sign_test_og_cel0.0__norm_spectral_radius,new_cel_removed_chunk_15,79,IPC,7.8437440954036015,96
sign_test_og_cel0.0__norm_spectral_radius,new_cel_removed_chunk_15,79,KR,3.825397949665785,96
sign_test_og_cel0.0__norm_spectral_radius,new_cel_removed_chunk_15,79,MC,4.472000668446223,96
sign_test_og_cel0.0__norm_spectral_radius,new_cel_removed_chunk_15,79,cosine_similarity,0.6422551870346069,96
sign_test_og_cel0.0__norm_spectral_radius,new_cel_removed_chunk_15,79,kl_to_gaussian,1.1739684932026504,96
sign_test_og_cel0.0__norm_spectral_radius,new_cel_removed_chunk_15,79,wt_mean,0.0014324374205898,96
sign_test_og_cel0.0__norm_spectral_radius,new_cel_removed_chunk_16,80,GR,5.585973081489404,96
sign_test_og_cel0.0__norm_spectral_radius,new_cel_removed_chunk_16,80,IPC,7.627138952843738,96
sign_test_og_cel0.0__norm_spectral_radius,new_cel_removed_chunk_16,80,KR,3.4622373829285302,96
sign_test_og_cel0.0__norm_spectral_radius,new_cel_removed_chunk_16,80,MC,4.655595138669014,96
sign_test_og_cel0.0__norm_spectral_radius,new_cel_removed_chunk_16,80,cosine_similarity,0.6422551870346069,96
sign_test_og_cel0.0__norm_spectral_radius,new_cel_removed_chunk_16,80,kl_to_gaussian,1.1739684932026504,96
sign_test_og_cel0.0__norm_spectral_radius,new_cel_removed_chunk_16,80,wt_mean,0.0014324374205898,96
sign_test_og_cel0.0__norm_spectral_radius,new_cel_removed_chunk_16,81,GR,6.763862639665604,96
sign_test_og_cel0.0__norm_spectral_radius,new_cel_removed_chunk_16,81,IPC,7.362491883391286,96
sign_test_og_cel0.0__norm_spectral_radius,new_cel_removed_chunk_16,81,KR,4.098764155060053,96
sign_test_og_cel0.0__norm_spectral_radius,new_cel_removed_chunk_16,81,MC,4.384604851404826,96
sign_test_og_cel0.0__norm_spectral_radius,new_cel_removed_chunk_16,81,cosine_similarity,0.6422551870346069,96
sign_test_og_cel0.0__norm_spectral_radius,new_cel_removed_chunk_16,81,kl_to_gaussian,1.1739684932026504,96
sign_test_og_cel0.0__norm_spectral_radius,new_cel_removed_chunk_16,81,wt_mean,0.0014324374205898,96
sign_test_og_cel0.0__norm_spectral_radius,new_cel_removed_chunk_16,82,GR,4.984674261262019,96
sign_test_og_cel0.0__norm_spectral_radius,new_cel_removed_chunk_16,82,IPC,7.351872799030457,96
sign_test_og_cel0.0__norm_spectral_radius,new_cel_removed_chunk_16,82,KR,3.1269898725052676,96
sign_test_og_cel0.0__norm_spectral_radius,new_cel_removed_chunk_16,82,MC,4.172119531780481,96
sign_test_og_cel0.0__norm_spectral_radius,new_cel_removed_chunk_16,82,cosine_similarity,0.6422551870346069,96
sign_test_og_cel0.0__norm_spectral_radius,new_cel_removed_chunk_16,82,kl_to_gaussian,1.1739684932026504,96
sign_test_og_cel0.0__norm_spectral_radius,new_cel_removed_chunk_16,82,wt_mean,0.0014324374205898,96
sign_test_og_cel0.0__norm_spectral_radius,new_cel_removed_chunk_16,83,GR,5.229737254480521,96
sign_test_og_cel0.0__norm_spectral_radius,new_cel_removed_chunk_16,83,IPC,6.766742247008472,96
sign_test_og_cel0.0__norm_spectral_radius,new_cel_removed_chunk_16,83,KR,3.1039444195727506,96
sign_test_og_cel0.0__norm_spectral_radius,new_cel_removed_chunk_16,83,MC,3.710831948866447,96
sign_test_og_cel0.0__norm_spectral_radius,new_cel_removed_chunk_16,83,cosine_similarity,0.6422551870346069,96
sign_test_og_cel0.0__norm_spectral_radius,new_cel_removed_chunk_16,83,kl_to_gaussian,1.1739684932026504,96
sign_test_og_cel0.0__norm_spectral_radius,new_cel_removed_chunk_16,83,wt_mean,0.0014324374205898,96
sign_test_og_cel0.0__norm_spectral_radius,new_cel_removed_chunk_16,84,GR,5.722619189570348,96
sign_test_og_cel0.0__norm_spectral_radius,new_cel_removed_chunk_16,84,IPC,7.42037382833614,96
sign_test_og_cel0.0__norm_spectral_radius,new_cel_removed_chunk_16,84,KR,3.549037966877222,96
sign_test_og_cel0.0__norm_spectral_radius,new_cel_removed_chunk_16,84,MC,4.611254935463269,96
sign_test_og_cel0.0__norm_spectral_radius,new_cel_removed_chunk_16,84,cosine_similarity,0.6422551870346069,96
sign_test_og_cel0.0__norm_spectral_radius,new_cel_removed_chunk_16,84,kl_to_gaussian,1.1739684932026504,96
sign_test_og_cel0.0__norm_spectral_radius,new_cel_removed_chunk_16,84,wt_mean,0.0014324374205898,96
sign_test_og_cel0.0__norm_spectral_radius,new_cel_removed_chunk_17,85,GR,5.424366557349761,96
sign_test_og_cel0.0__norm_spectral_radius,new_cel_removed_chunk_17,85,IPC,7.413786241080995,96
sign_test_og_cel0.0__norm_spectral_radius,new_cel_removed_chunk_17,85,KR,3.366391153385242,96
sign_test_og_cel0.0__norm_spectral_radius,new_cel_removed_chunk_17,85,MC,4.34086952606837,96
sign_test_og_cel0.0__norm_spectral_radius,new_cel_removed_chunk_17,85,cosine_similarity,0.6422551870346069,96
sign_test_og_cel0.0__norm_spectral_radius,new_cel_removed_chunk_17,85,kl_to_gaussian,1.1739684932026504,96
sign_test_og_cel0.0__norm_spectral_radius,new_cel_removed_chunk_17,85,wt_mean,0.0014324374205898,96
sign_test_og_cel0.0__norm_spectral_radius,new_cel_removed_chunk_17,86,GR,4.757887152334054,96
sign_test_og_cel0.0__norm_spectral_radius,new_cel_removed_chunk_17,86,IPC,7.366202852242478,96
sign_test_og_cel0.0__norm_spectral_radius,new_cel_removed_chunk_17,86,KR,2.9795330613851547,96
sign_test_og_cel0.0__norm_spectral_radius,new_cel_removed_chunk_17,86,MC,4.561039159695308,96
sign_test_og_cel0.0__norm_spectral_radius,new_cel_removed_chunk_17,86,cosine_similarity,0.6422551870346069,96
sign_test_og_cel0.0__norm_spectral_radius,new_cel_removed_chunk_17,86,kl_to_gaussian,1.1739684932026504,96
sign_test_og_cel0.0__norm_spectral_radius,new_cel_removed_chunk_17,86,wt_mean,0.0014324374205898,96
sign_test_og_cel0.0__norm_spectral_radius,new_cel_removed_chunk_17,87,GR,5.438079041739305,96
sign_test_og_cel0.0__norm_spectral_radius,new_cel_removed_chunk_17,87,IPC,7.654299744824932,96
sign_test_og_cel0.0__norm_spectral_radius,new_cel_removed_chunk_17,87,KR,3.408870730549097,96
sign_test_og_cel0.0__norm_spectral_radius,new_cel_removed_chunk_17,87,MC,4.5012799600760145,96
sign_test_og_cel0.0__norm_spectral_radius,new_cel_removed_chunk_17,87,cosine_similarity,0.6422551870346069,96
sign_test_og_cel0.0__norm_spectral_radius,new_cel_removed_chunk_17,87,kl_to_gaussian,1.1739684932026504,96
sign_test_og_cel0.0__norm_spectral_radius,new_cel_removed_chunk_17,87,wt_mean,0.0014324374205898,96
sign_test_og_cel0.0__norm_spectral_radius,new_cel_removed_chunk_17,88,GR,6.274730994055669,96
sign_test_og_cel0.0__norm_spectral_radius,new_cel_removed_chunk_17,88,IPC,7.584043329246087,96
sign_test_og_cel0.0__norm_spectral_radius,new_cel_removed_chunk_17,88,KR,3.631310215840737,96
sign_test_og_cel0.0__norm_spectral_radius,new_cel_removed_chunk_17,88,MC,4.264774673928817,96
sign_test_og_cel0.0__norm_spectral_radius,new_cel_removed_chunk_17,88,cosine_similarity,0.6422551870346069,96
sign_test_og_cel0.0__norm_spectral_radius,new_cel_removed_chunk_17,88,kl_to_gaussian,1.1739684932026504,96
sign_test_og_cel0.0__norm_spectral_radius,new_cel_removed_chunk_17,88,wt_mean,0.0014324374205898,96
sign_test_og_cel0.0__norm_spectral_radius,new_cel_removed_chunk_17,89,GR,5.409394297748804,96
sign_test_og_cel0.0__norm_spectral_radius,new_cel_removed_chunk_17,89,IPC,7.343131021792843,96
sign_test_og_cel0.0__norm_spectral_radius,new_cel_removed_chunk_17,89,KR,3.313054616252581,96
sign_test_og_cel0.0__norm_spectral_radius,new_cel_removed_chunk_17,89,MC,4.2619850213329,96
sign_test_og_cel0.0__norm_spectral_radius,new_cel_removed_chunk_17,89,cosine_similarity,0.6422551870346069,96
sign_test_og_cel0.0__norm_spectral_radius,new_cel_removed_chunk_17,89,kl_to_gaussian,1.1739684932026504,96
sign_test_og_cel0.0__norm_spectral_radius,new_cel_removed_chunk_17,89,wt_mean,0.0014324374205898,96
sign_test_og_cel0.0__norm_spectral_radius,new_cel_removed_chunk_18,90,GR,6.3869907557964325,96
sign_test_og_cel0.0__norm_spectral_radius,new_cel_removed_chunk_18,90,IPC,7.611319194079404,96
sign_test_og_cel0.0__norm_spectral_radius,new_cel_removed_chunk_18,90,KR,3.7130967179934182,96
sign_test_og_cel0.0__norm_spectral_radius,new_cel_removed_chunk_18,90,MC,4.325301069766283,96
sign_test_og_cel0.0__norm_spectral_radius,new_cel_removed_chunk_18,90,cosine_similarity,0.6422551870346069,96
sign_test_og_cel0.0__norm_spectral_radius,new_cel_removed_chunk_18,90,kl_to_gaussian,1.1739684932026504,96
sign_test_og_cel0.0__norm_spectral_radius,new_cel_removed_chunk_18,90,wt_mean,0.0014324374205898,96
sign_test_og_cel0.0__norm_spectral_radius,new_cel_removed_chunk_18,91,GR,5.679189930359523,96
sign_test_og_cel0.0__norm_spectral_radius,new_cel_removed_chunk_18,91,IPC,7.106338226549593,96
sign_test_og_cel0.0__norm_spectral_radius,new_cel_removed_chunk_18,91,KR,3.418546311557293,96
sign_test_og_cel0.0__norm_spectral_radius,new_cel_removed_chunk_18,91,MC,4.077300901214282,96
sign_test_og_cel0.0__norm_spectral_radius,new_cel_removed_chunk_18,91,cosine_similarity,0.6422551870346069,96
sign_test_og_cel0.0__norm_spectral_radius,new_cel_removed_chunk_18,91,kl_to_gaussian,1.1739684932026504,96
sign_test_og_cel0.0__norm_spectral_radius,new_cel_removed_chunk_18,91,wt_mean,0.0014324374205898,96
sign_test_og_cel0.0__norm_spectral_radius,new_cel_removed_chunk_18,92,GR,5.639454780767362,96
sign_test_og_cel0.0__norm_spectral_radius,new_cel_removed_chunk_18,92,IPC,7.533644700427524,96
sign_test_og_cel0.0__norm_spectral_radius,new_cel_removed_chunk_18,92,KR,3.57481545334061,96
sign_test_og_cel0.0__norm_spectral_radius,new_cel_removed_chunk_18,92,MC,4.302870839834213,96
sign_test_og_cel0.0__norm_spectral_radius,new_cel_removed_chunk_18,92,cosine_similarity,0.6422551870346069,96
sign_test_og_cel0.0__norm_spectral_radius,new_cel_removed_chunk_18,92,kl_to_gaussian,1.1739684932026504,96
sign_test_og_cel0.0__norm_spectral_radius,new_cel_removed_chunk_18,92,wt_mean,0.0014324374205898,96
sign_test_og_cel0.0__norm_spectral_radius,new_cel_removed_chunk_18,93,GR,5.927786500503619,96
sign_test_og_cel0.0__norm_spectral_radius,new_cel_removed_chunk_18,93,IPC,7.795892411915209,96
sign_test_og_cel0.0__norm_spectral_radius,new_cel_removed_chunk_18,93,KR,3.6765274268885455,96
sign_test_og_cel0.0__norm_spectral_radius,new_cel_removed_chunk_18,93,MC,4.797279653449853,96
sign_test_og_cel0.0__norm_spectral_radius,new_cel_removed_chunk_18,93,cosine_similarity,0.6422551870346069,96
sign_test_og_cel0.0__norm_spectral_radius,new_cel_removed_chunk_18,93,kl_to_gaussian,1.1739684932026504,96
sign_test_og_cel0.0__norm_spectral_radius,new_cel_removed_chunk_18,93,wt_mean,0.0014324374205898,96
sign_test_og_cel0.0__norm_spectral_radius,new_cel_removed_chunk_18,94,GR,5.739144756148259,96
sign_test_og_cel0.0__norm_spectral_radius,new_cel_removed_chunk_18,94,IPC,7.399346462022678,96
sign_test_og_cel0.0__norm_spectral_radius,new_cel_removed_chunk_18,94,KR,3.581348075220982,96
sign_test_og_cel0.0__norm_spectral_radius,new_cel_removed_chunk_18,94,MC,4.294652958710988,96
sign_test_og_cel0.0__norm_spectral_radius,new_cel_removed_chunk_18,94,cosine_similarity,0.6422551870346069,96
sign_test_og_cel0.0__norm_spectral_radius,new_cel_removed_chunk_18,94,kl_to_gaussian,1.1739684932026504,96
sign_test_og_cel0.0__norm_spectral_radius,new_cel_removed_chunk_18,94,wt_mean,0.0014324374205898,96
sign_test_og_cel0.0__norm_spectral_radius,new_cel_removed_chunk_19,95,GR,5.458530247211456,96
sign_test_og_cel0.0__norm_spectral_radius,new_cel_removed_chunk_19,95,IPC,7.270851982739334,96
sign_test_og_cel0.0__norm_spectral_radius,new_cel_removed_chunk_19,95,KR,3.2673496939241886,96
sign_test_og_cel0.0__norm_spectral_radius,new_cel_removed_chunk_19,95,MC,4.120152350515127,96
sign_test_og_cel0.0__norm_spectral_radius,new_cel_removed_chunk_19,95,cosine_similarity,0.6422551870346069,96
sign_test_og_cel0.0__norm_spectral_radius,new_cel_removed_chunk_19,95,kl_to_gaussian,1.1739684932026504,96
sign_test_og_cel0.0__norm_spectral_radius,new_cel_removed_chunk_19,95,wt_mean,0.0014324374205898,96
sign_test_og_cel0.0__norm_spectral_radius,new_cel_removed_chunk_19,96,GR,5.461454123258591,96
sign_test_og_cel0.0__norm_spectral_radius,new_cel_removed_chunk_19,96,IPC,7.416874215543036,96
sign_test_og_cel0.0__norm_spectral_radius,new_cel_removed_chunk_19,96,KR,3.2178731064001718,96
sign_test_og_cel0.0__norm_spectral_radius,new_cel_removed_chunk_19,96,MC,4.146506032596032,96
sign_test_og_cel0.0__norm_spectral_radius,new_cel_removed_chunk_19,96,cosine_similarity,0.6422551870346069,96
sign_test_og_cel0.0__norm_spectral_radius,new_cel_removed_chunk_19,96,kl_to_gaussian,1.1739684932026504,96
sign_test_og_cel0.0__norm_spectral_radius,new_cel_removed_chunk_19,96,wt_mean,0.0014324374205898,96
sign_test_og_cel0.0__norm_spectral_radius,new_cel_removed_chunk_19,97,GR,5.8621332955857115,96
sign_test_og_cel0.0__norm_spectral_radius,new_cel_removed_chunk_19,97,IPC,7.685947991691218,96
sign_test_og_cel0.0__norm_spectral_radius,new_cel_removed_chunk_19,97,KR,3.603056252002716,96
sign_test_og_cel0.0__norm_spectral_radius,new_cel_removed_chunk_19,97,MC,4.395756946255763,96
sign_test_og_cel0.0__norm_spectral_radius,new_cel_removed_chunk_19,97,cosine_similarity,0.6422551870346069,96
sign_test_og_cel0.0__norm_spectral_radius,new_cel_removed_chunk_19,97,kl_to_gaussian,1.1739684932026504,96
sign_test_og_cel0.0__norm_spectral_radius,new_cel_removed_chunk_19,97,wt_mean,0.0014324374205898,96
sign_test_og_cel0.0__norm_spectral_radius,new_cel_removed_chunk_19,98,GR,5.415249773611625,96
sign_test_og_cel0.0__norm_spectral_radius,new_cel_removed_chunk_19,98,IPC,7.538440747781049,96
sign_test_og_cel0.0__norm_spectral_radius,new_cel_removed_chunk_19,98,KR,3.285274650901556,96
sign_test_og_cel0.0__norm_spectral_radius,new_cel_removed_chunk_19,98,MC,4.211936821540196,96
sign_test_og_cel0.0__norm_spectral_radius,new_cel_removed_chunk_19,98,cosine_similarity,0.6422551870346069,96
sign_test_og_cel0.0__norm_spectral_radius,new_cel_removed_chunk_19,98,kl_to_gaussian,1.1739684932026504,96
sign_test_og_cel0.0__norm_spectral_radius,new_cel_removed_chunk_19,98,wt_mean,0.0014324374205898,96
sign_test_og_cel0.0__norm_spectral_radius,new_cel_removed_chunk_19,99,GR,5.335962771127622,96
sign_test_og_cel0.0__norm_spectral_radius,new_cel_removed_chunk_19,99,IPC,7.781960108456427,96
sign_test_og_cel0.0__norm_spectral_radius,new_cel_removed_chunk_19,99,KR,3.442990659425656,96
sign_test_og_cel0.0__norm_spectral_radius,new_cel_removed_chunk_19,99,MC,4.571910853187243,96
sign_test_og_cel0.0__norm_spectral_radius,new_cel_removed_chunk_19,99,cosine_similarity,0.6422551870346069,96
sign_test_og_cel0.0__norm_spectral_radius,new_cel_removed_chunk_19,99,kl_to_gaussian,1.1739684932026504,96
sign_test_og_cel0.0__norm_spectral_radius,new_cel_removed_chunk_19,99,wt_mean,0.0014324374205898,96
sign_test_og_cel0.0__norm_spectral_radius,new_cel_removed_chunk_2,10,GR,6.403471309691668,96
sign_test_og_cel0.0__norm_spectral_radius,new_cel_removed_chunk_2,10,IPC,7.31027522896844,96
sign_test_og_cel0.0__norm_spectral_radius,new_cel_removed_chunk_2,10,KR,3.9165320893128714,96
sign_test_og_cel0.0__norm_spectral_radius,new_cel_removed_chunk_2,10,MC,4.352645870298147,96
sign_test_og_cel0.0__norm_spectral_radius,new_cel_removed_chunk_2,10,cosine_similarity,0.6422551870346069,96
sign_test_og_cel0.0__norm_spectral_radius,new_cel_removed_chunk_2,10,kl_to_gaussian,1.1739684932026504,96
sign_test_og_cel0.0__norm_spectral_radius,new_cel_removed_chunk_2,10,wt_mean,0.0014324374205898,96
sign_test_og_cel0.0__norm_spectral_radius,new_cel_removed_chunk_2,11,GR,5.093806014706691,96
sign_test_og_cel0.0__norm_spectral_radius,new_cel_removed_chunk_2,11,IPC,8.05069831701885,96
sign_test_og_cel0.0__norm_spectral_radius,new_cel_removed_chunk_2,11,KR,3.163987477620443,96
sign_test_og_cel0.0__norm_spectral_radius,new_cel_removed_chunk_2,11,MC,4.539287429302931,96
sign_test_og_cel0.0__norm_spectral_radius,new_cel_removed_chunk_2,11,cosine_similarity,0.6422551870346069,96
sign_test_og_cel0.0__norm_spectral_radius,new_cel_removed_chunk_2,11,kl_to_gaussian,1.1739684932026504,96
sign_test_og_cel0.0__norm_spectral_radius,new_cel_removed_chunk_2,11,wt_mean,0.0014324374205898,96
sign_test_og_cel0.0__norm_spectral_radius,new_cel_removed_chunk_2,12,GR,5.959325751910607,96
sign_test_og_cel0.0__norm_spectral_radius,new_cel_removed_chunk_2,12,IPC,7.923839014794653,96
sign_test_og_cel0.0__norm_spectral_radius,new_cel_removed_chunk_2,12,KR,3.4959705409904323,96
sign_test_og_cel0.0__norm_spectral_radius,new_cel_removed_chunk_2,12,MC,4.295235980302095,96
sign_test_og_cel0.0__norm_spectral_radius,new_cel_removed_chunk_2,12,cosine_similarity,0.6422551870346069,96
sign_test_og_cel0.0__norm_spectral_radius,new_cel_removed_chunk_2,12,kl_to_gaussian,1.1739684932026504,96
sign_test_og_cel0.0__norm_spectral_radius,new_cel_removed_chunk_2,12,wt_mean,0.0014324374205898,96
sign_test_og_cel0.0__norm_spectral_radius,new_cel_removed_chunk_2,13,GR,5.304103917131822,96
sign_test_og_cel0.0__norm_spectral_radius,new_cel_removed_chunk_2,13,IPC,8.27642574911379,96
sign_test_og_cel0.0__norm_spectral_radius,new_cel_removed_chunk_2,13,KR,3.271784889201323,96
sign_test_og_cel0.0__norm_spectral_radius,new_cel_removed_chunk_2,13,MC,4.841991984595855,96
sign_test_og_cel0.0__norm_spectral_radius,new_cel_removed_chunk_2,13,cosine_similarity,0.6422551870346069,96
sign_test_og_cel0.0__norm_spectral_radius,new_cel_removed_chunk_2,13,kl_to_gaussian,1.1739684932026504,96
sign_test_og_cel0.0__norm_spectral_radius,new_cel_removed_chunk_2,13,wt_mean,0.0014324374205898,96
sign_test_og_cel0.0__norm_spectral_radius,new_cel_removed_chunk_2,14,GR,4.626778680831194,96
sign_test_og_cel0.0__norm_spectral_radius,new_cel_removed_chunk_2,14,IPC,7.707644235960526,96
sign_test_og_cel0.0__norm_spectral_radius,new_cel_removed_chunk_2,14,KR,2.8170411698520184,96
sign_test_og_cel0.0__norm_spectral_radius,new_cel_removed_chunk_2,14,MC,3.9671224554379783,96
sign_test_og_cel0.0__norm_spectral_radius,new_cel_removed_chunk_2,14,cosine_similarity,0.6422551870346069,96
sign_test_og_cel0.0__norm_spectral_radius,new_cel_removed_chunk_2,14,kl_to_gaussian,1.1739684932026504,96
sign_test_og_cel0.0__norm_spectral_radius,new_cel_removed_chunk_2,14,wt_mean,0.0014324374205898,96
sign_test_og_cel0.0__norm_spectral_radius,new_cel_removed_chunk_3,15,GR,5.478525920460622,96
sign_test_og_cel0.0__norm_spectral_radius,new_cel_removed_chunk_3,15,IPC,8.032696449430661,96
sign_test_og_cel0.0__norm_spectral_radius,new_cel_removed_chunk_3,15,KR,3.32475812236468,96
sign_test_og_cel0.0__norm_spectral_radius,new_cel_removed_chunk_3,15,MC,4.595667406916618,96
sign_test_og_cel0.0__norm_spectral_radius,new_cel_removed_chunk_3,15,cosine_similarity,0.6422551870346069,96
sign_test_og_cel0.0__norm_spectral_radius,new_cel_removed_chunk_3,15,kl_to_gaussian,1.1739684932026504,96
sign_test_og_cel0.0__norm_spectral_radius,new_cel_removed_chunk_3,15,wt_mean,0.0014324374205898,96
sign_test_og_cel0.0__norm_spectral_radius,new_cel_removed_chunk_3,16,GR,7.390807492037614,96
sign_test_og_cel0.0__norm_spectral_radius,new_cel_removed_chunk_3,16,IPC,7.833685485974802,96
sign_test_og_cel0.0__norm_spectral_radius,new_cel_removed_chunk_3,16,KR,4.340515027443568,96
sign_test_og_cel0.0__norm_spectral_radius,new_cel_removed_chunk_3,16,MC,4.672562186916669,96
sign_test_og_cel0.0__norm_spectral_radius,new_cel_removed_chunk_3,16,cosine_similarity,0.6422551870346069,96
sign_test_og_cel0.0__norm_spectral_radius,new_cel_removed_chunk_3,16,kl_to_gaussian,1.1739684932026504,96
sign_test_og_cel0.0__norm_spectral_radius,new_cel_removed_chunk_3,16,wt_mean,0.0014324374205898,96
sign_test_og_cel0.0__norm_spectral_radius,new_cel_removed_chunk_3,17,GR,5.099341437220573,96
sign_test_og_cel0.0__norm_spectral_radius,new_cel_removed_chunk_3,17,IPC,7.405789324663245,96
sign_test_og_cel0.0__norm_spectral_radius,new_cel_removed_chunk_3,17,KR,3.2178127268950143,96
sign_test_og_cel0.0__norm_spectral_radius,new_cel_removed_chunk_3,17,MC,4.4520355227092905,96
sign_test_og_cel0.0__norm_spectral_radius,new_cel_removed_chunk_3,17,cosine_similarity,0.6422551870346069,96
sign_test_og_cel0.0__norm_spectral_radius,new_cel_removed_chunk_3,17,kl_to_gaussian,1.1739684932026504,96
sign_test_og_cel0.0__norm_spectral_radius,new_cel_removed_chunk_3,17,wt_mean,0.0014324374205898,96
sign_test_og_cel0.0__norm_spectral_radius,new_cel_removed_chunk_3,18,GR,6.73130380610625,96
sign_test_og_cel0.0__norm_spectral_radius,new_cel_removed_chunk_3,18,IPC,7.680878073483221,96
sign_test_og_cel0.0__norm_spectral_radius,new_cel_removed_chunk_3,18,KR,3.9240787314871945,96
sign_test_og_cel0.0__norm_spectral_radius,new_cel_removed_chunk_3,18,MC,4.33741432800889,96
sign_test_og_cel0.0__norm_spectral_radius,new_cel_removed_chunk_3,18,cosine_similarity,0.6422551870346069,96
sign_test_og_cel0.0__norm_spectral_radius,new_cel_removed_chunk_3,18,kl_to_gaussian,1.1739684932026504,96
sign_test_og_cel0.0__norm_spectral_radius,new_cel_removed_chunk_3,18,wt_mean,0.0014324374205898,96
sign_test_og_cel0.0__norm_spectral_radius,new_cel_removed_chunk_3,19,GR,5.56470812112093,96
sign_test_og_cel0.0__norm_spectral_radius,new_cel_removed_chunk_3,19,IPC,7.976968384277448,96
sign_test_og_cel0.0__norm_spectral_radius,new_cel_removed_chunk_3,19,KR,3.348977499951919,96
sign_test_og_cel0.0__norm_spectral_radius,new_cel_removed_chunk_3,19,MC,4.518077967067559,96
sign_test_og_cel0.0__norm_spectral_radius,new_cel_removed_chunk_3,19,cosine_similarity,0.6422551870346069,96
sign_test_og_cel0.0__norm_spectral_radius,new_cel_removed_chunk_3,19,kl_to_gaussian,1.1739684932026504,96
sign_test_og_cel0.0__norm_spectral_radius,new_cel_removed_chunk_3,19,wt_mean,0.0014324374205898,96
sign_test_og_cel0.0__norm_spectral_radius,new_cel_removed_chunk_4,20,GR,6.647804755717516,96
sign_test_og_cel0.0__norm_spectral_radius,new_cel_removed_chunk_4,20,IPC,8.072557273545065,96
sign_test_og_cel0.0__norm_spectral_radius,new_cel_removed_chunk_4,20,KR,4.014902935673793,96
sign_test_og_cel0.0__norm_spectral_radius,new_cel_removed_chunk_4,20,MC,4.59294106811285,96
sign_test_og_cel0.0__norm_spectral_radius,new_cel_removed_chunk_4,20,cosine_similarity,0.6422551870346069,96
sign_test_og_cel0.0__norm_spectral_radius,new_cel_removed_chunk_4,20,kl_to_gaussian,1.1739684932026504,96
sign_test_og_cel0.0__norm_spectral_radius,new_cel_removed_chunk_4,20,wt_mean,0.0014324374205898,96
sign_test_og_cel0.0__norm_spectral_radius,new_cel_removed_chunk_4,21,GR,5.548289683957894,96
sign_test_og_cel0.0__norm_spectral_radius,new_cel_removed_chunk_4,21,IPC,7.98315099087618,96
sign_test_og_cel0.0__norm_spectral_radius,new_cel_removed_chunk_4,21,KR,3.4017667807638645,96
sign_test_og_cel0.0__norm_spectral_radius,new_cel_removed_chunk_4,21,MC,4.457913896689813,96
sign_test_og_cel0.0__norm_spectral_radius,new_cel_removed_chunk_4,21,cosine_similarity,0.6422551870346069,96
sign_test_og_cel0.0__norm_spectral_radius,new_cel_removed_chunk_4,21,kl_to_gaussian,1.1739684932026504,96
sign_test_og_cel0.0__norm_spectral_radius,new_cel_removed_chunk_4,21,wt_mean,0.0014324374205898,96
sign_test_og_cel0.0__norm_spectral_radius,new_cel_removed_chunk_4,22,GR,5.88636061673363,96
sign_test_og_cel0.0__norm_spectral_radius,new_cel_removed_chunk_4,22,IPC,8.004528705348813,96
sign_test_og_cel0.0__norm_spectral_radius,new_cel_removed_chunk_4,22,KR,3.5443957398335137,96
sign_test_og_cel0.0__norm_spectral_radius,new_cel_removed_chunk_4,22,MC,4.393729122976462,96
sign_test_og_cel0.0__norm_spectral_radius,new_cel_removed_chunk_4,22,cosine_similarity,0.6422551870346069,96
sign_test_og_cel0.0__norm_spectral_radius,new_cel_removed_chunk_4,22,kl_to_gaussian,1.1739684932026504,96
sign_test_og_cel0.0__norm_spectral_radius,new_cel_removed_chunk_4,22,wt_mean,0.0014324374205898,96
sign_test_og_cel0.0__norm_spectral_radius,new_cel_removed_chunk_4,23,GR,6.085612354179223,96
sign_test_og_cel0.0__norm_spectral_radius,new_cel_removed_chunk_4,23,IPC,8.629143464933765,96
sign_test_og_cel0.0__norm_spectral_radius,new_cel_removed_chunk_4,23,KR,3.7285046403606734,96
sign_test_og_cel0.0__norm_spectral_radius,new_cel_removed_chunk_4,23,MC,5.019024449090163,96
sign_test_og_cel0.0__norm_spectral_radius,new_cel_removed_chunk_4,23,cosine_similarity,0.6422551870346069,96
sign_test_og_cel0.0__norm_spectral_radius,new_cel_removed_chunk_4,23,kl_to_gaussian,1.1739684932026504,96
sign_test_og_cel0.0__norm_spectral_radius,new_cel_removed_chunk_4,23,wt_mean,0.0014324374205898,96
sign_test_og_cel0.0__norm_spectral_radius,new_cel_removed_chunk_4,24,GR,4.89200089002649,96
sign_test_og_cel0.0__norm_spectral_radius,new_cel_removed_chunk_4,24,IPC,7.750491915912416,96
sign_test_og_cel0.0__norm_spectral_radius,new_cel_removed_chunk_4,24,KR,3.0394305338462195,96
sign_test_og_cel0.0__norm_spectral_radius,new_cel_removed_chunk_4,24,MC,4.4224892146885395,96
sign_test_og_cel0.0__norm_spectral_radius,new_cel_removed_chunk_4,24,cosine_similarity,0.6422551870346069,96
sign_test_og_cel0.0__norm_spectral_radius,new_cel_removed_chunk_4,24,kl_to_gaussian,1.1739684932026504,96
sign_test_og_cel0.0__norm_spectral_radius,new_cel_removed_chunk_4,24,wt_mean,0.0014324374205898,96
sign_test_og_cel0.0__norm_spectral_radius,new_cel_removed_chunk_5,25,GR,5.2835493460297585,96
sign_test_og_cel0.0__norm_spectral_radius,new_cel_removed_chunk_5,25,IPC,7.848381301968085,96
sign_test_og_cel0.0__norm_spectral_radius,new_cel_removed_chunk_5,25,KR,3.290996671964725,96
sign_test_og_cel0.0__norm_spectral_radius,new_cel_removed_chunk_5,25,MC,4.282688612739245,96
sign_test_og_cel0.0__norm_spectral_radius,new_cel_removed_chunk_5,25,cosine_similarity,0.6422551870346069,96
sign_test_og_cel0.0__norm_spectral_radius,new_cel_removed_chunk_5,25,kl_to_gaussian,1.1739684932026504,96
sign_test_og_cel0.0__norm_spectral_radius,new_cel_removed_chunk_5,25,wt_mean,0.0014324374205898,96
sign_test_og_cel0.0__norm_spectral_radius,new_cel_removed_chunk_5,26,GR,6.254892475903034,96
sign_test_og_cel0.0__norm_spectral_radius,new_cel_removed_chunk_5,26,IPC,8.22843676883679,96
sign_test_og_cel0.0__norm_spectral_radius,new_cel_removed_chunk_5,26,KR,3.90941197052598,96
sign_test_og_cel0.0__norm_spectral_radius,new_cel_removed_chunk_5,26,MC,4.8563677196701365,96
sign_test_og_cel0.0__norm_spectral_radius,new_cel_removed_chunk_5,26,cosine_similarity,0.6422551870346069,96
sign_test_og_cel0.0__norm_spectral_radius,new_cel_removed_chunk_5,26,kl_to_gaussian,1.1739684932026504,96
sign_test_og_cel0.0__norm_spectral_radius,new_cel_removed_chunk_5,26,wt_mean,0.0014324374205898,96
sign_test_og_cel0.0__norm_spectral_radius,new_cel_removed_chunk_5,27,GR,6.397160083055496,96
sign_test_og_cel0.0__norm_spectral_radius,new_cel_removed_chunk_5,27,IPC,7.486705447878659,96
sign_test_og_cel0.0__norm_spectral_radius,new_cel_removed_chunk_5,27,KR,3.6754549654821553,96
sign_test_og_cel0.0__norm_spectral_radius,new_cel_removed_chunk_5,27,MC,4.153069776793321,96
sign_test_og_cel0.0__norm_spectral_radius,new_cel_removed_chunk_5,27,cosine_similarity,0.6422551870346069,96
sign_test_og_cel0.0__norm_spectral_radius,new_cel_removed_chunk_5,27,kl_to_gaussian,1.1739684932026504,96
sign_test_og_cel0.0__norm_spectral_radius,new_cel_removed_chunk_5,27,wt_mean,0.0014324374205898,96
sign_test_og_cel0.0__norm_spectral_radius,new_cel_removed_chunk_5,28,GR,6.871752753853798,96
sign_test_og_cel0.0__norm_spectral_radius,new_cel_removed_chunk_5,28,IPC,7.725571982268407,96
sign_test_og_cel0.0__norm_spectral_radius,new_cel_removed_chunk_5,28,KR,4.15317203477025,96
sign_test_og_cel0.0__norm_spectral_radius,new_cel_removed_chunk_5,28,MC,4.459095289309819,96
sign_test_og_cel0.0__norm_spectral_radius,new_cel_removed_chunk_5,28,cosine_similarity,0.6422551870346069,96
sign_test_og_cel0.0__norm_spectral_radius,new_cel_removed_chunk_5,28,kl_to_gaussian,1.1739684932026504,96
sign_test_og_cel0.0__norm_spectral_radius,new_cel_removed_chunk_5,28,wt_mean,0.0014324374205898,96
sign_test_og_cel0.0__norm_spectral_radius,new_cel_removed_chunk_5,29,GR,5.150090946505467,96
sign_test_og_cel0.0__norm_spectral_radius,new_cel_removed_chunk_5,29,IPC,8.440444823174866,96
sign_test_og_cel0.0__norm_spectral_radius,new_cel_removed_chunk_5,29,KR,3.077289386341969,96
sign_test_og_cel0.0__norm_spectral_radius,new_cel_removed_chunk_5,29,MC,4.355398604025443,96
sign_test_og_cel0.0__norm_spectral_radius,new_cel_removed_chunk_5,29,cosine_similarity,0.6422551870346069,96
sign_test_og_cel0.0__norm_spectral_radius,new_cel_removed_chunk_5,29,kl_to_gaussian,1.1739684932026504,96
sign_test_og_cel0.0__norm_spectral_radius,new_cel_removed_chunk_5,29,wt_mean,0.0014324374205898,96
sign_test_og_cel0.0__norm_spectral_radius,new_cel_removed_chunk_6,30,GR,4.666014281411965,96
sign_test_og_cel0.0__norm_spectral_radius,new_cel_removed_chunk_6,30,IPC,7.6612332041297035,96
sign_test_og_cel0.0__norm_spectral_radius,new_cel_removed_chunk_6,30,KR,2.871158555150032,96
sign_test_og_cel0.0__norm_spectral_radius,new_cel_removed_chunk_6,30,MC,4.0503253762920695,96
sign_test_og_cel0.0__norm_spectral_radius,new_cel_removed_chunk_6,30,cosine_similarity,0.6422551870346069,96
sign_test_og_cel0.0__norm_spectral_radius,new_cel_removed_chunk_6,30,kl_to_gaussian,1.1739684932026504,96
sign_test_og_cel0.0__norm_spectral_radius,new_cel_removed_chunk_6,30,wt_mean,0.0014324374205898,96
sign_test_og_cel0.0__norm_spectral_radius,new_cel_removed_chunk_6,31,GR,6.288826240847508,96
sign_test_og_cel0.0__norm_spectral_radius,new_cel_removed_chunk_6,31,IPC,8.106584957313613,96
sign_test_og_cel0.0__norm_spectral_radius,new_cel_removed_chunk_6,31,KR,3.8719409530361495,96
sign_test_og_cel0.0__norm_spectral_radius,new_cel_removed_chunk_6,31,MC,4.991049860914548,96
sign_test_og_cel0.0__norm_spectral_radius,new_cel_removed_chunk_6,31,cosine_similarity,0.6422551870346069,96
sign_test_og_cel0.0__norm_spectral_radius,new_cel_removed_chunk_6,31,kl_to_gaussian,1.1739684932026504,96
sign_test_og_cel0.0__norm_spectral_radius,new_cel_removed_chunk_6,31,wt_mean,0.0014324374205898,96
sign_test_og_cel0.0__norm_spectral_radius,new_cel_removed_chunk_6,32,GR,6.216181792318821,96
sign_test_og_cel0.0__norm_spectral_radius,new_cel_removed_chunk_6,32,IPC,8.025078783089262,96
sign_test_og_cel0.0__norm_spectral_radius,new_cel_removed_chunk_6,32,KR,3.9281888951857886,96
sign_test_og_cel0.0__norm_spectral_radius,new_cel_removed_chunk_6,32,MC,4.790271992484729,96
sign_test_og_cel0.0__norm_spectral_radius,new_cel_removed_chunk_6,32,cosine_similarity,0.6422551870346069,96
sign_test_og_cel0.0__norm_spectral_radius,new_cel_removed_chunk_6,32,kl_to_gaussian,1.1739684932026504,96
sign_test_og_cel0.0__norm_spectral_radius,new_cel_removed_chunk_6,32,wt_mean,0.0014324374205898,96
sign_test_og_cel0.0__norm_spectral_radius,new_cel_removed_chunk_6,33,GR,6.574770515163739,96
sign_test_og_cel0.0__norm_spectral_radius,new_cel_removed_chunk_6,33,IPC,8.1514074144189,96
sign_test_og_cel0.0__norm_spectral_radius,new_cel_removed_chunk_6,33,KR,4.036254053314527,96
sign_test_og_cel0.0__norm_spectral_radius,new_cel_removed_chunk_6,33,MC,4.820294501880805,96
sign_test_og_cel0.0__norm_spectral_radius,new_cel_removed_chunk_6,33,cosine_similarity,0.6422551870346069,96
sign_test_og_cel0.0__norm_spectral_radius,new_cel_removed_chunk_6,33,kl_to_gaussian,1.1739684932026504,96
sign_test_og_cel0.0__norm_spectral_radius,new_cel_removed_chunk_6,33,wt_mean,0.0014324374205898,96
sign_test_og_cel0.0__norm_spectral_radius,new_cel_removed_chunk_6,34,GR,5.118073956420024,96
sign_test_og_cel0.0__norm_spectral_radius,new_cel_removed_chunk_6,34,IPC,7.6726643328848745,96
sign_test_og_cel0.0__norm_spectral_radius,new_cel_removed_chunk_6,34,KR,3.1463040138284364,96
sign_test_og_cel0.0__norm_spectral_radius,new_cel_removed_chunk_6,34,MC,4.267220015327136,96
sign_test_og_cel0.0__norm_spectral_radius,new_cel_removed_chunk_6,34,cosine_similarity,0.6422551870346069,96
sign_test_og_cel0.0__norm_spectral_radius,new_cel_removed_chunk_6,34,kl_to_gaussian,1.1739684932026504,96
sign_test_og_cel0.0__norm_spectral_radius,new_cel_removed_chunk_6,34,wt_mean,0.0014324374205898,96
sign_test_og_cel0.0__norm_spectral_radius,new_cel_removed_chunk_7,35,GR,6.606762831409772,96
sign_test_og_cel0.0__norm_spectral_radius,new_cel_removed_chunk_7,35,IPC,7.168459452921009,96
sign_test_og_cel0.0__norm_spectral_radius,new_cel_removed_chunk_7,35,KR,4.060476876795292,96
sign_test_og_cel0.0__norm_spectral_radius,new_cel_removed_chunk_7,35,MC,4.256786861767371,96
sign_test_og_cel0.0__norm_spectral_radius,new_cel_removed_chunk_7,35,cosine_similarity,0.6422551870346069,96
sign_test_og_cel0.0__norm_spectral_radius,new_cel_removed_chunk_7,35,kl_to_gaussian,1.1739684932026504,96
sign_test_og_cel0.0__norm_spectral_radius,new_cel_removed_chunk_7,35,wt_mean,0.0014324374205898,96
sign_test_og_cel0.0__norm_spectral_radius,new_cel_removed_chunk_7,36,GR,5.523691797008117,96
sign_test_og_cel0.0__norm_spectral_radius,new_cel_removed_chunk_7,36,IPC,7.412872661898226,96
sign_test_og_cel0.0__norm_spectral_radius,new_cel_removed_chunk_7,36,KR,3.391725822041432,96
sign_test_og_cel0.0__norm_spectral_radius,new_cel_removed_chunk_7,36,MC,4.450874785582225,96
sign_test_og_cel0.0__norm_spectral_radius,new_cel_removed_chunk_7,36,cosine_similarity,0.6422551870346069,96
sign_test_og_cel0.0__norm_spectral_radius,new_cel_removed_chunk_7,36,kl_to_gaussian,1.1739684932026504,96
sign_test_og_cel0.0__norm_spectral_radius,new_cel_removed_chunk_7,36,wt_mean,0.0014324374205898,96
sign_test_og_cel0.0__norm_spectral_radius,new_cel_removed_chunk_7,37,GR,5.062268082052469,96
sign_test_og_cel0.0__norm_spectral_radius,new_cel_removed_chunk_7,37,IPC,8.480064000687682,96
sign_test_og_cel0.0__norm_spectral_radius,new_cel_removed_chunk_7,37,KR,3.090804828951756,96
sign_test_og_cel0.0__norm_spectral_radius,new_cel_removed_chunk_7,37,MC,4.509915761649609,96
sign_test_og_cel0.0__norm_spectral_radius,new_cel_removed_chunk_7,37,cosine_similarity,0.6422551870346069,96
sign_test_og_cel0.0__norm_spectral_radius,new_cel_removed_chunk_7,37,kl_to_gaussian,1.1739684932026504,96
sign_test_og_cel0.0__norm_spectral_radius,new_cel_removed_chunk_7,37,wt_mean,0.0014324374205898,96
sign_test_og_cel0.0__norm_spectral_radius,new_cel_removed_chunk_7,38,GR,5.213708005845547,96
sign_test_og_cel0.0__norm_spectral_radius,new_cel_removed_chunk_7,38,IPC,7.909158815321146,96
sign_test_og_cel0.0__norm_spectral_radius,new_cel_removed_chunk_7,38,KR,3.3032904528081417,96
sign_test_og_cel0.0__norm_spectral_radius,new_cel_removed_chunk_7,38,MC,4.539143728713195,96
sign_test_og_cel0.0__norm_spectral_radius,new_cel_removed_chunk_7,38,cosine_similarity,0.6422551870346069,96
sign_test_og_cel0.0__norm_spectral_radius,new_cel_removed_chunk_7,38,kl_to_gaussian,1.1739684932026504,96
sign_test_og_cel0.0__norm_spectral_radius,new_cel_removed_chunk_7,38,wt_mean,0.0014324374205898,96
sign_test_og_cel0.0__norm_spectral_radius,new_cel_removed_chunk_7,39,GR,6.175469449410836,96
sign_test_og_cel0.0__norm_spectral_radius,new_cel_removed_chunk_7,39,IPC,7.697627772407885,96
sign_test_og_cel0.0__norm_spectral_radius,new_cel_removed_chunk_7,39,KR,3.778282094746828,96
sign_test_og_cel0.0__norm_spectral_radius,new_cel_removed_chunk_7,39,MC,4.587649275859197,96
sign_test_og_cel0.0__norm_spectral_radius,new_cel_removed_chunk_7,39,cosine_similarity,0.6422551870346069,96
sign_test_og_cel0.0__norm_spectral_radius,new_cel_removed_chunk_7,39,kl_to_gaussian,1.1739684932026504,96
sign_test_og_cel0.0__norm_spectral_radius,new_cel_removed_chunk_7,39,wt_mean,0.0014324374205898,96
sign_test_og_cel0.0__norm_spectral_radius,new_cel_removed_chunk_8,40,GR,6.00042528907458,96
sign_test_og_cel0.0__norm_spectral_radius,new_cel_removed_chunk_8,40,IPC,7.269837045194628,96
sign_test_og_cel0.0__norm_spectral_radius,new_cel_removed_chunk_8,40,KR,3.616416728744904,96
sign_test_og_cel0.0__norm_spectral_radius,new_cel_removed_chunk_8,40,MC,4.153345501671235,96
sign_test_og_cel0.0__norm_spectral_radius,new_cel_removed_chunk_8,40,cosine_similarity,0.6422551870346069,96
sign_test_og_cel0.0__norm_spectral_radius,new_cel_removed_chunk_8,40,kl_to_gaussian,1.1739684932026504,96
sign_test_og_cel0.0__norm_spectral_radius,new_cel_removed_chunk_8,40,wt_mean,0.0014324374205898,96
sign_test_og_cel0.0__norm_spectral_radius,new_cel_removed_chunk_8,41,GR,6.476124620685975,96
sign_test_og_cel0.0__norm_spectral_radius,new_cel_removed_chunk_8,41,IPC,8.311679747212358,96
sign_test_og_cel0.0__norm_spectral_radius,new_cel_removed_chunk_8,41,KR,3.910456098616123,96
sign_test_og_cel0.0__norm_spectral_radius,new_cel_removed_chunk_8,41,MC,4.739430166780949,96
sign_test_og_cel0.0__norm_spectral_radius,new_cel_removed_chunk_8,41,cosine_similarity,0.6422551870346069,96
sign_test_og_cel0.0__norm_spectral_radius,new_cel_removed_chunk_8,41,kl_to_gaussian,1.1739684932026504,96
sign_test_og_cel0.0__norm_spectral_radius,new_cel_removed_chunk_8,41,wt_mean,0.0014324374205898,96
sign_test_og_cel0.0__norm_spectral_radius,new_cel_removed_chunk_8,42,GR,5.981843286504348,96
sign_test_og_cel0.0__norm_spectral_radius,new_cel_removed_chunk_8,42,IPC,8.350099725754395,96
sign_test_og_cel0.0__norm_spectral_radius,new_cel_removed_chunk_8,42,KR,3.7081236330171428,96
sign_test_og_cel0.0__norm_spectral_radius,new_cel_removed_chunk_8,42,MC,4.874960089723269,96
sign_test_og_cel0.0__norm_spectral_radius,new_cel_removed_chunk_8,42,cosine_similarity,0.6422551870346069,96
sign_test_og_cel0.0__norm_spectral_radius,new_cel_removed_chunk_8,42,kl_to_gaussian,1.1739684932026504,96
sign_test_og_cel0.0__norm_spectral_radius,new_cel_removed_chunk_8,42,wt_mean,0.0014324374205898,96
sign_test_og_cel0.0__norm_spectral_radius,new_cel_removed_chunk_8,43,GR,6.340605273842812,96
sign_test_og_cel0.0__norm_spectral_radius,new_cel_removed_chunk_8,43,IPC,7.720257321835511,96
sign_test_og_cel0.0__norm_spectral_radius,new_cel_removed_chunk_8,43,KR,3.7691077503065267,96
sign_test_og_cel0.0__norm_spectral_radius,new_cel_removed_chunk_8,43,MC,4.354455324510734,96
sign_test_og_cel0.0__norm_spectral_radius,new_cel_removed_chunk_8,43,cosine_similarity,0.6422551870346069,96
sign_test_og_cel0.0__norm_spectral_radius,new_cel_removed_chunk_8,43,kl_to_gaussian,1.1739684932026504,96
sign_test_og_cel0.0__norm_spectral_radius,new_cel_removed_chunk_8,43,wt_mean,0.0014324374205898,96
sign_test_og_cel0.0__norm_spectral_radius,new_cel_removed_chunk_8,44,GR,5.591950671126445,96
sign_test_og_cel0.0__norm_spectral_radius,new_cel_removed_chunk_8,44,IPC,7.705820148758992,96
sign_test_og_cel0.0__norm_spectral_radius,new_cel_removed_chunk_8,44,KR,3.4267643205821514,96
sign_test_og_cel0.0__norm_spectral_radius,new_cel_removed_chunk_8,44,MC,4.224190869679053,96
sign_test_og_cel0.0__norm_spectral_radius,new_cel_removed_chunk_8,44,cosine_similarity,0.6422551870346069,96
sign_test_og_cel0.0__norm_spectral_radius,new_cel_removed_chunk_8,44,kl_to_gaussian,1.1739684932026504,96
sign_test_og_cel0.0__norm_spectral_radius,new_cel_removed_chunk_8,44,wt_mean,0.0014324374205898,96
sign_test_og_cel0.0__norm_spectral_radius,new_cel_removed_chunk_9,45,GR,5.9154262853165465,96
sign_test_og_cel0.0__norm_spectral_radius,new_cel_removed_chunk_9,45,IPC,7.83456053600646,96
sign_test_og_cel0.0__norm_spectral_radius,new_cel_removed_chunk_9,45,KR,3.5911789101858935,96
sign_test_og_cel0.0__norm_spectral_radius,new_cel_removed_chunk_9,45,MC,4.62805434068044,96
sign_test_og_cel0.0__norm_spectral_radius,new_cel_removed_chunk_9,45,cosine_similarity,0.6422551870346069,96
sign_test_og_cel0.0__norm_spectral_radius,new_cel_removed_chunk_9,45,kl_to_gaussian,1.1739684932026504,96
sign_test_og_cel0.0__norm_spectral_radius,new_cel_removed_chunk_9,45,wt_mean,0.0014324374205898,96
sign_test_og_cel0.0__norm_spectral_radius,new_cel_removed_chunk_9,46,GR,5.373604927212,96
sign_test_og_cel0.0__norm_spectral_radius,new_cel_removed_chunk_9,46,IPC,7.442040616836574,96
sign_test_og_cel0.0__norm_spectral_radius,new_cel_removed_chunk_9,46,KR,3.2442132346332073,96
sign_test_og_cel0.0__norm_spectral_radius,new_cel_removed_chunk_9,46,MC,4.280232818176349,96
sign_test_og_cel0.0__norm_spectral_radius,new_cel_removed_chunk_9,46,cosine_similarity,0.6422551870346069,96
sign_test_og_cel0.0__norm_spectral_radius,new_cel_removed_chunk_9,46,kl_to_gaussian,1.1739684932026504,96
sign_test_og_cel0.0__norm_spectral_radius,new_cel_removed_chunk_9,46,wt_mean,0.0014324374205898,96
sign_test_og_cel0.0__norm_spectral_radius,new_cel_removed_chunk_9,47,GR,5.987732703487079,96
sign_test_og_cel0.0__norm_spectral_radius,new_cel_removed_chunk_9,47,IPC,7.546142158539314,96
sign_test_og_cel0.0__norm_spectral_radius,new_cel_removed_chunk_9,47,KR,3.7262726550300918,96
sign_test_og_cel0.0__norm_spectral_radius,new_cel_removed_chunk_9,47,MC,4.569045667846997,96
sign_test_og_cel0.0__norm_spectral_radius,new_cel_removed_chunk_9,47,cosine_similarity,0.6422551870346069,96
sign_test_og_cel0.0__norm_spectral_radius,new_cel_removed_chunk_9,47,kl_to_gaussian,1.1739684932026504,96
sign_test_og_cel0.0__norm_spectral_radius,new_cel_removed_chunk_9,47,wt_mean,0.0014324374205898,96
sign_test_og_cel0.0__norm_spectral_radius,new_cel_removed_chunk_9,48,GR,5.823160233596961,96
sign_test_og_cel0.0__norm_spectral_radius,new_cel_removed_chunk_9,48,IPC,8.370594426384358,96
sign_test_og_cel0.0__norm_spectral_radius,new_cel_removed_chunk_9,48,KR,3.6863514433304467,96
sign_test_og_cel0.0__norm_spectral_radius,new_cel_removed_chunk_9,48,MC,4.709297942618529,96
sign_test_og_cel0.0__norm_spectral_radius,new_cel_removed_chunk_9,48,cosine_similarity,0.6422551870346069,96
sign_test_og_cel0.0__norm_spectral_radius,new_cel_removed_chunk_9,48,kl_to_gaussian,1.1739684932026504,96
sign_test_og_cel0.0__norm_spectral_radius,new_cel_removed_chunk_9,48,wt_mean,0.0014324374205898,96
sign_test_og_cel0.0__norm_spectral_radius,new_cel_removed_chunk_9,49,GR,6.170457156995933,96
sign_test_og_cel0.0__norm_spectral_radius,new_cel_removed_chunk_9,49,IPC,8.21056857795803,96
sign_test_og_cel0.0__norm_spectral_radius,new_cel_removed_chunk_9,49,KR,3.8452602587640285,96
sign_test_og_cel0.0__norm_spectral_radius,new_cel_removed_chunk_9,49,MC,4.633751404782136,96
sign_test_og_cel0.0__norm_spectral_radius,new_cel_removed_chunk_9,49,cosine_similarity,0.6422551870346069,96
sign_test_og_cel0.0__norm_spectral_radius,new_cel_removed_chunk_9,49,kl_to_gaussian,1.1739684932026504,96
sign_test_og_cel0.0__norm_spectral_radius,new_cel_removed_chunk_9,49,wt_mean,0.0014324374205898,96
sign_test_og_cel0.2425287356321839__norm_original_radius,new_cel_removed_chunk_0,0,GR,5.972206347932418,96
sign_test_og_cel0.2425287356321839__norm_original_radius,new_cel_removed_chunk_0,0,IPC,8.376528853734353,96
sign_test_og_cel0.2425287356321839__norm_original_radius,new_cel_removed_chunk_0,0,KR,3.596710873146852,96
sign_test_og_cel0.2425287356321839__norm_original_radius,new_cel_removed_chunk_0,0,MC,4.8190243517359095,96
sign_test_og_cel0.2425287356321839__norm_original_radius,new_cel_removed_chunk_0,0,cosine_similarity,0.3119592517614364,96
sign_test_og_cel0.2425287356321839__norm_original_radius,new_cel_removed_chunk_0,0,kl_to_gaussian,1.1739684703756503,96
sign_test_og_cel0.2425287356321839__norm_original_radius,new_cel_removed_chunk_0,0,wt_mean,0.000756328896386475,96
sign_test_og_cel0.2425287356321839__norm_original_radius,new_cel_removed_chunk_0,1,GR,5.885123208165169,96
sign_test_og_cel0.2425287356321839__norm_original_radius,new_cel_removed_chunk_0,1,IPC,7.965393801895222,96
sign_test_og_cel0.2425287356321839__norm_original_radius,new_cel_removed_chunk_0,1,KR,3.5698522043724856,96
sign_test_og_cel0.2425287356321839__norm_original_radius,new_cel_removed_chunk_0,1,MC,4.269817875077327,96
sign_test_og_cel0.2425287356321839__norm_original_radius,new_cel_removed_chunk_0,1,cosine_similarity,0.3597992658615112,96
sign_test_og_cel0.2425287356321839__norm_original_radius,new_cel_removed_chunk_0,1,kl_to_gaussian,1.1739684703756503,96
sign_test_og_cel0.2425287356321839__norm_original_radius,new_cel_removed_chunk_0,1,wt_mean,0.0008723145292605501,96
sign_test_og_cel0.2425287356321839__norm_original_radius,new_cel_removed_chunk_0,2,GR,6.07751668492953,96
sign_test_og_cel0.2425287356321839__norm_original_radius,new_cel_removed_chunk_0,2,IPC,7.902643522872283,96
sign_test_og_cel0.2425287356321839__norm_original_radius,new_cel_removed_chunk_0,2,KR,3.5872529856860638,96
sign_test_og_cel0.2425287356321839__norm_original_radius,new_cel_removed_chunk_0,2,MC,4.666681356728077,96
sign_test_og_cel0.2425287356321839__norm_original_radius,new_cel_removed_chunk_0,2,cosine_similarity,0.3357029408216476,96
sign_test_og_cel0.2425287356321839__norm_original_radius,new_cel_removed_chunk_0,2,kl_to_gaussian,1.1739684703756503,96
sign_test_og_cel0.2425287356321839__norm_original_radius,new_cel_removed_chunk_0,2,wt_mean,0.000813894235761775,96
sign_test_og_cel0.2425287356321839__norm_original_radius,new_cel_removed_chunk_0,3,GR,6.520057498166959,96
sign_test_og_cel0.2425287356321839__norm_original_radius,new_cel_removed_chunk_0,3,IPC,8.306302325778917,96
sign_test_og_cel0.2425287356321839__norm_original_radius,new_cel_removed_chunk_0,3,KR,3.7323505729436874,96
sign_test_og_cel0.2425287356321839__norm_original_radius,new_cel_removed_chunk_0,3,MC,4.741116603215535,96
sign_test_og_cel0.2425287356321839__norm_original_radius,new_cel_removed_chunk_0,3,cosine_similarity,0.3463993594050407,96
sign_test_og_cel0.2425287356321839__norm_original_radius,new_cel_removed_chunk_0,3,kl_to_gaussian,1.1739684703756503,96
sign_test_og_cel0.2425287356321839__norm_original_radius,new_cel_removed_chunk_0,3,wt_mean,0.0008398271602345001,96
sign_test_og_cel0.2425287356321839__norm_original_radius,new_cel_removed_chunk_0,4,GR,5.520321988811095,96
sign_test_og_cel0.2425287356321839__norm_original_radius,new_cel_removed_chunk_0,4,IPC,7.678471217554889,96
sign_test_og_cel0.2425287356321839__norm_original_radius,new_cel_removed_chunk_0,4,KR,3.2459342777729034,96
sign_test_og_cel0.2425287356321839__norm_original_radius,new_cel_removed_chunk_0,4,MC,4.090197732051213,96
sign_test_og_cel0.2425287356321839__norm_original_radius,new_cel_removed_chunk_0,4,cosine_similarity,0.304789125919342,96
sign_test_og_cel0.2425287356321839__norm_original_radius,new_cel_removed_chunk_0,4,kl_to_gaussian,1.1739684703756503,96
sign_test_og_cel0.2425287356321839__norm_original_radius,new_cel_removed_chunk_0,4,wt_mean,0.0007389452948700499,96
sign_test_og_cel0.2425287356321839__norm_original_radius,new_cel_removed_chunk_1,5,GR,4.88426248729229,96
sign_test_og_cel0.2425287356321839__norm_original_radius,new_cel_removed_chunk_1,5,IPC,8.446712204938516,96
sign_test_og_cel0.2425287356321839__norm_original_radius,new_cel_removed_chunk_1,5,KR,3.1053314035137496,96
sign_test_og_cel0.2425287356321839__norm_original_radius,new_cel_removed_chunk_1,5,MC,4.818054345746835,96
sign_test_og_cel0.2425287356321839__norm_original_radius,new_cel_removed_chunk_1,5,cosine_similarity,0.32912055402994156,96
sign_test_og_cel0.2425287356321839__norm_original_radius,new_cel_removed_chunk_1,5,kl_to_gaussian,1.1739684703756503,96
sign_test_og_cel0.2425287356321839__norm_original_radius,new_cel_removed_chunk_1,5,wt_mean,0.00079793551412875,96
sign_test_og_cel0.2425287356321839__norm_original_radius,new_cel_removed_chunk_1,6,GR,5.645943745970726,96
sign_test_og_cel0.2425287356321839__norm_original_radius,new_cel_removed_chunk_1,6,IPC,8.24327526078973,96
sign_test_og_cel0.2425287356321839__norm_original_radius,new_cel_removed_chunk_1,6,KR,3.505844877411922,96
sign_test_og_cel0.2425287356321839__norm_original_radius,new_cel_removed_chunk_1,6,MC,4.7074131816625595,96
sign_test_og_cel0.2425287356321839__norm_original_radius,new_cel_removed_chunk_1,6,cosine_similarity,0.3613273352384567,96
sign_test_og_cel0.2425287356321839__norm_original_radius,new_cel_removed_chunk_1,6,kl_to_gaussian,1.1739684703756503,96
sign_test_og_cel0.2425287356321839__norm_original_radius,new_cel_removed_chunk_1,6,wt_mean,0.0008760192140470501,96
sign_test_og_cel0.2425287356321839__norm_original_radius,new_cel_removed_chunk_1,7,GR,5.603858032574256,96
sign_test_og_cel0.2425287356321839__norm_original_radius,new_cel_removed_chunk_1,7,IPC,7.926394139519555,96
sign_test_og_cel0.2425287356321839__norm_original_radius,new_cel_removed_chunk_1,7,KR,3.2856839410960674,96
sign_test_og_cel0.2425287356321839__norm_original_radius,new_cel_removed_chunk_1,7,MC,4.48898999641339,96
sign_test_og_cel0.2425287356321839__norm_original_radius,new_cel_removed_chunk_1,7,cosine_similarity,0.32512407004833216,96
sign_test_og_cel0.2425287356321839__norm_original_radius,new_cel_removed_chunk_1,7,kl_to_gaussian,1.1739684703756503,96
sign_test_og_cel0.2425287356321839__norm_original_radius,new_cel_removed_chunk_1,7,wt_mean,0.0007882463105487999,96
sign_test_og_cel0.2425287356321839__norm_original_radius,new_cel_removed_chunk_1,8,GR,5.789425298571587,96
sign_test_og_cel0.2425287356321839__norm_original_radius,new_cel_removed_chunk_1,8,IPC,8.183352443163225,96
sign_test_og_cel0.2425287356321839__norm_original_radius,new_cel_removed_chunk_1,8,KR,3.3180410911639533,96
sign_test_og_cel0.2425287356321839__norm_original_radius,new_cel_removed_chunk_1,8,MC,4.245889755586783,96
sign_test_og_cel0.2425287356321839__norm_original_radius,new_cel_removed_chunk_1,8,cosine_similarity,0.31654344499111176,96
sign_test_og_cel0.2425287356321839__norm_original_radius,new_cel_removed_chunk_1,8,kl_to_gaussian,1.1739684703756503,96
sign_test_og_cel0.2425287356321839__norm_original_radius,new_cel_removed_chunk_1,8,wt_mean,0.0007674430089536751,96
sign_test_og_cel0.2425287356321839__norm_original_radius,new_cel_removed_chunk_1,9,GR,5.230431041369836,96
sign_test_og_cel0.2425287356321839__norm_original_radius,new_cel_removed_chunk_1,9,IPC,8.037963235234242,96
sign_test_og_cel0.2425287356321839__norm_original_radius,new_cel_removed_chunk_1,9,KR,3.1716442791124186,96
sign_test_og_cel0.2425287356321839__norm_original_radius,new_cel_removed_chunk_1,9,MC,4.190816447138786,96
sign_test_og_cel0.2425287356321839__norm_original_radius,new_cel_removed_chunk_1,9,cosine_similarity,0.3480449765920639,96
sign_test_og_cel0.2425287356321839__norm_original_radius,new_cel_removed_chunk_1,9,kl_to_gaussian,1.1739684703756503,96
sign_test_og_cel0.2425287356321839__norm_original_radius,new_cel_removed_chunk_1,9,wt_mean,0.0008438168588326751,96
sign_test_og_cel0.2425287356321839__norm_original_radius,new_cel_removed_chunk_10,50,GR,5.334971542159717,96
sign_test_og_cel0.2425287356321839__norm_original_radius,new_cel_removed_chunk_10,50,IPC,8.602919747730667,96
sign_test_og_cel0.2425287356321839__norm_original_radius,new_cel_removed_chunk_10,50,KR,3.3784267169733844,96
sign_test_og_cel0.2425287356321839__norm_original_radius,new_cel_removed_chunk_10,50,MC,4.849178768694401,96
sign_test_og_cel0.2425287356321839__norm_original_radius,new_cel_removed_chunk_10,50,cosine_similarity,0.319011852145195,96
sign_test_og_cel0.2425287356321839__norm_original_radius,new_cel_removed_chunk_10,50,kl_to_gaussian,1.1739684703756503,96
sign_test_og_cel0.2425287356321839__norm_original_radius,new_cel_removed_chunk_10,50,wt_mean,0.000773427484091325,96
sign_test_og_cel0.2425287356321839__norm_original_radius,new_cel_removed_chunk_10,51,GR,5.950449462980032,96
sign_test_og_cel0.2425287356321839__norm_original_radius,new_cel_removed_chunk_10,51,IPC,8.250877238726135,96
sign_test_og_cel0.2425287356321839__norm_original_radius,new_cel_removed_chunk_10,51,KR,3.593516420572996,96
sign_test_og_cel0.2425287356321839__norm_original_radius,new_cel_removed_chunk_10,51,MC,4.62242891266942,96
sign_test_og_cel0.2425287356321839__norm_original_radius,new_cel_removed_chunk_10,51,cosine_similarity,0.3415800929069519,96
sign_test_og_cel0.2425287356321839__norm_original_radius,new_cel_removed_chunk_10,51,kl_to_gaussian,1.1739684703756503,96
sign_test_og_cel0.2425287356321839__norm_original_radius,new_cel_removed_chunk_10,51,wt_mean,0.000828143092803625,96
sign_test_og_cel0.2425287356321839__norm_original_radius,new_cel_removed_chunk_10,52,GR,5.627168220778306,96
sign_test_og_cel0.2425287356321839__norm_original_radius,new_cel_removed_chunk_10,52,IPC,8.259012641756573,96
sign_test_og_cel0.2425287356321839__norm_original_radius,new_cel_removed_chunk_10,52,KR,3.458163432776928,96
sign_test_og_cel0.2425287356321839__norm_original_radius,new_cel_removed_chunk_10,52,MC,4.900400514403979,96
sign_test_og_cel0.2425287356321839__norm_original_radius,new_cel_removed_chunk_10,52,cosine_similarity,0.3166609779000282,96
sign_test_og_cel0.2425287356321839__norm_original_radius,new_cel_removed_chunk_10,52,kl_to_gaussian,1.1739684703756503,96
sign_test_og_cel0.2425287356321839__norm_original_radius,new_cel_removed_chunk_10,52,wt_mean,0.0007677279645576501,96
sign_test_og_cel0.2425287356321839__norm_original_radius,new_cel_removed_chunk_10,53,GR,6.134938135743141,96
sign_test_og_cel0.2425287356321839__norm_original_radius,new_cel_removed_chunk_10,53,IPC,7.730974612408165,96
sign_test_og_cel0.2425287356321839__norm_original_radius,new_cel_removed_chunk_10,53,KR,3.7321318897108235,96
sign_test_og_cel0.2425287356321839__norm_original_radius,new_cel_removed_chunk_10,53,MC,4.586228561898072,96
sign_test_og_cel0.2425287356321839__norm_original_radius,new_cel_removed_chunk_10,53,cosine_similarity,0.33064861595630646,96
sign_test_og_cel0.2425287356321839__norm_original_radius,new_cel_removed_chunk_10,53,kl_to_gaussian,1.1739684703756503,96
sign_test_og_cel0.2425287356321839__norm_original_radius,new_cel_removed_chunk_10,53,wt_mean,0.00080164022801905,96
sign_test_og_cel0.2425287356321839__norm_original_radius,new_cel_removed_chunk_10,54,GR,5.442668883750836,96
sign_test_og_cel0.2425287356321839__norm_original_radius,new_cel_removed_chunk_10,54,IPC,7.844634987515636,96
sign_test_og_cel0.2425287356321839__norm_original_radius,new_cel_removed_chunk_10,54,KR,3.371857920040687,96
sign_test_og_cel0.2425287356321839__norm_original_radius,new_cel_removed_chunk_10,54,MC,4.555973234275977,96
sign_test_og_cel0.2425287356321839__norm_original_radius,new_cel_removed_chunk_10,54,cosine_similarity,0.3527466878294945,96
sign_test_og_cel0.2425287356321839__norm_original_radius,new_cel_removed_chunk_10,54,kl_to_gaussian,1.1739684703756503,96
sign_test_og_cel0.2425287356321839__norm_original_radius,new_cel_removed_chunk_10,54,wt_mean,0.000855215927003825,96
sign_test_og_cel0.2425287356321839__norm_original_radius,new_cel_removed_chunk_11,55,GR,6.475528284907341,96
sign_test_og_cel0.2425287356321839__norm_original_radius,new_cel_removed_chunk_11,55,IPC,8.48953978797337,96
sign_test_og_cel0.2425287356321839__norm_original_radius,new_cel_removed_chunk_11,55,KR,3.8252414539456367,96
sign_test_og_cel0.2425287356321839__norm_original_radius,new_cel_removed_chunk_11,55,MC,4.772681302080552,96
sign_test_og_cel0.2425287356321839__norm_original_radius,new_cel_removed_chunk_11,55,cosine_similarity,0.3495730236172676,96
sign_test_og_cel0.2425287356321839__norm_original_radius,new_cel_removed_chunk_11,55,kl_to_gaussian,1.1739684703756503,96
sign_test_og_cel0.2425287356321839__norm_original_radius,new_cel_removed_chunk_11,55,wt_mean,0.0008475215436191501,96
sign_test_og_cel0.2425287356321839__norm_original_radius,new_cel_removed_chunk_11,56,GR,6.045863835761945,96
sign_test_og_cel0.2425287356321839__norm_original_radius,new_cel_removed_chunk_11,56,IPC,8.444745475384051,96
sign_test_og_cel0.2425287356321839__norm_original_radius,new_cel_removed_chunk_11,56,KR,3.684869838257631,96
sign_test_og_cel0.2425287356321839__norm_original_radius,new_cel_removed_chunk_11,56,MC,4.622197171052297,96
sign_test_og_cel0.2425287356321839__norm_original_radius,new_cel_removed_chunk_11,56,cosine_similarity,0.3339397758245468,96
sign_test_og_cel0.2425287356321839__norm_original_radius,new_cel_removed_chunk_11,56,kl_to_gaussian,1.1739684703756503,96
sign_test_og_cel0.2425287356321839__norm_original_radius,new_cel_removed_chunk_11,56,wt_mean,0.0008096196106634501,96
sign_test_og_cel0.2425287356321839__norm_original_radius,new_cel_removed_chunk_11,57,GR,5.656395516047875,96
sign_test_og_cel0.2425287356321839__norm_original_radius,new_cel_removed_chunk_11,57,IPC,8.36236584724633,96
sign_test_og_cel0.2425287356321839__norm_original_radius,new_cel_removed_chunk_11,57,KR,3.299066742261251,96
sign_test_og_cel0.2425287356321839__norm_original_radius,new_cel_removed_chunk_11,57,MC,4.657659659783046,96
sign_test_og_cel0.2425287356321839__norm_original_radius,new_cel_removed_chunk_11,57,cosine_similarity,0.32242058962583536,96
sign_test_og_cel0.2425287356321839__norm_original_radius,new_cel_removed_chunk_11,57,kl_to_gaussian,1.1739684703756503,96
sign_test_og_cel0.2425287356321839__norm_original_radius,new_cel_removed_chunk_11,57,wt_mean,0.000781691822339725,96
sign_test_og_cel0.2425287356321839__norm_original_radius,new_cel_removed_chunk_11,58,GR,5.589313956598441,96
sign_test_og_cel0.2425287356321839__norm_original_radius,new_cel_removed_chunk_11,58,IPC,7.779015100566923,96
sign_test_og_cel0.2425287356321839__norm_original_radius,new_cel_removed_chunk_11,58,KR,3.307680208235979,96
sign_test_og_cel0.2425287356321839__norm_original_radius,new_cel_removed_chunk_11,58,MC,4.190603813777368,96
sign_test_og_cel0.2425287356321839__norm_original_radius,new_cel_removed_chunk_11,58,cosine_similarity,0.3435783237218857,96
sign_test_og_cel0.2425287356321839__norm_original_radius,new_cel_removed_chunk_11,58,kl_to_gaussian,1.1739684703756503,96
sign_test_og_cel0.2425287356321839__norm_original_radius,new_cel_removed_chunk_11,58,wt_mean,0.0008329877018695249,96
sign_test_og_cel0.2425287356321839__norm_original_radius,new_cel_removed_chunk_11,59,GR,5.5480368956923485,96
sign_test_og_cel0.2425287356321839__norm_original_radius,new_cel_removed_chunk_11,59,IPC,8.120319638469763,96
sign_test_og_cel0.2425287356321839__norm_original_radius,new_cel_removed_chunk_11,59,KR,3.357227681825558,96
sign_test_og_cel0.2425287356321839__norm_original_radius,new_cel_removed_chunk_11,59,MC,4.338193895916144,96
sign_test_og_cel0.2425287356321839__norm_original_radius,new_cel_removed_chunk_11,59,cosine_similarity,0.3131346851587295,96
sign_test_og_cel0.2425287356321839__norm_original_radius,new_cel_removed_chunk_11,59,kl_to_gaussian,1.1739684703756503,96
sign_test_og_cel0.2425287356321839__norm_original_radius,new_cel_removed_chunk_11,59,wt_mean,0.00075917867070525,96
sign_test_og_cel0.2425287356321839__norm_original_radius,new_cel_removed_chunk_12,60,GR,6.2883374728262424,96
sign_test_og_cel0.2425287356321839__norm_original_radius,new_cel_removed_chunk_12,60,IPC,8.247382033294015,96
sign_test_og_cel0.2425287356321839__norm_original_radius,new_cel_removed_chunk_12,60,KR,3.8451317821939788,96
sign_test_og_cel0.2425287356321839__norm_original_radius,new_cel_removed_chunk_12,60,MC,4.62802813326319,96
sign_test_og_cel0.2425287356321839__norm_original_radius,new_cel_removed_chunk_12,60,cosine_similarity,0.3313538655638695,96
sign_test_og_cel0.2425287356321839__norm_original_radius,new_cel_removed_chunk_12,60,kl_to_gaussian,1.1739684703756503,96
sign_test_og_cel0.2425287356321839__norm_original_radius,new_cel_removed_chunk_12,60,wt_mean,0.0008033501071622,96
sign_test_og_cel0.2425287356321839__norm_original_radius,new_cel_removed_chunk_12,61,GR,5.521609767029683,96
sign_test_og_cel0.2425287356321839__norm_original_radius,new_cel_removed_chunk_12,61,IPC,8.777127456789314,96
sign_test_og_cel0.2425287356321839__norm_original_radius,new_cel_removed_chunk_12,61,KR,3.2501350392897925,96
sign_test_og_cel0.2425287356321839__norm_original_radius,new_cel_removed_chunk_12,61,MC,4.4719598678251105,96
sign_test_og_cel0.2425287356321839__norm_original_radius,new_cel_removed_chunk_12,61,cosine_similarity,0.3305310532450676,96
sign_test_og_cel0.2425287356321839__norm_original_radius,new_cel_removed_chunk_12,61,kl_to_gaussian,1.1739684703756503,96
sign_test_og_cel0.2425287356321839__norm_original_radius,new_cel_removed_chunk_12,61,wt_mean,0.0008013552578631499,96
sign_test_og_cel0.2425287356321839__norm_original_radius,new_cel_removed_chunk_12,62,GR,5.112077105790377,96
sign_test_og_cel0.2425287356321839__norm_original_radius,new_cel_removed_chunk_12,62,IPC,8.347370968900242,96
sign_test_og_cel0.2425287356321839__norm_original_radius,new_cel_removed_chunk_12,62,KR,3.164571793129047,96
sign_test_og_cel0.2425287356321839__norm_original_radius,new_cel_removed_chunk_12,62,MC,4.785934368769328,96
sign_test_og_cel0.2425287356321839__norm_original_radius,new_cel_removed_chunk_12,62,cosine_similarity,0.3240661919116974,96
sign_test_og_cel0.2425287356321839__norm_original_radius,new_cel_removed_chunk_12,62,kl_to_gaussian,1.1739684703756503,96
sign_test_og_cel0.2425287356321839__norm_original_radius,new_cel_removed_chunk_12,62,wt_mean,0.0007856815354897751,96
sign_test_og_cel0.2425287356321839__norm_original_radius,new_cel_removed_chunk_12,63,GR,6.170920643955469,96
sign_test_og_cel0.2425287356321839__norm_original_radius,new_cel_removed_chunk_12,63,IPC,8.306475884287577,96
sign_test_og_cel0.2425287356321839__norm_original_radius,new_cel_removed_chunk_12,63,KR,3.696994928022226,96
sign_test_og_cel0.2425287356321839__norm_original_radius,new_cel_removed_chunk_12,63,MC,4.807363414516051,96
sign_test_og_cel0.2425287356321839__norm_original_radius,new_cel_removed_chunk_12,63,cosine_similarity,0.3360555842518806,96
sign_test_og_cel0.2425287356321839__norm_original_radius,new_cel_removed_chunk_12,63,kl_to_gaussian,1.1739684703756503,96
sign_test_og_cel0.2425287356321839__norm_original_radius,new_cel_removed_chunk_12,63,wt_mean,0.0008147491898852751,96
sign_test_og_cel0.2425287356321839__norm_original_radius,new_cel_removed_chunk_12,64,GR,5.48969820017616,96
sign_test_og_cel0.2425287356321839__norm_original_radius,new_cel_removed_chunk_12,64,IPC,8.15178119944508,96
sign_test_og_cel0.2425287356321839__norm_original_radius,new_cel_removed_chunk_12,64,KR,3.3252158587177596,96
sign_test_og_cel0.2425287356321839__norm_original_radius,new_cel_removed_chunk_12,64,MC,4.332465264946222,96
sign_test_og_cel0.2425287356321839__norm_original_radius,new_cel_removed_chunk_12,64,cosine_similarity,0.3412274718284607,96
sign_test_og_cel0.2425287356321839__norm_original_radius,new_cel_removed_chunk_12,64,kl_to_gaussian,1.1739684703756503,96
sign_test_og_cel0.2425287356321839__norm_original_radius,new_cel_removed_chunk_12,64,wt_mean,0.000827288109576275,96
sign_test_og_cel0.2425287356321839__norm_original_radius,new_cel_removed_chunk_13,65,GR,5.444517298291127,96
sign_test_og_cel0.2425287356321839__norm_original_radius,new_cel_removed_chunk_13,65,IPC,8.20517608392041,96
sign_test_og_cel0.2425287356321839__norm_original_radius,new_cel_removed_chunk_13,65,KR,3.304786273588737,96
sign_test_og_cel0.2425287356321839__norm_original_radius,new_cel_removed_chunk_13,65,MC,4.62361021215717,96
sign_test_og_cel0.2425287356321839__norm_original_radius,new_cel_removed_chunk_13,65,cosine_similarity,0.3512186333537102,96
sign_test_og_cel0.2425287356321839__norm_original_radius,new_cel_removed_chunk_13,65,kl_to_gaussian,1.1739684703756503,96
sign_test_og_cel0.2425287356321839__norm_original_radius,new_cel_removed_chunk_13,65,wt_mean,0.0008515112131135,96
sign_test_og_cel0.2425287356321839__norm_original_radius,new_cel_removed_chunk_13,66,GR,5.2057789998749895,96
sign_test_og_cel0.2425287356321839__norm_original_radius,new_cel_removed_chunk_13,66,IPC,8.313464480906065,96
sign_test_og_cel0.2425287356321839__norm_original_radius,new_cel_removed_chunk_13,66,KR,3.2679116018116474,96
sign_test_og_cel0.2425287356321839__norm_original_radius,new_cel_removed_chunk_13,66,MC,4.766875900328159,96
sign_test_og_cel0.2425287356321839__norm_original_radius,new_cel_removed_chunk_13,66,cosine_similarity,0.3625027537345886,96
sign_test_og_cel0.2425287356321839__norm_original_radius,new_cel_removed_chunk_13,66,kl_to_gaussian,1.1739684703756503,96
sign_test_og_cel0.2425287356321839__norm_original_radius,new_cel_removed_chunk_13,66,wt_mean,0.000878869017469675,96
sign_test_og_cel0.2425287356321839__norm_original_radius,new_cel_removed_chunk_13,67,GR,5.76856479421258,96
sign_test_og_cel0.2425287356321839__norm_original_radius,new_cel_removed_chunk_13,67,IPC,8.00579255468576,96
sign_test_og_cel0.2425287356321839__norm_original_radius,new_cel_removed_chunk_13,67,KR,3.501134652644396,96
sign_test_og_cel0.2425287356321839__norm_original_radius,new_cel_removed_chunk_13,67,MC,4.652143093446891,96
sign_test_og_cel0.2425287356321839__norm_original_radius,new_cel_removed_chunk_13,67,cosine_similarity,0.295620784163475,96
sign_test_og_cel0.2425287356321839__norm_original_radius,new_cel_removed_chunk_13,67,kl_to_gaussian,1.1739684703756503,96
sign_test_og_cel0.2425287356321839__norm_original_radius,new_cel_removed_chunk_13,67,wt_mean,0.000716717098839525,96
sign_test_og_cel0.2425287356321839__norm_original_radius,new_cel_removed_chunk_13,68,GR,5.717930515607198,96
sign_test_og_cel0.2425287356321839__norm_original_radius,new_cel_removed_chunk_13,68,IPC,7.665540800089521,96
sign_test_og_cel0.2425287356321839__norm_original_radius,new_cel_removed_chunk_13,68,KR,3.381897716472546,96
sign_test_og_cel0.2425287356321839__norm_original_radius,new_cel_removed_chunk_13,68,MC,4.2119026854634285,96
sign_test_og_cel0.2425287356321839__norm_original_radius,new_cel_removed_chunk_13,68,cosine_similarity,0.33828890323638916,96
sign_test_og_cel0.2425287356321839__norm_original_radius,new_cel_removed_chunk_13,68,kl_to_gaussian,1.1739684703756503,96
sign_test_og_cel0.2425287356321839__norm_original_radius,new_cel_removed_chunk_13,68,wt_mean,0.000820163753814975,96
sign_test_og_cel0.2425287356321839__norm_original_radius,new_cel_removed_chunk_13,69,GR,7.381215030948321,96
sign_test_og_cel0.2425287356321839__norm_original_radius,new_cel_removed_chunk_13,69,IPC,7.978302534119666,96
sign_test_og_cel0.2425287356321839__norm_original_radius,new_cel_removed_chunk_13,69,KR,4.230491099258264,96
sign_test_og_cel0.2425287356321839__norm_original_radius,new_cel_removed_chunk_13,69,MC,4.411758657544851,96
sign_test_og_cel0.2425287356321839__norm_original_radius,new_cel_removed_chunk_13,69,cosine_similarity,0.3321766629815101,96
sign_test_og_cel0.2425287356321839__norm_original_radius,new_cel_removed_chunk_13,69,kl_to_gaussian,1.1739684703756503,96
sign_test_og_cel0.2425287356321839__norm_original_radius,new_cel_removed_chunk_13,69,wt_mean,0.000805344912805525,96
sign_test_og_cel0.2425287356321839__norm_original_radius,new_cel_removed_chunk_14,70,GR,5.378517157087724,96
sign_test_og_cel0.2425287356321839__norm_original_radius,new_cel_removed_chunk_14,70,IPC,7.846534793240029,96
sign_test_og_cel0.2425287356321839__norm_original_radius,new_cel_removed_chunk_14,70,KR,3.2502314783632755,96
sign_test_og_cel0.2425287356321839__norm_original_radius,new_cel_removed_chunk_14,70,MC,4.3156677062312765,96
sign_test_og_cel0.2425287356321839__norm_original_radius,new_cel_removed_chunk_14,70,cosine_similarity,0.30949084460735315,96
sign_test_og_cel0.2425287356321839__norm_original_radius,new_cel_removed_chunk_14,70,kl_to_gaussian,1.1739684703756503,96
sign_test_og_cel0.2425287356321839__norm_original_radius,new_cel_removed_chunk_14,70,wt_mean,0.0007503443630411749,96
sign_test_og_cel0.2425287356321839__norm_original_radius,new_cel_removed_chunk_14,71,GR,5.000391325602929,96
sign_test_og_cel0.2425287356321839__norm_original_radius,new_cel_removed_chunk_14,71,IPC,8.315067870414072,96
sign_test_og_cel0.2425287356321839__norm_original_radius,new_cel_removed_chunk_14,71,KR,3.0649631010989347,96
sign_test_og_cel0.2425287356321839__norm_original_radius,new_cel_removed_chunk_14,71,MC,4.503194046517213,96
sign_test_og_cel0.2425287356321839__norm_original_radius,new_cel_removed_chunk_14,71,cosine_similarity,0.33523277938365936,96
sign_test_og_cel0.2425287356321839__norm_original_radius,new_cel_removed_chunk_14,71,kl_to_gaussian,1.1739684703756503,96
sign_test_og_cel0.2425287356321839__norm_original_radius,new_cel_removed_chunk_14,71,wt_mean,0.00081275431148235,96
sign_test_og_cel0.2425287356321839__norm_original_radius,new_cel_removed_chunk_14,72,GR,4.960685037076473,96
sign_test_og_cel0.2425287356321839__norm_original_radius,new_cel_removed_chunk_14,72,IPC,8.906662704202477,96
sign_test_og_cel0.2425287356321839__norm_original_radius,new_cel_removed_chunk_14,72,KR,3.0933407694101334,96
sign_test_og_cel0.2425287356321839__norm_original_radius,new_cel_removed_chunk_14,72,MC,4.984697297215462,96
sign_test_og_cel0.2425287356321839__norm_original_radius,new_cel_removed_chunk_14,72,cosine_similarity,0.29185939580202097,96
sign_test_og_cel0.2425287356321839__norm_original_radius,new_cel_removed_chunk_14,72,kl_to_gaussian,1.1739684703756503,96
sign_test_og_cel0.2425287356321839__norm_original_radius,new_cel_removed_chunk_14,72,wt_mean,0.0007075978501233749,96
sign_test_og_cel0.2425287356321839__norm_original_radius,new_cel_removed_chunk_14,73,GR,4.625216944764058,96
sign_test_og_cel0.2425287356321839__norm_original_radius,new_cel_removed_chunk_14,73,IPC,9.008168268015856,96
sign_test_og_cel0.2425287356321839__norm_original_radius,new_cel_removed_chunk_14,73,KR,2.926248005280892,96
sign_test_og_cel0.2425287356321839__norm_original_radius,new_cel_removed_chunk_14,73,MC,5.108710370957851,96
sign_test_og_cel0.2425287356321839__norm_original_radius,new_cel_removed_chunk_14,73,cosine_similarity,0.3259468525648117,96
sign_test_og_cel0.2425287356321839__norm_original_radius,new_cel_removed_chunk_14,73,kl_to_gaussian,1.1739684703756503,96
sign_test_og_cel0.2425287356321839__norm_original_radius,new_cel_removed_chunk_14,73,wt_mean,0.0007902411598478751,96
sign_test_og_cel0.2425287356321839__norm_original_radius,new_cel_removed_chunk_14,74,GR,5.933262432614963,96
sign_test_og_cel0.2425287356321839__norm_original_radius,new_cel_removed_chunk_14,74,IPC,8.36867315424613,96
sign_test_og_cel0.2425287356321839__norm_original_radius,new_cel_removed_chunk_14,74,KR,3.430254009862741,96
sign_test_og_cel0.2425287356321839__norm_original_radius,new_cel_removed_chunk_14,74,MC,4.5725536445776624,96
sign_test_og_cel0.2425287356321839__norm_original_radius,new_cel_removed_chunk_14,74,cosine_similarity,0.3171311467885971,96
sign_test_og_cel0.2425287356321839__norm_original_radius,new_cel_removed_chunk_14,74,kl_to_gaussian,1.1739684703756503,96
sign_test_og_cel0.2425287356321839__norm_original_radius,new_cel_removed_chunk_14,74,wt_mean,0.0007688679033889999,96
sign_test_og_cel0.2425287356321839__norm_original_radius,new_cel_removed_chunk_15,75,GR,5.803742727885644,96
sign_test_og_cel0.2425287356321839__norm_original_radius,new_cel_removed_chunk_15,75,IPC,8.240285822600969,96
sign_test_og_cel0.2425287356321839__norm_original_radius,new_cel_removed_chunk_15,75,KR,3.5598341561853886,96
sign_test_og_cel0.2425287356321839__norm_original_radius,new_cel_removed_chunk_15,75,MC,4.582552656531334,96
sign_test_og_cel0.2425287356321839__norm_original_radius,new_cel_removed_chunk_15,75,cosine_similarity,0.3000873997807502,96
sign_test_og_cel0.2425287356321839__norm_original_radius,new_cel_removed_chunk_15,75,kl_to_gaussian,1.1739684703756503,96
sign_test_og_cel0.2425287356321839__norm_original_radius,new_cel_removed_chunk_15,75,wt_mean,0.000727546241250775,96
sign_test_og_cel0.2425287356321839__norm_original_radius,new_cel_removed_chunk_15,76,GR,6.347292557358742,96
sign_test_og_cel0.2425287356321839__norm_original_radius,new_cel_removed_chunk_15,76,IPC,8.285635334869974,96
sign_test_og_cel0.2425287356321839__norm_original_radius,new_cel_removed_chunk_15,76,KR,3.8395987475911775,96
sign_test_og_cel0.2425287356321839__norm_original_radius,new_cel_removed_chunk_15,76,MC,4.777150506774585,96
sign_test_og_cel0.2425287356321839__norm_original_radius,new_cel_removed_chunk_15,76,cosine_similarity,0.33523277938365936,96
sign_test_og_cel0.2425287356321839__norm_original_radius,new_cel_removed_chunk_15,76,kl_to_gaussian,1.1739684703756503,96
sign_test_og_cel0.2425287356321839__norm_original_radius,new_cel_removed_chunk_15,76,wt_mean,0.000812754340586175,96
sign_test_og_cel0.2425287356321839__norm_original_radius,new_cel_removed_chunk_15,77,GR,5.938283155361812,96
sign_test_og_cel0.2425287356321839__norm_original_radius,new_cel_removed_chunk_15,77,IPC,7.874405181452187,96
sign_test_og_cel0.2425287356321839__norm_original_radius,new_cel_removed_chunk_15,77,KR,3.647607773542404,96
sign_test_og_cel0.2425287356321839__norm_original_radius,new_cel_removed_chunk_15,77,MC,4.467402582367261,96
sign_test_og_cel0.2425287356321839__norm_original_radius,new_cel_removed_chunk_15,77,cosine_similarity,0.3538045734167099,96
sign_test_og_cel0.2425287356321839__norm_original_radius,new_cel_removed_chunk_15,77,kl_to_gaussian,1.1739684703756503,96
sign_test_og_cel0.2425287356321839__norm_original_radius,new_cel_removed_chunk_15,77,wt_mean,0.0008577807020628249,96
sign_test_og_cel0.2425287356321839__norm_original_radius,new_cel_removed_chunk_15,78,GR,6.039141580462456,96
sign_test_og_cel0.2425287356321839__norm_original_radius,new_cel_removed_chunk_15,78,IPC,8.830237243430672,96
sign_test_og_cel0.2425287356321839__norm_original_radius,new_cel_removed_chunk_15,78,KR,3.595559479047855,96
sign_test_og_cel0.2425287356321839__norm_original_radius,new_cel_removed_chunk_15,78,MC,5.02352412417531,96
sign_test_og_cel0.2425287356321839__norm_original_radius,new_cel_removed_chunk_15,78,cosine_similarity,0.3502782732248306,96
sign_test_og_cel0.2425287356321839__norm_original_radius,new_cel_removed_chunk_15,78,kl_to_gaussian,1.1739684703756503,96
sign_test_og_cel0.2425287356321839__norm_original_radius,new_cel_removed_chunk_15,78,wt_mean,0.000849231364554675,96
sign_test_og_cel0.2425287356321839__norm_original_radius,new_cel_removed_chunk_15,79,GR,5.744808467725913,96
sign_test_og_cel0.2425287356321839__norm_original_radius,new_cel_removed_chunk_15,79,IPC,8.516498896975166,96
sign_test_og_cel0.2425287356321839__norm_original_radius,new_cel_removed_chunk_15,79,KR,3.3610854434470334,96
sign_test_og_cel0.2425287356321839__norm_original_radius,new_cel_removed_chunk_15,79,MC,4.548528611660004,96
sign_test_og_cel0.2425287356321839__norm_original_radius,new_cel_removed_chunk_15,79,cosine_similarity,0.3199521750211715,96
sign_test_og_cel0.2425287356321839__norm_original_radius,new_cel_removed_chunk_15,79,kl_to_gaussian,1.1739684703756503,96
sign_test_og_cel0.2425287356321839__norm_original_radius,new_cel_removed_chunk_15,79,wt_mean,0.00077570734720205,96
sign_test_og_cel0.2425287356321839__norm_original_radius,new_cel_removed_chunk_16,80,GR,5.667077980935574,96
sign_test_og_cel0.2425287356321839__norm_original_radius,new_cel_removed_chunk_16,80,IPC,7.611706505654694,96
sign_test_og_cel0.2425287356321839__norm_original_radius,new_cel_removed_chunk_16,80,KR,3.428013652563095,96
sign_test_og_cel0.2425287356321839__norm_original_radius,new_cel_removed_chunk_16,80,MC,4.4566808342933655,96
sign_test_og_cel0.2425287356321839__norm_original_radius,new_cel_removed_chunk_16,80,cosine_similarity,0.3106662854552269,96
sign_test_og_cel0.2425287356321839__norm_original_radius,new_cel_removed_chunk_16,80,kl_to_gaussian,1.1739684703756503,96
sign_test_og_cel0.2425287356321839__norm_original_radius,new_cel_removed_chunk_16,80,wt_mean,0.00075319415191185,96
sign_test_og_cel0.2425287356321839__norm_original_radius,new_cel_removed_chunk_16,81,GR,6.0477624001602335,96
sign_test_og_cel0.2425287356321839__norm_original_radius,new_cel_removed_chunk_16,81,IPC,7.318733444990149,96
sign_test_og_cel0.2425287356321839__norm_original_radius,new_cel_removed_chunk_16,81,KR,3.5992344729602337,96
sign_test_og_cel0.2425287356321839__norm_original_radius,new_cel_removed_chunk_16,81,MC,4.21946681663394,96
sign_test_og_cel0.2425287356321839__norm_original_radius,new_cel_removed_chunk_16,81,cosine_similarity,0.3482800498604774,96
sign_test_og_cel0.2425287356321839__norm_original_radius,new_cel_removed_chunk_16,81,kl_to_gaussian,1.1739684703756503,96
sign_test_og_cel0.2425287356321839__norm_original_radius,new_cel_removed_chunk_16,81,wt_mean,0.0008443868136964,96
sign_test_og_cel0.2425287356321839__norm_original_radius,new_cel_removed_chunk_16,82,GR,5.410148003449042,96
sign_test_og_cel0.2425287356321839__norm_original_radius,new_cel_removed_chunk_16,82,IPC,7.560629941902195,96
sign_test_og_cel0.2425287356321839__norm_original_radius,new_cel_removed_chunk_16,82,KR,3.3559447303414345,96
sign_test_og_cel0.2425287356321839__norm_original_radius,new_cel_removed_chunk_16,82,MC,4.399610086033742,96
sign_test_og_cel0.2425287356321839__norm_original_radius,new_cel_removed_chunk_16,82,cosine_similarity,0.3442835956811905,96
sign_test_og_cel0.2425287356321839__norm_original_radius,new_cel_removed_chunk_16,82,kl_to_gaussian,1.1739684703756503,96
sign_test_og_cel0.2425287356321839__norm_original_radius,new_cel_removed_chunk_16,82,wt_mean,0.00083469753735695,96
sign_test_og_cel0.2425287356321839__norm_original_radius,new_cel_removed_chunk_16,83,GR,5.5820744062463445,96
sign_test_og_cel0.2425287356321839__norm_original_radius,new_cel_removed_chunk_16,83,IPC,6.99395749271115,96
sign_test_og_cel0.2425287356321839__norm_original_radius,new_cel_removed_chunk_16,83,KR,3.293436747044325,96
sign_test_og_cel0.2425287356321839__norm_original_radius,new_cel_removed_chunk_16,83,MC,3.9567965703705945,96
sign_test_og_cel0.2425287356321839__norm_original_radius,new_cel_removed_chunk_16,83,cosine_similarity,0.32101008296012873,96
sign_test_og_cel0.2425287356321839__norm_original_radius,new_cel_removed_chunk_16,83,kl_to_gaussian,1.1739684703756503,96
sign_test_og_cel0.2425287356321839__norm_original_radius,new_cel_removed_chunk_16,83,wt_mean,0.0007782721077091501,96
sign_test_og_cel0.2425287356321839__norm_original_radius,new_cel_removed_chunk_16,84,GR,5.045247384657462,96
sign_test_og_cel0.2425287356321839__norm_original_radius,new_cel_removed_chunk_16,84,IPC,7.903335996587331,96
sign_test_og_cel0.2425287356321839__norm_original_radius,new_cel_removed_chunk_16,84,KR,3.138038186977307,96
sign_test_og_cel0.2425287356321839__norm_original_radius,new_cel_removed_chunk_16,84,MC,4.766662099709113,96
sign_test_og_cel0.2425287356321839__norm_original_radius,new_cel_removed_chunk_16,84,cosine_similarity,0.3274749368429184,96
sign_test_og_cel0.2425287356321839__norm_original_radius,new_cel_removed_chunk_16,84,kl_to_gaussian,1.1739684703756503,96
sign_test_og_cel0.2425287356321839__norm_original_radius,new_cel_removed_chunk_16,84,wt_mean,0.0007939458882901249,96
sign_test_og_cel0.2425287356321839__norm_original_radius,new_cel_removed_chunk_17,85,GR,5.501268316060305,96
sign_test_og_cel0.2425287356321839__norm_original_radius,new_cel_removed_chunk_17,85,IPC,7.792000179392237,96
sign_test_og_cel0.2425287356321839__norm_original_radius,new_cel_removed_chunk_17,85,KR,3.188723894457022,96
sign_test_og_cel0.2425287356321839__norm_original_radius,new_cel_removed_chunk_17,85,MC,4.169798319538434,96
sign_test_og_cel0.2425287356321839__norm_original_radius,new_cel_removed_chunk_17,85,cosine_similarity,0.3174837827682495,96
sign_test_og_cel0.2425287356321839__norm_original_radius,new_cel_removed_chunk_17,85,kl_to_gaussian,1.1739684703756503,96
sign_test_og_cel0.2425287356321839__norm_original_radius,new_cel_removed_chunk_17,85,wt_mean,0.00076972284296055,96
sign_test_og_cel0.2425287356321839__norm_original_radius,new_cel_removed_chunk_17,86,GR,5.600739506383737,96
sign_test_og_cel0.2425287356321839__norm_original_radius,new_cel_removed_chunk_17,86,IPC,7.518005924109466,96
sign_test_og_cel0.2425287356321839__norm_original_radius,new_cel_removed_chunk_17,86,KR,3.3861082966128984,96
sign_test_og_cel0.2425287356321839__norm_original_radius,new_cel_removed_chunk_17,86,MC,4.590491530795892,96
sign_test_og_cel0.2425287356321839__norm_original_radius,new_cel_removed_chunk_17,86,cosine_similarity,0.3449888676404953,96
sign_test_og_cel0.2425287356321839__norm_original_radius,new_cel_removed_chunk_17,86,kl_to_gaussian,1.1739684703756503,96
sign_test_og_cel0.2425287356321839__norm_original_radius,new_cel_removed_chunk_17,86,wt_mean,0.000836407431052,96
sign_test_og_cel0.2425287356321839__norm_original_radius,new_cel_removed_chunk_17,87,GR,4.945174553742011,96
sign_test_og_cel0.2425287356321839__norm_original_radius,new_cel_removed_chunk_17,87,IPC,7.982298916588262,96
sign_test_og_cel0.2425287356321839__norm_original_radius,new_cel_removed_chunk_17,87,KR,2.995113773892323,96
sign_test_og_cel0.2425287356321839__norm_original_radius,new_cel_removed_chunk_17,87,MC,4.49146952231725,96
sign_test_og_cel0.2425287356321839__norm_original_radius,new_cel_removed_chunk_17,87,cosine_similarity,0.3559203594923019,96
sign_test_og_cel0.2425287356321839__norm_original_radius,new_cel_removed_chunk_17,87,kl_to_gaussian,1.1739684703756503,96
sign_test_og_cel0.2425287356321839__norm_original_radius,new_cel_removed_chunk_17,87,wt_mean,0.0008629103103884999,96
sign_test_og_cel0.2425287356321839__norm_original_radius,new_cel_removed_chunk_17,88,GR,6.024066397299369,96
sign_test_og_cel0.2425287356321839__norm_original_radius,new_cel_removed_chunk_17,88,IPC,7.830169189723704,96
sign_test_og_cel0.2425287356321839__norm_original_radius,new_cel_removed_chunk_17,88,KR,3.5329991976420083,96
sign_test_og_cel0.2425287356321839__norm_original_radius,new_cel_removed_chunk_17,88,MC,4.485799722373486,96
sign_test_og_cel0.2425287356321839__norm_original_radius,new_cel_removed_chunk_17,88,cosine_similarity,0.3036137074232101,96
sign_test_og_cel0.2425287356321839__norm_original_radius,new_cel_removed_chunk_17,88,kl_to_gaussian,1.1739684703756503,96
sign_test_og_cel0.2425287356321839__norm_original_radius,new_cel_removed_chunk_17,88,wt_mean,0.0007360955496551001,96
sign_test_og_cel0.2425287356321839__norm_original_radius,new_cel_removed_chunk_17,89,GR,6.184445381164551,96
sign_test_og_cel0.2425287356321839__norm_original_radius,new_cel_removed_chunk_17,89,IPC,8.029930145493719,96
sign_test_og_cel0.2425287356321839__norm_original_radius,new_cel_removed_chunk_17,89,KR,3.7197151742875576,96
sign_test_og_cel0.2425287356321839__norm_original_radius,new_cel_removed_chunk_17,89,MC,4.686286494135857,96
sign_test_og_cel0.2425287356321839__norm_original_radius,new_cel_removed_chunk_17,89,cosine_similarity,0.34287308156490326,96
sign_test_og_cel0.2425287356321839__norm_original_radius,new_cel_removed_chunk_17,89,kl_to_gaussian,1.1739684703756503,96
sign_test_og_cel0.2425287356321839__norm_original_radius,new_cel_removed_chunk_17,89,wt_mean,0.000831277837278275,96
sign_test_og_cel0.2425287356321839__norm_original_radius,new_cel_removed_chunk_18,90,GR,6.268121811250846,96
sign_test_og_cel0.2425287356321839__norm_original_radius,new_cel_removed_chunk_18,90,IPC,7.875403203984729,96
sign_test_og_cel0.2425287356321839__norm_original_radius,new_cel_removed_chunk_18,90,KR,3.6614667773246765,96
sign_test_og_cel0.2425287356321839__norm_original_radius,new_cel_removed_chunk_18,90,MC,4.401227393498023,96
sign_test_og_cel0.2425287356321839__norm_original_radius,new_cel_removed_chunk_18,90,cosine_similarity,0.34287308156490326,96
sign_test_og_cel0.2425287356321839__norm_original_radius,new_cel_removed_chunk_18,90,kl_to_gaussian,1.1739684703756503,96
sign_test_og_cel0.2425287356321839__norm_original_radius,new_cel_removed_chunk_18,90,wt_mean,0.000831277851830175,96
sign_test_og_cel0.2425287356321839__norm_original_radius,new_cel_removed_chunk_18,91,GR,6.3692201028267545,96
sign_test_og_cel0.2425287356321839__norm_original_radius,new_cel_removed_chunk_18,91,IPC,7.634463870081426,96
sign_test_og_cel0.2425287356321839__norm_original_radius,new_cel_removed_chunk_18,91,KR,3.79359125221769,96
sign_test_og_cel0.2425287356321839__norm_original_radius,new_cel_removed_chunk_18,91,MC,4.43601602440079,96
sign_test_og_cel0.2425287356321839__norm_original_radius,new_cel_removed_chunk_18,91,cosine_similarity,0.3265345916152,96
sign_test_og_cel0.2425287356321839__norm_original_radius,new_cel_removed_chunk_18,91,kl_to_gaussian,1.1739684703756503,96
sign_test_og_cel0.2425287356321839__norm_original_radius,new_cel_removed_chunk_18,91,wt_mean,0.000791666039731325,96
sign_test_og_cel0.2425287356321839__norm_original_radius,new_cel_removed_chunk_18,92,GR,5.651013481120269,96
sign_test_og_cel0.2425287356321839__norm_original_radius,new_cel_removed_chunk_18,92,IPC,7.963156858892384,96
sign_test_og_cel0.2425287356321839__norm_original_radius,new_cel_removed_chunk_18,92,KR,3.5160294820864997,96
sign_test_og_cel0.2425287356321839__norm_original_radius,new_cel_removed_chunk_18,92,MC,4.666142938037713,96
sign_test_og_cel0.2425287356321839__norm_original_radius,new_cel_removed_chunk_18,92,cosine_similarity,0.3543923050165176,96
sign_test_og_cel0.2425287356321839__norm_original_radius,new_cel_removed_chunk_18,92,kl_to_gaussian,1.1739684703756503,96
sign_test_og_cel0.2425287356321839__norm_original_radius,new_cel_removed_chunk_18,92,wt_mean,0.00085920556739435,96
sign_test_og_cel0.2425287356321839__norm_original_radius,new_cel_removed_chunk_18,93,GR,5.90570463736852,96
sign_test_og_cel0.2425287356321839__norm_original_radius,new_cel_removed_chunk_18,93,IPC,8.118436496616626,96
sign_test_og_cel0.2425287356321839__norm_original_radius,new_cel_removed_chunk_18,93,KR,3.6090620681643486,96
sign_test_og_cel0.2425287356321839__norm_original_radius,new_cel_removed_chunk_18,93,MC,4.6794121116399765,96
sign_test_og_cel0.2425287356321839__norm_original_radius,new_cel_removed_chunk_18,93,cosine_similarity,0.3480449616909027,96
sign_test_og_cel0.2425287356321839__norm_original_radius,new_cel_removed_chunk_18,93,kl_to_gaussian,1.1739684703756503,96
sign_test_og_cel0.2425287356321839__norm_original_radius,new_cel_removed_chunk_18,93,wt_mean,0.000843816800625,96
sign_test_og_cel0.2425287356321839__norm_original_radius,new_cel_removed_chunk_18,94,GR,5.456796165555716,96
sign_test_og_cel0.2425287356321839__norm_original_radius,new_cel_removed_chunk_18,94,IPC,8.015280721774825,96
sign_test_og_cel0.2425287356321839__norm_original_radius,new_cel_removed_chunk_18,94,KR,3.2784779258072376,96
sign_test_og_cel0.2425287356321839__norm_original_radius,new_cel_removed_chunk_18,94,MC,4.483112022280693,96
sign_test_og_cel0.2425287356321839__norm_original_radius,new_cel_removed_chunk_18,94,cosine_similarity,0.34146255999803543,96
sign_test_og_cel0.2425287356321839__norm_original_radius,new_cel_removed_chunk_18,94,kl_to_gaussian,1.1739684703756503,96
sign_test_og_cel0.2425287356321839__norm_original_radius,new_cel_removed_chunk_18,94,wt_mean,0.0008278581226476999,96
sign_test_og_cel0.2425287356321839__norm_original_radius,new_cel_removed_chunk_19,95,GR,5.6051439208288985,96
sign_test_og_cel0.2425287356321839__norm_original_radius,new_cel_removed_chunk_19,95,IPC,7.577257514955309,96
sign_test_og_cel0.2425287356321839__norm_original_radius,new_cel_removed_chunk_19,95,KR,3.3673374888797603,96
sign_test_og_cel0.2425287356321839__norm_original_radius,new_cel_removed_chunk_19,95,MC,4.582144637902577,96
sign_test_og_cel0.2425287356321839__norm_original_radius,new_cel_removed_chunk_19,95,cosine_similarity,0.3198346346616745,96
sign_test_og_cel0.2425287356321839__norm_original_radius,new_cel_removed_chunk_19,95,kl_to_gaussian,1.1739684703756503,96
sign_test_og_cel0.2425287356321839__norm_original_radius,new_cel_removed_chunk_19,95,wt_mean,0.000775422347942325,96
sign_test_og_cel0.2425287356321839__norm_original_radius,new_cel_removed_chunk_19,96,GR,5.8962579394380255,96
sign_test_og_cel0.2425287356321839__norm_original_radius,new_cel_removed_chunk_19,96,IPC,8.008464005329934,96
sign_test_og_cel0.2425287356321839__norm_original_radius,new_cel_removed_chunk_19,96,KR,3.4793730539580188,96
sign_test_og_cel0.2425287356321839__norm_original_radius,new_cel_removed_chunk_19,96,MC,4.675354142983754,96
sign_test_og_cel0.2425287356321839__norm_original_radius,new_cel_removed_chunk_19,96,cosine_similarity,0.30678735673427576,96
sign_test_og_cel0.2425287356321839__norm_original_radius,new_cel_removed_chunk_19,96,kl_to_gaussian,1.1739684703756503,96
sign_test_og_cel0.2425287356321839__norm_original_radius,new_cel_removed_chunk_19,96,wt_mean,0.000743789903935925,96
sign_test_og_cel0.2425287356321839__norm_original_radius,new_cel_removed_chunk_19,97,GR,5.643415629863739,96
sign_test_og_cel0.2425287356321839__norm_original_radius,new_cel_removed_chunk_19,97,IPC,8.018346741700084,96
sign_test_og_cel0.2425287356321839__norm_original_radius,new_cel_removed_chunk_19,97,KR,3.3757109927634397,96
sign_test_og_cel0.2425287356321839__norm_original_radius,new_cel_removed_chunk_19,97,MC,4.40290571252505,96
sign_test_og_cel0.2425287356321839__norm_original_radius,new_cel_removed_chunk_19,97,cosine_similarity,0.3686150163412094,96
sign_test_og_cel0.2425287356321839__norm_original_radius,new_cel_removed_chunk_19,97,kl_to_gaussian,1.1739684703756503,96
sign_test_og_cel0.2425287356321839__norm_original_radius,new_cel_removed_chunk_19,97,wt_mean,0.0008936878002714,96
sign_test_og_cel0.2425287356321839__norm_original_radius,new_cel_removed_chunk_19,98,GR,5.654178125162919,96
sign_test_og_cel0.2425287356321839__norm_original_radius,new_cel_removed_chunk_19,98,IPC,7.692456264725085,96
sign_test_og_cel0.2425287356321839__norm_original_radius,new_cel_removed_chunk_19,98,KR,3.2792931757867336,96
sign_test_og_cel0.2425287356321839__norm_original_radius,new_cel_removed_chunk_19,98,MC,4.153507887075345,96
sign_test_og_cel0.2425287356321839__norm_original_radius,new_cel_removed_chunk_19,98,cosine_similarity,0.3109013587236404,96
sign_test_og_cel0.2425287356321839__norm_original_radius,new_cel_removed_chunk_19,98,kl_to_gaussian,1.1739684703756503,96
sign_test_og_cel0.2425287356321839__norm_original_radius,new_cel_removed_chunk_19,98,wt_mean,0.000753764077671775,96
sign_test_og_cel0.2425287356321839__norm_original_radius,new_cel_removed_chunk_19,99,GR,5.216258463760217,96
sign_test_og_cel0.2425287356321839__norm_original_radius,new_cel_removed_chunk_19,99,IPC,8.254592621098908,96
sign_test_og_cel0.2425287356321839__norm_original_radius,new_cel_removed_chunk_19,99,KR,3.2598369047045708,96
sign_test_og_cel0.2425287356321839__norm_original_radius,new_cel_removed_chunk_19,99,MC,4.748917372276385,96
sign_test_og_cel0.2425287356321839__norm_original_radius,new_cel_removed_chunk_19,99,cosine_similarity,0.3172486945986747,96
sign_test_og_cel0.2425287356321839__norm_original_radius,new_cel_removed_chunk_19,99,kl_to_gaussian,1.1739684703756503,96
sign_test_og_cel0.2425287356321839__norm_original_radius,new_cel_removed_chunk_19,99,wt_mean,0.0007691528880968,96
sign_test_og_cel0.2425287356321839__norm_original_radius,new_cel_removed_chunk_2,10,GR,6.3616897985339165,96
sign_test_og_cel0.2425287356321839__norm_original_radius,new_cel_removed_chunk_2,10,IPC,7.542087938864029,96
sign_test_og_cel0.2425287356321839__norm_original_radius,new_cel_removed_chunk_2,10,KR,3.8223710221548877,96
sign_test_og_cel0.2425287356321839__norm_original_radius,new_cel_removed_chunk_2,10,MC,4.355121900637944,96
sign_test_og_cel0.2425287356321839__norm_original_radius,new_cel_removed_chunk_2,10,cosine_similarity,0.3456941097974777,96
sign_test_og_cel0.2425287356321839__norm_original_radius,new_cel_removed_chunk_2,10,kl_to_gaussian,1.1739684703756503,96
sign_test_og_cel0.2425287356321839__norm_original_radius,new_cel_removed_chunk_2,10,wt_mean,0.0008381173247471,96
sign_test_og_cel0.2425287356321839__norm_original_radius,new_cel_removed_chunk_2,11,GR,5.065870366990566,96
sign_test_og_cel0.2425287356321839__norm_original_radius,new_cel_removed_chunk_2,11,IPC,8.537535297262544,96
sign_test_og_cel0.2425287356321839__norm_original_radius,new_cel_removed_chunk_2,11,KR,3.0885737972954908,96
sign_test_og_cel0.2425287356321839__norm_original_radius,new_cel_removed_chunk_2,11,MC,4.750651724636555,96
sign_test_og_cel0.2425287356321839__norm_original_radius,new_cel_removed_chunk_2,11,cosine_similarity,0.3545098453760147,96
sign_test_og_cel0.2425287356321839__norm_original_radius,new_cel_removed_chunk_2,11,kl_to_gaussian,1.1739684703756503,96
sign_test_og_cel0.2425287356321839__norm_original_radius,new_cel_removed_chunk_2,11,wt_mean,0.000859490566654075,96
sign_test_og_cel0.2425287356321839__norm_original_radius,new_cel_removed_chunk_2,12,GR,5.53792380169034,96
sign_test_og_cel0.2425287356321839__norm_original_radius,new_cel_removed_chunk_2,12,IPC,7.770168658021539,96
sign_test_og_cel0.2425287356321839__norm_original_radius,new_cel_removed_chunk_2,12,KR,3.2093243934214115,96
sign_test_og_cel0.2425287356321839__norm_original_radius,new_cel_removed_chunk_2,12,MC,3.9776165323952832,96
sign_test_og_cel0.2425287356321839__norm_original_radius,new_cel_removed_chunk_2,12,cosine_similarity,0.33711348474025726,96
sign_test_og_cel0.2425287356321839__norm_original_radius,new_cel_removed_chunk_2,12,kl_to_gaussian,1.1739684703756503,96
sign_test_og_cel0.2425287356321839__norm_original_radius,new_cel_removed_chunk_2,12,wt_mean,0.00081731393584045,96
sign_test_og_cel0.2425287356321839__norm_original_radius,new_cel_removed_chunk_2,13,GR,5.628802455961704,96
sign_test_og_cel0.2425287356321839__norm_original_radius,new_cel_removed_chunk_2,13,IPC,8.578967929824666,96
sign_test_og_cel0.2425287356321839__norm_original_radius,new_cel_removed_chunk_2,13,KR,3.3883718525369964,96
sign_test_og_cel0.2425287356321839__norm_original_radius,new_cel_removed_chunk_2,13,MC,5.009824608763059,96
sign_test_og_cel0.2425287356321839__norm_original_radius,new_cel_removed_chunk_2,13,cosine_similarity,0.301380380988121,96
sign_test_og_cel0.2425287356321839__norm_original_radius,new_cel_removed_chunk_2,13,kl_to_gaussian,1.1739684703756503,96
sign_test_og_cel0.2425287356321839__norm_original_radius,new_cel_removed_chunk_2,13,wt_mean,0.0007306809566216,96
sign_test_og_cel0.2425287356321839__norm_original_radius,new_cel_removed_chunk_2,14,GR,5.240006294101477,96
sign_test_og_cel0.2425287356321839__norm_original_radius,new_cel_removed_chunk_2,14,IPC,8.264135660502154,96
sign_test_og_cel0.2425287356321839__norm_original_radius,new_cel_removed_chunk_2,14,KR,3.228632880995671,96
sign_test_og_cel0.2425287356321839__norm_original_radius,new_cel_removed_chunk_2,14,MC,4.739032999922832,96
sign_test_og_cel0.2425287356321839__norm_original_radius,new_cel_removed_chunk_2,14,cosine_similarity,0.3420502617955208,96
sign_test_og_cel0.2425287356321839__norm_original_radius,new_cel_removed_chunk_2,14,kl_to_gaussian,1.1739684703756503,96
sign_test_og_cel0.2425287356321839__norm_original_radius,new_cel_removed_chunk_2,14,wt_mean,0.000829283002531125,96
sign_test_og_cel0.2425287356321839__norm_original_radius,new_cel_removed_chunk_3,15,GR,5.956760421395302,96
sign_test_og_cel0.2425287356321839__norm_original_radius,new_cel_removed_chunk_3,15,IPC,8.49551749323173,96
sign_test_og_cel0.2425287356321839__norm_original_radius,new_cel_removed_chunk_3,15,KR,3.652069134016832,96
sign_test_og_cel0.2425287356321839__norm_original_radius,new_cel_removed_chunk_3,15,MC,4.9636212438344955,96
sign_test_og_cel0.2425287356321839__norm_original_radius,new_cel_removed_chunk_3,15,cosine_similarity,0.3507484644651413,96
sign_test_og_cel0.2425287356321839__norm_original_radius,new_cel_removed_chunk_3,15,kl_to_gaussian,1.1739684703756503,96
sign_test_og_cel0.2425287356321839__norm_original_radius,new_cel_removed_chunk_3,15,wt_mean,0.0008503712742822001,96
sign_test_og_cel0.2425287356321839__norm_original_radius,new_cel_removed_chunk_3,16,GR,6.24595649043719,96
sign_test_og_cel0.2425287356321839__norm_original_radius,new_cel_removed_chunk_3,16,IPC,7.8278788028785895,96
sign_test_og_cel0.2425287356321839__norm_original_radius,new_cel_removed_chunk_3,16,KR,3.6231900292138257,96
sign_test_og_cel0.2425287356321839__norm_original_radius,new_cel_removed_chunk_3,16,MC,4.382535229126613,96
sign_test_og_cel0.2425287356321839__norm_original_radius,new_cel_removed_chunk_3,16,cosine_similarity,0.3042014092206955,96
sign_test_og_cel0.2425287356321839__norm_original_radius,new_cel_removed_chunk_3,16,kl_to_gaussian,1.1739684703756503,96
sign_test_og_cel0.2425287356321839__norm_original_radius,new_cel_removed_chunk_3,16,wt_mean,0.0007375204004346751,96
sign_test_og_cel0.2425287356321839__norm_original_radius,new_cel_removed_chunk_3,17,GR,5.3870238947371645,96
sign_test_og_cel0.2425287356321839__norm_original_radius,new_cel_removed_chunk_3,17,IPC,7.921208602696448,96
sign_test_og_cel0.2425287356321839__norm_original_radius,new_cel_removed_chunk_3,17,KR,3.3254080079495907,96
sign_test_og_cel0.2425287356321839__norm_original_radius,new_cel_removed_chunk_3,17,MC,4.3954942884544534,96
sign_test_og_cel0.2425287356321839__norm_original_radius,new_cel_removed_chunk_3,17,cosine_similarity,0.30761013925075525,96
sign_test_og_cel0.2425287356321839__norm_original_radius,new_cel_removed_chunk_3,17,kl_to_gaussian,1.1739684703756503,96
sign_test_og_cel0.2425287356321839__norm_original_radius,new_cel_removed_chunk_3,17,wt_mean,0.0007457847386831,96
sign_test_og_cel0.2425287356321839__norm_original_radius,new_cel_removed_chunk_3,18,GR,6.438239431629579,96
sign_test_og_cel0.2425287356321839__norm_original_radius,new_cel_removed_chunk_3,18,IPC,7.952046759035195,96
sign_test_og_cel0.2425287356321839__norm_original_radius,new_cel_removed_chunk_3,18,KR,3.723067067563534,96
sign_test_og_cel0.2425287356321839__norm_original_radius,new_cel_removed_chunk_3,18,MC,4.111432235687971,96
sign_test_og_cel0.2425287356321839__norm_original_radius,new_cel_removed_chunk_3,18,cosine_similarity,0.35204143822193146,96
sign_test_og_cel0.2425287356321839__norm_original_radius,new_cel_removed_chunk_3,18,kl_to_gaussian,1.1739684703756503,96
sign_test_og_cel0.2425287356321839__norm_original_radius,new_cel_removed_chunk_3,18,wt_mean,0.0008535060769645,96
sign_test_og_cel0.2425287356321839__norm_original_radius,new_cel_removed_chunk_3,19,GR,5.671369108060996,96
sign_test_og_cel0.2425287356321839__norm_original_radius,new_cel_removed_chunk_3,19,IPC,8.365011450342884,96
sign_test_og_cel0.2425287356321839__norm_original_radius,new_cel_removed_chunk_3,19,KR,3.3485706374049187,96
sign_test_og_cel0.2425287356321839__norm_original_radius,new_cel_removed_chunk_3,19,MC,4.646339190502961,96
sign_test_og_cel0.2425287356321839__norm_original_radius,new_cel_removed_chunk_3,19,cosine_similarity,0.31513293087482447,96
sign_test_og_cel0.2425287356321839__norm_original_radius,new_cel_removed_chunk_3,19,kl_to_gaussian,1.1739684703756503,96
sign_test_og_cel0.2425287356321839__norm_original_radius,new_cel_removed_chunk_3,19,wt_mean,0.0007640232652192501,96
sign_test_og_cel0.2425287356321839__norm_original_radius,new_cel_removed_chunk_4,20,GR,5.603074794014295,96
sign_test_og_cel0.2425287356321839__norm_original_radius,new_cel_removed_chunk_4,20,IPC,7.70639835978579,96
sign_test_og_cel0.2425287356321839__norm_original_radius,new_cel_removed_chunk_4,20,KR,3.32409193739295,96
sign_test_og_cel0.2425287356321839__norm_original_radius,new_cel_removed_chunk_4,20,MC,4.257632577170928,96
sign_test_og_cel0.2425287356321839__norm_original_radius,new_cel_removed_chunk_4,20,cosine_similarity,0.3687325567007065,96
sign_test_og_cel0.2425287356321839__norm_original_radius,new_cel_removed_chunk_4,20,kl_to_gaussian,1.1739684703756503,96
sign_test_og_cel0.2425287356321839__norm_original_radius,new_cel_removed_chunk_4,20,wt_mean,0.0008939727558754,96
sign_test_og_cel0.2425287356321839__norm_original_radius,new_cel_removed_chunk_4,21,GR,5.128607617070277,96
sign_test_og_cel0.2425287356321839__norm_original_radius,new_cel_removed_chunk_4,21,IPC,8.628489324768386,96
sign_test_og_cel0.2425287356321839__norm_original_radius,new_cel_removed_chunk_4,21,KR,3.1068643890321255,96
sign_test_og_cel0.2425287356321839__norm_original_radius,new_cel_removed_chunk_4,21,MC,4.984003985921542,96
sign_test_og_cel0.2425287356321839__norm_original_radius,new_cel_removed_chunk_4,21,cosine_similarity,0.3406397551298141,96
sign_test_og_cel0.2425287356321839__norm_original_radius,new_cel_removed_chunk_4,21,kl_to_gaussian,1.1739684703756503,96
sign_test_og_cel0.2425287356321839__norm_original_radius,new_cel_removed_chunk_4,21,wt_mean,0.0008258632733486,96
sign_test_og_cel0.2425287356321839__norm_original_radius,new_cel_removed_chunk_4,22,GR,5.240750772257646,96
sign_test_og_cel0.2425287356321839__norm_original_radius,new_cel_removed_chunk_4,22,IPC,8.651603482410048,96
sign_test_og_cel0.2425287356321839__norm_original_radius,new_cel_removed_chunk_4,22,KR,3.189456737289826,96
sign_test_og_cel0.2425287356321839__norm_original_radius,new_cel_removed_chunk_4,22,MC,4.64200900370876,96
sign_test_og_cel0.2425287356321839__norm_original_radius,new_cel_removed_chunk_4,22,cosine_similarity,0.3411099389195442,96
sign_test_og_cel0.2425287356321839__norm_original_radius,new_cel_removed_chunk_4,22,kl_to_gaussian,1.1739684703756503,96
sign_test_og_cel0.2425287356321839__norm_original_radius,new_cel_removed_chunk_4,22,wt_mean,0.0008270031830761251,96
sign_test_og_cel0.2425287356321839__norm_original_radius,new_cel_removed_chunk_4,23,GR,5.476152644803126,96
sign_test_og_cel0.2425287356321839__norm_original_radius,new_cel_removed_chunk_4,23,IPC,8.371699492358335,96
sign_test_og_cel0.2425287356321839__norm_original_radius,new_cel_removed_chunk_4,23,KR,3.395887809495131,96
sign_test_og_cel0.2425287356321839__norm_original_radius,new_cel_removed_chunk_4,23,MC,4.826887721816699,96
sign_test_og_cel0.2425287356321839__norm_original_radius,new_cel_removed_chunk_4,23,cosine_similarity,0.34475375711917877,96
sign_test_og_cel0.2425287356321839__norm_original_radius,new_cel_removed_chunk_4,23,kl_to_gaussian,1.1739684703756503,96
sign_test_og_cel0.2425287356321839__norm_original_radius,new_cel_removed_chunk_4,23,wt_mean,0.000835837476188275,96
sign_test_og_cel0.2425287356321839__norm_original_radius,new_cel_removed_chunk_4,24,GR,5.437763129671414,96
sign_test_og_cel0.2425287356321839__norm_original_radius,new_cel_removed_chunk_4,24,IPC,8.078502586229968,96
sign_test_og_cel0.2425287356321839__norm_original_radius,new_cel_removed_chunk_4,24,KR,3.353020808349053,96
sign_test_og_cel0.2425287356321839__norm_original_radius,new_cel_removed_chunk_4,24,MC,4.61660860478878,96
sign_test_og_cel0.2425287356321839__norm_original_radius,new_cel_removed_chunk_4,24,cosine_similarity,0.3069049045443535,96
sign_test_og_cel0.2425287356321839__norm_original_radius,new_cel_removed_chunk_4,24,kl_to_gaussian,1.1739684703756503,96
sign_test_og_cel0.2425287356321839__norm_original_radius,new_cel_removed_chunk_4,24,wt_mean,0.00074407488864375,96
sign_test_og_cel0.2425287356321839__norm_original_radius,new_cel_removed_chunk_5,25,GR,4.859398594746987,96
sign_test_og_cel0.2425287356321839__norm_original_radius,new_cel_removed_chunk_5,25,IPC,8.677130080544604,96
sign_test_og_cel0.2425287356321839__norm_original_radius,new_cel_removed_chunk_5,25,KR,3.0290087250371776,96
sign_test_og_cel0.2425287356321839__norm_original_radius,new_cel_removed_chunk_5,25,MC,4.99052132293582,96
sign_test_og_cel0.2425287356321839__norm_original_radius,new_cel_removed_chunk_5,25,cosine_similarity,0.3389941453933716,96
sign_test_og_cel0.2425287356321839__norm_original_radius,new_cel_removed_chunk_5,25,kl_to_gaussian,1.1739684703756503,96
sign_test_og_cel0.2425287356321839__norm_original_radius,new_cel_removed_chunk_5,25,wt_mean,0.0008218736038543001,96
sign_test_og_cel0.2425287356321839__norm_original_radius,new_cel_removed_chunk_5,26,GR,6.232613291591406,96
sign_test_og_cel0.2425287356321839__norm_original_radius,new_cel_removed_chunk_5,26,IPC,8.532986526947294,96
sign_test_og_cel0.2425287356321839__norm_original_radius,new_cel_removed_chunk_5,26,KR,3.819616734981537,96
sign_test_og_cel0.2425287356321839__norm_original_radius,new_cel_removed_chunk_5,26,MC,4.9199198459585505,96
sign_test_og_cel0.2425287356321839__norm_original_radius,new_cel_removed_chunk_5,26,cosine_similarity,0.3492203950881958,96
sign_test_og_cel0.2425287356321839__norm_original_radius,new_cel_removed_chunk_5,26,kl_to_gaussian,1.1739684703756503,96
sign_test_og_cel0.2425287356321839__norm_original_radius,new_cel_removed_chunk_5,26,wt_mean,0.0008466666040475749,96
sign_test_og_cel0.2425287356321839__norm_original_radius,new_cel_removed_chunk_5,27,GR,6.337902791798115,96
sign_test_og_cel0.2425287356321839__norm_original_radius,new_cel_removed_chunk_5,27,IPC,7.585590475159098,96
sign_test_og_cel0.2425287356321839__norm_original_radius,new_cel_removed_chunk_5,27,KR,3.658015331874291,96
sign_test_og_cel0.2425287356321839__norm_original_radius,new_cel_removed_chunk_5,27,MC,4.199942745268345,96
sign_test_og_cel0.2425287356321839__norm_original_radius,new_cel_removed_chunk_5,27,cosine_similarity,0.3385239839553833,96
sign_test_og_cel0.2425287356321839__norm_original_radius,new_cel_removed_chunk_5,27,kl_to_gaussian,1.1739684703756503,96
sign_test_og_cel0.2425287356321839__norm_original_radius,new_cel_removed_chunk_5,27,wt_mean,0.000820733708678675,96
sign_test_og_cel0.2425287356321839__norm_original_radius,new_cel_removed_chunk_5,28,GR,6.6086248978972435,96
sign_test_og_cel0.2425287356321839__norm_original_radius,new_cel_removed_chunk_5,28,IPC,7.862731707285188,96
sign_test_og_cel0.2425287356321839__norm_original_radius,new_cel_removed_chunk_5,28,KR,3.9730648659169674,96
sign_test_og_cel0.2425287356321839__norm_original_radius,new_cel_removed_chunk_5,28,MC,4.393502439061801,96
sign_test_og_cel0.2425287356321839__norm_original_radius,new_cel_removed_chunk_5,28,cosine_similarity,0.3453414738178253,96
sign_test_og_cel0.2425287356321839__norm_original_radius,new_cel_removed_chunk_5,28,kl_to_gaussian,1.1739684703756503,96
sign_test_og_cel0.2425287356321839__norm_original_radius,new_cel_removed_chunk_5,28,wt_mean,0.0008372623706236,96
sign_test_og_cel0.2425287356321839__norm_original_radius,new_cel_removed_chunk_5,29,GR,5.167826693505049,96
sign_test_og_cel0.2425287356321839__norm_original_radius,new_cel_removed_chunk_5,29,IPC,8.920477651748948,96
sign_test_og_cel0.2425287356321839__norm_original_radius,new_cel_removed_chunk_5,29,KR,3.069403924047947,96
sign_test_og_cel0.2425287356321839__norm_original_radius,new_cel_removed_chunk_5,29,MC,4.534099104503791,96
sign_test_og_cel0.2425287356321839__norm_original_radius,new_cel_removed_chunk_5,29,cosine_similarity,0.3344099894165993,96
sign_test_og_cel0.2425287356321839__norm_original_radius,new_cel_removed_chunk_5,29,kl_to_gaussian,1.1739684703756503,96
sign_test_og_cel0.2425287356321839__norm_original_radius,new_cel_removed_chunk_5,29,wt_mean,0.000810759520390975,96
sign_test_og_cel0.2425287356321839__norm_original_radius,new_cel_removed_chunk_6,30,GR,5.032336975137393,96
sign_test_og_cel0.2425287356321839__norm_original_radius,new_cel_removed_chunk_6,30,IPC,8.254287015746657,96
sign_test_og_cel0.2425287356321839__norm_original_radius,new_cel_removed_chunk_6,30,KR,3.143704424301783,96
sign_test_og_cel0.2425287356321839__norm_original_radius,new_cel_removed_chunk_6,30,MC,4.636478611578544,96
sign_test_og_cel0.2425287356321839__norm_original_radius,new_cel_removed_chunk_6,30,cosine_similarity,0.3562729805707931,96
sign_test_og_cel0.2425287356321839__norm_original_radius,new_cel_removed_chunk_6,30,kl_to_gaussian,1.1739684703756503,96
sign_test_og_cel0.2425287356321839__norm_original_radius,new_cel_removed_chunk_6,30,wt_mean,0.00086376523540815,96
sign_test_og_cel0.2425287356321839__norm_original_radius,new_cel_removed_chunk_6,31,GR,6.120123342921336,96
sign_test_og_cel0.2425287356321839__norm_original_radius,new_cel_removed_chunk_6,31,IPC,8.008663237890268,96
sign_test_og_cel0.2425287356321839__norm_original_radius,new_cel_removed_chunk_6,31,KR,3.6711581560472646,96
sign_test_og_cel0.2425287356321839__norm_original_radius,new_cel_removed_chunk_6,31,MC,4.687516001363595,96
sign_test_og_cel0.2425287356321839__norm_original_radius,new_cel_removed_chunk_6,31,cosine_similarity,0.3218328803777694,96
sign_test_og_cel0.2425287356321839__norm_original_radius,new_cel_removed_chunk_6,31,kl_to_gaussian,1.1739684703756503,96
sign_test_og_cel0.2425287356321839__norm_original_radius,new_cel_removed_chunk_6,31,wt_mean,0.0007802669424563,96
sign_test_og_cel0.2425287356321839__norm_original_radius,new_cel_removed_chunk_6,32,GR,5.046297540267308,96
sign_test_og_cel0.2425287356321839__norm_original_radius,new_cel_removed_chunk_6,32,IPC,8.568416451456361,96
sign_test_og_cel0.2425287356321839__norm_original_radius,new_cel_removed_chunk_6,32,KR,3.1586607744296393,96
sign_test_og_cel0.2425287356321839__norm_original_radius,new_cel_removed_chunk_6,32,MC,4.842570925752322,96
sign_test_og_cel0.2425287356321839__norm_original_radius,new_cel_removed_chunk_6,32,cosine_similarity,0.3514537066221237,96
sign_test_og_cel0.2425287356321839__norm_original_radius,new_cel_removed_chunk_6,32,kl_to_gaussian,1.1739684703756503,96
sign_test_og_cel0.2425287356321839__norm_original_radius,new_cel_removed_chunk_6,32,wt_mean,0.00085208115342535,96
sign_test_og_cel0.2425287356321839__norm_original_radius,new_cel_removed_chunk_6,33,GR,6.04668094838659,96
sign_test_og_cel0.2425287356321839__norm_original_radius,new_cel_removed_chunk_6,33,IPC,8.893967530272134,96
sign_test_og_cel0.2425287356321839__norm_original_radius,new_cel_removed_chunk_6,33,KR,3.5932042971253395,96
sign_test_og_cel0.2425287356321839__norm_original_radius,new_cel_removed_chunk_6,33,MC,4.842021284004052,96
sign_test_og_cel0.2425287356321839__norm_original_radius,new_cel_removed_chunk_6,33,cosine_similarity,0.3590940088033676,96
sign_test_og_cel0.2425287356321839__norm_original_radius,new_cel_removed_chunk_6,33,kl_to_gaussian,1.1739684703756503,96
sign_test_og_cel0.2425287356321839__norm_original_radius,new_cel_removed_chunk_6,33,wt_mean,0.000870604664669325,96
sign_test_og_cel0.2425287356321839__norm_original_radius,new_cel_removed_chunk_6,34,GR,5.959280863404274,96
sign_test_og_cel0.2425287356321839__norm_original_radius,new_cel_removed_chunk_6,34,IPC,7.724227732364434,96
sign_test_og_cel0.2425287356321839__norm_original_radius,new_cel_removed_chunk_6,34,KR,3.478575816998879,96
sign_test_og_cel0.2425287356321839__norm_original_radius,new_cel_removed_chunk_6,34,MC,4.260358403126399,96
sign_test_og_cel0.2425287356321839__norm_original_radius,new_cel_removed_chunk_6,34,cosine_similarity,0.33946429938077927,96
sign_test_og_cel0.2425287356321839__norm_original_radius,new_cel_removed_chunk_6,34,kl_to_gaussian,1.1739684703756503,96
sign_test_og_cel0.2425287356321839__norm_original_radius,new_cel_removed_chunk_6,34,wt_mean,0.0008230135135817749,96
sign_test_og_cel0.2425287356321839__norm_original_radius,new_cel_removed_chunk_7,35,GR,5.559385110934575,96
sign_test_og_cel0.2425287356321839__norm_original_radius,new_cel_removed_chunk_7,35,IPC,7.542775521780157,96
sign_test_og_cel0.2425287356321839__norm_original_radius,new_cel_removed_chunk_7,35,KR,3.3783386598030725,96
sign_test_og_cel0.2425287356321839__norm_original_radius,new_cel_removed_chunk_7,35,MC,4.373753832032283,96
sign_test_og_cel0.2425287356321839__norm_original_radius,new_cel_removed_chunk_7,35,cosine_similarity,0.37037814408540726,96
sign_test_og_cel0.2425287356321839__norm_original_radius,new_cel_removed_chunk_7,35,kl_to_gaussian,1.1739684703756503,96
sign_test_og_cel0.2425287356321839__norm_original_radius,new_cel_removed_chunk_7,35,wt_mean,0.000897962469025475,96
sign_test_og_cel0.2425287356321839__norm_original_radius,new_cel_removed_chunk_7,36,GR,5.330942670504252,96
sign_test_og_cel0.2425287356321839__norm_original_radius,new_cel_removed_chunk_7,36,IPC,7.902572810605274,96
sign_test_og_cel0.2425287356321839__norm_original_radius,new_cel_removed_chunk_7,36,KR,3.1542121320962906,96
sign_test_og_cel0.2425287356321839__norm_original_radius,new_cel_removed_chunk_7,36,MC,4.3400646559894085,96
sign_test_og_cel0.2425287356321839__norm_original_radius,new_cel_removed_chunk_7,36,cosine_similarity,0.3121943324804306,96
sign_test_og_cel0.2425287356321839__norm_original_radius,new_cel_removed_chunk_7,36,kl_to_gaussian,1.1739684703756503,96
sign_test_og_cel0.2425287356321839__norm_original_radius,new_cel_removed_chunk_7,36,wt_mean,0.0007568988221464001,96
sign_test_og_cel0.2425287356321839__norm_original_radius,new_cel_removed_chunk_7,37,GR,5.466087660441796,96
sign_test_og_cel0.2425287356321839__norm_original_radius,new_cel_removed_chunk_7,37,IPC,9.121470992998367,96
sign_test_og_cel0.2425287356321839__norm_original_radius,new_cel_removed_chunk_7,37,KR,3.3368564061820507,96
sign_test_og_cel0.2425287356321839__norm_original_radius,new_cel_removed_chunk_7,37,MC,4.947421190639337,96
sign_test_og_cel0.2425287356321839__norm_original_radius,new_cel_removed_chunk_7,37,cosine_similarity,0.33793626725673676,96
sign_test_og_cel0.2425287356321839__norm_original_radius,new_cel_removed_chunk_7,37,kl_to_gaussian,1.1739684703756503,96
sign_test_og_cel0.2425287356321839__norm_original_radius,new_cel_removed_chunk_7,37,wt_mean,0.0008193087851395249,96
sign_test_og_cel0.2425287356321839__norm_original_radius,new_cel_removed_chunk_7,38,GR,5.227409023791552,96
sign_test_og_cel0.2425287356321839__norm_original_radius,new_cel_removed_chunk_7,38,IPC,8.011483681564167,96
sign_test_og_cel0.2425287356321839__norm_original_radius,new_cel_removed_chunk_7,38,KR,3.2695827956000962,96
sign_test_og_cel0.2425287356321839__norm_original_radius,new_cel_removed_chunk_7,38,MC,4.538601686557134,96
sign_test_og_cel0.2425287356321839__norm_original_radius,new_cel_removed_chunk_7,38,cosine_similarity,0.3191293850541114,96
sign_test_og_cel0.2425287356321839__norm_original_radius,new_cel_removed_chunk_7,38,kl_to_gaussian,1.1739684703756503,96
sign_test_og_cel0.2425287356321839__norm_original_radius,new_cel_removed_chunk_7,38,wt_mean,0.0007737124979029999,96
sign_test_og_cel0.2425287356321839__norm_original_radius,new_cel_removed_chunk_7,39,GR,6.238769296556711,96
sign_test_og_cel0.2425287356321839__norm_original_radius,new_cel_removed_chunk_7,39,IPC,8.18147025992072,96
sign_test_og_cel0.2425287356321839__norm_original_radius,new_cel_removed_chunk_7,39,KR,3.6738310270011425,96
sign_test_og_cel0.2425287356321839__norm_original_radius,new_cel_removed_chunk_7,39,MC,4.717911199977,96
sign_test_og_cel0.2425287356321839__norm_original_radius,new_cel_removed_chunk_7,39,cosine_similarity,0.3154855445027351,96
sign_test_og_cel0.2425287356321839__norm_original_radius,new_cel_removed_chunk_7,39,kl_to_gaussian,1.1739684703756503,96
sign_test_og_cel0.2425287356321839__norm_original_radius,new_cel_removed_chunk_7,39,wt_mean,0.000764878233894625,96
sign_test_og_cel0.2425287356321839__norm_original_radius,new_cel_removed_chunk_8,40,GR,5.817571792751551,96
sign_test_og_cel0.2425287356321839__norm_original_radius,new_cel_removed_chunk_8,40,IPC,7.4790931823292235,96
sign_test_og_cel0.2425287356321839__norm_original_radius,new_cel_removed_chunk_8,40,KR,3.520700159172217,96
sign_test_og_cel0.2425287356321839__norm_original_radius,new_cel_removed_chunk_8,40,MC,4.060495155553023,96
sign_test_og_cel0.2425287356321839__norm_original_radius,new_cel_removed_chunk_8,40,cosine_similarity,0.3179539367556572,96
sign_test_og_cel0.2425287356321839__norm_original_radius,new_cel_removed_chunk_8,40,kl_to_gaussian,1.1739684703756503,96
sign_test_og_cel0.2425287356321839__norm_original_radius,new_cel_removed_chunk_8,40,wt_mean,0.00077086272358425,96
sign_test_og_cel0.2425287356321839__norm_original_radius,new_cel_removed_chunk_8,41,GR,5.97815852984786,96
sign_test_og_cel0.2425287356321839__norm_original_radius,new_cel_removed_chunk_8,41,IPC,8.676580048886146,96
sign_test_og_cel0.2425287356321839__norm_original_radius,new_cel_removed_chunk_8,41,KR,3.5142348619798818,96
sign_test_og_cel0.2425287356321839__norm_original_radius,new_cel_removed_chunk_8,41,MC,4.822434472541015,96
sign_test_og_cel0.2425287356321839__norm_original_radius,new_cel_removed_chunk_8,41,cosine_similarity,0.31172417104244227,96
sign_test_og_cel0.2425287356321839__norm_original_radius,new_cel_removed_chunk_8,41,kl_to_gaussian,1.1739684703756503,96
sign_test_og_cel0.2425287356321839__norm_original_radius,new_cel_removed_chunk_8,41,wt_mean,0.000755758941522725,96
sign_test_og_cel0.2425287356321839__norm_original_radius,new_cel_removed_chunk_8,42,GR,5.652214586734772,96
sign_test_og_cel0.2425287356321839__norm_original_radius,new_cel_removed_chunk_8,42,IPC,8.534123696748967,96
sign_test_og_cel0.2425287356321839__norm_original_radius,new_cel_removed_chunk_8,42,KR,3.3819492434461913,96
sign_test_og_cel0.2425287356321839__norm_original_radius,new_cel_removed_chunk_8,42,MC,4.900729037821293,96
sign_test_og_cel0.2425287356321839__norm_original_radius,new_cel_removed_chunk_8,42,cosine_similarity,0.3485151380300522,96
sign_test_og_cel0.2425287356321839__norm_original_radius,new_cel_removed_chunk_8,42,kl_to_gaussian,1.1739684703756503,96
sign_test_og_cel0.2425287356321839__norm_original_radius,new_cel_removed_chunk_8,42,wt_mean,0.000844956754008275,96
sign_test_og_cel0.2425287356321839__norm_original_radius,new_cel_removed_chunk_8,43,GR,5.840839275469382,96
sign_test_og_cel0.2425287356321839__norm_original_radius,new_cel_removed_chunk_8,43,IPC,8.337972746817977,96
sign_test_og_cel0.2425287356321839__norm_original_radius,new_cel_removed_chunk_8,43,KR,3.5035270837446055,96
sign_test_og_cel0.2425287356321839__norm_original_radius,new_cel_removed_chunk_8,43,MC,4.881716457506021,96
sign_test_og_cel0.2425287356321839__norm_original_radius,new_cel_removed_chunk_8,43,cosine_similarity,0.3368783742189407,96
sign_test_og_cel0.2425287356321839__norm_original_radius,new_cel_removed_chunk_8,43,kl_to_gaussian,1.1739684703756503,96
sign_test_og_cel0.2425287356321839__norm_original_radius,new_cel_removed_chunk_8,43,wt_mean,0.0008167440246324751,96
sign_test_og_cel0.2425287356321839__norm_original_radius,new_cel_removed_chunk_8,44,GR,5.405641982952754,96
sign_test_og_cel0.2425287356321839__norm_original_radius,new_cel_removed_chunk_8,44,IPC,8.292363184978534,96
sign_test_og_cel0.2425287356321839__norm_original_radius,new_cel_removed_chunk_8,44,KR,3.2591598679622016,96
sign_test_og_cel0.2425287356321839__norm_original_radius,new_cel_removed_chunk_8,44,MC,4.73002149288853,96
sign_test_og_cel0.2425287356321839__norm_original_radius,new_cel_removed_chunk_8,44,cosine_similarity,0.32582934200763697,96
sign_test_og_cel0.2425287356321839__norm_original_radius,new_cel_removed_chunk_8,44,kl_to_gaussian,1.1739684703756503,96
sign_test_og_cel0.2425287356321839__norm_original_radius,new_cel_removed_chunk_8,44,wt_mean,0.0007899562042439,96
sign_test_og_cel0.2425287356321839__norm_original_radius,new_cel_removed_chunk_9,45,GR,5.437526915222406,96
sign_test_og_cel0.2425287356321839__norm_original_radius,new_cel_removed_chunk_9,45,IPC,7.51470195686623,96
sign_test_og_cel0.2425287356321839__norm_original_radius,new_cel_removed_chunk_9,45,KR,3.280123775204023,96
sign_test_og_cel0.2425287356321839__norm_original_radius,new_cel_removed_chunk_9,45,MC,4.3107093659540014,96
sign_test_og_cel0.2425287356321839__norm_original_radius,new_cel_removed_chunk_9,45,cosine_similarity,0.3287679031491279,96
sign_test_og_cel0.2425287356321839__norm_original_radius,new_cel_removed_chunk_9,45,kl_to_gaussian,1.1739684703756503,96
sign_test_og_cel0.2425287356321839__norm_original_radius,new_cel_removed_chunk_9,45,wt_mean,0.000797080574557125,96
sign_test_og_cel0.2425287356321839__norm_original_radius,new_cel_removed_chunk_9,46,GR,6.147897365192573,96
sign_test_og_cel0.2425287356321839__norm_original_radius,new_cel_removed_chunk_9,46,IPC,7.301974670894133,96
sign_test_og_cel0.2425287356321839__norm_original_radius,new_cel_removed_chunk_9,46,KR,3.704656777282556,96
sign_test_og_cel0.2425287356321839__norm_original_radius,new_cel_removed_chunk_9,46,MC,4.143598617364963,96
sign_test_og_cel0.2425287356321839__norm_original_radius,new_cel_removed_chunk_9,46,cosine_similarity,0.3188942968845367,96
sign_test_og_cel0.2425287356321839__norm_original_radius,new_cel_removed_chunk_9,46,kl_to_gaussian,1.1739684703756503,96
sign_test_og_cel0.2425287356321839__norm_original_radius,new_cel_removed_chunk_9,46,wt_mean,0.000773142513935425,96
sign_test_og_cel0.2425287356321839__norm_original_radius,new_cel_removed_chunk_9,47,GR,4.985567806909482,96
sign_test_og_cel0.2425287356321839__norm_original_radius,new_cel_removed_chunk_9,47,IPC,7.560058645642112,96
sign_test_og_cel0.2425287356321839__norm_original_radius,new_cel_removed_chunk_9,47,KR,3.0361101143062115,96
sign_test_og_cel0.2425287356321839__norm_original_radius,new_cel_removed_chunk_9,47,MC,4.017898440361023,96
sign_test_og_cel0.2425287356321839__norm_original_radius,new_cel_removed_chunk_9,47,cosine_similarity,0.34016959369182587,96
sign_test_og_cel0.2425287356321839__norm_original_radius,new_cel_removed_chunk_9,47,kl_to_gaussian,1.1739684703756503,96
sign_test_og_cel0.2425287356321839__norm_original_radius,new_cel_removed_chunk_9,47,wt_mean,0.000824723378173025,96
sign_test_og_cel0.2425287356321839__norm_original_radius,new_cel_removed_chunk_9,48,GR,5.524087570607662,96
sign_test_og_cel0.2425287356321839__norm_original_radius,new_cel_removed_chunk_9,48,IPC,8.419878117434061,96
sign_test_og_cel0.2425287356321839__norm_original_radius,new_cel_removed_chunk_9,48,KR,3.3897174360851445,96
sign_test_og_cel0.2425287356321839__norm_original_radius,new_cel_removed_chunk_9,48,MC,4.544492537776629,96
sign_test_og_cel0.2425287356321839__norm_original_radius,new_cel_removed_chunk_9,48,cosine_similarity,0.3244188204407692,96
sign_test_og_cel0.2425287356321839__norm_original_radius,new_cel_removed_chunk_9,48,kl_to_gaussian,1.1739684703756503,96
sign_test_og_cel0.2425287356321839__norm_original_radius,new_cel_removed_chunk_9,48,wt_mean,0.00078653646050945,96
sign_test_og_cel0.2425287356321839__norm_original_radius,new_cel_removed_chunk_9,49,GR,5.834443086137374,96
sign_test_og_cel0.2425287356321839__norm_original_radius,new_cel_removed_chunk_9,49,IPC,8.022856127758226,96
sign_test_og_cel0.2425287356321839__norm_original_radius,new_cel_removed_chunk_9,49,KR,3.5073728002607822,96
sign_test_og_cel0.2425287356321839__norm_original_radius,new_cel_removed_chunk_9,49,MC,4.439380491773288,96
sign_test_og_cel0.2425287356321839__norm_original_radius,new_cel_removed_chunk_9,49,cosine_similarity,0.342520460486412,96
sign_test_og_cel0.2425287356321839__norm_original_radius,new_cel_removed_chunk_9,49,kl_to_gaussian,1.1739684703756503,96
sign_test_og_cel0.2425287356321839__norm_original_radius,new_cel_removed_chunk_9,49,wt_mean,0.000830422912258625,96
sign_test_og_cel0.2425287356321839__norm_spectral_radius,new_cel_removed_chunk_0,0,GR,10.20310374101003,96
sign_test_og_cel0.2425287356321839__norm_spectral_radius,new_cel_removed_chunk_0,0,IPC,9.406394443649942,96
sign_test_og_cel0.2425287356321839__norm_spectral_radius,new_cel_removed_chunk_0,0,KR,5.789728629092376,96
sign_test_og_cel0.2425287356321839__norm_spectral_radius,new_cel_removed_chunk_0,0,MC,5.496886764963468,96
sign_test_og_cel0.2425287356321839__norm_spectral_radius,new_cel_removed_chunk_0,0,cosine_similarity,0.31195925921201706,96
sign_test_og_cel0.2425287356321839__norm_spectral_radius,new_cel_removed_chunk_0,0,kl_to_gaussian,1.173968550121449,96
sign_test_og_cel0.2425287356321839__norm_spectral_radius,new_cel_removed_chunk_0,0,wt_mean,0.001127132592955575,96
sign_test_og_cel0.2425287356321839__norm_spectral_radius,new_cel_removed_chunk_0,1,GR,9.639302005370459,96
sign_test_og_cel0.2425287356321839__norm_spectral_radius,new_cel_removed_chunk_0,1,IPC,9.091995160352752,96
sign_test_og_cel0.2425287356321839__norm_spectral_radius,new_cel_removed_chunk_0,1,KR,5.522088497877121,96
sign_test_og_cel0.2425287356321839__norm_spectral_radius,new_cel_removed_chunk_0,1,MC,5.035241139431794,96
sign_test_og_cel0.2425287356321839__norm_spectral_radius,new_cel_removed_chunk_0,1,cosine_similarity,0.3597992733120918,96
sign_test_og_cel0.2425287356321839__norm_spectral_radius,new_cel_removed_chunk_0,1,kl_to_gaussian,1.173968471797973,96
sign_test_og_cel0.2425287356321839__norm_spectral_radius,new_cel_removed_chunk_0,1,wt_mean,0.0012811734486603752,96
sign_test_og_cel0.2425287356321839__norm_spectral_radius,new_cel_removed_chunk_0,2,GR,14.2628643065691,96
sign_test_og_cel0.2425287356321839__norm_spectral_radius,new_cel_removed_chunk_0,2,IPC,9.736881507348324,96
sign_test_og_cel0.2425287356321839__norm_spectral_radius,new_cel_removed_chunk_0,2,KR,7.855033149321874,96
sign_test_og_cel0.2425287356321839__norm_spectral_radius,new_cel_removed_chunk_0,2,MC,6.048440285027027,96
sign_test_og_cel0.2425287356321839__norm_spectral_radius,new_cel_removed_chunk_0,2,cosine_similarity,0.3357029408216476,96
sign_test_og_cel0.2425287356321839__norm_spectral_radius,new_cel_removed_chunk_0,2,kl_to_gaussian,1.1739685276291418,96
sign_test_og_cel0.2425287356321839__norm_spectral_radius,new_cel_removed_chunk_0,2,wt_mean,0.0015026801847852248,96
sign_test_og_cel0.2425287356321839__norm_spectral_radius,new_cel_removed_chunk_0,3,GR,6.8036794774234295,96
sign_test_og_cel0.2425287356321839__norm_spectral_radius,new_cel_removed_chunk_0,3,IPC,8.38932228768376,96
sign_test_og_cel0.2425287356321839__norm_spectral_radius,new_cel_removed_chunk_0,3,KR,3.8654463527103267,96
sign_test_og_cel0.2425287356321839__norm_spectral_radius,new_cel_removed_chunk_0,3,MC,4.8193849722544355,96
sign_test_og_cel0.2425287356321839__norm_spectral_radius,new_cel_removed_chunk_0,3,cosine_similarity,0.34639937430620193,96
sign_test_og_cel0.2425287356321839__norm_spectral_radius,new_cel_removed_chunk_0,3,kl_to_gaussian,1.1739685591091955,96
sign_test_og_cel0.2425287356321839__norm_spectral_radius,new_cel_removed_chunk_0,3,wt_mean,0.000872136384714375,96
sign_test_og_cel0.2425287356321839__norm_spectral_radius,new_cel_removed_chunk_0,4,GR,9.032035248974958,96
sign_test_og_cel0.2425287356321839__norm_spectral_radius,new_cel_removed_chunk_0,4,IPC,8.913050799507399,96
sign_test_og_cel0.2425287356321839__norm_spectral_radius,new_cel_removed_chunk_0,4,KR,4.975453041493893,96
sign_test_og_cel0.2425287356321839__norm_spectral_radius,new_cel_removed_chunk_0,4,MC,4.880815400431554,96
sign_test_og_cel0.2425287356321839__norm_spectral_radius,new_cel_removed_chunk_0,4,cosine_similarity,0.304789125919342,96
sign_test_og_cel0.2425287356321839__norm_spectral_radius,new_cel_removed_chunk_0,4,kl_to_gaussian,1.1739684893976368,96
sign_test_og_cel0.2425287356321839__norm_spectral_radius,new_cel_removed_chunk_0,4,wt_mean,0.0011078994139097252,96
sign_test_og_cel0.2425287356321839__norm_spectral_radius,new_cel_removed_chunk_1,5,GR,17.086459413170815,96
sign_test_og_cel0.2425287356321839__norm_spectral_radius,new_cel_removed_chunk_1,5,IPC,11.81029114441503,96
sign_test_og_cel0.2425287356321839__norm_spectral_radius,new_cel_removed_chunk_1,5,KR,9.552474771936735,96
sign_test_og_cel0.2425287356321839__norm_spectral_radius,new_cel_removed_chunk_1,5,MC,7.043421017626922,96
sign_test_og_cel0.2425287356321839__norm_spectral_radius,new_cel_removed_chunk_1,5,cosine_similarity,0.32912053167819977,96
sign_test_og_cel0.2425287356321839__norm_spectral_radius,new_cel_removed_chunk_1,5,kl_to_gaussian,1.173968563771529,96
sign_test_og_cel0.2425287356321839__norm_spectral_radius,new_cel_removed_chunk_1,5,wt_mean,0.0019554942846298,96
sign_test_og_cel0.2425287356321839__norm_spectral_radius,new_cel_removed_chunk_1,6,GR,10.31721484909455,96
sign_test_og_cel0.2425287356321839__norm_spectral_radius,new_cel_removed_chunk_1,6,IPC,9.49673204511673,96
sign_test_og_cel0.2425287356321839__norm_spectral_radius,new_cel_removed_chunk_1,6,KR,5.936336907247703,96
sign_test_og_cel0.2425287356321839__norm_spectral_radius,new_cel_removed_chunk_1,6,MC,5.475261983772119,96
sign_test_og_cel0.2425287356321839__norm_spectral_radius,new_cel_removed_chunk_1,6,cosine_similarity,0.36132732778787613,96
sign_test_og_cel0.2425287356321839__norm_spectral_radius,new_cel_removed_chunk_1,6,kl_to_gaussian,1.1739684894913256,96
sign_test_og_cel0.2425287356321839__norm_spectral_radius,new_cel_removed_chunk_1,6,wt_mean,0.0013492969592334,96
sign_test_og_cel0.2425287356321839__norm_spectral_radius,new_cel_removed_chunk_1,7,GR,12.582612499594688,96
sign_test_og_cel0.2425287356321839__norm_spectral_radius,new_cel_removed_chunk_1,7,IPC,10.076659158243187,96
sign_test_og_cel0.2425287356321839__norm_spectral_radius,new_cel_removed_chunk_1,7,KR,6.774759843945503,96
sign_test_og_cel0.2425287356321839__norm_spectral_radius,new_cel_removed_chunk_1,7,MC,6.018534782032172,96
sign_test_og_cel0.2425287356321839__norm_spectral_radius,new_cel_removed_chunk_1,7,cosine_similarity,0.32512407749891276,96
sign_test_og_cel0.2425287356321839__norm_spectral_radius,new_cel_removed_chunk_1,7,kl_to_gaussian,1.1739684968942385,96
sign_test_og_cel0.2425287356321839__norm_spectral_radius,new_cel_removed_chunk_1,7,wt_mean,0.0014355358143802249,96
sign_test_og_cel0.2425287356321839__norm_spectral_radius,new_cel_removed_chunk_1,8,GR,11.102893734971682,96
sign_test_og_cel0.2425287356321839__norm_spectral_radius,new_cel_removed_chunk_1,8,IPC,9.679065908096199,96
sign_test_og_cel0.2425287356321839__norm_spectral_radius,new_cel_removed_chunk_1,8,KR,5.90037873138984,96
sign_test_og_cel0.2425287356321839__norm_spectral_radius,new_cel_removed_chunk_1,8,MC,5.321807059148948,96
sign_test_og_cel0.2425287356321839__norm_spectral_radius,new_cel_removed_chunk_1,8,cosine_similarity,0.31654343008995056,96
sign_test_og_cel0.2425287356321839__norm_spectral_radius,new_cel_removed_chunk_1,8,kl_to_gaussian,1.1739683922027802,96
sign_test_og_cel0.2425287356321839__norm_spectral_radius,new_cel_removed_chunk_1,8,wt_mean,0.0012558101298054002,96
sign_test_og_cel0.2425287356321839__norm_spectral_radius,new_cel_removed_chunk_1,9,GR,8.731691164275011,96
sign_test_og_cel0.2425287356321839__norm_spectral_radius,new_cel_removed_chunk_1,9,IPC,9.049321050186778,96
sign_test_og_cel0.2425287356321839__norm_spectral_radius,new_cel_removed_chunk_1,9,KR,4.907105299333732,96
sign_test_og_cel0.2425287356321839__norm_spectral_radius,new_cel_removed_chunk_1,9,MC,4.758314537505309,96
sign_test_og_cel0.2425287356321839__norm_spectral_radius,new_cel_removed_chunk_1,9,cosine_similarity,0.3480449840426445,96
sign_test_og_cel0.2425287356321839__norm_spectral_radius,new_cel_removed_chunk_1,9,kl_to_gaussian,1.1739685009632794,96
sign_test_og_cel0.2425287356321839__norm_spectral_radius,new_cel_removed_chunk_1,9,wt_mean,0.0012713127362075749,96
sign_test_og_cel0.2425287356321839__norm_spectral_radius,new_cel_removed_chunk_10,50,GR,7.7574736426273985,96
sign_test_og_cel0.2425287356321839__norm_spectral_radius,new_cel_removed_chunk_10,50,IPC,9.416812152251174,96
sign_test_og_cel0.2425287356321839__norm_spectral_radius,new_cel_removed_chunk_10,50,KR,4.706190620859464,96
sign_test_og_cel0.2425287356321839__norm_spectral_radius,new_cel_removed_chunk_10,50,MC,5.368542005618413,96
sign_test_og_cel0.2425287356321839__norm_spectral_radius,new_cel_removed_chunk_10,50,cosine_similarity,0.3190118446946144,96
sign_test_og_cel0.2425287356321839__norm_spectral_radius,new_cel_removed_chunk_10,50,kl_to_gaussian,1.1739684787673819,96
sign_test_og_cel0.2425287356321839__norm_spectral_radius,new_cel_removed_chunk_10,50,wt_mean,0.0010513492597965,96
sign_test_og_cel0.2425287356321839__norm_spectral_radius,new_cel_removed_chunk_10,51,GR,9.845649162928263,96
sign_test_og_cel0.2425287356321839__norm_spectral_radius,new_cel_removed_chunk_10,51,IPC,9.2503502380981,96
sign_test_og_cel0.2425287356321839__norm_spectral_radius,new_cel_removed_chunk_10,51,KR,5.695133479932944,96
sign_test_og_cel0.2425287356321839__norm_spectral_radius,new_cel_removed_chunk_10,51,MC,5.237832419574261,96
sign_test_og_cel0.2425287356321839__norm_spectral_radius,new_cel_removed_chunk_10,51,cosine_similarity,0.3415801078081131,96
sign_test_og_cel0.2425287356321839__norm_spectral_radius,new_cel_removed_chunk_10,51,kl_to_gaussian,1.1739684499276652,96
sign_test_og_cel0.2425287356321839__norm_spectral_radius,new_cel_removed_chunk_10,51,wt_mean,0.00120398448780175,96
sign_test_og_cel0.2425287356321839__norm_spectral_radius,new_cel_removed_chunk_10,52,GR,16.125052670637768,96
sign_test_og_cel0.2425287356321839__norm_spectral_radius,new_cel_removed_chunk_10,52,IPC,10.749650940407635,96
sign_test_og_cel0.2425287356321839__norm_spectral_radius,new_cel_removed_chunk_10,52,KR,8.969649573167166,96
sign_test_og_cel0.2425287356321839__norm_spectral_radius,new_cel_removed_chunk_10,52,MC,6.471322978536288,96
sign_test_og_cel0.2425287356321839__norm_spectral_radius,new_cel_removed_chunk_10,52,cosine_similarity,0.3166609704494476,96
sign_test_og_cel0.2425287356321839__norm_spectral_radius,new_cel_removed_chunk_10,52,kl_to_gaussian,1.1739684074416952,96
sign_test_og_cel0.2425287356321839__norm_spectral_radius,new_cel_removed_chunk_10,52,wt_mean,0.0015803091810084248,96
sign_test_og_cel0.2425287356321839__norm_spectral_radius,new_cel_removed_chunk_10,53,GR,8.028279448548952,96
sign_test_og_cel0.2425287356321839__norm_spectral_radius,new_cel_removed_chunk_10,53,IPC,8.294319872106891,96
sign_test_og_cel0.2425287356321839__norm_spectral_radius,new_cel_removed_chunk_10,53,KR,4.701885933677356,96
sign_test_og_cel0.2425287356321839__norm_spectral_radius,new_cel_removed_chunk_10,53,MC,4.892405132452647,96
sign_test_og_cel0.2425287356321839__norm_spectral_radius,new_cel_removed_chunk_10,53,cosine_similarity,0.33064860105514526,96
sign_test_og_cel0.2425287356321839__norm_spectral_radius,new_cel_removed_chunk_10,53,kl_to_gaussian,1.1739685236109259,96
sign_test_og_cel0.2425287356321839__norm_spectral_radius,new_cel_removed_chunk_10,53,wt_mean,0.0009935932321240499,96
sign_test_og_cel0.2425287356321839__norm_spectral_radius,new_cel_removed_chunk_10,54,GR,9.422002973655859,96
sign_test_og_cel0.2425287356321839__norm_spectral_radius,new_cel_removed_chunk_10,54,IPC,9.09947850236457,96
sign_test_og_cel0.2425287356321839__norm_spectral_radius,new_cel_removed_chunk_10,54,KR,5.4563044135769205,96
sign_test_og_cel0.2425287356321839__norm_spectral_radius,new_cel_removed_chunk_10,54,MC,5.541004089017709,96
sign_test_og_cel0.2425287356321839__norm_spectral_radius,new_cel_removed_chunk_10,54,cosine_similarity,0.3527466952800751,96
sign_test_og_cel0.2425287356321839__norm_spectral_radius,new_cel_removed_chunk_10,54,kl_to_gaussian,1.173968411150683,96
sign_test_og_cel0.2425287356321839__norm_spectral_radius,new_cel_removed_chunk_10,54,wt_mean,0.0013404428318608,96
sign_test_og_cel0.2425287356321839__norm_spectral_radius,new_cel_removed_chunk_11,55,GR,14.30391110231479,96
sign_test_og_cel0.2425287356321839__norm_spectral_radius,new_cel_removed_chunk_11,55,IPC,10.293445188211562,96
sign_test_og_cel0.2425287356321839__norm_spectral_radius,new_cel_removed_chunk_11,55,KR,7.886950679123402,96
sign_test_og_cel0.2425287356321839__norm_spectral_radius,new_cel_removed_chunk_11,55,MC,6.067813689510028,96
sign_test_og_cel0.2425287356321839__norm_spectral_radius,new_cel_removed_chunk_11,55,cosine_similarity,0.34957301616668696,96
sign_test_og_cel0.2425287356321839__norm_spectral_radius,new_cel_removed_chunk_11,55,kl_to_gaussian,1.1739685133994586,96
sign_test_og_cel0.2425287356321839__norm_spectral_radius,new_cel_removed_chunk_11,55,wt_mean,0.00154176665819245,96
sign_test_og_cel0.2425287356321839__norm_spectral_radius,new_cel_removed_chunk_11,56,GR,10.982054715355238,96
sign_test_og_cel0.2425287356321839__norm_spectral_radius,new_cel_removed_chunk_11,56,IPC,9.476685605522986,96
sign_test_og_cel0.2425287356321839__norm_spectral_radius,new_cel_removed_chunk_11,56,KR,6.311035650471847,96
sign_test_og_cel0.2425287356321839__norm_spectral_radius,new_cel_removed_chunk_11,56,MC,5.337454120318095,96
sign_test_og_cel0.2425287356321839__norm_spectral_radius,new_cel_removed_chunk_11,56,cosine_similarity,0.333939790725708,96
sign_test_og_cel0.2425287356321839__norm_spectral_radius,new_cel_removed_chunk_11,56,kl_to_gaussian,1.173968586858544,96
sign_test_og_cel0.2425287356321839__norm_spectral_radius,new_cel_removed_chunk_11,56,wt_mean,0.001255872208275775,96
sign_test_og_cel0.2425287356321839__norm_spectral_radius,new_cel_removed_chunk_11,57,GR,8.145976021885872,96
sign_test_og_cel0.2425287356321839__norm_spectral_radius,new_cel_removed_chunk_11,57,IPC,9.046202689564941,96
sign_test_og_cel0.2425287356321839__norm_spectral_radius,new_cel_removed_chunk_11,57,KR,4.572524989644687,96
sign_test_og_cel0.2425287356321839__norm_spectral_radius,new_cel_removed_chunk_11,57,MC,5.168553815533717,96
sign_test_og_cel0.2425287356321839__norm_spectral_radius,new_cel_removed_chunk_11,57,cosine_similarity,0.3224206268787384,96
sign_test_og_cel0.2425287356321839__norm_spectral_radius,new_cel_removed_chunk_11,57,kl_to_gaussian,1.1739685671708433,96
sign_test_og_cel0.2425287356321839__norm_spectral_radius,new_cel_removed_chunk_11,57,wt_mean,0.0010538189817451999,96
sign_test_og_cel0.2425287356321839__norm_spectral_radius,new_cel_removed_chunk_11,58,GR,12.747438286741575,96
sign_test_og_cel0.2425287356321839__norm_spectral_radius,new_cel_removed_chunk_11,58,IPC,9.250690985443649,96
sign_test_og_cel0.2425287356321839__norm_spectral_radius,new_cel_removed_chunk_11,58,KR,6.818717362980048,96
sign_test_og_cel0.2425287356321839__norm_spectral_radius,new_cel_removed_chunk_11,58,MC,5.240789299209912,96
sign_test_og_cel0.2425287356321839__norm_spectral_radius,new_cel_removed_chunk_11,58,cosine_similarity,0.3435783162713051,96
sign_test_og_cel0.2425287356321839__norm_spectral_radius,new_cel_removed_chunk_11,58,kl_to_gaussian,1.1739685897355296,96
sign_test_og_cel0.2425287356321839__norm_spectral_radius,new_cel_removed_chunk_11,58,wt_mean,0.001522795617347525,96
sign_test_og_cel0.2425287356321839__norm_spectral_radius,new_cel_removed_chunk_11,59,GR,14.108913443982601,96
sign_test_og_cel0.2425287356321839__norm_spectral_radius,new_cel_removed_chunk_11,59,IPC,10.206757378320216,96
sign_test_og_cel0.2425287356321839__norm_spectral_radius,new_cel_removed_chunk_11,59,KR,7.683632135391235,96
sign_test_og_cel0.2425287356321839__norm_spectral_radius,new_cel_removed_chunk_11,59,MC,5.717871102193992,96
sign_test_og_cel0.2425287356321839__norm_spectral_radius,new_cel_removed_chunk_11,59,cosine_similarity,0.3131346851587295,96
sign_test_og_cel0.2425287356321839__norm_spectral_radius,new_cel_removed_chunk_11,59,kl_to_gaussian,1.1739686038138768,96
sign_test_og_cel0.2425287356321839__norm_spectral_radius,new_cel_removed_chunk_11,59,wt_mean,0.001482143823523025,96
sign_test_og_cel0.2425287356321839__norm_spectral_radius,new_cel_removed_chunk_12,60,GR,16.360256450871628,96
sign_test_og_cel0.2425287356321839__norm_spectral_radius,new_cel_removed_chunk_12,60,IPC,10.003369697681228,96
sign_test_og_cel0.2425287356321839__norm_spectral_radius,new_cel_removed_chunk_12,60,KR,8.94456397742033,96
sign_test_og_cel0.2425287356321839__norm_spectral_radius,new_cel_removed_chunk_12,60,MC,5.83099519337217,96
sign_test_og_cel0.2425287356321839__norm_spectral_radius,new_cel_removed_chunk_12,60,cosine_similarity,0.3313538506627082,96
sign_test_og_cel0.2425287356321839__norm_spectral_radius,new_cel_removed_chunk_12,60,kl_to_gaussian,1.1739685246407008,96
sign_test_og_cel0.2425287356321839__norm_spectral_radius,new_cel_removed_chunk_12,60,wt_mean,0.00162675409228535,96
sign_test_og_cel0.2425287356321839__norm_spectral_radius,new_cel_removed_chunk_12,61,GR,9.085516594350338,96
sign_test_og_cel0.2425287356321839__norm_spectral_radius,new_cel_removed_chunk_12,61,IPC,9.908376974024133,96
sign_test_og_cel0.2425287356321839__norm_spectral_radius,new_cel_removed_chunk_12,61,KR,5.068060028056304,96
sign_test_og_cel0.2425287356321839__norm_spectral_radius,new_cel_removed_chunk_12,61,MC,5.346772467096646,96
sign_test_og_cel0.2425287356321839__norm_spectral_radius,new_cel_removed_chunk_12,61,cosine_similarity,0.3305310532450676,96
sign_test_og_cel0.2425287356321839__norm_spectral_radius,new_cel_removed_chunk_12,61,kl_to_gaussian,1.1739684876759198,96
sign_test_og_cel0.2425287356321839__norm_spectral_radius,new_cel_removed_chunk_12,61,wt_mean,0.001180436302092825,96
sign_test_og_cel0.2425287356321839__norm_spectral_radius,new_cel_removed_chunk_12,62,GR,11.013085251053175,96
sign_test_og_cel0.2425287356321839__norm_spectral_radius,new_cel_removed_chunk_12,62,IPC,10.146306441013449,96
sign_test_og_cel0.2425287356321839__norm_spectral_radius,new_cel_removed_chunk_12,62,KR,6.284706719219685,96
sign_test_og_cel0.2425287356321839__norm_spectral_radius,new_cel_removed_chunk_12,62,MC,6.089908408621947,96
sign_test_og_cel0.2425287356321839__norm_spectral_radius,new_cel_removed_chunk_12,62,cosine_similarity,0.324066199362278,96
sign_test_og_cel0.2425287356321839__norm_spectral_radius,new_cel_removed_chunk_12,62,kl_to_gaussian,1.1739685973773824,96
sign_test_og_cel0.2425287356321839__norm_spectral_radius,new_cel_removed_chunk_12,62,wt_mean,0.0014000865339766748,96
sign_test_og_cel0.2425287356321839__norm_spectral_radius,new_cel_removed_chunk_12,63,GR,7.609748197098573,96
sign_test_og_cel0.2425287356321839__norm_spectral_radius,new_cel_removed_chunk_12,63,IPC,8.597774783568278,96
sign_test_og_cel0.2425287356321839__norm_spectral_radius,new_cel_removed_chunk_12,63,KR,4.466946166008711,96
sign_test_og_cel0.2425287356321839__norm_spectral_radius,new_cel_removed_chunk_12,63,MC,4.962995783736308,96
sign_test_og_cel0.2425287356321839__norm_spectral_radius,new_cel_removed_chunk_12,63,cosine_similarity,0.33605558425188065,96
sign_test_og_cel0.2425287356321839__norm_spectral_radius,new_cel_removed_chunk_12,63,kl_to_gaussian,1.1739685008004488,96
sign_test_og_cel0.2425287356321839__norm_spectral_radius,new_cel_removed_chunk_12,63,wt_mean,0.0009558187884976501,96
sign_test_og_cel0.2425287356321839__norm_spectral_radius,new_cel_removed_chunk_12,64,GR,7.215840560694535,96
sign_test_og_cel0.2425287356321839__norm_spectral_radius,new_cel_removed_chunk_12,64,IPC,8.877788304503616,96
sign_test_og_cel0.2425287356321839__norm_spectral_radius,new_cel_removed_chunk_12,64,KR,4.191240767637889,96
sign_test_og_cel0.2425287356321839__norm_spectral_radius,new_cel_removed_chunk_12,64,MC,4.734115036825339,96
sign_test_og_cel0.2425287356321839__norm_spectral_radius,new_cel_removed_chunk_12,64,cosine_similarity,0.3412274718284607,96
sign_test_og_cel0.2425287356321839__norm_spectral_radius,new_cel_removed_chunk_12,64,kl_to_gaussian,1.1739685368046102,96
sign_test_og_cel0.2425287356321839__norm_spectral_radius,new_cel_removed_chunk_12,64,wt_mean,0.001029096369165875,96
sign_test_og_cel0.2425287356321839__norm_spectral_radius,new_cel_removed_chunk_13,65,GR,8.385163255035877,96
sign_test_og_cel0.2425287356321839__norm_spectral_radius,new_cel_removed_chunk_13,65,IPC,9.3251455787206,96
sign_test_og_cel0.2425287356321839__norm_spectral_radius,new_cel_removed_chunk_13,65,KR,4.829577907919884,96
sign_test_og_cel0.2425287356321839__norm_spectral_radius,new_cel_removed_chunk_13,65,MC,5.375584269563357,96
sign_test_og_cel0.2425287356321839__norm_spectral_radius,new_cel_removed_chunk_13,65,cosine_similarity,0.351218618452549,96
sign_test_og_cel0.2425287356321839__norm_spectral_radius,new_cel_removed_chunk_13,65,kl_to_gaussian,1.1739685714894303,96
sign_test_og_cel0.2425287356321839__norm_spectral_radius,new_cel_removed_chunk_13,65,wt_mean,0.0011961851705563499,96
sign_test_og_cel0.2425287356321839__norm_spectral_radius,new_cel_removed_chunk_13,66,GR,8.60763730108738,96
sign_test_og_cel0.2425287356321839__norm_spectral_radius,new_cel_removed_chunk_13,66,IPC,9.613401283935223,96
sign_test_og_cel0.2425287356321839__norm_spectral_radius,new_cel_removed_chunk_13,66,KR,5.136606300870578,96
sign_test_og_cel0.2425287356321839__norm_spectral_radius,new_cel_removed_chunk_13,66,MC,5.685964589317639,96
sign_test_og_cel0.2425287356321839__norm_spectral_radius,new_cel_removed_chunk_13,66,cosine_similarity,0.362502783536911,96
sign_test_og_cel0.2425287356321839__norm_spectral_radius,new_cel_removed_chunk_13,66,kl_to_gaussian,1.173968522943804,96
sign_test_og_cel0.2425287356321839__norm_spectral_radius,new_cel_removed_chunk_13,66,wt_mean,0.0012770555913447499,96
sign_test_og_cel0.2425287356321839__norm_spectral_radius,new_cel_removed_chunk_13,67,GR,8.937570256491503,96
sign_test_og_cel0.2425287356321839__norm_spectral_radius,new_cel_removed_chunk_13,67,IPC,8.85384581571808,96
sign_test_og_cel0.2425287356321839__norm_spectral_radius,new_cel_removed_chunk_13,67,KR,5.142859486242135,96
sign_test_og_cel0.2425287356321839__norm_spectral_radius,new_cel_removed_chunk_13,67,MC,5.213328532874584,96
sign_test_og_cel0.2425287356321839__norm_spectral_radius,new_cel_removed_chunk_13,67,cosine_similarity,0.2956207767128944,96
sign_test_og_cel0.2425287356321839__norm_spectral_radius,new_cel_removed_chunk_13,67,kl_to_gaussian,1.173968624973878,96
sign_test_og_cel0.2425287356321839__norm_spectral_radius,new_cel_removed_chunk_13,67,wt_mean,0.0009935907437465749,96
sign_test_og_cel0.2425287356321839__norm_spectral_radius,new_cel_removed_chunk_13,68,GR,14.197209633886814,96
sign_test_og_cel0.2425287356321839__norm_spectral_radius,new_cel_removed_chunk_13,68,IPC,9.809655019206021,96
sign_test_og_cel0.2425287356321839__norm_spectral_radius,new_cel_removed_chunk_13,68,KR,7.585088121394317,96
sign_test_og_cel0.2425287356321839__norm_spectral_radius,new_cel_removed_chunk_13,68,MC,5.748010319968064,96
sign_test_og_cel0.2425287356321839__norm_spectral_radius,new_cel_removed_chunk_13,68,cosine_similarity,0.3382889181375503,96
sign_test_og_cel0.2425287356321839__norm_spectral_radius,new_cel_removed_chunk_13,68,kl_to_gaussian,1.1739686071619149,96
sign_test_og_cel0.2425287356321839__norm_spectral_radius,new_cel_removed_chunk_13,68,wt_mean,0.0015772804617881248,96
sign_test_og_cel0.2425287356321839__norm_spectral_radius,new_cel_removed_chunk_13,69,GR,10.06597345819076,96
sign_test_og_cel0.2425287356321839__norm_spectral_radius,new_cel_removed_chunk_13,69,IPC,8.8541854266592,96
sign_test_og_cel0.2425287356321839__norm_spectral_radius,new_cel_removed_chunk_13,69,KR,5.5087545067071915,96
sign_test_og_cel0.2425287356321839__norm_spectral_radius,new_cel_removed_chunk_13,69,MC,4.761105241874854,96
sign_test_og_cel0.2425287356321839__norm_spectral_radius,new_cel_removed_chunk_13,69,cosine_similarity,0.3321766555309295,96
sign_test_og_cel0.2425287356321839__norm_spectral_radius,new_cel_removed_chunk_13,69,kl_to_gaussian,1.173968494343154,96
sign_test_og_cel0.2425287356321839__norm_spectral_radius,new_cel_removed_chunk_13,69,wt_mean,0.00104037272103595,96
sign_test_og_cel0.2425287356321839__norm_spectral_radius,new_cel_removed_chunk_14,70,GR,12.147964025537172,96
sign_test_og_cel0.2425287356321839__norm_spectral_radius,new_cel_removed_chunk_14,70,IPC,9.61093080747065,96
sign_test_og_cel0.2425287356321839__norm_spectral_radius,new_cel_removed_chunk_14,70,KR,6.662904659907023,96
sign_test_og_cel0.2425287356321839__norm_spectral_radius,new_cel_removed_chunk_14,70,MC,5.722964987158775,96
sign_test_og_cel0.2425287356321839__norm_spectral_radius,new_cel_removed_chunk_14,70,cosine_similarity,0.30949085205793375,96
sign_test_og_cel0.2425287356321839__norm_spectral_radius,new_cel_removed_chunk_14,70,kl_to_gaussian,1.1739684265137194,96
sign_test_og_cel0.2425287356321839__norm_spectral_radius,new_cel_removed_chunk_14,70,wt_mean,0.0013848352245986,96
sign_test_og_cel0.2425287356321839__norm_spectral_radius,new_cel_removed_chunk_14,71,GR,6.724602356553078,96
sign_test_og_cel0.2425287356321839__norm_spectral_radius,new_cel_removed_chunk_14,71,IPC,8.735293986690737,96
sign_test_og_cel0.2425287356321839__norm_spectral_radius,new_cel_removed_chunk_14,71,KR,3.9294784429172673,96
sign_test_og_cel0.2425287356321839__norm_spectral_radius,new_cel_removed_chunk_14,71,MC,4.984782827397187,96
sign_test_og_cel0.2425287356321839__norm_spectral_radius,new_cel_removed_chunk_14,71,cosine_similarity,0.33523278683423996,96
sign_test_og_cel0.2425287356321839__norm_spectral_radius,new_cel_removed_chunk_14,71,kl_to_gaussian,1.1739685686189862,96
sign_test_og_cel0.2425287356321839__norm_spectral_radius,new_cel_removed_chunk_14,71,wt_mean,0.001031337771564675,96
sign_test_og_cel0.2425287356321839__norm_spectral_radius,new_cel_removed_chunk_14,72,GR,10.304969303309917,96
sign_test_og_cel0.2425287356321839__norm_spectral_radius,new_cel_removed_chunk_14,72,IPC,11.187045446387549,96
sign_test_og_cel0.2425287356321839__norm_spectral_radius,new_cel_removed_chunk_14,72,KR,5.929102602104346,96
sign_test_og_cel0.2425287356321839__norm_spectral_radius,new_cel_removed_chunk_14,72,MC,6.629445217549801,96
sign_test_og_cel0.2425287356321839__norm_spectral_radius,new_cel_removed_chunk_14,72,cosine_similarity,0.2918593809008598,96
sign_test_og_cel0.2425287356321839__norm_spectral_radius,new_cel_removed_chunk_14,72,kl_to_gaussian,1.1739684907759058,96
sign_test_og_cel0.2425287356321839__norm_spectral_radius,new_cel_removed_chunk_14,72,wt_mean,0.0012050266814185,96
sign_test_og_cel0.2425287356321839__norm_spectral_radius,new_cel_removed_chunk_14,73,GR,8.593293404827515,96
sign_test_og_cel0.2425287356321839__norm_spectral_radius,new_cel_removed_chunk_14,73,IPC,10.077346822170073,96
sign_test_og_cel0.2425287356321839__norm_spectral_radius,new_cel_removed_chunk_14,73,KR,5.068726657579343,96
sign_test_og_cel0.2425287356321839__norm_spectral_radius,new_cel_removed_chunk_14,73,MC,5.730472654104233,96
sign_test_og_cel0.2425287356321839__norm_spectral_radius,new_cel_removed_chunk_14,73,cosine_similarity,0.3259468749165535,96
sign_test_og_cel0.2425287356321839__norm_spectral_radius,new_cel_removed_chunk_14,73,kl_to_gaussian,1.1739685255536376,96
sign_test_og_cel0.2425287356321839__norm_spectral_radius,new_cel_removed_chunk_14,73,wt_mean,0.001247308158781325,96
sign_test_og_cel0.2425287356321839__norm_spectral_radius,new_cel_removed_chunk_14,74,GR,13.106247750421366,96
sign_test_og_cel0.2425287356321839__norm_spectral_radius,new_cel_removed_chunk_14,74,IPC,10.590021081920773,96
sign_test_og_cel0.2425287356321839__norm_spectral_radius,new_cel_removed_chunk_14,74,KR,7.0801431611180305,96
sign_test_og_cel0.2425287356321839__norm_spectral_radius,new_cel_removed_chunk_14,74,MC,6.215729400515556,96
sign_test_og_cel0.2425287356321839__norm_spectral_radius,new_cel_removed_chunk_14,74,cosine_similarity,0.3171311318874359,96
sign_test_og_cel0.2425287356321839__norm_spectral_radius,new_cel_removed_chunk_14,74,kl_to_gaussian,1.1739685168622354,96
sign_test_og_cel0.2425287356321839__norm_spectral_radius,new_cel_removed_chunk_14,74,wt_mean,0.00140817157807755,96
sign_test_og_cel0.2425287356321839__norm_spectral_radius,new_cel_removed_chunk_15,75,GR,8.652117585142454,96
sign_test_og_cel0.2425287356321839__norm_spectral_radius,new_cel_removed_chunk_15,75,IPC,8.95189603918703,96
sign_test_og_cel0.2425287356321839__norm_spectral_radius,new_cel_removed_chunk_15,75,KR,5.032876218358676,96
sign_test_og_cel0.2425287356321839__norm_spectral_radius,new_cel_removed_chunk_15,75,MC,4.976245149970055,96
sign_test_og_cel0.2425287356321839__norm_spectral_radius,new_cel_removed_chunk_15,75,cosine_similarity,0.3000873923301696,96
sign_test_og_cel0.2425287356321839__norm_spectral_radius,new_cel_removed_chunk_15,75,kl_to_gaussian,1.173968479142211,96
sign_test_og_cel0.2425287356321839__norm_spectral_radius,new_cel_removed_chunk_15,75,wt_mean,0.001006471778964575,96
sign_test_og_cel0.2425287356321839__norm_spectral_radius,new_cel_removed_chunk_15,76,GR,9.142192974686623,96
sign_test_og_cel0.2425287356321839__norm_spectral_radius,new_cel_removed_chunk_15,76,IPC,9.117840583067592,96
sign_test_og_cel0.2425287356321839__norm_spectral_radius,new_cel_removed_chunk_15,76,KR,5.289939733843009,96
sign_test_og_cel0.2425287356321839__norm_spectral_radius,new_cel_removed_chunk_15,76,MC,5.21411878367265,96
sign_test_og_cel0.2425287356321839__norm_spectral_radius,new_cel_removed_chunk_15,76,cosine_similarity,0.33523280173540115,96
sign_test_og_cel0.2425287356321839__norm_spectral_radius,new_cel_removed_chunk_15,76,kl_to_gaussian,1.1739685526119101,96
sign_test_og_cel0.2425287356321839__norm_spectral_radius,new_cel_removed_chunk_15,76,wt_mean,0.001079364781617125,96
sign_test_og_cel0.2425287356321839__norm_spectral_radius,new_cel_removed_chunk_15,77,GR,15.054981718460718,96
sign_test_og_cel0.2425287356321839__norm_spectral_radius,new_cel_removed_chunk_15,77,IPC,10.361503991478207,96
sign_test_og_cel0.2425287356321839__norm_spectral_radius,new_cel_removed_chunk_15,77,KR,8.499132325251898,96
sign_test_og_cel0.2425287356321839__norm_spectral_radius,new_cel_removed_chunk_15,77,MC,5.93873505294323,96
sign_test_og_cel0.2425287356321839__norm_spectral_radius,new_cel_removed_chunk_15,77,cosine_similarity,0.3538045808672905,96
sign_test_og_cel0.2425287356321839__norm_spectral_radius,new_cel_removed_chunk_15,77,kl_to_gaussian,1.1739686084566237,96
sign_test_og_cel0.2425287356321839__norm_spectral_radius,new_cel_removed_chunk_15,77,wt_mean,0.001692049234407,96
sign_test_og_cel0.2425287356321839__norm_spectral_radius,new_cel_removed_chunk_15,78,GR,6.820763700952132,96
sign_test_og_cel0.2425287356321839__norm_spectral_radius,new_cel_removed_chunk_15,78,IPC,9.172455737243434,96
sign_test_og_cel0.2425287356321839__norm_spectral_radius,new_cel_removed_chunk_15,78,KR,3.996208226929108,96
sign_test_og_cel0.2425287356321839__norm_spectral_radius,new_cel_removed_chunk_15,78,MC,5.18087104211251,96
sign_test_og_cel0.2425287356321839__norm_spectral_radius,new_cel_removed_chunk_15,78,cosine_similarity,0.3502782806754112,96
sign_test_og_cel0.2425287356321839__norm_spectral_radius,new_cel_removed_chunk_15,78,kl_to_gaussian,1.1739685069800119,96
sign_test_og_cel0.2425287356321839__norm_spectral_radius,new_cel_removed_chunk_15,78,wt_mean,0.000935743533773275,96
sign_test_og_cel0.2425287356321839__norm_spectral_radius,new_cel_removed_chunk_15,79,GR,12.806369416415691,96
sign_test_og_cel0.2425287356321839__norm_spectral_radius,new_cel_removed_chunk_15,79,IPC,10.23376777788869,96
sign_test_og_cel0.2425287356321839__norm_spectral_radius,new_cel_removed_chunk_15,79,KR,6.960669199625651,96
sign_test_og_cel0.2425287356321839__norm_spectral_radius,new_cel_removed_chunk_15,79,MC,6.014132010440032,96
sign_test_og_cel0.2425287356321839__norm_spectral_radius,new_cel_removed_chunk_15,79,cosine_similarity,0.3199521899223327,96
sign_test_og_cel0.2425287356321839__norm_spectral_radius,new_cel_removed_chunk_15,79,kl_to_gaussian,1.173968524286832,96
sign_test_og_cel0.2425287356321839__norm_spectral_radius,new_cel_removed_chunk_15,79,wt_mean,0.00142781369504515,96
sign_test_og_cel0.2425287356321839__norm_spectral_radius,new_cel_removed_chunk_16,80,GR,12.462397202849388,96
sign_test_og_cel0.2425287356321839__norm_spectral_radius,new_cel_removed_chunk_16,80,IPC,9.495487837546873,96
sign_test_og_cel0.2425287356321839__norm_spectral_radius,new_cel_removed_chunk_16,80,KR,6.850878375271956,96
sign_test_og_cel0.2425287356321839__norm_spectral_radius,new_cel_removed_chunk_16,80,MC,5.79717963685592,96
sign_test_og_cel0.2425287356321839__norm_spectral_radius,new_cel_removed_chunk_16,80,cosine_similarity,0.31066627055406565,96
sign_test_og_cel0.2425287356321839__norm_spectral_radius,new_cel_removed_chunk_16,80,kl_to_gaussian,1.1739684468044678,96
sign_test_og_cel0.2425287356321839__norm_spectral_radius,new_cel_removed_chunk_16,80,wt_mean,0.001381603302434025,96
sign_test_og_cel0.2425287356321839__norm_spectral_radius,new_cel_removed_chunk_16,81,GR,13.326506679256758,96
sign_test_og_cel0.2425287356321839__norm_spectral_radius,new_cel_removed_chunk_16,81,IPC,8.909737427627535,96
sign_test_og_cel0.2425287356321839__norm_spectral_radius,new_cel_removed_chunk_16,81,KR,7.316710474590461,96
sign_test_og_cel0.2425287356321839__norm_spectral_radius,new_cel_removed_chunk_16,81,MC,5.306663212676843,96
sign_test_og_cel0.2425287356321839__norm_spectral_radius,new_cel_removed_chunk_16,81,cosine_similarity,0.34828004240989685,96
sign_test_og_cel0.2425287356321839__norm_spectral_radius,new_cel_removed_chunk_16,81,kl_to_gaussian,1.1739685100119759,96
sign_test_og_cel0.2425287356321839__norm_spectral_radius,new_cel_removed_chunk_16,81,wt_mean,0.0015648484986740749,96
sign_test_og_cel0.2425287356321839__norm_spectral_radius,new_cel_removed_chunk_16,82,GR,9.369483145574728,96
sign_test_og_cel0.2425287356321839__norm_spectral_radius,new_cel_removed_chunk_16,82,IPC,8.434785016645238,96
sign_test_og_cel0.2425287356321839__norm_spectral_radius,new_cel_removed_chunk_16,82,KR,5.410533731182416,96
sign_test_og_cel0.2425287356321839__norm_spectral_radius,new_cel_removed_chunk_16,82,MC,4.9415022904674215,96
sign_test_og_cel0.2425287356321839__norm_spectral_radius,new_cel_removed_chunk_16,82,cosine_similarity,0.3442835956811905,96
sign_test_og_cel0.2425287356321839__norm_spectral_radius,new_cel_removed_chunk_16,82,kl_to_gaussian,1.1739685342851218,96
sign_test_og_cel0.2425287356321839__norm_spectral_radius,new_cel_removed_chunk_16,82,wt_mean,0.00125181459588925,96
sign_test_og_cel0.2425287356321839__norm_spectral_radius,new_cel_removed_chunk_16,83,GR,7.4685769863426685,96
sign_test_og_cel0.2425287356321839__norm_spectral_radius,new_cel_removed_chunk_16,83,IPC,7.751216561448364,96
sign_test_og_cel0.2425287356321839__norm_spectral_radius,new_cel_removed_chunk_16,83,KR,4.247700589398543,96
sign_test_og_cel0.2425287356321839__norm_spectral_radius,new_cel_removed_chunk_16,83,MC,4.414559329549472,96
sign_test_og_cel0.2425287356321839__norm_spectral_radius,new_cel_removed_chunk_16,83,cosine_similarity,0.3210100755095482,96
sign_test_og_cel0.2425287356321839__norm_spectral_radius,new_cel_removed_chunk_16,83,kl_to_gaussian,1.173968479542055,96
sign_test_og_cel0.2425287356321839__norm_spectral_radius,new_cel_removed_chunk_16,83,wt_mean,0.001001494078082,96
sign_test_og_cel0.2425287356321839__norm_spectral_radius,new_cel_removed_chunk_16,84,GR,9.39778040846189,96
sign_test_og_cel0.2425287356321839__norm_spectral_radius,new_cel_removed_chunk_16,84,IPC,9.135742069338997,96
sign_test_og_cel0.2425287356321839__norm_spectral_radius,new_cel_removed_chunk_16,84,KR,5.534668659170468,96
sign_test_og_cel0.2425287356321839__norm_spectral_radius,new_cel_removed_chunk_16,84,MC,5.63756396373113,96
sign_test_og_cel0.2425287356321839__norm_spectral_radius,new_cel_removed_chunk_16,84,cosine_similarity,0.3274749219417572,96
sign_test_og_cel0.2425287356321839__norm_spectral_radius,new_cel_removed_chunk_16,84,kl_to_gaussian,1.173968466395534,96
sign_test_og_cel0.2425287356321839__norm_spectral_radius,new_cel_removed_chunk_16,84,wt_mean,0.0012657845363719,96
sign_test_og_cel0.2425287356321839__norm_spectral_radius,new_cel_removed_chunk_17,85,GR,9.967192312081655,96
sign_test_og_cel0.2425287356321839__norm_spectral_radius,new_cel_removed_chunk_17,85,IPC,9.211205180787136,96
sign_test_og_cel0.2425287356321839__norm_spectral_radius,new_cel_removed_chunk_17,85,KR,5.373961930473645,96
sign_test_og_cel0.2425287356321839__norm_spectral_radius,new_cel_removed_chunk_17,85,MC,5.186111640185118,96
sign_test_og_cel0.2425287356321839__norm_spectral_radius,new_cel_removed_chunk_17,85,cosine_similarity,0.31748379021883005,96
sign_test_og_cel0.2425287356321839__norm_spectral_radius,new_cel_removed_chunk_17,85,kl_to_gaussian,1.1739685184616893,96
sign_test_og_cel0.2425287356321839__norm_spectral_radius,new_cel_removed_chunk_17,85,wt_mean,0.001230907058925325,96
sign_test_og_cel0.2425287356321839__norm_spectral_radius,new_cel_removed_chunk_17,86,GR,13.316363294919332,96
sign_test_og_cel0.2425287356321839__norm_spectral_radius,new_cel_removed_chunk_17,86,IPC,9.662482712965407,96
sign_test_og_cel0.2425287356321839__norm_spectral_radius,new_cel_removed_chunk_17,86,KR,7.240618042647839,96
sign_test_og_cel0.2425287356321839__norm_spectral_radius,new_cel_removed_chunk_17,86,MC,6.098650194704533,96
sign_test_og_cel0.2425287356321839__norm_spectral_radius,new_cel_removed_chunk_17,86,cosine_similarity,0.3449888527393341,96
sign_test_og_cel0.2425287356321839__norm_spectral_radius,new_cel_removed_chunk_17,86,kl_to_gaussian,1.17396851018141,96
sign_test_og_cel0.2425287356321839__norm_spectral_radius,new_cel_removed_chunk_17,86,wt_mean,0.001578860508743625,96
sign_test_og_cel0.2425287356321839__norm_spectral_radius,new_cel_removed_chunk_17,87,GR,8.192074239253998,96
sign_test_og_cel0.2425287356321839__norm_spectral_radius,new_cel_removed_chunk_17,87,IPC,9.29119266925122,96
sign_test_og_cel0.2425287356321839__norm_spectral_radius,new_cel_removed_chunk_17,87,KR,4.651901243875424,96
sign_test_og_cel0.2425287356321839__norm_spectral_radius,new_cel_removed_chunk_17,87,MC,5.36765909443299,96
sign_test_og_cel0.2425287356321839__norm_spectral_radius,new_cel_removed_chunk_17,87,cosine_similarity,0.3559203520417213,96
sign_test_og_cel0.2425287356321839__norm_spectral_radius,new_cel_removed_chunk_17,87,kl_to_gaussian,1.1739684493925546,96
sign_test_og_cel0.2425287356321839__norm_spectral_radius,new_cel_removed_chunk_17,87,wt_mean,0.00130439191707405,96
sign_test_og_cel0.2425287356321839__norm_spectral_radius,new_cel_removed_chunk_17,88,GR,14.856750540435314,96
sign_test_og_cel0.2425287356321839__norm_spectral_radius,new_cel_removed_chunk_17,88,IPC,9.371784499715828,96
sign_test_og_cel0.2425287356321839__norm_spectral_radius,new_cel_removed_chunk_17,88,KR,8.099631937841574,96
sign_test_og_cel0.2425287356321839__norm_spectral_radius,new_cel_removed_chunk_17,88,MC,5.67540122071902,96
sign_test_og_cel0.2425287356321839__norm_spectral_radius,new_cel_removed_chunk_17,88,cosine_similarity,0.3036136999726295,96
sign_test_og_cel0.2425287356321839__norm_spectral_radius,new_cel_removed_chunk_17,88,kl_to_gaussian,1.173968688459641,96
sign_test_og_cel0.2425287356321839__norm_spectral_radius,new_cel_removed_chunk_17,88,wt_mean,0.0014243254845495749,96
sign_test_og_cel0.2425287356321839__norm_spectral_radius,new_cel_removed_chunk_17,89,GR,9.958564810454845,96
sign_test_og_cel0.2425287356321839__norm_spectral_radius,new_cel_removed_chunk_17,89,IPC,9.093354009908191,96
sign_test_og_cel0.2425287356321839__norm_spectral_radius,new_cel_removed_chunk_17,89,KR,5.700205393135548,96
sign_test_og_cel0.2425287356321839__norm_spectral_radius,new_cel_removed_chunk_17,89,MC,5.298703548808892,96
sign_test_og_cel0.2425287356321839__norm_spectral_radius,new_cel_removed_chunk_17,89,cosine_similarity,0.34287309646606445,96
sign_test_og_cel0.2425287356321839__norm_spectral_radius,new_cel_removed_chunk_17,89,kl_to_gaussian,1.1739684831455115,96
sign_test_og_cel0.2425287356321839__norm_spectral_radius,new_cel_removed_chunk_17,89,wt_mean,0.0012068502255714998,96
sign_test_og_cel0.2425287356321839__norm_spectral_radius,new_cel_removed_chunk_18,90,GR,10.497557856142521,96
sign_test_og_cel0.2425287356321839__norm_spectral_radius,new_cel_removed_chunk_18,90,IPC,8.747274282400065,96
sign_test_og_cel0.2425287356321839__norm_spectral_radius,new_cel_removed_chunk_18,90,KR,5.90486628562212,96
sign_test_og_cel0.2425287356321839__norm_spectral_radius,new_cel_removed_chunk_18,90,MC,5.170987623433272,96
sign_test_og_cel0.2425287356321839__norm_spectral_radius,new_cel_removed_chunk_18,90,cosine_similarity,0.34287306666374207,96
sign_test_og_cel0.2425287356321839__norm_spectral_radius,new_cel_removed_chunk_18,90,kl_to_gaussian,1.1739685901959394,96
sign_test_og_cel0.2425287356321839__norm_spectral_radius,new_cel_removed_chunk_18,90,wt_mean,0.0012233656307215999,96
sign_test_og_cel0.2425287356321839__norm_spectral_radius,new_cel_removed_chunk_18,91,GR,12.995625200370947,96
sign_test_og_cel0.2425287356321839__norm_spectral_radius,new_cel_removed_chunk_18,91,IPC,9.157365134792043,96
sign_test_og_cel0.2425287356321839__norm_spectral_radius,new_cel_removed_chunk_18,91,KR,7.211916593213876,96
sign_test_og_cel0.2425287356321839__norm_spectral_radius,new_cel_removed_chunk_18,91,MC,5.312558084726334,96
sign_test_og_cel0.2425287356321839__norm_spectral_radius,new_cel_removed_chunk_18,91,cosine_similarity,0.3265345990657806,96
sign_test_og_cel0.2425287356321839__norm_spectral_radius,new_cel_removed_chunk_18,91,kl_to_gaussian,1.1739686038086612,96
sign_test_og_cel0.2425287356321839__norm_spectral_radius,new_cel_removed_chunk_18,91,wt_mean,0.0013356667186599,96
sign_test_og_cel0.2425287356321839__norm_spectral_radius,new_cel_removed_chunk_18,92,GR,12.682032426198324,96
sign_test_og_cel0.2425287356321839__norm_spectral_radius,new_cel_removed_chunk_18,92,IPC,9.604844412830637,96
sign_test_og_cel0.2425287356321839__norm_spectral_radius,new_cel_removed_chunk_18,92,KR,7.3608093957106275,96
sign_test_og_cel0.2425287356321839__norm_spectral_radius,new_cel_removed_chunk_18,92,MC,5.692044834295909,96
sign_test_og_cel0.2425287356321839__norm_spectral_radius,new_cel_removed_chunk_18,92,cosine_similarity,0.3543923050165176,96
sign_test_og_cel0.2425287356321839__norm_spectral_radius,new_cel_removed_chunk_18,92,kl_to_gaussian,1.173968530565698,96
sign_test_og_cel0.2425287356321839__norm_spectral_radius,new_cel_removed_chunk_18,92,wt_mean,0.0015219579508993248,96
sign_test_og_cel0.2425287356321839__norm_spectral_radius,new_cel_removed_chunk_18,93,GR,10.419982815782229,96
sign_test_og_cel0.2425287356321839__norm_spectral_radius,new_cel_removed_chunk_18,93,IPC,9.470642832600026,96
sign_test_og_cel0.2425287356321839__norm_spectral_radius,new_cel_removed_chunk_18,93,KR,5.875289122263591,96
sign_test_og_cel0.2425287356321839__norm_spectral_radius,new_cel_removed_chunk_18,93,MC,5.473271069427331,96
sign_test_og_cel0.2425287356321839__norm_spectral_radius,new_cel_removed_chunk_18,93,cosine_similarity,0.3480449616909027,96
sign_test_og_cel0.2425287356321839__norm_spectral_radius,new_cel_removed_chunk_18,93,kl_to_gaussian,1.17396850797391,96
sign_test_og_cel0.2425287356321839__norm_spectral_radius,new_cel_removed_chunk_18,93,wt_mean,0.0013191632897359498,96
sign_test_og_cel0.2425287356321839__norm_spectral_radius,new_cel_removed_chunk_18,94,GR,10.478059001266956,96
sign_test_og_cel0.2425287356321839__norm_spectral_radius,new_cel_removed_chunk_18,94,IPC,9.546055928358228,96
sign_test_og_cel0.2425287356321839__norm_spectral_radius,new_cel_removed_chunk_18,94,KR,5.935169120629628,96
sign_test_og_cel0.2425287356321839__norm_spectral_radius,new_cel_removed_chunk_18,94,MC,5.517769043644269,96
sign_test_og_cel0.2425287356321839__norm_spectral_radius,new_cel_removed_chunk_18,94,cosine_similarity,0.34146255999803543,96
sign_test_og_cel0.2425287356321839__norm_spectral_radius,new_cel_removed_chunk_18,94,kl_to_gaussian,1.1739684739946525,96
sign_test_og_cel0.2425287356321839__norm_spectral_radius,new_cel_removed_chunk_18,94,wt_mean,0.0013305272732395252,96
sign_test_og_cel0.2425287356321839__norm_spectral_radius,new_cel_removed_chunk_19,95,GR,6.189295353988807,96
sign_test_og_cel0.2425287356321839__norm_spectral_radius,new_cel_removed_chunk_19,95,IPC,7.610369424576013,96
sign_test_og_cel0.2425287356321839__norm_spectral_radius,new_cel_removed_chunk_19,95,KR,3.6715451031923294,96
sign_test_og_cel0.2425287356321839__norm_spectral_radius,new_cel_removed_chunk_19,95,MC,4.718510535856088,96
sign_test_og_cel0.2425287356321839__norm_spectral_radius,new_cel_removed_chunk_19,95,cosine_similarity,0.3198346346616745,96
sign_test_og_cel0.2425287356321839__norm_spectral_radius,new_cel_removed_chunk_19,95,kl_to_gaussian,1.1739685529394333,96
sign_test_og_cel0.2425287356321839__norm_spectral_radius,new_cel_removed_chunk_19,95,wt_mean,0.00083749789337155,96
sign_test_og_cel0.2425287356321839__norm_spectral_radius,new_cel_removed_chunk_19,96,GR,8.944067619740963,96
sign_test_og_cel0.2425287356321839__norm_spectral_radius,new_cel_removed_chunk_19,96,IPC,8.93683362493669,96
sign_test_og_cel0.2425287356321839__norm_spectral_radius,new_cel_removed_chunk_19,96,KR,5.015555992722511,96
sign_test_og_cel0.2425287356321839__norm_spectral_radius,new_cel_removed_chunk_19,96,MC,5.247565848131974,96
sign_test_og_cel0.2425287356321839__norm_spectral_radius,new_cel_removed_chunk_19,96,cosine_similarity,0.30678734928369517,96
sign_test_og_cel0.2425287356321839__norm_spectral_radius,new_cel_removed_chunk_19,96,kl_to_gaussian,1.1739685386417928,96
sign_test_og_cel0.2425287356321839__norm_spectral_radius,new_cel_removed_chunk_19,96,wt_mean,0.001035358087392475,96
sign_test_og_cel0.2425287356321839__norm_spectral_radius,new_cel_removed_chunk_19,97,GR,12.380807173748812,96
sign_test_og_cel0.2425287356321839__norm_spectral_radius,new_cel_removed_chunk_19,97,IPC,9.35829934101762,96
sign_test_og_cel0.2425287356321839__norm_spectral_radius,new_cel_removed_chunk_19,97,KR,6.792569398880005,96
sign_test_og_cel0.2425287356321839__norm_spectral_radius,new_cel_removed_chunk_19,97,MC,5.393842143317063,96
sign_test_og_cel0.2425287356321839__norm_spectral_radius,new_cel_removed_chunk_19,97,cosine_similarity,0.36861500889062876,96
sign_test_og_cel0.2425287356321839__norm_spectral_radius,new_cel_removed_chunk_19,97,kl_to_gaussian,1.173968402141847,96
sign_test_og_cel0.2425287356321839__norm_spectral_radius,new_cel_removed_chunk_19,97,wt_mean,0.001642225048271875,96
sign_test_og_cel0.2425287356321839__norm_spectral_radius,new_cel_removed_chunk_19,98,GR,7.324697047472,96
sign_test_og_cel0.2425287356321839__norm_spectral_radius,new_cel_removed_chunk_19,98,IPC,8.214103885471834,96
sign_test_og_cel0.2425287356321839__norm_spectral_radius,new_cel_removed_chunk_19,98,KR,4.072181279460589,96
sign_test_og_cel0.2425287356321839__norm_spectral_radius,new_cel_removed_chunk_19,98,MC,4.436764765530825,96
sign_test_og_cel0.2425287356321839__norm_spectral_radius,new_cel_removed_chunk_19,98,cosine_similarity,0.310901366174221,96
sign_test_og_cel0.2425287356321839__norm_spectral_radius,new_cel_removed_chunk_19,98,kl_to_gaussian,1.1739685347905977,96
sign_test_og_cel0.2425287356321839__norm_spectral_radius,new_cel_removed_chunk_19,98,wt_mean,0.0009334455389761751,96
sign_test_og_cel0.2425287356321839__norm_spectral_radius,new_cel_removed_chunk_19,99,GR,8.733888680736223,96
sign_test_og_cel0.2425287356321839__norm_spectral_radius,new_cel_removed_chunk_19,99,IPC,9.39021276627521,96
sign_test_og_cel0.2425287356321839__norm_spectral_radius,new_cel_removed_chunk_19,99,KR,5.192294863363107,96
sign_test_og_cel0.2425287356321839__norm_spectral_radius,new_cel_removed_chunk_19,99,MC,5.568109256525834,96
sign_test_og_cel0.2425287356321839__norm_spectral_radius,new_cel_removed_chunk_19,99,cosine_similarity,0.3172487020492553,96
sign_test_og_cel0.2425287356321839__norm_spectral_radius,new_cel_removed_chunk_19,99,kl_to_gaussian,1.1739686310129025,96
sign_test_og_cel0.2425287356321839__norm_spectral_radius,new_cel_removed_chunk_19,99,wt_mean,0.001129935655626425,96
sign_test_og_cel0.2425287356321839__norm_spectral_radius,new_cel_removed_chunk_2,10,GR,6.697361482928197,96
sign_test_og_cel0.2425287356321839__norm_spectral_radius,new_cel_removed_chunk_2,10,IPC,7.779813780622327,96
sign_test_og_cel0.2425287356321839__norm_spectral_radius,new_cel_removed_chunk_2,10,KR,3.993719846010208,96
sign_test_og_cel0.2425287356321839__norm_spectral_radius,new_cel_removed_chunk_2,10,MC,4.417373811205228,96
sign_test_og_cel0.2425287356321839__norm_spectral_radius,new_cel_removed_chunk_2,10,cosine_similarity,0.3456941097974777,96
sign_test_og_cel0.2425287356321839__norm_spectral_radius,new_cel_removed_chunk_2,10,kl_to_gaussian,1.173968385939953,96
sign_test_og_cel0.2425287356321839__norm_spectral_radius,new_cel_removed_chunk_2,10,wt_mean,0.00087159704708025,96
sign_test_og_cel0.2425287356321839__norm_spectral_radius,new_cel_removed_chunk_2,11,GR,9.655736684799194,96
sign_test_og_cel0.2425287356321839__norm_spectral_radius,new_cel_removed_chunk_2,11,IPC,9.469061972369172,96
sign_test_og_cel0.2425287356321839__norm_spectral_radius,new_cel_removed_chunk_2,11,KR,5.601506143808365,96
sign_test_og_cel0.2425287356321839__norm_spectral_radius,new_cel_removed_chunk_2,11,MC,5.493836432695389,96
sign_test_og_cel0.2425287356321839__norm_spectral_radius,new_cel_removed_chunk_2,11,cosine_similarity,0.35450984537601465,96
sign_test_og_cel0.2425287356321839__norm_spectral_radius,new_cel_removed_chunk_2,11,kl_to_gaussian,1.1739685100431683,96
sign_test_og_cel0.2425287356321839__norm_spectral_radius,new_cel_removed_chunk_2,11,wt_mean,0.001355639935354675,96
sign_test_og_cel0.2425287356321839__norm_spectral_radius,new_cel_removed_chunk_2,12,GR,7.703797982384761,96
sign_test_og_cel0.2425287356321839__norm_spectral_radius,new_cel_removed_chunk_2,12,IPC,8.354287933923294,96
sign_test_og_cel0.2425287356321839__norm_spectral_radius,new_cel_removed_chunk_2,12,KR,4.246273345003526,96
sign_test_og_cel0.2425287356321839__norm_spectral_radius,new_cel_removed_chunk_2,12,MC,4.346186180909474,96
sign_test_og_cel0.2425287356321839__norm_spectral_radius,new_cel_removed_chunk_2,12,cosine_similarity,0.33711347728967667,96
sign_test_og_cel0.2425287356321839__norm_spectral_radius,new_cel_removed_chunk_2,12,kl_to_gaussian,1.1739685608169774,96
sign_test_og_cel0.2425287356321839__norm_spectral_radius,new_cel_removed_chunk_2,12,wt_mean,0.0010791119857458,96
sign_test_og_cel0.2425287356321839__norm_spectral_radius,new_cel_removed_chunk_2,13,GR,13.59006675084432,96
sign_test_og_cel0.2425287356321839__norm_spectral_radius,new_cel_removed_chunk_2,13,IPC,10.800645578587243,96
sign_test_og_cel0.2425287356321839__norm_spectral_radius,new_cel_removed_chunk_2,13,KR,7.5179110045234365,96
sign_test_og_cel0.2425287356321839__norm_spectral_radius,new_cel_removed_chunk_2,13,MC,6.685934228201707,96
sign_test_og_cel0.2425287356321839__norm_spectral_radius,new_cel_removed_chunk_2,13,cosine_similarity,0.301380380988121,96
sign_test_og_cel0.2425287356321839__norm_spectral_radius,new_cel_removed_chunk_2,13,kl_to_gaussian,1.1739684323779314,96
sign_test_og_cel0.2425287356321839__norm_spectral_radius,new_cel_removed_chunk_2,13,wt_mean,0.001374887433485075,96
sign_test_og_cel0.2425287356321839__norm_spectral_radius,new_cel_removed_chunk_2,14,GR,8.827222156027952,96
sign_test_og_cel0.2425287356321839__norm_spectral_radius,new_cel_removed_chunk_2,14,IPC,9.815655964339543,96
sign_test_og_cel0.2425287356321839__norm_spectral_radius,new_cel_removed_chunk_2,14,KR,5.167897656559944,96
sign_test_og_cel0.2425287356321839__norm_spectral_radius,new_cel_removed_chunk_2,14,MC,5.7563828105727834,96
sign_test_og_cel0.2425287356321839__norm_spectral_radius,new_cel_removed_chunk_2,14,cosine_similarity,0.3420502692461014,96
sign_test_og_cel0.2425287356321839__norm_spectral_radius,new_cel_removed_chunk_2,14,kl_to_gaussian,1.1739684715001548,96
sign_test_og_cel0.2425287356321839__norm_spectral_radius,new_cel_removed_chunk_2,14,wt_mean,0.001239788252860275,96
sign_test_og_cel0.2425287356321839__norm_spectral_radius,new_cel_removed_chunk_3,15,GR,7.098579119890928,96
sign_test_og_cel0.2425287356321839__norm_spectral_radius,new_cel_removed_chunk_3,15,IPC,8.776728242041393,96
sign_test_og_cel0.2425287356321839__norm_spectral_radius,new_cel_removed_chunk_3,15,KR,4.280308146029711,96
sign_test_og_cel0.2425287356321839__norm_spectral_radius,new_cel_removed_chunk_3,15,MC,5.138700552284718,96
sign_test_og_cel0.2425287356321839__norm_spectral_radius,new_cel_removed_chunk_3,15,cosine_similarity,0.3507484570145607,96
sign_test_og_cel0.2425287356321839__norm_spectral_radius,new_cel_removed_chunk_3,15,kl_to_gaussian,1.1739684824051866,96
sign_test_og_cel0.2425287356321839__norm_spectral_radius,new_cel_removed_chunk_3,15,wt_mean,0.00096908364503175,96
sign_test_og_cel0.2425287356321839__norm_spectral_radius,new_cel_removed_chunk_3,16,GR,14.751210937897364,96
sign_test_og_cel0.2425287356321839__norm_spectral_radius,new_cel_removed_chunk_3,16,IPC,9.812842237244237,96
sign_test_og_cel0.2425287356321839__norm_spectral_radius,new_cel_removed_chunk_3,16,KR,7.743426784873009,96
sign_test_og_cel0.2425287356321839__norm_spectral_radius,new_cel_removed_chunk_3,16,MC,5.829869044323762,96
sign_test_og_cel0.2425287356321839__norm_spectral_radius,new_cel_removed_chunk_3,16,cosine_similarity,0.3042014166712761,96
sign_test_og_cel0.2425287356321839__norm_spectral_radius,new_cel_removed_chunk_3,16,kl_to_gaussian,1.1739685728112268,96
sign_test_og_cel0.2425287356321839__norm_spectral_radius,new_cel_removed_chunk_3,16,wt_mean,0.001426850561983825,96
sign_test_og_cel0.2425287356321839__norm_spectral_radius,new_cel_removed_chunk_3,17,GR,9.346517202754816,96
sign_test_og_cel0.2425287356321839__norm_spectral_radius,new_cel_removed_chunk_3,17,IPC,8.934984286430224,96
sign_test_og_cel0.2425287356321839__norm_spectral_radius,new_cel_removed_chunk_3,17,KR,5.36569266517957,96
sign_test_og_cel0.2425287356321839__norm_spectral_radius,new_cel_removed_chunk_3,17,MC,5.088308495779832,96
sign_test_og_cel0.2425287356321839__norm_spectral_radius,new_cel_removed_chunk_3,17,cosine_similarity,0.30761014670133585,96
sign_test_og_cel0.2425287356321839__norm_spectral_radius,new_cel_removed_chunk_3,17,kl_to_gaussian,1.1739685240353355,96
sign_test_og_cel0.2425287356321839__norm_spectral_radius,new_cel_removed_chunk_3,17,wt_mean,0.0011609041976043501,96
sign_test_og_cel0.2425287356321839__norm_spectral_radius,new_cel_removed_chunk_3,18,GR,13.15428132812182,96
sign_test_og_cel0.2425287356321839__norm_spectral_radius,new_cel_removed_chunk_3,18,IPC,9.675098092778816,96
sign_test_og_cel0.2425287356321839__norm_spectral_radius,new_cel_removed_chunk_3,18,KR,6.926191598176956,96
sign_test_og_cel0.2425287356321839__norm_spectral_radius,new_cel_removed_chunk_3,18,MC,5.241037756204605,96
sign_test_og_cel0.2425287356321839__norm_spectral_radius,new_cel_removed_chunk_3,18,cosine_similarity,0.35204143822193146,96
sign_test_og_cel0.2425287356321839__norm_spectral_radius,new_cel_removed_chunk_3,18,kl_to_gaussian,1.1739685585719453,96
sign_test_og_cel0.2425287356321839__norm_spectral_radius,new_cel_removed_chunk_3,18,wt_mean,0.0015199848276096749,96
sign_test_og_cel0.2425287356321839__norm_spectral_radius,new_cel_removed_chunk_3,19,GR,18.969374539951485,96
sign_test_og_cel0.2425287356321839__norm_spectral_radius,new_cel_removed_chunk_3,19,IPC,11.87941356217455,96
sign_test_og_cel0.2425287356321839__norm_spectral_radius,new_cel_removed_chunk_3,19,KR,10.0473727012674,96
sign_test_og_cel0.2425287356321839__norm_spectral_radius,new_cel_removed_chunk_3,19,MC,6.834353975951672,96
sign_test_og_cel0.2425287356321839__norm_spectral_radius,new_cel_removed_chunk_3,19,cosine_similarity,0.3151329010725021,96
sign_test_og_cel0.2425287356321839__norm_spectral_radius,new_cel_removed_chunk_3,19,kl_to_gaussian,1.1739685060384741,96
sign_test_og_cel0.2425287356321839__norm_spectral_radius,new_cel_removed_chunk_3,19,wt_mean,0.001787290064385125,96
sign_test_og_cel0.2425287356321839__norm_spectral_radius,new_cel_removed_chunk_4,20,GR,7.598488574226697,96
sign_test_og_cel0.2425287356321839__norm_spectral_radius,new_cel_removed_chunk_4,20,IPC,8.39354195844387,96
sign_test_og_cel0.2425287356321839__norm_spectral_radius,new_cel_removed_chunk_4,20,KR,4.3416944816708565,96
sign_test_og_cel0.2425287356321839__norm_spectral_radius,new_cel_removed_chunk_4,20,MC,4.609854057431221,96
sign_test_og_cel0.2425287356321839__norm_spectral_radius,new_cel_removed_chunk_4,20,cosine_similarity,0.3687325567007065,96
sign_test_og_cel0.2425287356321839__norm_spectral_radius,new_cel_removed_chunk_4,20,kl_to_gaussian,1.1739685123107317,96
sign_test_og_cel0.2425287356321839__norm_spectral_radius,new_cel_removed_chunk_4,20,wt_mean,0.0011466232972451751,96
sign_test_og_cel0.2425287356321839__norm_spectral_radius,new_cel_removed_chunk_4,21,GR,11.131727715333303,96
sign_test_og_cel0.2425287356321839__norm_spectral_radius,new_cel_removed_chunk_4,21,IPC,10.307716190706342,96
sign_test_og_cel0.2425287356321839__norm_spectral_radius,new_cel_removed_chunk_4,21,KR,6.3719005684057874,96
sign_test_og_cel0.2425287356321839__norm_spectral_radius,new_cel_removed_chunk_4,21,MC,6.146437135835488,96
sign_test_og_cel0.2425287356321839__norm_spectral_radius,new_cel_removed_chunk_4,21,cosine_similarity,0.34063976258039474,96
sign_test_og_cel0.2425287356321839__norm_spectral_radius,new_cel_removed_chunk_4,21,kl_to_gaussian,1.1739685145551044,96
sign_test_og_cel0.2425287356321839__norm_spectral_radius,new_cel_removed_chunk_4,21,wt_mean,0.00141727385926055,96
sign_test_og_cel0.2425287356321839__norm_spectral_radius,new_cel_removed_chunk_4,22,GR,9.772784856458506,96
sign_test_og_cel0.2425287356321839__norm_spectral_radius,new_cel_removed_chunk_4,22,IPC,10.488523486742256,96
sign_test_og_cel0.2425287356321839__norm_spectral_radius,new_cel_removed_chunk_4,22,KR,5.595760837197304,96
sign_test_og_cel0.2425287356321839__norm_spectral_radius,new_cel_removed_chunk_4,22,MC,5.986310039957364,96
sign_test_og_cel0.2425287356321839__norm_spectral_radius,new_cel_removed_chunk_4,22,cosine_similarity,0.341109924018383,96
sign_test_og_cel0.2425287356321839__norm_spectral_radius,new_cel_removed_chunk_4,22,kl_to_gaussian,1.1739684458442794,96
sign_test_og_cel0.2425287356321839__norm_spectral_radius,new_cel_removed_chunk_4,22,wt_mean,0.0013560610823333,96
sign_test_og_cel0.2425287356321839__norm_spectral_radius,new_cel_removed_chunk_4,23,GR,9.43573292841514,96
sign_test_og_cel0.2425287356321839__norm_spectral_radius,new_cel_removed_chunk_4,23,IPC,9.351881485495008,96
sign_test_og_cel0.2425287356321839__norm_spectral_radius,new_cel_removed_chunk_4,23,KR,5.527148557205995,96
sign_test_og_cel0.2425287356321839__norm_spectral_radius,new_cel_removed_chunk_4,23,MC,5.562392897903919,96
sign_test_og_cel0.2425287356321839__norm_spectral_radius,new_cel_removed_chunk_4,23,cosine_similarity,0.34475375711917877,96
sign_test_og_cel0.2425287356321839__norm_spectral_radius,new_cel_removed_chunk_4,23,kl_to_gaussian,1.173968514804538,96
sign_test_og_cel0.2425287356321839__norm_spectral_radius,new_cel_removed_chunk_4,23,wt_mean,0.0012500095472205,96
sign_test_og_cel0.2425287356321839__norm_spectral_radius,new_cel_removed_chunk_4,24,GR,12.899071502188841,96
sign_test_og_cel0.2425287356321839__norm_spectral_radius,new_cel_removed_chunk_4,24,IPC,10.396481603957819,96
sign_test_og_cel0.2425287356321839__norm_spectral_radius,new_cel_removed_chunk_4,24,KR,7.309742629528046,96
sign_test_og_cel0.2425287356321839__norm_spectral_radius,new_cel_removed_chunk_4,24,MC,6.162121067444484,96
sign_test_og_cel0.2425287356321839__norm_spectral_radius,new_cel_removed_chunk_4,24,cosine_similarity,0.3069049045443535,96
sign_test_og_cel0.2425287356321839__norm_spectral_radius,new_cel_removed_chunk_4,24,kl_to_gaussian,1.1739684847054905,96
sign_test_og_cel0.2425287356321839__norm_spectral_radius,new_cel_removed_chunk_4,24,wt_mean,0.0013971525768283252,96
sign_test_og_cel0.2425287356321839__norm_spectral_radius,new_cel_removed_chunk_5,25,GR,9.755223363637924,96
sign_test_og_cel0.2425287356321839__norm_spectral_radius,new_cel_removed_chunk_5,25,IPC,10.718682818015127,96
sign_test_og_cel0.2425287356321839__norm_spectral_radius,new_cel_removed_chunk_5,25,KR,5.669692645470302,96
sign_test_og_cel0.2425287356321839__norm_spectral_radius,new_cel_removed_chunk_5,25,MC,6.442104510962963,96
sign_test_og_cel0.2425287356321839__norm_spectral_radius,new_cel_removed_chunk_5,25,cosine_similarity,0.3389941453933716,96
sign_test_og_cel0.2425287356321839__norm_spectral_radius,new_cel_removed_chunk_5,25,kl_to_gaussian,1.1739685272649212,96
sign_test_og_cel0.2425287356321839__norm_spectral_radius,new_cel_removed_chunk_5,25,wt_mean,0.001361476737656575,96
sign_test_og_cel0.2425287356321839__norm_spectral_radius,new_cel_removed_chunk_5,26,GR,17.01983607808749,96
sign_test_og_cel0.2425287356321839__norm_spectral_radius,new_cel_removed_chunk_5,26,IPC,10.30814719483631,96
sign_test_og_cel0.2425287356321839__norm_spectral_radius,new_cel_removed_chunk_5,26,KR,9.380419574677944,96
sign_test_og_cel0.2425287356321839__norm_spectral_radius,new_cel_removed_chunk_5,26,MC,6.08976582934459,96
sign_test_og_cel0.2425287356321839__norm_spectral_radius,new_cel_removed_chunk_5,26,cosine_similarity,0.3492203950881958,96
sign_test_og_cel0.2425287356321839__norm_spectral_radius,new_cel_removed_chunk_5,26,kl_to_gaussian,1.1739685058093685,96
sign_test_og_cel0.2425287356321839__norm_spectral_radius,new_cel_removed_chunk_5,26,wt_mean,0.001724681642372125,96
sign_test_og_cel0.2425287356321839__norm_spectral_radius,new_cel_removed_chunk_5,27,GR,11.869519300758839,96
sign_test_og_cel0.2425287356321839__norm_spectral_radius,new_cel_removed_chunk_5,27,IPC,8.787564907621128,96
sign_test_og_cel0.2425287356321839__norm_spectral_radius,new_cel_removed_chunk_5,27,KR,6.422046574453513,96
sign_test_og_cel0.2425287356321839__norm_spectral_radius,new_cel_removed_chunk_5,27,MC,4.879279954979817,96
sign_test_og_cel0.2425287356321839__norm_spectral_radius,new_cel_removed_chunk_5,27,cosine_similarity,0.3385239765048027,96
sign_test_og_cel0.2425287356321839__norm_spectral_radius,new_cel_removed_chunk_5,27,kl_to_gaussian,1.1739685334352938,96
sign_test_og_cel0.2425287356321839__norm_spectral_radius,new_cel_removed_chunk_5,27,wt_mean,0.0013172725011827,96
sign_test_og_cel0.2425287356321839__norm_spectral_radius,new_cel_removed_chunk_5,28,GR,8.427223555743694,96
sign_test_og_cel0.2425287356321839__norm_spectral_radius,new_cel_removed_chunk_5,28,IPC,8.357625459585606,96
sign_test_og_cel0.2425287356321839__norm_spectral_radius,new_cel_removed_chunk_5,28,KR,4.884362104038398,96
sign_test_og_cel0.2425287356321839__norm_spectral_radius,new_cel_removed_chunk_5,28,MC,4.644308143605788,96
sign_test_og_cel0.2425287356321839__norm_spectral_radius,new_cel_removed_chunk_5,28,cosine_similarity,0.3453414738178253,96
sign_test_og_cel0.2425287356321839__norm_spectral_radius,new_cel_removed_chunk_5,28,kl_to_gaussian,1.173968471515398,96
sign_test_og_cel0.2425287356321839__norm_spectral_radius,new_cel_removed_chunk_5,28,wt_mean,0.0010128193243872,96
sign_test_og_cel0.2425287356321839__norm_spectral_radius,new_cel_removed_chunk_5,29,GR,13.283602026601633,96
sign_test_og_cel0.2425287356321839__norm_spectral_radius,new_cel_removed_chunk_5,29,IPC,11.46693542192786,96
sign_test_og_cel0.2425287356321839__norm_spectral_radius,new_cel_removed_chunk_5,29,KR,7.272735461592674,96
sign_test_og_cel0.2425287356321839__norm_spectral_radius,new_cel_removed_chunk_5,29,MC,6.518580267826716,96
sign_test_og_cel0.2425287356321839__norm_spectral_radius,new_cel_removed_chunk_5,29,cosine_similarity,0.3344099670648575,96
sign_test_og_cel0.2425287356321839__norm_spectral_radius,new_cel_removed_chunk_5,29,kl_to_gaussian,1.1739685043767765,96
sign_test_og_cel0.2425287356321839__norm_spectral_radius,new_cel_removed_chunk_5,29,wt_mean,0.00160206161672245,96
sign_test_og_cel0.2425287356321839__norm_spectral_radius,new_cel_removed_chunk_6,30,GR,11.513607569038868,96
sign_test_og_cel0.2425287356321839__norm_spectral_radius,new_cel_removed_chunk_6,30,IPC,9.910840665322128,96
sign_test_og_cel0.2425287356321839__norm_spectral_radius,new_cel_removed_chunk_6,30,KR,6.541659640769164,96
sign_test_og_cel0.2425287356321839__norm_spectral_radius,new_cel_removed_chunk_6,30,MC,5.98095229268074,96
sign_test_og_cel0.2425287356321839__norm_spectral_radius,new_cel_removed_chunk_6,30,cosine_similarity,0.35627296566963196,96
sign_test_og_cel0.2425287356321839__norm_spectral_radius,new_cel_removed_chunk_6,30,kl_to_gaussian,1.1739684975367037,96
sign_test_og_cel0.2425287356321839__norm_spectral_radius,new_cel_removed_chunk_6,30,wt_mean,0.00160103800590145,96
sign_test_og_cel0.2425287356321839__norm_spectral_radius,new_cel_removed_chunk_6,31,GR,13.753048901756605,96
sign_test_og_cel0.2425287356321839__norm_spectral_radius,new_cel_removed_chunk_6,31,IPC,10.225687593526528,96
sign_test_og_cel0.2425287356321839__norm_spectral_radius,new_cel_removed_chunk_6,31,KR,7.607133979598681,96
sign_test_og_cel0.2425287356321839__norm_spectral_radius,new_cel_removed_chunk_6,31,MC,6.23534419387579,96
sign_test_og_cel0.2425287356321839__norm_spectral_radius,new_cel_removed_chunk_6,31,cosine_similarity,0.3218328654766082,96
sign_test_og_cel0.2425287356321839__norm_spectral_radius,new_cel_removed_chunk_6,31,kl_to_gaussian,1.1739685880649393,96
sign_test_og_cel0.2425287356321839__norm_spectral_radius,new_cel_removed_chunk_6,31,wt_mean,0.00144121723133135,96
sign_test_og_cel0.2425287356321839__norm_spectral_radius,new_cel_removed_chunk_6,32,GR,14.212295517325401,96
sign_test_og_cel0.2425287356321839__norm_spectral_radius,new_cel_removed_chunk_6,32,IPC,11.23833923997497,96
sign_test_og_cel0.2425287356321839__norm_spectral_radius,new_cel_removed_chunk_6,32,KR,8.027957826852798,96
sign_test_og_cel0.2425287356321839__norm_spectral_radius,new_cel_removed_chunk_6,32,MC,6.929656654596329,96
sign_test_og_cel0.2425287356321839__norm_spectral_radius,new_cel_removed_chunk_6,32,cosine_similarity,0.35145372152328486,96
sign_test_og_cel0.2425287356321839__norm_spectral_radius,new_cel_removed_chunk_6,32,kl_to_gaussian,1.1739684970756743,96
sign_test_og_cel0.2425287356321839__norm_spectral_radius,new_cel_removed_chunk_6,32,wt_mean,0.00175407243659715,96
sign_test_og_cel0.2425287356321839__norm_spectral_radius,new_cel_removed_chunk_6,33,GR,16.15211870521307,96
sign_test_og_cel0.2425287356321839__norm_spectral_radius,new_cel_removed_chunk_6,33,IPC,11.289633858571841,96
sign_test_og_cel0.2425287356321839__norm_spectral_radius,new_cel_removed_chunk_6,33,KR,8.69831926872333,96
sign_test_og_cel0.2425287356321839__norm_spectral_radius,new_cel_removed_chunk_6,33,MC,6.447196155786514,96
sign_test_og_cel0.2425287356321839__norm_spectral_radius,new_cel_removed_chunk_6,33,cosine_similarity,0.35909400135278696,96
sign_test_og_cel0.2425287356321839__norm_spectral_radius,new_cel_removed_chunk_6,33,kl_to_gaussian,1.1739684547429323,96
sign_test_og_cel0.2425287356321839__norm_spectral_radius,new_cel_removed_chunk_6,33,wt_mean,0.0017616482509765251,96
sign_test_og_cel0.2425287356321839__norm_spectral_radius,new_cel_removed_chunk_6,34,GR,15.395310771962007,96
sign_test_og_cel0.2425287356321839__norm_spectral_radius,new_cel_removed_chunk_6,34,IPC,10.32892781703408,96
sign_test_og_cel0.2425287356321839__norm_spectral_radius,new_cel_removed_chunk_6,34,KR,8.184873794515928,96
sign_test_og_cel0.2425287356321839__norm_spectral_radius,new_cel_removed_chunk_6,34,MC,5.8664690516889095,96
sign_test_og_cel0.2425287356321839__norm_spectral_radius,new_cel_removed_chunk_6,34,cosine_similarity,0.33946433663368225,96
sign_test_og_cel0.2425287356321839__norm_spectral_radius,new_cel_removed_chunk_6,34,kl_to_gaussian,1.1739685533557596,96
sign_test_og_cel0.2425287356321839__norm_spectral_radius,new_cel_removed_chunk_6,34,wt_mean,0.00165535398991775,96
sign_test_og_cel0.2425287356321839__norm_spectral_radius,new_cel_removed_chunk_7,35,GR,9.550735749304295,96
sign_test_og_cel0.2425287356321839__norm_spectral_radius,new_cel_removed_chunk_7,35,IPC,8.830094790210556,96
sign_test_og_cel0.2425287356321839__norm_spectral_radius,new_cel_removed_chunk_7,35,KR,5.420755043625832,96
sign_test_og_cel0.2425287356321839__norm_spectral_radius,new_cel_removed_chunk_7,35,MC,5.149857569485903,96
sign_test_og_cel0.2425287356321839__norm_spectral_radius,new_cel_removed_chunk_7,35,cosine_similarity,0.37037812918424606,96
sign_test_og_cel0.2425287356321839__norm_spectral_radius,new_cel_removed_chunk_7,35,kl_to_gaussian,1.1739684694485424,96
sign_test_og_cel0.2425287356321839__norm_spectral_radius,new_cel_removed_chunk_7,35,wt_mean,0.0013795354170724253,96
sign_test_og_cel0.2425287356321839__norm_spectral_radius,new_cel_removed_chunk_7,36,GR,14.741141890486082,96
sign_test_og_cel0.2425287356321839__norm_spectral_radius,new_cel_removed_chunk_7,36,IPC,10.707651103780035,96
sign_test_og_cel0.2425287356321839__norm_spectral_radius,new_cel_removed_chunk_7,36,KR,7.94945236792167,96
sign_test_og_cel0.2425287356321839__norm_spectral_radius,new_cel_removed_chunk_7,36,MC,6.45119322091341,96
sign_test_og_cel0.2425287356321839__norm_spectral_radius,new_cel_removed_chunk_7,36,cosine_similarity,0.3121943324804306,96
sign_test_og_cel0.2425287356321839__norm_spectral_radius,new_cel_removed_chunk_7,36,kl_to_gaussian,1.1739684795659262,96
sign_test_og_cel0.2425287356321839__norm_spectral_radius,new_cel_removed_chunk_7,36,wt_mean,0.0015879794664215,96
sign_test_og_cel0.2425287356321839__norm_spectral_radius,new_cel_removed_chunk_7,37,GR,11.009843344489733,96
sign_test_og_cel0.2425287356321839__norm_spectral_radius,new_cel_removed_chunk_7,37,IPC,10.490584973404149,96
sign_test_og_cel0.2425287356321839__norm_spectral_radius,new_cel_removed_chunk_7,37,KR,6.344978441794713,96
sign_test_og_cel0.2425287356321839__norm_spectral_radius,new_cel_removed_chunk_7,37,MC,6.0880547886093455,96
sign_test_og_cel0.2425287356321839__norm_spectral_radius,new_cel_removed_chunk_7,37,cosine_similarity,0.33793628215789795,96
sign_test_og_cel0.2425287356321839__norm_spectral_radius,new_cel_removed_chunk_7,37,kl_to_gaussian,1.173968601017546,96
sign_test_og_cel0.2425287356321839__norm_spectral_radius,new_cel_removed_chunk_7,37,wt_mean,0.001356218825094375,96
sign_test_og_cel0.2425287356321839__norm_spectral_radius,new_cel_removed_chunk_7,38,GR,9.661043057839075,96
sign_test_og_cel0.2425287356321839__norm_spectral_radius,new_cel_removed_chunk_7,38,IPC,9.703200008038257,96
sign_test_og_cel0.2425287356321839__norm_spectral_radius,new_cel_removed_chunk_7,38,KR,5.645701778431733,96
sign_test_og_cel0.2425287356321839__norm_spectral_radius,new_cel_removed_chunk_7,38,MC,5.54549186800917,96
sign_test_og_cel0.2425287356321839__norm_spectral_radius,new_cel_removed_chunk_7,38,cosine_similarity,0.31912937015295023,96
sign_test_og_cel0.2425287356321839__norm_spectral_radius,new_cel_removed_chunk_7,38,kl_to_gaussian,1.1739685209744446,96
sign_test_og_cel0.2425287356321839__norm_spectral_radius,new_cel_removed_chunk_7,38,wt_mean,0.00121368304826315,96
sign_test_og_cel0.2425287356321839__norm_spectral_radius,new_cel_removed_chunk_7,39,GR,9.716185654203096,96
sign_test_og_cel0.2425287356321839__norm_spectral_radius,new_cel_removed_chunk_7,39,IPC,9.029211256236152,96
sign_test_og_cel0.2425287356321839__norm_spectral_radius,new_cel_removed_chunk_7,39,KR,5.464470143119494,96
sign_test_og_cel0.2425287356321839__norm_spectral_radius,new_cel_removed_chunk_7,39,MC,5.35168607160449,96
sign_test_og_cel0.2425287356321839__norm_spectral_radius,new_cel_removed_chunk_7,39,cosine_similarity,0.3154855370521545,96
sign_test_og_cel0.2425287356321839__norm_spectral_radius,new_cel_removed_chunk_7,39,kl_to_gaussian,1.1739684499963332,96
sign_test_og_cel0.2425287356321839__norm_spectral_radius,new_cel_removed_chunk_7,39,wt_mean,0.00109031067404425,96
sign_test_og_cel0.2425287356321839__norm_spectral_radius,new_cel_removed_chunk_8,40,GR,15.96014753729105,96
sign_test_og_cel0.2425287356321839__norm_spectral_radius,new_cel_removed_chunk_8,40,IPC,9.552885904034488,96
sign_test_og_cel0.2425287356321839__norm_spectral_radius,new_cel_removed_chunk_8,40,KR,8.731826414664587,96
sign_test_og_cel0.2425287356321839__norm_spectral_radius,new_cel_removed_chunk_8,40,MC,5.499900281429291,96
sign_test_og_cel0.2425287356321839__norm_spectral_radius,new_cel_removed_chunk_8,40,cosine_similarity,0.31795395165681833,96
sign_test_og_cel0.2425287356321839__norm_spectral_radius,new_cel_removed_chunk_8,40,kl_to_gaussian,1.173968374191498,96
sign_test_og_cel0.2425287356321839__norm_spectral_radius,new_cel_removed_chunk_8,40,wt_mean,0.001557564333779675,96
sign_test_og_cel0.2425287356321839__norm_spectral_radius,new_cel_removed_chunk_8,41,GR,16.116104997694492,96
sign_test_og_cel0.2425287356321839__norm_spectral_radius,new_cel_removed_chunk_8,41,IPC,10.835773326319268,96
sign_test_og_cel0.2425287356321839__norm_spectral_radius,new_cel_removed_chunk_8,41,KR,8.844802262882391,96
sign_test_og_cel0.2425287356321839__norm_spectral_radius,new_cel_removed_chunk_8,41,MC,6.462065781156222,96
sign_test_og_cel0.2425287356321839__norm_spectral_radius,new_cel_removed_chunk_8,41,cosine_similarity,0.31172417104244227,96
sign_test_og_cel0.2425287356321839__norm_spectral_radius,new_cel_removed_chunk_8,41,kl_to_gaussian,1.17396855730164,96
sign_test_og_cel0.2425287356321839__norm_spectral_radius,new_cel_removed_chunk_8,41,wt_mean,0.0015422353462781252,96
sign_test_og_cel0.2425287356321839__norm_spectral_radius,new_cel_removed_chunk_8,42,GR,11.09193379431963,96
sign_test_og_cel0.2425287356321839__norm_spectral_radius,new_cel_removed_chunk_8,42,IPC,10.121655612739383,96
sign_test_og_cel0.2425287356321839__norm_spectral_radius,new_cel_removed_chunk_8,42,KR,6.251661789913972,96
sign_test_og_cel0.2425287356321839__norm_spectral_radius,new_cel_removed_chunk_8,42,MC,6.105727573235829,96
sign_test_og_cel0.2425287356321839__norm_spectral_radius,new_cel_removed_chunk_8,42,cosine_similarity,0.34851517528295517,96
sign_test_og_cel0.2425287356321839__norm_spectral_radius,new_cel_removed_chunk_8,42,kl_to_gaussian,1.1739685128110176,96
sign_test_og_cel0.2425287356321839__norm_spectral_radius,new_cel_removed_chunk_8,42,wt_mean,0.001388976263115125,96
sign_test_og_cel0.2425287356321839__norm_spectral_radius,new_cel_removed_chunk_8,43,GR,7.307823429505031,96
sign_test_og_cel0.2425287356321839__norm_spectral_radius,new_cel_removed_chunk_8,43,IPC,8.77577935029359,96
sign_test_og_cel0.2425287356321839__norm_spectral_radius,new_cel_removed_chunk_8,43,KR,4.264584640661876,96
sign_test_og_cel0.2425287356321839__norm_spectral_radius,new_cel_removed_chunk_8,43,MC,5.1524077989161015,96
sign_test_og_cel0.2425287356321839__norm_spectral_radius,new_cel_removed_chunk_8,43,cosine_similarity,0.3368783518671989,96
sign_test_og_cel0.2425287356321839__norm_spectral_radius,new_cel_removed_chunk_8,43,kl_to_gaussian,1.1739684733680857,96
sign_test_og_cel0.2425287356321839__norm_spectral_radius,new_cel_removed_chunk_8,43,wt_mean,0.00098022984457195,96
sign_test_og_cel0.2425287356321839__norm_spectral_radius,new_cel_removed_chunk_8,44,GR,9.234972774982452,96
sign_test_og_cel0.2425287356321839__norm_spectral_radius,new_cel_removed_chunk_8,44,IPC,9.615561546725091,96
sign_test_og_cel0.2425287356321839__norm_spectral_radius,new_cel_removed_chunk_8,44,KR,5.268516523142655,96
sign_test_og_cel0.2425287356321839__norm_spectral_radius,new_cel_removed_chunk_8,44,MC,5.650816738605499,96
sign_test_og_cel0.2425287356321839__norm_spectral_radius,new_cel_removed_chunk_8,44,cosine_similarity,0.32582935690879816,96
sign_test_og_cel0.2425287356321839__norm_spectral_radius,new_cel_removed_chunk_8,44,kl_to_gaussian,1.173968452544479,96
sign_test_og_cel0.2425287356321839__norm_spectral_radius,new_cel_removed_chunk_8,44,wt_mean,0.001181321058538675,96
sign_test_og_cel0.2425287356321839__norm_spectral_radius,new_cel_removed_chunk_9,45,GR,11.915676198899746,96
sign_test_og_cel0.2425287356321839__norm_spectral_radius,new_cel_removed_chunk_9,45,IPC,9.481445705114062,96
sign_test_og_cel0.2425287356321839__norm_spectral_radius,new_cel_removed_chunk_9,45,KR,6.55375574529171,96
sign_test_og_cel0.2425287356321839__norm_spectral_radius,new_cel_removed_chunk_9,45,MC,5.510928623378277,96
sign_test_og_cel0.2425287356321839__norm_spectral_radius,new_cel_removed_chunk_9,45,cosine_similarity,0.3287678956985473,96
sign_test_og_cel0.2425287356321839__norm_spectral_radius,new_cel_removed_chunk_9,45,kl_to_gaussian,1.1739684969835447,96
sign_test_og_cel0.2425287356321839__norm_spectral_radius,new_cel_removed_chunk_9,45,wt_mean,0.0014228895015548498,96
sign_test_og_cel0.2425287356321839__norm_spectral_radius,new_cel_removed_chunk_9,46,GR,13.699501941601435,96
sign_test_og_cel0.2425287356321839__norm_spectral_radius,new_cel_removed_chunk_9,46,IPC,8.765659959290728,96
sign_test_og_cel0.2425287356321839__norm_spectral_radius,new_cel_removed_chunk_9,46,KR,7.420513627429803,96
sign_test_og_cel0.2425287356321839__norm_spectral_radius,new_cel_removed_chunk_9,46,MC,5.214322805404663,96
sign_test_og_cel0.2425287356321839__norm_spectral_radius,new_cel_removed_chunk_9,46,cosine_similarity,0.3188943043351173,96
sign_test_og_cel0.2425287356321839__norm_spectral_radius,new_cel_removed_chunk_9,46,kl_to_gaussian,1.1739685037814596,96
sign_test_og_cel0.2425287356321839__norm_spectral_radius,new_cel_removed_chunk_9,46,wt_mean,0.001447019225452025,96
sign_test_og_cel0.2425287356321839__norm_spectral_radius,new_cel_removed_chunk_9,47,GR,13.41298545151949,96
sign_test_og_cel0.2425287356321839__norm_spectral_radius,new_cel_removed_chunk_9,47,IPC,10.603719435298515,96
sign_test_og_cel0.2425287356321839__norm_spectral_radius,new_cel_removed_chunk_9,47,KR,7.163930935164292,96
sign_test_og_cel0.2425287356321839__norm_spectral_radius,new_cel_removed_chunk_9,47,MC,5.912588197737932,96
sign_test_og_cel0.2425287356321839__norm_spectral_radius,new_cel_removed_chunk_9,47,cosine_similarity,0.3401695787906647,96
sign_test_og_cel0.2425287356321839__norm_spectral_radius,new_cel_removed_chunk_9,47,kl_to_gaussian,1.1739685585579693,96
sign_test_og_cel0.2425287356321839__norm_spectral_radius,new_cel_removed_chunk_9,47,wt_mean,0.001735518220812025,96
sign_test_og_cel0.2425287356321839__norm_spectral_radius,new_cel_removed_chunk_9,48,GR,10.490745549400648,96
sign_test_og_cel0.2425287356321839__norm_spectral_radius,new_cel_removed_chunk_9,48,IPC,9.875935393992334,96
sign_test_og_cel0.2425287356321839__norm_spectral_radius,new_cel_removed_chunk_9,48,KR,5.942147848506768,96
sign_test_og_cel0.2425287356321839__norm_spectral_radius,new_cel_removed_chunk_9,48,MC,5.513880190749963,96
sign_test_og_cel0.2425287356321839__norm_spectral_radius,new_cel_removed_chunk_9,48,cosine_similarity,0.3244188278913498,96
sign_test_og_cel0.2425287356321839__norm_spectral_radius,new_cel_removed_chunk_9,48,kl_to_gaussian,1.1739685818674253,96
sign_test_og_cel0.2425287356321839__norm_spectral_radius,new_cel_removed_chunk_9,48,wt_mean,0.0012604734511114,96
sign_test_og_cel0.2425287356321839__norm_spectral_radius,new_cel_removed_chunk_9,49,GR,15.260433450341225,96
sign_test_og_cel0.2425287356321839__norm_spectral_radius,new_cel_removed_chunk_9,49,IPC,10.852088748329187,96
sign_test_og_cel0.2425287356321839__norm_spectral_radius,new_cel_removed_chunk_9,49,KR,8.365971545378367,96
sign_test_og_cel0.2425287356321839__norm_spectral_radius,new_cel_removed_chunk_9,49,MC,6.513384607930978,96
sign_test_og_cel0.2425287356321839__norm_spectral_radius,new_cel_removed_chunk_9,49,cosine_similarity,0.34252045303583145,96
sign_test_og_cel0.2425287356321839__norm_spectral_radius,new_cel_removed_chunk_9,49,kl_to_gaussian,1.1739684896519151,96
sign_test_og_cel0.2425287356321839__norm_spectral_radius,new_cel_removed_chunk_9,49,wt_mean,0.0017458284273742998,96
sign_test_og_cel0.2__norm_original_radius,new_cel_removed_chunk_0,0,GR,6.0360876607398195,96
sign_test_og_cel0.2__norm_original_radius,new_cel_removed_chunk_0,0,IPC,8.429077749315637,96
sign_test_og_cel0.2__norm_original_radius,new_cel_removed_chunk_0,0,KR,3.619187387327353,96
sign_test_og_cel0.2__norm_original_radius,new_cel_removed_chunk_0,0,MC,4.82028100391229,96
sign_test_og_cel0.2__norm_original_radius,new_cel_removed_chunk_0,0,cosine_similarity,0.37190620601177216,96
sign_test_og_cel0.2__norm_original_radius,new_cel_removed_chunk_0,0,kl_to_gaussian,1.1739684703756503,96
sign_test_og_cel0.2__norm_original_radius,new_cel_removed_chunk_0,0,wt_mean,0.0009016671829158249,96
sign_test_og_cel0.2__norm_original_radius,new_cel_removed_chunk_0,1,GR,5.899139878650506,96
sign_test_og_cel0.2__norm_original_radius,new_cel_removed_chunk_0,1,IPC,8.138219459556387,96
sign_test_og_cel0.2__norm_original_radius,new_cel_removed_chunk_0,1,KR,3.581251986324787,96
sign_test_og_cel0.2__norm_original_radius,new_cel_removed_chunk_0,1,MC,4.38187579313914,96
sign_test_og_cel0.2__norm_original_radius,new_cel_removed_chunk_0,1,cosine_similarity,0.396472692489624,96
sign_test_og_cel0.2__norm_original_radius,new_cel_removed_chunk_0,1,kl_to_gaussian,1.1739684703756503,96
sign_test_og_cel0.2__norm_original_radius,new_cel_removed_chunk_0,1,wt_mean,0.000961227357038275,96
sign_test_og_cel0.2__norm_original_radius,new_cel_removed_chunk_0,2,GR,5.839715051154296,96
sign_test_og_cel0.2__norm_original_radius,new_cel_removed_chunk_0,2,IPC,7.828728504726066,96
sign_test_og_cel0.2__norm_original_radius,new_cel_removed_chunk_0,2,KR,3.4399444783727327,96
sign_test_og_cel0.2__norm_original_radius,new_cel_removed_chunk_0,2,MC,4.613931126892567,96
sign_test_og_cel0.2__norm_original_radius,new_cel_removed_chunk_0,2,cosine_similarity,0.3877745121717453,96
sign_test_og_cel0.2__norm_original_radius,new_cel_removed_chunk_0,2,kl_to_gaussian,1.1739684703756503,96
sign_test_og_cel0.2__norm_original_radius,new_cel_removed_chunk_0,2,wt_mean,0.000940139041631425,96
sign_test_og_cel0.2__norm_original_radius,new_cel_removed_chunk_0,3,GR,6.449953654160102,96
sign_test_og_cel0.2__norm_original_radius,new_cel_removed_chunk_0,3,IPC,8.357024724345338,96
sign_test_og_cel0.2__norm_original_radius,new_cel_removed_chunk_0,3,KR,3.621290342261394,96
sign_test_og_cel0.2__norm_original_radius,new_cel_removed_chunk_0,3,MC,4.73612051953872,96
sign_test_og_cel0.2__norm_original_radius,new_cel_removed_chunk_0,3,cosine_similarity,0.3943569138646126,96
sign_test_og_cel0.2__norm_original_radius,new_cel_removed_chunk_0,3,kl_to_gaussian,1.1739684703756503,96
sign_test_og_cel0.2__norm_original_radius,new_cel_removed_chunk_0,3,wt_mean,0.0009560977778164501,96
sign_test_og_cel0.2__norm_original_radius,new_cel_removed_chunk_0,4,GR,5.4747561775147915,96
sign_test_og_cel0.2__norm_original_radius,new_cel_removed_chunk_0,4,IPC,7.766949247936661,96
sign_test_og_cel0.2__norm_original_radius,new_cel_removed_chunk_0,4,KR,3.2288260894517102,96
sign_test_og_cel0.2__norm_original_radius,new_cel_removed_chunk_0,4,MC,4.141905045757691,96
sign_test_og_cel0.2__norm_original_radius,new_cel_removed_chunk_0,4,cosine_similarity,0.3527466878294945,96
sign_test_og_cel0.2__norm_original_radius,new_cel_removed_chunk_0,4,kl_to_gaussian,1.1739684703756503,96
sign_test_og_cel0.2__norm_original_radius,new_cel_removed_chunk_0,4,wt_mean,0.000855215927003825,96
sign_test_og_cel0.2__norm_original_radius,new_cel_removed_chunk_1,5,GR,4.994707332303126,96
sign_test_og_cel0.2__norm_original_radius,new_cel_removed_chunk_1,5,IPC,8.83325068128376,96
sign_test_og_cel0.2__norm_original_radius,new_cel_removed_chunk_1,5,KR,3.188900222380956,96
sign_test_og_cel0.2__norm_original_radius,new_cel_removed_chunk_1,5,MC,5.200860075652599,96
sign_test_og_cel0.2__norm_original_radius,new_cel_removed_chunk_1,5,cosine_similarity,0.3831903412938118,96
sign_test_og_cel0.2__norm_original_radius,new_cel_removed_chunk_1,5,kl_to_gaussian,1.1739684703756503,96
sign_test_og_cel0.2__norm_original_radius,new_cel_removed_chunk_1,5,wt_mean,0.0009290249581681251,96
sign_test_og_cel0.2__norm_original_radius,new_cel_removed_chunk_1,6,GR,5.618748678515355,96
sign_test_og_cel0.2__norm_original_radius,new_cel_removed_chunk_1,6,IPC,8.30142618972812,96
sign_test_og_cel0.2__norm_original_radius,new_cel_removed_chunk_1,6,KR,3.495188806205988,96
sign_test_og_cel0.2__norm_original_radius,new_cel_removed_chunk_1,6,MC,4.771119912465413,96
sign_test_og_cel0.2__norm_original_radius,new_cel_removed_chunk_1,6,cosine_similarity,0.4124585688114166,96
sign_test_og_cel0.2__norm_original_radius,new_cel_removed_chunk_1,6,kl_to_gaussian,1.1739684703756503,96
sign_test_og_cel0.2__norm_original_radius,new_cel_removed_chunk_1,6,wt_mean,0.0009999842295655749,96
sign_test_og_cel0.2__norm_original_radius,new_cel_removed_chunk_1,7,GR,5.349699201683204,96
sign_test_og_cel0.2__norm_original_radius,new_cel_removed_chunk_1,7,IPC,7.837420134802101,96
sign_test_og_cel0.2__norm_original_radius,new_cel_removed_chunk_1,7,KR,3.12195494150122,96
sign_test_og_cel0.2__norm_original_radius,new_cel_removed_chunk_1,7,MC,4.210598801573117,96
sign_test_og_cel0.2__norm_original_radius,new_cel_removed_chunk_1,7,cosine_similarity,0.37413952499628067,96
sign_test_og_cel0.2__norm_original_radius,new_cel_removed_chunk_1,7,kl_to_gaussian,1.1739684703756503,96
sign_test_og_cel0.2__norm_original_radius,new_cel_removed_chunk_1,7,wt_mean,0.00090708173229355,96
sign_test_og_cel0.2__norm_original_radius,new_cel_removed_chunk_1,8,GR,5.898628354072571,96
sign_test_og_cel0.2__norm_original_radius,new_cel_removed_chunk_1,8,IPC,8.051941638335657,96
sign_test_og_cel0.2__norm_original_radius,new_cel_removed_chunk_1,8,KR,3.3673622235655785,96
sign_test_og_cel0.2__norm_original_radius,new_cel_removed_chunk_1,8,MC,4.2312982603907585,96
sign_test_og_cel0.2__norm_original_radius,new_cel_removed_chunk_1,8,cosine_similarity,0.3714360445737839,96
sign_test_og_cel0.2__norm_original_radius,new_cel_removed_chunk_1,8,kl_to_gaussian,1.1739684703756503,96
sign_test_og_cel0.2__norm_original_radius,new_cel_removed_chunk_1,8,wt_mean,0.0009005272586364,96
sign_test_og_cel0.2__norm_original_radius,new_cel_removed_chunk_1,9,GR,5.336018323898315,96
sign_test_og_cel0.2__norm_original_radius,new_cel_removed_chunk_1,9,IPC,8.110892258930146,96
sign_test_og_cel0.2__norm_original_radius,new_cel_removed_chunk_1,9,KR,3.2260742833216987,96
sign_test_og_cel0.2__norm_original_radius,new_cel_removed_chunk_1,9,MC,4.264981693277757,96
sign_test_og_cel0.2__norm_original_radius,new_cel_removed_chunk_1,9,cosine_similarity,0.3910657092928886,96
sign_test_og_cel0.2__norm_original_radius,new_cel_removed_chunk_1,9,kl_to_gaussian,1.1739684703756503,96
sign_test_og_cel0.2__norm_original_radius,new_cel_removed_chunk_1,9,wt_mean,0.0009481184533796749,96
sign_test_og_cel0.2__norm_original_radius,new_cel_removed_chunk_10,50,GR,5.395785017559926,96
sign_test_og_cel0.2__norm_original_radius,new_cel_removed_chunk_10,50,IPC,8.65703544714695,96
sign_test_og_cel0.2__norm_original_radius,new_cel_removed_chunk_10,50,KR,3.410231846074263,96
sign_test_og_cel0.2__norm_original_radius,new_cel_removed_chunk_10,50,MC,4.900037008027236,96
sign_test_og_cel0.2__norm_original_radius,new_cel_removed_chunk_10,50,cosine_similarity,0.3628554046154022,96
sign_test_og_cel0.2__norm_original_radius,new_cel_removed_chunk_10,50,kl_to_gaussian,1.1739684703756503,96
sign_test_og_cel0.2__norm_original_radius,new_cel_removed_chunk_10,50,wt_mean,0.000879723942489325,96
sign_test_og_cel0.2__norm_original_radius,new_cel_removed_chunk_10,51,GR,6.04986521974206,96
sign_test_og_cel0.2__norm_original_radius,new_cel_removed_chunk_10,51,IPC,8.26050927208084,96
sign_test_og_cel0.2__norm_original_radius,new_cel_removed_chunk_10,51,KR,3.6577062122523785,96
sign_test_og_cel0.2__norm_original_radius,new_cel_removed_chunk_10,51,MC,4.69749544809262,96
sign_test_og_cel0.2__norm_original_radius,new_cel_removed_chunk_10,51,cosine_similarity,0.3835429549217224,96
sign_test_og_cel0.2__norm_original_radius,new_cel_removed_chunk_10,51,kl_to_gaussian,1.1739684703756503,96
sign_test_og_cel0.2__norm_original_radius,new_cel_removed_chunk_10,51,wt_mean,0.000929879883187775,96
sign_test_og_cel0.2__norm_original_radius,new_cel_removed_chunk_10,52,GR,5.2127140909433365,96
sign_test_og_cel0.2__norm_original_radius,new_cel_removed_chunk_10,52,IPC,8.498924955886725,96
sign_test_og_cel0.2__norm_original_radius,new_cel_removed_chunk_10,52,KR,3.213460300117731,96
sign_test_og_cel0.2__norm_original_radius,new_cel_removed_chunk_10,52,MC,4.986377090215683,96
sign_test_og_cel0.2__norm_original_radius,new_cel_removed_chunk_10,52,cosine_similarity,0.37719564139842987,96
sign_test_og_cel0.2__norm_original_radius,new_cel_removed_chunk_10,52,kl_to_gaussian,1.1739684703756503,96
sign_test_og_cel0.2__norm_original_radius,new_cel_removed_chunk_10,52,wt_mean,0.00091449111641845,96
sign_test_og_cel0.2__norm_original_radius,new_cel_removed_chunk_10,53,GR,6.075684007257223,96
sign_test_og_cel0.2__norm_original_radius,new_cel_removed_chunk_10,53,IPC,7.718264363089517,96
sign_test_og_cel0.2__norm_original_radius,new_cel_removed_chunk_10,53,KR,3.6986692721645036,96
sign_test_og_cel0.2__norm_original_radius,new_cel_removed_chunk_10,53,MC,4.484951479981343,96
sign_test_og_cel0.2__norm_original_radius,new_cel_removed_chunk_10,53,cosine_similarity,0.3858938291668892,96
sign_test_og_cel0.2__norm_original_radius,new_cel_removed_chunk_10,53,kl_to_gaussian,1.1739684703756503,96
sign_test_og_cel0.2__norm_original_radius,new_cel_removed_chunk_10,53,wt_mean,0.000935579417273325,96
sign_test_og_cel0.2__norm_original_radius,new_cel_removed_chunk_10,54,GR,4.850152029345433,96
sign_test_og_cel0.2__norm_original_radius,new_cel_removed_chunk_10,54,IPC,7.848254822945666,96
sign_test_og_cel0.2__norm_original_radius,new_cel_removed_chunk_10,54,KR,3.0054492938021817,96
sign_test_og_cel0.2__norm_original_radius,new_cel_removed_chunk_10,54,MC,4.53391157835722,96
sign_test_og_cel0.2__norm_original_radius,new_cel_removed_chunk_10,54,cosine_similarity,0.40470071882009506,96
sign_test_og_cel0.2__norm_original_radius,new_cel_removed_chunk_10,54,kl_to_gaussian,1.1739684703756503,96
sign_test_og_cel0.2__norm_original_radius,new_cel_removed_chunk_10,54,wt_mean,0.0009811757045099,96
sign_test_og_cel0.2__norm_original_radius,new_cel_removed_chunk_11,55,GR,6.356353984524806,96
sign_test_og_cel0.2__norm_original_radius,new_cel_removed_chunk_11,55,IPC,8.56201768223501,96
sign_test_og_cel0.2__norm_original_radius,new_cel_removed_chunk_11,55,KR,3.7292590339978537,96
sign_test_og_cel0.2__norm_original_radius,new_cel_removed_chunk_11,55,MC,4.642122513304154,96
sign_test_og_cel0.2__norm_original_radius,new_cel_removed_chunk_11,55,cosine_similarity,0.3931814879179001,96
sign_test_og_cel0.2__norm_original_radius,new_cel_removed_chunk_11,55,kl_to_gaussian,1.1739684703756503,96
sign_test_og_cel0.2__norm_original_radius,new_cel_removed_chunk_11,55,wt_mean,0.000953248003497675,96
sign_test_og_cel0.2__norm_original_radius,new_cel_removed_chunk_11,56,GR,6.3259206141034765,96
sign_test_og_cel0.2__norm_original_radius,new_cel_removed_chunk_11,56,IPC,8.051341326204831,96
sign_test_og_cel0.2__norm_original_radius,new_cel_removed_chunk_11,56,KR,3.9053864354888597,96
sign_test_og_cel0.2__norm_original_radius,new_cel_removed_chunk_11,56,MC,4.59976989030838,96
sign_test_og_cel0.2__norm_original_radius,new_cel_removed_chunk_11,56,cosine_similarity,0.38977275788784027,96
sign_test_og_cel0.2__norm_original_radius,new_cel_removed_chunk_11,56,kl_to_gaussian,1.1739684703756503,96
sign_test_og_cel0.2__norm_original_radius,new_cel_removed_chunk_11,56,wt_mean,0.000944983650697325,96
sign_test_og_cel0.2__norm_original_radius,new_cel_removed_chunk_11,57,GR,5.7389147244393826,96
sign_test_og_cel0.2__norm_original_radius,new_cel_removed_chunk_11,57,IPC,8.147340721542921,96
sign_test_og_cel0.2__norm_original_radius,new_cel_removed_chunk_11,57,KR,3.3305313487847648,96
sign_test_og_cel0.2__norm_original_radius,new_cel_removed_chunk_11,57,MC,4.425648767501116,96
sign_test_og_cel0.2__norm_original_radius,new_cel_removed_chunk_11,57,cosine_similarity,0.3751974031329155,96
sign_test_og_cel0.2__norm_original_radius,new_cel_removed_chunk_11,57,kl_to_gaussian,1.1739684703756503,96
sign_test_og_cel0.2__norm_original_radius,new_cel_removed_chunk_11,57,wt_mean,0.000909646492800625,96
sign_test_og_cel0.2__norm_original_radius,new_cel_removed_chunk_11,58,GR,6.453255196412404,96
sign_test_og_cel0.2__norm_original_radius,new_cel_removed_chunk_11,58,IPC,7.8367384405428835,96
sign_test_og_cel0.2__norm_original_radius,new_cel_removed_chunk_11,58,KR,3.7591090885301433,96
sign_test_og_cel0.2__norm_original_radius,new_cel_removed_chunk_11,58,MC,4.376319254438083,96
sign_test_og_cel0.2__norm_original_radius,new_cel_removed_chunk_11,58,cosine_similarity,0.4115182086825371,96
sign_test_og_cel0.2__norm_original_radius,new_cel_removed_chunk_11,58,kl_to_gaussian,1.1739684703756503,96
sign_test_og_cel0.2__norm_original_radius,new_cel_removed_chunk_11,58,wt_mean,0.000997704381006725,96
sign_test_og_cel0.2__norm_original_radius,new_cel_removed_chunk_11,59,GR,5.6204428014655905,96
sign_test_og_cel0.2__norm_original_radius,new_cel_removed_chunk_11,59,IPC,8.659134055510842,96
sign_test_og_cel0.2__norm_original_radius,new_cel_removed_chunk_11,59,KR,3.4292040976385274,96
sign_test_og_cel0.2__norm_original_radius,new_cel_removed_chunk_11,59,MC,4.6952503845095634,96
sign_test_og_cel0.2__norm_original_radius,new_cel_removed_chunk_11,59,cosine_similarity,0.37884126603603363,96
sign_test_og_cel0.2__norm_original_radius,new_cel_removed_chunk_11,59,kl_to_gaussian,1.1739684703756503,96
sign_test_og_cel0.2__norm_original_radius,new_cel_removed_chunk_11,59,wt_mean,0.000918480815016625,96
sign_test_og_cel0.2__norm_original_radius,new_cel_removed_chunk_12,60,GR,6.271747935563326,96
sign_test_og_cel0.2__norm_original_radius,new_cel_removed_chunk_12,60,IPC,7.9774282206279,96
sign_test_og_cel0.2__norm_original_radius,new_cel_removed_chunk_12,60,KR,3.8357174632449946,96
sign_test_og_cel0.2__norm_original_radius,new_cel_removed_chunk_12,60,MC,4.355024049679439,96
sign_test_og_cel0.2__norm_original_radius,new_cel_removed_chunk_12,60,cosine_similarity,0.3824850767850876,96
sign_test_og_cel0.2__norm_original_radius,new_cel_removed_chunk_12,60,kl_to_gaussian,1.1739684703756503,96
sign_test_og_cel0.2__norm_original_radius,new_cel_removed_chunk_12,60,wt_mean,0.0009273150644730251,96
sign_test_og_cel0.2__norm_original_radius,new_cel_removed_chunk_12,61,GR,5.962878928830226,96
sign_test_og_cel0.2__norm_original_radius,new_cel_removed_chunk_12,61,IPC,8.827763184388212,96
sign_test_og_cel0.2__norm_original_radius,new_cel_removed_chunk_12,61,KR,3.5380785701175532,96
sign_test_og_cel0.2__norm_original_radius,new_cel_removed_chunk_12,61,MC,4.7246018548806505,96
sign_test_og_cel0.2__norm_original_radius,new_cel_removed_chunk_12,61,cosine_similarity,0.3853061124682426,96
sign_test_og_cel0.2__norm_original_radius,new_cel_removed_chunk_12,61,kl_to_gaussian,1.1739684703756503,96
sign_test_og_cel0.2__norm_original_radius,new_cel_removed_chunk_12,61,wt_mean,0.00093415456649375,96
sign_test_og_cel0.2__norm_original_radius,new_cel_removed_chunk_12,62,GR,5.360843978822231,96
sign_test_og_cel0.2__norm_original_radius,new_cel_removed_chunk_12,62,IPC,8.245562179498648,96
sign_test_og_cel0.2__norm_original_radius,new_cel_removed_chunk_12,62,KR,3.3105578708151975,96
sign_test_og_cel0.2__norm_original_radius,new_cel_removed_chunk_12,62,MC,4.528853038946788,96
sign_test_og_cel0.2__norm_original_radius,new_cel_removed_chunk_12,62,cosine_similarity,0.3749623224139213,96
sign_test_og_cel0.2__norm_original_radius,new_cel_removed_chunk_12,62,kl_to_gaussian,1.1739684703756503,96
sign_test_og_cel0.2__norm_original_radius,new_cel_removed_chunk_12,62,wt_mean,0.0009090765524888,96
sign_test_og_cel0.2__norm_original_radius,new_cel_removed_chunk_12,63,GR,6.235612823317449,96
sign_test_og_cel0.2__norm_original_radius,new_cel_removed_chunk_12,63,IPC,8.262346762182283,96
sign_test_og_cel0.2__norm_original_radius,new_cel_removed_chunk_12,63,KR,3.7327460969487825,96
sign_test_og_cel0.2__norm_original_radius,new_cel_removed_chunk_12,63,MC,4.772993052999179,96
sign_test_og_cel0.2__norm_original_radius,new_cel_removed_chunk_12,63,cosine_similarity,0.3813096433877945,96
sign_test_og_cel0.2__norm_original_radius,new_cel_removed_chunk_12,63,kl_to_gaussian,1.1739684703756503,96
sign_test_og_cel0.2__norm_original_radius,new_cel_removed_chunk_12,63,wt_mean,0.000924465275602375,96
sign_test_og_cel0.2__norm_original_radius,new_cel_removed_chunk_12,64,GR,6.074697417517503,96
sign_test_og_cel0.2__norm_original_radius,new_cel_removed_chunk_12,64,IPC,7.763555092264301,96
sign_test_og_cel0.2__norm_original_radius,new_cel_removed_chunk_12,64,KR,3.6937300885717073,96
sign_test_og_cel0.2__norm_original_radius,new_cel_removed_chunk_12,64,MC,4.287651826937993,96
sign_test_og_cel0.2__norm_original_radius,new_cel_removed_chunk_12,64,cosine_similarity,0.3855411931872368,96
sign_test_og_cel0.2__norm_original_radius,new_cel_removed_chunk_12,64,kl_to_gaussian,1.1739684703756503,96
sign_test_og_cel0.2__norm_original_radius,new_cel_removed_chunk_12,64,wt_mean,0.000934724492253675,96
sign_test_og_cel0.2__norm_original_radius,new_cel_removed_chunk_13,65,GR,5.619304363926251,96
sign_test_og_cel0.2__norm_original_radius,new_cel_removed_chunk_13,65,IPC,8.015404851873702,96
sign_test_og_cel0.2__norm_original_radius,new_cel_removed_chunk_13,65,KR,3.3877103390793004,96
sign_test_og_cel0.2__norm_original_radius,new_cel_removed_chunk_13,65,MC,4.4406936292846995,96
sign_test_og_cel0.2__norm_original_radius,new_cel_removed_chunk_13,65,cosine_similarity,0.40176213532686234,96
sign_test_og_cel0.2__norm_original_radius,new_cel_removed_chunk_13,65,kl_to_gaussian,1.1739684703756503,96
sign_test_og_cel0.2__norm_original_radius,new_cel_removed_chunk_13,65,wt_mean,0.0009740513050928249,96
sign_test_og_cel0.2__norm_original_radius,new_cel_removed_chunk_13,66,GR,5.365303224573533,96
sign_test_og_cel0.2__norm_original_radius,new_cel_removed_chunk_13,66,IPC,8.421342220935568,96
sign_test_og_cel0.2__norm_original_radius,new_cel_removed_chunk_13,66,KR,3.354443987210592,96
sign_test_og_cel0.2__norm_original_radius,new_cel_removed_chunk_13,66,MC,4.900448430329561,96
sign_test_og_cel0.2__norm_original_radius,new_cel_removed_chunk_13,66,cosine_similarity,0.4156322255730629,96
sign_test_og_cel0.2__norm_original_radius,new_cel_removed_chunk_13,66,kl_to_gaussian,1.1739684703756503,96
sign_test_og_cel0.2__norm_original_radius,new_cel_removed_chunk_13,66,wt_mean,0.00100767856929445,96
sign_test_og_cel0.2__norm_original_radius,new_cel_removed_chunk_13,67,GR,5.821775123476982,96
sign_test_og_cel0.2__norm_original_radius,new_cel_removed_chunk_13,67,IPC,7.939082377003643,96
sign_test_og_cel0.2__norm_original_radius,new_cel_removed_chunk_13,67,KR,3.5312586575746536,96
sign_test_og_cel0.2__norm_original_radius,new_cel_removed_chunk_13,67,MC,4.690419477721055,96
sign_test_og_cel0.2__norm_original_radius,new_cel_removed_chunk_13,67,cosine_similarity,0.3485151454806328,96
sign_test_og_cel0.2__norm_original_radius,new_cel_removed_chunk_13,67,kl_to_gaussian,1.1739684703756503,96
sign_test_og_cel0.2__norm_original_radius,new_cel_removed_chunk_13,67,wt_mean,0.00084495673945635,96
sign_test_og_cel0.2__norm_original_radius,new_cel_removed_chunk_13,68,GR,5.744586573292811,96
sign_test_og_cel0.2__norm_original_radius,new_cel_removed_chunk_13,68,IPC,7.793390103407446,96
sign_test_og_cel0.2__norm_original_radius,new_cel_removed_chunk_13,68,KR,3.404445469379425,96
sign_test_og_cel0.2__norm_original_radius,new_cel_removed_chunk_13,68,MC,4.389063686132431,96
sign_test_og_cel0.2__norm_original_radius,new_cel_removed_chunk_13,68,cosine_similarity,0.3870692700147629,96
sign_test_og_cel0.2__norm_original_radius,new_cel_removed_chunk_13,68,kl_to_gaussian,1.1739684703756503,96
sign_test_og_cel0.2__norm_original_radius,new_cel_removed_chunk_13,68,wt_mean,0.0009384291770401751,96
sign_test_og_cel0.2__norm_original_radius,new_cel_removed_chunk_13,69,GR,6.662412049869697,96
sign_test_og_cel0.2__norm_original_radius,new_cel_removed_chunk_13,69,IPC,7.954881860620869,96
sign_test_og_cel0.2__norm_original_radius,new_cel_removed_chunk_13,69,KR,3.8936950638890266,96
sign_test_og_cel0.2__norm_original_radius,new_cel_removed_chunk_13,69,MC,4.395481343070666,96
sign_test_og_cel0.2__norm_original_radius,new_cel_removed_chunk_13,69,cosine_similarity,0.3920060694217682,96
sign_test_og_cel0.2__norm_original_radius,new_cel_removed_chunk_13,69,kl_to_gaussian,1.1739684703756503,96
sign_test_og_cel0.2__norm_original_radius,new_cel_removed_chunk_13,69,wt_mean,0.0009503982000751,96
sign_test_og_cel0.2__norm_original_radius,new_cel_removed_chunk_14,70,GR,5.3028914493819075,96
sign_test_og_cel0.2__norm_original_radius,new_cel_removed_chunk_14,70,IPC,7.6198445589090325,96
sign_test_og_cel0.2__norm_original_radius,new_cel_removed_chunk_14,70,KR,3.2058545301357904,96
sign_test_og_cel0.2__norm_original_radius,new_cel_removed_chunk_14,70,MC,4.1506205933789415,96
sign_test_og_cel0.2__norm_original_radius,new_cel_removed_chunk_14,70,cosine_similarity,0.3670869395136833,96
sign_test_og_cel0.2__norm_original_radius,new_cel_removed_chunk_14,70,kl_to_gaussian,1.1739684703756503,96
sign_test_og_cel0.2__norm_original_radius,new_cel_removed_chunk_14,70,wt_mean,0.000889983115484875,96
sign_test_og_cel0.2__norm_original_radius,new_cel_removed_chunk_14,71,GR,5.164665715148051,96
sign_test_og_cel0.2__norm_original_radius,new_cel_removed_chunk_14,71,IPC,8.254599256337881,96
sign_test_og_cel0.2__norm_original_radius,new_cel_removed_chunk_14,71,KR,3.169246123482784,96
sign_test_og_cel0.2__norm_original_radius,new_cel_removed_chunk_14,71,MC,4.56978493432204,96
sign_test_og_cel0.2__norm_original_radius,new_cel_removed_chunk_14,71,cosine_similarity,0.3964727073907852,96
sign_test_og_cel0.2__norm_original_radius,new_cel_removed_chunk_14,71,kl_to_gaussian,1.1739684703756503,96
sign_test_og_cel0.2__norm_original_radius,new_cel_removed_chunk_14,71,wt_mean,0.000961227357038275,96
sign_test_og_cel0.2__norm_original_radius,new_cel_removed_chunk_14,72,GR,5.302574617167314,96
sign_test_og_cel0.2__norm_original_radius,new_cel_removed_chunk_14,72,IPC,8.56177305454281,96
sign_test_og_cel0.2__norm_original_radius,new_cel_removed_chunk_14,72,KR,3.313790778319041,96
sign_test_og_cel0.2__norm_original_radius,new_cel_removed_chunk_14,72,MC,4.896489565571149,96
sign_test_og_cel0.2__norm_original_radius,new_cel_removed_chunk_14,72,cosine_similarity,0.3462818115949631,96
sign_test_og_cel0.2__norm_original_radius,new_cel_removed_chunk_14,72,kl_to_gaussian,1.1739684703756503,96
sign_test_og_cel0.2__norm_original_radius,new_cel_removed_chunk_14,72,wt_mean,0.000839542190078625,96
sign_test_og_cel0.2__norm_original_radius,new_cel_removed_chunk_14,73,GR,4.801057691375415,96
sign_test_og_cel0.2__norm_original_radius,new_cel_removed_chunk_14,73,IPC,8.785478890877341,96
sign_test_og_cel0.2__norm_original_radius,new_cel_removed_chunk_14,73,KR,3.0197312074402967,96
sign_test_og_cel0.2__norm_original_radius,new_cel_removed_chunk_14,73,MC,4.743368608256181,96
sign_test_og_cel0.2__norm_original_radius,new_cel_removed_chunk_14,73,cosine_similarity,0.369672879576683,96
sign_test_og_cel0.2__norm_original_radius,new_cel_removed_chunk_14,73,kl_to_gaussian,1.1739684703756503,96
sign_test_og_cel0.2__norm_original_radius,new_cel_removed_chunk_14,73,wt_mean,0.0008962525462265499,96
sign_test_og_cel0.2__norm_original_radius,new_cel_removed_chunk_14,74,GR,6.021834213286638,96
sign_test_og_cel0.2__norm_original_radius,new_cel_removed_chunk_14,74,IPC,8.382636798498066,96
sign_test_og_cel0.2__norm_original_radius,new_cel_removed_chunk_14,74,KR,3.495660349726677,96
sign_test_og_cel0.2__norm_original_radius,new_cel_removed_chunk_14,74,MC,4.695077610512574,96
sign_test_og_cel0.2__norm_original_radius,new_cel_removed_chunk_14,74,cosine_similarity,0.3702605813741684,96
sign_test_og_cel0.2__norm_original_radius,new_cel_removed_chunk_14,74,kl_to_gaussian,1.1739684703756503,96
sign_test_og_cel0.2__norm_original_radius,new_cel_removed_chunk_14,74,wt_mean,0.000897677426109975,96
sign_test_og_cel0.2__norm_original_radius,new_cel_removed_chunk_15,75,GR,5.5490010889867944,96
sign_test_og_cel0.2__norm_original_radius,new_cel_removed_chunk_15,75,IPC,8.146843499911919,96
sign_test_og_cel0.2__norm_original_radius,new_cel_removed_chunk_15,75,KR,3.4087689307828746,96
sign_test_og_cel0.2__norm_original_radius,new_cel_removed_chunk_15,75,MC,4.475061304867268,96
sign_test_og_cel0.2__norm_original_radius,new_cel_removed_chunk_15,75,cosine_similarity,0.35239406675100327,96
sign_test_og_cel0.2__norm_original_radius,new_cel_removed_chunk_15,75,kl_to_gaussian,1.1739684703756503,96
sign_test_og_cel0.2__norm_original_radius,new_cel_removed_chunk_15,75,wt_mean,0.000854360972880325,96
sign_test_og_cel0.2__norm_original_radius,new_cel_removed_chunk_15,76,GR,6.6729187816381454,96
sign_test_og_cel0.2__norm_original_radius,new_cel_removed_chunk_15,76,IPC,8.296737475663827,96
sign_test_og_cel0.2__norm_original_radius,new_cel_removed_chunk_15,76,KR,4.038281865417957,96
sign_test_og_cel0.2__norm_original_radius,new_cel_removed_chunk_15,76,MC,4.793904795000951,96
sign_test_og_cel0.2__norm_original_radius,new_cel_removed_chunk_15,76,cosine_similarity,0.390713095664978,96
sign_test_og_cel0.2__norm_original_radius,new_cel_removed_chunk_15,76,kl_to_gaussian,1.1739684703756503,96
sign_test_og_cel0.2__norm_original_radius,new_cel_removed_chunk_15,76,wt_mean,0.000947263499256175,96
sign_test_og_cel0.2__norm_original_radius,new_cel_removed_chunk_15,77,GR,5.941651015232007,96
sign_test_og_cel0.2__norm_original_radius,new_cel_removed_chunk_15,77,IPC,7.902142010225032,96
sign_test_og_cel0.2__norm_original_radius,new_cel_removed_chunk_15,77,KR,3.64884977042675,96
sign_test_og_cel0.2__norm_original_radius,new_cel_removed_chunk_15,77,MC,4.468213624010484,96
sign_test_og_cel0.2__norm_original_radius,new_cel_removed_chunk_15,77,cosine_similarity,0.3987060040235519,96
sign_test_og_cel0.2__norm_original_radius,new_cel_removed_chunk_15,77,kl_to_gaussian,1.1739684703756503,96
sign_test_og_cel0.2__norm_original_radius,new_cel_removed_chunk_15,77,wt_mean,0.000966641877312175,96
sign_test_og_cel0.2__norm_original_radius,new_cel_removed_chunk_15,78,GR,6.338782786081235,96
sign_test_og_cel0.2__norm_original_radius,new_cel_removed_chunk_15,78,IPC,8.463529966399813,96
sign_test_og_cel0.2__norm_original_radius,new_cel_removed_chunk_15,78,KR,3.748445021609465,96
sign_test_og_cel0.2__norm_original_radius,new_cel_removed_chunk_15,78,MC,4.892799451947212,96
sign_test_og_cel0.2__norm_original_radius,new_cel_removed_chunk_15,78,cosine_similarity,0.4162199348211288,96
sign_test_og_cel0.2__norm_original_radius,new_cel_removed_chunk_15,78,kl_to_gaussian,1.1739684703756503,96
sign_test_og_cel0.2__norm_original_radius,new_cel_removed_chunk_15,78,wt_mean,0.0010091034782817,96
sign_test_og_cel0.2__norm_original_radius,new_cel_removed_chunk_15,79,GR,5.849513375510772,96
sign_test_og_cel0.2__norm_original_radius,new_cel_removed_chunk_15,79,IPC,8.235937820667756,96
sign_test_og_cel0.2__norm_original_radius,new_cel_removed_chunk_15,79,KR,3.4103609112401805,96
sign_test_og_cel0.2__norm_original_radius,new_cel_removed_chunk_15,79,MC,4.576444166402022,96
sign_test_og_cel0.2__norm_original_radius,new_cel_removed_chunk_15,79,cosine_similarity,0.3835429549217224,96
sign_test_og_cel0.2__norm_original_radius,new_cel_removed_chunk_15,79,kl_to_gaussian,1.1739684703756503,96
sign_test_og_cel0.2__norm_original_radius,new_cel_removed_chunk_15,79,wt_mean,0.0009298798977397,96
sign_test_og_cel0.2__norm_original_radius,new_cel_removed_chunk_16,80,GR,5.492789252350728,96
sign_test_og_cel0.2__norm_original_radius,new_cel_removed_chunk_16,80,IPC,7.6429993486035634,96
sign_test_og_cel0.2__norm_original_radius,new_cel_removed_chunk_16,80,KR,3.3457066354652247,96
sign_test_og_cel0.2__norm_original_radius,new_cel_removed_chunk_16,80,MC,4.416701567669709,96
sign_test_og_cel0.2__norm_original_radius,new_cel_removed_chunk_16,80,cosine_similarity,0.3608571738004684,96
sign_test_og_cel0.2__norm_original_radius,new_cel_removed_chunk_16,80,kl_to_gaussian,1.1739684703756503,96
sign_test_og_cel0.2__norm_original_radius,new_cel_removed_chunk_16,80,wt_mean,0.00087487931887145,96
sign_test_og_cel0.2__norm_original_radius,new_cel_removed_chunk_16,81,GR,6.152721598744392,96
sign_test_og_cel0.2__norm_original_radius,new_cel_removed_chunk_16,81,IPC,7.286324422556216,96
sign_test_og_cel0.2__norm_original_radius,new_cel_removed_chunk_16,81,KR,3.6919507707158723,96
sign_test_og_cel0.2__norm_original_radius,new_cel_removed_chunk_16,81,MC,4.264447710166375,96
sign_test_og_cel0.2__norm_original_radius,new_cel_removed_chunk_16,81,cosine_similarity,0.3908306211233139,96
sign_test_og_cel0.2__norm_original_radius,new_cel_removed_chunk_16,81,kl_to_gaussian,1.1739684703756503,96
sign_test_og_cel0.2__norm_original_radius,new_cel_removed_chunk_16,81,wt_mean,0.000947548440308275,96
sign_test_og_cel0.2__norm_original_radius,new_cel_removed_chunk_16,82,GR,5.402013057221969,96
sign_test_og_cel0.2__norm_original_radius,new_cel_removed_chunk_16,82,IPC,7.520114523605662,96
sign_test_og_cel0.2__norm_original_radius,new_cel_removed_chunk_16,82,KR,3.3534795393546424,96
sign_test_og_cel0.2__norm_original_radius,new_cel_removed_chunk_16,82,MC,4.346477057784796,96
sign_test_og_cel0.2__norm_original_radius,new_cel_removed_chunk_16,82,cosine_similarity,0.3998814597725868,96
sign_test_og_cel0.2__norm_original_radius,new_cel_removed_chunk_16,82,kl_to_gaussian,1.1739684703756503,96
sign_test_og_cel0.2__norm_original_radius,new_cel_removed_chunk_16,82,wt_mean,0.000969491651630925,96
sign_test_og_cel0.2__norm_original_radius,new_cel_removed_chunk_16,83,GR,5.578447016576926,96
sign_test_og_cel0.2__norm_original_radius,new_cel_removed_chunk_16,83,IPC,7.047862731043644,96
sign_test_og_cel0.2__norm_original_radius,new_cel_removed_chunk_16,83,KR,3.2903391110400357,96
sign_test_og_cel0.2__norm_original_radius,new_cel_removed_chunk_16,83,MC,3.966792264332374,96
sign_test_og_cel0.2__norm_original_radius,new_cel_removed_chunk_16,83,cosine_similarity,0.37308163940906525,96
sign_test_og_cel0.2__norm_original_radius,new_cel_removed_chunk_16,83,kl_to_gaussian,1.1739684703756503,96
sign_test_og_cel0.2__norm_original_radius,new_cel_removed_chunk_16,83,wt_mean,0.0009045169426826,96
sign_test_og_cel0.2__norm_original_radius,new_cel_removed_chunk_16,84,GR,5.156622868031263,96
sign_test_og_cel0.2__norm_original_radius,new_cel_removed_chunk_16,84,IPC,8.014883208024964,96
sign_test_og_cel0.2__norm_original_radius,new_cel_removed_chunk_16,84,KR,3.1866365323464074,96
sign_test_og_cel0.2__norm_original_radius,new_cel_removed_chunk_16,84,MC,4.714781787246466,96
sign_test_og_cel0.2__norm_original_radius,new_cel_removed_chunk_16,84,cosine_similarity,0.3766079246997833,96
sign_test_og_cel0.2__norm_original_radius,new_cel_removed_chunk_16,84,kl_to_gaussian,1.1739684703756503,96
sign_test_og_cel0.2__norm_original_radius,new_cel_removed_chunk_16,84,wt_mean,0.00091306625108695,96
sign_test_og_cel0.2__norm_original_radius,new_cel_removed_chunk_17,85,GR,5.183509562164545,96
sign_test_og_cel0.2__norm_original_radius,new_cel_removed_chunk_17,85,IPC,7.770333472944746,96
sign_test_og_cel0.2__norm_original_radius,new_cel_removed_chunk_17,85,KR,3.0218412429094315,96
sign_test_og_cel0.2__norm_original_radius,new_cel_removed_chunk_17,85,MC,4.114939834922552,96
sign_test_og_cel0.2__norm_original_radius,new_cel_removed_chunk_17,85,cosine_similarity,0.3811921179294586,96
sign_test_og_cel0.2__norm_original_radius,new_cel_removed_chunk_17,85,kl_to_gaussian,1.1739684703756503,96
sign_test_og_cel0.2__norm_original_radius,new_cel_removed_chunk_17,85,wt_mean,0.0009241803345502751,96
sign_test_og_cel0.2__norm_original_radius,new_cel_removed_chunk_17,86,GR,5.686779951055844,96
sign_test_og_cel0.2__norm_original_radius,new_cel_removed_chunk_17,86,IPC,7.656211452648523,96
sign_test_og_cel0.2__norm_original_radius,new_cel_removed_chunk_17,86,KR,3.4441967085003853,96
sign_test_og_cel0.2__norm_original_radius,new_cel_removed_chunk_17,86,MC,4.657501829167207,96
sign_test_og_cel0.2__norm_original_radius,new_cel_removed_chunk_17,86,cosine_similarity,0.40587613731622696,96
sign_test_og_cel0.2__norm_original_radius,new_cel_removed_chunk_17,86,kl_to_gaussian,1.1739684703756503,96
sign_test_og_cel0.2__norm_original_radius,new_cel_removed_chunk_17,86,wt_mean,0.0009840254788286249,96
sign_test_og_cel0.2__norm_original_radius,new_cel_removed_chunk_17,87,GR,5.159051441897948,96
sign_test_og_cel0.2__norm_original_radius,new_cel_removed_chunk_17,87,IPC,7.982669055482801,96
sign_test_og_cel0.2__norm_original_radius,new_cel_removed_chunk_17,87,KR,3.118264733503262,96
sign_test_og_cel0.2__norm_original_radius,new_cel_removed_chunk_17,87,MC,4.644259090224902,96
sign_test_og_cel0.2__norm_original_radius,new_cel_removed_chunk_17,87,cosine_similarity,0.4044656231999397,96
sign_test_og_cel0.2__norm_original_radius,new_cel_removed_chunk_17,87,kl_to_gaussian,1.1739684703756503,96
sign_test_og_cel0.2__norm_original_radius,new_cel_removed_chunk_17,87,wt_mean,0.0009806058078538,96
sign_test_og_cel0.2__norm_original_radius,new_cel_removed_chunk_17,88,GR,5.889325965195894,96
sign_test_og_cel0.2__norm_original_radius,new_cel_removed_chunk_17,88,IPC,7.805220396898108,96
sign_test_og_cel0.2__norm_original_radius,new_cel_removed_chunk_17,88,KR,3.4303754108647504,96
sign_test_og_cel0.2__norm_original_radius,new_cel_removed_chunk_17,88,MC,4.348099522292614,96
sign_test_og_cel0.2__norm_original_radius,new_cel_removed_chunk_17,88,cosine_similarity,0.37073078006505966,96
sign_test_og_cel0.2__norm_original_radius,new_cel_removed_chunk_17,88,kl_to_gaussian,1.1739684703756503,96
sign_test_og_cel0.2__norm_original_radius,new_cel_removed_chunk_17,88,wt_mean,0.0008988174085970249,96
sign_test_og_cel0.2__norm_original_radius,new_cel_removed_chunk_17,89,GR,5.789405098805825,96
sign_test_og_cel0.2__norm_original_radius,new_cel_removed_chunk_17,89,IPC,7.870224133692049,96
sign_test_og_cel0.2__norm_original_radius,new_cel_removed_chunk_17,89,KR,3.5252016248802343,96
sign_test_og_cel0.2__norm_original_radius,new_cel_removed_chunk_17,89,MC,4.624325767159462,96
sign_test_og_cel0.2__norm_original_radius,new_cel_removed_chunk_17,89,cosine_similarity,0.39435694366693497,96
sign_test_og_cel0.2__norm_original_radius,new_cel_removed_chunk_17,89,kl_to_gaussian,1.1739684703756503,96
sign_test_og_cel0.2__norm_original_radius,new_cel_removed_chunk_17,89,wt_mean,0.000956097763264525,96
sign_test_og_cel0.2__norm_original_radius,new_cel_removed_chunk_18,90,GR,6.50261614844203,96
sign_test_og_cel0.2__norm_original_radius,new_cel_removed_chunk_18,90,IPC,7.750743033081751,96
sign_test_og_cel0.2__norm_original_radius,new_cel_removed_chunk_18,90,KR,3.793752070516348,96
sign_test_og_cel0.2__norm_original_radius,new_cel_removed_chunk_18,90,MC,4.350766018033028,96
sign_test_og_cel0.2__norm_original_radius,new_cel_removed_chunk_18,90,cosine_similarity,0.3901253789663315,96
sign_test_og_cel0.2__norm_original_radius,new_cel_removed_chunk_18,90,kl_to_gaussian,1.1739684703756503,96
sign_test_og_cel0.2__norm_original_radius,new_cel_removed_chunk_18,90,wt_mean,0.0009458386193727499,96
sign_test_og_cel0.2__norm_original_radius,new_cel_removed_chunk_18,91,GR,6.103817467888196,96
sign_test_og_cel0.2__norm_original_radius,new_cel_removed_chunk_18,91,IPC,7.685460164348591,96
sign_test_og_cel0.2__norm_original_radius,new_cel_removed_chunk_18,91,KR,3.630950305610895,96
sign_test_og_cel0.2__norm_original_radius,new_cel_removed_chunk_18,91,MC,4.383396164824565,96
sign_test_og_cel0.2__norm_original_radius,new_cel_removed_chunk_18,91,cosine_similarity,0.3827201575040817,96
sign_test_og_cel0.2__norm_original_radius,new_cel_removed_chunk_18,91,kl_to_gaussian,1.1739684703756503,96
sign_test_og_cel0.2__norm_original_radius,new_cel_removed_chunk_18,91,wt_mean,0.0009278850193368001,96
sign_test_og_cel0.2__norm_original_radius,new_cel_removed_chunk_18,92,GR,5.536943521350622,96
sign_test_og_cel0.2__norm_original_radius,new_cel_removed_chunk_18,92,IPC,7.9870309725942965,96
sign_test_og_cel0.2__norm_original_radius,new_cel_removed_chunk_18,92,KR,3.412430545936028,96
sign_test_og_cel0.2__norm_original_radius,new_cel_removed_chunk_18,92,MC,4.54005545626084,96
sign_test_og_cel0.2__norm_original_radius,new_cel_removed_chunk_18,92,cosine_similarity,0.389302596449852,96
sign_test_og_cel0.2__norm_original_radius,new_cel_removed_chunk_18,92,kl_to_gaussian,1.1739684703756503,96
sign_test_og_cel0.2__norm_original_radius,new_cel_removed_chunk_18,92,wt_mean,0.00094384374096985,96
sign_test_og_cel0.2__norm_original_radius,new_cel_removed_chunk_18,93,GR,6.128488031526406,96
sign_test_og_cel0.2__norm_original_radius,new_cel_removed_chunk_18,93,IPC,7.800914197498719,96
sign_test_og_cel0.2__norm_original_radius,new_cel_removed_chunk_18,93,KR,3.7252482858796916,96
sign_test_og_cel0.2__norm_original_radius,new_cel_removed_chunk_18,93,MC,4.686988351245721,96
sign_test_og_cel0.2__norm_original_radius,new_cel_removed_chunk_18,93,cosine_similarity,0.4010568782687187,96
sign_test_og_cel0.2__norm_original_radius,new_cel_removed_chunk_18,93,kl_to_gaussian,1.1739684703756503,96
sign_test_og_cel0.2__norm_original_radius,new_cel_removed_chunk_18,93,wt_mean,0.0009723414550534751,96
sign_test_og_cel0.2__norm_original_radius,new_cel_removed_chunk_18,94,GR,5.329599084953467,96
sign_test_og_cel0.2__norm_original_radius,new_cel_removed_chunk_18,94,IPC,8.427555705930185,96
sign_test_og_cel0.2__norm_original_radius,new_cel_removed_chunk_18,94,KR,3.212688041230043,96
sign_test_og_cel0.2__norm_original_radius,new_cel_removed_chunk_18,94,MC,4.677300745000442,96
sign_test_og_cel0.2__norm_original_radius,new_cel_removed_chunk_18,94,cosine_similarity,0.3984709233045578,96
sign_test_og_cel0.2__norm_original_radius,new_cel_removed_chunk_18,94,kl_to_gaussian,1.1739684703756503,96
sign_test_og_cel0.2__norm_original_radius,new_cel_removed_chunk_18,94,wt_mean,0.0009660719515522249,96
sign_test_og_cel0.2__norm_original_radius,new_cel_removed_chunk_19,95,GR,5.483965517332156,96
sign_test_og_cel0.2__norm_original_radius,new_cel_removed_chunk_19,95,IPC,7.383362998564414,96
sign_test_og_cel0.2__norm_original_radius,new_cel_removed_chunk_19,95,KR,3.277792396644751,96
sign_test_og_cel0.2__norm_original_radius,new_cel_removed_chunk_19,95,MC,4.262057032436132,96
sign_test_og_cel0.2__norm_original_radius,new_cel_removed_chunk_19,95,cosine_similarity,0.36932025104761124,96
sign_test_og_cel0.2__norm_original_radius,new_cel_removed_chunk_19,95,kl_to_gaussian,1.1739684703756503,96
sign_test_og_cel0.2__norm_original_radius,new_cel_removed_chunk_19,95,wt_mean,0.000895397664862625,96
sign_test_og_cel0.2__norm_original_radius,new_cel_removed_chunk_19,96,GR,5.681082299600045,96
sign_test_og_cel0.2__norm_original_radius,new_cel_removed_chunk_19,96,IPC,7.887433394971166,96
sign_test_og_cel0.2__norm_original_radius,new_cel_removed_chunk_19,96,KR,3.3646673584977784,96
sign_test_og_cel0.2__norm_original_radius,new_cel_removed_chunk_19,96,MC,4.4023076718052225,96
sign_test_og_cel0.2__norm_original_radius,new_cel_removed_chunk_19,96,cosine_similarity,0.3688500970602035,96
sign_test_og_cel0.2__norm_original_radius,new_cel_removed_chunk_19,96,kl_to_gaussian,1.1739684703756503,96
sign_test_og_cel0.2__norm_original_radius,new_cel_removed_chunk_19,96,wt_mean,0.0008942577405832249,96
sign_test_og_cel0.2__norm_original_radius,new_cel_removed_chunk_19,97,GR,5.41266580298543,96
sign_test_og_cel0.2__norm_original_radius,new_cel_removed_chunk_19,97,IPC,7.821846794852388,96
sign_test_og_cel0.2__norm_original_radius,new_cel_removed_chunk_19,97,KR,3.243791894366344,96
sign_test_og_cel0.2__norm_original_radius,new_cel_removed_chunk_19,97,MC,4.205134943127632,96
sign_test_og_cel0.2__norm_original_radius,new_cel_removed_chunk_19,97,cosine_similarity,0.42209707945585245,96
sign_test_og_cel0.2__norm_original_radius,new_cel_removed_chunk_19,97,kl_to_gaussian,1.1739684703756503,96
sign_test_og_cel0.2__norm_original_radius,new_cel_removed_chunk_19,97,wt_mean,0.001023352291667775,96
sign_test_og_cel0.2__norm_original_radius,new_cel_removed_chunk_19,98,GR,5.680015381425619,96
sign_test_og_cel0.2__norm_original_radius,new_cel_removed_chunk_19,98,IPC,7.534759130904696,96
sign_test_og_cel0.2__norm_original_radius,new_cel_removed_chunk_19,98,KR,3.375242476662,96
sign_test_og_cel0.2__norm_original_radius,new_cel_removed_chunk_19,98,MC,4.094481465717156,96
sign_test_og_cel0.2__norm_original_radius,new_cel_removed_chunk_19,98,cosine_similarity,0.3690851703286171,96
sign_test_og_cel0.2__norm_original_radius,new_cel_removed_chunk_19,98,kl_to_gaussian,1.1739684703756503,96
sign_test_og_cel0.2__norm_original_radius,new_cel_removed_chunk_19,98,wt_mean,0.0008948276808950251,96
sign_test_og_cel0.2__norm_original_radius,new_cel_removed_chunk_19,99,GR,5.111950395007928,96
sign_test_og_cel0.2__norm_original_radius,new_cel_removed_chunk_19,99,IPC,8.371068929211043,96
sign_test_og_cel0.2__norm_original_radius,new_cel_removed_chunk_19,99,KR,3.2043545246124268,96
sign_test_og_cel0.2__norm_original_radius,new_cel_removed_chunk_19,99,MC,4.711410939693451,96
sign_test_og_cel0.2__norm_original_radius,new_cel_removed_chunk_19,99,cosine_similarity,0.37073078006505966,96
sign_test_og_cel0.2__norm_original_radius,new_cel_removed_chunk_19,99,kl_to_gaussian,1.1739684703756503,96
sign_test_og_cel0.2__norm_original_radius,new_cel_removed_chunk_19,99,wt_mean,0.00089881739404515,96
sign_test_og_cel0.2__norm_original_radius,new_cel_removed_chunk_2,10,GR,6.371598416318496,96
sign_test_og_cel0.2__norm_original_radius,new_cel_removed_chunk_2,10,IPC,7.753984833331781,96
sign_test_og_cel0.2__norm_original_radius,new_cel_removed_chunk_2,10,KR,3.8311747958262763,96
sign_test_og_cel0.2__norm_original_radius,new_cel_removed_chunk_2,10,MC,4.400324727098147,96
sign_test_og_cel0.2__norm_original_radius,new_cel_removed_chunk_2,10,cosine_similarity,0.4018796980381012,96
sign_test_og_cel0.2__norm_original_radius,new_cel_removed_chunk_2,10,kl_to_gaussian,1.1739684703756503,96
sign_test_og_cel0.2__norm_original_radius,new_cel_removed_chunk_2,10,wt_mean,0.000974336289800625,96
sign_test_og_cel0.2__norm_original_radius,new_cel_removed_chunk_2,11,GR,5.3423760160803795,96
sign_test_og_cel0.2__norm_original_radius,new_cel_removed_chunk_2,11,IPC,8.501087664854596,96
sign_test_og_cel0.2__norm_original_radius,new_cel_removed_chunk_2,11,KR,3.2778311098615327,96
sign_test_og_cel0.2__norm_original_radius,new_cel_removed_chunk_2,11,MC,4.7638391976555186,96
sign_test_og_cel0.2__norm_original_radius,new_cel_removed_chunk_2,11,cosine_similarity,0.40434809774160385,96
sign_test_og_cel0.2__norm_original_radius,new_cel_removed_chunk_2,11,kl_to_gaussian,1.1739684703756503,96
sign_test_og_cel0.2__norm_original_radius,new_cel_removed_chunk_2,11,wt_mean,0.000980320808594075,96
sign_test_og_cel0.2__norm_original_radius,new_cel_removed_chunk_2,12,GR,5.721747454255819,96
sign_test_og_cel0.2__norm_original_radius,new_cel_removed_chunk_2,12,IPC,7.810437753179358,96
sign_test_og_cel0.2__norm_original_radius,new_cel_removed_chunk_2,12,KR,3.3052633640666804,96
sign_test_og_cel0.2__norm_original_radius,new_cel_removed_chunk_2,12,MC,3.936095974097649,96
sign_test_og_cel0.2__norm_original_radius,new_cel_removed_chunk_2,12,cosine_similarity,0.38413068652153015,96
sign_test_og_cel0.2__norm_original_radius,new_cel_removed_chunk_2,12,kl_to_gaussian,1.1739684703756503,96
sign_test_og_cel0.2__norm_original_radius,new_cel_removed_chunk_2,12,wt_mean,0.00093130471941545,96
sign_test_og_cel0.2__norm_original_radius,new_cel_removed_chunk_2,13,GR,5.6179248715440435,96
sign_test_og_cel0.2__norm_original_radius,new_cel_removed_chunk_2,13,IPC,8.372538081852005,96
sign_test_og_cel0.2__norm_original_radius,new_cel_removed_chunk_2,13,KR,3.3934654568632445,96
sign_test_og_cel0.2__norm_original_radius,new_cel_removed_chunk_2,13,MC,4.89704263707002,96
sign_test_og_cel0.2__norm_original_radius,new_cel_removed_chunk_2,13,cosine_similarity,0.358388751745224,96
sign_test_og_cel0.2__norm_original_radius,new_cel_removed_chunk_2,13,kl_to_gaussian,1.1739684703756503,96
sign_test_og_cel0.2__norm_original_radius,new_cel_removed_chunk_2,13,wt_mean,0.0008688948437338249,96
sign_test_og_cel0.2__norm_original_radius,new_cel_removed_chunk_2,14,GR,5.207869744549195,96
sign_test_og_cel0.2__norm_original_radius,new_cel_removed_chunk_2,14,IPC,7.987528346613186,96
sign_test_og_cel0.2__norm_original_radius,new_cel_removed_chunk_2,14,KR,3.2142313631872335,96
sign_test_og_cel0.2__norm_original_radius,new_cel_removed_chunk_2,14,MC,4.660563601801793,96
sign_test_og_cel0.2__norm_original_radius,new_cel_removed_chunk_2,14,cosine_similarity,0.3954148143529892,96
sign_test_og_cel0.2__norm_original_radius,new_cel_removed_chunk_2,14,kl_to_gaussian,1.1739684703756503,96
sign_test_og_cel0.2__norm_original_radius,new_cel_removed_chunk_2,14,wt_mean,0.000958662552875425,96
sign_test_og_cel0.2__norm_original_radius,new_cel_removed_chunk_3,15,GR,5.802374955266714,96
sign_test_og_cel0.2__norm_original_radius,new_cel_removed_chunk_3,15,IPC,8.26910147128739,96
sign_test_og_cel0.2__norm_original_radius,new_cel_removed_chunk_3,15,KR,3.554420195519924,96
sign_test_og_cel0.2__norm_original_radius,new_cel_removed_chunk_3,15,MC,4.825320897003015,96
sign_test_og_cel0.2__norm_original_radius,new_cel_removed_chunk_3,15,cosine_similarity,0.3983533903956413,96
sign_test_og_cel0.2__norm_original_radius,new_cel_removed_chunk_3,15,kl_to_gaussian,1.1739684703756503,96
sign_test_og_cel0.2__norm_original_radius,new_cel_removed_chunk_3,15,wt_mean,0.0009657869813963,96
sign_test_og_cel0.2__norm_original_radius,new_cel_removed_chunk_3,16,GR,6.286610476672649,96
sign_test_og_cel0.2__norm_original_radius,new_cel_removed_chunk_3,16,IPC,7.709472848295522,96
sign_test_og_cel0.2__norm_original_radius,new_cel_removed_chunk_3,16,KR,3.6314104944467545,96
sign_test_og_cel0.2__norm_original_radius,new_cel_removed_chunk_3,16,MC,4.380641480286916,96
sign_test_og_cel0.2__norm_original_radius,new_cel_removed_chunk_3,16,cosine_similarity,0.3547449260950088,96
sign_test_og_cel0.2__norm_original_radius,new_cel_removed_chunk_3,16,kl_to_gaussian,1.1739684703756503,96
sign_test_og_cel0.2__norm_original_radius,new_cel_removed_chunk_3,16,wt_mean,0.0008600604778621,96
sign_test_og_cel0.2__norm_original_radius,new_cel_removed_chunk_3,17,GR,5.5069326646626,96
sign_test_og_cel0.2__norm_original_radius,new_cel_removed_chunk_3,17,IPC,7.8705773160881956,96
sign_test_og_cel0.2__norm_original_radius,new_cel_removed_chunk_3,17,KR,3.3733481926222644,96
sign_test_og_cel0.2__norm_original_radius,new_cel_removed_chunk_3,17,MC,4.520481796314319,96
sign_test_og_cel0.2__norm_original_radius,new_cel_removed_chunk_3,17,cosine_similarity,0.37343425303697586,96
sign_test_og_cel0.2__norm_original_radius,new_cel_removed_chunk_3,17,kl_to_gaussian,1.1739684703756503,96
sign_test_og_cel0.2__norm_original_radius,new_cel_removed_chunk_3,17,wt_mean,0.000905371882254225,96
sign_test_og_cel0.2__norm_original_radius,new_cel_removed_chunk_3,18,GR,6.4652849932511645,96
sign_test_og_cel0.2__norm_original_radius,new_cel_removed_chunk_3,18,IPC,7.953297151070516,96
sign_test_og_cel0.2__norm_original_radius,new_cel_removed_chunk_3,18,KR,3.753430910408497,96
sign_test_og_cel0.2__norm_original_radius,new_cel_removed_chunk_3,18,MC,4.2820916424194975,96
sign_test_og_cel0.2__norm_original_radius,new_cel_removed_chunk_3,18,cosine_similarity,0.4042305499315262,96
sign_test_og_cel0.2__norm_original_radius,new_cel_removed_chunk_3,18,kl_to_gaussian,1.1739684703756503,96
sign_test_og_cel0.2__norm_original_radius,new_cel_removed_chunk_3,18,wt_mean,0.00098003583843815,96
sign_test_og_cel0.2__norm_original_radius,new_cel_removed_chunk_3,19,GR,5.846804433812697,96
sign_test_og_cel0.2__norm_original_radius,new_cel_removed_chunk_3,19,IPC,8.142969335943526,96
sign_test_og_cel0.2__norm_original_radius,new_cel_removed_chunk_3,19,KR,3.4032004127899804,96
sign_test_og_cel0.2__norm_original_radius,new_cel_removed_chunk_3,19,MC,4.431262786189715,96
sign_test_og_cel0.2__norm_original_radius,new_cel_removed_chunk_3,19,cosine_similarity,0.37496233731508255,96
sign_test_og_cel0.2__norm_original_radius,new_cel_removed_chunk_3,19,kl_to_gaussian,1.1739684703756503,96
sign_test_og_cel0.2__norm_original_radius,new_cel_removed_chunk_3,19,wt_mean,0.000909076523384975,96
sign_test_og_cel0.2__norm_original_radius,new_cel_removed_chunk_4,20,GR,6.353641871362925,96
sign_test_og_cel0.2__norm_original_radius,new_cel_removed_chunk_4,20,IPC,8.414917488912211,96
sign_test_og_cel0.2__norm_original_radius,new_cel_removed_chunk_4,20,KR,3.8195948799451194,96
sign_test_og_cel0.2__norm_original_radius,new_cel_removed_chunk_4,20,MC,4.921048067510128,96
sign_test_og_cel0.2__norm_original_radius,new_cel_removed_chunk_4,20,cosine_similarity,0.4202163964509964,96
sign_test_og_cel0.2__norm_original_radius,new_cel_removed_chunk_4,20,kl_to_gaussian,1.1739684703756503,96
sign_test_og_cel0.2__norm_original_radius,new_cel_removed_chunk_4,20,wt_mean,0.0010187927400693,96
sign_test_og_cel0.2__norm_original_radius,new_cel_removed_chunk_4,21,GR,5.1611624372502165,96
sign_test_og_cel0.2__norm_original_radius,new_cel_removed_chunk_4,21,IPC,8.37919734137567,96
sign_test_og_cel0.2__norm_original_radius,new_cel_removed_chunk_4,21,KR,3.1030779095987477,96
sign_test_og_cel0.2__norm_original_radius,new_cel_removed_chunk_4,21,MC,4.778191191454728,96
sign_test_og_cel0.2__norm_original_radius,new_cel_removed_chunk_4,21,cosine_similarity,0.3877745121717453,96
sign_test_og_cel0.2__norm_original_radius,new_cel_removed_chunk_4,21,kl_to_gaussian,1.1739684703756503,96
sign_test_og_cel0.2__norm_original_radius,new_cel_removed_chunk_4,21,wt_mean,0.0009401390561833501,96
sign_test_og_cel0.2__norm_original_radius,new_cel_removed_chunk_4,22,GR,5.331638439248006,96
sign_test_og_cel0.2__norm_original_radius,new_cel_removed_chunk_4,22,IPC,8.732463303818449,96
sign_test_og_cel0.2__norm_original_radius,new_cel_removed_chunk_4,22,KR,3.2308097518980503,96
sign_test_og_cel0.2__norm_original_radius,new_cel_removed_chunk_4,22,MC,4.637862853705883,96
sign_test_og_cel0.2__norm_original_radius,new_cel_removed_chunk_4,22,cosine_similarity,0.3903604596853256,96
sign_test_og_cel0.2__norm_original_radius,new_cel_removed_chunk_4,22,kl_to_gaussian,1.1739684703756503,96
sign_test_og_cel0.2__norm_original_radius,new_cel_removed_chunk_4,22,wt_mean,0.00094640851602885,96
sign_test_og_cel0.2__norm_original_radius,new_cel_removed_chunk_4,23,GR,5.5981106497347355,96
sign_test_og_cel0.2__norm_original_radius,new_cel_removed_chunk_4,23,IPC,8.782820683782,96
sign_test_og_cel0.2__norm_original_radius,new_cel_removed_chunk_4,23,KR,3.4487263672053814,96
sign_test_og_cel0.2__norm_original_radius,new_cel_removed_chunk_4,23,MC,4.967216859261195,96
sign_test_og_cel0.2__norm_original_radius,new_cel_removed_chunk_4,23,cosine_similarity,0.3931814879179001,96
sign_test_og_cel0.2__norm_original_radius,new_cel_removed_chunk_4,23,kl_to_gaussian,1.1739684703756503,96
sign_test_og_cel0.2__norm_original_radius,new_cel_removed_chunk_4,23,wt_mean,0.0009532480326015,96
sign_test_og_cel0.2__norm_original_radius,new_cel_removed_chunk_4,24,GR,5.331920549273491,96
sign_test_og_cel0.2__norm_original_radius,new_cel_removed_chunk_4,24,IPC,8.2123392534762,96
sign_test_og_cel0.2__norm_original_radius,new_cel_removed_chunk_4,24,KR,3.2729040992756686,96
sign_test_og_cel0.2__norm_original_radius,new_cel_removed_chunk_4,24,MC,4.695666280885537,96
sign_test_og_cel0.2__norm_original_radius,new_cel_removed_chunk_4,24,cosine_similarity,0.36320802569389343,96
sign_test_og_cel0.2__norm_original_radius,new_cel_removed_chunk_4,24,kl_to_gaussian,1.1739684703756503,96
sign_test_og_cel0.2__norm_original_radius,new_cel_removed_chunk_4,24,wt_mean,0.00088057885295705,96
sign_test_og_cel0.2__norm_original_radius,new_cel_removed_chunk_5,25,GR,5.378457749883334,96
sign_test_og_cel0.2__norm_original_radius,new_cel_removed_chunk_5,25,IPC,8.666209793773627,96
sign_test_og_cel0.2__norm_original_radius,new_cel_removed_chunk_5,25,KR,3.3374481635789075,96
sign_test_og_cel0.2__norm_original_radius,new_cel_removed_chunk_5,25,MC,4.914360128343105,96
sign_test_og_cel0.2__norm_original_radius,new_cel_removed_chunk_5,25,cosine_similarity,0.39858847856521606,96
sign_test_og_cel0.2__norm_original_radius,new_cel_removed_chunk_5,25,kl_to_gaussian,1.1739684703756503,96
sign_test_og_cel0.2__norm_original_radius,new_cel_removed_chunk_5,25,wt_mean,0.000966356892604325,96
sign_test_og_cel0.2__norm_original_radius,new_cel_removed_chunk_5,26,GR,6.074051670730114,96
sign_test_og_cel0.2__norm_original_radius,new_cel_removed_chunk_5,26,IPC,8.420072443634341,96
sign_test_og_cel0.2__norm_original_radius,new_cel_removed_chunk_5,26,KR,3.7157489707072577,96
sign_test_og_cel0.2__norm_original_radius,new_cel_removed_chunk_5,26,MC,4.832739442586899,96
sign_test_og_cel0.2__norm_original_radius,new_cel_removed_chunk_5,26,cosine_similarity,0.4109305068850517,96
sign_test_og_cel0.2__norm_original_radius,new_cel_removed_chunk_5,26,kl_to_gaussian,1.1739684703756503,96
sign_test_og_cel0.2__norm_original_radius,new_cel_removed_chunk_5,26,wt_mean,0.000996279530227125,96
sign_test_og_cel0.2__norm_original_radius,new_cel_removed_chunk_5,27,GR,6.675597598155339,96
sign_test_og_cel0.2__norm_original_radius,new_cel_removed_chunk_5,27,IPC,7.757008095229381,96
sign_test_og_cel0.2__norm_original_radius,new_cel_removed_chunk_5,27,KR,3.8549459353089333,96
sign_test_og_cel0.2__norm_original_radius,new_cel_removed_chunk_5,27,MC,4.404911172886689,96
sign_test_og_cel0.2__norm_original_radius,new_cel_removed_chunk_5,27,cosine_similarity,0.3964726999402046,96
sign_test_og_cel0.2__norm_original_radius,new_cel_removed_chunk_5,27,kl_to_gaussian,1.1739684703756503,96
sign_test_og_cel0.2__norm_original_radius,new_cel_removed_chunk_5,27,wt_mean,0.000961227357038275,96
sign_test_og_cel0.2__norm_original_radius,new_cel_removed_chunk_5,28,GR,6.759567081928253,96
sign_test_og_cel0.2__norm_original_radius,new_cel_removed_chunk_5,28,IPC,8.076895180238294,96
sign_test_og_cel0.2__norm_original_radius,new_cel_removed_chunk_5,28,KR,4.040067881345749,96
sign_test_og_cel0.2__norm_original_radius,new_cel_removed_chunk_5,28,MC,4.554121850679318,96
sign_test_og_cel0.2__norm_original_radius,new_cel_removed_chunk_5,28,cosine_similarity,0.3900078311562538,96
sign_test_og_cel0.2__norm_original_radius,new_cel_removed_chunk_5,28,kl_to_gaussian,1.1739684703756503,96
sign_test_og_cel0.2__norm_original_radius,new_cel_removed_chunk_5,28,wt_mean,0.0009455535910091501,96
sign_test_og_cel0.2__norm_original_radius,new_cel_removed_chunk_5,29,GR,5.18621991823117,96
sign_test_og_cel0.2__norm_original_radius,new_cel_removed_chunk_5,29,IPC,8.653474979576226,96
sign_test_og_cel0.2__norm_original_radius,new_cel_removed_chunk_5,29,KR,3.0842876185973487,96
sign_test_og_cel0.2__norm_original_radius,new_cel_removed_chunk_5,29,MC,4.488288477063179,96
sign_test_og_cel0.2__norm_original_radius,new_cel_removed_chunk_5,29,cosine_similarity,0.3990586549043655,96
sign_test_og_cel0.2__norm_original_radius,new_cel_removed_chunk_5,29,kl_to_gaussian,1.1739684703756503,96
sign_test_og_cel0.2__norm_original_radius,new_cel_removed_chunk_5,29,wt_mean,0.00096749681688375,96
sign_test_og_cel0.2__norm_original_radius,new_cel_removed_chunk_6,30,GR,4.949712886164586,96
sign_test_og_cel0.2__norm_original_radius,new_cel_removed_chunk_6,30,IPC,8.330521511584935,96
sign_test_og_cel0.2__norm_original_radius,new_cel_removed_chunk_6,30,KR,3.0893392910559974,96
sign_test_og_cel0.2__norm_original_radius,new_cel_removed_chunk_6,30,MC,4.733670165141423,96
sign_test_og_cel0.2__norm_original_radius,new_cel_removed_chunk_6,30,cosine_similarity,0.4182181656360626,96
sign_test_og_cel0.2__norm_original_radius,new_cel_removed_chunk_6,30,kl_to_gaussian,1.1739684703756503,96
sign_test_og_cel0.2__norm_original_radius,new_cel_removed_chunk_6,30,wt_mean,0.00101394810189955,96
sign_test_og_cel0.2__norm_original_radius,new_cel_removed_chunk_6,31,GR,6.17961938555042,96
sign_test_og_cel0.2__norm_original_radius,new_cel_removed_chunk_6,31,IPC,8.05640336851366,96
sign_test_og_cel0.2__norm_original_radius,new_cel_removed_chunk_6,31,KR,3.740375599513451,96
sign_test_og_cel0.2__norm_original_radius,new_cel_removed_chunk_6,31,MC,4.643033300836881,96
sign_test_og_cel0.2__norm_original_radius,new_cel_removed_chunk_6,31,cosine_similarity,0.38330788910388947,96
sign_test_og_cel0.2__norm_original_radius,new_cel_removed_chunk_6,31,kl_to_gaussian,1.1739684703756503,96
sign_test_og_cel0.2__norm_original_radius,new_cel_removed_chunk_6,31,wt_mean,0.000929309913772125,96
sign_test_og_cel0.2__norm_original_radius,new_cel_removed_chunk_6,32,GR,5.7602444762984915,96
sign_test_og_cel0.2__norm_original_radius,new_cel_removed_chunk_6,32,IPC,8.505045263250553,96
sign_test_og_cel0.2__norm_original_radius,new_cel_removed_chunk_6,32,KR,3.5852663765350976,96
sign_test_og_cel0.2__norm_original_radius,new_cel_removed_chunk_6,32,MC,4.96006094912688,96
sign_test_og_cel0.2__norm_original_radius,new_cel_removed_chunk_6,32,cosine_similarity,0.3981183096766472,96
sign_test_og_cel0.2__norm_original_radius,new_cel_removed_chunk_6,32,kl_to_gaussian,1.1739684703756503,96
sign_test_og_cel0.2__norm_original_radius,new_cel_removed_chunk_6,32,wt_mean,0.0009652169974287251,96
sign_test_og_cel0.2__norm_original_radius,new_cel_removed_chunk_6,33,GR,5.832624897360802,96
sign_test_og_cel0.2__norm_original_radius,new_cel_removed_chunk_6,33,IPC,8.714970242733735,96
sign_test_og_cel0.2__norm_original_radius,new_cel_removed_chunk_6,33,KR,3.456621947387854,96
sign_test_og_cel0.2__norm_original_radius,new_cel_removed_chunk_6,33,MC,4.7951832711696625,96
sign_test_og_cel0.2__norm_original_radius,new_cel_removed_chunk_6,33,cosine_similarity,0.4054059833288193,96
sign_test_og_cel0.2__norm_original_radius,new_cel_removed_chunk_6,33,kl_to_gaussian,1.1739684703756503,96
sign_test_og_cel0.2__norm_original_radius,new_cel_removed_chunk_6,33,wt_mean,0.000982885627308775,96
sign_test_og_cel0.2__norm_original_radius,new_cel_removed_chunk_6,34,GR,6.077383297185103,96
sign_test_og_cel0.2__norm_original_radius,new_cel_removed_chunk_6,34,IPC,7.89078073384033,96
sign_test_og_cel0.2__norm_original_radius,new_cel_removed_chunk_6,34,KR,3.5442619460324445,96
sign_test_og_cel0.2__norm_original_radius,new_cel_removed_chunk_6,34,MC,4.379141761610906,96
sign_test_og_cel0.2__norm_original_radius,new_cel_removed_chunk_6,34,cosine_similarity,0.39141835272312164,96
sign_test_og_cel0.2__norm_original_radius,new_cel_removed_chunk_6,34,kl_to_gaussian,1.1739684703756503,96
sign_test_og_cel0.2__norm_original_radius,new_cel_removed_chunk_6,34,wt_mean,0.000948973305639775,96
sign_test_og_cel0.2__norm_original_radius,new_cel_removed_chunk_7,35,GR,6.263101652264595,96
sign_test_og_cel0.2__norm_original_radius,new_cel_removed_chunk_7,35,IPC,7.661547860616718,96
sign_test_og_cel0.2__norm_original_radius,new_cel_removed_chunk_7,35,KR,3.7981841204067073,96
sign_test_og_cel0.2__norm_original_radius,new_cel_removed_chunk_7,35,MC,4.40706333766381,96
sign_test_og_cel0.2__norm_original_radius,new_cel_removed_chunk_7,35,cosine_similarity,0.42468302696943283,96
sign_test_og_cel0.2__norm_original_radius,new_cel_removed_chunk_7,35,kl_to_gaussian,1.1739684703756503,96
sign_test_og_cel0.2__norm_original_radius,new_cel_removed_chunk_7,35,wt_mean,0.001029621838824775,96
sign_test_og_cel0.2__norm_original_radius,new_cel_removed_chunk_7,36,GR,5.488229459772508,96
sign_test_og_cel0.2__norm_original_radius,new_cel_removed_chunk_7,36,IPC,8.382099919547263,96
sign_test_og_cel0.2__norm_original_radius,new_cel_removed_chunk_7,36,KR,3.280604526400566,96
sign_test_og_cel0.2__norm_original_radius,new_cel_removed_chunk_7,36,MC,4.944616083055735,96
sign_test_og_cel0.2__norm_original_radius,new_cel_removed_chunk_7,36,cosine_similarity,0.3692027330398559,96
sign_test_og_cel0.2__norm_original_radius,new_cel_removed_chunk_7,36,kl_to_gaussian,1.1739684703756503,96
sign_test_og_cel0.2__norm_original_radius,new_cel_removed_chunk_7,36,wt_mean,0.00089511272381055,96
sign_test_og_cel0.2__norm_original_radius,new_cel_removed_chunk_7,37,GR,5.347017619758844,96
sign_test_og_cel0.2__norm_original_radius,new_cel_removed_chunk_7,37,IPC,8.932089890092655,96
sign_test_og_cel0.2__norm_original_radius,new_cel_removed_chunk_7,37,KR,3.3216374491651854,96
sign_test_og_cel0.2__norm_original_radius,new_cel_removed_chunk_7,37,MC,4.9293854758143425,96
sign_test_og_cel0.2__norm_original_radius,new_cel_removed_chunk_7,37,cosine_similarity,0.3890674859285354,96
sign_test_og_cel0.2__norm_original_radius,new_cel_removed_chunk_7,37,kl_to_gaussian,1.1739684703756503,96
sign_test_og_cel0.2__norm_original_radius,new_cel_removed_chunk_7,37,wt_mean,0.0009432738006580001,96
sign_test_og_cel0.2__norm_original_radius,new_cel_removed_chunk_7,38,GR,5.06255654245615,96
sign_test_og_cel0.2__norm_original_radius,new_cel_removed_chunk_7,38,IPC,8.367656469107816,96
sign_test_og_cel0.2__norm_original_radius,new_cel_removed_chunk_7,38,KR,3.1694505463043847,96
sign_test_og_cel0.2__norm_original_radius,new_cel_removed_chunk_7,38,MC,4.732786886394024,96
sign_test_og_cel0.2__norm_original_radius,new_cel_removed_chunk_7,38,cosine_similarity,0.3770781010389328,96
sign_test_og_cel0.2__norm_original_radius,new_cel_removed_chunk_7,38,kl_to_gaussian,1.1739684703756503,96
sign_test_og_cel0.2__norm_original_radius,new_cel_removed_chunk_7,38,wt_mean,0.0009142061753663501,96
sign_test_og_cel0.2__norm_original_radius,new_cel_removed_chunk_7,39,GR,5.827928299705188,96
sign_test_og_cel0.2__norm_original_radius,new_cel_removed_chunk_7,39,IPC,8.180051073752868,96
sign_test_og_cel0.2__norm_original_radius,new_cel_removed_chunk_7,39,KR,3.449162340412537,96
sign_test_og_cel0.2__norm_original_radius,new_cel_removed_chunk_7,39,MC,4.557706067959468,96
sign_test_og_cel0.2__norm_original_radius,new_cel_removed_chunk_7,39,cosine_similarity,0.3757851272821426,96
sign_test_og_cel0.2__norm_original_radius,new_cel_removed_chunk_7,39,kl_to_gaussian,1.1739684703756503,96
sign_test_og_cel0.2__norm_original_radius,new_cel_removed_chunk_7,39,wt_mean,0.0009110713435802,96
sign_test_og_cel0.2__norm_original_radius,new_cel_removed_chunk_8,40,GR,5.597586862742901,96
sign_test_og_cel0.2__norm_original_radius,new_cel_removed_chunk_8,40,IPC,7.495933929607627,96
sign_test_og_cel0.2__norm_original_radius,new_cel_removed_chunk_8,40,KR,3.373587843030691,96
sign_test_og_cel0.2__norm_original_radius,new_cel_removed_chunk_8,40,MC,4.168821822851896,96
sign_test_og_cel0.2__norm_original_radius,new_cel_removed_chunk_8,40,cosine_similarity,0.3721412867307663,96
sign_test_og_cel0.2__norm_original_radius,new_cel_removed_chunk_8,40,kl_to_gaussian,1.1739684703756503,96
sign_test_og_cel0.2__norm_original_radius,new_cel_removed_chunk_8,40,wt_mean,0.00090223715233145,96
sign_test_og_cel0.2__norm_original_radius,new_cel_removed_chunk_8,41,GR,5.780129190534353,96
sign_test_og_cel0.2__norm_original_radius,new_cel_removed_chunk_8,41,IPC,8.246176269179943,96
sign_test_og_cel0.2__norm_original_radius,new_cel_removed_chunk_8,41,KR,3.3832727236052356,96
sign_test_og_cel0.2__norm_original_radius,new_cel_removed_chunk_8,41,MC,4.3777433807651205,96
sign_test_og_cel0.2__norm_original_radius,new_cel_removed_chunk_8,41,cosine_similarity,0.3609747067093849,96
sign_test_og_cel0.2__norm_original_radius,new_cel_removed_chunk_8,41,kl_to_gaussian,1.1739684703756503,96
sign_test_og_cel0.2__norm_original_radius,new_cel_removed_chunk_8,41,wt_mean,0.0008751642890274,96
sign_test_og_cel0.2__norm_original_radius,new_cel_removed_chunk_8,42,GR,5.4828433853884535,96
sign_test_og_cel0.2__norm_original_radius,new_cel_removed_chunk_8,42,IPC,8.610129172008863,96
sign_test_og_cel0.2__norm_original_radius,new_cel_removed_chunk_8,42,KR,3.315611602117618,96
sign_test_og_cel0.2__norm_original_radius,new_cel_removed_chunk_8,42,MC,4.9614296567936735,96
sign_test_og_cel0.2__norm_original_radius,new_cel_removed_chunk_8,42,cosine_similarity,0.4014095216989517,96
sign_test_og_cel0.2__norm_original_radius,new_cel_removed_chunk_8,42,kl_to_gaussian,1.1739684703756503,96
sign_test_og_cel0.2__norm_original_radius,new_cel_removed_chunk_8,42,wt_mean,0.00097319638007315,96
sign_test_og_cel0.2__norm_original_radius,new_cel_removed_chunk_8,43,GR,6.020470483849446,96
sign_test_og_cel0.2__norm_original_radius,new_cel_removed_chunk_8,43,IPC,7.975990525124282,96
sign_test_og_cel0.2__norm_original_radius,new_cel_removed_chunk_8,43,KR,3.612214765201012,96
sign_test_og_cel0.2__norm_original_radius,new_cel_removed_chunk_8,43,MC,4.598585991809766,96
sign_test_og_cel0.2__norm_original_radius,new_cel_removed_chunk_8,43,cosine_similarity,0.3891850411891937,96
sign_test_og_cel0.2__norm_original_radius,new_cel_removed_chunk_8,43,kl_to_gaussian,1.1739684703756503,96
sign_test_og_cel0.2__norm_original_radius,new_cel_removed_chunk_8,43,wt_mean,0.000943558756262025,96
sign_test_og_cel0.2__norm_original_radius,new_cel_removed_chunk_8,44,GR,5.389827530831099,96
sign_test_og_cel0.2__norm_original_radius,new_cel_removed_chunk_8,44,IPC,8.47837207784618,96
sign_test_og_cel0.2__norm_original_radius,new_cel_removed_chunk_8,44,KR,3.2538776074846587,96
sign_test_og_cel0.2__norm_original_radius,new_cel_removed_chunk_8,44,MC,4.688629038631916,96
sign_test_og_cel0.2__norm_original_radius,new_cel_removed_chunk_8,44,cosine_similarity,0.3809570297598839,96
sign_test_og_cel0.2__norm_original_radius,new_cel_removed_chunk_8,44,kl_to_gaussian,1.1739684703756503,96
sign_test_og_cel0.2__norm_original_radius,new_cel_removed_chunk_8,44,wt_mean,0.0009236103651346,96
sign_test_og_cel0.2__norm_original_radius,new_cel_removed_chunk_9,45,GR,5.366724851230781,96
sign_test_og_cel0.2__norm_original_radius,new_cel_removed_chunk_9,45,IPC,8.011167582299352,96
sign_test_og_cel0.2__norm_original_radius,new_cel_removed_chunk_9,45,KR,3.2640109695494175,96
sign_test_og_cel0.2__norm_original_radius,new_cel_removed_chunk_9,45,MC,4.556936666369438,96
sign_test_og_cel0.2__norm_original_radius,new_cel_removed_chunk_9,45,cosine_similarity,0.39553236216306686,96
sign_test_og_cel0.2__norm_original_radius,new_cel_removed_chunk_9,45,kl_to_gaussian,1.1739684703756503,96
sign_test_og_cel0.2__norm_original_radius,new_cel_removed_chunk_9,45,wt_mean,0.0009589475230313251,96
sign_test_og_cel0.2__norm_original_radius,new_cel_removed_chunk_9,46,GR,6.1913132059077425,96
sign_test_og_cel0.2__norm_original_radius,new_cel_removed_chunk_9,46,IPC,7.310040512386807,96
sign_test_og_cel0.2__norm_original_radius,new_cel_removed_chunk_9,46,KR,3.7365809455513954,96
sign_test_og_cel0.2__norm_original_radius,new_cel_removed_chunk_9,46,MC,4.2489142045378685,96
sign_test_og_cel0.2__norm_original_radius,new_cel_removed_chunk_9,46,cosine_similarity,0.3686150088906288,96
sign_test_og_cel0.2__norm_original_radius,new_cel_removed_chunk_9,46,kl_to_gaussian,1.1739684703756503,96
sign_test_og_cel0.2__norm_original_radius,new_cel_removed_chunk_9,46,wt_mean,0.0008936878002714,96
sign_test_og_cel0.2__norm_original_radius,new_cel_removed_chunk_9,47,GR,5.158336115380128,96
sign_test_og_cel0.2__norm_original_radius,new_cel_removed_chunk_9,47,IPC,7.621419195662702,96
sign_test_og_cel0.2__norm_original_radius,new_cel_removed_chunk_9,47,KR,3.1308385965724788,96
sign_test_og_cel0.2__norm_original_radius,new_cel_removed_chunk_9,47,MC,4.100319235275189,96
sign_test_og_cel0.2__norm_original_radius,new_cel_removed_chunk_9,47,cosine_similarity,0.3922411650419235,96
sign_test_og_cel0.2__norm_original_radius,new_cel_removed_chunk_9,47,kl_to_gaussian,1.1739684703756503,96
sign_test_og_cel0.2__norm_original_radius,new_cel_removed_chunk_9,47,wt_mean,0.000950968140386925,96
sign_test_og_cel0.2__norm_original_radius,new_cel_removed_chunk_9,48,GR,5.799473584940036,96
sign_test_og_cel0.2__norm_original_radius,new_cel_removed_chunk_9,48,IPC,8.437521784151146,96
sign_test_og_cel0.2__norm_original_radius,new_cel_removed_chunk_9,48,KR,3.542967231323322,96
sign_test_og_cel0.2__norm_original_radius,new_cel_removed_chunk_9,48,MC,4.413394299646218,96
sign_test_og_cel0.2__norm_original_radius,new_cel_removed_chunk_9,48,cosine_similarity,0.36379574239254,96
sign_test_og_cel0.2__norm_original_radius,new_cel_removed_chunk_9,48,kl_to_gaussian,1.1739684703756503,96
sign_test_og_cel0.2__norm_original_radius,new_cel_removed_chunk_9,48,wt_mean,0.000882003718288575,96
sign_test_og_cel0.2__norm_original_radius,new_cel_removed_chunk_9,49,GR,5.515304288516442,96
sign_test_og_cel0.2__norm_original_radius,new_cel_removed_chunk_9,49,IPC,7.842011169959331,96
sign_test_og_cel0.2__norm_original_radius,new_cel_removed_chunk_9,49,KR,3.3361756143470607,96
sign_test_og_cel0.2__norm_original_radius,new_cel_removed_chunk_9,49,MC,4.332442929347356,96
sign_test_og_cel0.2__norm_original_radius,new_cel_removed_chunk_9,49,cosine_similarity,0.39400430768728256,96
sign_test_og_cel0.2__norm_original_radius,new_cel_removed_chunk_9,49,kl_to_gaussian,1.1739684703756503,96
sign_test_og_cel0.2__norm_original_radius,new_cel_removed_chunk_9,49,wt_mean,0.000955242823692925,96
sign_test_og_cel0.2__norm_spectral_radius,new_cel_removed_chunk_0,0,GR,9.32585404564937,96
sign_test_og_cel0.2__norm_spectral_radius,new_cel_removed_chunk_0,0,IPC,9.345278265046419,96
sign_test_og_cel0.2__norm_spectral_radius,new_cel_removed_chunk_0,0,KR,5.351076121131579,96
sign_test_og_cel0.2__norm_spectral_radius,new_cel_removed_chunk_0,0,MC,5.388620021442573,96
sign_test_og_cel0.2__norm_spectral_radius,new_cel_removed_chunk_0,0,cosine_similarity,0.37190619111061096,96
sign_test_og_cel0.2__norm_spectral_radius,new_cel_removed_chunk_0,0,kl_to_gaussian,1.1739684749992767,96
sign_test_og_cel0.2__norm_spectral_radius,new_cel_removed_chunk_0,0,wt_mean,0.001259866461623425,96
sign_test_og_cel0.2__norm_spectral_radius,new_cel_removed_chunk_0,1,GR,8.321490402022997,96
sign_test_og_cel0.2__norm_spectral_radius,new_cel_removed_chunk_0,1,IPC,8.876275532611594,96
sign_test_og_cel0.2__norm_spectral_radius,new_cel_removed_chunk_0,1,KR,4.860679596662521,96
sign_test_og_cel0.2__norm_spectral_radius,new_cel_removed_chunk_0,1,MC,4.805590422203143,96
sign_test_og_cel0.2__norm_spectral_radius,new_cel_removed_chunk_0,1,cosine_similarity,0.3964726850390434,96
sign_test_og_cel0.2__norm_spectral_radius,new_cel_removed_chunk_0,1,kl_to_gaussian,1.1739684604067528,96
sign_test_og_cel0.2__norm_spectral_radius,new_cel_removed_chunk_0,1,wt_mean,0.001260473174625025,96
sign_test_og_cel0.2__norm_spectral_radius,new_cel_removed_chunk_0,2,GR,8.736264670888582,96
sign_test_og_cel0.2__norm_spectral_radius,new_cel_removed_chunk_0,2,IPC,8.703935392246251,96
sign_test_og_cel0.2__norm_spectral_radius,new_cel_removed_chunk_0,2,KR,4.903169294198354,96
sign_test_og_cel0.2__norm_spectral_radius,new_cel_removed_chunk_0,2,MC,5.199540751675765,96
sign_test_og_cel0.2__norm_spectral_radius,new_cel_removed_chunk_0,2,cosine_similarity,0.38777451962232584,96
sign_test_og_cel0.2__norm_spectral_radius,new_cel_removed_chunk_0,2,kl_to_gaussian,1.1739684745128331,96
sign_test_og_cel0.2__norm_spectral_radius,new_cel_removed_chunk_0,2,wt_mean,0.0012956093996763002,96
sign_test_og_cel0.2__norm_spectral_radius,new_cel_removed_chunk_0,3,GR,6.740727081894875,96
sign_test_og_cel0.2__norm_spectral_radius,new_cel_removed_chunk_0,3,IPC,8.533920788975873,96
sign_test_og_cel0.2__norm_spectral_radius,new_cel_removed_chunk_0,3,KR,3.7467299985388913,96
sign_test_og_cel0.2__norm_spectral_radius,new_cel_removed_chunk_0,3,MC,4.765465221057336,96
sign_test_og_cel0.2__norm_spectral_radius,new_cel_removed_chunk_0,3,cosine_similarity,0.3943569287657738,96
sign_test_og_cel0.2__norm_spectral_radius,new_cel_removed_chunk_0,3,kl_to_gaussian,1.1739684767263114,96
sign_test_og_cel0.2__norm_spectral_radius,new_cel_removed_chunk_0,3,wt_mean,0.000992589790257575,96
sign_test_og_cel0.2__norm_spectral_radius,new_cel_removed_chunk_0,4,GR,9.584940445919832,96
sign_test_og_cel0.2__norm_spectral_radius,new_cel_removed_chunk_0,4,IPC,8.999854196986579,96
sign_test_og_cel0.2__norm_spectral_radius,new_cel_removed_chunk_0,4,KR,5.261091187596321,96
sign_test_og_cel0.2__norm_spectral_radius,new_cel_removed_chunk_0,4,MC,4.9179150859514875,96
sign_test_og_cel0.2__norm_spectral_radius,new_cel_removed_chunk_0,4,cosine_similarity,0.3527466803789139,96
sign_test_og_cel0.2__norm_spectral_radius,new_cel_removed_chunk_0,4,kl_to_gaussian,1.1739684851902796,96
sign_test_og_cel0.2__norm_spectral_radius,new_cel_removed_chunk_0,4,wt_mean,0.00132974801817905,96
sign_test_og_cel0.2__norm_spectral_radius,new_cel_removed_chunk_1,5,GR,17.5416942636172,96
sign_test_og_cel0.2__norm_spectral_radius,new_cel_removed_chunk_1,5,IPC,11.751739728424111,96
sign_test_og_cel0.2__norm_spectral_radius,new_cel_removed_chunk_1,5,KR,10.061184552808603,96
sign_test_og_cel0.2__norm_spectral_radius,new_cel_removed_chunk_1,5,MC,7.053710261980693,96
sign_test_og_cel0.2__norm_spectral_radius,new_cel_removed_chunk_1,5,cosine_similarity,0.3831903338432312,96
sign_test_og_cel0.2__norm_spectral_radius,new_cel_removed_chunk_1,5,kl_to_gaussian,1.1739684825788355,96
sign_test_og_cel0.2__norm_spectral_radius,new_cel_removed_chunk_1,5,wt_mean,0.002228705881861925,96
sign_test_og_cel0.2__norm_spectral_radius,new_cel_removed_chunk_1,6,GR,7.263422598441442,96
sign_test_og_cel0.2__norm_spectral_radius,new_cel_removed_chunk_1,6,IPC,8.804814358912067,96
sign_test_og_cel0.2__norm_spectral_radius,new_cel_removed_chunk_1,6,KR,4.3440328774352865,96
sign_test_og_cel0.2__norm_spectral_radius,new_cel_removed_chunk_1,6,MC,4.97309688727061,96
sign_test_og_cel0.2__norm_spectral_radius,new_cel_removed_chunk_1,6,cosine_similarity,0.4124585688114166,96
sign_test_og_cel0.2__norm_spectral_radius,new_cel_removed_chunk_1,6,kl_to_gaussian,1.1739684177520309,96
sign_test_og_cel0.2__norm_spectral_radius,new_cel_removed_chunk_1,6,wt_mean,0.001201241102535225,96
sign_test_og_cel0.2__norm_spectral_radius,new_cel_removed_chunk_1,7,GR,11.816168228785196,96
sign_test_og_cel0.2__norm_spectral_radius,new_cel_removed_chunk_1,7,IPC,9.99687743413895,96
sign_test_og_cel0.2__norm_spectral_radius,new_cel_removed_chunk_1,7,KR,6.275374032557011,96
sign_test_og_cel0.2__norm_spectral_radius,new_cel_removed_chunk_1,7,MC,5.820085709293683,96
sign_test_og_cel0.2__norm_spectral_radius,new_cel_removed_chunk_1,7,cosine_similarity,0.37413953244686127,96
sign_test_og_cel0.2__norm_spectral_radius,new_cel_removed_chunk_1,7,kl_to_gaussian,1.173968562281343,96
sign_test_og_cel0.2__norm_spectral_radius,new_cel_removed_chunk_1,7,wt_mean,0.001666677067987575,96
sign_test_og_cel0.2__norm_spectral_radius,new_cel_removed_chunk_1,8,GR,10.414602274696032,96
sign_test_og_cel0.2__norm_spectral_radius,new_cel_removed_chunk_1,8,IPC,9.392994433488058,96
sign_test_og_cel0.2__norm_spectral_radius,new_cel_removed_chunk_1,8,KR,5.545035657783349,96
sign_test_og_cel0.2__norm_spectral_radius,new_cel_removed_chunk_1,8,MC,5.106649023791154,96
sign_test_og_cel0.2__norm_spectral_radius,new_cel_removed_chunk_1,8,cosine_similarity,0.3714360371232033,96
sign_test_og_cel0.2__norm_spectral_radius,new_cel_removed_chunk_1,8,kl_to_gaussian,1.173968445684142,96
sign_test_og_cel0.2__norm_spectral_radius,new_cel_removed_chunk_1,8,wt_mean,0.001391704281559175,96
sign_test_og_cel0.2__norm_spectral_radius,new_cel_removed_chunk_1,9,GR,9.013208503524462,96
sign_test_og_cel0.2__norm_spectral_radius,new_cel_removed_chunk_1,9,IPC,9.169391021942749,96
sign_test_og_cel0.2__norm_spectral_radius,new_cel_removed_chunk_1,9,KR,5.043498319884141,96
sign_test_og_cel0.2__norm_spectral_radius,new_cel_removed_chunk_1,9,MC,4.9134180173277855,96
sign_test_og_cel0.2__norm_spectral_radius,new_cel_removed_chunk_1,9,cosine_similarity,0.39106573164463043,96
sign_test_og_cel0.2__norm_spectral_radius,new_cel_removed_chunk_1,9,kl_to_gaussian,1.1739686254217505,96
sign_test_og_cel0.2__norm_spectral_radius,new_cel_removed_chunk_1,9,wt_mean,0.0014345571980810998,96
sign_test_og_cel0.2__norm_spectral_radius,new_cel_removed_chunk_10,50,GR,7.864675822357337,96
sign_test_og_cel0.2__norm_spectral_radius,new_cel_removed_chunk_10,50,IPC,9.32738222173781,96
sign_test_og_cel0.2__norm_spectral_radius,new_cel_removed_chunk_10,50,KR,4.75673729677995,96
sign_test_og_cel0.2__norm_spectral_radius,new_cel_removed_chunk_10,50,MC,5.364652822415034,96
sign_test_og_cel0.2__norm_spectral_radius,new_cel_removed_chunk_10,50,cosine_similarity,0.3628554120659828,96
sign_test_og_cel0.2__norm_spectral_radius,new_cel_removed_chunk_10,50,kl_to_gaussian,1.1739684756344713,96
sign_test_og_cel0.2__norm_spectral_radius,new_cel_removed_chunk_10,50,wt_mean,0.0011946345766772751,96
sign_test_og_cel0.2__norm_spectral_radius,new_cel_removed_chunk_10,51,GR,9.652795930703482,96
sign_test_og_cel0.2__norm_spectral_radius,new_cel_removed_chunk_10,51,IPC,8.992171195730286,96
sign_test_og_cel0.2__norm_spectral_radius,new_cel_removed_chunk_10,51,KR,5.613437267641227,96
sign_test_og_cel0.2__norm_spectral_radius,new_cel_removed_chunk_10,51,MC,5.2649837012092275,96
sign_test_og_cel0.2__norm_spectral_radius,new_cel_removed_chunk_10,51,cosine_similarity,0.3835429549217224,96
sign_test_og_cel0.2__norm_spectral_radius,new_cel_removed_chunk_10,51,kl_to_gaussian,1.1739685235396824,96
sign_test_og_cel0.2__norm_spectral_radius,new_cel_removed_chunk_10,51,wt_mean,0.0013094841560814,96
sign_test_og_cel0.2__norm_spectral_radius,new_cel_removed_chunk_10,52,GR,9.028461573024591,96
sign_test_og_cel0.2__norm_spectral_radius,new_cel_removed_chunk_10,52,IPC,9.886386463287357,96
sign_test_og_cel0.2__norm_spectral_radius,new_cel_removed_chunk_10,52,KR,5.2351960465312,96
sign_test_og_cel0.2__norm_spectral_radius,new_cel_removed_chunk_10,52,MC,5.9767678653200464,96
sign_test_og_cel0.2__norm_spectral_radius,new_cel_removed_chunk_10,52,cosine_similarity,0.3771956264972687,96
sign_test_og_cel0.2__norm_spectral_radius,new_cel_removed_chunk_10,52,kl_to_gaussian,1.1739684859452668,96
sign_test_og_cel0.2__norm_spectral_radius,new_cel_removed_chunk_10,52,wt_mean,0.00136050173023245,96
sign_test_og_cel0.2__norm_spectral_radius,new_cel_removed_chunk_10,53,GR,8.75912015636762,96
sign_test_og_cel0.2__norm_spectral_radius,new_cel_removed_chunk_10,53,IPC,8.52066841575955,96
sign_test_og_cel0.2__norm_spectral_radius,new_cel_removed_chunk_10,53,KR,5.076631945868333,96
sign_test_og_cel0.2__norm_spectral_radius,new_cel_removed_chunk_10,53,MC,4.979204870760441,96
sign_test_og_cel0.2__norm_spectral_radius,new_cel_removed_chunk_10,53,cosine_similarity,0.385893851518631,96
sign_test_og_cel0.2__norm_spectral_radius,new_cel_removed_chunk_10,53,kl_to_gaussian,1.1739684543387654,96
sign_test_og_cel0.2__norm_spectral_radius,new_cel_removed_chunk_10,53,wt_mean,0.00124877679627385,96
sign_test_og_cel0.2__norm_spectral_radius,new_cel_removed_chunk_10,54,GR,6.903351320574681,96
sign_test_og_cel0.2__norm_spectral_radius,new_cel_removed_chunk_10,54,IPC,8.75832995882146,96
sign_test_og_cel0.2__norm_spectral_radius,new_cel_removed_chunk_10,54,KR,4.083569385111332,96
sign_test_og_cel0.2__norm_spectral_radius,new_cel_removed_chunk_10,54,MC,5.194767743349075,96
sign_test_og_cel0.2__norm_spectral_radius,new_cel_removed_chunk_10,54,cosine_similarity,0.40470071882009506,96
sign_test_og_cel0.2__norm_spectral_radius,new_cel_removed_chunk_10,54,kl_to_gaussian,1.17396848700371,96
sign_test_og_cel0.2__norm_spectral_radius,new_cel_removed_chunk_10,54,wt_mean,0.0013322773156687,96
sign_test_og_cel0.2__norm_spectral_radius,new_cel_removed_chunk_11,55,GR,15.383410769204298,96
sign_test_og_cel0.2__norm_spectral_radius,new_cel_removed_chunk_11,55,IPC,9.955134855402092,96
sign_test_og_cel0.2__norm_spectral_radius,new_cel_removed_chunk_11,55,KR,8.263239194949469,96
sign_test_og_cel0.2__norm_spectral_radius,new_cel_removed_chunk_11,55,MC,5.90591140712301,96
sign_test_og_cel0.2__norm_spectral_radius,new_cel_removed_chunk_11,55,cosine_similarity,0.3931815102696419,96
sign_test_og_cel0.2__norm_spectral_radius,new_cel_removed_chunk_11,55,kl_to_gaussian,1.1739685359732588,96
sign_test_og_cel0.2__norm_spectral_radius,new_cel_removed_chunk_11,55,wt_mean,0.001854034664574975,96
sign_test_og_cel0.2__norm_spectral_radius,new_cel_removed_chunk_11,56,GR,8.821919838587442,96
sign_test_og_cel0.2__norm_spectral_radius,new_cel_removed_chunk_11,56,IPC,8.805247908061018,96
sign_test_og_cel0.2__norm_spectral_radius,new_cel_removed_chunk_11,56,KR,5.268537551164627,96
sign_test_og_cel0.2__norm_spectral_radius,new_cel_removed_chunk_11,56,MC,5.05368284881115,96
sign_test_og_cel0.2__norm_spectral_radius,new_cel_removed_chunk_11,56,cosine_similarity,0.38977275788784027,96
sign_test_og_cel0.2__norm_spectral_radius,new_cel_removed_chunk_11,56,kl_to_gaussian,1.1739685163412716,96
sign_test_og_cel0.2__norm_spectral_radius,new_cel_removed_chunk_11,56,wt_mean,0.00122333863691885,96
sign_test_og_cel0.2__norm_spectral_radius,new_cel_removed_chunk_11,57,GR,8.336932063102722,96
sign_test_og_cel0.2__norm_spectral_radius,new_cel_removed_chunk_11,57,IPC,8.88368440876235,96
sign_test_og_cel0.2__norm_spectral_radius,new_cel_removed_chunk_11,57,KR,4.680255660166343,96
sign_test_og_cel0.2__norm_spectral_radius,new_cel_removed_chunk_11,57,MC,4.979191293319066,96
sign_test_og_cel0.2__norm_spectral_radius,new_cel_removed_chunk_11,57,cosine_similarity,0.3751974031329155,96
sign_test_og_cel0.2__norm_spectral_radius,new_cel_removed_chunk_11,57,kl_to_gaussian,1.1739684481115302,96
sign_test_og_cel0.2__norm_spectral_radius,new_cel_removed_chunk_11,57,wt_mean,0.001226733773364625,96
sign_test_og_cel0.2__norm_spectral_radius,new_cel_removed_chunk_11,58,GR,13.90731206536293,96
sign_test_og_cel0.2__norm_spectral_radius,new_cel_removed_chunk_11,58,IPC,9.005797376373279,96
sign_test_og_cel0.2__norm_spectral_radius,new_cel_removed_chunk_11,58,KR,7.343330949544907,96
sign_test_og_cel0.2__norm_spectral_radius,new_cel_removed_chunk_11,58,MC,5.133185780296723,96
sign_test_og_cel0.2__norm_spectral_radius,new_cel_removed_chunk_11,58,cosine_similarity,0.4115181937813759,96
sign_test_og_cel0.2__norm_spectral_radius,new_cel_removed_chunk_11,58,kl_to_gaussian,1.1739685198920349,96
sign_test_og_cel0.2__norm_spectral_radius,new_cel_removed_chunk_11,58,wt_mean,0.0017553322832099501,96
sign_test_og_cel0.2__norm_spectral_radius,new_cel_removed_chunk_11,59,GR,9.799401640892029,96
sign_test_og_cel0.2__norm_spectral_radius,new_cel_removed_chunk_11,59,IPC,9.489287772631368,96
sign_test_og_cel0.2__norm_spectral_radius,new_cel_removed_chunk_11,59,KR,5.625611712535222,96
sign_test_og_cel0.2__norm_spectral_radius,new_cel_removed_chunk_11,59,MC,5.311477313439052,96
sign_test_og_cel0.2__norm_spectral_radius,new_cel_removed_chunk_11,59,cosine_similarity,0.37884126603603363,96
sign_test_og_cel0.2__norm_spectral_radius,new_cel_removed_chunk_11,59,kl_to_gaussian,1.173968587061794,96
sign_test_og_cel0.2__norm_spectral_radius,new_cel_removed_chunk_11,59,wt_mean,0.00137039064429695,96
sign_test_og_cel0.2__norm_spectral_radius,new_cel_removed_chunk_12,60,GR,10.69739713271459,96
sign_test_og_cel0.2__norm_spectral_radius,new_cel_removed_chunk_12,60,IPC,9.011747267285116,96
sign_test_og_cel0.2__norm_spectral_radius,new_cel_removed_chunk_12,60,KR,6.127555424968402,96
sign_test_og_cel0.2__norm_spectral_radius,new_cel_removed_chunk_12,60,MC,4.9866009367009,96
sign_test_og_cel0.2__norm_spectral_radius,new_cel_removed_chunk_12,60,cosine_similarity,0.382485069334507,96
sign_test_og_cel0.2__norm_spectral_radius,new_cel_removed_chunk_12,60,kl_to_gaussian,1.1739684148105156,96
sign_test_og_cel0.2__norm_spectral_radius,new_cel_removed_chunk_12,60,wt_mean,0.001405552175128775,96
sign_test_og_cel0.2__norm_spectral_radius,new_cel_removed_chunk_12,61,GR,6.6647007415692014,96
sign_test_og_cel0.2__norm_spectral_radius,new_cel_removed_chunk_12,61,IPC,8.922440500842942,96
sign_test_og_cel0.2__norm_spectral_radius,new_cel_removed_chunk_12,61,KR,3.8948257801433406,96
sign_test_og_cel0.2__norm_spectral_radius,new_cel_removed_chunk_12,61,MC,4.736610149343808,96
sign_test_og_cel0.2__norm_spectral_radius,new_cel_removed_chunk_12,61,cosine_similarity,0.38530610501766205,96
sign_test_og_cel0.2__norm_spectral_radius,new_cel_removed_chunk_12,61,kl_to_gaussian,1.1739684512514466,96
sign_test_og_cel0.2__norm_spectral_radius,new_cel_removed_chunk_12,61,wt_mean,0.001021358257275975,96
sign_test_og_cel0.2__norm_spectral_radius,new_cel_removed_chunk_12,62,GR,12.704086758196354,96
sign_test_og_cel0.2__norm_spectral_radius,new_cel_removed_chunk_12,62,IPC,9.848835701164871,96
sign_test_og_cel0.2__norm_spectral_radius,new_cel_removed_chunk_12,62,KR,7.154458741346995,96
sign_test_og_cel0.2__norm_spectral_radius,new_cel_removed_chunk_12,62,MC,5.897447531421979,96
sign_test_og_cel0.2__norm_spectral_radius,new_cel_removed_chunk_12,62,cosine_similarity,0.3749623224139213,96
sign_test_og_cel0.2__norm_spectral_radius,new_cel_removed_chunk_12,62,kl_to_gaussian,1.1739686063648092,96
sign_test_og_cel0.2__norm_spectral_radius,new_cel_removed_chunk_12,62,wt_mean,0.0016839945747051,96
sign_test_og_cel0.2__norm_spectral_radius,new_cel_removed_chunk_12,63,GR,7.627415582537651,96
sign_test_og_cel0.2__norm_spectral_radius,new_cel_removed_chunk_12,63,IPC,8.683829224511223,96
sign_test_og_cel0.2__norm_spectral_radius,new_cel_removed_chunk_12,63,KR,4.474982452889283,96
sign_test_og_cel0.2__norm_spectral_radius,new_cel_removed_chunk_12,63,MC,4.944965578615665,96
sign_test_og_cel0.2__norm_spectral_radius,new_cel_removed_chunk_12,63,cosine_similarity,0.3813096582889557,96
sign_test_og_cel0.2__norm_spectral_radius,new_cel_removed_chunk_12,63,kl_to_gaussian,1.173968481156536,96
sign_test_og_cel0.2__norm_spectral_radius,new_cel_removed_chunk_12,63,wt_mean,0.0010757868585642,96
sign_test_og_cel0.2__norm_spectral_radius,new_cel_removed_chunk_12,64,GR,6.750652541716893,96
sign_test_og_cel0.2__norm_spectral_radius,new_cel_removed_chunk_12,64,IPC,8.158333243758943,96
sign_test_og_cel0.2__norm_spectral_radius,new_cel_removed_chunk_12,64,KR,4.033695546289285,96
sign_test_og_cel0.2__norm_spectral_radius,new_cel_removed_chunk_12,64,MC,4.469931987424691,96
sign_test_og_cel0.2__norm_spectral_radius,new_cel_removed_chunk_12,64,cosine_similarity,0.3855412006378174,96
sign_test_og_cel0.2__norm_spectral_radius,new_cel_removed_chunk_12,64,kl_to_gaussian,1.1739685504216921,96
sign_test_og_cel0.2__norm_spectral_radius,new_cel_removed_chunk_12,64,wt_mean,0.00101682219246865,96
sign_test_og_cel0.2__norm_spectral_radius,new_cel_removed_chunk_13,65,GR,8.343986690044403,96
sign_test_og_cel0.2__norm_spectral_radius,new_cel_removed_chunk_13,65,IPC,8.73209011395081,96
sign_test_og_cel0.2__norm_spectral_radius,new_cel_removed_chunk_13,65,KR,4.762375680108865,96
sign_test_og_cel0.2__norm_spectral_radius,new_cel_removed_chunk_13,65,MC,4.851399668802817,96
sign_test_og_cel0.2__norm_spectral_radius,new_cel_removed_chunk_13,65,cosine_similarity,0.40176214277744293,96
sign_test_og_cel0.2__norm_spectral_radius,new_cel_removed_chunk_13,65,kl_to_gaussian,1.1739686074071267,96
sign_test_og_cel0.2__norm_spectral_radius,new_cel_removed_chunk_13,65,wt_mean,0.001331348918029075,96
sign_test_og_cel0.2__norm_spectral_radius,new_cel_removed_chunk_13,66,GR,9.029039191703001,96
sign_test_og_cel0.2__norm_spectral_radius,new_cel_removed_chunk_13,66,IPC,9.328984513493117,96
sign_test_og_cel0.2__norm_spectral_radius,new_cel_removed_chunk_13,66,KR,5.362361227472623,96
sign_test_og_cel0.2__norm_spectral_radius,new_cel_removed_chunk_13,66,MC,5.553911407788594,96
sign_test_og_cel0.2__norm_spectral_radius,new_cel_removed_chunk_13,66,cosine_similarity,0.4156322330236435,96
sign_test_og_cel0.2__norm_spectral_radius,new_cel_removed_chunk_13,66,kl_to_gaussian,1.1739684119032003,96
sign_test_og_cel0.2__norm_spectral_radius,new_cel_removed_chunk_13,66,wt_mean,0.00148286865442055,96
sign_test_og_cel0.2__norm_spectral_radius,new_cel_removed_chunk_13,67,GR,8.556590187052885,96
sign_test_og_cel0.2__norm_spectral_radius,new_cel_removed_chunk_13,67,IPC,8.547994625943277,96
sign_test_og_cel0.2__norm_spectral_radius,new_cel_removed_chunk_13,67,KR,4.964270477493604,96
sign_test_og_cel0.2__norm_spectral_radius,new_cel_removed_chunk_13,67,MC,5.113093975931406,96
sign_test_og_cel0.2__norm_spectral_radius,new_cel_removed_chunk_13,67,cosine_similarity,0.3485151529312134,96
sign_test_og_cel0.2__norm_spectral_radius,new_cel_removed_chunk_13,67,kl_to_gaussian,1.173968453712513,96
sign_test_og_cel0.2__norm_spectral_radius,new_cel_removed_chunk_13,67,wt_mean,0.0011260622995905,96
sign_test_og_cel0.2__norm_spectral_radius,new_cel_removed_chunk_13,68,GR,13.632568073769411,96
sign_test_og_cel0.2__norm_spectral_radius,new_cel_removed_chunk_13,68,IPC,9.910614588106755,96
sign_test_og_cel0.2__norm_spectral_radius,new_cel_removed_chunk_13,68,KR,7.39936958750089,96
sign_test_og_cel0.2__norm_spectral_radius,new_cel_removed_chunk_13,68,MC,5.917432482043902,96
sign_test_og_cel0.2__norm_spectral_radius,new_cel_removed_chunk_13,68,cosine_similarity,0.3870692551136017,96
sign_test_og_cel0.2__norm_spectral_radius,new_cel_removed_chunk_13,68,kl_to_gaussian,1.173968566743045,96
sign_test_og_cel0.2__norm_spectral_radius,new_cel_removed_chunk_13,68,wt_mean,0.0017438462818972248,96
sign_test_og_cel0.2__norm_spectral_radius,new_cel_removed_chunk_13,69,GR,8.995117252071699,96
sign_test_og_cel0.2__norm_spectral_radius,new_cel_removed_chunk_13,69,IPC,8.772273546505103,96
sign_test_og_cel0.2__norm_spectral_radius,new_cel_removed_chunk_13,69,KR,5.024882023533185,96
sign_test_og_cel0.2__norm_spectral_radius,new_cel_removed_chunk_13,69,MC,4.775786869227886,96
sign_test_og_cel0.2__norm_spectral_radius,new_cel_removed_chunk_13,69,cosine_similarity,0.3920060619711876,96
sign_test_og_cel0.2__norm_spectral_radius,new_cel_removed_chunk_13,69,kl_to_gaussian,1.1739685345675184,96
sign_test_og_cel0.2__norm_spectral_radius,new_cel_removed_chunk_13,69,wt_mean,0.0012255901820026,96
sign_test_og_cel0.2__norm_spectral_radius,new_cel_removed_chunk_14,70,GR,14.51601854711771,96
sign_test_og_cel0.2__norm_spectral_radius,new_cel_removed_chunk_14,70,IPC,9.94795187201048,96
sign_test_og_cel0.2__norm_spectral_radius,new_cel_removed_chunk_14,70,KR,7.743596350153287,96
sign_test_og_cel0.2__norm_spectral_radius,new_cel_removed_chunk_14,70,MC,5.672906324267387,96
sign_test_og_cel0.2__norm_spectral_radius,new_cel_removed_chunk_14,70,cosine_similarity,0.36708692461252207,96
sign_test_og_cel0.2__norm_spectral_radius,new_cel_removed_chunk_14,70,kl_to_gaussian,1.1739685681457834,96
sign_test_og_cel0.2__norm_spectral_radius,new_cel_removed_chunk_14,70,wt_mean,0.001850660773925425,96
sign_test_og_cel0.2__norm_spectral_radius,new_cel_removed_chunk_14,71,GR,6.730792349825303,96
sign_test_og_cel0.2__norm_spectral_radius,new_cel_removed_chunk_14,71,IPC,8.686799348092256,96
sign_test_og_cel0.2__norm_spectral_radius,new_cel_removed_chunk_14,71,KR,3.962257944047451,96
sign_test_og_cel0.2__norm_spectral_radius,new_cel_removed_chunk_14,71,MC,4.917520361642043,96
sign_test_og_cel0.2__norm_spectral_radius,new_cel_removed_chunk_14,71,cosine_similarity,0.3964727148413658,96
sign_test_og_cel0.2__norm_spectral_radius,new_cel_removed_chunk_14,71,kl_to_gaussian,1.1739686147119672,96
sign_test_og_cel0.2__norm_spectral_radius,new_cel_removed_chunk_14,71,wt_mean,0.0011852292809635,96
sign_test_og_cel0.2__norm_spectral_radius,new_cel_removed_chunk_14,72,GR,15.175694979727268,96
sign_test_og_cel0.2__norm_spectral_radius,new_cel_removed_chunk_14,72,IPC,11.60337966490153,96
sign_test_og_cel0.2__norm_spectral_radius,new_cel_removed_chunk_14,72,KR,8.492669897774855,96
sign_test_og_cel0.2__norm_spectral_radius,new_cel_removed_chunk_14,72,MC,6.9515557537476225,96
sign_test_og_cel0.2__norm_spectral_radius,new_cel_removed_chunk_14,72,cosine_similarity,0.34628182649612427,96
sign_test_og_cel0.2__norm_spectral_radius,new_cel_removed_chunk_14,72,kl_to_gaussian,1.173968541768278,96
sign_test_og_cel0.2__norm_spectral_radius,new_cel_removed_chunk_14,72,wt_mean,0.00173667972558175,96
sign_test_og_cel0.2__norm_spectral_radius,new_cel_removed_chunk_14,73,GR,6.280110539247592,96
sign_test_og_cel0.2__norm_spectral_radius,new_cel_removed_chunk_14,73,IPC,9.09883551806162,96
sign_test_og_cel0.2__norm_spectral_radius,new_cel_removed_chunk_14,73,KR,3.795902273307244,96
sign_test_og_cel0.2__norm_spectral_radius,new_cel_removed_chunk_14,73,MC,5.040625746051471,96
sign_test_og_cel0.2__norm_spectral_radius,new_cel_removed_chunk_14,73,cosine_similarity,0.36967289447784424,96
sign_test_og_cel0.2__norm_spectral_radius,new_cel_removed_chunk_14,73,kl_to_gaussian,1.173968503724438,96
sign_test_og_cel0.2__norm_spectral_radius,new_cel_removed_chunk_14,73,wt_mean,0.0011095338995801,96
sign_test_og_cel0.2__norm_spectral_radius,new_cel_removed_chunk_14,74,GR,11.063200019299984,96
sign_test_og_cel0.2__norm_spectral_radius,new_cel_removed_chunk_14,74,IPC,9.835575178277201,96
sign_test_og_cel0.2__norm_spectral_radius,new_cel_removed_chunk_14,74,KR,6.070520219703515,96
sign_test_og_cel0.2__norm_spectral_radius,new_cel_removed_chunk_14,74,MC,5.662576988339424,96
sign_test_og_cel0.2__norm_spectral_radius,new_cel_removed_chunk_14,74,cosine_similarity,0.3702605962753296,96
sign_test_og_cel0.2__norm_spectral_radius,new_cel_removed_chunk_14,74,kl_to_gaussian,1.1739684794417824,96
sign_test_og_cel0.2__norm_spectral_radius,new_cel_removed_chunk_14,74,wt_mean,0.0014542789722326501,96
sign_test_og_cel0.2__norm_spectral_radius,new_cel_removed_chunk_15,75,GR,8.845382871727148,96
sign_test_og_cel0.2__norm_spectral_radius,new_cel_removed_chunk_15,75,IPC,9.366895214025957,96
sign_test_og_cel0.2__norm_spectral_radius,new_cel_removed_chunk_15,75,KR,5.110093702872594,96
sign_test_og_cel0.2__norm_spectral_radius,new_cel_removed_chunk_15,75,MC,5.227473386873801,96
sign_test_og_cel0.2__norm_spectral_radius,new_cel_removed_chunk_15,75,cosine_similarity,0.3523940816521644,96
sign_test_og_cel0.2__norm_spectral_radius,new_cel_removed_chunk_15,75,kl_to_gaussian,1.1739685108997566,96
sign_test_og_cel0.2__norm_spectral_radius,new_cel_removed_chunk_15,75,wt_mean,0.001238651631865625,96
sign_test_og_cel0.2__norm_spectral_radius,new_cel_removed_chunk_15,76,GR,7.950633297363917,96
sign_test_og_cel0.2__norm_spectral_radius,new_cel_removed_chunk_15,76,IPC,8.477315838294233,96
sign_test_og_cel0.2__norm_spectral_radius,new_cel_removed_chunk_15,76,KR,4.7053428540627165,96
sign_test_og_cel0.2__norm_spectral_radius,new_cel_removed_chunk_15,76,MC,4.8813254944980145,96
sign_test_og_cel0.2__norm_spectral_radius,new_cel_removed_chunk_15,76,cosine_similarity,0.390713132917881,96
sign_test_og_cel0.2__norm_spectral_radius,new_cel_removed_chunk_15,76,kl_to_gaussian,1.1739684383731035,96
sign_test_og_cel0.2__norm_spectral_radius,new_cel_removed_chunk_15,76,wt_mean,0.0010878742905333,96
sign_test_og_cel0.2__norm_spectral_radius,new_cel_removed_chunk_15,77,GR,15.27700108041366,96
sign_test_og_cel0.2__norm_spectral_radius,new_cel_removed_chunk_15,77,IPC,10.476006792213326,96
sign_test_og_cel0.2__norm_spectral_radius,new_cel_removed_chunk_15,77,KR,8.603204406797886,96
sign_test_og_cel0.2__norm_spectral_radius,new_cel_removed_chunk_15,77,MC,5.984767854213715,96
sign_test_og_cel0.2__norm_spectral_radius,new_cel_removed_chunk_15,77,cosine_similarity,0.3987060189247131,96
sign_test_og_cel0.2__norm_spectral_radius,new_cel_removed_chunk_15,77,kl_to_gaussian,1.1739684985709524,96
sign_test_og_cel0.2__norm_spectral_radius,new_cel_removed_chunk_15,77,wt_mean,0.00192337599582965,96
sign_test_og_cel0.2__norm_spectral_radius,new_cel_removed_chunk_15,78,GR,6.855364239464204,96
sign_test_og_cel0.2__norm_spectral_radius,new_cel_removed_chunk_15,78,IPC,8.807118552289902,96
sign_test_og_cel0.2__norm_spectral_radius,new_cel_removed_chunk_15,78,KR,4.007685219248136,96
sign_test_og_cel0.2__norm_spectral_radius,new_cel_removed_chunk_15,78,MC,4.939044818282127,96
sign_test_og_cel0.2__norm_spectral_radius,new_cel_removed_chunk_15,78,cosine_similarity,0.41621994227170944,96
sign_test_og_cel0.2__norm_spectral_radius,new_cel_removed_chunk_15,78,kl_to_gaussian,1.173968553647361,96
sign_test_og_cel0.2__norm_spectral_radius,new_cel_removed_chunk_15,78,wt_mean,0.001074193598469675,96
sign_test_og_cel0.2__norm_spectral_radius,new_cel_removed_chunk_15,79,GR,6.218299900492032,96
sign_test_og_cel0.2__norm_spectral_radius,new_cel_removed_chunk_15,79,IPC,8.23859311695072,96
sign_test_og_cel0.2__norm_spectral_radius,new_cel_removed_chunk_15,79,KR,3.5607458042601743,96
sign_test_og_cel0.2__norm_spectral_radius,new_cel_removed_chunk_15,79,MC,4.547342536350091,96
sign_test_og_cel0.2__norm_spectral_radius,new_cel_removed_chunk_15,79,cosine_similarity,0.38354296982288355,96
sign_test_og_cel0.2__norm_spectral_radius,new_cel_removed_chunk_15,79,kl_to_gaussian,1.1739685341577832,96
sign_test_og_cel0.2__norm_spectral_radius,new_cel_removed_chunk_15,79,wt_mean,0.0009733073675305999,96
sign_test_og_cel0.2__norm_spectral_radius,new_cel_removed_chunk_16,80,GR,11.872385792434216,96
sign_test_og_cel0.2__norm_spectral_radius,new_cel_removed_chunk_16,80,IPC,9.680577228490284,96
sign_test_og_cel0.2__norm_spectral_radius,new_cel_removed_chunk_16,80,KR,6.62434991945823,96
sign_test_og_cel0.2__norm_spectral_radius,new_cel_removed_chunk_16,80,MC,5.756455458700657,96
sign_test_og_cel0.2__norm_spectral_radius,new_cel_removed_chunk_16,80,cosine_similarity,0.36085716634988785,96
sign_test_og_cel0.2__norm_spectral_radius,new_cel_removed_chunk_16,80,kl_to_gaussian,1.1739684769100565,96
sign_test_og_cel0.2__norm_spectral_radius,new_cel_removed_chunk_16,80,wt_mean,0.00157424056669695,96
sign_test_og_cel0.2__norm_spectral_radius,new_cel_removed_chunk_16,81,GR,17.298173646132152,96
sign_test_og_cel0.2__norm_spectral_radius,new_cel_removed_chunk_16,81,IPC,9.388447820721995,96
sign_test_og_cel0.2__norm_spectral_radius,new_cel_removed_chunk_16,81,KR,9.383729487657547,96
sign_test_og_cel0.2__norm_spectral_radius,new_cel_removed_chunk_16,81,MC,5.670288297037284,96
sign_test_og_cel0.2__norm_spectral_radius,new_cel_removed_chunk_16,81,cosine_similarity,0.3908306211233139,96
sign_test_og_cel0.2__norm_spectral_radius,new_cel_removed_chunk_16,81,kl_to_gaussian,1.1739684763916856,96
sign_test_og_cel0.2__norm_spectral_radius,new_cel_removed_chunk_16,81,wt_mean,0.0020784485677722247,96
sign_test_og_cel0.2__norm_spectral_radius,new_cel_removed_chunk_16,82,GR,6.6250044927001,96
sign_test_og_cel0.2__norm_spectral_radius,new_cel_removed_chunk_16,82,IPC,7.8343572443933445,96
sign_test_og_cel0.2__norm_spectral_radius,new_cel_removed_chunk_16,82,KR,4.004502980659406,96
sign_test_og_cel0.2__norm_spectral_radius,new_cel_removed_chunk_16,82,MC,4.454022680719693,96
sign_test_og_cel0.2__norm_spectral_radius,new_cel_removed_chunk_16,82,cosine_similarity,0.3998814523220062,96
sign_test_og_cel0.2__norm_spectral_radius,new_cel_removed_chunk_16,82,kl_to_gaussian,1.1739685317923043,96
sign_test_og_cel0.2__norm_spectral_radius,new_cel_removed_chunk_16,82,wt_mean,0.0011320908379275,96
sign_test_og_cel0.2__norm_spectral_radius,new_cel_removed_chunk_16,83,GR,7.600205888350804,96
sign_test_og_cel0.2__norm_spectral_radius,new_cel_removed_chunk_16,83,IPC,7.400074147062253,96
sign_test_og_cel0.2__norm_spectral_radius,new_cel_removed_chunk_16,83,KR,4.3098391344149904,96
sign_test_og_cel0.2__norm_spectral_radius,new_cel_removed_chunk_16,83,MC,4.219643857330084,96
sign_test_og_cel0.2__norm_spectral_radius,new_cel_removed_chunk_16,83,cosine_similarity,0.37308163940906525,96
sign_test_og_cel0.2__norm_spectral_radius,new_cel_removed_chunk_16,83,kl_to_gaussian,1.173968461022386,96
sign_test_og_cel0.2__norm_spectral_radius,new_cel_removed_chunk_16,83,wt_mean,0.00117216758371795,96
sign_test_og_cel0.2__norm_spectral_radius,new_cel_removed_chunk_16,84,GR,9.767809820671877,96
sign_test_og_cel0.2__norm_spectral_radius,new_cel_removed_chunk_16,84,IPC,8.968181128719365,96
sign_test_og_cel0.2__norm_spectral_radius,new_cel_removed_chunk_16,84,KR,5.686031065881252,96
sign_test_og_cel0.2__norm_spectral_radius,new_cel_removed_chunk_16,84,MC,5.5506304278969765,96
sign_test_og_cel0.2__norm_spectral_radius,new_cel_removed_chunk_16,84,cosine_similarity,0.3766079396009445,96
sign_test_og_cel0.2__norm_spectral_radius,new_cel_removed_chunk_16,84,kl_to_gaussian,1.1739685450918258,96
sign_test_og_cel0.2__norm_spectral_radius,new_cel_removed_chunk_16,84,wt_mean,0.0014651592355220749,96
sign_test_og_cel0.2__norm_spectral_radius,new_cel_removed_chunk_17,85,GR,9.357980435093245,96
sign_test_og_cel0.2__norm_spectral_radius,new_cel_removed_chunk_17,85,IPC,9.422969865279475,96
sign_test_og_cel0.2__norm_spectral_radius,new_cel_removed_chunk_17,85,KR,5.041669927537441,96
sign_test_og_cel0.2__norm_spectral_radius,new_cel_removed_chunk_17,85,MC,5.2324788471062975,96
sign_test_og_cel0.2__norm_spectral_radius,new_cel_removed_chunk_17,85,cosine_similarity,0.38119212538003916,96
sign_test_og_cel0.2__norm_spectral_radius,new_cel_removed_chunk_17,85,kl_to_gaussian,1.1739685571270424,96
sign_test_og_cel0.2__norm_spectral_radius,new_cel_removed_chunk_17,85,wt_mean,0.00147430130164135,96
sign_test_og_cel0.2__norm_spectral_radius,new_cel_removed_chunk_17,86,GR,12.147385035951933,96
sign_test_og_cel0.2__norm_spectral_radius,new_cel_removed_chunk_17,86,IPC,9.330648135644335,96
sign_test_og_cel0.2__norm_spectral_radius,new_cel_removed_chunk_17,86,KR,6.69504252076149,96
sign_test_og_cel0.2__norm_spectral_radius,new_cel_removed_chunk_17,86,MC,5.840910792350769,96
sign_test_og_cel0.2__norm_spectral_radius,new_cel_removed_chunk_17,86,cosine_similarity,0.40587612986564636,96
sign_test_og_cel0.2__norm_spectral_radius,new_cel_removed_chunk_17,86,kl_to_gaussian,1.1739684559094938,96
sign_test_og_cel0.2__norm_spectral_radius,new_cel_removed_chunk_17,86,wt_mean,0.001713345031021125,96
sign_test_og_cel0.2__norm_spectral_radius,new_cel_removed_chunk_17,87,GR,8.661764298876127,96
sign_test_og_cel0.2__norm_spectral_radius,new_cel_removed_chunk_17,87,IPC,8.824300897015148,96
sign_test_og_cel0.2__norm_spectral_radius,new_cel_removed_chunk_17,87,KR,4.927212840567033,96
sign_test_og_cel0.2__norm_spectral_radius,new_cel_removed_chunk_17,87,MC,5.35510407264034,96
sign_test_og_cel0.2__norm_spectral_radius,new_cel_removed_chunk_17,87,cosine_similarity,0.40446563065052027,96
sign_test_og_cel0.2__norm_spectral_radius,new_cel_removed_chunk_17,87,kl_to_gaussian,1.1739684863318633,96
sign_test_og_cel0.2__norm_spectral_radius,new_cel_removed_chunk_17,87,wt_mean,0.001480456587159975,96
sign_test_og_cel0.2__norm_spectral_radius,new_cel_removed_chunk_17,88,GR,16.617973734935124,96
sign_test_og_cel0.2__norm_spectral_radius,new_cel_removed_chunk_17,88,IPC,9.637835473583973,96
sign_test_og_cel0.2__norm_spectral_radius,new_cel_removed_chunk_17,88,KR,8.834080062806606,96
sign_test_og_cel0.2__norm_spectral_radius,new_cel_removed_chunk_17,88,MC,5.7785938158631325,96
sign_test_og_cel0.2__norm_spectral_radius,new_cel_removed_chunk_17,88,cosine_similarity,0.37073078751564026,96
sign_test_og_cel0.2__norm_spectral_radius,new_cel_removed_chunk_17,88,kl_to_gaussian,1.1739686328977268,96
sign_test_og_cel0.2__norm_spectral_radius,new_cel_removed_chunk_17,88,wt_mean,0.001908017555251675,96
sign_test_og_cel0.2__norm_spectral_radius,new_cel_removed_chunk_17,89,GR,8.081322712202867,96
sign_test_og_cel0.2__norm_spectral_radius,new_cel_removed_chunk_17,89,IPC,8.469675109064736,96
sign_test_og_cel0.2__norm_spectral_radius,new_cel_removed_chunk_17,89,KR,4.750995064775149,96
sign_test_og_cel0.2__norm_spectral_radius,new_cel_removed_chunk_17,89,MC,4.927766939004262,96
sign_test_og_cel0.2__norm_spectral_radius,new_cel_removed_chunk_17,89,cosine_similarity,0.3943569138646126,96
sign_test_og_cel0.2__norm_spectral_radius,new_cel_removed_chunk_17,89,kl_to_gaussian,1.1739685162260447,96
sign_test_og_cel0.2__norm_spectral_radius,new_cel_removed_chunk_17,89,wt_mean,0.001226053500431525,96
sign_test_og_cel0.2__norm_spectral_radius,new_cel_removed_chunk_18,90,GR,11.043621013561884,96
sign_test_og_cel0.2__norm_spectral_radius,new_cel_removed_chunk_18,90,IPC,8.957338208703488,96
sign_test_og_cel0.2__norm_spectral_radius,new_cel_removed_chunk_18,90,KR,6.18512350320816,96
sign_test_og_cel0.2__norm_spectral_radius,new_cel_removed_chunk_18,90,MC,5.1970560774207115,96
sign_test_og_cel0.2__norm_spectral_radius,new_cel_removed_chunk_18,90,cosine_similarity,0.3901253715157509,96
sign_test_og_cel0.2__norm_spectral_radius,new_cel_removed_chunk_18,90,kl_to_gaussian,1.1739684655641862,96
sign_test_og_cel0.2__norm_spectral_radius,new_cel_removed_chunk_18,90,wt_mean,0.001412463956512475,96
sign_test_og_cel0.2__norm_spectral_radius,new_cel_removed_chunk_18,91,GR,12.950790638724962,96
sign_test_og_cel0.2__norm_spectral_radius,new_cel_removed_chunk_18,91,IPC,9.15879747719805,96
sign_test_og_cel0.2__norm_spectral_radius,new_cel_removed_chunk_18,91,KR,7.138380661606789,96
sign_test_og_cel0.2__norm_spectral_radius,new_cel_removed_chunk_18,91,MC,5.438672261933486,96
sign_test_og_cel0.2__norm_spectral_radius,new_cel_removed_chunk_18,91,cosine_similarity,0.38272017985582346,96
sign_test_og_cel0.2__norm_spectral_radius,new_cel_removed_chunk_18,91,kl_to_gaussian,1.1739685677411453,96
sign_test_og_cel0.2__norm_spectral_radius,new_cel_removed_chunk_18,91,wt_mean,0.001618988986592675,96
sign_test_og_cel0.2__norm_spectral_radius,new_cel_removed_chunk_18,92,GR,11.82645419985056,96
sign_test_og_cel0.2__norm_spectral_radius,new_cel_removed_chunk_18,92,IPC,9.332233020041995,96
sign_test_og_cel0.2__norm_spectral_radius,new_cel_removed_chunk_18,92,KR,6.774952620267868,96
sign_test_og_cel0.2__norm_spectral_radius,new_cel_removed_chunk_18,92,MC,5.448998731871446,96
sign_test_og_cel0.2__norm_spectral_radius,new_cel_removed_chunk_18,92,cosine_similarity,0.3893026113510132,96
sign_test_og_cel0.2__norm_spectral_radius,new_cel_removed_chunk_18,92,kl_to_gaussian,1.1739684514154922,96
sign_test_og_cel0.2__norm_spectral_radius,new_cel_removed_chunk_18,92,wt_mean,0.00164736056467515,96
sign_test_og_cel0.2__norm_spectral_radius,new_cel_removed_chunk_18,93,GR,9.645717407266298,96
sign_test_og_cel0.2__norm_spectral_radius,new_cel_removed_chunk_18,93,IPC,8.599482749476545,96
sign_test_og_cel0.2__norm_spectral_radius,new_cel_removed_chunk_18,93,KR,5.553837575018406,96
sign_test_og_cel0.2__norm_spectral_radius,new_cel_removed_chunk_18,93,MC,5.168822507063548,96
sign_test_og_cel0.2__norm_spectral_radius,new_cel_removed_chunk_18,93,cosine_similarity,0.4010569080710411,96
sign_test_og_cel0.2__norm_spectral_radius,new_cel_removed_chunk_18,93,kl_to_gaussian,1.1739685214243556,96
sign_test_og_cel0.2__norm_spectral_radius,new_cel_removed_chunk_18,93,wt_mean,0.0013786085328319501,96
sign_test_og_cel0.2__norm_spectral_radius,new_cel_removed_chunk_18,94,GR,10.111882646878561,96
sign_test_og_cel0.2__norm_spectral_radius,new_cel_removed_chunk_18,94,IPC,9.600552574865569,96
sign_test_og_cel0.2__norm_spectral_radius,new_cel_removed_chunk_18,94,KR,5.785224897166093,96
sign_test_og_cel0.2__norm_spectral_radius,new_cel_removed_chunk_18,94,MC,5.621347352862358,96
sign_test_og_cel0.2__norm_spectral_radius,new_cel_removed_chunk_18,94,cosine_similarity,0.3984709233045578,96
sign_test_og_cel0.2__norm_spectral_radius,new_cel_removed_chunk_18,94,kl_to_gaussian,1.1739684804285393,96
sign_test_og_cel0.2__norm_spectral_radius,new_cel_removed_chunk_18,94,wt_mean,0.001532335678348275,96
sign_test_og_cel0.2__norm_spectral_radius,new_cel_removed_chunk_19,95,GR,5.875879971931378,96
sign_test_og_cel0.2__norm_spectral_radius,new_cel_removed_chunk_19,95,IPC,7.370376191625887,96
sign_test_og_cel0.2__norm_spectral_radius,new_cel_removed_chunk_19,95,KR,3.4705319268008075,96
sign_test_og_cel0.2__norm_spectral_radius,new_cel_removed_chunk_19,95,MC,4.287749576071898,96
sign_test_og_cel0.2__norm_spectral_radius,new_cel_removed_chunk_19,95,cosine_similarity,0.36932026594877243,96
sign_test_og_cel0.2__norm_spectral_radius,new_cel_removed_chunk_19,95,kl_to_gaussian,1.1739686074244131,96
sign_test_og_cel0.2__norm_spectral_radius,new_cel_removed_chunk_19,95,wt_mean,0.0009498640720266501,96
sign_test_og_cel0.2__norm_spectral_radius,new_cel_removed_chunk_19,96,GR,7.33359136680762,96
sign_test_og_cel0.2__norm_spectral_radius,new_cel_removed_chunk_19,96,IPC,8.154785759883733,96
sign_test_og_cel0.2__norm_spectral_radius,new_cel_removed_chunk_19,96,KR,4.1650931512316065,96
sign_test_og_cel0.2__norm_spectral_radius,new_cel_removed_chunk_19,96,MC,4.617362196246783,96
sign_test_og_cel0.2__norm_spectral_radius,new_cel_removed_chunk_19,96,cosine_similarity,0.36885008960962296,96
sign_test_og_cel0.2__norm_spectral_radius,new_cel_removed_chunk_19,96,kl_to_gaussian,1.1739685451553894,96
sign_test_og_cel0.2__norm_spectral_radius,new_cel_removed_chunk_19,96,wt_mean,0.0011057688534492,96
sign_test_og_cel0.2__norm_spectral_radius,new_cel_removed_chunk_19,97,GR,9.881864100694656,96
sign_test_og_cel0.2__norm_spectral_radius,new_cel_removed_chunk_19,97,IPC,9.238122121780675,96
sign_test_og_cel0.2__norm_spectral_radius,new_cel_removed_chunk_19,97,KR,5.538236752152443,96
sign_test_og_cel0.2__norm_spectral_radius,new_cel_removed_chunk_19,97,MC,5.030398464451234,96
sign_test_og_cel0.2__norm_spectral_radius,new_cel_removed_chunk_19,97,cosine_similarity,0.42209710925817484,96
sign_test_og_cel0.2__norm_spectral_radius,new_cel_removed_chunk_19,97,kl_to_gaussian,1.1739685090133964,96
sign_test_og_cel0.2__norm_spectral_radius,new_cel_removed_chunk_19,97,wt_mean,0.0016478900797664501,96
sign_test_og_cel0.2__norm_spectral_radius,new_cel_removed_chunk_19,98,GR,7.31764588256677,96
sign_test_og_cel0.2__norm_spectral_radius,new_cel_removed_chunk_19,98,IPC,7.9276712266900455,96
sign_test_og_cel0.2__norm_spectral_radius,new_cel_removed_chunk_19,98,KR,4.195737924426794,96
sign_test_og_cel0.2__norm_spectral_radius,new_cel_removed_chunk_19,98,MC,4.30017804602782,96
sign_test_og_cel0.2__norm_spectral_radius,new_cel_removed_chunk_19,98,cosine_similarity,0.3690851703286171,96
sign_test_og_cel0.2__norm_spectral_radius,new_cel_removed_chunk_19,98,kl_to_gaussian,1.1739684840402727,96
sign_test_og_cel0.2__norm_spectral_radius,new_cel_removed_chunk_19,98,wt_mean,0.0011001195380231,96
sign_test_og_cel0.2__norm_spectral_radius,new_cel_removed_chunk_19,99,GR,14.346726591388384,96
sign_test_og_cel0.2__norm_spectral_radius,new_cel_removed_chunk_19,99,IPC,10.472089206503258,96
sign_test_og_cel0.2__norm_spectral_radius,new_cel_removed_chunk_19,99,KR,8.161278583109379,96
sign_test_og_cel0.2__norm_spectral_radius,new_cel_removed_chunk_19,99,MC,6.44767726957798,96
sign_test_og_cel0.2__norm_spectral_radius,new_cel_removed_chunk_19,99,cosine_similarity,0.37073078006505966,96
sign_test_og_cel0.2__norm_spectral_radius,new_cel_removed_chunk_19,99,kl_to_gaussian,1.1739686243555238,96
sign_test_og_cel0.2__norm_spectral_radius,new_cel_removed_chunk_19,99,wt_mean,0.0018784769927151,96
sign_test_og_cel0.2__norm_spectral_radius,new_cel_removed_chunk_2,10,GR,6.67207200328509,96
sign_test_og_cel0.2__norm_spectral_radius,new_cel_removed_chunk_2,10,IPC,7.930677296711623,96
sign_test_og_cel0.2__norm_spectral_radius,new_cel_removed_chunk_2,10,KR,3.9813926306863627,96
sign_test_og_cel0.2__norm_spectral_radius,new_cel_removed_chunk_2,10,MC,4.493610235551993,96
sign_test_og_cel0.2__norm_spectral_radius,new_cel_removed_chunk_2,10,cosine_similarity,0.40187970548868174,96
sign_test_og_cel0.2__norm_spectral_radius,new_cel_removed_chunk_2,10,kl_to_gaussian,1.1739684812897884,96
sign_test_og_cel0.2__norm_spectral_radius,new_cel_removed_chunk_2,10,wt_mean,0.0010089495481224251,96
sign_test_og_cel0.2__norm_spectral_radius,new_cel_removed_chunk_2,11,GR,9.83167556176583,96
sign_test_og_cel0.2__norm_spectral_radius,new_cel_removed_chunk_2,11,IPC,9.650336210863411,96
sign_test_og_cel0.2__norm_spectral_radius,new_cel_removed_chunk_2,11,KR,5.700328037142754,96
sign_test_og_cel0.2__norm_spectral_radius,new_cel_removed_chunk_2,11,MC,5.457183135052522,96
sign_test_og_cel0.2__norm_spectral_radius,new_cel_removed_chunk_2,11,cosine_similarity,0.40434809029102325,96
sign_test_og_cel0.2__norm_spectral_radius,new_cel_removed_chunk_2,11,kl_to_gaussian,1.173968497389145,96
sign_test_og_cel0.2__norm_spectral_radius,new_cel_removed_chunk_2,11,wt_mean,0.0015171536942943248,96
sign_test_og_cel0.2__norm_spectral_radius,new_cel_removed_chunk_2,12,GR,7.88011842717727,96
sign_test_og_cel0.2__norm_spectral_radius,new_cel_removed_chunk_2,12,IPC,8.396386877445083,96
sign_test_og_cel0.2__norm_spectral_radius,new_cel_removed_chunk_2,12,KR,4.320236162592967,96
sign_test_og_cel0.2__norm_spectral_radius,new_cel_removed_chunk_2,12,MC,4.340450434635083,96
sign_test_og_cel0.2__norm_spectral_radius,new_cel_removed_chunk_2,12,cosine_similarity,0.38413068652153015,96
sign_test_og_cel0.2__norm_spectral_radius,new_cel_removed_chunk_2,12,kl_to_gaussian,1.1739685410759162,96
sign_test_og_cel0.2__norm_spectral_radius,new_cel_removed_chunk_2,12,wt_mean,0.001223543265950825,96
sign_test_og_cel0.2__norm_spectral_radius,new_cel_removed_chunk_2,13,GR,8.41146950920423,96
sign_test_og_cel0.2__norm_spectral_radius,new_cel_removed_chunk_2,13,IPC,9.248507006614382,96
sign_test_og_cel0.2__norm_spectral_radius,new_cel_removed_chunk_2,13,KR,4.819447120030721,96
sign_test_og_cel0.2__norm_spectral_radius,new_cel_removed_chunk_2,13,MC,5.421930571397145,96
sign_test_og_cel0.2__norm_spectral_radius,new_cel_removed_chunk_2,13,cosine_similarity,0.3583887740969658,96
sign_test_og_cel0.2__norm_spectral_radius,new_cel_removed_chunk_2,13,kl_to_gaussian,1.1739683999145774,96
sign_test_og_cel0.2__norm_spectral_radius,new_cel_removed_chunk_2,13,wt_mean,0.001164013257948625,96
sign_test_og_cel0.2__norm_spectral_radius,new_cel_removed_chunk_2,14,GR,8.718321397900581,96
sign_test_og_cel0.2__norm_spectral_radius,new_cel_removed_chunk_2,14,IPC,9.502559119614558,96
sign_test_og_cel0.2__norm_spectral_radius,new_cel_removed_chunk_2,14,KR,5.090906955301762,96
sign_test_og_cel0.2__norm_spectral_radius,new_cel_removed_chunk_2,14,MC,5.592778392136097,96
sign_test_og_cel0.2__norm_spectral_radius,new_cel_removed_chunk_2,14,cosine_similarity,0.39541478455066675,96
sign_test_og_cel0.2__norm_spectral_radius,new_cel_removed_chunk_2,14,kl_to_gaussian,1.173968498950872,96
sign_test_og_cel0.2__norm_spectral_radius,new_cel_removed_chunk_2,14,wt_mean,0.0014261258475016501,96
sign_test_og_cel0.2__norm_spectral_radius,new_cel_removed_chunk_3,15,GR,6.85817168156306,96
sign_test_og_cel0.2__norm_spectral_radius,new_cel_removed_chunk_3,15,IPC,8.669910129450813,96
sign_test_og_cel0.2__norm_spectral_radius,new_cel_removed_chunk_3,15,KR,4.120170172303915,96
sign_test_og_cel0.2__norm_spectral_radius,new_cel_removed_chunk_3,15,MC,5.065757306913535,96
sign_test_og_cel0.2__norm_spectral_radius,new_cel_removed_chunk_3,15,cosine_similarity,0.39835338294506073,96
sign_test_og_cel0.2__norm_spectral_radius,new_cel_removed_chunk_3,15,kl_to_gaussian,1.1739684912903356,96
sign_test_og_cel0.2__norm_spectral_radius,new_cel_removed_chunk_3,15,wt_mean,0.0010976334888254502,96
sign_test_og_cel0.2__norm_spectral_radius,new_cel_removed_chunk_3,16,GR,14.672296725213528,96
sign_test_og_cel0.2__norm_spectral_radius,new_cel_removed_chunk_3,16,IPC,9.87939474048619,96
sign_test_og_cel0.2__norm_spectral_radius,new_cel_removed_chunk_3,16,KR,7.66452457010746,96
sign_test_og_cel0.2__norm_spectral_radius,new_cel_removed_chunk_3,16,MC,5.954837165772915,96
sign_test_og_cel0.2__norm_spectral_radius,new_cel_removed_chunk_3,16,cosine_similarity,0.35474491864442825,96
sign_test_og_cel0.2__norm_spectral_radius,new_cel_removed_chunk_3,16,kl_to_gaussian,1.1739684928771472,96
sign_test_og_cel0.2__norm_spectral_radius,new_cel_removed_chunk_3,16,wt_mean,0.001652598177315625,96
sign_test_og_cel0.2__norm_spectral_radius,new_cel_removed_chunk_3,17,GR,9.617486091951529,96
sign_test_og_cel0.2__norm_spectral_radius,new_cel_removed_chunk_3,17,IPC,8.866208819078519,96
sign_test_og_cel0.2__norm_spectral_radius,new_cel_removed_chunk_3,17,KR,5.460374370217323,96
sign_test_og_cel0.2__norm_spectral_radius,new_cel_removed_chunk_3,17,MC,5.135165470341842,96
sign_test_og_cel0.2__norm_spectral_radius,new_cel_removed_chunk_3,17,cosine_similarity,0.37343424558639526,96
sign_test_og_cel0.2__norm_spectral_radius,new_cel_removed_chunk_3,17,kl_to_gaussian,1.1739685313867498,96
sign_test_og_cel0.2__norm_spectral_radius,new_cel_removed_chunk_3,17,wt_mean,0.001398714259266825,96
sign_test_og_cel0.2__norm_spectral_radius,new_cel_removed_chunk_3,18,GR,13.53409760693709,96
sign_test_og_cel0.2__norm_spectral_radius,new_cel_removed_chunk_3,18,IPC,9.741445842034777,96
sign_test_og_cel0.2__norm_spectral_radius,new_cel_removed_chunk_3,18,KR,7.272207523385684,96
sign_test_og_cel0.2__norm_spectral_radius,new_cel_removed_chunk_3,18,MC,5.510738268494606,96
sign_test_og_cel0.2__norm_spectral_radius,new_cel_removed_chunk_3,18,cosine_similarity,0.4042305275797844,96
sign_test_og_cel0.2__norm_spectral_radius,new_cel_removed_chunk_3,18,kl_to_gaussian,1.173968597136493,96
sign_test_og_cel0.2__norm_spectral_radius,new_cel_removed_chunk_3,18,wt_mean,0.0017187481280415502,96
sign_test_og_cel0.2__norm_spectral_radius,new_cel_removed_chunk_3,19,GR,16.527909860014915,96
sign_test_og_cel0.2__norm_spectral_radius,new_cel_removed_chunk_3,19,IPC,11.290682334830237,96
sign_test_og_cel0.2__norm_spectral_radius,new_cel_removed_chunk_3,19,KR,8.544946104288101,96
sign_test_og_cel0.2__norm_spectral_radius,new_cel_removed_chunk_3,19,MC,6.361708859602611,96
sign_test_og_cel0.2__norm_spectral_radius,new_cel_removed_chunk_3,19,cosine_similarity,0.37496233731508255,96
sign_test_og_cel0.2__norm_spectral_radius,new_cel_removed_chunk_3,19,kl_to_gaussian,1.1739685435231537,96
sign_test_og_cel0.2__norm_spectral_radius,new_cel_removed_chunk_3,19,wt_mean,0.0019488518883007998,96
sign_test_og_cel0.2__norm_spectral_radius,new_cel_removed_chunk_4,20,GR,7.519121994574864,96
sign_test_og_cel0.2__norm_spectral_radius,new_cel_removed_chunk_4,20,IPC,8.514912561847002,96
sign_test_og_cel0.2__norm_spectral_radius,new_cel_removed_chunk_4,20,KR,4.431524119029443,96
sign_test_og_cel0.2__norm_spectral_radius,new_cel_removed_chunk_4,20,MC,4.909922373791535,96
sign_test_og_cel0.2__norm_spectral_radius,new_cel_removed_chunk_4,20,cosine_similarity,0.42021638900041575,96
sign_test_og_cel0.2__norm_spectral_radius,new_cel_removed_chunk_4,20,kl_to_gaussian,1.1739685787609664,96
sign_test_og_cel0.2__norm_spectral_radius,new_cel_removed_chunk_4,20,wt_mean,0.001151629723608425,96
sign_test_og_cel0.2__norm_spectral_radius,new_cel_removed_chunk_4,21,GR,9.963311774035295,96
sign_test_og_cel0.2__norm_spectral_radius,new_cel_removed_chunk_4,21,IPC,9.940901983399781,96
sign_test_og_cel0.2__norm_spectral_radius,new_cel_removed_chunk_4,21,KR,5.619142817954223,96
sign_test_og_cel0.2__norm_spectral_radius,new_cel_removed_chunk_4,21,MC,5.77693872153759,96
sign_test_og_cel0.2__norm_spectral_radius,new_cel_removed_chunk_4,21,cosine_similarity,0.3877745270729065,96
sign_test_og_cel0.2__norm_spectral_radius,new_cel_removed_chunk_4,21,kl_to_gaussian,1.1739685704284395,96
sign_test_og_cel0.2__norm_spectral_radius,new_cel_removed_chunk_4,21,wt_mean,0.001530065084807525,96
sign_test_og_cel0.2__norm_spectral_radius,new_cel_removed_chunk_4,22,GR,8.75392234325409,96
sign_test_og_cel0.2__norm_spectral_radius,new_cel_removed_chunk_4,22,IPC,9.926959834403545,96
sign_test_og_cel0.2__norm_spectral_radius,new_cel_removed_chunk_4,22,KR,5.053507087131341,96
sign_test_og_cel0.2__norm_spectral_radius,new_cel_removed_chunk_4,22,MC,5.672314288715522,96
sign_test_og_cel0.2__norm_spectral_radius,new_cel_removed_chunk_4,22,cosine_similarity,0.39036046713590616,96
sign_test_og_cel0.2__norm_spectral_radius,new_cel_removed_chunk_4,22,kl_to_gaussian,1.173968408559811,96
sign_test_og_cel0.2__norm_spectral_radius,new_cel_removed_chunk_4,22,wt_mean,0.0014254984853323252,96
sign_test_og_cel0.2__norm_spectral_radius,new_cel_removed_chunk_4,23,GR,9.584378076096376,96
sign_test_og_cel0.2__norm_spectral_radius,new_cel_removed_chunk_4,23,IPC,9.832018032748282,96
sign_test_og_cel0.2__norm_spectral_radius,new_cel_removed_chunk_4,23,KR,5.55700674901406,96
sign_test_og_cel0.2__norm_spectral_radius,new_cel_removed_chunk_4,23,MC,5.718215701480706,96
sign_test_og_cel0.2__norm_spectral_radius,new_cel_removed_chunk_4,23,cosine_similarity,0.3931814953684807,96
sign_test_og_cel0.2__norm_spectral_radius,new_cel_removed_chunk_4,23,kl_to_gaussian,1.1739685705801182,96
sign_test_og_cel0.2__norm_spectral_radius,new_cel_removed_chunk_4,23,wt_mean,0.0014291708648669999,96
sign_test_og_cel0.2__norm_spectral_radius,new_cel_removed_chunk_4,24,GR,8.547378013531366,96
sign_test_og_cel0.2__norm_spectral_radius,new_cel_removed_chunk_4,24,IPC,9.549210870374749,96
sign_test_og_cel0.2__norm_spectral_radius,new_cel_removed_chunk_4,24,KR,4.989182755351067,96
sign_test_og_cel0.2__norm_spectral_radius,new_cel_removed_chunk_4,24,MC,5.595317979653676,96
sign_test_og_cel0.2__norm_spectral_radius,new_cel_removed_chunk_4,24,cosine_similarity,0.3632080405950546,96
sign_test_og_cel0.2__norm_spectral_radius,new_cel_removed_chunk_4,24,kl_to_gaussian,1.173968508110055,96
sign_test_og_cel0.2__norm_spectral_radius,new_cel_removed_chunk_4,24,wt_mean,0.001268519234145025,96
sign_test_og_cel0.2__norm_spectral_radius,new_cel_removed_chunk_5,25,GR,12.071447392304739,96
sign_test_og_cel0.2__norm_spectral_radius,new_cel_removed_chunk_5,25,IPC,10.696104149872774,96
sign_test_og_cel0.2__norm_spectral_radius,new_cel_removed_chunk_5,25,KR,6.959423455099265,96
sign_test_og_cel0.2__norm_spectral_radius,new_cel_removed_chunk_5,25,MC,6.304916949321826,96
sign_test_og_cel0.2__norm_spectral_radius,new_cel_removed_chunk_5,25,cosine_similarity,0.39858850091695786,96
sign_test_og_cel0.2__norm_spectral_radius,new_cel_removed_chunk_5,25,kl_to_gaussian,1.1739685141927079,96
sign_test_og_cel0.2__norm_spectral_radius,new_cel_removed_chunk_5,25,wt_mean,0.0016895536682567998,96
sign_test_og_cel0.2__norm_spectral_radius,new_cel_removed_chunk_5,26,GR,10.579913727939129,96
sign_test_og_cel0.2__norm_spectral_radius,new_cel_removed_chunk_5,26,IPC,9.268386308726637,96
sign_test_og_cel0.2__norm_spectral_radius,new_cel_removed_chunk_5,26,KR,6.155297860503197,96
sign_test_og_cel0.2__norm_spectral_radius,new_cel_removed_chunk_5,26,MC,5.477286855379741,96
sign_test_og_cel0.2__norm_spectral_radius,new_cel_removed_chunk_5,26,cosine_similarity,0.4109305292367935,96
sign_test_og_cel0.2__norm_spectral_radius,new_cel_removed_chunk_5,26,kl_to_gaussian,1.173968549750504,96
sign_test_og_cel0.2__norm_spectral_radius,new_cel_removed_chunk_5,26,wt_mean,0.00147784050204785,96
sign_test_og_cel0.2__norm_spectral_radius,new_cel_removed_chunk_5,27,GR,8.753811885913214,96
sign_test_og_cel0.2__norm_spectral_radius,new_cel_removed_chunk_5,27,IPC,8.190109018867972,96
sign_test_og_cel0.2__norm_spectral_radius,new_cel_removed_chunk_5,27,KR,4.913420431315899,96
sign_test_og_cel0.2__norm_spectral_radius,new_cel_removed_chunk_5,27,MC,4.667824048548937,96
sign_test_og_cel0.2__norm_spectral_radius,new_cel_removed_chunk_5,27,cosine_similarity,0.3964726999402046,96
sign_test_og_cel0.2__norm_spectral_radius,new_cel_removed_chunk_5,27,kl_to_gaussian,1.1739685766490375,96
sign_test_og_cel0.2__norm_spectral_radius,new_cel_removed_chunk_5,27,wt_mean,0.0011849344009533,96
sign_test_og_cel0.2__norm_spectral_radius,new_cel_removed_chunk_5,28,GR,8.652749640246233,96
sign_test_og_cel0.2__norm_spectral_radius,new_cel_removed_chunk_5,28,IPC,8.701622625210556,96
sign_test_og_cel0.2__norm_spectral_radius,new_cel_removed_chunk_5,28,KR,4.993422212700049,96
sign_test_og_cel0.2__norm_spectral_radius,new_cel_removed_chunk_5,28,MC,4.8840110301971436,96
sign_test_og_cel0.2__norm_spectral_radius,new_cel_removed_chunk_5,28,cosine_similarity,0.3900078311562538,96
sign_test_og_cel0.2__norm_spectral_radius,new_cel_removed_chunk_5,28,kl_to_gaussian,1.1739685932302313,96
sign_test_og_cel0.2__norm_spectral_radius,new_cel_removed_chunk_5,28,wt_mean,0.0011439262598287,96
sign_test_og_cel0.2__norm_spectral_radius,new_cel_removed_chunk_5,29,GR,12.65935776134332,96
sign_test_og_cel0.2__norm_spectral_radius,new_cel_removed_chunk_5,29,IPC,11.146912904111355,96
sign_test_og_cel0.2__norm_spectral_radius,new_cel_removed_chunk_5,29,KR,6.93325408299764,96
sign_test_og_cel0.2__norm_spectral_radius,new_cel_removed_chunk_5,29,MC,6.324878456691901,96
sign_test_og_cel0.2__norm_spectral_radius,new_cel_removed_chunk_5,29,cosine_similarity,0.39905866980552673,96
sign_test_og_cel0.2__norm_spectral_radius,new_cel_removed_chunk_5,29,kl_to_gaussian,1.1739685741160752,96
sign_test_og_cel0.2__norm_spectral_radius,new_cel_removed_chunk_5,29,wt_mean,0.0018493939423933,96
sign_test_og_cel0.2__norm_spectral_radius,new_cel_removed_chunk_6,30,GR,15.96071457862854,96
sign_test_og_cel0.2__norm_spectral_radius,new_cel_removed_chunk_6,30,IPC,10.902434612620537,96
sign_test_og_cel0.2__norm_spectral_radius,new_cel_removed_chunk_6,30,KR,9.064848927160105,96
sign_test_og_cel0.2__norm_spectral_radius,new_cel_removed_chunk_6,30,MC,6.779583188394706,96
sign_test_og_cel0.2__norm_spectral_radius,new_cel_removed_chunk_6,30,cosine_similarity,0.41821813583374023,96
sign_test_og_cel0.2__norm_spectral_radius,new_cel_removed_chunk_6,30,kl_to_gaussian,1.1739685225158802,96
sign_test_og_cel0.2__norm_spectral_radius,new_cel_removed_chunk_6,30,wt_mean,0.002285204012878175,96
sign_test_og_cel0.2__norm_spectral_radius,new_cel_removed_chunk_6,31,GR,11.837364673614502,96
sign_test_og_cel0.2__norm_spectral_radius,new_cel_removed_chunk_6,31,IPC,9.60893096267277,96
sign_test_og_cel0.2__norm_spectral_radius,new_cel_removed_chunk_6,31,KR,6.676621899008751,96
sign_test_og_cel0.2__norm_spectral_radius,new_cel_removed_chunk_6,31,MC,5.648219401637713,96
sign_test_og_cel0.2__norm_spectral_radius,new_cel_removed_chunk_6,31,cosine_similarity,0.38330788910388947,96
sign_test_og_cel0.2__norm_spectral_radius,new_cel_removed_chunk_6,31,kl_to_gaussian,1.1739685569645428,96
sign_test_og_cel0.2__norm_spectral_radius,new_cel_removed_chunk_6,31,wt_mean,0.001565807993756525,96
sign_test_og_cel0.2__norm_spectral_radius,new_cel_removed_chunk_6,32,GR,7.7790717134873075,96
sign_test_og_cel0.2__norm_spectral_radius,new_cel_removed_chunk_6,32,IPC,8.993111309129876,96
sign_test_og_cel0.2__norm_spectral_radius,new_cel_removed_chunk_6,32,KR,4.685683084030946,96
sign_test_og_cel0.2__norm_spectral_radius,new_cel_removed_chunk_6,32,MC,5.305004266401132,96
sign_test_og_cel0.2__norm_spectral_radius,new_cel_removed_chunk_6,32,cosine_similarity,0.3981183171272278,96
sign_test_og_cel0.2__norm_spectral_radius,new_cel_removed_chunk_6,32,kl_to_gaussian,1.1739684966698924,96
sign_test_og_cel0.2__norm_spectral_radius,new_cel_removed_chunk_6,32,wt_mean,0.0012097626167814751,96
sign_test_og_cel0.2__norm_spectral_radius,new_cel_removed_chunk_6,33,GR,15.195688943068186,96
sign_test_og_cel0.2__norm_spectral_radius,new_cel_removed_chunk_6,33,IPC,11.317417613034634,96
sign_test_og_cel0.2__norm_spectral_radius,new_cel_removed_chunk_6,33,KR,8.251362557212511,96
sign_test_og_cel0.2__norm_spectral_radius,new_cel_removed_chunk_6,33,MC,6.495142271121343,96
sign_test_og_cel0.2__norm_spectral_radius,new_cel_removed_chunk_6,33,cosine_similarity,0.4054059758782387,96
sign_test_og_cel0.2__norm_spectral_radius,new_cel_removed_chunk_6,33,kl_to_gaussian,1.173968463178267,96
sign_test_og_cel0.2__norm_spectral_radius,new_cel_removed_chunk_6,33,wt_mean,0.001938995497766825,96
sign_test_og_cel0.2__norm_spectral_radius,new_cel_removed_chunk_6,34,GR,13.966954174141089,96
sign_test_og_cel0.2__norm_spectral_radius,new_cel_removed_chunk_6,34,IPC,10.139288552353502,96
sign_test_og_cel0.2__norm_spectral_radius,new_cel_removed_chunk_6,34,KR,7.51266214499871,96
sign_test_og_cel0.2__norm_spectral_radius,new_cel_removed_chunk_6,34,MC,5.852692688504855,96
sign_test_og_cel0.2__norm_spectral_radius,new_cel_removed_chunk_6,34,cosine_similarity,0.39141836762428284,96
sign_test_og_cel0.2__norm_spectral_radius,new_cel_removed_chunk_6,34,kl_to_gaussian,1.1739683949694826,96
sign_test_og_cel0.2__norm_spectral_radius,new_cel_removed_chunk_6,34,wt_mean,0.0017898129881359001,96
sign_test_og_cel0.2__norm_spectral_radius,new_cel_removed_chunk_7,35,GR,7.120215766131878,96
sign_test_og_cel0.2__norm_spectral_radius,new_cel_removed_chunk_7,35,IPC,7.951294220173996,96
sign_test_og_cel0.2__norm_spectral_radius,new_cel_removed_chunk_7,35,KR,4.239134982228279,96
sign_test_og_cel0.2__norm_spectral_radius,new_cel_removed_chunk_7,35,MC,4.582441362241904,96
sign_test_og_cel0.2__norm_spectral_radius,new_cel_removed_chunk_7,35,cosine_similarity,0.42468301951885223,96
sign_test_og_cel0.2__norm_spectral_radius,new_cel_removed_chunk_7,35,kl_to_gaussian,1.1739685665000021,96
sign_test_og_cel0.2__norm_spectral_radius,new_cel_removed_chunk_7,35,wt_mean,0.0011436751519795,96
sign_test_og_cel0.2__norm_spectral_radius,new_cel_removed_chunk_7,36,GR,14.098966633280119,96
sign_test_og_cel0.2__norm_spectral_radius,new_cel_removed_chunk_7,36,IPC,10.804370969455698,96
sign_test_og_cel0.2__norm_spectral_radius,new_cel_removed_chunk_7,36,KR,7.838515289127827,96
sign_test_og_cel0.2__norm_spectral_radius,new_cel_removed_chunk_7,36,MC,6.779188466568788,96
sign_test_og_cel0.2__norm_spectral_radius,new_cel_removed_chunk_7,36,cosine_similarity,0.36920273303985596,96
sign_test_og_cel0.2__norm_spectral_radius,new_cel_removed_chunk_7,36,kl_to_gaussian,1.1739684721969996,96
sign_test_og_cel0.2__norm_spectral_radius,new_cel_removed_chunk_7,36,wt_mean,0.0017291973344981,96
sign_test_og_cel0.2__norm_spectral_radius,new_cel_removed_chunk_7,37,GR,10.659331180155277,96
sign_test_og_cel0.2__norm_spectral_radius,new_cel_removed_chunk_7,37,IPC,10.50617596161038,96
sign_test_og_cel0.2__norm_spectral_radius,new_cel_removed_chunk_7,37,KR,6.181763815383117,96
sign_test_og_cel0.2__norm_spectral_radius,new_cel_removed_chunk_7,37,MC,6.020357939104239,96
sign_test_og_cel0.2__norm_spectral_radius,new_cel_removed_chunk_7,37,cosine_similarity,0.38906748592853546,96
sign_test_og_cel0.2__norm_spectral_radius,new_cel_removed_chunk_7,37,kl_to_gaussian,1.173968487365409,96
sign_test_og_cel0.2__norm_spectral_radius,new_cel_removed_chunk_7,37,wt_mean,0.0015739091031718498,96
sign_test_og_cel0.2__norm_spectral_radius,new_cel_removed_chunk_7,38,GR,6.801030772427718,96
sign_test_og_cel0.2__norm_spectral_radius,new_cel_removed_chunk_7,38,IPC,9.087187242340235,96
sign_test_og_cel0.2__norm_spectral_radius,new_cel_removed_chunk_7,38,KR,4.102201445649068,96
sign_test_og_cel0.2__norm_spectral_radius,new_cel_removed_chunk_7,38,MC,5.206736830373605,96
sign_test_og_cel0.2__norm_spectral_radius,new_cel_removed_chunk_7,38,cosine_similarity,0.37707808613777155,96
sign_test_og_cel0.2__norm_spectral_radius,new_cel_removed_chunk_7,38,kl_to_gaussian,1.1739684870997513,96
sign_test_og_cel0.2__norm_spectral_radius,new_cel_removed_chunk_7,38,wt_mean,0.0011612122907536,96
sign_test_og_cel0.2__norm_spectral_radius,new_cel_removed_chunk_7,39,GR,10.916521362960339,96
sign_test_og_cel0.2__norm_spectral_radius,new_cel_removed_chunk_7,39,IPC,9.418311181726713,96
sign_test_og_cel0.2__norm_spectral_radius,new_cel_removed_chunk_7,39,KR,5.922340743243694,96
sign_test_og_cel0.2__norm_spectral_radius,new_cel_removed_chunk_7,39,MC,5.550419611235459,96
sign_test_og_cel0.2__norm_spectral_radius,new_cel_removed_chunk_7,39,cosine_similarity,0.37578512728214264,96
sign_test_og_cel0.2__norm_spectral_radius,new_cel_removed_chunk_7,39,kl_to_gaussian,1.1739684602835736,96
sign_test_og_cel0.2__norm_spectral_radius,new_cel_removed_chunk_7,39,wt_mean,0.0015054582327138,96
sign_test_og_cel0.2__norm_spectral_radius,new_cel_removed_chunk_8,40,GR,14.018250433107218,96
sign_test_og_cel0.2__norm_spectral_radius,new_cel_removed_chunk_8,40,IPC,9.442061690134544,96
sign_test_og_cel0.2__norm_spectral_radius,new_cel_removed_chunk_8,40,KR,7.717070241769155,96
sign_test_og_cel0.2__norm_spectral_radius,new_cel_removed_chunk_8,40,MC,5.447548349698384,96
sign_test_og_cel0.2__norm_spectral_radius,new_cel_removed_chunk_8,40,cosine_similarity,0.3721413016319275,96
sign_test_og_cel0.2__norm_spectral_radius,new_cel_removed_chunk_8,40,kl_to_gaussian,1.1739684953763534,96
sign_test_og_cel0.2__norm_spectral_radius,new_cel_removed_chunk_8,40,wt_mean,0.00171193826827215,96
sign_test_og_cel0.2__norm_spectral_radius,new_cel_removed_chunk_8,41,GR,15.873539544641972,96
sign_test_og_cel0.2__norm_spectral_radius,new_cel_removed_chunk_8,41,IPC,10.36537989117065,96
sign_test_og_cel0.2__norm_spectral_radius,new_cel_removed_chunk_8,41,KR,8.403577357530594,96
sign_test_og_cel0.2__norm_spectral_radius,new_cel_removed_chunk_8,41,MC,5.9635685458779335,96
sign_test_og_cel0.2__norm_spectral_radius,new_cel_removed_chunk_8,41,cosine_similarity,0.3609747290611267,96
sign_test_og_cel0.2__norm_spectral_radius,new_cel_removed_chunk_8,41,kl_to_gaussian,1.1739684847558685,96
sign_test_og_cel0.2__norm_spectral_radius,new_cel_removed_chunk_8,41,wt_mean,0.0018283816752954752,96
sign_test_og_cel0.2__norm_spectral_radius,new_cel_removed_chunk_8,42,GR,10.692426798244318,96
sign_test_og_cel0.2__norm_spectral_radius,new_cel_removed_chunk_8,42,IPC,10.272174129361774,96
sign_test_og_cel0.2__norm_spectral_radius,new_cel_removed_chunk_8,42,KR,6.0872067908446,96
sign_test_og_cel0.2__norm_spectral_radius,new_cel_removed_chunk_8,42,MC,6.199606689314048,96
sign_test_og_cel0.2__norm_spectral_radius,new_cel_removed_chunk_8,42,cosine_similarity,0.4014095067977905,96
sign_test_og_cel0.2__norm_spectral_radius,new_cel_removed_chunk_8,42,kl_to_gaussian,1.1739684852181818,96
sign_test_og_cel0.2__norm_spectral_radius,new_cel_removed_chunk_8,42,wt_mean,0.0015823180438018748,96
sign_test_og_cel0.2__norm_spectral_radius,new_cel_removed_chunk_8,43,GR,7.511130665739377,96
sign_test_og_cel0.2__norm_spectral_radius,new_cel_removed_chunk_8,43,IPC,8.28952456750138,96
sign_test_og_cel0.2__norm_spectral_radius,new_cel_removed_chunk_8,43,KR,4.378235300381978,96
sign_test_og_cel0.2__norm_spectral_radius,new_cel_removed_chunk_8,43,MC,4.808979503810406,96
sign_test_og_cel0.2__norm_spectral_radius,new_cel_removed_chunk_8,43,cosine_similarity,0.3891850411891937,96
sign_test_og_cel0.2__norm_spectral_radius,new_cel_removed_chunk_8,43,kl_to_gaussian,1.1739684791319316,96
sign_test_og_cel0.2__norm_spectral_radius,new_cel_removed_chunk_8,43,wt_mean,0.00112930328759825,96
sign_test_og_cel0.2__norm_spectral_radius,new_cel_removed_chunk_8,44,GR,9.145405200620493,96
sign_test_og_cel0.2__norm_spectral_radius,new_cel_removed_chunk_8,44,IPC,9.809038123667321,96
sign_test_og_cel0.2__norm_spectral_radius,new_cel_removed_chunk_8,44,KR,5.23592071980238,96
sign_test_og_cel0.2__norm_spectral_radius,new_cel_removed_chunk_8,44,MC,5.66986558586359,96
sign_test_og_cel0.2__norm_spectral_radius,new_cel_removed_chunk_8,44,cosine_similarity,0.3809570372104645,96
sign_test_og_cel0.2__norm_spectral_radius,new_cel_removed_chunk_8,44,kl_to_gaussian,1.17396848821989,96
sign_test_og_cel0.2__norm_spectral_radius,new_cel_removed_chunk_8,44,wt_mean,0.0013709387130802,96
sign_test_og_cel0.2__norm_spectral_radius,new_cel_removed_chunk_9,45,GR,5.51778482273221,96
sign_test_og_cel0.2__norm_spectral_radius,new_cel_removed_chunk_9,45,IPC,7.987369479369716,96
sign_test_og_cel0.2__norm_spectral_radius,new_cel_removed_chunk_9,45,KR,3.3384864814579487,96
sign_test_og_cel0.2__norm_spectral_radius,new_cel_removed_chunk_9,45,MC,4.498786884049575,96
sign_test_og_cel0.2__norm_spectral_radius,new_cel_removed_chunk_9,45,cosine_similarity,0.39553236216306686,96
sign_test_og_cel0.2__norm_spectral_radius,new_cel_removed_chunk_9,45,kl_to_gaussian,1.173968520079746,96
sign_test_og_cel0.2__norm_spectral_radius,new_cel_removed_chunk_9,45,wt_mean,0.000982411598670225,96
sign_test_og_cel0.2__norm_spectral_radius,new_cel_removed_chunk_9,46,GR,10.832802268366018,96
sign_test_og_cel0.2__norm_spectral_radius,new_cel_removed_chunk_9,46,IPC,8.369221798142831,96
sign_test_og_cel0.2__norm_spectral_radius,new_cel_removed_chunk_9,46,KR,6.068497784435749,96
sign_test_og_cel0.2__norm_spectral_radius,new_cel_removed_chunk_9,46,MC,4.9829416411618395,96
sign_test_og_cel0.2__norm_spectral_radius,new_cel_removed_chunk_9,46,cosine_similarity,0.3686150088906288,96
sign_test_og_cel0.2__norm_spectral_radius,new_cel_removed_chunk_9,46,kl_to_gaussian,1.1739684951504388,96
sign_test_og_cel0.2__norm_spectral_radius,new_cel_removed_chunk_9,46,wt_mean,0.0013788278156425249,96
sign_test_og_cel0.2__norm_spectral_radius,new_cel_removed_chunk_9,47,GR,13.310765797893206,96
sign_test_og_cel0.2__norm_spectral_radius,new_cel_removed_chunk_9,47,IPC,10.205752006843966,96
sign_test_og_cel0.2__norm_spectral_radius,new_cel_removed_chunk_9,47,KR,7.207666662832101,96
sign_test_og_cel0.2__norm_spectral_radius,new_cel_removed_chunk_9,47,MC,5.750899297495683,96
sign_test_og_cel0.2__norm_spectral_radius,new_cel_removed_chunk_9,47,cosine_similarity,0.3922411575913429,96
sign_test_og_cel0.2__norm_spectral_radius,new_cel_removed_chunk_9,47,kl_to_gaussian,1.173968527317352,96
sign_test_og_cel0.2__norm_spectral_radius,new_cel_removed_chunk_9,47,wt_mean,0.001928332610987075,96
sign_test_og_cel0.2__norm_spectral_radius,new_cel_removed_chunk_9,48,GR,10.667411215603352,96
sign_test_og_cel0.2__norm_spectral_radius,new_cel_removed_chunk_9,48,IPC,9.65397110152698,96
sign_test_og_cel0.2__norm_spectral_radius,new_cel_removed_chunk_9,48,KR,5.988818282882373,96
sign_test_og_cel0.2__norm_spectral_radius,new_cel_removed_chunk_9,48,MC,5.1993303373456,96
sign_test_og_cel0.2__norm_spectral_radius,new_cel_removed_chunk_9,48,cosine_similarity,0.3637957349419594,96
sign_test_og_cel0.2__norm_spectral_radius,new_cel_removed_chunk_9,48,kl_to_gaussian,1.1739685555219588,96
sign_test_og_cel0.2__norm_spectral_radius,new_cel_removed_chunk_9,48,wt_mean,0.00138007914938495,96
sign_test_og_cel0.2__norm_spectral_radius,new_cel_removed_chunk_9,49,GR,8.591464303433895,96
sign_test_og_cel0.2__norm_spectral_radius,new_cel_removed_chunk_9,49,IPC,8.762616046220094,96
sign_test_og_cel0.2__norm_spectral_radius,new_cel_removed_chunk_9,49,KR,4.868992341061433,96
sign_test_og_cel0.2__norm_spectral_radius,new_cel_removed_chunk_9,49,MC,4.951963031043609,96
sign_test_og_cel0.2__norm_spectral_radius,new_cel_removed_chunk_9,49,cosine_similarity,0.39400428533554077,96
sign_test_og_cel0.2__norm_spectral_radius,new_cel_removed_chunk_9,49,kl_to_gaussian,1.1739684965983035,96
sign_test_og_cel0.2__norm_spectral_radius,new_cel_removed_chunk_9,49,wt_mean,0.0013728352496399998,96
sign_test_og_cel0.4__norm_original_radius,new_cel_removed_chunk_0,0,GR,5.455319022138913,96
sign_test_og_cel0.4__norm_original_radius,new_cel_removed_chunk_0,0,IPC,8.420769522434014,96
sign_test_og_cel0.4__norm_original_radius,new_cel_removed_chunk_0,0,KR,3.329296282182137,96
sign_test_og_cel0.4__norm_original_radius,new_cel_removed_chunk_0,0,MC,4.904651829351981,96
sign_test_og_cel0.4__norm_original_radius,new_cel_removed_chunk_0,0,cosine_similarity,0.1043782271444797,96
sign_test_og_cel0.4__norm_original_radius,new_cel_removed_chunk_0,0,kl_to_gaussian,1.1739684703756503,96
sign_test_og_cel0.4__norm_original_radius,new_cel_removed_chunk_0,0,wt_mean,0.000253059559327025,96
sign_test_og_cel0.4__norm_original_radius,new_cel_removed_chunk_0,1,GR,5.480567703644435,96
sign_test_og_cel0.4__norm_original_radius,new_cel_removed_chunk_0,1,IPC,7.827474204483269,96
sign_test_og_cel0.4__norm_original_radius,new_cel_removed_chunk_0,1,KR,3.2325882464647293,96
sign_test_og_cel0.4__norm_original_radius,new_cel_removed_chunk_0,1,MC,4.061568016807239,96
sign_test_og_cel0.4__norm_original_radius,new_cel_removed_chunk_0,1,cosine_similarity,0.14575337618589398,96
sign_test_og_cel0.4__norm_original_radius,new_cel_removed_chunk_0,1,kl_to_gaussian,1.1739684703756503,96
sign_test_og_cel0.4__norm_original_radius,new_cel_removed_chunk_0,1,wt_mean,0.000353371455275875,96
sign_test_og_cel0.4__norm_original_radius,new_cel_removed_chunk_0,2,GR,6.360102213919163,96
sign_test_og_cel0.4__norm_original_radius,new_cel_removed_chunk_0,2,IPC,7.830819135049012,96
sign_test_og_cel0.4__norm_original_radius,new_cel_removed_chunk_0,2,KR,3.7984063935776553,96
sign_test_og_cel0.4__norm_original_radius,new_cel_removed_chunk_0,2,MC,4.644057127336661,96
sign_test_og_cel0.4__norm_original_radius,new_cel_removed_chunk_0,2,cosine_similarity,0.12200968153774734,96
sign_test_og_cel0.4__norm_original_radius,new_cel_removed_chunk_0,2,kl_to_gaussian,1.1739684703756503,96
sign_test_og_cel0.4__norm_original_radius,new_cel_removed_chunk_0,2,wt_mean,0.00029580608679675,96
sign_test_og_cel0.4__norm_original_radius,new_cel_removed_chunk_0,3,GR,6.392709241559108,96
sign_test_og_cel0.4__norm_original_radius,new_cel_removed_chunk_0,3,IPC,8.403547172223757,96
sign_test_og_cel0.4__norm_original_radius,new_cel_removed_chunk_0,3,KR,3.5755531191825867,96
sign_test_og_cel0.4__norm_original_radius,new_cel_removed_chunk_0,3,MC,4.610301767786344,96
sign_test_og_cel0.4__norm_original_radius,new_cel_removed_chunk_0,3,cosine_similarity,0.12200968898832794,96
sign_test_og_cel0.4__norm_original_radius,new_cel_removed_chunk_0,3,kl_to_gaussian,1.1739684703756503,96
sign_test_og_cel0.4__norm_original_radius,new_cel_removed_chunk_0,3,wt_mean,0.000295806108624625,96
sign_test_og_cel0.4__norm_original_radius,new_cel_removed_chunk_0,4,GR,5.778975448260705,96
sign_test_og_cel0.4__norm_original_radius,new_cel_removed_chunk_0,4,IPC,7.903812335644663,96
sign_test_og_cel0.4__norm_original_radius,new_cel_removed_chunk_0,4,KR,3.3674579871197543,96
sign_test_og_cel0.4__norm_original_radius,new_cel_removed_chunk_0,4,MC,4.421143179138501,96
sign_test_og_cel0.4__norm_original_radius,new_cel_removed_chunk_0,4,cosine_similarity,0.10085193254053586,96
sign_test_og_cel0.4__norm_original_radius,new_cel_removed_chunk_0,4,kl_to_gaussian,1.1739684703756503,96
sign_test_og_cel0.4__norm_original_radius,new_cel_removed_chunk_0,4,wt_mean,0.000244510250922725,96
sign_test_og_cel0.4__norm_original_radius,new_cel_removed_chunk_1,5,GR,4.9689600976804895,96
sign_test_og_cel0.4__norm_original_radius,new_cel_removed_chunk_1,5,IPC,9.134162010620106,96
sign_test_og_cel0.4__norm_original_radius,new_cel_removed_chunk_1,5,KR,3.138260101278623,96
sign_test_og_cel0.4__norm_original_radius,new_cel_removed_chunk_1,5,MC,5.52863925198714,96
sign_test_og_cel0.4__norm_original_radius,new_cel_removed_chunk_1,5,cosine_similarity,0.12483071535825725,96
sign_test_og_cel0.4__norm_original_radius,new_cel_removed_chunk_1,5,kl_to_gaussian,1.1739684703756503,96
sign_test_og_cel0.4__norm_original_radius,new_cel_removed_chunk_1,5,wt_mean,0.0003026455560757,96
sign_test_og_cel0.4__norm_original_radius,new_cel_removed_chunk_1,6,GR,5.050947520881891,96
sign_test_og_cel0.4__norm_original_radius,new_cel_removed_chunk_1,6,IPC,8.794162143279197,96
sign_test_og_cel0.4__norm_original_radius,new_cel_removed_chunk_1,6,KR,3.140377347668012,96
sign_test_og_cel0.4__norm_original_radius,new_cel_removed_chunk_1,6,MC,4.7820727080106735,96
sign_test_og_cel0.4__norm_original_radius,new_cel_removed_chunk_1,6,cosine_similarity,0.14105165377259252,96
sign_test_og_cel0.4__norm_original_radius,new_cel_removed_chunk_1,6,kl_to_gaussian,1.1739684703756503,96
sign_test_og_cel0.4__norm_original_radius,new_cel_removed_chunk_1,6,wt_mean,0.00034197237982875006,96
sign_test_og_cel0.4__norm_original_radius,new_cel_removed_chunk_1,7,GR,5.703636762996514,96
sign_test_og_cel0.4__norm_original_radius,new_cel_removed_chunk_1,7,IPC,8.08128470889171,96
sign_test_og_cel0.4__norm_original_radius,new_cel_removed_chunk_1,7,KR,3.3453744165599346,96
sign_test_og_cel0.4__norm_original_radius,new_cel_removed_chunk_1,7,MC,4.422105236599843,96
sign_test_og_cel0.4__norm_original_radius,new_cel_removed_chunk_1,7,cosine_similarity,0.1171904262155294,96
sign_test_og_cel0.4__norm_original_radius,new_cel_removed_chunk_1,7,kl_to_gaussian,1.1739684703756503,96
sign_test_og_cel0.4__norm_original_radius,new_cel_removed_chunk_1,7,wt_mean,0.000284122044831725,96
sign_test_og_cel0.4__norm_original_radius,new_cel_removed_chunk_1,8,GR,6.318114558855693,96
sign_test_og_cel0.4__norm_original_radius,new_cel_removed_chunk_1,8,IPC,8.214677146044016,96
sign_test_og_cel0.4__norm_original_radius,new_cel_removed_chunk_1,8,KR,3.6648650653660297,96
sign_test_og_cel0.4__norm_original_radius,new_cel_removed_chunk_1,8,MC,4.606768188377221,96
sign_test_og_cel0.4__norm_original_radius,new_cel_removed_chunk_1,8,cosine_similarity,0.09626775607466691,96
sign_test_og_cel0.4__norm_original_radius,new_cel_removed_chunk_1,8,kl_to_gaussian,1.1739684703756503,96
sign_test_og_cel0.4__norm_original_radius,new_cel_removed_chunk_1,8,wt_mean,0.00023339614563152501,96
sign_test_og_cel0.4__norm_original_radius,new_cel_removed_chunk_1,9,GR,5.30167260269324,96
sign_test_og_cel0.4__norm_original_radius,new_cel_removed_chunk_1,9,IPC,8.136227606335584,96
sign_test_og_cel0.4__norm_original_radius,new_cel_removed_chunk_1,9,KR,3.249728417644898,96
sign_test_og_cel0.4__norm_original_radius,new_cel_removed_chunk_1,9,MC,4.462318240354459,96
sign_test_og_cel0.4__norm_original_radius,new_cel_removed_chunk_1,9,cosine_similarity,0.16197431832551948,96
sign_test_og_cel0.4__norm_original_radius,new_cel_removed_chunk_1,9,kl_to_gaussian,1.1739684703756503,96
sign_test_og_cel0.4__norm_original_radius,new_cel_removed_chunk_1,9,wt_mean,0.000392698268114975,96
sign_test_og_cel0.4__norm_original_radius,new_cel_removed_chunk_10,50,GR,5.240183522303899,96
sign_test_og_cel0.4__norm_original_radius,new_cel_removed_chunk_10,50,IPC,8.57434962583153,96
sign_test_og_cel0.4__norm_original_radius,new_cel_removed_chunk_10,50,KR,3.3595510932306447,96
sign_test_og_cel0.4__norm_original_radius,new_cel_removed_chunk_10,50,MC,4.857983065148194,96
sign_test_og_cel0.4__norm_original_radius,new_cel_removed_chunk_10,50,cosine_similarity,0.1116658970713615,96
sign_test_og_cel0.4__norm_original_radius,new_cel_removed_chunk_10,50,kl_to_gaussian,1.1739684703756503,96
sign_test_og_cel0.4__norm_original_radius,new_cel_removed_chunk_10,50,wt_mean,0.000270728138275375,96
sign_test_og_cel0.4__norm_original_radius,new_cel_removed_chunk_10,51,GR,6.13431881616513,96
sign_test_og_cel0.4__norm_original_radius,new_cel_removed_chunk_10,51,IPC,8.345134312366026,96
sign_test_og_cel0.4__norm_original_radius,new_cel_removed_chunk_10,51,KR,3.7184346690773964,96
sign_test_og_cel0.4__norm_original_radius,new_cel_removed_chunk_10,51,MC,4.724602238585551,96
sign_test_og_cel0.4__norm_original_radius,new_cel_removed_chunk_10,51,cosine_similarity,0.1350569613277912,96
sign_test_og_cel0.4__norm_original_radius,new_cel_removed_chunk_10,51,kl_to_gaussian,1.1739684703756503,96
sign_test_og_cel0.4__norm_original_radius,new_cel_removed_chunk_10,51,wt_mean,0.000327438527165175,96
sign_test_og_cel0.4__norm_original_radius,new_cel_removed_chunk_10,52,GR,5.335917983204126,96
sign_test_og_cel0.4__norm_original_radius,new_cel_removed_chunk_10,52,IPC,8.257599813916206,96
sign_test_og_cel0.4__norm_original_radius,new_cel_removed_chunk_10,52,KR,3.2999157098432383,96
sign_test_og_cel0.4__norm_original_radius,new_cel_removed_chunk_10,52,MC,4.79264431943496,96
sign_test_og_cel0.4__norm_original_radius,new_cel_removed_chunk_10,52,cosine_similarity,0.1391709707677364,96
sign_test_og_cel0.4__norm_original_radius,new_cel_removed_chunk_10,52,kl_to_gaussian,1.1739684703756503,96
sign_test_og_cel0.4__norm_original_radius,new_cel_removed_chunk_10,52,wt_mean,0.00033741273728077494,96
sign_test_og_cel0.4__norm_original_radius,new_cel_removed_chunk_10,53,GR,6.100434064865112,96
sign_test_og_cel0.4__norm_original_radius,new_cel_removed_chunk_10,53,IPC,7.85900927474228,96
sign_test_og_cel0.4__norm_original_radius,new_cel_removed_chunk_10,53,KR,3.696749529490868,96
sign_test_og_cel0.4__norm_original_radius,new_cel_removed_chunk_10,53,MC,4.706520480414231,96
sign_test_og_cel0.4__norm_original_radius,new_cel_removed_chunk_10,53,cosine_similarity,0.14163937419652936,96
sign_test_og_cel0.4__norm_original_radius,new_cel_removed_chunk_10,53,kl_to_gaussian,1.1739684703756503,96
sign_test_og_cel0.4__norm_original_radius,new_cel_removed_chunk_10,53,wt_mean,0.00034339725971215,96
sign_test_og_cel0.4__norm_original_radius,new_cel_removed_chunk_10,54,GR,5.19961345816652,96
sign_test_og_cel0.4__norm_original_radius,new_cel_removed_chunk_10,54,IPC,8.060315665319283,96
sign_test_og_cel0.4__norm_original_radius,new_cel_removed_chunk_10,54,KR,3.242717037598292,96
sign_test_og_cel0.4__norm_original_radius,new_cel_removed_chunk_10,54,MC,4.7635671483973665,96
sign_test_og_cel0.4__norm_original_radius,new_cel_removed_chunk_10,54,cosine_similarity,0.1424621790647506,96
sign_test_og_cel0.4__norm_original_radius,new_cel_removed_chunk_10,54,kl_to_gaussian,1.1739684703756503,96
sign_test_og_cel0.4__norm_original_radius,new_cel_removed_chunk_10,54,wt_mean,0.00034539209082135,96
sign_test_og_cel0.4__norm_original_radius,new_cel_removed_chunk_11,55,GR,5.598505318164825,96
sign_test_og_cel0.4__norm_original_radius,new_cel_removed_chunk_11,55,IPC,8.617413273415234,96
sign_test_og_cel0.4__norm_original_radius,new_cel_removed_chunk_11,55,KR,3.334023238470157,96
sign_test_og_cel0.4__norm_original_radius,new_cel_removed_chunk_11,55,MC,4.664281956851482,96
sign_test_og_cel0.4__norm_original_radius,new_cel_removed_chunk_11,55,cosine_similarity,0.1282394714653492,96
sign_test_og_cel0.4__norm_original_radius,new_cel_removed_chunk_11,55,kl_to_gaussian,1.1739684703756503,96
sign_test_og_cel0.4__norm_original_radius,new_cel_removed_chunk_11,55,wt_mean,0.000310909890686125,96
sign_test_og_cel0.4__norm_original_radius,new_cel_removed_chunk_11,56,GR,6.234938784192006,96
sign_test_og_cel0.4__norm_original_radius,new_cel_removed_chunk_11,56,IPC,8.329626411410539,96
sign_test_og_cel0.4__norm_original_radius,new_cel_removed_chunk_11,56,KR,3.768066876878341,96
sign_test_og_cel0.4__norm_original_radius,new_cel_removed_chunk_11,56,MC,4.594998886187871,96
sign_test_og_cel0.4__norm_original_radius,new_cel_removed_chunk_11,56,cosine_similarity,0.1562147103250026,96
sign_test_og_cel0.4__norm_original_radius,new_cel_removed_chunk_11,56,kl_to_gaussian,1.1739684703756503,96
sign_test_og_cel0.4__norm_original_radius,new_cel_removed_chunk_11,56,wt_mean,0.00037873440305700003,96
sign_test_og_cel0.4__norm_original_radius,new_cel_removed_chunk_11,57,GR,5.500969688097636,96
sign_test_og_cel0.4__norm_original_radius,new_cel_removed_chunk_11,57,IPC,8.344918559473696,96
sign_test_og_cel0.4__norm_original_radius,new_cel_removed_chunk_11,57,KR,3.22217870131135,96
sign_test_og_cel0.4__norm_original_radius,new_cel_removed_chunk_11,57,MC,4.577502439419429,96
sign_test_og_cel0.4__norm_original_radius,new_cel_removed_chunk_11,57,cosine_similarity,0.14657618477940557,96
sign_test_og_cel0.4__norm_original_radius,new_cel_removed_chunk_11,57,kl_to_gaussian,1.1739684703756503,96
sign_test_og_cel0.4__norm_original_radius,new_cel_removed_chunk_11,57,wt_mean,0.0003553662827471,96
sign_test_og_cel0.4__norm_original_radius,new_cel_removed_chunk_11,58,GR,5.774648266534011,96
sign_test_og_cel0.4__norm_original_radius,new_cel_removed_chunk_11,58,IPC,7.485059041337354,96
sign_test_og_cel0.4__norm_original_radius,new_cel_removed_chunk_11,58,KR,3.4026066151758037,96
sign_test_og_cel0.4__norm_original_radius,new_cel_removed_chunk_11,58,MC,3.9212356445689998,96
sign_test_og_cel0.4__norm_original_radius,new_cel_removed_chunk_11,58,cosine_similarity,0.14904459193348882,96
sign_test_og_cel0.4__norm_original_radius,new_cel_removed_chunk_11,58,kl_to_gaussian,1.1739684703756503,96
sign_test_og_cel0.4__norm_original_radius,new_cel_removed_chunk_11,58,wt_mean,0.0003613508015405,96
sign_test_og_cel0.4__norm_original_radius,new_cel_removed_chunk_11,59,GR,5.824219959477584,96
sign_test_og_cel0.4__norm_original_radius,new_cel_removed_chunk_11,59,IPC,8.226145839652572,96
sign_test_og_cel0.4__norm_original_radius,new_cel_removed_chunk_11,59,KR,3.476336967200041,96
sign_test_og_cel0.4__norm_original_radius,new_cel_removed_chunk_11,59,MC,4.334619787832101,96
sign_test_og_cel0.4__norm_original_radius,new_cel_removed_chunk_11,59,cosine_similarity,0.11660270765423769,96
sign_test_og_cel0.4__norm_original_radius,new_cel_removed_chunk_11,59,kl_to_gaussian,1.1739684703756503,96
sign_test_og_cel0.4__norm_original_radius,new_cel_removed_chunk_11,59,wt_mean,0.00028269715039635,96
sign_test_og_cel0.4__norm_original_radius,new_cel_removed_chunk_12,60,GR,6.938998008767764,96
sign_test_og_cel0.4__norm_original_radius,new_cel_removed_chunk_12,60,IPC,8.191374666555001,96
sign_test_og_cel0.4__norm_original_radius,new_cel_removed_chunk_12,60,KR,4.15259825065732,96
sign_test_og_cel0.4__norm_original_radius,new_cel_removed_chunk_12,60,MC,4.599588296065728,96
sign_test_og_cel0.4__norm_original_radius,new_cel_removed_chunk_12,60,cosine_similarity,0.11107818409800528,96
sign_test_og_cel0.4__norm_original_radius,new_cel_removed_chunk_12,60,kl_to_gaussian,1.1739684703756503,96
sign_test_og_cel0.4__norm_original_radius,new_cel_removed_chunk_12,60,wt_mean,0.000269303251116025,96
sign_test_og_cel0.4__norm_original_radius,new_cel_removed_chunk_12,61,GR,5.769481901079416,96
sign_test_og_cel0.4__norm_original_radius,new_cel_removed_chunk_12,61,IPC,9.124370410319331,96
sign_test_og_cel0.4__norm_original_radius,new_cel_removed_chunk_12,61,KR,3.4056671696404615,96
sign_test_og_cel0.4__norm_original_radius,new_cel_removed_chunk_12,61,MC,4.99945775916179,96
sign_test_og_cel0.4__norm_original_radius,new_cel_removed_chunk_12,61,cosine_similarity,0.12353774532675739,96
sign_test_og_cel0.4__norm_original_radius,new_cel_removed_chunk_12,61,kl_to_gaussian,1.1739684703756503,96
sign_test_og_cel0.4__norm_original_radius,new_cel_removed_chunk_12,61,wt_mean,0.00029951080796305,96
sign_test_og_cel0.4__norm_original_radius,new_cel_removed_chunk_12,62,GR,5.5297319777309895,96
sign_test_og_cel0.4__norm_original_radius,new_cel_removed_chunk_12,62,IPC,8.532157789021452,96
sign_test_og_cel0.4__norm_original_radius,new_cel_removed_chunk_12,62,KR,3.4072211906313896,96
sign_test_og_cel0.4__norm_original_radius,new_cel_removed_chunk_12,62,MC,4.859397428731124,96
sign_test_og_cel0.4__norm_original_radius,new_cel_removed_chunk_12,62,cosine_similarity,0.12048162706196304,96
sign_test_og_cel0.4__norm_original_radius,new_cel_removed_chunk_12,62,kl_to_gaussian,1.1739684703756503,96
sign_test_og_cel0.4__norm_original_radius,new_cel_removed_chunk_12,62,wt_mean,0.0002921014092862,96
sign_test_og_cel0.4__norm_original_radius,new_cel_removed_chunk_12,63,GR,5.741412150363128,96
sign_test_og_cel0.4__norm_original_radius,new_cel_removed_chunk_12,63,IPC,8.365422185449951,96
sign_test_og_cel0.4__norm_original_radius,new_cel_removed_chunk_12,63,KR,3.4593556386729083,96
sign_test_og_cel0.4__norm_original_radius,new_cel_removed_chunk_12,63,MC,4.7163144176205,96
sign_test_og_cel0.4__norm_original_radius,new_cel_removed_chunk_12,63,cosine_similarity,0.13670256361365316,96
sign_test_og_cel0.4__norm_original_radius,new_cel_removed_chunk_12,63,kl_to_gaussian,1.1739684703756503,96
sign_test_og_cel0.4__norm_original_radius,new_cel_removed_chunk_12,63,wt_mean,0.00033142823303927504,96
sign_test_og_cel0.4__norm_original_radius,new_cel_removed_chunk_12,64,GR,5.440887615084648,96
sign_test_og_cel0.4__norm_original_radius,new_cel_removed_chunk_12,64,IPC,8.137860937417255,96
sign_test_og_cel0.4__norm_original_radius,new_cel_removed_chunk_12,64,KR,3.296825690815846,96
sign_test_og_cel0.4__norm_original_radius,new_cel_removed_chunk_12,64,MC,4.552765294909477,96
sign_test_og_cel0.4__norm_original_radius,new_cel_removed_chunk_12,64,cosine_similarity,0.1282394677400589,96
sign_test_og_cel0.4__norm_original_radius,new_cel_removed_chunk_12,64,kl_to_gaussian,1.1739684703756503,96
sign_test_og_cel0.4__norm_original_radius,new_cel_removed_chunk_12,64,wt_mean,0.00031090989796207503,96
sign_test_og_cel0.4__norm_original_radius,new_cel_removed_chunk_13,65,GR,5.5869183130562305,96
sign_test_og_cel0.4__norm_original_radius,new_cel_removed_chunk_13,65,IPC,8.069372045823055,96
sign_test_og_cel0.4__norm_original_radius,new_cel_removed_chunk_13,65,KR,3.426505426565806,96
sign_test_og_cel0.4__norm_original_radius,new_cel_removed_chunk_13,65,MC,4.493043494721253,96
sign_test_og_cel0.4__norm_original_radius,new_cel_removed_chunk_13,65,cosine_similarity,0.1579778641462326,96
sign_test_og_cel0.4__norm_original_radius,new_cel_removed_chunk_13,65,kl_to_gaussian,1.1739684703756503,96
sign_test_og_cel0.4__norm_original_radius,new_cel_removed_chunk_13,65,wt_mean,0.0003830090645351,96
sign_test_og_cel0.4__norm_original_radius,new_cel_removed_chunk_13,66,GR,4.841815410802762,96
sign_test_og_cel0.4__norm_original_radius,new_cel_removed_chunk_13,66,IPC,7.961776822346629,96
sign_test_og_cel0.4__norm_original_radius,new_cel_removed_chunk_13,66,KR,3.0146979863444963,96
sign_test_og_cel0.4__norm_original_radius,new_cel_removed_chunk_13,66,MC,4.529086836924155,96
sign_test_og_cel0.4__norm_original_radius,new_cel_removed_chunk_13,66,cosine_similarity,0.1438726969063282,96
sign_test_og_cel0.4__norm_original_radius,new_cel_removed_chunk_13,66,kl_to_gaussian,1.1739684703756503,96
sign_test_og_cel0.4__norm_original_radius,new_cel_removed_chunk_13,66,wt_mean,0.00034881180908992497,96
sign_test_og_cel0.4__norm_original_radius,new_cel_removed_chunk_13,67,GR,5.530301387111346,96
sign_test_og_cel0.4__norm_original_radius,new_cel_removed_chunk_13,67,IPC,7.728605673763739,96
sign_test_og_cel0.4__norm_original_radius,new_cel_removed_chunk_13,67,KR,3.318554094682137,96
sign_test_og_cel0.4__norm_original_radius,new_cel_removed_chunk_13,67,MC,4.258325062692165,96
sign_test_og_cel0.4__norm_original_radius,new_cel_removed_chunk_13,67,cosine_similarity,0.118130762130022,96
sign_test_og_cel0.4__norm_original_radius,new_cel_removed_chunk_13,67,kl_to_gaussian,1.1739684703756503,96
sign_test_og_cel0.4__norm_original_radius,new_cel_removed_chunk_13,67,wt_mean,0.00028640187156265,96
sign_test_og_cel0.4__norm_original_radius,new_cel_removed_chunk_13,68,GR,5.785268944998582,96
sign_test_og_cel0.4__norm_original_radius,new_cel_removed_chunk_13,68,IPC,7.91685380741333,96
sign_test_og_cel0.4__norm_original_radius,new_cel_removed_chunk_13,68,KR,3.512066464871168,96
sign_test_og_cel0.4__norm_original_radius,new_cel_removed_chunk_13,68,MC,4.508491437882185,96
sign_test_og_cel0.4__norm_original_radius,new_cel_removed_chunk_13,68,cosine_similarity,0.15656733512878412,96
sign_test_og_cel0.4__norm_original_radius,new_cel_removed_chunk_13,68,kl_to_gaussian,1.1739684703756503,96
sign_test_og_cel0.4__norm_original_radius,new_cel_removed_chunk_13,68,wt_mean,0.00037958934990449996,96
sign_test_og_cel0.4__norm_original_radius,new_cel_removed_chunk_13,69,GR,6.496135248492162,96
sign_test_og_cel0.4__norm_original_radius,new_cel_removed_chunk_13,69,IPC,7.9177141526975925,96
sign_test_og_cel0.4__norm_original_radius,new_cel_removed_chunk_13,69,KR,3.761103644967079,96
sign_test_og_cel0.4__norm_original_radius,new_cel_removed_chunk_13,69,MC,4.36794322108229,96
sign_test_og_cel0.4__norm_original_radius,new_cel_removed_chunk_13,69,cosine_similarity,0.11895357072353359,96
sign_test_og_cel0.4__norm_original_radius,new_cel_removed_chunk_13,69,kl_to_gaussian,1.1739684703756503,96
sign_test_og_cel0.4__norm_original_radius,new_cel_removed_chunk_13,69,wt_mean,0.000288396709947775,96
sign_test_og_cel0.4__norm_original_radius,new_cel_removed_chunk_14,70,GR,5.044241147736709,96
sign_test_og_cel0.4__norm_original_radius,new_cel_removed_chunk_14,70,IPC,7.301135436400025,96
sign_test_og_cel0.4__norm_original_radius,new_cel_removed_chunk_14,70,KR,3.0269033337632814,96
sign_test_og_cel0.4__norm_original_radius,new_cel_removed_chunk_14,70,MC,4.043140955269337,96
sign_test_og_cel0.4__norm_original_radius,new_cel_removed_chunk_14,70,cosine_similarity,0.09861861355602736,96
sign_test_og_cel0.4__norm_original_radius,new_cel_removed_chunk_14,70,kl_to_gaussian,1.1739684703756503,96
sign_test_og_cel0.4__norm_original_radius,new_cel_removed_chunk_14,70,wt_mean,0.0002390956797171,96
sign_test_og_cel0.4__norm_original_radius,new_cel_removed_chunk_14,71,GR,5.0741766554613905,96
sign_test_og_cel0.4__norm_original_radius,new_cel_removed_chunk_14,71,IPC,8.550611632612926,96
sign_test_og_cel0.4__norm_original_radius,new_cel_removed_chunk_14,71,KR,3.175200592726469,96
sign_test_og_cel0.4__norm_original_radius,new_cel_removed_chunk_14,71,MC,4.715445411701997,96
sign_test_og_cel0.4__norm_original_radius,new_cel_removed_chunk_14,71,cosine_similarity,0.12353773973882194,96
sign_test_og_cel0.4__norm_original_radius,new_cel_removed_chunk_14,71,kl_to_gaussian,1.1739684703756503,96
sign_test_og_cel0.4__norm_original_radius,new_cel_removed_chunk_14,71,wt_mean,0.00029951080796305,96
sign_test_og_cel0.4__norm_original_radius,new_cel_removed_chunk_14,72,GR,5.2041155608991785,96
sign_test_og_cel0.4__norm_original_radius,new_cel_removed_chunk_14,72,IPC,8.651762827181637,96
sign_test_og_cel0.4__norm_original_radius,new_cel_removed_chunk_14,72,KR,3.3062137799958387,96
sign_test_og_cel0.4__norm_original_radius,new_cel_removed_chunk_14,72,MC,5.117886746923129,96
sign_test_og_cel0.4__norm_original_radius,new_cel_removed_chunk_14,72,cosine_similarity,0.09544495493173595,96
sign_test_og_cel0.4__norm_original_radius,new_cel_removed_chunk_14,72,kl_to_gaussian,1.1739684703756503,96
sign_test_og_cel0.4__norm_original_radius,new_cel_removed_chunk_14,72,wt_mean,0.000231401314522325,96
sign_test_og_cel0.4__norm_original_radius,new_cel_removed_chunk_14,73,GR,4.990429970125358,96
sign_test_og_cel0.4__norm_original_radius,new_cel_removed_chunk_14,73,IPC,9.051051428746542,96
sign_test_og_cel0.4__norm_original_radius,new_cel_removed_chunk_14,73,KR,3.152398413668076,96
sign_test_og_cel0.4__norm_original_radius,new_cel_removed_chunk_14,73,MC,5.284414349744718,96
sign_test_og_cel0.4__norm_original_radius,new_cel_removed_chunk_14,73,cosine_similarity,0.1318833008408546,96
sign_test_og_cel0.4__norm_original_radius,new_cel_removed_chunk_14,73,kl_to_gaussian,1.1739684703756503,96
sign_test_og_cel0.4__norm_original_radius,new_cel_removed_chunk_14,73,wt_mean,0.000319744169246375,96
sign_test_og_cel0.4__norm_original_radius,new_cel_removed_chunk_14,74,GR,5.237256837387879,96
sign_test_og_cel0.4__norm_original_radius,new_cel_removed_chunk_14,74,IPC,8.155125885993108,96
sign_test_og_cel0.4__norm_original_radius,new_cel_removed_chunk_14,74,KR,3.0656862730781236,96
sign_test_og_cel0.4__norm_original_radius,new_cel_removed_chunk_14,74,MC,4.414879153172175,96
sign_test_og_cel0.4__norm_original_radius,new_cel_removed_chunk_14,74,cosine_similarity,0.09779581427574151,96
sign_test_og_cel0.4__norm_original_radius,new_cel_removed_chunk_14,74,kl_to_gaussian,1.1739684703756503,96
sign_test_og_cel0.4__norm_original_radius,new_cel_removed_chunk_14,74,wt_mean,0.00023710084496992497,96
sign_test_og_cel0.4__norm_original_radius,new_cel_removed_chunk_15,75,GR,5.416368807355563,96
sign_test_og_cel0.4__norm_original_radius,new_cel_removed_chunk_15,75,IPC,8.263906123459654,96
sign_test_og_cel0.4__norm_original_radius,new_cel_removed_chunk_15,75,KR,3.320147061099609,96
sign_test_og_cel0.4__norm_original_radius,new_cel_removed_chunk_15,75,MC,4.537156251569589,96
sign_test_og_cel0.4__norm_original_radius,new_cel_removed_chunk_15,75,cosine_similarity,0.11025537736713885,96
sign_test_og_cel0.4__norm_original_radius,new_cel_removed_chunk_15,75,kl_to_gaussian,1.1739684703756503,96
sign_test_og_cel0.4__norm_original_radius,new_cel_removed_chunk_15,75,wt_mean,0.00026730840181695,96
sign_test_og_cel0.4__norm_original_radius,new_cel_removed_chunk_15,76,GR,5.728126959254344,96
sign_test_og_cel0.4__norm_original_radius,new_cel_removed_chunk_15,76,IPC,8.176078303455178,96
sign_test_og_cel0.4__norm_original_radius,new_cel_removed_chunk_15,76,KR,3.450770378112793,96
sign_test_og_cel0.4__norm_original_radius,new_cel_removed_chunk_15,76,MC,4.514560098449389,96
sign_test_og_cel0.4__norm_original_radius,new_cel_removed_chunk_15,76,cosine_similarity,0.12377282790839665,96
sign_test_og_cel0.4__norm_original_radius,new_cel_removed_chunk_15,76,kl_to_gaussian,1.1739684703756503,96
sign_test_og_cel0.4__norm_original_radius,new_cel_removed_chunk_15,76,wt_mean,0.0003000807591888,96
sign_test_og_cel0.4__norm_original_radius,new_cel_removed_chunk_15,77,GR,5.187674338618915,96
sign_test_og_cel0.4__norm_original_radius,new_cel_removed_chunk_15,77,IPC,7.845774380420754,96
sign_test_og_cel0.4__norm_original_radius,new_cel_removed_chunk_15,77,KR,3.1878282241523266,96
sign_test_og_cel0.4__norm_original_radius,new_cel_removed_chunk_15,77,MC,4.543638844043016,96
sign_test_og_cel0.4__norm_original_radius,new_cel_removed_chunk_15,77,cosine_similarity,0.1315306760370731,96
sign_test_og_cel0.4__norm_original_radius,new_cel_removed_chunk_15,77,kl_to_gaussian,1.1739684703756503,96
sign_test_og_cel0.4__norm_original_radius,new_cel_removed_chunk_15,77,wt_mean,0.00031888923331274997,96
sign_test_og_cel0.4__norm_original_radius,new_cel_removed_chunk_15,78,GR,5.825795212139686,96
sign_test_og_cel0.4__norm_original_radius,new_cel_removed_chunk_15,78,IPC,8.669386138405512,96
sign_test_og_cel0.4__norm_original_radius,new_cel_removed_chunk_15,78,KR,3.468945867071549,96
sign_test_og_cel0.4__norm_original_radius,new_cel_removed_chunk_15,78,MC,4.890861699978511,96
sign_test_og_cel0.4__norm_original_radius,new_cel_removed_chunk_15,78,cosine_similarity,0.18395486474037168,96
sign_test_og_cel0.4__norm_original_radius,new_cel_removed_chunk_15,78,kl_to_gaussian,1.1739684703756503,96
sign_test_og_cel0.4__norm_original_radius,new_cel_removed_chunk_15,78,wt_mean,0.00044598896784005005,96
sign_test_og_cel0.4__norm_original_radius,new_cel_removed_chunk_15,79,GR,6.0786958287159605,96
sign_test_og_cel0.4__norm_original_radius,new_cel_removed_chunk_15,79,IPC,8.144990745912517,96
sign_test_og_cel0.4__norm_original_radius,new_cel_removed_chunk_15,79,KR,3.5887650127212205,96
sign_test_og_cel0.4__norm_original_radius,new_cel_removed_chunk_15,79,MC,4.4952349836627645,96
sign_test_og_cel0.4__norm_original_radius,new_cel_removed_chunk_15,79,cosine_similarity,0.1327061019837856,96
sign_test_og_cel0.4__norm_original_radius,new_cel_removed_chunk_15,79,kl_to_gaussian,1.1739684703756503,96
sign_test_og_cel0.4__norm_original_radius,new_cel_removed_chunk_15,79,wt_mean,0.000321739000355525,96
sign_test_og_cel0.4__norm_original_radius,new_cel_removed_chunk_16,80,GR,5.4437530028323335,96
sign_test_og_cel0.4__norm_original_radius,new_cel_removed_chunk_16,80,IPC,7.94673438475569,96
sign_test_og_cel0.4__norm_original_radius,new_cel_removed_chunk_16,80,KR,3.319288740555445,96
sign_test_og_cel0.4__norm_original_radius,new_cel_removed_chunk_16,80,MC,4.955008789896965,96
sign_test_og_cel0.4__norm_original_radius,new_cel_removed_chunk_16,80,cosine_similarity,0.1256535239517688,96
sign_test_og_cel0.4__norm_original_radius,new_cel_removed_chunk_16,80,kl_to_gaussian,1.1739684703756503,96
sign_test_og_cel0.4__norm_original_radius,new_cel_removed_chunk_16,80,wt_mean,0.00030464038718485,96
sign_test_og_cel0.4__norm_original_radius,new_cel_removed_chunk_16,81,GR,5.63072103758653,96
sign_test_og_cel0.4__norm_original_radius,new_cel_removed_chunk_16,81,IPC,7.1322533422545975,96
sign_test_og_cel0.4__norm_original_radius,new_cel_removed_chunk_16,81,KR,3.3458907082676888,96
sign_test_og_cel0.4__norm_original_radius,new_cel_removed_chunk_16,81,MC,4.105544771999121,96
sign_test_og_cel0.4__norm_original_radius,new_cel_removed_chunk_16,81,cosine_similarity,0.1153097320348024,96
sign_test_og_cel0.4__norm_original_radius,new_cel_removed_chunk_16,81,kl_to_gaussian,1.1739684703756503,96
sign_test_og_cel0.4__norm_original_radius,new_cel_removed_chunk_16,81,wt_mean,0.00027956242411159997,96
sign_test_og_cel0.4__norm_original_radius,new_cel_removed_chunk_16,82,GR,6.076734534154336,96
sign_test_og_cel0.4__norm_original_radius,new_cel_removed_chunk_16,82,IPC,7.563178584729173,96
sign_test_og_cel0.4__norm_original_radius,new_cel_removed_chunk_16,82,KR,3.670200745264689,96
sign_test_og_cel0.4__norm_original_radius,new_cel_removed_chunk_16,82,MC,4.449863823751609,96
sign_test_og_cel0.4__norm_original_radius,new_cel_removed_chunk_16,82,cosine_similarity,0.12059917300939559,96
sign_test_og_cel0.4__norm_original_radius,new_cel_removed_chunk_16,82,kl_to_gaussian,1.1739684703756503,96
sign_test_og_cel0.4__norm_original_radius,new_cel_removed_chunk_16,82,wt_mean,0.000292386383080125,96
sign_test_og_cel0.4__norm_original_radius,new_cel_removed_chunk_16,83,GR,6.19809362043937,96
sign_test_og_cel0.4__norm_original_radius,new_cel_removed_chunk_16,83,IPC,7.358863215309051,96
sign_test_og_cel0.4__norm_original_radius,new_cel_removed_chunk_16,83,KR,3.6268309578299522,96
sign_test_og_cel0.4__norm_original_radius,new_cel_removed_chunk_16,83,MC,4.226982752482097,96
sign_test_og_cel0.4__norm_original_radius,new_cel_removed_chunk_16,83,cosine_similarity,0.1292973458766937,96
sign_test_og_cel0.4__norm_original_radius,new_cel_removed_chunk_16,83,kl_to_gaussian,1.1739684703756503,96
sign_test_og_cel0.4__norm_original_radius,new_cel_removed_chunk_16,83,wt_mean,0.000313474669383075,96
sign_test_og_cel0.4__norm_original_radius,new_cel_removed_chunk_16,84,GR,4.941651658465465,96
sign_test_og_cel0.4__norm_original_radius,new_cel_removed_chunk_16,84,IPC,8.482196228084556,96
sign_test_og_cel0.4__norm_original_radius,new_cel_removed_chunk_16,84,KR,3.028903156518936,96
sign_test_og_cel0.4__norm_original_radius,new_cel_removed_chunk_16,84,MC,4.782427127162616,96
sign_test_og_cel0.4__norm_original_radius,new_cel_removed_chunk_16,84,cosine_similarity,0.10813960619270796,96
sign_test_og_cel0.4__norm_original_radius,new_cel_removed_chunk_16,84,kl_to_gaussian,1.1739684703756503,96
sign_test_og_cel0.4__norm_original_radius,new_cel_removed_chunk_16,84,wt_mean,0.0002621788225951,96
sign_test_og_cel0.4__norm_original_radius,new_cel_removed_chunk_17,85,GR,5.565107077360153,96
sign_test_og_cel0.4__norm_original_radius,new_cel_removed_chunk_17,85,IPC,7.708769880669808,96
sign_test_og_cel0.4__norm_original_radius,new_cel_removed_chunk_17,85,KR,3.215280885497729,96
sign_test_og_cel0.4__norm_original_radius,new_cel_removed_chunk_17,85,MC,4.197792834291856,96
sign_test_og_cel0.4__norm_original_radius,new_cel_removed_chunk_17,85,cosine_similarity,0.13552713394165036,96
sign_test_og_cel0.4__norm_original_radius,new_cel_removed_chunk_17,85,kl_to_gaussian,1.1739684703756503,96
sign_test_og_cel0.4__norm_original_radius,new_cel_removed_chunk_17,85,wt_mean,0.00032857844780659996,96
sign_test_og_cel0.4__norm_original_radius,new_cel_removed_chunk_17,86,GR,5.94221268966794,96
sign_test_og_cel0.4__norm_original_radius,new_cel_removed_chunk_17,86,IPC,7.2806635829618775,96
sign_test_og_cel0.4__norm_original_radius,new_cel_removed_chunk_17,86,KR,3.5407464119295278,96
sign_test_og_cel0.4__norm_original_radius,new_cel_removed_chunk_17,86,MC,4.5200435891747475,96
sign_test_og_cel0.4__norm_original_radius,new_cel_removed_chunk_17,86,cosine_similarity,0.1478691585361957,96
sign_test_og_cel0.4__norm_original_radius,new_cel_removed_chunk_17,86,kl_to_gaussian,1.1739684703756503,96
sign_test_og_cel0.4__norm_original_radius,new_cel_removed_chunk_17,86,wt_mean,0.0003585010344977,96
sign_test_og_cel0.4__norm_original_radius,new_cel_removed_chunk_17,87,GR,5.738738290965557,96
sign_test_og_cel0.4__norm_original_radius,new_cel_removed_chunk_17,87,IPC,8.00715043718288,96
sign_test_og_cel0.4__norm_original_radius,new_cel_removed_chunk_17,87,KR,3.511707735558351,96
sign_test_og_cel0.4__norm_original_radius,new_cel_removed_chunk_17,87,MC,5.088099546730518,96
sign_test_og_cel0.4__norm_original_radius,new_cel_removed_chunk_17,87,cosine_similarity,0.17419879883527747,96
sign_test_og_cel0.4__norm_original_radius,new_cel_removed_chunk_17,87,kl_to_gaussian,1.1739684703756503,96
sign_test_og_cel0.4__norm_original_radius,new_cel_removed_chunk_17,87,wt_mean,0.00042233589192615,96
sign_test_og_cel0.4__norm_original_radius,new_cel_removed_chunk_17,88,GR,6.325051978230476,96
sign_test_og_cel0.4__norm_original_radius,new_cel_removed_chunk_17,88,IPC,7.820709379333054,96
sign_test_og_cel0.4__norm_original_radius,new_cel_removed_chunk_17,88,KR,3.6819257587194443,96
sign_test_og_cel0.4__norm_original_radius,new_cel_removed_chunk_17,88,MC,4.445385272304217,96
sign_test_og_cel0.4__norm_original_radius,new_cel_removed_chunk_17,88,cosine_similarity,0.11860093474388121,96
sign_test_og_cel0.4__norm_original_radius,new_cel_removed_chunk_17,88,kl_to_gaussian,1.1739684703756503,96
sign_test_og_cel0.4__norm_original_radius,new_cel_removed_chunk_17,88,wt_mean,0.00028754176673825,96
sign_test_og_cel0.4__norm_original_radius,new_cel_removed_chunk_17,89,GR,4.943947748591502,96
sign_test_og_cel0.4__norm_original_radius,new_cel_removed_chunk_17,89,IPC,7.925671299704035,96
sign_test_og_cel0.4__norm_original_radius,new_cel_removed_chunk_17,89,KR,2.9851579504708448,96
sign_test_og_cel0.4__norm_original_radius,new_cel_removed_chunk_17,89,MC,4.427114441990852,96
sign_test_og_cel0.4__norm_original_radius,new_cel_removed_chunk_17,89,cosine_similarity,0.1388183422386646,96
sign_test_og_cel0.4__norm_original_radius,new_cel_removed_chunk_17,89,kl_to_gaussian,1.1739684703756503,96
sign_test_og_cel0.4__norm_original_radius,new_cel_removed_chunk_17,89,wt_mean,0.00033655781226112503,96
sign_test_og_cel0.4__norm_original_radius,new_cel_removed_chunk_18,90,GR,5.975496141860883,96
sign_test_og_cel0.4__norm_original_radius,new_cel_removed_chunk_18,90,IPC,7.8449770968656525,96
sign_test_og_cel0.4__norm_original_radius,new_cel_removed_chunk_18,90,KR,3.4319429732859135,96
sign_test_og_cel0.4__norm_original_radius,new_cel_removed_chunk_18,90,MC,4.194944416483243,96
sign_test_og_cel0.4__norm_original_radius,new_cel_removed_chunk_18,90,cosine_similarity,0.1459884643554687,96
sign_test_og_cel0.4__norm_original_radius,new_cel_removed_chunk_18,90,kl_to_gaussian,1.1739684703756503,96
sign_test_og_cel0.4__norm_original_radius,new_cel_removed_chunk_18,90,wt_mean,0.00035394140286367496,96
sign_test_og_cel0.4__norm_original_radius,new_cel_removed_chunk_18,91,GR,5.695223844299714,96
sign_test_og_cel0.4__norm_original_radius,new_cel_removed_chunk_18,91,IPC,7.69049492773835,96
sign_test_og_cel0.4__norm_original_radius,new_cel_removed_chunk_18,91,KR,3.4134572396675744,96
sign_test_og_cel0.4__norm_original_radius,new_cel_removed_chunk_18,91,MC,4.1965402861436205,96
sign_test_og_cel0.4__norm_original_radius,new_cel_removed_chunk_18,91,cosine_similarity,0.1452832110226154,96
sign_test_og_cel0.4__norm_original_radius,new_cel_removed_chunk_18,91,kl_to_gaussian,1.1739684703756503,96
sign_test_og_cel0.4__norm_original_radius,new_cel_removed_chunk_18,91,wt_mean,0.00035223155282435,96
sign_test_og_cel0.4__norm_original_radius,new_cel_removed_chunk_18,92,GR,6.159469608217478,96
sign_test_og_cel0.4__norm_original_radius,new_cel_removed_chunk_18,92,IPC,7.989035228038937,96
sign_test_og_cel0.4__norm_original_radius,new_cel_removed_chunk_18,92,KR,3.734315430124601,96
sign_test_og_cel0.4__norm_original_radius,new_cel_removed_chunk_18,92,MC,4.520535773287217,96
sign_test_og_cel0.4__norm_original_radius,new_cel_removed_chunk_18,92,cosine_similarity,0.1406990252435207,96
sign_test_og_cel0.4__norm_original_radius,new_cel_removed_chunk_18,92,kl_to_gaussian,1.1739684703756503,96
sign_test_og_cel0.4__norm_original_radius,new_cel_removed_chunk_18,92,wt_mean,0.00034111744389514996,96
sign_test_og_cel0.4__norm_original_radius,new_cel_removed_chunk_18,93,GR,5.603309423973163,96
sign_test_og_cel0.4__norm_original_radius,new_cel_removed_chunk_18,93,IPC,7.926656296682009,96
sign_test_og_cel0.4__norm_original_radius,new_cel_removed_chunk_18,93,KR,3.460031431168318,96
sign_test_og_cel0.4__norm_original_radius,new_cel_removed_chunk_18,93,MC,4.530183910081784,96
sign_test_og_cel0.4__norm_original_radius,new_cel_removed_chunk_18,93,cosine_similarity,0.1671462208032608,96
sign_test_og_cel0.4__norm_original_radius,new_cel_removed_chunk_18,93,kl_to_gaussian,1.1739684703756503,96
sign_test_og_cel0.4__norm_original_radius,new_cel_removed_chunk_18,93,wt_mean,0.00040523723873770004,96
sign_test_og_cel0.4__norm_original_radius,new_cel_removed_chunk_18,94,GR,5.767225477844477,96
sign_test_og_cel0.4__norm_original_radius,new_cel_removed_chunk_18,94,IPC,7.944577488479495,96
sign_test_og_cel0.4__norm_original_radius,new_cel_removed_chunk_18,94,KR,3.489115490267674,96
sign_test_og_cel0.4__norm_original_radius,new_cel_removed_chunk_18,94,MC,4.442210882902145,96
sign_test_og_cel0.4__norm_original_radius,new_cel_removed_chunk_18,94,cosine_similarity,0.13823062554001805,96
sign_test_og_cel0.4__norm_original_radius,new_cel_removed_chunk_18,94,kl_to_gaussian,1.1739684703756503,96
sign_test_og_cel0.4__norm_original_radius,new_cel_removed_chunk_18,94,wt_mean,0.00033513291054985,96
sign_test_og_cel0.4__norm_original_radius,new_cel_removed_chunk_19,95,GR,5.082170118888219,96
sign_test_og_cel0.4__norm_original_radius,new_cel_removed_chunk_19,95,IPC,7.475172613711258,96
sign_test_og_cel0.4__norm_original_radius,new_cel_removed_chunk_19,95,KR,3.025890284528335,96
sign_test_og_cel0.4__norm_original_radius,new_cel_removed_chunk_19,95,MC,4.20627195884784,96
sign_test_og_cel0.4__norm_original_radius,new_cel_removed_chunk_19,95,cosine_similarity,0.13776044920086858,96
sign_test_og_cel0.4__norm_original_radius,new_cel_removed_chunk_19,95,kl_to_gaussian,1.1739684703756503,96
sign_test_og_cel0.4__norm_original_radius,new_cel_removed_chunk_19,95,wt_mean,0.0003339930226502,96
sign_test_og_cel0.4__norm_original_radius,new_cel_removed_chunk_19,96,GR,5.986780994882186,96
sign_test_og_cel0.4__norm_original_radius,new_cel_removed_chunk_19,96,IPC,7.542634045762938,96
sign_test_og_cel0.4__norm_original_radius,new_cel_removed_chunk_19,96,KR,3.4709541127085686,96
sign_test_og_cel0.4__norm_original_radius,new_cel_removed_chunk_19,96,MC,4.249208269019921,96
sign_test_og_cel0.4__norm_original_radius,new_cel_removed_chunk_19,96,cosine_similarity,0.12318511307239531,96
sign_test_og_cel0.4__norm_original_radius,new_cel_removed_chunk_19,96,kl_to_gaussian,1.1739684703756503,96
sign_test_og_cel0.4__norm_original_radius,new_cel_removed_chunk_19,96,wt_mean,0.000298655853839525,96
sign_test_og_cel0.4__norm_original_radius,new_cel_removed_chunk_19,97,GR,5.560286104679108,96
sign_test_og_cel0.4__norm_original_radius,new_cel_removed_chunk_19,97,IPC,7.910349881245378,96
sign_test_og_cel0.4__norm_original_radius,new_cel_removed_chunk_19,97,KR,3.3261113141973815,96
sign_test_og_cel0.4__norm_original_radius,new_cel_removed_chunk_19,97,MC,4.248909300814073,96
sign_test_og_cel0.4__norm_original_radius,new_cel_removed_chunk_19,97,cosine_similarity,0.13952359929680822,96
sign_test_og_cel0.4__norm_original_radius,new_cel_removed_chunk_19,97,kl_to_gaussian,1.1739684703756503,96
sign_test_og_cel0.4__norm_original_radius,new_cel_removed_chunk_19,97,wt_mean,0.00033826766593845,96
sign_test_og_cel0.4__norm_original_radius,new_cel_removed_chunk_19,98,GR,5.80792061984539,96
sign_test_og_cel0.4__norm_original_radius,new_cel_removed_chunk_19,98,IPC,8.06443893366133,96
sign_test_og_cel0.4__norm_original_radius,new_cel_removed_chunk_19,98,KR,3.396975668768088,96
sign_test_og_cel0.4__norm_original_radius,new_cel_removed_chunk_19,98,MC,4.479874610900879,96
sign_test_og_cel0.4__norm_original_radius,new_cel_removed_chunk_19,98,cosine_similarity,0.1115483529865741,96
sign_test_og_cel0.4__norm_original_radius,new_cel_removed_chunk_19,98,kl_to_gaussian,1.1739684703756503,96
sign_test_og_cel0.4__norm_original_radius,new_cel_removed_chunk_19,98,wt_mean,0.000270443157205525,96
sign_test_og_cel0.4__norm_original_radius,new_cel_removed_chunk_19,99,GR,5.2430949211120605,96
sign_test_og_cel0.4__norm_original_radius,new_cel_removed_chunk_19,99,IPC,8.26384762603279,96
sign_test_og_cel0.4__norm_original_radius,new_cel_removed_chunk_19,99,KR,3.240124305089315,96
sign_test_og_cel0.4__norm_original_radius,new_cel_removed_chunk_19,99,MC,4.6060487776994705,96
sign_test_og_cel0.4__norm_original_radius,new_cel_removed_chunk_19,99,cosine_similarity,0.1177781336009502,96
sign_test_og_cel0.4__norm_original_radius,new_cel_removed_chunk_19,99,kl_to_gaussian,1.1739684703756503,96
sign_test_og_cel0.4__norm_original_radius,new_cel_removed_chunk_19,99,wt_mean,0.00028554691743915,96
sign_test_og_cel0.4__norm_original_radius,new_cel_removed_chunk_2,10,GR,5.109347519775231,96
sign_test_og_cel0.4__norm_original_radius,new_cel_removed_chunk_2,10,IPC,8.22721986158056,96
sign_test_og_cel0.4__norm_original_radius,new_cel_removed_chunk_2,10,KR,3.065898571163416,96
sign_test_og_cel0.4__norm_original_radius,new_cel_removed_chunk_2,10,MC,4.585331613818805,96
sign_test_og_cel0.4__norm_original_radius,new_cel_removed_chunk_2,10,cosine_similarity,0.15233579277992246,96
sign_test_og_cel0.4__norm_original_radius,new_cel_removed_chunk_2,10,kl_to_gaussian,1.1739684703756503,96
sign_test_og_cel0.4__norm_original_radius,new_cel_removed_chunk_2,10,wt_mean,0.00036933015508107506,96
sign_test_og_cel0.4__norm_original_radius,new_cel_removed_chunk_2,11,GR,5.118986199299495,96
sign_test_og_cel0.4__norm_original_radius,new_cel_removed_chunk_2,11,IPC,8.515893828526544,96
sign_test_og_cel0.4__norm_original_radius,new_cel_removed_chunk_2,11,KR,3.106130499392748,96
sign_test_og_cel0.4__norm_original_radius,new_cel_removed_chunk_2,11,MC,4.685400792707999,96
sign_test_og_cel0.4__norm_original_radius,new_cel_removed_chunk_2,11,cosine_similarity,0.1429323442280292,96
sign_test_og_cel0.4__norm_original_radius,new_cel_removed_chunk_2,11,kl_to_gaussian,1.1739684703756503,96
sign_test_og_cel0.4__norm_original_radius,new_cel_removed_chunk_2,11,wt_mean,0.00034653201873875,96
sign_test_og_cel0.4__norm_original_radius,new_cel_removed_chunk_2,12,GR,5.518767723192771,96
sign_test_og_cel0.4__norm_original_radius,new_cel_removed_chunk_2,12,IPC,8.195894109053421,96
sign_test_og_cel0.4__norm_original_radius,new_cel_removed_chunk_2,12,KR,3.199919274697701,96
sign_test_og_cel0.4__norm_original_radius,new_cel_removed_chunk_2,12,MC,4.399175400535266,96
sign_test_og_cel0.4__norm_original_radius,new_cel_removed_chunk_2,12,cosine_similarity,0.1284745521843433,96
sign_test_og_cel0.4__norm_original_radius,new_cel_removed_chunk_2,12,kl_to_gaussian,1.1739684703756503,96
sign_test_og_cel0.4__norm_original_radius,new_cel_removed_chunk_2,12,wt_mean,0.0003114798346359,96
sign_test_og_cel0.4__norm_original_radius,new_cel_removed_chunk_2,13,GR,5.828090755889813,96
sign_test_og_cel0.4__norm_original_radius,new_cel_removed_chunk_2,13,IPC,8.697155678495173,96
sign_test_og_cel0.4__norm_original_radius,new_cel_removed_chunk_2,13,KR,3.4996812219421067,96
sign_test_og_cel0.4__norm_original_radius,new_cel_removed_chunk_2,13,MC,5.161382183432579,96
sign_test_og_cel0.4__norm_original_radius,new_cel_removed_chunk_2,13,cosine_similarity,0.10637645982205866,96
sign_test_og_cel0.4__norm_original_radius,new_cel_removed_chunk_2,13,kl_to_gaussian,1.1739684703756503,96
sign_test_og_cel0.4__norm_original_radius,new_cel_removed_chunk_2,13,wt_mean,0.00025790416839295,96
sign_test_og_cel0.4__norm_original_radius,new_cel_removed_chunk_2,14,GR,5.334309360633294,96
sign_test_og_cel0.4__norm_original_radius,new_cel_removed_chunk_2,14,IPC,8.02815812730968,96
sign_test_og_cel0.4__norm_original_radius,new_cel_removed_chunk_2,14,KR,3.2381112140913806,96
sign_test_og_cel0.4__norm_original_radius,new_cel_removed_chunk_2,14,MC,4.519592586904764,96
sign_test_og_cel0.4__norm_original_radius,new_cel_removed_chunk_2,14,cosine_similarity,0.1469288058578968,96
sign_test_og_cel0.4__norm_original_radius,new_cel_removed_chunk_2,14,kl_to_gaussian,1.1739684703756503,96
sign_test_og_cel0.4__norm_original_radius,new_cel_removed_chunk_2,14,wt_mean,0.000356221222318675,96
sign_test_og_cel0.4__norm_original_radius,new_cel_removed_chunk_3,15,GR,5.062746816625197,96
sign_test_og_cel0.4__norm_original_radius,new_cel_removed_chunk_3,15,IPC,8.264771156889354,96
sign_test_og_cel0.4__norm_original_radius,new_cel_removed_chunk_3,15,KR,3.145149173835913,96
sign_test_og_cel0.4__norm_original_radius,new_cel_removed_chunk_3,15,MC,4.6166847584148245,96
sign_test_og_cel0.4__norm_original_radius,new_cel_removed_chunk_3,15,cosine_similarity,0.1620918661355972,96
sign_test_og_cel0.4__norm_original_radius,new_cel_removed_chunk_3,15,kl_to_gaussian,1.1739684703756503,96
sign_test_og_cel0.4__norm_original_radius,new_cel_removed_chunk_3,15,wt_mean,0.00039298324554687495,96
sign_test_og_cel0.4__norm_original_radius,new_cel_removed_chunk_3,16,GR,6.353063628077507,96
sign_test_og_cel0.4__norm_original_radius,new_cel_removed_chunk_3,16,IPC,7.540757844065062,96
sign_test_og_cel0.4__norm_original_radius,new_cel_removed_chunk_3,16,KR,3.6702038620909057,96
sign_test_og_cel0.4__norm_original_radius,new_cel_removed_chunk_3,16,MC,4.240789137780666,96
sign_test_og_cel0.4__norm_original_radius,new_cel_removed_chunk_3,16,cosine_similarity,0.1061413753777742,96
sign_test_og_cel0.4__norm_original_radius,new_cel_removed_chunk_3,16,kl_to_gaussian,1.1739684703756503,96
sign_test_og_cel0.4__norm_original_radius,new_cel_removed_chunk_3,16,wt_mean,0.00025733421352920003,96
sign_test_og_cel0.4__norm_original_radius,new_cel_removed_chunk_3,17,GR,5.101229035605987,96
sign_test_og_cel0.4__norm_original_radius,new_cel_removed_chunk_3,17,IPC,7.893961465814884,96
sign_test_og_cel0.4__norm_original_radius,new_cel_removed_chunk_3,17,KR,3.1658112443983555,96
sign_test_og_cel0.4__norm_original_radius,new_cel_removed_chunk_3,17,MC,4.4097190126776695,96
sign_test_og_cel0.4__norm_original_radius,new_cel_removed_chunk_3,17,cosine_similarity,0.10202736966311926,96
sign_test_og_cel0.4__norm_original_radius,new_cel_removed_chunk_3,17,kl_to_gaussian,1.1739684703756503,96
sign_test_og_cel0.4__norm_original_radius,new_cel_removed_chunk_3,17,wt_mean,0.00024736001432750003,96
sign_test_og_cel0.4__norm_original_radius,new_cel_removed_chunk_3,18,GR,5.556505529830853,96
sign_test_og_cel0.4__norm_original_radius,new_cel_removed_chunk_3,18,IPC,8.095716518721908,96
sign_test_og_cel0.4__norm_original_radius,new_cel_removed_chunk_3,18,KR,3.26567455008626,96
sign_test_og_cel0.4__norm_original_radius,new_cel_removed_chunk_3,18,MC,4.290133843819301,96
sign_test_og_cel0.4__norm_original_radius,new_cel_removed_chunk_3,18,cosine_similarity,0.15198316425085065,96
sign_test_og_cel0.4__norm_original_radius,new_cel_removed_chunk_3,18,kl_to_gaussian,1.1739684703756503,96
sign_test_og_cel0.4__norm_original_radius,new_cel_removed_chunk_3,18,wt_mean,0.00036847523733734997,96
sign_test_og_cel0.4__norm_original_radius,new_cel_removed_chunk_3,19,GR,5.478421228627364,96
sign_test_og_cel0.4__norm_original_radius,new_cel_removed_chunk_3,19,IPC,8.332893685916304,96
sign_test_og_cel0.4__norm_original_radius,new_cel_removed_chunk_3,19,KR,3.2629679006834826,96
sign_test_og_cel0.4__norm_original_radius,new_cel_removed_chunk_3,19,MC,4.858800210058689,96
sign_test_og_cel0.4__norm_original_radius,new_cel_removed_chunk_3,19,cosine_similarity,0.11848339624702925,96
sign_test_og_cel0.4__norm_original_radius,new_cel_removed_chunk_3,19,kl_to_gaussian,1.1739684703756503,96
sign_test_og_cel0.4__norm_original_radius,new_cel_removed_chunk_3,19,wt_mean,0.000287256782030425,96
sign_test_og_cel0.4__norm_original_radius,new_cel_removed_chunk_4,20,GR,6.175806344797214,96
sign_test_og_cel0.4__norm_original_radius,new_cel_removed_chunk_4,20,IPC,8.247709058711104,96
sign_test_og_cel0.4__norm_original_radius,new_cel_removed_chunk_4,20,KR,3.6316668055951595,96
sign_test_og_cel0.4__norm_original_radius,new_cel_removed_chunk_4,20,MC,4.661633106569449,96
sign_test_og_cel0.4__norm_original_radius,new_cel_removed_chunk_4,20,cosine_similarity,0.1737286299467086,96
sign_test_og_cel0.4__norm_original_radius,new_cel_removed_chunk_4,20,kl_to_gaussian,1.1739684703756503,96
sign_test_og_cel0.4__norm_original_radius,new_cel_removed_chunk_4,20,wt_mean,0.00042119598219867506,96
sign_test_og_cel0.4__norm_original_radius,new_cel_removed_chunk_4,21,GR,4.961379092186689,96
sign_test_og_cel0.4__norm_original_radius,new_cel_removed_chunk_4,21,IPC,8.0988132335525,96
sign_test_og_cel0.4__norm_original_radius,new_cel_removed_chunk_4,21,KR,2.9620423428714275,96
sign_test_og_cel0.4__norm_original_radius,new_cel_removed_chunk_4,21,MC,4.145166654139757,96
sign_test_og_cel0.4__norm_original_radius,new_cel_removed_chunk_4,21,cosine_similarity,0.1515129879117012,96
sign_test_og_cel0.4__norm_original_radius,new_cel_removed_chunk_4,21,kl_to_gaussian,1.1739684703756503,96
sign_test_og_cel0.4__norm_original_radius,new_cel_removed_chunk_4,21,wt_mean,0.00036733533488582495,96
sign_test_og_cel0.4__norm_original_radius,new_cel_removed_chunk_4,22,GR,5.221823720882337,96
sign_test_og_cel0.4__norm_original_radius,new_cel_removed_chunk_4,22,IPC,8.318996300889271,96
sign_test_og_cel0.4__norm_original_radius,new_cel_removed_chunk_4,22,KR,3.1854981084664664,96
sign_test_og_cel0.4__norm_original_radius,new_cel_removed_chunk_4,22,MC,4.385875880718231,96
sign_test_og_cel0.4__norm_original_radius,new_cel_removed_chunk_4,22,cosine_similarity,0.13658502325415608,96
sign_test_og_cel0.4__norm_original_radius,new_cel_removed_chunk_4,22,kl_to_gaussian,1.1739684703756503,96
sign_test_og_cel0.4__norm_original_radius,new_cel_removed_chunk_4,22,wt_mean,0.000331143248331425,96
sign_test_og_cel0.4__norm_original_radius,new_cel_removed_chunk_4,23,GR,5.6990201858182745,96
sign_test_og_cel0.4__norm_original_radius,new_cel_removed_chunk_4,23,IPC,8.17756493009287,96
sign_test_og_cel0.4__norm_original_radius,new_cel_removed_chunk_4,23,KR,3.5415455736219883,96
sign_test_og_cel0.4__norm_original_radius,new_cel_removed_chunk_4,23,MC,4.667269945144653,96
sign_test_og_cel0.4__norm_original_radius,new_cel_removed_chunk_4,23,cosine_similarity,0.13599730655550948,96
sign_test_og_cel0.4__norm_original_radius,new_cel_removed_chunk_4,23,kl_to_gaussian,1.1739684703756503,96
sign_test_og_cel0.4__norm_original_radius,new_cel_removed_chunk_4,23,wt_mean,0.000329718372086,96
sign_test_og_cel0.4__norm_original_radius,new_cel_removed_chunk_4,24,GR,5.195065664748351,96
sign_test_og_cel0.4__norm_original_radius,new_cel_removed_chunk_4,24,IPC,7.844453956489026,96
sign_test_og_cel0.4__norm_original_radius,new_cel_removed_chunk_4,24,KR,3.1618424778183303,96
sign_test_og_cel0.4__norm_original_radius,new_cel_removed_chunk_4,24,MC,4.331117112189531,96
sign_test_og_cel0.4__norm_original_radius,new_cel_removed_chunk_4,24,cosine_similarity,0.11143080890178676,96
sign_test_og_cel0.4__norm_original_radius,new_cel_removed_chunk_4,24,kl_to_gaussian,1.1739684703756503,96
sign_test_og_cel0.4__norm_original_radius,new_cel_removed_chunk_4,24,wt_mean,0.00027015816522175,96
sign_test_og_cel0.4__norm_original_radius,new_cel_removed_chunk_5,25,GR,4.789460770785809,96
sign_test_og_cel0.4__norm_original_radius,new_cel_removed_chunk_5,25,IPC,8.300868036202232,96
sign_test_og_cel0.4__norm_original_radius,new_cel_removed_chunk_5,25,KR,2.977903159956137,96
sign_test_og_cel0.4__norm_original_radius,new_cel_removed_chunk_5,25,MC,4.8945722207427025,96
sign_test_og_cel0.4__norm_original_radius,new_cel_removed_chunk_5,25,cosine_similarity,0.1521007046103477,96
sign_test_og_cel0.4__norm_original_radius,new_cel_removed_chunk_5,25,kl_to_gaussian,1.1739684703756503,96
sign_test_og_cel0.4__norm_original_radius,new_cel_removed_chunk_5,25,wt_mean,0.000368760207493275,96
sign_test_og_cel0.4__norm_original_radius,new_cel_removed_chunk_5,26,GR,6.155150696635246,96
sign_test_og_cel0.4__norm_original_radius,new_cel_removed_chunk_5,26,IPC,8.695625360602813,96
sign_test_og_cel0.4__norm_original_radius,new_cel_removed_chunk_5,26,KR,3.7176453868548074,96
sign_test_og_cel0.4__norm_original_radius,new_cel_removed_chunk_5,26,MC,4.841153219342232,96
sign_test_og_cel0.4__norm_original_radius,new_cel_removed_chunk_5,26,cosine_similarity,0.16843919083476058,96
sign_test_og_cel0.4__norm_original_radius,new_cel_removed_chunk_5,26,kl_to_gaussian,1.1739684703756503,96
sign_test_og_cel0.4__norm_original_radius,new_cel_removed_chunk_5,26,wt_mean,0.00040837201231622497,96
sign_test_og_cel0.4__norm_original_radius,new_cel_removed_chunk_5,27,GR,6.434725655863683,96
sign_test_og_cel0.4__norm_original_radius,new_cel_removed_chunk_5,27,IPC,7.715350244456761,96
sign_test_og_cel0.4__norm_original_radius,new_cel_removed_chunk_5,27,KR,3.685069750994444,96
sign_test_og_cel0.4__norm_original_radius,new_cel_removed_chunk_5,27,MC,4.213287466516097,96
sign_test_og_cel0.4__norm_original_radius,new_cel_removed_chunk_5,27,cosine_similarity,0.15186562389135358,96
sign_test_og_cel0.4__norm_original_radius,new_cel_removed_chunk_5,27,kl_to_gaussian,1.1739684703756503,96
sign_test_og_cel0.4__norm_original_radius,new_cel_removed_chunk_5,27,wt_mean,0.0003681902526295,96
sign_test_og_cel0.4__norm_original_radius,new_cel_removed_chunk_5,28,GR,5.361160871883233,96
sign_test_og_cel0.4__norm_original_radius,new_cel_removed_chunk_5,28,IPC,8.373494910119524,96
sign_test_og_cel0.4__norm_original_radius,new_cel_removed_chunk_5,28,KR,3.2956748319168887,96
sign_test_og_cel0.4__norm_original_radius,new_cel_removed_chunk_5,28,MC,4.878528406222661,96
sign_test_og_cel0.4__norm_original_radius,new_cel_removed_chunk_5,28,cosine_similarity,0.1374078243970871,96
sign_test_og_cel0.4__norm_original_radius,new_cel_removed_chunk_5,28,kl_to_gaussian,1.1739684703756503,96
sign_test_og_cel0.4__norm_original_radius,new_cel_removed_chunk_5,28,wt_mean,0.00033313809399255004,96
sign_test_og_cel0.4__norm_original_radius,new_cel_removed_chunk_5,29,GR,5.0784310437738895,96
sign_test_og_cel0.4__norm_original_radius,new_cel_removed_chunk_5,29,IPC,8.63430174566958,96
sign_test_og_cel0.4__norm_original_radius,new_cel_removed_chunk_5,29,KR,3.0114408868054547,96
sign_test_og_cel0.4__norm_original_radius,new_cel_removed_chunk_5,29,MC,4.449431454141934,96
sign_test_og_cel0.4__norm_original_radius,new_cel_removed_chunk_5,29,cosine_similarity,0.11754305101931095,96
sign_test_og_cel0.4__norm_original_radius,new_cel_removed_chunk_5,29,kl_to_gaussian,1.1739684703756503,96
sign_test_og_cel0.4__norm_original_radius,new_cel_removed_chunk_5,29,wt_mean,0.00028497697348935,96
sign_test_og_cel0.4__norm_original_radius,new_cel_removed_chunk_6,30,GR,5.228471223264933,96
sign_test_og_cel0.4__norm_original_radius,new_cel_removed_chunk_6,30,IPC,8.629186619098027,96
sign_test_og_cel0.4__norm_original_radius,new_cel_removed_chunk_6,30,KR,3.2492757501701512,96
sign_test_og_cel0.4__norm_original_radius,new_cel_removed_chunk_6,30,MC,4.840305839975675,96
sign_test_og_cel0.4__norm_original_radius,new_cel_removed_chunk_6,30,cosine_similarity,0.1568024270236492,96
sign_test_og_cel0.4__norm_original_radius,new_cel_removed_chunk_6,30,kl_to_gaussian,1.1739684703756503,96
sign_test_og_cel0.4__norm_original_radius,new_cel_removed_chunk_6,30,wt_mean,0.000380159282940375,96
sign_test_og_cel0.4__norm_original_radius,new_cel_removed_chunk_6,31,GR,5.8134136237204075,96
sign_test_og_cel0.4__norm_original_radius,new_cel_removed_chunk_6,31,IPC,8.41899867014571,96
sign_test_og_cel0.4__norm_original_radius,new_cel_removed_chunk_6,31,KR,3.5085423476994038,96
sign_test_og_cel0.4__norm_original_radius,new_cel_removed_chunk_6,31,MC,4.916914135217667,96
sign_test_og_cel0.4__norm_original_radius,new_cel_removed_chunk_6,31,cosine_similarity,0.1276517547667026,96
sign_test_og_cel0.4__norm_original_radius,new_cel_removed_chunk_6,31,kl_to_gaussian,1.1739684703756503,96
sign_test_og_cel0.4__norm_original_radius,new_cel_removed_chunk_6,31,wt_mean,0.000309484996250775,96
sign_test_og_cel0.4__norm_original_radius,new_cel_removed_chunk_6,32,GR,4.923293923338254,96
sign_test_og_cel0.4__norm_original_radius,new_cel_removed_chunk_6,32,IPC,8.410593439340515,96
sign_test_og_cel0.4__norm_original_radius,new_cel_removed_chunk_6,32,KR,3.0464942219356694,96
sign_test_og_cel0.4__norm_original_radius,new_cel_removed_chunk_6,32,MC,4.57501046359539,96
sign_test_og_cel0.4__norm_original_radius,new_cel_removed_chunk_6,32,cosine_similarity,0.1582129411399364,96
sign_test_og_cel0.4__norm_original_radius,new_cel_removed_chunk_6,32,kl_to_gaussian,1.1739684703756503,96
sign_test_og_cel0.4__norm_original_radius,new_cel_removed_chunk_6,32,wt_mean,0.00038357899757097497,96
sign_test_og_cel0.4__norm_original_radius,new_cel_removed_chunk_6,33,GR,5.816496306409438,96
sign_test_og_cel0.4__norm_original_radius,new_cel_removed_chunk_6,33,IPC,8.716878597119297,96
sign_test_og_cel0.4__norm_original_radius,new_cel_removed_chunk_6,33,KR,3.4029360450804234,96
sign_test_og_cel0.4__norm_original_radius,new_cel_removed_chunk_6,33,MC,4.635729104280472,96
sign_test_og_cel0.4__norm_original_radius,new_cel_removed_chunk_6,33,cosine_similarity,0.140816580504179,96
sign_test_og_cel0.4__norm_original_radius,new_cel_removed_chunk_6,33,kl_to_gaussian,1.1739684703756503,96
sign_test_og_cel0.4__norm_original_radius,new_cel_removed_chunk_6,33,wt_mean,0.00034140241405107504,96
sign_test_og_cel0.4__norm_original_radius,new_cel_removed_chunk_6,34,GR,5.558631931742032,96
sign_test_og_cel0.4__norm_original_radius,new_cel_removed_chunk_6,34,IPC,7.724819007514576,96
sign_test_og_cel0.4__norm_original_radius,new_cel_removed_chunk_6,34,KR,3.235450920959314,96
sign_test_og_cel0.4__norm_original_radius,new_cel_removed_chunk_6,34,MC,4.218926289429267,96
sign_test_og_cel0.4__norm_original_radius,new_cel_removed_chunk_6,34,cosine_similarity,0.1414042934775352,96
sign_test_og_cel0.4__norm_original_radius,new_cel_removed_chunk_6,34,kl_to_gaussian,1.1739684703756503,96
sign_test_og_cel0.4__norm_original_radius,new_cel_removed_chunk_6,34,wt_mean,0.000342827293934475,96
sign_test_og_cel0.4__norm_original_radius,new_cel_removed_chunk_7,35,GR,5.828932793190082,96
sign_test_og_cel0.4__norm_original_radius,new_cel_removed_chunk_7,35,IPC,7.8824248087989846,96
sign_test_og_cel0.4__norm_original_radius,new_cel_removed_chunk_7,35,KR,3.5371443033218384,96
sign_test_og_cel0.4__norm_original_radius,new_cel_removed_chunk_7,35,MC,4.528878132502238,96
sign_test_og_cel0.4__norm_original_radius,new_cel_removed_chunk_7,35,cosine_similarity,0.1665585003793239,96
sign_test_og_cel0.4__norm_original_radius,new_cel_removed_chunk_7,35,kl_to_gaussian,1.1739684703756503,96
sign_test_og_cel0.4__norm_original_radius,new_cel_removed_chunk_7,35,wt_mean,0.000403812387958125,96
sign_test_og_cel0.4__norm_original_radius,new_cel_removed_chunk_7,36,GR,5.535938274115324,96
sign_test_og_cel0.4__norm_original_radius,new_cel_removed_chunk_7,36,IPC,8.050056143625797,96
sign_test_og_cel0.4__norm_original_radius,new_cel_removed_chunk_7,36,KR,3.311977367848158,96
sign_test_og_cel0.4__norm_original_radius,new_cel_removed_chunk_7,36,MC,4.548666646083196,96
sign_test_og_cel0.4__norm_original_radius,new_cel_removed_chunk_7,36,cosine_similarity,0.10931503959000105,96
sign_test_og_cel0.4__norm_original_radius,new_cel_removed_chunk_7,36,kl_to_gaussian,1.1739684703756503,96
sign_test_og_cel0.4__norm_original_radius,new_cel_removed_chunk_7,36,wt_mean,0.00026502859327587504,96
sign_test_og_cel0.4__norm_original_radius,new_cel_removed_chunk_7,37,GR,5.732484528174003,96
sign_test_og_cel0.4__norm_original_radius,new_cel_removed_chunk_7,37,IPC,8.410389030010224,96
sign_test_og_cel0.4__norm_original_radius,new_cel_removed_chunk_7,37,KR,3.4397433238724866,96
sign_test_og_cel0.4__norm_original_radius,new_cel_removed_chunk_7,37,MC,4.394348337004582,96
sign_test_og_cel0.4__norm_original_radius,new_cel_removed_chunk_7,37,cosine_similarity,0.13858326151967046,96
sign_test_og_cel0.4__norm_original_radius,new_cel_removed_chunk_7,37,kl_to_gaussian,1.1739684703756503,96
sign_test_og_cel0.4__norm_original_radius,new_cel_removed_chunk_7,37,wt_mean,0.000335987864673325,96
sign_test_og_cel0.4__norm_original_radius,new_cel_removed_chunk_7,38,GR,4.8311905438701315,96
sign_test_og_cel0.4__norm_original_radius,new_cel_removed_chunk_7,38,IPC,7.932897411712467,96
sign_test_og_cel0.4__norm_original_radius,new_cel_removed_chunk_7,38,KR,3.0203937043746314,96
sign_test_og_cel0.4__norm_original_radius,new_cel_removed_chunk_7,38,MC,4.321073005596797,96
sign_test_og_cel0.4__norm_original_radius,new_cel_removed_chunk_7,38,cosine_similarity,0.11425184272229666,96
sign_test_og_cel0.4__norm_original_radius,new_cel_removed_chunk_7,38,kl_to_gaussian,1.1739684703756503,96
sign_test_og_cel0.4__norm_original_radius,new_cel_removed_chunk_7,38,wt_mean,0.00027699762722475,96
sign_test_og_cel0.4__norm_original_radius,new_cel_removed_chunk_7,39,GR,5.979377426207066,96
sign_test_og_cel0.4__norm_original_radius,new_cel_removed_chunk_7,39,IPC,8.549026618554056,96
sign_test_og_cel0.4__norm_original_radius,new_cel_removed_chunk_7,39,KR,3.6329829258223376,96
sign_test_og_cel0.4__norm_original_radius,new_cel_removed_chunk_7,39,MC,5.070293066402276,96
sign_test_og_cel0.4__norm_original_radius,new_cel_removed_chunk_7,39,cosine_similarity,0.131178043782711,96
sign_test_og_cel0.4__norm_original_radius,new_cel_removed_chunk_7,39,kl_to_gaussian,1.1739684703756503,96
sign_test_og_cel0.4__norm_original_radius,new_cel_removed_chunk_7,39,wt_mean,0.00031803429737917497,96
sign_test_og_cel0.4__norm_original_radius,new_cel_removed_chunk_8,40,GR,6.14151206985116,96
sign_test_og_cel0.4__norm_original_radius,new_cel_removed_chunk_8,40,IPC,7.413590582317938,96
sign_test_og_cel0.4__norm_original_radius,new_cel_removed_chunk_8,40,KR,3.6544678869346776,96
sign_test_og_cel0.4__norm_original_radius,new_cel_removed_chunk_8,40,MC,3.9807940113047757,96
sign_test_og_cel0.4__norm_original_radius,new_cel_removed_chunk_8,40,cosine_similarity,0.13141312822699538,96
sign_test_og_cel0.4__norm_original_radius,new_cel_removed_chunk_8,40,kl_to_gaussian,1.1739684703756503,96
sign_test_og_cel0.4__norm_original_radius,new_cel_removed_chunk_8,40,wt_mean,0.00031860427043277497,96
sign_test_og_cel0.4__norm_original_radius,new_cel_removed_chunk_8,41,GR,5.786702035615842,96
sign_test_og_cel0.4__norm_original_radius,new_cel_removed_chunk_8,41,IPC,8.835088326897031,96
sign_test_og_cel0.4__norm_original_radius,new_cel_removed_chunk_8,41,KR,3.454357330997785,96
sign_test_og_cel0.4__norm_original_radius,new_cel_removed_chunk_8,41,MC,4.741666908065478,96
sign_test_og_cel0.4__norm_original_radius,new_cel_removed_chunk_8,41,cosine_similarity,0.1055536605417728,96
sign_test_og_cel0.4__norm_original_radius,new_cel_removed_chunk_8,41,kl_to_gaussian,1.1739684703756503,96
sign_test_og_cel0.4__norm_original_radius,new_cel_removed_chunk_8,41,wt_mean,0.00025590931909385,96
sign_test_og_cel0.4__norm_original_radius,new_cel_removed_chunk_8,42,GR,5.948089063167572,96
sign_test_og_cel0.4__norm_original_radius,new_cel_removed_chunk_8,42,IPC,8.309826266339924,96
sign_test_og_cel0.4__norm_original_radius,new_cel_removed_chunk_8,42,KR,3.5864251169065633,96
sign_test_og_cel0.4__norm_original_radius,new_cel_removed_chunk_8,42,MC,4.924168054014444,96
sign_test_og_cel0.4__norm_original_radius,new_cel_removed_chunk_8,42,cosine_similarity,0.1213044263422489,96
sign_test_og_cel0.4__norm_original_radius,new_cel_removed_chunk_8,42,kl_to_gaussian,1.1739684703756503,96
sign_test_og_cel0.4__norm_original_radius,new_cel_removed_chunk_8,42,wt_mean,0.00029409624767135,96
sign_test_og_cel0.4__norm_original_radius,new_cel_removed_chunk_8,43,GR,5.480074768265088,96
sign_test_og_cel0.4__norm_original_radius,new_cel_removed_chunk_8,43,IPC,8.262087495217271,96
sign_test_og_cel0.4__norm_original_radius,new_cel_removed_chunk_8,43,KR,3.336066601177057,96
sign_test_og_cel0.4__norm_original_radius,new_cel_removed_chunk_8,43,MC,4.765624868373076,96
sign_test_og_cel0.4__norm_original_radius,new_cel_removed_chunk_8,43,cosine_similarity,0.10755189321935175,96
sign_test_og_cel0.4__norm_original_radius,new_cel_removed_chunk_8,43,kl_to_gaussian,1.1739684703756503,96
sign_test_og_cel0.4__norm_original_radius,new_cel_removed_chunk_8,43,wt_mean,0.00026075392815977496,96
sign_test_og_cel0.4__norm_original_radius,new_cel_removed_chunk_8,44,GR,5.30252776419123,96
sign_test_og_cel0.4__norm_original_radius,new_cel_removed_chunk_8,44,IPC,8.23778018431583,96
sign_test_og_cel0.4__norm_original_radius,new_cel_removed_chunk_8,44,KR,3.1656717931230864,96
sign_test_og_cel0.4__norm_original_radius,new_cel_removed_chunk_8,44,MC,4.497040426979463,96
sign_test_og_cel0.4__norm_original_radius,new_cel_removed_chunk_8,44,cosine_similarity,0.1352920420467853,96
sign_test_og_cel0.4__norm_original_radius,new_cel_removed_chunk_8,44,kl_to_gaussian,1.1739684703756503,96
sign_test_og_cel0.4__norm_original_radius,new_cel_removed_chunk_8,44,wt_mean,0.00032800849294285,96
sign_test_og_cel0.4__norm_original_radius,new_cel_removed_chunk_9,45,GR,5.783836718648672,96
sign_test_og_cel0.4__norm_original_radius,new_cel_removed_chunk_9,45,IPC,7.825231179555028,96
sign_test_og_cel0.4__norm_original_radius,new_cel_removed_chunk_9,45,KR,3.5067922174930573,96
sign_test_og_cel0.4__norm_original_radius,new_cel_removed_chunk_9,45,MC,4.4483857825398445,96
sign_test_og_cel0.4__norm_original_radius,new_cel_removed_chunk_9,45,cosine_similarity,0.12130442447960375,96
sign_test_og_cel0.4__norm_original_radius,new_cel_removed_chunk_9,45,kl_to_gaussian,1.1739684703756503,96
sign_test_og_cel0.4__norm_original_radius,new_cel_removed_chunk_9,45,wt_mean,0.00029409624767135,96
sign_test_og_cel0.4__norm_original_radius,new_cel_removed_chunk_9,46,GR,6.241807105640571,96
sign_test_og_cel0.4__norm_original_radius,new_cel_removed_chunk_9,46,IPC,7.655040670151017,96
sign_test_og_cel0.4__norm_original_radius,new_cel_removed_chunk_9,46,KR,3.7266684907178083,96
sign_test_og_cel0.4__norm_original_radius,new_cel_removed_chunk_9,46,MC,4.375737947722276,96
sign_test_og_cel0.4__norm_original_radius,new_cel_removed_chunk_9,46,cosine_similarity,0.12012900039553641,96
sign_test_og_cel0.4__norm_original_radius,new_cel_removed_chunk_9,46,kl_to_gaussian,1.1739684703756503,96
sign_test_og_cel0.4__norm_original_radius,new_cel_removed_chunk_9,46,wt_mean,0.0002912464733526,96
sign_test_og_cel0.4__norm_original_radius,new_cel_removed_chunk_9,47,GR,5.358262377480666,96
sign_test_og_cel0.4__norm_original_radius,new_cel_removed_chunk_9,47,IPC,7.33334818094596,96
sign_test_og_cel0.4__norm_original_radius,new_cel_removed_chunk_9,47,KR,3.3028368403514228,96
sign_test_og_cel0.4__norm_original_radius,new_cel_removed_chunk_9,47,MC,4.221825085580349,96
sign_test_og_cel0.4__norm_original_radius,new_cel_removed_chunk_9,47,cosine_similarity,0.1445779427886009,96
sign_test_og_cel0.4__norm_original_radius,new_cel_removed_chunk_9,47,kl_to_gaussian,1.1739684703756503,96
sign_test_og_cel0.4__norm_original_radius,new_cel_removed_chunk_9,47,wt_mean,0.0003505216882331,96
sign_test_og_cel0.4__norm_original_radius,new_cel_removed_chunk_9,48,GR,5.833246324211359,96
sign_test_og_cel0.4__norm_original_radius,new_cel_removed_chunk_9,48,IPC,8.646986674415762,96
sign_test_og_cel0.4__norm_original_radius,new_cel_removed_chunk_9,48,KR,3.627363928904136,96
sign_test_og_cel0.4__norm_original_radius,new_cel_removed_chunk_9,48,MC,4.8958850254615145,96
sign_test_og_cel0.4__norm_original_radius,new_cel_removed_chunk_9,48,cosine_similarity,0.12212722375988956,96
sign_test_og_cel0.4__norm_original_radius,new_cel_removed_chunk_9,48,kl_to_gaussian,1.1739684703756503,96
sign_test_og_cel0.4__norm_original_radius,new_cel_removed_chunk_9,48,wt_mean,0.00029609106422862503,96
sign_test_og_cel0.4__norm_original_radius,new_cel_removed_chunk_9,49,GR,5.357088647782803,96
sign_test_og_cel0.4__norm_original_radius,new_cel_removed_chunk_9,49,IPC,8.211575698515224,96
sign_test_og_cel0.4__norm_original_radius,new_cel_removed_chunk_9,49,KR,3.2558832180996737,96
sign_test_og_cel0.4__norm_original_radius,new_cel_removed_chunk_9,49,MC,4.3830739085872965,96
sign_test_og_cel0.4__norm_original_radius,new_cel_removed_chunk_9,49,cosine_similarity,0.157155055552721,96
sign_test_og_cel0.4__norm_original_radius,new_cel_removed_chunk_9,49,kl_to_gaussian,1.1739684703756503,96
sign_test_og_cel0.4__norm_original_radius,new_cel_removed_chunk_9,49,wt_mean,0.000381014215236025,96
sign_test_og_cel0.4__norm_spectral_radius,new_cel_removed_chunk_0,0,GR,8.549132399260998,96
sign_test_og_cel0.4__norm_spectral_radius,new_cel_removed_chunk_0,0,IPC,9.18370407347421,96
sign_test_og_cel0.4__norm_spectral_radius,new_cel_removed_chunk_0,0,KR,4.99865809828043,96
sign_test_og_cel0.4__norm_spectral_radius,new_cel_removed_chunk_0,0,MC,5.41689567019542,96
sign_test_og_cel0.4__norm_spectral_radius,new_cel_removed_chunk_0,0,cosine_similarity,0.10437822528183455,96
sign_test_og_cel0.4__norm_spectral_radius,new_cel_removed_chunk_0,0,kl_to_gaussian,1.1739685355796494,96
sign_test_og_cel0.4__norm_spectral_radius,new_cel_removed_chunk_0,0,wt_mean,0.000352483359165425,96
sign_test_og_cel0.4__norm_spectral_radius,new_cel_removed_chunk_0,1,GR,18.02012141297261,96
sign_test_og_cel0.4__norm_spectral_radius,new_cel_removed_chunk_0,1,IPC,11.171482640950602,96
sign_test_og_cel0.4__norm_spectral_radius,new_cel_removed_chunk_0,1,KR,9.586451835930347,96
sign_test_og_cel0.4__norm_spectral_radius,new_cel_removed_chunk_0,1,MC,6.336756537357966,96
sign_test_og_cel0.4__norm_spectral_radius,new_cel_removed_chunk_0,1,cosine_similarity,0.14575337991118428,96
sign_test_og_cel0.4__norm_spectral_radius,new_cel_removed_chunk_0,1,kl_to_gaussian,1.1739684708431064,96
sign_test_og_cel0.4__norm_spectral_radius,new_cel_removed_chunk_0,1,wt_mean,0.000844359892653275,96
sign_test_og_cel0.4__norm_spectral_radius,new_cel_removed_chunk_0,2,GR,14.474070300658544,96
sign_test_og_cel0.4__norm_spectral_radius,new_cel_removed_chunk_0,2,IPC,9.692762704570253,96
sign_test_og_cel0.4__norm_spectral_radius,new_cel_removed_chunk_0,2,KR,8.061968433360258,96
sign_test_og_cel0.4__norm_spectral_radius,new_cel_removed_chunk_0,2,MC,5.857324369251728,96
sign_test_og_cel0.4__norm_spectral_radius,new_cel_removed_chunk_0,2,cosine_similarity,0.12200969085097309,96
sign_test_og_cel0.4__norm_spectral_radius,new_cel_removed_chunk_0,2,kl_to_gaussian,1.1739684758317135,96
sign_test_og_cel0.4__norm_spectral_radius,new_cel_removed_chunk_0,2,wt_mean,0.000541253983101275,96
sign_test_og_cel0.4__norm_spectral_radius,new_cel_removed_chunk_0,3,GR,12.0193732380867,96
sign_test_og_cel0.4__norm_spectral_radius,new_cel_removed_chunk_0,3,IPC,10.023162454499845,96
sign_test_og_cel0.4__norm_spectral_radius,new_cel_removed_chunk_0,3,KR,6.360103753705819,96
sign_test_og_cel0.4__norm_spectral_radius,new_cel_removed_chunk_0,3,MC,5.826501036683719,96
sign_test_og_cel0.4__norm_spectral_radius,new_cel_removed_chunk_0,3,cosine_similarity,0.12200969085097309,96
sign_test_og_cel0.4__norm_spectral_radius,new_cel_removed_chunk_0,3,kl_to_gaussian,1.1739685897106045,96
sign_test_og_cel0.4__norm_spectral_radius,new_cel_removed_chunk_0,3,wt_mean,0.0004883228029939,96
sign_test_og_cel0.4__norm_spectral_radius,new_cel_removed_chunk_0,4,GR,10.47252711902062,96
sign_test_og_cel0.4__norm_spectral_radius,new_cel_removed_chunk_0,4,IPC,9.4275145111187,96
sign_test_og_cel0.4__norm_spectral_radius,new_cel_removed_chunk_0,4,KR,5.767203974227111,96
sign_test_og_cel0.4__norm_spectral_radius,new_cel_removed_chunk_0,4,MC,5.397900961339474,96
sign_test_og_cel0.4__norm_spectral_radius,new_cel_removed_chunk_0,4,cosine_similarity,0.10085193626582616,96
sign_test_og_cel0.4__norm_spectral_radius,new_cel_removed_chunk_0,4,kl_to_gaussian,1.173968416214232,96
sign_test_og_cel0.4__norm_spectral_radius,new_cel_removed_chunk_0,4,wt_mean,0.00038007143302815,96
sign_test_og_cel0.4__norm_spectral_radius,new_cel_removed_chunk_1,5,GR,16.16121465464433,96
sign_test_og_cel0.4__norm_spectral_radius,new_cel_removed_chunk_1,5,IPC,11.701539880253668,96
sign_test_og_cel0.4__norm_spectral_radius,new_cel_removed_chunk_1,5,KR,9.487815581262112,96
sign_test_og_cel0.4__norm_spectral_radius,new_cel_removed_chunk_1,5,MC,7.330427271624406,96
sign_test_og_cel0.4__norm_spectral_radius,new_cel_removed_chunk_1,5,cosine_similarity,0.12483072280883785,96
sign_test_og_cel0.4__norm_spectral_radius,new_cel_removed_chunk_1,5,kl_to_gaussian,1.1739685375895712,96
sign_test_og_cel0.4__norm_spectral_radius,new_cel_removed_chunk_1,5,wt_mean,0.0006652976953773251,96
sign_test_og_cel0.4__norm_spectral_radius,new_cel_removed_chunk_1,6,GR,10.674350934724012,96
sign_test_og_cel0.4__norm_spectral_radius,new_cel_removed_chunk_1,6,IPC,10.539090751984233,96
sign_test_og_cel0.4__norm_spectral_radius,new_cel_removed_chunk_1,6,KR,6.136999482909839,96
sign_test_og_cel0.4__norm_spectral_radius,new_cel_removed_chunk_1,6,MC,6.082178932925065,96
sign_test_og_cel0.4__norm_spectral_radius,new_cel_removed_chunk_1,6,cosine_similarity,0.14105165377259252,96
sign_test_og_cel0.4__norm_spectral_radius,new_cel_removed_chunk_1,6,kl_to_gaussian,1.1739685365820822,96
sign_test_og_cel0.4__norm_spectral_radius,new_cel_removed_chunk_1,6,wt_mean,0.0005927055462961499,96
sign_test_og_cel0.4__norm_spectral_radius,new_cel_removed_chunk_1,7,GR,12.767839481433233,96
sign_test_og_cel0.4__norm_spectral_radius,new_cel_removed_chunk_1,7,IPC,10.00448523162317,96
sign_test_og_cel0.4__norm_spectral_radius,new_cel_removed_chunk_1,7,KR,6.843792607386907,96
sign_test_og_cel0.4__norm_spectral_radius,new_cel_removed_chunk_1,7,MC,5.830512036879857,96
sign_test_og_cel0.4__norm_spectral_radius,new_cel_removed_chunk_1,7,cosine_similarity,0.11719042807817455,96
sign_test_og_cel0.4__norm_spectral_radius,new_cel_removed_chunk_1,7,kl_to_gaussian,1.173968498011215,96
sign_test_og_cel0.4__norm_spectral_radius,new_cel_removed_chunk_1,7,wt_mean,0.000525777890288675,96
sign_test_og_cel0.4__norm_spectral_radius,new_cel_removed_chunk_1,8,GR,11.908314471443495,96
sign_test_og_cel0.4__norm_spectral_radius,new_cel_removed_chunk_1,8,IPC,9.763341488837861,96
sign_test_og_cel0.4__norm_spectral_radius,new_cel_removed_chunk_1,8,KR,6.473891022304694,96
sign_test_og_cel0.4__norm_spectral_radius,new_cel_removed_chunk_1,8,MC,5.507401612897714,96
sign_test_og_cel0.4__norm_spectral_radius,new_cel_removed_chunk_1,8,cosine_similarity,0.09626775793731206,96
sign_test_og_cel0.4__norm_spectral_radius,new_cel_removed_chunk_1,8,kl_to_gaussian,1.1739685973345513,96
sign_test_og_cel0.4__norm_spectral_radius,new_cel_removed_chunk_1,8,wt_mean,0.0003735094724106,96
sign_test_og_cel0.4__norm_spectral_radius,new_cel_removed_chunk_1,9,GR,12.135500537852446,96
sign_test_og_cel0.4__norm_spectral_radius,new_cel_removed_chunk_1,9,IPC,9.904397457563823,96
sign_test_og_cel0.4__norm_spectral_radius,new_cel_removed_chunk_1,9,KR,6.872703288992246,96
sign_test_og_cel0.4__norm_spectral_radius,new_cel_removed_chunk_1,9,MC,5.627955747147401,96
sign_test_og_cel0.4__norm_spectral_radius,new_cel_removed_chunk_1,9,cosine_similarity,0.16197431460022918,96
sign_test_og_cel0.4__norm_spectral_radius,new_cel_removed_chunk_1,9,kl_to_gaussian,1.1739685161430442,96
sign_test_og_cel0.4__norm_spectral_radius,new_cel_removed_chunk_1,9,wt_mean,0.0007105557742761,96
sign_test_og_cel0.4__norm_spectral_radius,new_cel_removed_chunk_10,50,GR,9.309382749100527,96
sign_test_og_cel0.4__norm_spectral_radius,new_cel_removed_chunk_10,50,IPC,10.074210850602062,96
sign_test_og_cel0.4__norm_spectral_radius,new_cel_removed_chunk_10,50,KR,5.617075125376384,96
sign_test_og_cel0.4__norm_spectral_radius,new_cel_removed_chunk_10,50,MC,5.863759160041809,96
sign_test_og_cel0.4__norm_spectral_radius,new_cel_removed_chunk_10,50,cosine_similarity,0.11166589893400665,96
sign_test_og_cel0.4__norm_spectral_radius,new_cel_removed_chunk_10,50,kl_to_gaussian,1.1739685884326025,96
sign_test_og_cel0.4__norm_spectral_radius,new_cel_removed_chunk_10,50,wt_mean,0.000421136399381725,96
sign_test_og_cel0.4__norm_spectral_radius,new_cel_removed_chunk_10,51,GR,11.921936410168806,96
sign_test_og_cel0.4__norm_spectral_radius,new_cel_removed_chunk_10,51,IPC,9.771503801843613,96
sign_test_og_cel0.4__norm_spectral_radius,new_cel_removed_chunk_10,51,KR,6.852845562001069,96
sign_test_og_cel0.4__norm_spectral_radius,new_cel_removed_chunk_10,51,MC,5.681381826599439,96
sign_test_og_cel0.4__norm_spectral_radius,new_cel_removed_chunk_10,51,cosine_similarity,0.13505696505308148,96
sign_test_og_cel0.4__norm_spectral_radius,new_cel_removed_chunk_10,51,kl_to_gaussian,1.1739685094459584,96
sign_test_og_cel0.4__norm_spectral_radius,new_cel_removed_chunk_10,51,wt_mean,0.00053667774773195,96
sign_test_og_cel0.4__norm_spectral_radius,new_cel_removed_chunk_10,52,GR,11.773849333326021,96
sign_test_og_cel0.4__norm_spectral_radius,new_cel_removed_chunk_10,52,IPC,10.029669000010948,96
sign_test_og_cel0.4__norm_spectral_radius,new_cel_removed_chunk_10,52,KR,6.707702366014321,96
sign_test_og_cel0.4__norm_spectral_radius,new_cel_removed_chunk_10,52,MC,6.088466703891754,96
sign_test_og_cel0.4__norm_spectral_radius,new_cel_removed_chunk_10,52,cosine_similarity,0.1391709670424461,96
sign_test_og_cel0.4__norm_spectral_radius,new_cel_removed_chunk_10,52,kl_to_gaussian,1.1739685493464849,96
sign_test_og_cel0.4__norm_spectral_radius,new_cel_removed_chunk_10,52,wt_mean,0.000595786419580625,96
sign_test_og_cel0.4__norm_spectral_radius,new_cel_removed_chunk_10,53,GR,12.556223173936209,96
sign_test_og_cel0.4__norm_spectral_radius,new_cel_removed_chunk_10,53,IPC,9.282831006654689,96
sign_test_og_cel0.4__norm_spectral_radius,new_cel_removed_chunk_10,53,KR,6.968263417482376,96
sign_test_og_cel0.4__norm_spectral_radius,new_cel_removed_chunk_10,53,MC,5.652776932964723,96
sign_test_og_cel0.4__norm_spectral_radius,new_cel_removed_chunk_10,53,cosine_similarity,0.14163936674594876,96
sign_test_og_cel0.4__norm_spectral_radius,new_cel_removed_chunk_10,53,kl_to_gaussian,1.1739686227368378,96
sign_test_og_cel0.4__norm_spectral_radius,new_cel_removed_chunk_10,53,wt_mean,0.0005811109731439,96
sign_test_og_cel0.4__norm_spectral_radius,new_cel_removed_chunk_10,54,GR,9.799655057489872,96
sign_test_og_cel0.4__norm_spectral_radius,new_cel_removed_chunk_10,54,IPC,9.241507772235844,96
sign_test_og_cel0.4__norm_spectral_radius,new_cel_removed_chunk_10,54,KR,5.664518855512142,96
sign_test_og_cel0.4__norm_spectral_radius,new_cel_removed_chunk_10,54,MC,5.55704602599144,96
sign_test_og_cel0.4__norm_spectral_radius,new_cel_removed_chunk_10,54,cosine_similarity,0.14246217533946032,96
sign_test_og_cel0.4__norm_spectral_radius,new_cel_removed_chunk_10,54,kl_to_gaussian,1.1739685979591938,96
sign_test_og_cel0.4__norm_spectral_radius,new_cel_removed_chunk_10,54,wt_mean,0.000564330337510875,96
sign_test_og_cel0.4__norm_spectral_radius,new_cel_removed_chunk_11,55,GR,8.578028231859207,96
sign_test_og_cel0.4__norm_spectral_radius,new_cel_removed_chunk_11,55,IPC,9.938958416676826,96
sign_test_og_cel0.4__norm_spectral_radius,new_cel_removed_chunk_11,55,KR,4.815235398709774,96
sign_test_og_cel0.4__norm_spectral_radius,new_cel_removed_chunk_11,55,MC,5.452775550385316,96
sign_test_og_cel0.4__norm_spectral_radius,new_cel_removed_chunk_11,55,cosine_similarity,0.1282394714653492,96
sign_test_og_cel0.4__norm_spectral_radius,new_cel_removed_chunk_11,55,kl_to_gaussian,1.1739685467192607,96
sign_test_og_cel0.4__norm_spectral_radius,new_cel_removed_chunk_11,55,wt_mean,0.000446997255494275,96
sign_test_og_cel0.4__norm_spectral_radius,new_cel_removed_chunk_11,56,GR,11.659689138333002,96
sign_test_og_cel0.4__norm_spectral_radius,new_cel_removed_chunk_11,56,IPC,9.86720226224952,96
sign_test_og_cel0.4__norm_spectral_radius,new_cel_removed_chunk_11,56,KR,6.6130011305212975,96
sign_test_og_cel0.4__norm_spectral_radius,new_cel_removed_chunk_11,56,MC,5.481057032942772,96
sign_test_og_cel0.4__norm_spectral_radius,new_cel_removed_chunk_11,56,cosine_similarity,0.1562147103250026,96
sign_test_og_cel0.4__norm_spectral_radius,new_cel_removed_chunk_11,56,kl_to_gaussian,1.1739686271595737,96
sign_test_og_cel0.4__norm_spectral_radius,new_cel_removed_chunk_11,56,wt_mean,0.000608001981163325,96
sign_test_og_cel0.4__norm_spectral_radius,new_cel_removed_chunk_11,57,GR,10.306954123079777,96
sign_test_og_cel0.4__norm_spectral_radius,new_cel_removed_chunk_11,57,IPC,9.389575440794529,96
sign_test_og_cel0.4__norm_spectral_radius,new_cel_removed_chunk_11,57,KR,5.659116250773271,96
sign_test_og_cel0.4__norm_spectral_radius,new_cel_removed_chunk_11,57,MC,5.301336561640103,96
sign_test_og_cel0.4__norm_spectral_radius,new_cel_removed_chunk_11,57,cosine_similarity,0.14657618105411527,96
sign_test_og_cel0.4__norm_spectral_radius,new_cel_removed_chunk_11,57,kl_to_gaussian,1.1739685776268591,96
sign_test_og_cel0.4__norm_spectral_radius,new_cel_removed_chunk_11,57,wt_mean,0.000577794628043125,96
sign_test_og_cel0.4__norm_spectral_radius,new_cel_removed_chunk_11,58,GR,15.116785769661268,96
sign_test_og_cel0.4__norm_spectral_radius,new_cel_removed_chunk_11,58,IPC,9.545141609461563,96
sign_test_og_cel0.4__norm_spectral_radius,new_cel_removed_chunk_11,58,KR,7.789686021705468,96
sign_test_og_cel0.4__norm_spectral_radius,new_cel_removed_chunk_11,58,MC,5.239243413011233,96
sign_test_og_cel0.4__norm_spectral_radius,new_cel_removed_chunk_11,58,cosine_similarity,0.14904459193348882,96
sign_test_og_cel0.4__norm_spectral_radius,new_cel_removed_chunk_11,58,kl_to_gaussian,1.1739685677165344,96
sign_test_og_cel0.4__norm_spectral_radius,new_cel_removed_chunk_11,58,wt_mean,0.000744944511097825,96
sign_test_og_cel0.4__norm_spectral_radius,new_cel_removed_chunk_11,59,GR,12.713122934103012,96
sign_test_og_cel0.4__norm_spectral_radius,new_cel_removed_chunk_11,59,IPC,10.227164822948406,96
sign_test_og_cel0.4__norm_spectral_radius,new_cel_removed_chunk_11,59,KR,6.945168321331342,96
sign_test_og_cel0.4__norm_spectral_radius,new_cel_removed_chunk_11,59,MC,5.5768172815442085,96
sign_test_og_cel0.4__norm_spectral_radius,new_cel_removed_chunk_11,59,cosine_similarity,0.11660270206630224,96
sign_test_og_cel0.4__norm_spectral_radius,new_cel_removed_chunk_11,59,kl_to_gaussian,1.1739684777119395,96
sign_test_og_cel0.4__norm_spectral_radius,new_cel_removed_chunk_11,59,wt_mean,0.000499084075272525,96
sign_test_og_cel0.4__norm_spectral_radius,new_cel_removed_chunk_12,60,GR,8.408193707466125,96
sign_test_og_cel0.4__norm_spectral_radius,new_cel_removed_chunk_12,60,IPC,8.578445517655476,96
sign_test_og_cel0.4__norm_spectral_radius,new_cel_removed_chunk_12,60,KR,4.918220770855744,96
sign_test_og_cel0.4__norm_spectral_radius,new_cel_removed_chunk_12,60,MC,4.762527622282505,96
sign_test_og_cel0.4__norm_spectral_radius,new_cel_removed_chunk_12,60,cosine_similarity,0.11107817664742468,96
sign_test_og_cel0.4__norm_spectral_radius,new_cel_removed_chunk_12,60,kl_to_gaussian,1.1739684930955747,96
sign_test_og_cel0.4__norm_spectral_radius,new_cel_removed_chunk_12,60,wt_mean,0.00031330864294424997,96
sign_test_og_cel0.4__norm_spectral_radius,new_cel_removed_chunk_12,61,GR,13.332139191528162,96
sign_test_og_cel0.4__norm_spectral_radius,new_cel_removed_chunk_12,61,IPC,11.360442613758428,96
sign_test_og_cel0.4__norm_spectral_radius,new_cel_removed_chunk_12,61,KR,7.453516339262326,96
sign_test_og_cel0.4__norm_spectral_radius,new_cel_removed_chunk_12,61,MC,6.5648869921763735,96
sign_test_og_cel0.4__norm_spectral_radius,new_cel_removed_chunk_12,61,cosine_similarity,0.12353773973882194,96
sign_test_og_cel0.4__norm_spectral_radius,new_cel_removed_chunk_12,61,kl_to_gaussian,1.173968518241254,96
sign_test_og_cel0.4__norm_spectral_radius,new_cel_removed_chunk_12,61,wt_mean,0.000548562005860675,96
sign_test_og_cel0.4__norm_spectral_radius,new_cel_removed_chunk_12,62,GR,8.867046164969603,96
sign_test_og_cel0.4__norm_spectral_radius,new_cel_removed_chunk_12,62,IPC,9.667804525063298,96
sign_test_og_cel0.4__norm_spectral_radius,new_cel_removed_chunk_12,62,KR,5.165866807103157,96
sign_test_og_cel0.4__norm_spectral_radius,new_cel_removed_chunk_12,62,MC,5.658154293894768,96
sign_test_og_cel0.4__norm_spectral_radius,new_cel_removed_chunk_12,62,cosine_similarity,0.12048162892460819,96
sign_test_og_cel0.4__norm_spectral_radius,new_cel_removed_chunk_12,62,kl_to_gaussian,1.17396847976073,96
sign_test_og_cel0.4__norm_spectral_radius,new_cel_removed_chunk_12,62,wt_mean,0.00042672372364900004,96
sign_test_og_cel0.4__norm_spectral_radius,new_cel_removed_chunk_12,63,GR,11.743828987081846,96
sign_test_og_cel0.4__norm_spectral_radius,new_cel_removed_chunk_12,63,IPC,10.014160697935099,96
sign_test_og_cel0.4__norm_spectral_radius,new_cel_removed_chunk_12,63,KR,6.574634907146295,96
sign_test_og_cel0.4__norm_spectral_radius,new_cel_removed_chunk_12,63,MC,5.71685907493035,96
sign_test_og_cel0.4__norm_spectral_radius,new_cel_removed_chunk_12,63,cosine_similarity,0.13670256361365316,96
sign_test_og_cel0.4__norm_spectral_radius,new_cel_removed_chunk_12,63,kl_to_gaussian,1.1739685110231972,96
sign_test_og_cel0.4__norm_spectral_radius,new_cel_removed_chunk_12,63,wt_mean,0.0005639678420266,96
sign_test_og_cel0.4__norm_spectral_radius,new_cel_removed_chunk_12,64,GR,14.425442191461721,96
sign_test_og_cel0.4__norm_spectral_radius,new_cel_removed_chunk_12,64,IPC,10.789000166406309,96
sign_test_og_cel0.4__norm_spectral_radius,new_cel_removed_chunk_12,64,KR,7.922837110857169,96
sign_test_og_cel0.4__norm_spectral_radius,new_cel_removed_chunk_12,64,MC,6.219537787139416,96
sign_test_og_cel0.4__norm_spectral_radius,new_cel_removed_chunk_12,64,cosine_similarity,0.12823947146534917,96
sign_test_og_cel0.4__norm_spectral_radius,new_cel_removed_chunk_12,64,kl_to_gaussian,1.1739686768598205,96
sign_test_og_cel0.4__norm_spectral_radius,new_cel_removed_chunk_12,64,wt_mean,0.0006066647401893999,96
sign_test_og_cel0.4__norm_spectral_radius,new_cel_removed_chunk_13,65,GR,10.889545428256193,96
sign_test_og_cel0.4__norm_spectral_radius,new_cel_removed_chunk_13,65,IPC,9.592218271736092,96
sign_test_og_cel0.4__norm_spectral_radius,new_cel_removed_chunk_13,65,KR,6.1717314173777895,96
sign_test_og_cel0.4__norm_spectral_radius,new_cel_removed_chunk_13,65,MC,5.4222383971015615,96
sign_test_og_cel0.4__norm_spectral_radius,new_cel_removed_chunk_13,65,cosine_similarity,0.15797784924507138,96
sign_test_og_cel0.4__norm_spectral_radius,new_cel_removed_chunk_13,65,kl_to_gaussian,1.1739685183384914,96
sign_test_og_cel0.4__norm_spectral_radius,new_cel_removed_chunk_13,65,wt_mean,0.0006367260939441,96
sign_test_og_cel0.4__norm_spectral_radius,new_cel_removed_chunk_13,66,GR,8.458481214940548,96
sign_test_og_cel0.4__norm_spectral_radius,new_cel_removed_chunk_13,66,IPC,9.473851595942888,96
sign_test_og_cel0.4__norm_spectral_radius,new_cel_removed_chunk_13,66,KR,4.94983396679163,96
sign_test_og_cel0.4__norm_spectral_radius,new_cel_removed_chunk_13,66,MC,5.557570946713288,96
sign_test_og_cel0.4__norm_spectral_radius,new_cel_removed_chunk_13,66,cosine_similarity,0.1438726931810379,96
sign_test_og_cel0.4__norm_spectral_radius,new_cel_removed_chunk_13,66,kl_to_gaussian,1.1739684307709706,96
sign_test_og_cel0.4__norm_spectral_radius,new_cel_removed_chunk_13,66,wt_mean,0.0005431373720057,96
sign_test_og_cel0.4__norm_spectral_radius,new_cel_removed_chunk_13,67,GR,12.696033728619417,96
sign_test_og_cel0.4__norm_spectral_radius,new_cel_removed_chunk_13,67,IPC,9.71170246349468,96
sign_test_og_cel0.4__norm_spectral_radius,new_cel_removed_chunk_13,67,KR,6.852759766081969,96
sign_test_og_cel0.4__norm_spectral_radius,new_cel_removed_chunk_13,67,MC,5.537056354184945,96
sign_test_og_cel0.4__norm_spectral_radius,new_cel_removed_chunk_13,67,cosine_similarity,0.1181307584047317,96
sign_test_og_cel0.4__norm_spectral_radius,new_cel_removed_chunk_13,67,kl_to_gaussian,1.1739684866167914,96
sign_test_og_cel0.4__norm_spectral_radius,new_cel_removed_chunk_13,67,wt_mean,0.000533666214323525,96
sign_test_og_cel0.4__norm_spectral_radius,new_cel_removed_chunk_13,68,GR,9.603116537133852,96
sign_test_og_cel0.4__norm_spectral_radius,new_cel_removed_chunk_13,68,IPC,9.117478068301452,96
sign_test_og_cel0.4__norm_spectral_radius,new_cel_removed_chunk_13,68,KR,5.510861831406753,96
sign_test_og_cel0.4__norm_spectral_radius,new_cel_removed_chunk_13,68,MC,5.302757191161315,96
sign_test_og_cel0.4__norm_spectral_radius,new_cel_removed_chunk_13,68,cosine_similarity,0.15656733512878415,96
sign_test_og_cel0.4__norm_spectral_radius,new_cel_removed_chunk_13,68,kl_to_gaussian,1.1739685111639024,96
sign_test_og_cel0.4__norm_spectral_radius,new_cel_removed_chunk_13,68,wt_mean,0.00055444793542845,96
sign_test_og_cel0.4__norm_spectral_radius,new_cel_removed_chunk_13,69,GR,8.045034565031528,96
sign_test_og_cel0.4__norm_spectral_radius,new_cel_removed_chunk_13,69,IPC,8.476890246850834,96
sign_test_og_cel0.4__norm_spectral_radius,new_cel_removed_chunk_13,69,KR,4.510868343214194,96
sign_test_og_cel0.4__norm_spectral_radius,new_cel_removed_chunk_13,69,MC,4.700546732793252,96
sign_test_og_cel0.4__norm_spectral_radius,new_cel_removed_chunk_13,69,cosine_similarity,0.11895356513559814,96
sign_test_og_cel0.4__norm_spectral_radius,new_cel_removed_chunk_13,69,kl_to_gaussian,1.1739685248636318,96
sign_test_og_cel0.4__norm_spectral_radius,new_cel_removed_chunk_13,69,wt_mean,0.00034569394119895,96
sign_test_og_cel0.4__norm_spectral_radius,new_cel_removed_chunk_14,70,GR,12.678369010488192,96
sign_test_og_cel0.4__norm_spectral_radius,new_cel_removed_chunk_14,70,IPC,10.06545477285215,96
sign_test_og_cel0.4__norm_spectral_radius,new_cel_removed_chunk_14,70,KR,6.726286455988884,96
sign_test_og_cel0.4__norm_spectral_radius,new_cel_removed_chunk_14,70,MC,5.878000753621261,96
sign_test_og_cel0.4__norm_spectral_radius,new_cel_removed_chunk_14,70,cosine_similarity,0.0986186191439628,96
sign_test_og_cel0.4__norm_spectral_radius,new_cel_removed_chunk_14,70,kl_to_gaussian,1.1739685133494562,96
sign_test_og_cel0.4__norm_spectral_radius,new_cel_removed_chunk_14,70,wt_mean,0.000471441919216825,96
sign_test_og_cel0.4__norm_spectral_radius,new_cel_removed_chunk_14,71,GR,7.119313312073548,96
sign_test_og_cel0.4__norm_spectral_radius,new_cel_removed_chunk_14,71,IPC,9.678350189694399,96
sign_test_og_cel0.4__norm_spectral_radius,new_cel_removed_chunk_14,71,KR,4.281050382802884,96
sign_test_og_cel0.4__norm_spectral_radius,new_cel_removed_chunk_14,71,MC,5.454306540389855,96
sign_test_og_cel0.4__norm_spectral_radius,new_cel_removed_chunk_14,71,cosine_similarity,0.12353774718940254,96
sign_test_og_cel0.4__norm_spectral_radius,new_cel_removed_chunk_14,71,kl_to_gaussian,1.1739685399140065,96
sign_test_og_cel0.4__norm_spectral_radius,new_cel_removed_chunk_14,71,wt_mean,0.000395844625018025,96
sign_test_og_cel0.4__norm_spectral_radius,new_cel_removed_chunk_14,72,GR,8.08415557940801,96
sign_test_og_cel0.4__norm_spectral_radius,new_cel_removed_chunk_14,72,IPC,9.677749767731504,96
sign_test_og_cel0.4__norm_spectral_radius,new_cel_removed_chunk_14,72,KR,4.921537088851134,96
sign_test_og_cel0.4__norm_spectral_radius,new_cel_removed_chunk_14,72,MC,5.803754026691119,96
sign_test_og_cel0.4__norm_spectral_radius,new_cel_removed_chunk_14,72,cosine_similarity,0.0954449567943811,96
sign_test_og_cel0.4__norm_spectral_radius,new_cel_removed_chunk_14,72,kl_to_gaussian,1.1739685437270169,96
sign_test_og_cel0.4__norm_spectral_radius,new_cel_removed_chunk_14,72,wt_mean,0.00032743025440135006,96
sign_test_og_cel0.4__norm_spectral_radius,new_cel_removed_chunk_14,73,GR,9.25879235068957,96
sign_test_og_cel0.4__norm_spectral_radius,new_cel_removed_chunk_14,73,IPC,10.602215217136072,96
sign_test_og_cel0.4__norm_spectral_radius,new_cel_removed_chunk_14,73,KR,5.600568130612373,96
sign_test_og_cel0.4__norm_spectral_radius,new_cel_removed_chunk_14,73,MC,6.313882904748122,96
sign_test_og_cel0.4__norm_spectral_radius,new_cel_removed_chunk_14,73,cosine_similarity,0.1318832971155643,96
sign_test_og_cel0.4__norm_spectral_radius,new_cel_removed_chunk_14,73,kl_to_gaussian,1.1739684948074263,96
sign_test_og_cel0.4__norm_spectral_radius,new_cel_removed_chunk_14,73,wt_mean,0.000501446374983,96
sign_test_og_cel0.4__norm_spectral_radius,new_cel_removed_chunk_14,74,GR,13.572471166650454,96
sign_test_og_cel0.4__norm_spectral_radius,new_cel_removed_chunk_14,74,IPC,10.728769810964089,96
sign_test_og_cel0.4__norm_spectral_radius,new_cel_removed_chunk_14,74,KR,7.379238565762837,96
sign_test_og_cel0.4__norm_spectral_radius,new_cel_removed_chunk_14,74,MC,6.342707991600037,96
sign_test_og_cel0.4__norm_spectral_radius,new_cel_removed_chunk_14,74,cosine_similarity,0.0977958180010318,96
sign_test_og_cel0.4__norm_spectral_radius,new_cel_removed_chunk_14,74,kl_to_gaussian,1.1739684677156128,96
sign_test_og_cel0.4__norm_spectral_radius,new_cel_removed_chunk_14,74,wt_mean,0.000480458125821275,96
sign_test_og_cel0.4__norm_spectral_radius,new_cel_removed_chunk_15,75,GR,7.905611994365851,96
sign_test_og_cel0.4__norm_spectral_radius,new_cel_removed_chunk_15,75,IPC,8.89194808443539,96
sign_test_og_cel0.4__norm_spectral_radius,new_cel_removed_chunk_15,75,KR,4.623550546665986,96
sign_test_og_cel0.4__norm_spectral_radius,new_cel_removed_chunk_15,75,MC,4.939870936175187,96
sign_test_og_cel0.4__norm_spectral_radius,new_cel_removed_chunk_15,75,cosine_similarity,0.11025538109242915,96
sign_test_og_cel0.4__norm_spectral_radius,new_cel_removed_chunk_15,75,kl_to_gaussian,1.1739684760727267,96
sign_test_og_cel0.4__norm_spectral_radius,new_cel_removed_chunk_15,75,wt_mean,0.000360282290785075,96
sign_test_og_cel0.4__norm_spectral_radius,new_cel_removed_chunk_15,76,GR,12.943174342314402,96
sign_test_og_cel0.4__norm_spectral_radius,new_cel_removed_chunk_15,76,IPC,10.421979491217856,96
sign_test_og_cel0.4__norm_spectral_radius,new_cel_removed_chunk_15,76,KR,7.175788328051567,96
sign_test_og_cel0.4__norm_spectral_radius,new_cel_removed_chunk_15,76,MC,6.060625679790974,96
sign_test_og_cel0.4__norm_spectral_radius,new_cel_removed_chunk_15,76,cosine_similarity,0.1237728372216224,96
sign_test_og_cel0.4__norm_spectral_radius,new_cel_removed_chunk_15,76,kl_to_gaussian,1.173968541460267,96
sign_test_og_cel0.4__norm_spectral_radius,new_cel_removed_chunk_15,76,wt_mean,0.0005495907971635,96
sign_test_og_cel0.4__norm_spectral_radius,new_cel_removed_chunk_15,77,GR,9.943642638623714,96
sign_test_og_cel0.4__norm_spectral_radius,new_cel_removed_chunk_15,77,IPC,9.588326100630901,96
sign_test_og_cel0.4__norm_spectral_radius,new_cel_removed_chunk_15,77,KR,5.694612016280492,96
sign_test_og_cel0.4__norm_spectral_radius,new_cel_removed_chunk_15,77,MC,5.739873508612315,96
sign_test_og_cel0.4__norm_spectral_radius,new_cel_removed_chunk_15,77,cosine_similarity,0.1315306723117828,96
sign_test_og_cel0.4__norm_spectral_radius,new_cel_removed_chunk_15,77,kl_to_gaussian,1.173968620698623,96
sign_test_og_cel0.4__norm_spectral_radius,new_cel_removed_chunk_15,77,wt_mean,0.00052185814274705,96
sign_test_og_cel0.4__norm_spectral_radius,new_cel_removed_chunk_15,78,GR,8.492759245137373,96
sign_test_og_cel0.4__norm_spectral_radius,new_cel_removed_chunk_15,78,IPC,9.229103968555286,96
sign_test_og_cel0.4__norm_spectral_radius,new_cel_removed_chunk_15,78,KR,4.854315762718518,96
sign_test_og_cel0.4__norm_spectral_radius,new_cel_removed_chunk_15,78,MC,5.311872832477093,96
sign_test_og_cel0.4__norm_spectral_radius,new_cel_removed_chunk_15,78,cosine_similarity,0.18395486846566197,96
sign_test_og_cel0.4__norm_spectral_radius,new_cel_removed_chunk_15,78,kl_to_gaussian,1.1739685865461083,96
sign_test_og_cel0.4__norm_spectral_radius,new_cel_removed_chunk_15,78,wt_mean,0.000598360682488375,96
sign_test_og_cel0.4__norm_spectral_radius,new_cel_removed_chunk_15,79,GR,17.238277941942215,96
sign_test_og_cel0.4__norm_spectral_radius,new_cel_removed_chunk_15,79,IPC,10.67564810884996,96
sign_test_og_cel0.4__norm_spectral_radius,new_cel_removed_chunk_15,79,KR,9.306217655539513,96
sign_test_og_cel0.4__norm_spectral_radius,new_cel_removed_chunk_15,79,MC,6.233700200915337,96
sign_test_og_cel0.4__norm_spectral_radius,new_cel_removed_chunk_15,79,cosine_similarity,0.132706094533205,96
sign_test_og_cel0.4__norm_spectral_radius,new_cel_removed_chunk_15,79,kl_to_gaussian,1.173968582953701,96
sign_test_og_cel0.4__norm_spectral_radius,new_cel_removed_chunk_15,79,wt_mean,0.0006802726857131,96
sign_test_og_cel0.4__norm_spectral_radius,new_cel_removed_chunk_16,80,GR,10.387993467350801,96
sign_test_og_cel0.4__norm_spectral_radius,new_cel_removed_chunk_16,80,IPC,9.257871569359926,96
sign_test_og_cel0.4__norm_spectral_radius,new_cel_removed_chunk_16,80,KR,5.9738907516002655,96
sign_test_og_cel0.4__norm_spectral_radius,new_cel_removed_chunk_16,80,MC,5.893210142850876,96
sign_test_og_cel0.4__norm_spectral_radius,new_cel_removed_chunk_16,80,cosine_similarity,0.12565352022647852,96
sign_test_og_cel0.4__norm_spectral_radius,new_cel_removed_chunk_16,80,kl_to_gaussian,1.1739684628793348,96
sign_test_og_cel0.4__norm_spectral_radius,new_cel_removed_chunk_16,80,wt_mean,0.00049692203901935,96
sign_test_og_cel0.4__norm_spectral_radius,new_cel_removed_chunk_16,81,GR,15.785690565903982,96
sign_test_og_cel0.4__norm_spectral_radius,new_cel_removed_chunk_16,81,IPC,9.731647981303055,96
sign_test_og_cel0.4__norm_spectral_radius,new_cel_removed_chunk_16,81,KR,8.533386116226515,96
sign_test_og_cel0.4__norm_spectral_radius,new_cel_removed_chunk_16,81,MC,5.929775472730398,96
sign_test_og_cel0.4__norm_spectral_radius,new_cel_removed_chunk_16,81,cosine_similarity,0.1153097357600927,96
sign_test_og_cel0.4__norm_spectral_radius,new_cel_removed_chunk_16,81,kl_to_gaussian,1.173968421850898,96
sign_test_og_cel0.4__norm_spectral_radius,new_cel_removed_chunk_16,81,wt_mean,0.000610482187767,96
sign_test_og_cel0.4__norm_spectral_radius,new_cel_removed_chunk_16,82,GR,8.725179833670458,96
sign_test_og_cel0.4__norm_spectral_radius,new_cel_removed_chunk_16,82,IPC,8.152009201554657,96
sign_test_og_cel0.4__norm_spectral_radius,new_cel_removed_chunk_16,82,KR,5.023872335751851,96
sign_test_og_cel0.4__norm_spectral_radius,new_cel_removed_chunk_16,82,MC,4.783664519588153,96
sign_test_og_cel0.4__norm_spectral_radius,new_cel_removed_chunk_16,82,cosine_similarity,0.12059917673468588,96
sign_test_og_cel0.4__norm_spectral_radius,new_cel_removed_chunk_16,82,kl_to_gaussian,1.173968512065869,96
sign_test_og_cel0.4__norm_spectral_radius,new_cel_removed_chunk_16,82,wt_mean,0.0003862410521833,96
sign_test_og_cel0.4__norm_spectral_radius,new_cel_removed_chunk_16,83,GR,9.380029107133547,96
sign_test_og_cel0.4__norm_spectral_radius,new_cel_removed_chunk_16,83,IPC,7.760885002007307,96
sign_test_og_cel0.4__norm_spectral_radius,new_cel_removed_chunk_16,83,KR,5.245071428517501,96
sign_test_og_cel0.4__norm_spectral_radius,new_cel_removed_chunk_16,83,MC,4.676872239758571,96
sign_test_og_cel0.4__norm_spectral_radius,new_cel_removed_chunk_16,83,cosine_similarity,0.1292973533272743,96
sign_test_og_cel0.4__norm_spectral_radius,new_cel_removed_chunk_16,83,kl_to_gaussian,1.1739685192769957,96
sign_test_og_cel0.4__norm_spectral_radius,new_cel_removed_chunk_16,83,wt_mean,0.00043912560795427504,96
sign_test_og_cel0.4__norm_spectral_radius,new_cel_removed_chunk_16,84,GR,10.123220982650915,96
sign_test_og_cel0.4__norm_spectral_radius,new_cel_removed_chunk_16,84,IPC,10.137438038908723,96
sign_test_og_cel0.4__norm_spectral_radius,new_cel_removed_chunk_16,84,KR,5.830976650118828,96
sign_test_og_cel0.4__norm_spectral_radius,new_cel_removed_chunk_16,84,MC,6.134739639858405,96
sign_test_og_cel0.4__norm_spectral_radius,new_cel_removed_chunk_16,84,cosine_similarity,0.10813960246741766,96
sign_test_og_cel0.4__norm_spectral_radius,new_cel_removed_chunk_16,84,kl_to_gaussian,1.1739684585043662,96
sign_test_og_cel0.4__norm_spectral_radius,new_cel_removed_chunk_16,84,wt_mean,0.00045467977906805,96
sign_test_og_cel0.4__norm_spectral_radius,new_cel_removed_chunk_17,85,GR,12.14051885654529,96
sign_test_og_cel0.4__norm_spectral_radius,new_cel_removed_chunk_17,85,IPC,9.775935271648477,96
sign_test_og_cel0.4__norm_spectral_radius,new_cel_removed_chunk_17,85,KR,6.5089652587970095,96
sign_test_og_cel0.4__norm_spectral_radius,new_cel_removed_chunk_17,85,MC,5.65415208786726,96
sign_test_og_cel0.4__norm_spectral_radius,new_cel_removed_chunk_17,85,cosine_similarity,0.13552713394165036,96
sign_test_og_cel0.4__norm_spectral_radius,new_cel_removed_chunk_17,85,kl_to_gaussian,1.1739685813895917,96
sign_test_og_cel0.4__norm_spectral_radius,new_cel_removed_chunk_17,85,wt_mean,0.0005897899609408,96
sign_test_og_cel0.4__norm_spectral_radius,new_cel_removed_chunk_17,86,GR,14.126828533907732,96
sign_test_og_cel0.4__norm_spectral_radius,new_cel_removed_chunk_17,86,IPC,9.401131341288508,96
sign_test_og_cel0.4__norm_spectral_radius,new_cel_removed_chunk_17,86,KR,7.667097995678584,96
sign_test_og_cel0.4__norm_spectral_radius,new_cel_removed_chunk_17,86,MC,5.9835490336020785,96
sign_test_og_cel0.4__norm_spectral_radius,new_cel_removed_chunk_17,86,cosine_similarity,0.1478691659867763,96
sign_test_og_cel0.4__norm_spectral_radius,new_cel_removed_chunk_17,86,kl_to_gaussian,1.1739686001508394,96
sign_test_og_cel0.4__norm_spectral_radius,new_cel_removed_chunk_17,86,wt_mean,0.0006807389800086751,96
sign_test_og_cel0.4__norm_spectral_radius,new_cel_removed_chunk_17,87,GR,11.113982672492662,96
sign_test_og_cel0.4__norm_spectral_radius,new_cel_removed_chunk_17,87,IPC,9.530242807852561,96
sign_test_og_cel0.4__norm_spectral_radius,new_cel_removed_chunk_17,87,KR,6.471654425064723,96
sign_test_og_cel0.4__norm_spectral_radius,new_cel_removed_chunk_17,87,MC,6.074280512829621,96
sign_test_og_cel0.4__norm_spectral_radius,new_cel_removed_chunk_17,87,cosine_similarity,0.17419879510998718,96
sign_test_og_cel0.4__norm_spectral_radius,new_cel_removed_chunk_17,87,kl_to_gaussian,1.1739685137316027,96
sign_test_og_cel0.4__norm_spectral_radius,new_cel_removed_chunk_17,87,wt_mean,0.0006905344271217,96
sign_test_og_cel0.4__norm_spectral_radius,new_cel_removed_chunk_17,88,GR,11.275697949031988,96
sign_test_og_cel0.4__norm_spectral_radius,new_cel_removed_chunk_17,88,IPC,9.097896140506291,96
sign_test_og_cel0.4__norm_spectral_radius,new_cel_removed_chunk_17,88,KR,6.145026929676533,96
sign_test_og_cel0.4__norm_spectral_radius,new_cel_removed_chunk_17,88,MC,5.276172595719497,96
sign_test_og_cel0.4__norm_spectral_radius,new_cel_removed_chunk_17,88,cosine_similarity,0.11860093288123606,96
sign_test_og_cel0.4__norm_spectral_radius,new_cel_removed_chunk_17,88,kl_to_gaussian,1.1739684374307575,96
sign_test_og_cel0.4__norm_spectral_radius,new_cel_removed_chunk_17,88,wt_mean,0.00044478235940907505,96
sign_test_og_cel0.4__norm_spectral_radius,new_cel_removed_chunk_17,89,GR,13.101649324099222,96
sign_test_og_cel0.4__norm_spectral_radius,new_cel_removed_chunk_17,89,IPC,10.29415182650203,96
sign_test_og_cel0.4__norm_spectral_radius,new_cel_removed_chunk_17,89,KR,7.11301972468694,96
sign_test_og_cel0.4__norm_spectral_radius,new_cel_removed_chunk_17,89,MC,6.310266459981601,96
sign_test_og_cel0.4__norm_spectral_radius,new_cel_removed_chunk_17,89,cosine_similarity,0.1388183422386646,96
sign_test_og_cel0.4__norm_spectral_radius,new_cel_removed_chunk_17,89,kl_to_gaussian,1.1739684483506083,96
sign_test_og_cel0.4__norm_spectral_radius,new_cel_removed_chunk_17,89,wt_mean,0.0006918762228451,96
sign_test_og_cel0.4__norm_spectral_radius,new_cel_removed_chunk_18,90,GR,13.121064531306425,96
sign_test_og_cel0.4__norm_spectral_radius,new_cel_removed_chunk_18,90,IPC,9.878573359349103,96
sign_test_og_cel0.4__norm_spectral_radius,new_cel_removed_chunk_18,90,KR,6.9953048676252365,96
sign_test_og_cel0.4__norm_spectral_radius,new_cel_removed_chunk_18,90,MC,5.691445875912905,96
sign_test_og_cel0.4__norm_spectral_radius,new_cel_removed_chunk_18,90,cosine_similarity,0.14598847180604932,96
sign_test_og_cel0.4__norm_spectral_radius,new_cel_removed_chunk_18,90,kl_to_gaussian,1.173968511262349,96
sign_test_og_cel0.4__norm_spectral_radius,new_cel_removed_chunk_18,90,wt_mean,0.000649949317448725,96
sign_test_og_cel0.4__norm_spectral_radius,new_cel_removed_chunk_18,91,GR,12.467505055169264,96
sign_test_og_cel0.4__norm_spectral_radius,new_cel_removed_chunk_18,91,IPC,9.130861909799092,96
sign_test_og_cel0.4__norm_spectral_radius,new_cel_removed_chunk_18,91,KR,6.880738288164139,96
sign_test_og_cel0.4__norm_spectral_radius,new_cel_removed_chunk_18,91,MC,5.246519918243091,96
sign_test_og_cel0.4__norm_spectral_radius,new_cel_removed_chunk_18,91,cosine_similarity,0.145283218473196,96
sign_test_og_cel0.4__norm_spectral_radius,new_cel_removed_chunk_18,91,kl_to_gaussian,1.1739685350819367,96
sign_test_og_cel0.4__norm_spectral_radius,new_cel_removed_chunk_18,91,wt_mean,0.000617069272266175,96
sign_test_og_cel0.4__norm_spectral_radius,new_cel_removed_chunk_18,92,GR,20.751329300304253,96
sign_test_og_cel0.4__norm_spectral_radius,new_cel_removed_chunk_18,92,IPC,10.665439657376004,96
sign_test_og_cel0.4__norm_spectral_radius,new_cel_removed_chunk_18,92,KR,11.493871040642262,96
sign_test_og_cel0.4__norm_spectral_radius,new_cel_removed_chunk_18,92,MC,6.211348777016004,96
sign_test_og_cel0.4__norm_spectral_radius,new_cel_removed_chunk_18,92,cosine_similarity,0.140699028968811,96
sign_test_og_cel0.4__norm_spectral_radius,new_cel_removed_chunk_18,92,kl_to_gaussian,1.1739685199985057,96
sign_test_og_cel0.4__norm_spectral_radius,new_cel_removed_chunk_18,92,wt_mean,0.00080190892913375,96
sign_test_og_cel0.4__norm_spectral_radius,new_cel_removed_chunk_18,93,GR,12.01182788858811,96
sign_test_og_cel0.4__norm_spectral_radius,new_cel_removed_chunk_18,93,IPC,9.629896749897863,96
sign_test_og_cel0.4__norm_spectral_radius,new_cel_removed_chunk_18,93,KR,6.687644513944785,96
sign_test_og_cel0.4__norm_spectral_radius,new_cel_removed_chunk_18,93,MC,5.8050536786516505,96
sign_test_og_cel0.4__norm_spectral_radius,new_cel_removed_chunk_18,93,cosine_similarity,0.1671462096273899,96
sign_test_og_cel0.4__norm_spectral_radius,new_cel_removed_chunk_18,93,kl_to_gaussian,1.1739684520000877,96
sign_test_og_cel0.4__norm_spectral_radius,new_cel_removed_chunk_18,93,wt_mean,0.00072582413849885,96
sign_test_og_cel0.4__norm_spectral_radius,new_cel_removed_chunk_18,94,GR,12.21475591758887,96
sign_test_og_cel0.4__norm_spectral_radius,new_cel_removed_chunk_18,94,IPC,9.434350429054698,96
sign_test_og_cel0.4__norm_spectral_radius,new_cel_removed_chunk_18,94,KR,6.817359268665314,96
sign_test_og_cel0.4__norm_spectral_radius,new_cel_removed_chunk_18,94,MC,5.5616564104954405,96
sign_test_og_cel0.4__norm_spectral_radius,new_cel_removed_chunk_18,94,cosine_similarity,0.13823062926530835,96
sign_test_og_cel0.4__norm_spectral_radius,new_cel_removed_chunk_18,94,kl_to_gaussian,1.1739684444361629,96
sign_test_og_cel0.4__norm_spectral_radius,new_cel_removed_chunk_18,94,wt_mean,0.0005895314752705751,96
sign_test_og_cel0.4__norm_spectral_radius,new_cel_removed_chunk_19,95,GR,10.25178691248099,96
sign_test_og_cel0.4__norm_spectral_radius,new_cel_removed_chunk_19,95,IPC,9.1507355573117,96
sign_test_og_cel0.4__norm_spectral_radius,new_cel_removed_chunk_19,95,KR,5.613685903449853,96
sign_test_og_cel0.4__norm_spectral_radius,new_cel_removed_chunk_19,95,MC,5.5739271106819315,96
sign_test_og_cel0.4__norm_spectral_radius,new_cel_removed_chunk_19,95,cosine_similarity,0.13776045292615888,96
sign_test_og_cel0.4__norm_spectral_radius,new_cel_removed_chunk_19,95,kl_to_gaussian,1.1739684778778943,96
sign_test_og_cel0.4__norm_spectral_radius,new_cel_removed_chunk_19,95,wt_mean,0.000586935791943625,96
sign_test_og_cel0.4__norm_spectral_radius,new_cel_removed_chunk_19,96,GR,9.403341474632422,96
sign_test_og_cel0.4__norm_spectral_radius,new_cel_removed_chunk_19,96,IPC,8.80919884236302,96
sign_test_og_cel0.4__norm_spectral_radius,new_cel_removed_chunk_19,96,KR,5.079303115606308,96
sign_test_og_cel0.4__norm_spectral_radius,new_cel_removed_chunk_19,96,MC,5.080148468414943,96
sign_test_og_cel0.4__norm_spectral_radius,new_cel_removed_chunk_19,96,cosine_similarity,0.12318511866033076,96
sign_test_og_cel0.4__norm_spectral_radius,new_cel_removed_chunk_19,96,kl_to_gaussian,1.1739685215542939,96
sign_test_og_cel0.4__norm_spectral_radius,new_cel_removed_chunk_19,96,wt_mean,0.000435169888078175,96
sign_test_og_cel0.4__norm_spectral_radius,new_cel_removed_chunk_19,97,GR,10.421975498398146,96
sign_test_og_cel0.4__norm_spectral_radius,new_cel_removed_chunk_19,97,IPC,9.447953026691467,96
sign_test_og_cel0.4__norm_spectral_radius,new_cel_removed_chunk_19,97,KR,5.78700989484787,96
sign_test_og_cel0.4__norm_spectral_radius,new_cel_removed_chunk_19,97,MC,5.30567176391681,96
sign_test_og_cel0.4__norm_spectral_radius,new_cel_removed_chunk_19,97,cosine_similarity,0.1395235955715179,96
sign_test_og_cel0.4__norm_spectral_radius,new_cel_removed_chunk_19,97,kl_to_gaussian,1.1739685165105491,96
sign_test_og_cel0.4__norm_spectral_radius,new_cel_removed_chunk_19,97,wt_mean,0.0005568891865549999,96
sign_test_og_cel0.4__norm_spectral_radius,new_cel_removed_chunk_19,98,GR,16.90646330018838,96
sign_test_og_cel0.4__norm_spectral_radius,new_cel_removed_chunk_19,98,IPC,9.690870898697069,96
sign_test_og_cel0.4__norm_spectral_radius,new_cel_removed_chunk_19,98,KR,9.00330632676681,96
sign_test_og_cel0.4__norm_spectral_radius,new_cel_removed_chunk_19,98,MC,5.735388877491157,96
sign_test_og_cel0.4__norm_spectral_radius,new_cel_removed_chunk_19,98,cosine_similarity,0.1115483529865741,96
sign_test_og_cel0.4__norm_spectral_radius,new_cel_removed_chunk_19,98,kl_to_gaussian,1.173968481008664,96
sign_test_og_cel0.4__norm_spectral_radius,new_cel_removed_chunk_19,98,wt_mean,0.00057871165336105,96
sign_test_og_cel0.4__norm_spectral_radius,new_cel_removed_chunk_19,99,GR,9.619293992718061,96
sign_test_og_cel0.4__norm_spectral_radius,new_cel_removed_chunk_19,99,IPC,9.876518431119113,96
sign_test_og_cel0.4__norm_spectral_radius,new_cel_removed_chunk_19,99,KR,5.554504955808322,96
sign_test_og_cel0.4__norm_spectral_radius,new_cel_removed_chunk_19,99,MC,5.767223156988621,96
sign_test_og_cel0.4__norm_spectral_radius,new_cel_removed_chunk_19,99,cosine_similarity,0.1177781336009502,96
sign_test_og_cel0.4__norm_spectral_radius,new_cel_removed_chunk_19,99,kl_to_gaussian,1.1739684309431562,96
sign_test_og_cel0.4__norm_spectral_radius,new_cel_removed_chunk_19,99,wt_mean,0.00045027061423747497,96
sign_test_og_cel0.4__norm_spectral_radius,new_cel_removed_chunk_2,10,GR,7.499691771964232,96
sign_test_og_cel0.4__norm_spectral_radius,new_cel_removed_chunk_2,10,IPC,9.20468566441135,96
sign_test_og_cel0.4__norm_spectral_radius,new_cel_removed_chunk_2,10,KR,4.268358914802472,96
sign_test_og_cel0.4__norm_spectral_radius,new_cel_removed_chunk_2,10,MC,5.238706151644389,96
sign_test_og_cel0.4__norm_spectral_radius,new_cel_removed_chunk_2,10,cosine_similarity,0.15233578905463216,96
sign_test_og_cel0.4__norm_spectral_radius,new_cel_removed_chunk_2,10,kl_to_gaussian,1.1739685404415638,96
sign_test_og_cel0.4__norm_spectral_radius,new_cel_removed_chunk_2,10,wt_mean,0.0005110730271552999,96
sign_test_og_cel0.4__norm_spectral_radius,new_cel_removed_chunk_2,11,GR,12.85045662522316,96
sign_test_og_cel0.4__norm_spectral_radius,new_cel_removed_chunk_2,11,IPC,11.357367887118203,96
sign_test_og_cel0.4__norm_spectral_radius,new_cel_removed_chunk_2,11,KR,7.110205675164859,96
sign_test_og_cel0.4__norm_spectral_radius,new_cel_removed_chunk_2,11,MC,6.703178035716216,96
sign_test_og_cel0.4__norm_spectral_radius,new_cel_removed_chunk_2,11,cosine_similarity,0.14293235540390012,96
sign_test_og_cel0.4__norm_spectral_radius,new_cel_removed_chunk_2,11,kl_to_gaussian,1.173968479357778,96
sign_test_og_cel0.4__norm_spectral_radius,new_cel_removed_chunk_2,11,wt_mean,0.0006970087270019251,96
sign_test_og_cel0.4__norm_spectral_radius,new_cel_removed_chunk_2,12,GR,10.132951753834883,96
sign_test_og_cel0.4__norm_spectral_radius,new_cel_removed_chunk_2,12,IPC,9.530484813280346,96
sign_test_og_cel0.4__norm_spectral_radius,new_cel_removed_chunk_2,12,KR,5.485374964773655,96
sign_test_og_cel0.4__norm_spectral_radius,new_cel_removed_chunk_2,12,MC,5.383031381915013,96
sign_test_og_cel0.4__norm_spectral_radius,new_cel_removed_chunk_2,12,cosine_similarity,0.12847454100847241,96
sign_test_og_cel0.4__norm_spectral_radius,new_cel_removed_chunk_2,12,kl_to_gaussian,1.1739685873925336,96
sign_test_og_cel0.4__norm_spectral_radius,new_cel_removed_chunk_2,12,wt_mean,0.0005092253777547,96
sign_test_og_cel0.4__norm_spectral_radius,new_cel_removed_chunk_2,13,GR,17.34807588160038,96
sign_test_og_cel0.4__norm_spectral_radius,new_cel_removed_chunk_2,13,IPC,11.495784322291394,96
sign_test_og_cel0.4__norm_spectral_radius,new_cel_removed_chunk_2,13,KR,9.55793772637844,96
sign_test_og_cel0.4__norm_spectral_radius,new_cel_removed_chunk_2,13,MC,7.207491422692935,96
sign_test_og_cel0.4__norm_spectral_radius,new_cel_removed_chunk_2,13,cosine_similarity,0.10637645795941351,96
sign_test_og_cel0.4__norm_spectral_radius,new_cel_removed_chunk_2,13,kl_to_gaussian,1.173968477960116,96
sign_test_og_cel0.4__norm_spectral_radius,new_cel_removed_chunk_2,13,wt_mean,0.000559574800718075,96
sign_test_og_cel0.4__norm_spectral_radius,new_cel_removed_chunk_2,14,GR,14.616621534029642,96
sign_test_og_cel0.4__norm_spectral_radius,new_cel_removed_chunk_2,14,IPC,10.820904086453561,96
sign_test_og_cel0.4__norm_spectral_radius,new_cel_removed_chunk_2,14,KR,8.134070329368114,96
sign_test_og_cel0.4__norm_spectral_radius,new_cel_removed_chunk_2,14,MC,6.54116623600324,96
sign_test_og_cel0.4__norm_spectral_radius,new_cel_removed_chunk_2,14,cosine_similarity,0.1469288133084774,96
sign_test_og_cel0.4__norm_spectral_radius,new_cel_removed_chunk_2,14,kl_to_gaussian,1.1739684942802866,96
sign_test_og_cel0.4__norm_spectral_radius,new_cel_removed_chunk_2,14,wt_mean,0.00072127016028385,96
sign_test_og_cel0.4__norm_spectral_radius,new_cel_removed_chunk_3,15,GR,11.43004909902811,96
sign_test_og_cel0.4__norm_spectral_radius,new_cel_removed_chunk_3,15,IPC,10.640358125647126,96
sign_test_og_cel0.4__norm_spectral_radius,new_cel_removed_chunk_3,15,KR,6.572145057221253,96
sign_test_og_cel0.4__norm_spectral_radius,new_cel_removed_chunk_3,15,MC,6.415562073389689,96
sign_test_og_cel0.4__norm_spectral_radius,new_cel_removed_chunk_3,15,cosine_similarity,0.1620918661355972,96
sign_test_og_cel0.4__norm_spectral_radius,new_cel_removed_chunk_3,15,kl_to_gaussian,1.1739685404615323,96
sign_test_og_cel0.4__norm_spectral_radius,new_cel_removed_chunk_3,15,wt_mean,0.00071891673724165,96
sign_test_og_cel0.4__norm_spectral_radius,new_cel_removed_chunk_3,16,GR,13.167533802489439,96
sign_test_og_cel0.4__norm_spectral_radius,new_cel_removed_chunk_3,16,IPC,9.241057377807426,96
sign_test_og_cel0.4__norm_spectral_radius,new_cel_removed_chunk_3,16,KR,6.949260552724202,96
sign_test_og_cel0.4__norm_spectral_radius,new_cel_removed_chunk_3,16,MC,5.361621444423993,96
sign_test_og_cel0.4__norm_spectral_radius,new_cel_removed_chunk_3,16,cosine_similarity,0.10614137351512905,96
sign_test_og_cel0.4__norm_spectral_radius,new_cel_removed_chunk_3,16,kl_to_gaussian,1.1739686395995197,96
sign_test_og_cel0.4__norm_spectral_radius,new_cel_removed_chunk_3,16,wt_mean,0.00045259499893285,96
sign_test_og_cel0.4__norm_spectral_radius,new_cel_removed_chunk_3,17,GR,7.794982686638832,96
sign_test_og_cel0.4__norm_spectral_radius,new_cel_removed_chunk_3,17,IPC,8.858170378863987,96
sign_test_og_cel0.4__norm_spectral_radius,new_cel_removed_chunk_3,17,KR,4.580949044475953,96
sign_test_og_cel0.4__norm_spectral_radius,new_cel_removed_chunk_3,17,MC,5.112673682471116,96
sign_test_og_cel0.4__norm_spectral_radius,new_cel_removed_chunk_3,17,cosine_similarity,0.10202736966311926,96
sign_test_og_cel0.4__norm_spectral_radius,new_cel_removed_chunk_3,17,kl_to_gaussian,1.1739684823685559,96
sign_test_og_cel0.4__norm_spectral_radius,new_cel_removed_chunk_3,17,wt_mean,0.0003505863787722,96
sign_test_og_cel0.4__norm_spectral_radius,new_cel_removed_chunk_3,18,GR,8.462512830893198,96
sign_test_og_cel0.4__norm_spectral_radius,new_cel_removed_chunk_3,18,IPC,8.826497772587297,96
sign_test_og_cel0.4__norm_spectral_radius,new_cel_removed_chunk_3,18,KR,4.682553385694821,96
sign_test_og_cel0.4__norm_spectral_radius,new_cel_removed_chunk_3,18,MC,4.901110763351123,96
sign_test_og_cel0.4__norm_spectral_radius,new_cel_removed_chunk_3,18,cosine_similarity,0.15198315680027005,96
sign_test_og_cel0.4__norm_spectral_radius,new_cel_removed_chunk_3,18,kl_to_gaussian,1.1739684761245721,96
sign_test_og_cel0.4__norm_spectral_radius,new_cel_removed_chunk_3,18,wt_mean,0.0005216529898461501,96
sign_test_og_cel0.4__norm_spectral_radius,new_cel_removed_chunk_3,19,GR,9.641382051010927,96
sign_test_og_cel0.4__norm_spectral_radius,new_cel_removed_chunk_3,19,IPC,10.12078285736052,96
sign_test_og_cel0.4__norm_spectral_radius,new_cel_removed_chunk_3,19,KR,5.42143639177084,96
sign_test_og_cel0.4__norm_spectral_radius,new_cel_removed_chunk_3,19,MC,6.066389260192712,96
sign_test_og_cel0.4__norm_spectral_radius,new_cel_removed_chunk_3,19,cosine_similarity,0.11848339624702925,96
sign_test_og_cel0.4__norm_spectral_radius,new_cel_removed_chunk_3,19,kl_to_gaussian,1.1739685915483387,96
sign_test_og_cel0.4__norm_spectral_radius,new_cel_removed_chunk_3,19,wt_mean,0.000442415752331675,96
sign_test_og_cel0.4__norm_spectral_radius,new_cel_removed_chunk_4,20,GR,8.241125158965588,96
sign_test_og_cel0.4__norm_spectral_radius,new_cel_removed_chunk_4,20,IPC,8.951807103169923,96
sign_test_og_cel0.4__norm_spectral_radius,new_cel_removed_chunk_4,20,KR,4.710595525801182,96
sign_test_og_cel0.4__norm_spectral_radius,new_cel_removed_chunk_4,20,MC,4.987968975057204,96
sign_test_og_cel0.4__norm_spectral_radius,new_cel_removed_chunk_4,20,cosine_similarity,0.17372861877083776,96
sign_test_og_cel0.4__norm_spectral_radius,new_cel_removed_chunk_4,20,kl_to_gaussian,1.1739685022385724,96
sign_test_og_cel0.4__norm_spectral_radius,new_cel_removed_chunk_4,20,wt_mean,0.0005263934363028249,96
sign_test_og_cel0.4__norm_spectral_radius,new_cel_removed_chunk_4,21,GR,13.077489343782267,96
sign_test_og_cel0.4__norm_spectral_radius,new_cel_removed_chunk_4,21,IPC,10.806460864129404,96
sign_test_og_cel0.4__norm_spectral_radius,new_cel_removed_chunk_4,21,KR,7.068743161857128,96
sign_test_og_cel0.4__norm_spectral_radius,new_cel_removed_chunk_4,21,MC,6.179806244870027,96
sign_test_og_cel0.4__norm_spectral_radius,new_cel_removed_chunk_4,21,cosine_similarity,0.15151298791170117,96
sign_test_og_cel0.4__norm_spectral_radius,new_cel_removed_chunk_4,21,kl_to_gaussian,1.173968558606362,96
sign_test_og_cel0.4__norm_spectral_radius,new_cel_removed_chunk_4,21,wt_mean,0.000760255366913,96
sign_test_og_cel0.4__norm_spectral_radius,new_cel_removed_chunk_4,22,GR,11.909813046455383,96
sign_test_og_cel0.4__norm_spectral_radius,new_cel_removed_chunk_4,22,IPC,10.614439388770665,96
sign_test_og_cel0.4__norm_spectral_radius,new_cel_removed_chunk_4,22,KR,6.66013586272796,96
sign_test_og_cel0.4__norm_spectral_radius,new_cel_removed_chunk_4,22,MC,6.005111522972584,96
sign_test_og_cel0.4__norm_spectral_radius,new_cel_removed_chunk_4,22,cosine_similarity,0.13658502325415608,96
sign_test_og_cel0.4__norm_spectral_radius,new_cel_removed_chunk_4,22,kl_to_gaussian,1.1739685898401475,96
sign_test_og_cel0.4__norm_spectral_radius,new_cel_removed_chunk_4,22,wt_mean,0.0006227628764463249,96
sign_test_og_cel0.4__norm_spectral_radius,new_cel_removed_chunk_4,23,GR,10.649617962539196,96
sign_test_og_cel0.4__norm_spectral_radius,new_cel_removed_chunk_4,23,IPC,9.724364046850335,96
sign_test_og_cel0.4__norm_spectral_radius,new_cel_removed_chunk_4,23,KR,6.052595081428687,96
sign_test_og_cel0.4__norm_spectral_radius,new_cel_removed_chunk_4,23,MC,5.658409845083952,96
sign_test_og_cel0.4__norm_spectral_radius,new_cel_removed_chunk_4,23,cosine_similarity,0.13599730655550948,96
sign_test_og_cel0.4__norm_spectral_radius,new_cel_removed_chunk_4,23,kl_to_gaussian,1.1739685005935558,96
sign_test_og_cel0.4__norm_spectral_radius,new_cel_removed_chunk_4,23,wt_mean,0.000547208226635075,96
sign_test_og_cel0.4__norm_spectral_radius,new_cel_removed_chunk_4,24,GR,9.014483757317066,96
sign_test_og_cel0.4__norm_spectral_radius,new_cel_removed_chunk_4,24,IPC,9.281943029640335,96
sign_test_og_cel0.4__norm_spectral_radius,new_cel_removed_chunk_4,24,KR,5.115587408343951,96
sign_test_og_cel0.4__norm_spectral_radius,new_cel_removed_chunk_4,24,MC,5.209193638215463,96
sign_test_og_cel0.4__norm_spectral_radius,new_cel_removed_chunk_4,24,cosine_similarity,0.11143080331385136,96
sign_test_og_cel0.4__norm_spectral_radius,new_cel_removed_chunk_4,24,kl_to_gaussian,1.173968548382317,96
sign_test_og_cel0.4__norm_spectral_radius,new_cel_removed_chunk_4,24,wt_mean,0.00041974362829925,96
sign_test_og_cel0.4__norm_spectral_radius,new_cel_removed_chunk_5,25,GR,11.143929600715637,96
sign_test_og_cel0.4__norm_spectral_radius,new_cel_removed_chunk_5,25,IPC,10.762437215849511,96
sign_test_og_cel0.4__norm_spectral_radius,new_cel_removed_chunk_5,25,KR,6.459993143876393,96
sign_test_og_cel0.4__norm_spectral_radius,new_cel_removed_chunk_5,25,MC,6.540747697154681,96
sign_test_og_cel0.4__norm_spectral_radius,new_cel_removed_chunk_5,25,cosine_similarity,0.1521007046103477,96
sign_test_og_cel0.4__norm_spectral_radius,new_cel_removed_chunk_5,25,kl_to_gaussian,1.1739684801375803,96
sign_test_og_cel0.4__norm_spectral_radius,new_cel_removed_chunk_5,25,wt_mean,0.0006621855864068,96
sign_test_og_cel0.4__norm_spectral_radius,new_cel_removed_chunk_5,26,GR,17.91363150378068,96
sign_test_og_cel0.4__norm_spectral_radius,new_cel_removed_chunk_5,26,IPC,11.122367207379776,96
sign_test_og_cel0.4__norm_spectral_radius,new_cel_removed_chunk_5,26,KR,9.8445746054252,96
sign_test_og_cel0.4__norm_spectral_radius,new_cel_removed_chunk_5,26,MC,6.633472268780072,96
sign_test_og_cel0.4__norm_spectral_radius,new_cel_removed_chunk_5,26,cosine_similarity,0.16843918710947028,96
sign_test_og_cel0.4__norm_spectral_radius,new_cel_removed_chunk_5,26,kl_to_gaussian,1.1739685500982144,96
sign_test_og_cel0.4__norm_spectral_radius,new_cel_removed_chunk_5,26,wt_mean,0.0008831769664538249,96
sign_test_og_cel0.4__norm_spectral_radius,new_cel_removed_chunk_5,27,GR,15.679672467211882,96
sign_test_og_cel0.4__norm_spectral_radius,new_cel_removed_chunk_5,27,IPC,9.256282236359036,96
sign_test_og_cel0.4__norm_spectral_radius,new_cel_removed_chunk_5,27,KR,8.383891200025877,96
sign_test_og_cel0.4__norm_spectral_radius,new_cel_removed_chunk_5,27,MC,5.2268626391887665,96
sign_test_og_cel0.4__norm_spectral_radius,new_cel_removed_chunk_5,27,cosine_similarity,0.15186562389135358,96
sign_test_og_cel0.4__norm_spectral_radius,new_cel_removed_chunk_5,27,kl_to_gaussian,1.1739684966685953,96
sign_test_og_cel0.4__norm_spectral_radius,new_cel_removed_chunk_5,27,wt_mean,0.000706622231518825,96
sign_test_og_cel0.4__norm_spectral_radius,new_cel_removed_chunk_5,28,GR,7.812298505256574,96
sign_test_og_cel0.4__norm_spectral_radius,new_cel_removed_chunk_5,28,IPC,9.51701424660184,96
sign_test_og_cel0.4__norm_spectral_radius,new_cel_removed_chunk_5,28,KR,4.593922380357981,96
sign_test_og_cel0.4__norm_spectral_radius,new_cel_removed_chunk_5,28,MC,5.590192489326,96
sign_test_og_cel0.4__norm_spectral_radius,new_cel_removed_chunk_5,28,cosine_similarity,0.13740782439708707,96
sign_test_og_cel0.4__norm_spectral_radius,new_cel_removed_chunk_5,28,kl_to_gaussian,1.173968513090749,96
sign_test_og_cel0.4__norm_spectral_radius,new_cel_removed_chunk_5,28,wt_mean,0.00044595859799295,96
sign_test_og_cel0.4__norm_spectral_radius,new_cel_removed_chunk_5,29,GR,14.591812369724115,96
sign_test_og_cel0.4__norm_spectral_radius,new_cel_removed_chunk_5,29,IPC,11.57108130579031,96
sign_test_og_cel0.4__norm_spectral_radius,new_cel_removed_chunk_5,29,KR,7.721086884538333,96
sign_test_og_cel0.4__norm_spectral_radius,new_cel_removed_chunk_5,29,MC,6.540844947099686,96
sign_test_og_cel0.4__norm_spectral_radius,new_cel_removed_chunk_5,29,cosine_similarity,0.11754305846989153,96
sign_test_og_cel0.4__norm_spectral_radius,new_cel_removed_chunk_5,29,kl_to_gaussian,1.1739685777370101,96
sign_test_og_cel0.4__norm_spectral_radius,new_cel_removed_chunk_5,29,wt_mean,0.000615345830738025,96
sign_test_og_cel0.4__norm_spectral_radius,new_cel_removed_chunk_6,30,GR,11.734635251263777,96
sign_test_og_cel0.4__norm_spectral_radius,new_cel_removed_chunk_6,30,IPC,10.480063542604396,96
sign_test_og_cel0.4__norm_spectral_radius,new_cel_removed_chunk_6,30,KR,6.764021011690299,96
sign_test_og_cel0.4__norm_spectral_radius,new_cel_removed_chunk_6,30,MC,6.3086792553464575,96
sign_test_og_cel0.4__norm_spectral_radius,new_cel_removed_chunk_6,30,cosine_similarity,0.1568024307489395,96
sign_test_og_cel0.4__norm_spectral_radius,new_cel_removed_chunk_6,30,kl_to_gaussian,1.173968549361821,96
sign_test_og_cel0.4__norm_spectral_radius,new_cel_removed_chunk_6,30,wt_mean,0.000693095164024225,96
sign_test_og_cel0.4__norm_spectral_radius,new_cel_removed_chunk_6,31,GR,14.95899473875761,96
sign_test_og_cel0.4__norm_spectral_radius,new_cel_removed_chunk_6,31,IPC,10.869343333384537,96
sign_test_og_cel0.4__norm_spectral_radius,new_cel_removed_chunk_6,31,KR,8.24509484320879,96
sign_test_og_cel0.4__norm_spectral_radius,new_cel_removed_chunk_6,31,MC,6.601368860652049,96
sign_test_og_cel0.4__norm_spectral_radius,new_cel_removed_chunk_6,31,cosine_similarity,0.12765175476670262,96
sign_test_og_cel0.4__norm_spectral_radius,new_cel_removed_chunk_6,31,kl_to_gaussian,1.1739684299997946,96
sign_test_og_cel0.4__norm_spectral_radius,new_cel_removed_chunk_6,31,wt_mean,0.0006063567489035751,96
sign_test_og_cel0.4__norm_spectral_radius,new_cel_removed_chunk_6,32,GR,7.86900099242727,96
sign_test_og_cel0.4__norm_spectral_radius,new_cel_removed_chunk_6,32,IPC,10.049239693245493,96
sign_test_og_cel0.4__norm_spectral_radius,new_cel_removed_chunk_6,32,KR,4.577937471369903,96
sign_test_og_cel0.4__norm_spectral_radius,new_cel_removed_chunk_6,32,MC,5.600676481922467,96
sign_test_og_cel0.4__norm_spectral_radius,new_cel_removed_chunk_6,32,cosine_similarity,0.15821293741464612,96
sign_test_og_cel0.4__norm_spectral_radius,new_cel_removed_chunk_6,32,kl_to_gaussian,1.1739685901894326,96
sign_test_og_cel0.4__norm_spectral_radius,new_cel_removed_chunk_6,32,wt_mean,0.00056240700359915,96
sign_test_og_cel0.4__norm_spectral_radius,new_cel_removed_chunk_6,33,GR,18.90819411724806,96
sign_test_og_cel0.4__norm_spectral_radius,new_cel_removed_chunk_6,33,IPC,12.036696688424042,96
sign_test_og_cel0.4__norm_spectral_radius,new_cel_removed_chunk_6,33,KR,9.987275602916876,96
sign_test_og_cel0.4__norm_spectral_radius,new_cel_removed_chunk_6,33,MC,6.894373928507169,96
sign_test_og_cel0.4__norm_spectral_radius,new_cel_removed_chunk_6,33,cosine_similarity,0.140816580504179,96
sign_test_og_cel0.4__norm_spectral_radius,new_cel_removed_chunk_6,33,kl_to_gaussian,1.1739685565662288,96
sign_test_og_cel0.4__norm_spectral_radius,new_cel_removed_chunk_6,33,wt_mean,0.0007702239236095249,96
sign_test_og_cel0.4__norm_spectral_radius,new_cel_removed_chunk_6,34,GR,12.25346440821886,96
sign_test_og_cel0.4__norm_spectral_radius,new_cel_removed_chunk_6,34,IPC,9.759983557209587,96
sign_test_og_cel0.4__norm_spectral_radius,new_cel_removed_chunk_6,34,KR,6.485171953837077,96
sign_test_og_cel0.4__norm_spectral_radius,new_cel_removed_chunk_6,34,MC,5.629722610116005,96
sign_test_og_cel0.4__norm_spectral_radius,new_cel_removed_chunk_6,34,cosine_similarity,0.1414042860269546,96
sign_test_og_cel0.4__norm_spectral_radius,new_cel_removed_chunk_6,34,kl_to_gaussian,1.1739685185895226,96
sign_test_og_cel0.4__norm_spectral_radius,new_cel_removed_chunk_6,34,wt_mean,0.0006178076364448749,96
sign_test_og_cel0.4__norm_spectral_radius,new_cel_removed_chunk_7,35,GR,18.896734036505222,96
sign_test_og_cel0.4__norm_spectral_radius,new_cel_removed_chunk_7,35,IPC,10.964954209050944,96
sign_test_og_cel0.4__norm_spectral_radius,new_cel_removed_chunk_7,35,KR,10.27887924015522,96
sign_test_og_cel0.4__norm_spectral_radius,new_cel_removed_chunk_7,35,MC,6.536936817069848,96
sign_test_og_cel0.4__norm_spectral_radius,new_cel_removed_chunk_7,35,cosine_similarity,0.16655849665403358,96
sign_test_og_cel0.4__norm_spectral_radius,new_cel_removed_chunk_7,35,kl_to_gaussian,1.1739684667190717,96
sign_test_og_cel0.4__norm_spectral_radius,new_cel_removed_chunk_7,35,wt_mean,0.000942416241741675,96
sign_test_og_cel0.4__norm_spectral_radius,new_cel_removed_chunk_7,36,GR,16.72224519898494,96
sign_test_og_cel0.4__norm_spectral_radius,new_cel_removed_chunk_7,36,IPC,10.911027146371124,96
sign_test_og_cel0.4__norm_spectral_radius,new_cel_removed_chunk_7,36,KR,8.998471282422543,96
sign_test_og_cel0.4__norm_spectral_radius,new_cel_removed_chunk_7,36,MC,6.6013578449686365,96
sign_test_og_cel0.4__norm_spectral_radius,new_cel_removed_chunk_7,36,cosine_similarity,0.10931503213942045,96
sign_test_og_cel0.4__norm_spectral_radius,new_cel_removed_chunk_7,36,kl_to_gaussian,1.1739685542129166,96
sign_test_og_cel0.4__norm_spectral_radius,new_cel_removed_chunk_7,36,wt_mean,0.00059014122962245,96
sign_test_og_cel0.4__norm_spectral_radius,new_cel_removed_chunk_7,37,GR,15.532784635821978,96
sign_test_og_cel0.4__norm_spectral_radius,new_cel_removed_chunk_7,37,IPC,10.939458811324172,96
sign_test_og_cel0.4__norm_spectral_radius,new_cel_removed_chunk_7,37,KR,8.484526336193085,96
sign_test_og_cel0.4__norm_spectral_radius,new_cel_removed_chunk_7,37,MC,6.07784690707922,96
sign_test_og_cel0.4__norm_spectral_radius,new_cel_removed_chunk_7,37,cosine_similarity,0.13858326151967046,96
sign_test_og_cel0.4__norm_spectral_radius,new_cel_removed_chunk_7,37,kl_to_gaussian,1.1739684007547055,96
sign_test_og_cel0.4__norm_spectral_radius,new_cel_removed_chunk_7,37,wt_mean,0.000705842860043,96
sign_test_og_cel0.4__norm_spectral_radius,new_cel_removed_chunk_7,38,GR,15.812450386583805,96
sign_test_og_cel0.4__norm_spectral_radius,new_cel_removed_chunk_7,38,IPC,11.371690337919446,96
sign_test_og_cel0.4__norm_spectral_radius,new_cel_removed_chunk_7,38,KR,8.677161867419878,96
sign_test_og_cel0.4__norm_spectral_radius,new_cel_removed_chunk_7,38,MC,6.584539497892062,96
sign_test_og_cel0.4__norm_spectral_radius,new_cel_removed_chunk_7,38,cosine_similarity,0.11425184272229666,96
sign_test_og_cel0.4__norm_spectral_radius,new_cel_removed_chunk_7,38,kl_to_gaussian,1.1739684612629653,96
sign_test_og_cel0.4__norm_spectral_radius,new_cel_removed_chunk_7,38,wt_mean,0.000645341606286775,96
sign_test_og_cel0.4__norm_spectral_radius,new_cel_removed_chunk_7,39,GR,13.63257754345735,96
sign_test_og_cel0.4__norm_spectral_radius,new_cel_removed_chunk_7,39,IPC,9.844811717532645,96
sign_test_og_cel0.4__norm_spectral_radius,new_cel_removed_chunk_7,39,KR,7.613215699791908,96
sign_test_og_cel0.4__norm_spectral_radius,new_cel_removed_chunk_7,39,MC,5.94010949631532,96
sign_test_og_cel0.4__norm_spectral_radius,new_cel_removed_chunk_7,39,cosine_similarity,0.1311780363321304,96
sign_test_og_cel0.4__norm_spectral_radius,new_cel_removed_chunk_7,39,kl_to_gaussian,1.1739685003377127,96
sign_test_og_cel0.4__norm_spectral_radius,new_cel_removed_chunk_7,39,wt_mean,0.00059333289391355,96
sign_test_og_cel0.4__norm_spectral_radius,new_cel_removed_chunk_8,40,GR,13.81829883158207,96
sign_test_og_cel0.4__norm_spectral_radius,new_cel_removed_chunk_8,40,IPC,9.57503776879984,96
sign_test_og_cel0.4__norm_spectral_radius,new_cel_removed_chunk_8,40,KR,7.587065073351066,96
sign_test_og_cel0.4__norm_spectral_radius,new_cel_removed_chunk_8,40,MC,5.3416031288603945,96
sign_test_og_cel0.4__norm_spectral_radius,new_cel_removed_chunk_8,40,cosine_similarity,0.1314131245017051,96
sign_test_og_cel0.4__norm_spectral_radius,new_cel_removed_chunk_8,40,kl_to_gaussian,1.1739685901372405,96
sign_test_og_cel0.4__norm_spectral_radius,new_cel_removed_chunk_8,40,wt_mean,0.0005910620820941,96
sign_test_og_cel0.4__norm_spectral_radius,new_cel_removed_chunk_8,41,GR,17.64848546932141,96
sign_test_og_cel0.4__norm_spectral_radius,new_cel_removed_chunk_8,41,IPC,11.35080447902765,96
sign_test_og_cel0.4__norm_spectral_radius,new_cel_removed_chunk_8,41,KR,9.557078751424948,96
sign_test_og_cel0.4__norm_spectral_radius,new_cel_removed_chunk_8,41,MC,6.47250929971536,96
sign_test_og_cel0.4__norm_spectral_radius,new_cel_removed_chunk_8,41,cosine_similarity,0.10555365867912765,96
sign_test_og_cel0.4__norm_spectral_radius,new_cel_removed_chunk_8,41,kl_to_gaussian,1.1739685721574058,96
sign_test_og_cel0.4__norm_spectral_radius,new_cel_removed_chunk_8,41,wt_mean,0.0005737950050388,96
sign_test_og_cel0.4__norm_spectral_radius,new_cel_removed_chunk_8,42,GR,12.794327783087889,96
sign_test_og_cel0.4__norm_spectral_radius,new_cel_removed_chunk_8,42,IPC,10.341961170575724,96
sign_test_og_cel0.4__norm_spectral_radius,new_cel_removed_chunk_8,42,KR,7.247301707665126,96
sign_test_og_cel0.4__norm_spectral_radius,new_cel_removed_chunk_8,42,MC,6.364320036023855,96
sign_test_og_cel0.4__norm_spectral_radius,new_cel_removed_chunk_8,42,cosine_similarity,0.1213044263422489,96
sign_test_og_cel0.4__norm_spectral_radius,new_cel_removed_chunk_8,42,kl_to_gaussian,1.1739684846746585,96
sign_test_og_cel0.4__norm_spectral_radius,new_cel_removed_chunk_8,42,wt_mean,0.000519819972396325,96
sign_test_og_cel0.4__norm_spectral_radius,new_cel_removed_chunk_8,43,GR,16.808693006634712,96
sign_test_og_cel0.4__norm_spectral_radius,new_cel_removed_chunk_8,43,IPC,10.793367398700852,96
sign_test_og_cel0.4__norm_spectral_radius,new_cel_removed_chunk_8,43,KR,9.23519634703795,96
sign_test_og_cel0.4__norm_spectral_radius,new_cel_removed_chunk_8,43,MC,6.569382858773072,96
sign_test_og_cel0.4__norm_spectral_radius,new_cel_removed_chunk_8,43,cosine_similarity,0.10755188949406146,96
sign_test_og_cel0.4__norm_spectral_radius,new_cel_removed_chunk_8,43,kl_to_gaussian,1.1739684562369208,96
sign_test_og_cel0.4__norm_spectral_radius,new_cel_removed_chunk_8,43,wt_mean,0.00057833411847235,96
sign_test_og_cel0.4__norm_spectral_radius,new_cel_removed_chunk_8,44,GR,8.851936260859171,96
sign_test_og_cel0.4__norm_spectral_radius,new_cel_removed_chunk_8,44,IPC,9.500814870973738,96
sign_test_og_cel0.4__norm_spectral_radius,new_cel_removed_chunk_8,44,KR,4.908151194453239,96
sign_test_og_cel0.4__norm_spectral_radius,new_cel_removed_chunk_8,44,MC,5.327463294068973,96
sign_test_og_cel0.4__norm_spectral_radius,new_cel_removed_chunk_8,44,cosine_similarity,0.1352920420467853,96
sign_test_og_cel0.4__norm_spectral_radius,new_cel_removed_chunk_8,44,kl_to_gaussian,1.1739685264687456,96
sign_test_og_cel0.4__norm_spectral_radius,new_cel_removed_chunk_8,44,wt_mean,0.0004912914591841,96
sign_test_og_cel0.4__norm_spectral_radius,new_cel_removed_chunk_9,45,GR,13.127848712106546,96
sign_test_og_cel0.4__norm_spectral_radius,new_cel_removed_chunk_9,45,IPC,10.001495065519885,96
sign_test_og_cel0.4__norm_spectral_radius,new_cel_removed_chunk_9,45,KR,7.2219901730616884,96
sign_test_og_cel0.4__norm_spectral_radius,new_cel_removed_chunk_9,45,MC,5.8975543566048145,96
sign_test_og_cel0.4__norm_spectral_radius,new_cel_removed_chunk_9,45,cosine_similarity,0.12130442820489405,96
sign_test_og_cel0.4__norm_spectral_radius,new_cel_removed_chunk_9,45,kl_to_gaussian,1.173968572439082,96
sign_test_og_cel0.4__norm_spectral_radius,new_cel_removed_chunk_9,45,wt_mean,0.00055023901222735,96
sign_test_og_cel0.4__norm_spectral_radius,new_cel_removed_chunk_9,46,GR,13.209993980824947,96
sign_test_og_cel0.4__norm_spectral_radius,new_cel_removed_chunk_9,46,IPC,9.365530078977878,96
sign_test_og_cel0.4__norm_spectral_radius,new_cel_removed_chunk_9,46,KR,7.2160690526167555,96
sign_test_og_cel0.4__norm_spectral_radius,new_cel_removed_chunk_9,46,MC,5.512957606464624,96
sign_test_og_cel0.4__norm_spectral_radius,new_cel_removed_chunk_9,46,cosine_similarity,0.12012899480760096,96
sign_test_og_cel0.4__norm_spectral_radius,new_cel_removed_chunk_9,46,kl_to_gaussian,1.1739685713368504,96
sign_test_og_cel0.4__norm_spectral_radius,new_cel_removed_chunk_9,46,wt_mean,0.000521570422279125,96
sign_test_og_cel0.4__norm_spectral_radius,new_cel_removed_chunk_9,47,GR,11.594002564748129,96
sign_test_og_cel0.4__norm_spectral_radius,new_cel_removed_chunk_9,47,IPC,9.687527506005543,96
sign_test_og_cel0.4__norm_spectral_radius,new_cel_removed_chunk_9,47,KR,6.3569557418425875,96
sign_test_og_cel0.4__norm_spectral_radius,new_cel_removed_chunk_9,47,MC,5.684993673115969,96
sign_test_og_cel0.4__norm_spectral_radius,new_cel_removed_chunk_9,47,cosine_similarity,0.1445779427886009,96
sign_test_og_cel0.4__norm_spectral_radius,new_cel_removed_chunk_9,47,kl_to_gaussian,1.1739684823738508,96
sign_test_og_cel0.4__norm_spectral_radius,new_cel_removed_chunk_9,47,wt_mean,0.00064581546030235,96
sign_test_og_cel0.4__norm_spectral_radius,new_cel_removed_chunk_9,48,GR,11.354572971661886,96
sign_test_og_cel0.4__norm_spectral_radius,new_cel_removed_chunk_9,48,IPC,10.069540963593932,96
sign_test_og_cel0.4__norm_spectral_radius,new_cel_removed_chunk_9,48,KR,6.576049834489822,96
sign_test_og_cel0.4__norm_spectral_radius,new_cel_removed_chunk_9,48,MC,5.848672238488992,96
sign_test_og_cel0.4__norm_spectral_radius,new_cel_removed_chunk_9,48,cosine_similarity,0.1221272274851799,96
sign_test_og_cel0.4__norm_spectral_radius,new_cel_removed_chunk_9,48,kl_to_gaussian,1.1739685204819366,96
sign_test_og_cel0.4__norm_spectral_radius,new_cel_removed_chunk_9,48,wt_mean,0.0004842271955567,96
sign_test_og_cel0.4__norm_spectral_radius,new_cel_removed_chunk_9,49,GR,12.976388496657213,96
sign_test_og_cel0.4__norm_spectral_radius,new_cel_removed_chunk_9,49,IPC,10.788449336759568,96
sign_test_og_cel0.4__norm_spectral_radius,new_cel_removed_chunk_9,49,KR,7.135216675698757,96
sign_test_og_cel0.4__norm_spectral_radius,new_cel_removed_chunk_9,49,MC,6.035898109277089,96
sign_test_og_cel0.4__norm_spectral_radius,new_cel_removed_chunk_9,49,cosine_similarity,0.157155055552721,96
sign_test_og_cel0.4__norm_spectral_radius,new_cel_removed_chunk_9,49,kl_to_gaussian,1.1739684851914736,96
sign_test_og_cel0.4__norm_spectral_radius,new_cel_removed_chunk_9,49,wt_mean,0.0007434658182318751,96
sign_test_og_cel0.6__norm_original_radius,new_cel_removed_chunk_0,0,GR,5.2629058708747225,96
sign_test_og_cel0.6__norm_original_radius,new_cel_removed_chunk_0,0,IPC,8.1965371088346,96
sign_test_og_cel0.6__norm_original_radius,new_cel_removed_chunk_0,0,KR,3.2028155525525412,96
sign_test_og_cel0.6__norm_original_radius,new_cel_removed_chunk_0,0,MC,4.669556717077891,96
sign_test_og_cel0.6__norm_original_radius,new_cel_removed_chunk_0,0,cosine_similarity,-0.14316742867231366,96
sign_test_og_cel0.6__norm_original_radius,new_cel_removed_chunk_0,0,kl_to_gaussian,1.1739684703756503,96
sign_test_og_cel0.6__norm_original_radius,new_cel_removed_chunk_0,0,wt_mean,-0.00034710197360250005,96
sign_test_og_cel0.6__norm_original_radius,new_cel_removed_chunk_0,1,GR,5.67141554877162,96
sign_test_og_cel0.6__norm_original_radius,new_cel_removed_chunk_0,1,IPC,8.296111819376355,96
sign_test_og_cel0.6__norm_original_radius,new_cel_removed_chunk_0,1,KR,3.3748074931403003,96
sign_test_og_cel0.6__norm_original_radius,new_cel_removed_chunk_0,1,MC,4.458736979713042,96
sign_test_og_cel0.6__norm_original_radius,new_cel_removed_chunk_0,1,cosine_similarity,-0.1317657604813575,96
sign_test_og_cel0.6__norm_original_radius,new_cel_removed_chunk_0,1,kl_to_gaussian,1.1739684703756503,96
sign_test_og_cel0.6__norm_original_radius,new_cel_removed_chunk_0,1,wt_mean,-0.00031945919181447497,96
sign_test_og_cel0.6__norm_original_radius,new_cel_removed_chunk_0,2,GR,5.5882999834915,96
sign_test_og_cel0.6__norm_original_radius,new_cel_removed_chunk_0,2,IPC,8.499630969564544,96
sign_test_og_cel0.6__norm_original_radius,new_cel_removed_chunk_0,2,KR,3.4028127193450928,96
sign_test_og_cel0.6__norm_original_radius,new_cel_removed_chunk_0,2,MC,5.06943878531456,96
sign_test_og_cel0.6__norm_original_radius,new_cel_removed_chunk_0,2,cosine_similarity,-0.12165705300867553,96
sign_test_og_cel0.6__norm_original_radius,new_cel_removed_chunk_0,2,kl_to_gaussian,1.1739684703756503,96
sign_test_og_cel0.6__norm_original_radius,new_cel_removed_chunk_0,2,wt_mean,-0.000294951172691,96
sign_test_og_cel0.6__norm_original_radius,new_cel_removed_chunk_0,3,GR,6.37696382155021,96
sign_test_og_cel0.6__norm_original_radius,new_cel_removed_chunk_0,3,IPC,8.3683605950171,96
sign_test_og_cel0.6__norm_original_radius,new_cel_removed_chunk_0,3,KR,3.6409167697032294,96
sign_test_og_cel0.6__norm_original_radius,new_cel_removed_chunk_0,3,MC,4.439912473162015,96
sign_test_og_cel0.6__norm_original_radius,new_cel_removed_chunk_0,3,cosine_similarity,-0.1311780400574207,96
sign_test_og_cel0.6__norm_original_radius,new_cel_removed_chunk_0,3,kl_to_gaussian,1.1739684703756503,96
sign_test_og_cel0.6__norm_original_radius,new_cel_removed_chunk_0,3,wt_mean,-0.000318034326482975,96
sign_test_og_cel0.6__norm_original_radius,new_cel_removed_chunk_0,4,GR,5.280717072387536,96
sign_test_og_cel0.6__norm_original_radius,new_cel_removed_chunk_0,4,IPC,7.947573634449345,96
sign_test_og_cel0.6__norm_original_radius,new_cel_removed_chunk_0,4,KR,3.0958364196121693,96
sign_test_og_cel0.6__norm_original_radius,new_cel_removed_chunk_0,4,MC,4.384034591416518,96
sign_test_og_cel0.6__norm_original_radius,new_cel_removed_chunk_0,4,cosine_similarity,-0.1296499893069267,96
sign_test_og_cel0.6__norm_original_radius,new_cel_removed_chunk_0,4,kl_to_gaussian,1.1739684703756503,96
sign_test_og_cel0.6__norm_original_radius,new_cel_removed_chunk_0,4,wt_mean,-0.00031432959804075,96
sign_test_og_cel0.6__norm_original_radius,new_cel_removed_chunk_1,5,GR,4.833752935131391,96
sign_test_og_cel0.6__norm_original_radius,new_cel_removed_chunk_1,5,IPC,8.414062672584423,96
sign_test_og_cel0.6__norm_original_radius,new_cel_removed_chunk_1,5,KR,3.0508013404905796,96
sign_test_og_cel0.6__norm_original_radius,new_cel_removed_chunk_1,5,MC,4.879266045987606,96
sign_test_og_cel0.6__norm_original_radius,new_cel_removed_chunk_1,5,cosine_similarity,-0.1107255537062883,96
sign_test_og_cel0.6__norm_original_radius,new_cel_removed_chunk_1,5,kl_to_gaussian,1.1739684703756503,96
sign_test_og_cel0.6__norm_original_radius,new_cel_removed_chunk_1,5,wt_mean,-0.000268448326096375,96
sign_test_og_cel0.6__norm_original_radius,new_cel_removed_chunk_1,6,GR,5.560222168763478,96
sign_test_og_cel0.6__norm_original_radius,new_cel_removed_chunk_1,6,IPC,8.349590546417728,96
sign_test_og_cel0.6__norm_original_radius,new_cel_removed_chunk_1,6,KR,3.40723650281628,96
sign_test_og_cel0.6__norm_original_radius,new_cel_removed_chunk_1,6,MC,4.68917869279782,96
sign_test_og_cel0.6__norm_original_radius,new_cel_removed_chunk_1,6,cosine_similarity,-0.10484840162098406,96
sign_test_og_cel0.6__norm_original_radius,new_cel_removed_chunk_1,6,kl_to_gaussian,1.1739684703756503,96
sign_test_og_cel0.6__norm_original_radius,new_cel_removed_chunk_1,6,wt_mean,-0.0002541994617786,96
sign_test_og_cel0.6__norm_original_radius,new_cel_removed_chunk_1,7,GR,6.127843360106151,96
sign_test_og_cel0.6__norm_original_radius,new_cel_removed_chunk_1,7,IPC,7.968572781494913,96
sign_test_og_cel0.6__norm_original_radius,new_cel_removed_chunk_1,7,KR,3.6311618524293103,96
sign_test_og_cel0.6__norm_original_radius,new_cel_removed_chunk_1,7,MC,4.471382337311904,96
sign_test_og_cel0.6__norm_original_radius,new_cel_removed_chunk_1,7,cosine_similarity,-0.16385500878095619,96
sign_test_og_cel0.6__norm_original_radius,new_cel_removed_chunk_1,7,kl_to_gaussian,1.1739684703756503,96
sign_test_og_cel0.6__norm_original_radius,new_cel_removed_chunk_1,7,wt_mean,-0.00039725789974905,96
sign_test_og_cel0.6__norm_original_radius,new_cel_removed_chunk_1,8,GR,5.865816502521436,96
sign_test_og_cel0.6__norm_original_radius,new_cel_removed_chunk_1,8,IPC,8.284683184299706,96
sign_test_og_cel0.6__norm_original_radius,new_cel_removed_chunk_1,8,KR,3.4415767217675843,96
sign_test_og_cel0.6__norm_original_radius,new_cel_removed_chunk_1,8,MC,4.452170538405578,96
sign_test_og_cel0.6__norm_original_radius,new_cel_removed_chunk_1,8,cosine_similarity,-0.1463411003351211,96
sign_test_og_cel0.6__norm_original_radius,new_cel_removed_chunk_1,8,kl_to_gaussian,1.1739684703756503,96
sign_test_og_cel0.6__norm_original_radius,new_cel_removed_chunk_1,8,wt_mean,-0.000354796342435225,96
sign_test_og_cel0.6__norm_original_radius,new_cel_removed_chunk_1,9,GR,5.860432391365369,96
sign_test_og_cel0.6__norm_original_radius,new_cel_removed_chunk_1,9,IPC,8.179614736418264,96
sign_test_og_cel0.6__norm_original_radius,new_cel_removed_chunk_1,9,KR,3.587663276741902,96
sign_test_og_cel0.6__norm_original_radius,new_cel_removed_chunk_1,9,MC,4.545512519776821,96
sign_test_og_cel0.6__norm_original_radius,new_cel_removed_chunk_1,9,cosine_similarity,-0.09473969601094716,96
sign_test_og_cel0.6__norm_original_radius,new_cel_removed_chunk_1,9,kl_to_gaussian,1.1739684703756503,96
sign_test_og_cel0.6__norm_original_radius,new_cel_removed_chunk_1,9,wt_mean,-0.00022969143537915,96
sign_test_og_cel0.6__norm_original_radius,new_cel_removed_chunk_10,50,GR,5.404521401971579,96
sign_test_og_cel0.6__norm_original_radius,new_cel_removed_chunk_10,50,IPC,8.556302486538083,96
sign_test_og_cel0.6__norm_original_radius,new_cel_removed_chunk_10,50,KR,3.484867300838232,96
sign_test_og_cel0.6__norm_original_radius,new_cel_removed_chunk_10,50,MC,4.8987633883953094,96
sign_test_og_cel0.6__norm_original_radius,new_cel_removed_chunk_10,50,cosine_similarity,-0.12106934189796441,96
sign_test_og_cel0.6__norm_original_radius,new_cel_removed_chunk_10,50,kl_to_gaussian,1.1739684703756503,96
sign_test_og_cel0.6__norm_original_radius,new_cel_removed_chunk_10,50,wt_mean,-0.0002935262746177,96
sign_test_og_cel0.6__norm_original_radius,new_cel_removed_chunk_10,51,GR,5.762276550134023,96
sign_test_og_cel0.6__norm_original_radius,new_cel_removed_chunk_10,51,IPC,8.197691994961962,96
sign_test_og_cel0.6__norm_original_radius,new_cel_removed_chunk_10,51,KR,3.559287805110216,96
sign_test_og_cel0.6__norm_original_radius,new_cel_removed_chunk_10,51,MC,4.662909251948197,96
sign_test_og_cel0.6__norm_original_radius,new_cel_removed_chunk_10,51,cosine_similarity,-0.10731680504977696,96
sign_test_og_cel0.6__norm_original_radius,new_cel_removed_chunk_10,51,kl_to_gaussian,1.1739684703756503,96
sign_test_og_cel0.6__norm_original_radius,new_cel_removed_chunk_10,51,wt_mean,-0.000260183976934025,96
sign_test_og_cel0.6__norm_original_radius,new_cel_removed_chunk_10,52,GR,4.992957067986329,96
sign_test_og_cel0.6__norm_original_radius,new_cel_removed_chunk_10,52,IPC,8.03722565851997,96
sign_test_og_cel0.6__norm_original_radius,new_cel_removed_chunk_10,52,KR,3.070962672432264,96
sign_test_og_cel0.6__norm_original_radius,new_cel_removed_chunk_10,52,MC,4.619926805297534,96
sign_test_og_cel0.6__norm_original_radius,new_cel_removed_chunk_10,52,cosine_similarity,-0.10825714655220504,96
sign_test_og_cel0.6__norm_original_radius,new_cel_removed_chunk_10,52,kl_to_gaussian,1.1739684703756503,96
sign_test_og_cel0.6__norm_original_radius,new_cel_removed_chunk_10,52,wt_mean,-0.000262463796389,96
sign_test_og_cel0.6__norm_original_radius,new_cel_removed_chunk_10,53,GR,5.903904608140389,96
sign_test_og_cel0.6__norm_original_radius,new_cel_removed_chunk_10,53,IPC,8.19441029924018,96
sign_test_og_cel0.6__norm_original_radius,new_cel_removed_chunk_10,53,KR,3.6020339305202165,96
sign_test_og_cel0.6__norm_original_radius,new_cel_removed_chunk_10,53,MC,4.789499420672655,96
sign_test_og_cel0.6__norm_original_radius,new_cel_removed_chunk_10,53,cosine_similarity,-0.09462215192615986,96
sign_test_og_cel0.6__norm_original_radius,new_cel_removed_chunk_10,53,kl_to_gaussian,1.1739684703756503,96
sign_test_og_cel0.6__norm_original_radius,new_cel_removed_chunk_10,53,wt_mean,-0.000229406461585275,96
sign_test_og_cel0.6__norm_original_radius,new_cel_removed_chunk_10,54,GR,5.54522081092,96
sign_test_og_cel0.6__norm_original_radius,new_cel_removed_chunk_10,54,IPC,8.018672014561796,96
sign_test_og_cel0.6__norm_original_radius,new_cel_removed_chunk_10,54,KR,3.3781388451655707,96
sign_test_og_cel0.6__norm_original_radius,new_cel_removed_chunk_10,54,MC,4.6799902866284055,96
sign_test_og_cel0.6__norm_original_radius,new_cel_removed_chunk_10,54,cosine_similarity,-0.1320008412003517,96
sign_test_og_cel0.6__norm_original_radius,new_cel_removed_chunk_10,54,kl_to_gaussian,1.1739684703756503,96
sign_test_og_cel0.6__norm_original_radius,new_cel_removed_chunk_10,54,wt_mean,-0.00032002914304025,96
sign_test_og_cel0.6__norm_original_radius,new_cel_removed_chunk_11,55,GR,5.658161746958892,96
sign_test_og_cel0.6__norm_original_radius,new_cel_removed_chunk_11,55,IPC,8.321210251589282,96
sign_test_og_cel0.6__norm_original_radius,new_cel_removed_chunk_11,55,KR,3.3661986738443375,96
sign_test_og_cel0.6__norm_original_radius,new_cel_removed_chunk_11,55,MC,4.399504415690899,96
sign_test_og_cel0.6__norm_original_radius,new_cel_removed_chunk_11,55,cosine_similarity,-0.1182483099400997,96
sign_test_og_cel0.6__norm_original_radius,new_cel_removed_chunk_11,55,kl_to_gaussian,1.1739684703756503,96
sign_test_og_cel0.6__norm_original_radius,new_cel_removed_chunk_11,55,wt_mean,-0.00028668683808059995,96
sign_test_og_cel0.6__norm_original_radius,new_cel_removed_chunk_11,56,GR,5.741131256024043,96
sign_test_og_cel0.6__norm_original_radius,new_cel_removed_chunk_11,56,IPC,9.200855383205736,96
sign_test_og_cel0.6__norm_original_radius,new_cel_removed_chunk_11,56,KR,3.460050823787848,96
sign_test_og_cel0.6__norm_original_radius,new_cel_removed_chunk_11,56,MC,4.972750407954057,96
sign_test_og_cel0.6__norm_original_radius,new_cel_removed_chunk_11,56,cosine_similarity,-0.1291798092424869,96
sign_test_og_cel0.6__norm_original_radius,new_cel_removed_chunk_11,56,kl_to_gaussian,1.1739684703756503,96
sign_test_og_cel0.6__norm_original_radius,new_cel_removed_chunk_11,56,wt_mean,-0.00031318970286515,96
sign_test_og_cel0.6__norm_original_radius,new_cel_removed_chunk_11,57,GR,5.978375141819318,96
sign_test_og_cel0.6__norm_original_radius,new_cel_removed_chunk_11,57,IPC,8.590643910673938,96
sign_test_og_cel0.6__norm_original_radius,new_cel_removed_chunk_11,57,KR,3.4845758117735386,96
sign_test_og_cel0.6__norm_original_radius,new_cel_removed_chunk_11,57,MC,4.552812412381172,96
sign_test_og_cel0.6__norm_original_radius,new_cel_removed_chunk_11,57,cosine_similarity,-0.1191886514425277,96
sign_test_og_cel0.6__norm_original_radius,new_cel_removed_chunk_11,57,kl_to_gaussian,1.1739684703756503,96
sign_test_og_cel0.6__norm_original_radius,new_cel_removed_chunk_11,57,wt_mean,-0.0002889666538976,96
sign_test_og_cel0.6__norm_original_radius,new_cel_removed_chunk_11,58,GR,6.154796790331602,96
sign_test_og_cel0.6__norm_original_radius,new_cel_removed_chunk_11,58,IPC,7.978191583368949,96
sign_test_og_cel0.6__norm_original_radius,new_cel_removed_chunk_11,58,KR,3.6061157658696175,96
sign_test_og_cel0.6__norm_original_radius,new_cel_removed_chunk_11,58,MC,4.30741027990977,96
sign_test_og_cel0.6__norm_original_radius,new_cel_removed_chunk_11,58,cosine_similarity,-0.1023799963295459,96
sign_test_og_cel0.6__norm_original_radius,new_cel_removed_chunk_11,58,kl_to_gaussian,1.1739684703756503,96
sign_test_og_cel0.6__norm_original_radius,new_cel_removed_chunk_11,58,wt_mean,-0.00024821495389910003,96
sign_test_og_cel0.6__norm_original_radius,new_cel_removed_chunk_11,59,GR,5.594772967199485,96
sign_test_og_cel0.6__norm_original_radius,new_cel_removed_chunk_11,59,IPC,8.663405032023556,96
sign_test_og_cel0.6__norm_original_radius,new_cel_removed_chunk_11,59,KR,3.3863058164715767,96
sign_test_og_cel0.6__norm_original_radius,new_cel_removed_chunk_11,59,MC,4.706084893395503,96
sign_test_og_cel0.6__norm_original_radius,new_cel_removed_chunk_11,59,cosine_similarity,-0.1455182917416095,96
sign_test_og_cel0.6__norm_original_radius,new_cel_removed_chunk_11,59,kl_to_gaussian,1.1739684703756503,96
sign_test_og_cel0.6__norm_original_radius,new_cel_removed_chunk_11,59,wt_mean,-0.000352801493136175,96
sign_test_og_cel0.6__norm_original_radius,new_cel_removed_chunk_12,60,GR,6.395744812985261,96
sign_test_og_cel0.6__norm_original_radius,new_cel_removed_chunk_12,60,IPC,8.948166638286102,96
sign_test_og_cel0.6__norm_original_radius,new_cel_removed_chunk_12,60,KR,3.9108756817877293,96
sign_test_og_cel0.6__norm_original_radius,new_cel_removed_chunk_12,60,MC,5.10010652244091,96
sign_test_og_cel0.6__norm_original_radius,new_cel_removed_chunk_12,60,cosine_similarity,-0.1530410535633564,96
sign_test_og_cel0.6__norm_original_radius,new_cel_removed_chunk_12,60,kl_to_gaussian,1.1739684703756503,96
sign_test_og_cel0.6__norm_original_radius,new_cel_removed_chunk_12,60,wt_mean,-0.000371040019672325,96
sign_test_og_cel0.6__norm_original_radius,new_cel_removed_chunk_12,61,GR,6.088018866876761,96
sign_test_og_cel0.6__norm_original_radius,new_cel_removed_chunk_12,61,IPC,9.054065878209087,96
sign_test_og_cel0.6__norm_original_radius,new_cel_removed_chunk_12,61,KR,3.575738601386547,96
sign_test_og_cel0.6__norm_original_radius,new_cel_removed_chunk_12,61,MC,4.92201645920674,96
sign_test_og_cel0.6__norm_original_radius,new_cel_removed_chunk_12,61,cosine_similarity,-0.11049046181142325,96
sign_test_og_cel0.6__norm_original_radius,new_cel_removed_chunk_12,61,kl_to_gaussian,1.1739684703756503,96
sign_test_og_cel0.6__norm_original_radius,new_cel_removed_chunk_12,61,wt_mean,-0.000267878356680675,96
sign_test_og_cel0.6__norm_original_radius,new_cel_removed_chunk_12,62,GR,5.431088473647833,96
sign_test_og_cel0.6__norm_original_radius,new_cel_removed_chunk_12,62,IPC,8.424891341714625,96
sign_test_og_cel0.6__norm_original_radius,new_cel_removed_chunk_12,62,KR,3.306073594838381,96
sign_test_og_cel0.6__norm_original_radius,new_cel_removed_chunk_12,62,MC,4.6539246166745825,96
sign_test_og_cel0.6__norm_original_radius,new_cel_removed_chunk_12,62,cosine_similarity,-0.14105165749788282,96
sign_test_og_cel0.6__norm_original_radius,new_cel_removed_chunk_12,62,kl_to_gaussian,1.1739684703756503,96
sign_test_og_cel0.6__norm_original_radius,new_cel_removed_chunk_12,62,wt_mean,-0.00034197237255280004,96
sign_test_og_cel0.6__norm_original_radius,new_cel_removed_chunk_12,63,GR,5.702421613037586,96
sign_test_og_cel0.6__norm_original_radius,new_cel_removed_chunk_12,63,IPC,8.421522050624336,96
sign_test_og_cel0.6__norm_original_radius,new_cel_removed_chunk_12,63,KR,3.4386784372230372,96
sign_test_og_cel0.6__norm_original_radius,new_cel_removed_chunk_12,63,MC,4.6500672822197275,96
sign_test_og_cel0.6__norm_original_radius,new_cel_removed_chunk_12,63,cosine_similarity,-0.13964113965630529,96
sign_test_og_cel0.6__norm_original_radius,new_cel_removed_chunk_12,63,kl_to_gaussian,1.1739684703756503,96
sign_test_og_cel0.6__norm_original_radius,new_cel_removed_chunk_12,63,wt_mean,-0.0003385526433703,96
sign_test_og_cel0.6__norm_original_radius,new_cel_removed_chunk_12,64,GR,5.193471729755402,96
sign_test_og_cel0.6__norm_original_radius,new_cel_removed_chunk_12,64,IPC,8.139492045523884,96
sign_test_og_cel0.6__norm_original_radius,new_cel_removed_chunk_12,64,KR,3.163782433917125,96
sign_test_og_cel0.6__norm_original_radius,new_cel_removed_chunk_12,64,MC,4.500082851698001,96
sign_test_og_cel0.6__norm_original_radius,new_cel_removed_chunk_12,64,cosine_similarity,-0.12247986160218716,96
sign_test_og_cel0.6__norm_original_radius,new_cel_removed_chunk_12,64,kl_to_gaussian,1.1739684703756503,96
sign_test_og_cel0.6__norm_original_radius,new_cel_removed_chunk_12,64,wt_mean,-0.0002969460038002,96
sign_test_og_cel0.6__norm_original_radius,new_cel_removed_chunk_13,65,GR,5.554350188622872,96
sign_test_og_cel0.6__norm_original_radius,new_cel_removed_chunk_13,65,IPC,8.095927455646326,96
sign_test_og_cel0.6__norm_original_radius,new_cel_removed_chunk_13,65,KR,3.3989720915754638,96
sign_test_og_cel0.6__norm_original_radius,new_cel_removed_chunk_13,65,MC,4.522172036270301,96
sign_test_og_cel0.6__norm_original_radius,new_cel_removed_chunk_13,65,cosine_similarity,-0.12189213931560511,96
sign_test_og_cel0.6__norm_original_radius,new_cel_removed_chunk_13,65,kl_to_gaussian,1.1739684703756503,96
sign_test_og_cel0.6__norm_original_radius,new_cel_removed_chunk_13,65,wt_mean,-0.00029552111300285,96
sign_test_og_cel0.6__norm_original_radius,new_cel_removed_chunk_13,66,GR,5.1067967774967356,96
sign_test_og_cel0.6__norm_original_radius,new_cel_removed_chunk_13,66,IPC,7.789876190500311,96
sign_test_og_cel0.6__norm_original_radius,new_cel_removed_chunk_13,66,KR,3.1466337653497853,96
sign_test_og_cel0.6__norm_original_radius,new_cel_removed_chunk_13,66,MC,4.431900076568127,96
sign_test_og_cel0.6__norm_original_radius,new_cel_removed_chunk_13,66,cosine_similarity,-0.11342904530465596,96
sign_test_og_cel0.6__norm_original_radius,new_cel_removed_chunk_13,66,kl_to_gaussian,1.1739684703756503,96
sign_test_og_cel0.6__norm_original_radius,new_cel_removed_chunk_13,66,wt_mean,-0.00027500277792565,96
sign_test_og_cel0.6__norm_original_radius,new_cel_removed_chunk_13,67,GR,5.7153138009210425,96
sign_test_og_cel0.6__norm_original_radius,new_cel_removed_chunk_13,67,IPC,7.815250479724249,96
sign_test_og_cel0.6__norm_original_radius,new_cel_removed_chunk_13,67,KR,3.467355060080687,96
sign_test_og_cel0.6__norm_original_radius,new_cel_removed_chunk_13,67,MC,4.489576734602451,96
sign_test_og_cel0.6__norm_original_radius,new_cel_removed_chunk_13,67,cosine_similarity,-0.1488095037639141,96
sign_test_og_cel0.6__norm_original_radius,new_cel_removed_chunk_13,67,kl_to_gaussian,1.1739684703756503,96
sign_test_og_cel0.6__norm_original_radius,new_cel_removed_chunk_13,67,wt_mean,-0.0003607808539527,96
sign_test_og_cel0.6__norm_original_radius,new_cel_removed_chunk_13,68,GR,5.5170018908878165,96
sign_test_og_cel0.6__norm_original_radius,new_cel_removed_chunk_13,68,IPC,7.816843972544316,96
sign_test_og_cel0.6__norm_original_radius,new_cel_removed_chunk_13,68,KR,3.280521841098865,96
sign_test_og_cel0.6__norm_original_radius,new_cel_removed_chunk_13,68,MC,4.297139323006074,96
sign_test_og_cel0.6__norm_original_radius,new_cel_removed_chunk_13,68,cosine_similarity,-0.1108430959284305,96
sign_test_og_cel0.6__norm_original_radius,new_cel_removed_chunk_13,68,kl_to_gaussian,1.1739684703756503,96
sign_test_og_cel0.6__norm_original_radius,new_cel_removed_chunk_13,68,wt_mean,-0.00026873328533835,96
sign_test_og_cel0.6__norm_original_radius,new_cel_removed_chunk_13,69,GR,5.9990615621209145,96
sign_test_og_cel0.6__norm_original_radius,new_cel_removed_chunk_13,69,IPC,8.314531506600032,96
sign_test_og_cel0.6__norm_original_radius,new_cel_removed_chunk_13,69,KR,3.4761889055371284,96
sign_test_og_cel0.6__norm_original_radius,new_cel_removed_chunk_13,69,MC,4.713470533490181,96
sign_test_og_cel0.6__norm_original_radius,new_cel_removed_chunk_13,69,cosine_similarity,-0.12306757085025305,96
sign_test_og_cel0.6__norm_original_radius,new_cel_removed_chunk_13,69,kl_to_gaussian,1.1739684703756503,96
sign_test_og_cel0.6__norm_original_radius,new_cel_removed_chunk_13,69,wt_mean,-0.0002983708836836,96
sign_test_og_cel0.6__norm_original_radius,new_cel_removed_chunk_14,70,GR,4.938573243717353,96
sign_test_og_cel0.6__norm_original_radius,new_cel_removed_chunk_14,70,IPC,8.033766367508433,96
sign_test_og_cel0.6__norm_original_radius,new_cel_removed_chunk_14,70,KR,3.0277804359793663,96
sign_test_og_cel0.6__norm_original_radius,new_cel_removed_chunk_14,70,MC,4.592138348768155,96
sign_test_og_cel0.6__norm_original_radius,new_cel_removed_chunk_14,70,cosine_similarity,-0.1478691585361957,96
sign_test_og_cel0.6__norm_original_radius,new_cel_removed_chunk_14,70,kl_to_gaussian,1.1739684703756503,96
sign_test_og_cel0.6__norm_original_radius,new_cel_removed_chunk_14,70,wt_mean,-0.000358501056325575,96
sign_test_og_cel0.6__norm_original_radius,new_cel_removed_chunk_14,71,GR,5.714695498347282,96
sign_test_og_cel0.6__norm_original_radius,new_cel_removed_chunk_14,71,IPC,7.999245961130971,96
sign_test_og_cel0.6__norm_original_radius,new_cel_removed_chunk_14,71,KR,3.4987813644111156,96
sign_test_og_cel0.6__norm_original_radius,new_cel_removed_chunk_14,71,MC,4.576087539394696,96
sign_test_og_cel0.6__norm_original_radius,new_cel_removed_chunk_14,71,cosine_similarity,-0.13094295561313626,96
sign_test_og_cel0.6__norm_original_radius,new_cel_removed_chunk_14,71,kl_to_gaussian,1.1739684703756503,96
sign_test_og_cel0.6__norm_original_radius,new_cel_removed_chunk_14,71,wt_mean,-0.00031746433887744997,96
sign_test_og_cel0.6__norm_original_radius,new_cel_removed_chunk_14,72,GR,4.559817414730787,96
sign_test_og_cel0.6__norm_original_radius,new_cel_removed_chunk_14,72,IPC,8.964717348011279,96
sign_test_og_cel0.6__norm_original_radius,new_cel_removed_chunk_14,72,KR,2.9311260928710303,96
sign_test_og_cel0.6__norm_original_radius,new_cel_removed_chunk_14,72,MC,5.296728394925594,96
sign_test_og_cel0.6__norm_original_radius,new_cel_removed_chunk_14,72,cosine_similarity,-0.1464586444199085,96
sign_test_og_cel0.6__norm_original_radius,new_cel_removed_chunk_14,72,kl_to_gaussian,1.1739684703756503,96
sign_test_og_cel0.6__norm_original_radius,new_cel_removed_chunk_14,72,wt_mean,-0.00035508131259117504,96
sign_test_og_cel0.6__norm_original_radius,new_cel_removed_chunk_14,73,GR,5.111787840723991,96
sign_test_og_cel0.6__norm_original_radius,new_cel_removed_chunk_14,73,IPC,8.496926954521046,96
sign_test_og_cel0.6__norm_original_radius,new_cel_removed_chunk_14,73,KR,3.1835903860628605,96
sign_test_og_cel0.6__norm_original_radius,new_cel_removed_chunk_14,73,MC,4.662534601986408,96
sign_test_og_cel0.6__norm_original_radius,new_cel_removed_chunk_14,73,cosine_similarity,-0.13517450913786883,96
sign_test_og_cel0.6__norm_original_radius,new_cel_removed_chunk_14,73,kl_to_gaussian,1.1739684703756503,96
sign_test_og_cel0.6__norm_original_radius,new_cel_removed_chunk_14,73,wt_mean,-0.00032772351187302496,96
sign_test_og_cel0.6__norm_original_radius,new_cel_removed_chunk_14,74,GR,6.068403681119283,96
sign_test_og_cel0.6__norm_original_radius,new_cel_removed_chunk_14,74,IPC,8.039154780658732,96
sign_test_og_cel0.6__norm_original_radius,new_cel_removed_chunk_14,74,KR,3.625750061124563,96
sign_test_og_cel0.6__norm_original_radius,new_cel_removed_chunk_14,74,MC,4.592942088842392,96
sign_test_og_cel0.6__norm_original_radius,new_cel_removed_chunk_14,74,cosine_similarity,-0.14657618477940557,96
sign_test_og_cel0.6__norm_original_radius,new_cel_removed_chunk_14,74,kl_to_gaussian,1.1739684703756503,96
sign_test_og_cel0.6__norm_original_radius,new_cel_removed_chunk_14,74,wt_mean,-0.00035536627547115,96
sign_test_og_cel0.6__norm_original_radius,new_cel_removed_chunk_15,75,GR,5.531577580918868,96
sign_test_og_cel0.6__norm_original_radius,new_cel_removed_chunk_15,75,IPC,8.564584215658959,96
sign_test_og_cel0.6__norm_original_radius,new_cel_removed_chunk_15,75,KR,3.3582296011348567,96
sign_test_og_cel0.6__norm_original_radius,new_cel_removed_chunk_15,75,MC,4.8142352650562925,96
sign_test_og_cel0.6__norm_original_radius,new_cel_removed_chunk_15,75,cosine_similarity,-0.133058737963438,96
sign_test_og_cel0.6__norm_original_radius,new_cel_removed_chunk_15,75,kl_to_gaussian,1.1739684703756503,96
sign_test_og_cel0.6__norm_original_radius,new_cel_removed_chunk_15,75,wt_mean,-0.00032259393992715,96
sign_test_og_cel0.6__norm_original_radius,new_cel_removed_chunk_15,76,GR,5.602762078245481,96
sign_test_og_cel0.6__norm_original_radius,new_cel_removed_chunk_15,76,IPC,7.897731074444933,96
sign_test_og_cel0.6__norm_original_radius,new_cel_removed_chunk_15,76,KR,3.4156614827613034,96
sign_test_og_cel0.6__norm_original_radius,new_cel_removed_chunk_15,76,MC,4.281661843260129,96
sign_test_og_cel0.6__norm_original_radius,new_cel_removed_chunk_15,76,cosine_similarity,-0.11895356513559814,96
sign_test_og_cel0.6__norm_original_radius,new_cel_removed_chunk_15,76,kl_to_gaussian,1.1739684703756503,96
sign_test_og_cel0.6__norm_original_radius,new_cel_removed_chunk_15,76,wt_mean,-0.000288396702671825,96
sign_test_og_cel0.6__norm_original_radius,new_cel_removed_chunk_15,77,GR,5.619793335596721,96
sign_test_og_cel0.6__norm_original_radius,new_cel_removed_chunk_15,77,IPC,7.95011997158166,96
sign_test_og_cel0.6__norm_original_radius,new_cel_removed_chunk_15,77,KR,3.4398504557708898,96
sign_test_og_cel0.6__norm_original_radius,new_cel_removed_chunk_15,77,MC,4.6744456216692924,96
sign_test_og_cel0.6__norm_original_radius,new_cel_removed_chunk_15,77,cosine_similarity,-0.12165705300867556,96
sign_test_og_cel0.6__norm_original_radius,new_cel_removed_chunk_15,77,kl_to_gaussian,1.1739684703756503,96
sign_test_og_cel0.6__norm_original_radius,new_cel_removed_chunk_15,77,wt_mean,-0.00029495117996695,96
sign_test_og_cel0.6__norm_original_radius,new_cel_removed_chunk_15,78,GR,6.635680524011453,96
sign_test_og_cel0.6__norm_original_radius,new_cel_removed_chunk_15,78,IPC,8.622494076368165,96
sign_test_og_cel0.6__norm_original_radius,new_cel_removed_chunk_15,78,KR,3.9254609731336436,96
sign_test_og_cel0.6__norm_original_radius,new_cel_removed_chunk_15,78,MC,4.887975520143907,96
sign_test_og_cel0.6__norm_original_radius,new_cel_removed_chunk_15,78,cosine_similarity,-0.1146044731140136,96
sign_test_og_cel0.6__norm_original_radius,new_cel_removed_chunk_15,78,kl_to_gaussian,1.1739684703756503,96
sign_test_og_cel0.6__norm_original_radius,new_cel_removed_chunk_15,78,wt_mean,-0.0002778525704343,96
sign_test_og_cel0.6__norm_original_radius,new_cel_removed_chunk_15,79,GR,5.97287850951155,96
sign_test_og_cel0.6__norm_original_radius,new_cel_removed_chunk_15,79,IPC,8.427557496478833,96
sign_test_og_cel0.6__norm_original_radius,new_cel_removed_chunk_15,79,KR,3.5276626783112683,96
sign_test_og_cel0.6__norm_original_radius,new_cel_removed_chunk_15,79,MC,4.4749347393711405,96
sign_test_og_cel0.6__norm_original_radius,new_cel_removed_chunk_15,79,cosine_similarity,-0.12200968712568279,96
sign_test_og_cel0.6__norm_original_radius,new_cel_removed_chunk_15,79,kl_to_gaussian,1.1739684703756503,96
sign_test_og_cel0.6__norm_original_radius,new_cel_removed_chunk_15,79,wt_mean,-0.00029580610134865003,96
sign_test_og_cel0.6__norm_original_radius,new_cel_removed_chunk_16,80,GR,5.812745422124863,96
sign_test_og_cel0.6__norm_original_radius,new_cel_removed_chunk_16,80,IPC,8.276253700029043,96
sign_test_og_cel0.6__norm_original_radius,new_cel_removed_chunk_16,80,KR,3.5536135447522006,96
sign_test_og_cel0.6__norm_original_radius,new_cel_removed_chunk_16,80,MC,5.112653733541568,96
sign_test_og_cel0.6__norm_original_radius,new_cel_removed_chunk_16,80,cosine_similarity,-0.1403464004397392,96
sign_test_og_cel0.6__norm_original_radius,new_cel_removed_chunk_16,80,kl_to_gaussian,1.1739684703756503,96
sign_test_og_cel0.6__norm_original_radius,new_cel_removed_chunk_16,80,wt_mean,-0.00034026250432354996,96
sign_test_og_cel0.6__norm_original_radius,new_cel_removed_chunk_16,81,GR,5.581780944019556,96
sign_test_og_cel0.6__norm_original_radius,new_cel_removed_chunk_16,81,IPC,7.1170470340146,96
sign_test_og_cel0.6__norm_original_radius,new_cel_removed_chunk_16,81,KR,3.2710543063779673,96
sign_test_og_cel0.6__norm_original_radius,new_cel_removed_chunk_16,81,MC,4.054426009456317,96
sign_test_og_cel0.6__norm_original_radius,new_cel_removed_chunk_16,81,cosine_similarity,-0.14199200272560117,96
sign_test_og_cel0.6__norm_original_radius,new_cel_removed_chunk_16,81,kl_to_gaussian,1.1739684703756503,96
sign_test_og_cel0.6__norm_original_radius,new_cel_removed_chunk_16,81,wt_mean,-0.00034425218109387505,96
sign_test_og_cel0.6__norm_original_radius,new_cel_removed_chunk_16,82,GR,5.255740805218617,96
sign_test_og_cel0.6__norm_original_radius,new_cel_removed_chunk_16,82,IPC,7.5697615913628065,96
sign_test_og_cel0.6__norm_original_radius,new_cel_removed_chunk_16,82,KR,3.184321848054727,96
sign_test_og_cel0.6__norm_original_radius,new_cel_removed_chunk_16,82,MC,4.084140258530776,96
sign_test_og_cel0.6__norm_original_radius,new_cel_removed_chunk_16,82,cosine_similarity,-0.118130762130022,96
sign_test_og_cel0.6__norm_original_radius,new_cel_removed_chunk_16,82,kl_to_gaussian,1.1739684703756503,96
sign_test_og_cel0.6__norm_original_radius,new_cel_removed_chunk_16,82,wt_mean,-0.00028640184245879997,96
sign_test_og_cel0.6__norm_original_radius,new_cel_removed_chunk_16,83,GR,5.622265430788199,96
sign_test_og_cel0.6__norm_original_radius,new_cel_removed_chunk_16,83,IPC,7.338132102880336,96
sign_test_og_cel0.6__norm_original_radius,new_cel_removed_chunk_16,83,KR,3.272102111329635,96
sign_test_og_cel0.6__norm_original_radius,new_cel_removed_chunk_16,83,MC,4.1164768027762575,96
sign_test_og_cel0.6__norm_original_radius,new_cel_removed_chunk_16,83,cosine_similarity,-0.14316743984818456,96
sign_test_og_cel0.6__norm_original_radius,new_cel_removed_chunk_16,83,kl_to_gaussian,1.1739684703756503,96
sign_test_og_cel0.6__norm_original_radius,new_cel_removed_chunk_16,83,wt_mean,-0.00034710198087844997,96
sign_test_og_cel0.6__norm_original_radius,new_cel_removed_chunk_16,84,GR,5.391867133478324,96
sign_test_og_cel0.6__norm_original_radius,new_cel_removed_chunk_16,84,IPC,7.692764262400245,96
sign_test_og_cel0.6__norm_original_radius,new_cel_removed_chunk_16,84,KR,3.278139299402634,96
sign_test_og_cel0.6__norm_original_radius,new_cel_removed_chunk_16,84,MC,4.455739827205737,96
sign_test_og_cel0.6__norm_original_radius,new_cel_removed_chunk_16,84,cosine_similarity,-0.12189214490354056,96
sign_test_og_cel0.6__norm_original_radius,new_cel_removed_chunk_16,84,kl_to_gaussian,1.1739684703756503,96
sign_test_og_cel0.6__norm_original_radius,new_cel_removed_chunk_16,84,wt_mean,-0.000295521123916775,96
sign_test_og_cel0.6__norm_original_radius,new_cel_removed_chunk_17,85,GR,5.787179214258988,96
sign_test_og_cel0.6__norm_original_radius,new_cel_removed_chunk_17,85,IPC,7.956488427037797,96
sign_test_og_cel0.6__norm_original_radius,new_cel_removed_chunk_17,85,KR,3.344997006158034,96
sign_test_og_cel0.6__norm_original_radius,new_cel_removed_chunk_17,85,MC,4.42489779740572,96
sign_test_og_cel0.6__norm_original_radius,new_cel_removed_chunk_17,85,cosine_similarity,-0.11248870007693766,96
sign_test_og_cel0.6__norm_original_radius,new_cel_removed_chunk_17,85,kl_to_gaussian,1.1739684703756503,96
sign_test_og_cel0.6__norm_original_radius,new_cel_removed_chunk_17,85,wt_mean,-0.000272722969384575,96
sign_test_og_cel0.6__norm_original_radius,new_cel_removed_chunk_17,86,GR,5.414689256499211,96
sign_test_og_cel0.6__norm_original_radius,new_cel_removed_chunk_17,86,IPC,7.266807406520286,96
sign_test_og_cel0.6__norm_original_radius,new_cel_removed_chunk_17,86,KR,3.219697585950295,96
sign_test_og_cel0.6__norm_original_radius,new_cel_removed_chunk_17,86,MC,4.460276652127504,96
sign_test_og_cel0.6__norm_original_radius,new_cel_removed_chunk_17,86,cosine_similarity,-0.11272378452122206,96
sign_test_og_cel0.6__norm_original_radius,new_cel_removed_chunk_17,86,kl_to_gaussian,1.1739684703756503,96
sign_test_og_cel0.6__norm_original_radius,new_cel_removed_chunk_17,86,wt_mean,-0.000273292913334375,96
sign_test_og_cel0.6__norm_original_radius,new_cel_removed_chunk_17,87,GR,5.237098475297292,96
sign_test_og_cel0.6__norm_original_radius,new_cel_removed_chunk_17,87,IPC,8.134594291225412,96
sign_test_og_cel0.6__norm_original_radius,new_cel_removed_chunk_17,87,KR,3.14656970774134,96
sign_test_og_cel0.6__norm_original_radius,new_cel_removed_chunk_17,87,MC,4.609747086962064,96
sign_test_og_cel0.6__norm_original_radius,new_cel_removed_chunk_17,87,cosine_similarity,-0.09074323438107966,96
sign_test_og_cel0.6__norm_original_radius,new_cel_removed_chunk_17,87,kl_to_gaussian,1.1739684703756503,96
sign_test_og_cel0.6__norm_original_radius,new_cel_removed_chunk_17,87,wt_mean,-0.0002200022208853,96
sign_test_og_cel0.6__norm_original_radius,new_cel_removed_chunk_17,88,GR,5.61483908444643,96
sign_test_og_cel0.6__norm_original_radius,new_cel_removed_chunk_17,88,IPC,7.761685101706294,96
sign_test_og_cel0.6__norm_original_radius,new_cel_removed_chunk_17,88,KR,3.289857159058253,96
sign_test_og_cel0.6__norm_original_radius,new_cel_removed_chunk_17,88,MC,4.155238591134548,96
sign_test_og_cel0.6__norm_original_radius,new_cel_removed_chunk_17,88,cosine_similarity,-0.1274166628718376,96
sign_test_og_cel0.6__norm_original_radius,new_cel_removed_chunk_17,88,kl_to_gaussian,1.1739684703756503,96
sign_test_og_cel0.6__norm_original_radius,new_cel_removed_chunk_17,88,wt_mean,-0.00030891503774905,96
sign_test_og_cel0.6__norm_original_radius,new_cel_removed_chunk_17,89,GR,5.404640930394332,96
sign_test_og_cel0.6__norm_original_radius,new_cel_removed_chunk_17,89,IPC,7.465868832317958,96
sign_test_og_cel0.6__norm_original_radius,new_cel_removed_chunk_17,89,KR,3.299375089506308,96
sign_test_og_cel0.6__norm_original_radius,new_cel_removed_chunk_17,89,MC,4.41108762845397,96
sign_test_og_cel0.6__norm_original_radius,new_cel_removed_chunk_17,89,cosine_similarity,-0.14657618477940557,96
sign_test_og_cel0.6__norm_original_radius,new_cel_removed_chunk_17,89,kl_to_gaussian,1.1739684703756503,96
sign_test_og_cel0.6__norm_original_radius,new_cel_removed_chunk_17,89,wt_mean,-0.00035536627547115,96
sign_test_og_cel0.6__norm_original_radius,new_cel_removed_chunk_18,90,GR,5.973171611626943,96
sign_test_og_cel0.6__norm_original_radius,new_cel_removed_chunk_18,90,IPC,7.904933928155739,96
sign_test_og_cel0.6__norm_original_radius,new_cel_removed_chunk_18,90,KR,3.460875498751799,96
sign_test_og_cel0.6__norm_original_radius,new_cel_removed_chunk_18,90,MC,4.18433445195357,96
sign_test_og_cel0.6__norm_original_radius,new_cel_removed_chunk_18,90,cosine_similarity,-0.10273262299597258,96
sign_test_og_cel0.6__norm_original_radius,new_cel_removed_chunk_18,90,kl_to_gaussian,1.1739684703756503,96
sign_test_og_cel0.6__norm_original_radius,new_cel_removed_chunk_18,90,wt_mean,-0.000249069878918775,96
sign_test_og_cel0.6__norm_original_radius,new_cel_removed_chunk_18,91,GR,5.8883303341766196,96
sign_test_og_cel0.6__norm_original_radius,new_cel_removed_chunk_18,91,IPC,7.735025832111684,96
sign_test_og_cel0.6__norm_original_radius,new_cel_removed_chunk_18,91,KR,3.6275883726775646,96
sign_test_og_cel0.6__norm_original_radius,new_cel_removed_chunk_18,91,MC,4.557249454160531,96
sign_test_og_cel0.6__norm_original_radius,new_cel_removed_chunk_18,91,cosine_similarity,-0.09814844653010361,96
sign_test_og_cel0.6__norm_original_radius,new_cel_removed_chunk_18,91,kl_to_gaussian,1.1739684703756503,96
sign_test_og_cel0.6__norm_original_radius,new_cel_removed_chunk_18,91,wt_mean,-0.000237955777265525,96
sign_test_og_cel0.6__norm_original_radius,new_cel_removed_chunk_18,92,GR,5.813734471797943,96
sign_test_og_cel0.6__norm_original_radius,new_cel_removed_chunk_18,92,IPC,8.118442048919304,96
sign_test_og_cel0.6__norm_original_radius,new_cel_removed_chunk_18,92,KR,3.540277979026238,96
sign_test_og_cel0.6__norm_original_radius,new_cel_removed_chunk_18,92,MC,4.558860258509715,96
sign_test_og_cel0.6__norm_original_radius,new_cel_removed_chunk_18,92,cosine_similarity,-0.1317657604813575,96
sign_test_og_cel0.6__norm_original_radius,new_cel_removed_chunk_18,92,kl_to_gaussian,1.1739684703756503,96
sign_test_og_cel0.6__norm_original_radius,new_cel_removed_chunk_18,92,wt_mean,-0.000319459184538525,96
sign_test_og_cel0.6__norm_original_radius,new_cel_removed_chunk_18,93,GR,5.050926323980093,96
sign_test_og_cel0.6__norm_original_radius,new_cel_removed_chunk_18,93,IPC,8.115003365979938,96
sign_test_og_cel0.6__norm_original_radius,new_cel_removed_chunk_18,93,KR,3.122161701321602,96
sign_test_og_cel0.6__norm_original_radius,new_cel_removed_chunk_18,93,MC,4.378916688263416,96
sign_test_og_cel0.6__norm_original_radius,new_cel_removed_chunk_18,93,cosine_similarity,-0.0782836750149726,96
sign_test_og_cel0.6__norm_original_radius,new_cel_removed_chunk_18,93,kl_to_gaussian,1.1739684703756503,96
sign_test_og_cel0.6__norm_original_radius,new_cel_removed_chunk_18,93,wt_mean,-0.00018979466767625,96
sign_test_og_cel0.6__norm_original_radius,new_cel_removed_chunk_18,94,GR,6.466923939685027,96
sign_test_og_cel0.6__norm_original_radius,new_cel_removed_chunk_18,94,IPC,7.959661727930133,96
sign_test_og_cel0.6__norm_original_radius,new_cel_removed_chunk_18,94,KR,3.9116237921019397,96
sign_test_og_cel0.6__norm_original_radius,new_cel_removed_chunk_18,94,MC,4.674404710531235,96
sign_test_og_cel0.6__norm_original_radius,new_cel_removed_chunk_18,94,cosine_similarity,-0.1154272705316543,96
sign_test_og_cel0.6__norm_original_radius,new_cel_removed_chunk_18,94,kl_to_gaussian,1.1739684703756503,96
sign_test_og_cel0.6__norm_original_radius,new_cel_removed_chunk_18,94,wt_mean,-0.00027984738699155003,96
sign_test_og_cel0.6__norm_original_radius,new_cel_removed_chunk_19,95,GR,5.642147455364466,96
sign_test_og_cel0.6__norm_original_radius,new_cel_removed_chunk_19,95,IPC,7.236789488884668,96
sign_test_og_cel0.6__norm_original_radius,new_cel_removed_chunk_19,95,KR,3.363346771647533,96
sign_test_og_cel0.6__norm_original_radius,new_cel_removed_chunk_19,95,MC,4.184514246881008,96
sign_test_og_cel0.6__norm_original_radius,new_cel_removed_chunk_19,95,cosine_similarity,-0.1395236067473888,96
sign_test_og_cel0.6__norm_original_radius,new_cel_removed_chunk_19,95,kl_to_gaussian,1.1739684703756503,96
sign_test_og_cel0.6__norm_original_radius,new_cel_removed_chunk_19,95,wt_mean,-0.00033826766593845,96
sign_test_og_cel0.6__norm_original_radius,new_cel_removed_chunk_19,96,GR,5.8074326527615385,96
sign_test_og_cel0.6__norm_original_radius,new_cel_removed_chunk_19,96,IPC,7.37849382279087,96
sign_test_og_cel0.6__norm_original_radius,new_cel_removed_chunk_19,96,KR,3.392816779514154,96
sign_test_og_cel0.6__norm_original_radius,new_cel_removed_chunk_19,96,MC,4.148858451594909,96
sign_test_og_cel0.6__norm_original_radius,new_cel_removed_chunk_19,96,cosine_similarity,-0.11284133046865459,96
sign_test_og_cel0.6__norm_original_radius,new_cel_removed_chunk_19,96,kl_to_gaussian,1.1739684703756503,96
sign_test_og_cel0.6__norm_original_radius,new_cel_removed_chunk_19,96,wt_mean,-0.000273577901680175,96
sign_test_og_cel0.6__norm_original_radius,new_cel_removed_chunk_19,97,GR,5.55194674556454,96
sign_test_og_cel0.6__norm_original_radius,new_cel_removed_chunk_19,97,IPC,8.022190373289241,96
sign_test_og_cel0.6__norm_original_radius,new_cel_removed_chunk_19,97,KR,3.325383906563123,96
sign_test_og_cel0.6__norm_original_radius,new_cel_removed_chunk_19,97,MC,4.345326203852892,96
sign_test_og_cel0.6__norm_original_radius,new_cel_removed_chunk_19,97,cosine_similarity,-0.09462215192615986,96
sign_test_og_cel0.6__norm_original_radius,new_cel_removed_chunk_19,97,kl_to_gaussian,1.1739684703756503,96
sign_test_og_cel0.6__norm_original_radius,new_cel_removed_chunk_19,97,wt_mean,-0.000229406461585275,96
sign_test_og_cel0.6__norm_original_radius,new_cel_removed_chunk_19,98,GR,6.069926084329684,96
sign_test_og_cel0.6__norm_original_radius,new_cel_removed_chunk_19,98,IPC,8.23063958113535,96
sign_test_og_cel0.6__norm_original_radius,new_cel_removed_chunk_19,98,KR,3.547367406388124,96
sign_test_og_cel0.6__norm_original_radius,new_cel_removed_chunk_19,98,MC,4.70053484539191,96
sign_test_og_cel0.6__norm_original_radius,new_cel_removed_chunk_19,98,cosine_similarity,-0.15880065783858296,96
sign_test_og_cel0.6__norm_original_radius,new_cel_removed_chunk_19,98,kl_to_gaussian,1.1739684703756503,96
sign_test_og_cel0.6__norm_original_radius,new_cel_removed_chunk_19,98,wt_mean,-0.000385003913834175,96
sign_test_og_cel0.6__norm_original_radius,new_cel_removed_chunk_19,99,GR,5.210088989386956,96
sign_test_og_cel0.6__norm_original_radius,new_cel_removed_chunk_19,99,IPC,8.738469800350526,96
sign_test_og_cel0.6__norm_original_radius,new_cel_removed_chunk_19,99,KR,3.23844475671649,96
sign_test_og_cel0.6__norm_original_radius,new_cel_removed_chunk_19,99,MC,4.948168319960435,96
sign_test_og_cel0.6__norm_original_radius,new_cel_removed_chunk_19,99,cosine_similarity,-0.1291798055171966,96
sign_test_og_cel0.6__norm_original_radius,new_cel_removed_chunk_19,99,kl_to_gaussian,1.1739684703756503,96
sign_test_og_cel0.6__norm_original_radius,new_cel_removed_chunk_19,99,wt_mean,-0.00031318970286515,96
sign_test_og_cel0.6__norm_original_radius,new_cel_removed_chunk_2,10,GR,6.014396443963051,96
sign_test_og_cel0.6__norm_original_radius,new_cel_removed_chunk_2,10,IPC,7.807161018056889,96
sign_test_og_cel0.6__norm_original_radius,new_cel_removed_chunk_2,10,KR,3.6082136829694114,96
sign_test_og_cel0.6__norm_original_radius,new_cel_removed_chunk_2,10,MC,4.38289649784565,96
sign_test_og_cel0.6__norm_original_radius,new_cel_removed_chunk_2,10,cosine_similarity,-0.14469549804925916,96
sign_test_og_cel0.6__norm_original_radius,new_cel_removed_chunk_2,10,kl_to_gaussian,1.1739684703756503,96
sign_test_og_cel0.6__norm_original_radius,new_cel_removed_chunk_2,10,wt_mean,-0.000350806672940925,96
sign_test_og_cel0.6__norm_original_radius,new_cel_removed_chunk_2,11,GR,5.243261504918337,96
sign_test_og_cel0.6__norm_original_radius,new_cel_removed_chunk_2,11,IPC,8.470240358422771,96
sign_test_og_cel0.6__norm_original_radius,new_cel_removed_chunk_2,11,KR,3.202779700358709,96
sign_test_og_cel0.6__norm_original_radius,new_cel_removed_chunk_2,11,MC,4.71551966915528,96
sign_test_og_cel0.6__norm_original_radius,new_cel_removed_chunk_2,11,cosine_similarity,-0.0975607298314571,96
sign_test_og_cel0.6__norm_original_radius,new_cel_removed_chunk_2,11,kl_to_gaussian,1.1739684703756503,96
sign_test_og_cel0.6__norm_original_radius,new_cel_removed_chunk_2,11,wt_mean,-0.00023653089010617498,96
sign_test_og_cel0.6__norm_original_radius,new_cel_removed_chunk_2,12,GR,5.628467419495185,96
sign_test_og_cel0.6__norm_original_radius,new_cel_removed_chunk_2,12,IPC,8.027157166095547,96
sign_test_og_cel0.6__norm_original_radius,new_cel_removed_chunk_2,12,KR,3.252322512368361,96
sign_test_og_cel0.6__norm_original_radius,new_cel_removed_chunk_2,12,MC,4.2301075880726176,96
sign_test_og_cel0.6__norm_original_radius,new_cel_removed_chunk_2,12,cosine_similarity,-0.11895356886088844,96
sign_test_og_cel0.6__norm_original_radius,new_cel_removed_chunk_2,12,kl_to_gaussian,1.1739684703756503,96
sign_test_og_cel0.6__norm_original_radius,new_cel_removed_chunk_2,12,wt_mean,-0.000288396702671825,96
sign_test_og_cel0.6__norm_original_radius,new_cel_removed_chunk_2,13,GR,5.066800385713577,96
sign_test_og_cel0.6__norm_original_radius,new_cel_removed_chunk_2,13,IPC,8.695312036492892,96
sign_test_og_cel0.6__norm_original_radius,new_cel_removed_chunk_2,13,KR,3.0929042597611747,96
sign_test_og_cel0.6__norm_original_radius,new_cel_removed_chunk_2,13,MC,5.174221793810527,96
sign_test_og_cel0.6__norm_original_radius,new_cel_removed_chunk_2,13,cosine_similarity,-0.1605637967586517,96
sign_test_og_cel0.6__norm_original_radius,new_cel_removed_chunk_2,13,kl_to_gaussian,1.1739684703756503,96
sign_test_og_cel0.6__norm_original_radius,new_cel_removed_chunk_2,13,wt_mean,-0.00038927853893250004,96
sign_test_og_cel0.6__norm_original_radius,new_cel_removed_chunk_2,14,GR,5.4320395191510515,96
sign_test_og_cel0.6__norm_original_radius,new_cel_removed_chunk_2,14,IPC,8.142669757054666,96
sign_test_og_cel0.6__norm_original_radius,new_cel_removed_chunk_2,14,KR,3.278602484613657,96
sign_test_og_cel0.6__norm_original_radius,new_cel_removed_chunk_2,14,MC,4.444327337046464,96
sign_test_og_cel0.6__norm_original_radius,new_cel_removed_chunk_2,14,cosine_similarity,-0.10778697766363615,96
sign_test_og_cel0.6__norm_original_radius,new_cel_removed_chunk_2,14,kl_to_gaussian,1.1739684703756503,96
sign_test_og_cel0.6__norm_original_radius,new_cel_removed_chunk_2,14,wt_mean,-0.00026132388666147503,96
sign_test_og_cel0.6__norm_original_radius,new_cel_removed_chunk_3,15,GR,5.247046077003081,96
sign_test_og_cel0.6__norm_original_radius,new_cel_removed_chunk_3,15,IPC,8.178683593873421,96
sign_test_og_cel0.6__norm_original_radius,new_cel_removed_chunk_3,15,KR,3.238223316768805,96
sign_test_og_cel0.6__norm_original_radius,new_cel_removed_chunk_3,15,MC,4.686606264362733,96
sign_test_og_cel0.6__norm_original_radius,new_cel_removed_chunk_3,15,cosine_similarity,-0.11331150121986866,96
sign_test_og_cel0.6__norm_original_radius,new_cel_removed_chunk_3,15,kl_to_gaussian,1.1739684703756503,96
sign_test_og_cel0.6__norm_original_radius,new_cel_removed_chunk_3,15,wt_mean,-0.000274717811407725,96
sign_test_og_cel0.6__norm_original_radius,new_cel_removed_chunk_3,16,GR,5.989480486760537,96
sign_test_og_cel0.6__norm_original_radius,new_cel_removed_chunk_3,16,IPC,7.7104782914257655,96
sign_test_og_cel0.6__norm_original_radius,new_cel_removed_chunk_3,16,KR,3.4402268889049687,96
sign_test_og_cel0.6__norm_original_radius,new_cel_removed_chunk_3,16,MC,4.2142413556575775,96
sign_test_og_cel0.6__norm_original_radius,new_cel_removed_chunk_3,16,cosine_similarity,-0.13646747916936872,96
sign_test_og_cel0.6__norm_original_radius,new_cel_removed_chunk_3,16,kl_to_gaussian,1.1739684703756503,96
sign_test_og_cel0.6__norm_original_radius,new_cel_removed_chunk_3,16,wt_mean,-0.00033085825998562505,96
sign_test_og_cel0.6__norm_original_radius,new_cel_removed_chunk_3,17,GR,5.022795495887597,96
sign_test_og_cel0.6__norm_original_radius,new_cel_removed_chunk_3,17,IPC,7.823950501621602,96
sign_test_og_cel0.6__norm_original_radius,new_cel_removed_chunk_3,17,KR,3.0862761537233987,96
sign_test_og_cel0.6__norm_original_radius,new_cel_removed_chunk_3,17,MC,4.236208354433377,96
sign_test_og_cel0.6__norm_original_radius,new_cel_removed_chunk_3,17,cosine_similarity,-0.1357622183859348,96
sign_test_og_cel0.6__norm_original_radius,new_cel_removed_chunk_3,17,kl_to_gaussian,1.1739684703756503,96
sign_test_og_cel0.6__norm_original_radius,new_cel_removed_chunk_3,17,wt_mean,-0.00032914842086024994,96
sign_test_og_cel0.6__norm_original_radius,new_cel_removed_chunk_3,18,GR,6.256163575996955,96
sign_test_og_cel0.6__norm_original_radius,new_cel_removed_chunk_3,18,IPC,8.016597541689181,96
sign_test_og_cel0.6__norm_original_radius,new_cel_removed_chunk_3,18,KR,3.644781588266293,96
sign_test_og_cel0.6__norm_original_radius,new_cel_removed_chunk_3,18,MC,4.191635961333911,96
sign_test_og_cel0.6__norm_original_radius,new_cel_removed_chunk_3,18,cosine_similarity,-0.1403464004397392,96
sign_test_og_cel0.6__norm_original_radius,new_cel_removed_chunk_3,18,kl_to_gaussian,1.1739684703756503,96
sign_test_og_cel0.6__norm_original_radius,new_cel_removed_chunk_3,18,wt_mean,-0.000340262511599525,96
sign_test_og_cel0.6__norm_original_radius,new_cel_removed_chunk_3,19,GR,5.584078581382831,96
sign_test_og_cel0.6__norm_original_radius,new_cel_removed_chunk_3,19,IPC,8.126954599447018,96
sign_test_og_cel0.6__norm_original_radius,new_cel_removed_chunk_3,19,KR,3.317291642228762,96
sign_test_og_cel0.6__norm_original_radius,new_cel_removed_chunk_3,19,MC,4.8061889459689455,96
sign_test_og_cel0.6__norm_original_radius,new_cel_removed_chunk_3,19,cosine_similarity,-0.12153951264917845,96
sign_test_og_cel0.6__norm_original_radius,new_cel_removed_chunk_3,19,kl_to_gaussian,1.1739684703756503,96
sign_test_og_cel0.6__norm_original_radius,new_cel_removed_chunk_3,19,wt_mean,-0.000294666191621175,96
sign_test_og_cel0.6__norm_original_radius,new_cel_removed_chunk_4,20,GR,6.139301831523578,96
sign_test_og_cel0.6__norm_original_radius,new_cel_removed_chunk_4,20,IPC,7.876555739941842,96
sign_test_og_cel0.6__norm_original_radius,new_cel_removed_chunk_4,20,KR,3.5946798995137215,96
sign_test_og_cel0.6__norm_original_radius,new_cel_removed_chunk_4,20,MC,4.451049166421096,96
sign_test_og_cel0.6__norm_original_radius,new_cel_removed_chunk_4,20,cosine_similarity,-0.0729942359030246,96
sign_test_og_cel0.6__norm_original_radius,new_cel_removed_chunk_4,20,kl_to_gaussian,1.1739684703756503,96
sign_test_og_cel0.6__norm_original_radius,new_cel_removed_chunk_4,20,wt_mean,-0.00017697070506977498,96
sign_test_og_cel0.6__norm_original_radius,new_cel_removed_chunk_4,21,GR,6.202724024653435,96
sign_test_og_cel0.6__norm_original_radius,new_cel_removed_chunk_4,21,IPC,8.336829786785783,96
sign_test_og_cel0.6__norm_original_radius,new_cel_removed_chunk_4,21,KR,3.752316005527973,96
sign_test_og_cel0.6__norm_original_radius,new_cel_removed_chunk_4,21,MC,4.759016151229541,96
sign_test_og_cel0.6__norm_original_radius,new_cel_removed_chunk_4,21,cosine_similarity,-0.1133114956319332,96
sign_test_og_cel0.6__norm_original_radius,new_cel_removed_chunk_4,21,kl_to_gaussian,1.1739684703756503,96
sign_test_og_cel0.6__norm_original_radius,new_cel_removed_chunk_4,21,wt_mean,-0.00027471780776974997,96
sign_test_og_cel0.6__norm_original_radius,new_cel_removed_chunk_4,22,GR,5.651371334989865,96
sign_test_og_cel0.6__norm_original_radius,new_cel_removed_chunk_4,22,IPC,8.808029539027629,96
sign_test_og_cel0.6__norm_original_radius,new_cel_removed_chunk_4,22,KR,3.4872344558437667,96
sign_test_og_cel0.6__norm_original_radius,new_cel_removed_chunk_4,22,MC,4.961651402215163,96
sign_test_og_cel0.6__norm_original_radius,new_cel_removed_chunk_4,22,cosine_similarity,-0.13964114338159558,96
sign_test_og_cel0.6__norm_original_radius,new_cel_removed_chunk_4,22,kl_to_gaussian,1.1739684703756503,96
sign_test_og_cel0.6__norm_original_radius,new_cel_removed_chunk_4,22,wt_mean,-0.000338552647008275,96
sign_test_og_cel0.6__norm_original_radius,new_cel_removed_chunk_4,23,GR,5.535602640360594,96
sign_test_og_cel0.6__norm_original_radius,new_cel_removed_chunk_4,23,IPC,8.856577248235078,96
sign_test_og_cel0.6__norm_original_radius,new_cel_removed_chunk_4,23,KR,3.467198073863983,96
sign_test_og_cel0.6__norm_original_radius,new_cel_removed_chunk_4,23,MC,5.079264226059119,96
sign_test_og_cel0.6__norm_original_radius,new_cel_removed_chunk_4,23,cosine_similarity,-0.12212722562253471,96
sign_test_og_cel0.6__norm_original_radius,new_cel_removed_chunk_4,23,kl_to_gaussian,1.1739684703756503,96
sign_test_og_cel0.6__norm_original_radius,new_cel_removed_chunk_4,23,wt_mean,-0.00029609108241852503,96
sign_test_og_cel0.6__norm_original_radius,new_cel_removed_chunk_4,24,GR,5.102032605558634,96
sign_test_og_cel0.6__norm_original_radius,new_cel_removed_chunk_4,24,IPC,8.208741322559968,96
sign_test_og_cel0.6__norm_original_radius,new_cel_removed_chunk_4,24,KR,3.126184939096371,96
sign_test_og_cel0.6__norm_original_radius,new_cel_removed_chunk_4,24,MC,4.678831261893113,96
sign_test_og_cel0.6__norm_original_radius,new_cel_removed_chunk_4,24,cosine_similarity,-0.1505726426839828,96
sign_test_og_cel0.6__norm_original_radius,new_cel_removed_chunk_4,24,kl_to_gaussian,1.1739684703756503,96
sign_test_og_cel0.6__norm_original_radius,new_cel_removed_chunk_4,24,wt_mean,-0.000365055508154825,96
sign_test_og_cel0.6__norm_original_radius,new_cel_removed_chunk_5,25,GR,5.370944793025653,96
sign_test_og_cel0.6__norm_original_radius,new_cel_removed_chunk_5,25,IPC,8.070140868935793,96
sign_test_og_cel0.6__norm_original_radius,new_cel_removed_chunk_5,25,KR,3.279423044373592,96
sign_test_og_cel0.6__norm_original_radius,new_cel_removed_chunk_5,25,MC,4.338594826559226,96
sign_test_og_cel0.6__norm_original_radius,new_cel_removed_chunk_5,25,cosine_similarity,-0.08545380085706711,96
sign_test_og_cel0.6__norm_original_radius,new_cel_removed_chunk_5,25,kl_to_gaussian,1.1739684703756503,96
sign_test_og_cel0.6__norm_original_radius,new_cel_removed_chunk_5,25,wt_mean,-0.000207178265554775,96
sign_test_og_cel0.6__norm_original_radius,new_cel_removed_chunk_5,26,GR,6.401268649846315,96
sign_test_og_cel0.6__norm_original_radius,new_cel_removed_chunk_5,26,IPC,8.453996763473498,96
sign_test_og_cel0.6__norm_original_radius,new_cel_removed_chunk_5,26,KR,3.8362986631691456,96
sign_test_og_cel0.6__norm_original_radius,new_cel_removed_chunk_5,26,MC,4.6698151007294655,96
sign_test_og_cel0.6__norm_original_radius,new_cel_removed_chunk_5,26,cosine_similarity,-0.08768711239099501,96
sign_test_og_cel0.6__norm_original_radius,new_cel_removed_chunk_5,26,kl_to_gaussian,1.1739684703756503,96
sign_test_og_cel0.6__norm_original_radius,new_cel_removed_chunk_5,26,wt_mean,-0.000212592825846475,96
sign_test_og_cel0.6__norm_original_radius,new_cel_removed_chunk_5,27,GR,5.728432596971591,96
sign_test_og_cel0.6__norm_original_radius,new_cel_removed_chunk_5,27,IPC,7.6999017781035874,96
sign_test_og_cel0.6__norm_original_radius,new_cel_removed_chunk_5,27,KR,3.3532840721309185,96
sign_test_og_cel0.6__norm_original_radius,new_cel_removed_chunk_5,27,MC,4.134726331879695,96
sign_test_og_cel0.6__norm_original_radius,new_cel_removed_chunk_5,27,cosine_similarity,-0.12130442820489405,96
sign_test_og_cel0.6__norm_original_radius,new_cel_removed_chunk_5,27,kl_to_gaussian,1.1739684703756503,96
sign_test_og_cel0.6__norm_original_radius,new_cel_removed_chunk_5,27,wt_mean,-0.00029409624767135,96
sign_test_og_cel0.6__norm_original_radius,new_cel_removed_chunk_5,28,GR,4.982222470144431,96
sign_test_og_cel0.6__norm_original_radius,new_cel_removed_chunk_5,28,IPC,8.36644645906712,96
sign_test_og_cel0.6__norm_original_radius,new_cel_removed_chunk_5,28,KR,3.0317630358040333,96
sign_test_og_cel0.6__norm_original_radius,new_cel_removed_chunk_5,28,MC,4.669044493387143,96
sign_test_og_cel0.6__norm_original_radius,new_cel_removed_chunk_5,28,cosine_similarity,-0.12095180153846741,96
sign_test_og_cel0.6__norm_original_radius,new_cel_removed_chunk_5,28,kl_to_gaussian,1.1739684703756503,96
sign_test_og_cel0.6__norm_original_radius,new_cel_removed_chunk_5,28,wt_mean,-0.0002932413044618,96
sign_test_og_cel0.6__norm_original_radius,new_cel_removed_chunk_5,29,GR,6.12608149026831,96
sign_test_og_cel0.6__norm_original_radius,new_cel_removed_chunk_5,29,IPC,9.187388955440587,96
sign_test_og_cel0.6__norm_original_radius,new_cel_removed_chunk_5,29,KR,3.6454815914233527,96
sign_test_og_cel0.6__norm_original_radius,new_cel_removed_chunk_5,29,MC,5.2501866320768995,96
sign_test_og_cel0.6__norm_original_radius,new_cel_removed_chunk_5,29,cosine_similarity,-0.1424621753394603,96
sign_test_og_cel0.6__norm_original_radius,new_cel_removed_chunk_5,29,kl_to_gaussian,1.1739684703756503,96
sign_test_og_cel0.6__norm_original_radius,new_cel_removed_chunk_5,29,wt_mean,-0.00034539210901125,96
sign_test_og_cel0.6__norm_original_radius,new_cel_removed_chunk_6,30,GR,5.4116976745426655,96
sign_test_og_cel0.6__norm_original_radius,new_cel_removed_chunk_6,30,IPC,8.701105076335606,96
sign_test_og_cel0.6__norm_original_radius,new_cel_removed_chunk_6,30,KR,3.3371675151089826,96
sign_test_og_cel0.6__norm_original_radius,new_cel_removed_chunk_6,30,MC,4.9034847393631935,96
sign_test_og_cel0.6__norm_original_radius,new_cel_removed_chunk_6,30,cosine_similarity,-0.10484840162098406,96
sign_test_og_cel0.6__norm_original_radius,new_cel_removed_chunk_6,30,kl_to_gaussian,1.1739684703756503,96
sign_test_og_cel0.6__norm_original_radius,new_cel_removed_chunk_6,30,wt_mean,-0.000254199472692525,96
sign_test_og_cel0.6__norm_original_radius,new_cel_removed_chunk_6,31,GR,5.730876039713621,96
sign_test_og_cel0.6__norm_original_radius,new_cel_removed_chunk_6,31,IPC,8.081243307702108,96
sign_test_og_cel0.6__norm_original_radius,new_cel_removed_chunk_6,31,KR,3.473173345128695,96
sign_test_og_cel0.6__norm_original_radius,new_cel_removed_chunk_6,31,MC,4.674581568688154,96
sign_test_og_cel0.6__norm_original_radius,new_cel_removed_chunk_6,31,cosine_similarity,-0.09685547463595866,96
sign_test_og_cel0.6__norm_original_radius,new_cel_removed_chunk_6,31,kl_to_gaussian,1.1739684703756503,96
sign_test_og_cel0.6__norm_original_radius,new_cel_removed_chunk_6,31,wt_mean,-0.00023482103279087502,96
sign_test_og_cel0.6__norm_original_radius,new_cel_removed_chunk_6,32,GR,5.44539766261975,96
sign_test_og_cel0.6__norm_original_radius,new_cel_removed_chunk_6,32,IPC,8.018990363961578,96
sign_test_og_cel0.6__norm_original_radius,new_cel_removed_chunk_6,32,KR,3.315644727398952,96
sign_test_og_cel0.6__norm_original_radius,new_cel_removed_chunk_6,32,MC,4.350132470329602,96
sign_test_og_cel0.6__norm_original_radius,new_cel_removed_chunk_6,32,cosine_similarity,-0.1144869290292263,96
sign_test_og_cel0.6__norm_original_radius,new_cel_removed_chunk_6,32,kl_to_gaussian,1.1739684703756503,96
sign_test_og_cel0.6__norm_original_radius,new_cel_removed_chunk_6,32,wt_mean,-0.000277567578450525,96
sign_test_og_cel0.6__norm_original_radius,new_cel_removed_chunk_6,33,GR,6.0190684249003725,96
sign_test_og_cel0.6__norm_original_radius,new_cel_removed_chunk_6,33,IPC,8.85132240267764,96
sign_test_og_cel0.6__norm_original_radius,new_cel_removed_chunk_6,33,KR,3.5916197213033834,96
sign_test_og_cel0.6__norm_original_radius,new_cel_removed_chunk_6,33,MC,4.8157694066564245,96
sign_test_og_cel0.6__norm_original_radius,new_cel_removed_chunk_6,33,cosine_similarity,-0.10484839975833891,96
sign_test_og_cel0.6__norm_original_radius,new_cel_removed_chunk_6,33,kl_to_gaussian,1.1739684703756503,96
sign_test_og_cel0.6__norm_original_radius,new_cel_removed_chunk_6,33,wt_mean,-0.000254199472692525,96
sign_test_og_cel0.6__norm_original_radius,new_cel_removed_chunk_6,34,GR,5.612454526126385,96
sign_test_og_cel0.6__norm_original_radius,new_cel_removed_chunk_6,34,IPC,7.872245606786109,96
sign_test_og_cel0.6__norm_original_radius,new_cel_removed_chunk_6,34,KR,3.277269305040439,96
sign_test_og_cel0.6__norm_original_radius,new_cel_removed_chunk_6,34,MC,4.3423433775703115,96
sign_test_og_cel0.6__norm_original_radius,new_cel_removed_chunk_6,34,cosine_similarity,-0.1050834916532039,96
sign_test_og_cel0.6__norm_original_radius,new_cel_removed_chunk_6,34,kl_to_gaussian,1.1739684703756503,96
sign_test_og_cel0.6__norm_original_radius,new_cel_removed_chunk_6,34,wt_mean,-0.0002547694057284,96
sign_test_og_cel0.6__norm_original_radius,new_cel_removed_chunk_7,35,GR,5.755756051590045,96
sign_test_og_cel0.6__norm_original_radius,new_cel_removed_chunk_7,35,IPC,7.724950384926515,96
sign_test_og_cel0.6__norm_original_radius,new_cel_removed_chunk_7,35,KR,3.456011638045311,96
sign_test_og_cel0.6__norm_original_radius,new_cel_removed_chunk_7,35,MC,4.457844806214173,96
sign_test_og_cel0.6__norm_original_radius,new_cel_removed_chunk_7,35,cosine_similarity,-0.1047308593988418,96
sign_test_og_cel0.6__norm_original_radius,new_cel_removed_chunk_7,35,kl_to_gaussian,1.1739684703756503,96
sign_test_og_cel0.6__norm_original_radius,new_cel_removed_chunk_7,35,wt_mean,-0.00025391447343277497,96
sign_test_og_cel0.6__norm_original_radius,new_cel_removed_chunk_7,36,GR,5.319707406063874,96
sign_test_og_cel0.6__norm_original_radius,new_cel_removed_chunk_7,36,IPC,7.720470619053934,96
sign_test_og_cel0.6__norm_original_radius,new_cel_removed_chunk_7,36,KR,3.1682702054580054,96
sign_test_og_cel0.6__norm_original_radius,new_cel_removed_chunk_7,36,MC,4.3672918900847435,96
sign_test_og_cel0.6__norm_original_radius,new_cel_removed_chunk_7,36,cosine_similarity,-0.1425797194242477,96
sign_test_og_cel0.6__norm_original_radius,new_cel_removed_chunk_7,36,kl_to_gaussian,1.1739684703756503,96
sign_test_og_cel0.6__norm_original_radius,new_cel_removed_chunk_7,36,wt_mean,-0.0003456770573393,96
sign_test_og_cel0.6__norm_original_radius,new_cel_removed_chunk_7,37,GR,6.244003641108672,96
sign_test_og_cel0.6__norm_original_radius,new_cel_removed_chunk_7,37,IPC,8.638043061861586,96
sign_test_og_cel0.6__norm_original_radius,new_cel_removed_chunk_7,37,KR,3.729384623467922,96
sign_test_og_cel0.6__norm_original_radius,new_cel_removed_chunk_7,37,MC,4.625855897863706,96
sign_test_og_cel0.6__norm_original_radius,new_cel_removed_chunk_7,37,cosine_similarity,-0.12894472852349279,96
sign_test_og_cel0.6__norm_original_radius,new_cel_removed_chunk_7,37,kl_to_gaussian,1.1739684703756503,96
sign_test_og_cel0.6__norm_original_radius,new_cel_removed_chunk_7,37,wt_mean,-0.000312619751639375,96
sign_test_og_cel0.6__norm_original_radius,new_cel_removed_chunk_7,38,GR,4.837849305321773,96
sign_test_og_cel0.6__norm_original_radius,new_cel_removed_chunk_7,38,IPC,8.221554485275457,96
sign_test_og_cel0.6__norm_original_radius,new_cel_removed_chunk_7,38,KR,3.01581488798062,96
sign_test_og_cel0.6__norm_original_radius,new_cel_removed_chunk_7,38,MC,4.723307217160861,96
sign_test_og_cel0.6__norm_original_radius,new_cel_removed_chunk_7,38,cosine_similarity,-0.1302376985549926,96
sign_test_og_cel0.6__norm_original_radius,new_cel_removed_chunk_7,38,kl_to_gaussian,1.1739684703756503,96
sign_test_og_cel0.6__norm_original_radius,new_cel_removed_chunk_7,38,wt_mean,-0.00031575449247605,96
sign_test_og_cel0.6__norm_original_radius,new_cel_removed_chunk_7,39,GR,5.389950775851806,96
sign_test_og_cel0.6__norm_original_radius,new_cel_removed_chunk_7,39,IPC,7.86929762660671,96
sign_test_og_cel0.6__norm_original_radius,new_cel_removed_chunk_7,39,KR,3.1962266601622105,96
sign_test_og_cel0.6__norm_original_radius,new_cel_removed_chunk_7,39,MC,4.361606585482757,96
sign_test_og_cel0.6__norm_original_radius,new_cel_removed_chunk_7,39,cosine_similarity,-0.1317657567560672,96
sign_test_og_cel0.6__norm_original_radius,new_cel_removed_chunk_7,39,kl_to_gaussian,1.1739684703756503,96
sign_test_og_cel0.6__norm_original_radius,new_cel_removed_chunk_7,39,wt_mean,-0.00031945917726255,96
sign_test_og_cel0.6__norm_original_radius,new_cel_removed_chunk_8,40,GR,5.691931775460641,96
sign_test_og_cel0.6__norm_original_radius,new_cel_removed_chunk_8,40,IPC,7.080774441710138,96
sign_test_og_cel0.6__norm_original_radius,new_cel_removed_chunk_8,40,KR,3.3551946754256883,96
sign_test_og_cel0.6__norm_original_radius,new_cel_removed_chunk_8,40,MC,3.719231378287077,96
sign_test_og_cel0.6__norm_original_radius,new_cel_removed_chunk_8,40,cosine_similarity,-0.12118688225746149,96
sign_test_og_cel0.6__norm_original_radius,new_cel_removed_chunk_8,40,kl_to_gaussian,1.1739684703756503,96
sign_test_og_cel0.6__norm_original_radius,new_cel_removed_chunk_8,40,wt_mean,-0.000293811255687575,96
sign_test_og_cel0.6__norm_original_radius,new_cel_removed_chunk_8,41,GR,5.827492198596398,96
sign_test_og_cel0.6__norm_original_radius,new_cel_removed_chunk_8,41,IPC,9.073778892052028,96
sign_test_og_cel0.6__norm_original_radius,new_cel_removed_chunk_8,41,KR,3.4366039521992207,96
sign_test_og_cel0.6__norm_original_radius,new_cel_removed_chunk_8,41,MC,4.938798145701488,96
sign_test_og_cel0.6__norm_original_radius,new_cel_removed_chunk_8,41,cosine_similarity,-0.15656734257936472,96
sign_test_og_cel0.6__norm_original_radius,new_cel_removed_chunk_8,41,kl_to_gaussian,1.1739684703756503,96
sign_test_og_cel0.6__norm_original_radius,new_cel_removed_chunk_8,41,wt_mean,-0.000379589328076625,96
sign_test_og_cel0.6__norm_original_radius,new_cel_removed_chunk_8,42,GR,5.765361160039902,96
sign_test_og_cel0.6__norm_original_radius,new_cel_removed_chunk_8,42,IPC,8.492121746797096,96
sign_test_og_cel0.6__norm_original_radius,new_cel_removed_chunk_8,42,KR,3.476492878049612,96
sign_test_og_cel0.6__norm_original_radius,new_cel_removed_chunk_8,42,MC,4.966934801389773,96
sign_test_og_cel0.6__norm_original_radius,new_cel_removed_chunk_8,42,cosine_similarity,-0.1356446780264377,96
sign_test_og_cel0.6__norm_original_radius,new_cel_removed_chunk_8,42,kl_to_gaussian,1.1739684703756503,96
sign_test_og_cel0.6__norm_original_radius,new_cel_removed_chunk_8,42,wt_mean,-0.00032886342887644996,96
sign_test_og_cel0.6__norm_original_radius,new_cel_removed_chunk_8,43,GR,5.328621388723453,96
sign_test_og_cel0.6__norm_original_radius,new_cel_removed_chunk_8,43,IPC,7.690885883569655,96
sign_test_og_cel0.6__norm_original_radius,new_cel_removed_chunk_8,43,KR,3.2076781603197255,96
sign_test_og_cel0.6__norm_original_radius,new_cel_removed_chunk_8,43,MC,4.118487490961949,96
sign_test_og_cel0.6__norm_original_radius,new_cel_removed_chunk_8,43,cosine_similarity,-0.16256203502416608,96
sign_test_og_cel0.6__norm_original_radius,new_cel_removed_chunk_8,43,kl_to_gaussian,1.1739684703756503,96
sign_test_og_cel0.6__norm_original_radius,new_cel_removed_chunk_8,43,wt_mean,-0.00039412315527439997,96
sign_test_og_cel0.6__norm_original_radius,new_cel_removed_chunk_8,44,GR,5.463085261483987,96
sign_test_og_cel0.6__norm_original_radius,new_cel_removed_chunk_8,44,IPC,7.725554551846025,96
sign_test_og_cel0.6__norm_original_radius,new_cel_removed_chunk_8,44,KR,3.258645844956239,96
sign_test_og_cel0.6__norm_original_radius,new_cel_removed_chunk_8,44,MC,4.257249051084121,96
sign_test_og_cel0.6__norm_original_radius,new_cel_removed_chunk_8,44,cosine_similarity,-0.12342020310461516,96
sign_test_og_cel0.6__norm_original_radius,new_cel_removed_chunk_8,44,kl_to_gaussian,1.1739684703756503,96
sign_test_og_cel0.6__norm_original_radius,new_cel_removed_chunk_8,44,wt_mean,-0.000299225830531175,96
sign_test_og_cel0.6__norm_original_radius,new_cel_removed_chunk_9,45,GR,5.611760668456554,96
sign_test_og_cel0.6__norm_original_radius,new_cel_removed_chunk_9,45,IPC,7.512863956982895,96
sign_test_og_cel0.6__norm_original_radius,new_cel_removed_chunk_9,45,KR,3.3726355570058026,96
sign_test_og_cel0.6__norm_original_radius,new_cel_removed_chunk_9,45,MC,4.278186208258073,96
sign_test_og_cel0.6__norm_original_radius,new_cel_removed_chunk_9,45,cosine_similarity,-0.12271493859589094,96
sign_test_og_cel0.6__norm_original_radius,new_cel_removed_chunk_9,45,kl_to_gaussian,1.1739684703756503,96
sign_test_og_cel0.6__norm_original_radius,new_cel_removed_chunk_9,45,wt_mean,-0.0002975159695779,96
sign_test_og_cel0.6__norm_original_radius,new_cel_removed_chunk_9,46,GR,5.708312616993983,96
sign_test_og_cel0.6__norm_original_radius,new_cel_removed_chunk_9,46,IPC,7.514583079996832,96
sign_test_og_cel0.6__norm_original_radius,new_cel_removed_chunk_9,46,KR,3.432604587326447,96
sign_test_og_cel0.6__norm_original_radius,new_cel_removed_chunk_9,46,MC,4.3973902352154255,96
sign_test_og_cel0.6__norm_original_radius,new_cel_removed_chunk_9,46,cosine_similarity,-0.1376429088413715,96
sign_test_og_cel0.6__norm_original_radius,new_cel_removed_chunk_9,46,kl_to_gaussian,1.1739684703756503,96
sign_test_og_cel0.6__norm_original_radius,new_cel_removed_chunk_9,46,wt_mean,-0.0003337080306664,96
sign_test_og_cel0.6__norm_original_radius,new_cel_removed_chunk_9,47,GR,6.102540032317241,96
sign_test_og_cel0.6__norm_original_radius,new_cel_removed_chunk_9,47,IPC,8.011929880461407,96
sign_test_og_cel0.6__norm_original_radius,new_cel_removed_chunk_9,47,KR,3.6877924675742784,96
sign_test_og_cel0.6__norm_original_radius,new_cel_removed_chunk_9,47,MC,4.721184305846691,96
sign_test_og_cel0.6__norm_original_radius,new_cel_removed_chunk_9,47,cosine_similarity,-0.12048162519931789,96
sign_test_og_cel0.6__norm_original_radius,new_cel_removed_chunk_9,47,kl_to_gaussian,1.1739684703756503,96
sign_test_og_cel0.6__norm_original_radius,new_cel_removed_chunk_9,47,wt_mean,-0.000292101402010225,96
sign_test_og_cel0.6__norm_original_radius,new_cel_removed_chunk_9,48,GR,5.179512991259496,96
sign_test_og_cel0.6__norm_original_radius,new_cel_removed_chunk_9,48,IPC,8.834101131172774,96
sign_test_og_cel0.6__norm_original_radius,new_cel_removed_chunk_9,48,KR,3.2149249501526356,96
sign_test_og_cel0.6__norm_original_radius,new_cel_removed_chunk_9,48,MC,4.637082564334075,96
sign_test_og_cel0.6__norm_original_radius,new_cel_removed_chunk_9,48,cosine_similarity,-0.10966766253113741,96
sign_test_og_cel0.6__norm_original_radius,new_cel_removed_chunk_9,48,kl_to_gaussian,1.1739684703756503,96
sign_test_og_cel0.6__norm_original_radius,new_cel_removed_chunk_9,48,wt_mean,-0.00026588351829555,96
sign_test_og_cel0.6__norm_original_radius,new_cel_removed_chunk_9,49,GR,5.285749118775129,96
sign_test_og_cel0.6__norm_original_radius,new_cel_removed_chunk_9,49,IPC,8.027103679043194,96
sign_test_og_cel0.6__norm_original_radius,new_cel_removed_chunk_9,49,KR,3.189674502859513,96
sign_test_og_cel0.6__norm_original_radius,new_cel_removed_chunk_9,49,MC,4.210365040848653,96
sign_test_og_cel0.6__norm_original_radius,new_cel_removed_chunk_9,49,cosine_similarity,-0.10884486138820641,96
sign_test_og_cel0.6__norm_original_radius,new_cel_removed_chunk_9,49,kl_to_gaussian,1.1739684703756503,96
sign_test_og_cel0.6__norm_original_radius,new_cel_removed_chunk_9,49,wt_mean,-0.000263888676272425,96
sign_test_og_cel0.6__norm_spectral_radius,new_cel_removed_chunk_0,0,GR,6.689376135667165,96
sign_test_og_cel0.6__norm_spectral_radius,new_cel_removed_chunk_0,0,IPC,9.039602842460123,96
sign_test_og_cel0.6__norm_spectral_radius,new_cel_removed_chunk_0,0,KR,3.9657005593180656,96
sign_test_og_cel0.6__norm_spectral_radius,new_cel_removed_chunk_0,0,MC,5.1644881417353945,96
sign_test_og_cel0.6__norm_spectral_radius,new_cel_removed_chunk_0,0,cosine_similarity,-0.14316742867231366,96
sign_test_og_cel0.6__norm_spectral_radius,new_cel_removed_chunk_0,0,kl_to_gaussian,1.1739684848434588,96
sign_test_og_cel0.6__norm_spectral_radius,new_cel_removed_chunk_0,0,wt_mean,-0.00042958918493235,96
sign_test_og_cel0.6__norm_spectral_radius,new_cel_removed_chunk_0,1,GR,12.425028321643671,96
sign_test_og_cel0.6__norm_spectral_radius,new_cel_removed_chunk_0,1,IPC,10.564080726862201,96
sign_test_og_cel0.6__norm_spectral_radius,new_cel_removed_chunk_0,1,KR,6.874881436427434,96
sign_test_og_cel0.6__norm_spectral_radius,new_cel_removed_chunk_0,1,MC,5.88803352167209,96
sign_test_og_cel0.6__norm_spectral_radius,new_cel_removed_chunk_0,1,cosine_similarity,-0.1317657642066478,96
sign_test_og_cel0.6__norm_spectral_radius,new_cel_removed_chunk_0,1,kl_to_gaussian,1.1739685081874676,96
sign_test_og_cel0.6__norm_spectral_radius,new_cel_removed_chunk_0,1,wt_mean,-0.0005703214119421,96
sign_test_og_cel0.6__norm_spectral_radius,new_cel_removed_chunk_0,2,GR,10.91398417452971,96
sign_test_og_cel0.6__norm_spectral_radius,new_cel_removed_chunk_0,2,IPC,9.844915271869919,96
sign_test_og_cel0.6__norm_spectral_radius,new_cel_removed_chunk_0,2,KR,6.326916391650836,96
sign_test_og_cel0.6__norm_spectral_radius,new_cel_removed_chunk_0,2,MC,6.249897254010041,96
sign_test_og_cel0.6__norm_spectral_radius,new_cel_removed_chunk_0,2,cosine_similarity,-0.12165705487132068,96
sign_test_og_cel0.6__norm_spectral_radius,new_cel_removed_chunk_0,2,kl_to_gaussian,1.1739684410623608,96
sign_test_og_cel0.6__norm_spectral_radius,new_cel_removed_chunk_0,2,wt_mean,-0.00046882842434565005,96
sign_test_og_cel0.6__norm_spectral_radius,new_cel_removed_chunk_0,3,GR,18.12100271632274,96
sign_test_og_cel0.6__norm_spectral_radius,new_cel_removed_chunk_0,3,IPC,10.894314961476745,96
sign_test_og_cel0.6__norm_spectral_radius,new_cel_removed_chunk_0,3,KR,9.46344648549954,96
sign_test_og_cel0.6__norm_spectral_radius,new_cel_removed_chunk_0,3,MC,6.200838627914588,96
sign_test_og_cel0.6__norm_spectral_radius,new_cel_removed_chunk_0,3,cosine_similarity,-0.1311780400574207,96
sign_test_og_cel0.6__norm_spectral_radius,new_cel_removed_chunk_0,3,kl_to_gaussian,1.1739685299696636,96
sign_test_og_cel0.6__norm_spectral_radius,new_cel_removed_chunk_0,3,wt_mean,-0.000691661174641875,96
sign_test_og_cel0.6__norm_spectral_radius,new_cel_removed_chunk_0,4,GR,13.176966389020285,96
sign_test_og_cel0.6__norm_spectral_radius,new_cel_removed_chunk_0,4,IPC,10.483217611174167,96
sign_test_og_cel0.6__norm_spectral_radius,new_cel_removed_chunk_0,4,KR,7.10802336037159,96
sign_test_og_cel0.6__norm_spectral_radius,new_cel_removed_chunk_0,4,MC,6.382558435201645,96
sign_test_og_cel0.6__norm_spectral_radius,new_cel_removed_chunk_0,4,cosine_similarity,-0.1296499855816364,96
sign_test_og_cel0.6__norm_spectral_radius,new_cel_removed_chunk_0,4,kl_to_gaussian,1.1739685019377444,96
sign_test_og_cel0.6__norm_spectral_radius,new_cel_removed_chunk_0,4,wt_mean,-0.000620980936218925,96
sign_test_og_cel0.6__norm_spectral_radius,new_cel_removed_chunk_1,5,GR,11.721518717706203,96
sign_test_og_cel0.6__norm_spectral_radius,new_cel_removed_chunk_1,5,IPC,10.652369173419826,96
sign_test_og_cel0.6__norm_spectral_radius,new_cel_removed_chunk_1,5,KR,6.743502840399742,96
sign_test_og_cel0.6__norm_spectral_radius,new_cel_removed_chunk_1,5,MC,6.387206633885701,96
sign_test_og_cel0.6__norm_spectral_radius,new_cel_removed_chunk_1,5,cosine_similarity,-0.1107255537062883,96
sign_test_og_cel0.6__norm_spectral_radius,new_cel_removed_chunk_1,5,kl_to_gaussian,1.1739685015815613,96
sign_test_og_cel0.6__norm_spectral_radius,new_cel_removed_chunk_1,5,wt_mean,-0.00051151520165145,96
sign_test_og_cel0.6__norm_spectral_radius,new_cel_removed_chunk_1,6,GR,16.043930766483147,96
sign_test_og_cel0.6__norm_spectral_radius,new_cel_removed_chunk_1,6,IPC,10.981763602161998,96
sign_test_og_cel0.6__norm_spectral_radius,new_cel_removed_chunk_1,6,KR,8.90243392686049,96
sign_test_og_cel0.6__norm_spectral_radius,new_cel_removed_chunk_1,6,MC,6.410593832532565,96
sign_test_og_cel0.6__norm_spectral_radius,new_cel_removed_chunk_1,6,cosine_similarity,-0.10484840720891951,96
sign_test_og_cel0.6__norm_spectral_radius,new_cel_removed_chunk_1,6,kl_to_gaussian,1.1739685052008182,96
sign_test_og_cel0.6__norm_spectral_radius,new_cel_removed_chunk_1,6,wt_mean,-0.0005215984419919,96
sign_test_og_cel0.6__norm_spectral_radius,new_cel_removed_chunk_1,7,GR,10.544983630379042,96
sign_test_og_cel0.6__norm_spectral_radius,new_cel_removed_chunk_1,7,IPC,9.371589033024657,96
sign_test_og_cel0.6__norm_spectral_radius,new_cel_removed_chunk_1,7,KR,5.831451756258805,96
sign_test_og_cel0.6__norm_spectral_radius,new_cel_removed_chunk_1,7,MC,5.314008116722107,96
sign_test_og_cel0.6__norm_spectral_radius,new_cel_removed_chunk_1,7,cosine_similarity,-0.16385500878095619,96
sign_test_og_cel0.6__norm_spectral_radius,new_cel_removed_chunk_1,7,kl_to_gaussian,1.1739684806396693,96
sign_test_og_cel0.6__norm_spectral_radius,new_cel_removed_chunk_1,7,wt_mean,-0.00061893019301345,96
sign_test_og_cel0.6__norm_spectral_radius,new_cel_removed_chunk_1,8,GR,17.63265597820282,96
sign_test_og_cel0.6__norm_spectral_radius,new_cel_removed_chunk_1,8,IPC,10.927842762449368,96
sign_test_og_cel0.6__norm_spectral_radius,new_cel_removed_chunk_1,8,KR,9.488147730628649,96
sign_test_og_cel0.6__norm_spectral_radius,new_cel_removed_chunk_1,8,MC,6.401588063687086,96
sign_test_og_cel0.6__norm_spectral_radius,new_cel_removed_chunk_1,8,cosine_similarity,-0.1463411040604114,96
sign_test_og_cel0.6__norm_spectral_radius,new_cel_removed_chunk_1,8,kl_to_gaussian,1.173968470176568,96
sign_test_og_cel0.6__norm_spectral_radius,new_cel_removed_chunk_1,8,wt_mean,-0.000777551700593875,96
sign_test_og_cel0.6__norm_spectral_radius,new_cel_removed_chunk_1,9,GR,8.787887747089068,96
sign_test_og_cel0.6__norm_spectral_radius,new_cel_removed_chunk_1,9,IPC,9.100955133872295,96
sign_test_og_cel0.6__norm_spectral_radius,new_cel_removed_chunk_1,9,KR,5.126660148302714,96
sign_test_og_cel0.6__norm_spectral_radius,new_cel_removed_chunk_1,9,MC,5.093530221531789,96
sign_test_og_cel0.6__norm_spectral_radius,new_cel_removed_chunk_1,9,cosine_similarity,-0.09473969228565686,96
sign_test_og_cel0.6__norm_spectral_radius,new_cel_removed_chunk_1,9,kl_to_gaussian,1.1739685296977707,96
sign_test_og_cel0.6__norm_spectral_radius,new_cel_removed_chunk_1,9,wt_mean,-0.0003155133563268,96
sign_test_og_cel0.6__norm_spectral_radius,new_cel_removed_chunk_10,50,GR,12.267911247909069,96
sign_test_og_cel0.6__norm_spectral_radius,new_cel_removed_chunk_10,50,IPC,10.521443468801952,96
sign_test_og_cel0.6__norm_spectral_radius,new_cel_removed_chunk_10,50,KR,7.194498963654041,96
sign_test_og_cel0.6__norm_spectral_radius,new_cel_removed_chunk_10,50,MC,6.053720613320668,96
sign_test_og_cel0.6__norm_spectral_radius,new_cel_removed_chunk_10,50,cosine_similarity,-0.1210693456232547,96
sign_test_og_cel0.6__norm_spectral_radius,new_cel_removed_chunk_10,50,kl_to_gaussian,1.1739684835579407,96
sign_test_og_cel0.6__norm_spectral_radius,new_cel_removed_chunk_10,50,wt_mean,-0.000529861470567925,96
sign_test_og_cel0.6__norm_spectral_radius,new_cel_removed_chunk_10,51,GR,11.447184572617212,96
sign_test_og_cel0.6__norm_spectral_radius,new_cel_removed_chunk_10,51,IPC,9.719227392350446,96
sign_test_og_cel0.6__norm_spectral_radius,new_cel_removed_chunk_10,51,KR,6.5284528856476145,96
sign_test_og_cel0.6__norm_spectral_radius,new_cel_removed_chunk_10,51,MC,5.632381993035476,96
sign_test_og_cel0.6__norm_spectral_radius,new_cel_removed_chunk_10,51,cosine_similarity,-0.10731681063771241,96
sign_test_og_cel0.6__norm_spectral_radius,new_cel_removed_chunk_10,51,kl_to_gaussian,1.1739685318107367,96
sign_test_og_cel0.6__norm_spectral_radius,new_cel_removed_chunk_10,51,wt_mean,-0.00043772502249335,96
sign_test_og_cel0.6__norm_spectral_radius,new_cel_removed_chunk_10,52,GR,14.802301205694675,96
sign_test_og_cel0.6__norm_spectral_radius,new_cel_removed_chunk_10,52,IPC,11.347318223157776,96
sign_test_og_cel0.6__norm_spectral_radius,new_cel_removed_chunk_10,52,KR,8.179052027563253,96
sign_test_og_cel0.6__norm_spectral_radius,new_cel_removed_chunk_10,52,MC,6.826055449744065,96
sign_test_og_cel0.6__norm_spectral_radius,new_cel_removed_chunk_10,52,cosine_similarity,-0.10825715027749534,96
sign_test_og_cel0.6__norm_spectral_radius,new_cel_removed_chunk_10,52,kl_to_gaussian,1.1739685752543503,96
sign_test_og_cel0.6__norm_spectral_radius,new_cel_removed_chunk_10,52,wt_mean,-0.0005778113190899251,96
sign_test_og_cel0.6__norm_spectral_radius,new_cel_removed_chunk_10,53,GR,8.421887204051018,96
sign_test_og_cel0.6__norm_spectral_radius,new_cel_removed_chunk_10,53,IPC,8.956280707050789,96
sign_test_og_cel0.6__norm_spectral_radius,new_cel_removed_chunk_10,53,KR,4.940032042562962,96
sign_test_og_cel0.6__norm_spectral_radius,new_cel_removed_chunk_10,53,MC,5.283637637893359,96
sign_test_og_cel0.6__norm_spectral_radius,new_cel_removed_chunk_10,53,cosine_similarity,-0.094622153788805,96
sign_test_og_cel0.6__norm_spectral_radius,new_cel_removed_chunk_10,53,kl_to_gaussian,1.1739686500870838,96
sign_test_og_cel0.6__norm_spectral_radius,new_cel_removed_chunk_10,53,wt_mean,-0.000302930580801275,96
sign_test_og_cel0.6__norm_spectral_radius,new_cel_removed_chunk_10,54,GR,13.484029228488604,96
sign_test_og_cel0.6__norm_spectral_radius,new_cel_removed_chunk_10,54,IPC,9.350413503708458,96
sign_test_og_cel0.6__norm_spectral_radius,new_cel_removed_chunk_10,54,KR,7.405238745113214,96
sign_test_og_cel0.6__norm_spectral_radius,new_cel_removed_chunk_10,54,MC,5.850913656254609,96
sign_test_og_cel0.6__norm_spectral_radius,new_cel_removed_chunk_10,54,cosine_similarity,-0.13200084865093228,96
sign_test_og_cel0.6__norm_spectral_radius,new_cel_removed_chunk_10,54,kl_to_gaussian,1.1739685441151133,96
sign_test_og_cel0.6__norm_spectral_radius,new_cel_removed_chunk_10,54,wt_mean,-0.000607949645200225,96
sign_test_og_cel0.6__norm_spectral_radius,new_cel_removed_chunk_11,55,GR,17.271235736707848,96
sign_test_og_cel0.6__norm_spectral_radius,new_cel_removed_chunk_11,55,IPC,11.23054535817186,96
sign_test_og_cel0.6__norm_spectral_radius,new_cel_removed_chunk_11,55,KR,9.002285674214363,96
sign_test_og_cel0.6__norm_spectral_radius,new_cel_removed_chunk_11,55,MC,6.536961528162162,96
sign_test_og_cel0.6__norm_spectral_radius,new_cel_removed_chunk_11,55,cosine_similarity,-0.11824830807745455,96
sign_test_og_cel0.6__norm_spectral_radius,new_cel_removed_chunk_11,55,kl_to_gaussian,1.173968479323814,96
sign_test_og_cel0.6__norm_spectral_radius,new_cel_removed_chunk_11,55,wt_mean,-0.0006632236691075,96
sign_test_og_cel0.6__norm_spectral_radius,new_cel_removed_chunk_11,56,GR,10.802714139223099,96
sign_test_og_cel0.6__norm_spectral_radius,new_cel_removed_chunk_11,56,IPC,11.008975064613812,96
sign_test_og_cel0.6__norm_spectral_radius,new_cel_removed_chunk_11,56,KR,6.091420878966649,96
sign_test_og_cel0.6__norm_spectral_radius,new_cel_removed_chunk_11,56,MC,6.149639104803403,96
sign_test_og_cel0.6__norm_spectral_radius,new_cel_removed_chunk_11,56,cosine_similarity,-0.1291798129677772,96
sign_test_og_cel0.6__norm_spectral_radius,new_cel_removed_chunk_11,56,kl_to_gaussian,1.173968475111434,96
sign_test_og_cel0.6__norm_spectral_radius,new_cel_removed_chunk_11,56,wt_mean,-0.0005052159322076,96
sign_test_og_cel0.6__norm_spectral_radius,new_cel_removed_chunk_11,57,GR,13.070789831380049,96
sign_test_og_cel0.6__norm_spectral_radius,new_cel_removed_chunk_11,57,IPC,10.901710498271632,96
sign_test_og_cel0.6__norm_spectral_radius,new_cel_removed_chunk_11,57,KR,6.943846186002095,96
sign_test_og_cel0.6__norm_spectral_radius,new_cel_removed_chunk_11,57,MC,6.047985468059778,96
sign_test_og_cel0.6__norm_spectral_radius,new_cel_removed_chunk_11,57,cosine_similarity,-0.11918865703046315,96
sign_test_og_cel0.6__norm_spectral_radius,new_cel_removed_chunk_11,57,kl_to_gaussian,1.173968399542086,96
sign_test_og_cel0.6__norm_spectral_radius,new_cel_removed_chunk_11,57,wt_mean,-0.0005345121971913001,96
sign_test_og_cel0.6__norm_spectral_radius,new_cel_removed_chunk_11,58,GR,16.292637137075264,96
sign_test_og_cel0.6__norm_spectral_radius,new_cel_removed_chunk_11,58,IPC,10.193375354155581,96
sign_test_og_cel0.6__norm_spectral_radius,new_cel_removed_chunk_11,58,KR,8.679619501034418,96
sign_test_og_cel0.6__norm_spectral_radius,new_cel_removed_chunk_11,58,MC,5.766102250665426,96
sign_test_og_cel0.6__norm_spectral_radius,new_cel_removed_chunk_11,58,cosine_similarity,-0.10237999074161046,96
sign_test_og_cel0.6__norm_spectral_radius,new_cel_removed_chunk_11,58,kl_to_gaussian,1.1739684633270242,96
sign_test_og_cel0.6__norm_spectral_radius,new_cel_removed_chunk_11,58,wt_mean,-0.00050728420319495,96
sign_test_og_cel0.6__norm_spectral_radius,new_cel_removed_chunk_11,59,GR,10.723553642630577,96
sign_test_og_cel0.6__norm_spectral_radius,new_cel_removed_chunk_11,59,IPC,10.347420118293467,96
sign_test_og_cel0.6__norm_spectral_radius,new_cel_removed_chunk_11,59,KR,6.02555812895298,96
sign_test_og_cel0.6__norm_spectral_radius,new_cel_removed_chunk_11,59,MC,5.869604609906673,96
sign_test_og_cel0.6__norm_spectral_radius,new_cel_removed_chunk_11,59,cosine_similarity,-0.14551830291748039,96
sign_test_og_cel0.6__norm_spectral_radius,new_cel_removed_chunk_11,59,kl_to_gaussian,1.1739685693445179,96
sign_test_og_cel0.6__norm_spectral_radius,new_cel_removed_chunk_11,59,wt_mean,-0.0005709628312615249,96
sign_test_og_cel0.6__norm_spectral_radius,new_cel_removed_chunk_12,60,GR,10.13781687617302,96
sign_test_og_cel0.6__norm_spectral_radius,new_cel_removed_chunk_12,60,IPC,10.042033754417274,96
sign_test_og_cel0.6__norm_spectral_radius,new_cel_removed_chunk_12,60,KR,5.945216462016106,96
sign_test_og_cel0.6__norm_spectral_radius,new_cel_removed_chunk_12,60,MC,5.857652972141902,96
sign_test_og_cel0.6__norm_spectral_radius,new_cel_removed_chunk_12,60,cosine_similarity,-0.15304104238748548,96
sign_test_og_cel0.6__norm_spectral_radius,new_cel_removed_chunk_12,60,kl_to_gaussian,1.1739685825866806,96
sign_test_og_cel0.6__norm_spectral_radius,new_cel_removed_chunk_12,60,wt_mean,-0.00052396459795995,96
sign_test_og_cel0.6__norm_spectral_radius,new_cel_removed_chunk_12,61,GR,12.505960928897062,96
sign_test_og_cel0.6__norm_spectral_radius,new_cel_removed_chunk_12,61,IPC,11.022402641960156,96
sign_test_og_cel0.6__norm_spectral_radius,new_cel_removed_chunk_12,61,KR,6.939148510495822,96
sign_test_og_cel0.6__norm_spectral_radius,new_cel_removed_chunk_12,61,MC,6.236109307656686,96
sign_test_og_cel0.6__norm_spectral_radius,new_cel_removed_chunk_12,61,cosine_similarity,-0.1104904599487781,96
sign_test_og_cel0.6__norm_spectral_radius,new_cel_removed_chunk_12,61,kl_to_gaussian,1.173968586215914,96
sign_test_og_cel0.6__norm_spectral_radius,new_cel_removed_chunk_12,61,wt_mean,-0.000460905386717,96
sign_test_og_cel0.6__norm_spectral_radius,new_cel_removed_chunk_12,62,GR,14.047861695289612,96
sign_test_og_cel0.6__norm_spectral_radius,new_cel_removed_chunk_12,62,IPC,10.85822192551902,96
sign_test_og_cel0.6__norm_spectral_radius,new_cel_removed_chunk_12,62,KR,7.7044094031055765,96
sign_test_og_cel0.6__norm_spectral_radius,new_cel_removed_chunk_12,62,MC,6.448607864479224,96
sign_test_og_cel0.6__norm_spectral_radius,new_cel_removed_chunk_12,62,cosine_similarity,-0.14105164632201192,96
sign_test_og_cel0.6__norm_spectral_radius,new_cel_removed_chunk_12,62,kl_to_gaussian,1.1739684774420447,96
sign_test_og_cel0.6__norm_spectral_radius,new_cel_removed_chunk_12,62,wt_mean,-0.00069458140933415,96
sign_test_og_cel0.6__norm_spectral_radius,new_cel_removed_chunk_12,63,GR,12.811921305954456,96
sign_test_og_cel0.6__norm_spectral_radius,new_cel_removed_chunk_12,63,IPC,10.25831330406767,96
sign_test_og_cel0.6__norm_spectral_radius,new_cel_removed_chunk_12,63,KR,7.087829428414504,96
sign_test_og_cel0.6__norm_spectral_radius,new_cel_removed_chunk_12,63,MC,5.990707479417324,96
sign_test_og_cel0.6__norm_spectral_radius,new_cel_removed_chunk_12,63,cosine_similarity,-0.139641135931015,96
sign_test_og_cel0.6__norm_spectral_radius,new_cel_removed_chunk_12,63,kl_to_gaussian,1.1739686222155943,96
sign_test_og_cel0.6__norm_spectral_radius,new_cel_removed_chunk_12,63,wt_mean,-0.000611245050094975,96
sign_test_og_cel0.6__norm_spectral_radius,new_cel_removed_chunk_12,64,GR,11.866942626734575,96
sign_test_og_cel0.6__norm_spectral_radius,new_cel_removed_chunk_12,64,IPC,10.34275700443183,96
sign_test_og_cel0.6__norm_spectral_radius,new_cel_removed_chunk_12,64,KR,6.540893025696278,96
sign_test_og_cel0.6__norm_spectral_radius,new_cel_removed_chunk_12,64,MC,6.013370657960574,96
sign_test_og_cel0.6__norm_spectral_radius,new_cel_removed_chunk_12,64,cosine_similarity,-0.12247986532747741,96
sign_test_og_cel0.6__norm_spectral_radius,new_cel_removed_chunk_12,64,kl_to_gaussian,1.1739685529574422,96
sign_test_og_cel0.6__norm_spectral_radius,new_cel_removed_chunk_12,64,wt_mean,-0.0005411628662841,96
sign_test_og_cel0.6__norm_spectral_radius,new_cel_removed_chunk_13,65,GR,11.832979122797648,96
sign_test_og_cel0.6__norm_spectral_radius,new_cel_removed_chunk_13,65,IPC,10.028101454847532,96
sign_test_og_cel0.6__norm_spectral_radius,new_cel_removed_chunk_13,65,KR,6.697999057670434,96
sign_test_og_cel0.6__norm_spectral_radius,new_cel_removed_chunk_13,65,MC,5.73575633764267,96
sign_test_og_cel0.6__norm_spectral_radius,new_cel_removed_chunk_13,65,cosine_similarity,-0.121892150491476,96
sign_test_og_cel0.6__norm_spectral_radius,new_cel_removed_chunk_13,65,kl_to_gaussian,1.1739685195221505,96
sign_test_og_cel0.6__norm_spectral_radius,new_cel_removed_chunk_13,65,wt_mean,-0.0005129252531332499,96
sign_test_og_cel0.6__norm_spectral_radius,new_cel_removed_chunk_13,66,GR,6.639836077888806,96
sign_test_og_cel0.6__norm_spectral_radius,new_cel_removed_chunk_13,66,IPC,8.499284661051478,96
sign_test_og_cel0.6__norm_spectral_radius,new_cel_removed_chunk_13,66,KR,3.957181226462126,96
sign_test_og_cel0.6__norm_spectral_radius,new_cel_removed_chunk_13,66,MC,4.945955450336139,96
sign_test_og_cel0.6__norm_spectral_radius,new_cel_removed_chunk_13,66,cosine_similarity,-0.11342904530465596,96
sign_test_og_cel0.6__norm_spectral_radius,new_cel_removed_chunk_13,66,kl_to_gaussian,1.1739684625486386,96
sign_test_og_cel0.6__norm_spectral_radius,new_cel_removed_chunk_13,66,wt_mean,-0.00034100327320625,96
sign_test_og_cel0.6__norm_spectral_radius,new_cel_removed_chunk_13,67,GR,12.9811444953084,96
sign_test_og_cel0.6__norm_spectral_radius,new_cel_removed_chunk_13,67,IPC,9.8426344659605,96
sign_test_og_cel0.6__norm_spectral_radius,new_cel_removed_chunk_13,67,KR,7.060747866829236,96
sign_test_og_cel0.6__norm_spectral_radius,new_cel_removed_chunk_13,67,MC,5.794474703570207,96
sign_test_og_cel0.6__norm_spectral_radius,new_cel_removed_chunk_13,67,cosine_similarity,-0.14880950003862378,96
sign_test_og_cel0.6__norm_spectral_radius,new_cel_removed_chunk_13,67,kl_to_gaussian,1.173968627463084,96
sign_test_og_cel0.6__norm_spectral_radius,new_cel_removed_chunk_13,67,wt_mean,-0.0006592007630387749,96
sign_test_og_cel0.6__norm_spectral_radius,new_cel_removed_chunk_13,68,GR,12.78395281980435,96
sign_test_og_cel0.6__norm_spectral_radius,new_cel_removed_chunk_13,68,IPC,10.268080619479719,96
sign_test_og_cel0.6__norm_spectral_radius,new_cel_removed_chunk_13,68,KR,6.987117337683837,96
sign_test_og_cel0.6__norm_spectral_radius,new_cel_removed_chunk_13,68,MC,6.133121150235335,96
sign_test_og_cel0.6__norm_spectral_radius,new_cel_removed_chunk_13,68,cosine_similarity,-0.1108430996537208,96
sign_test_og_cel0.6__norm_spectral_radius,new_cel_removed_chunk_13,68,kl_to_gaussian,1.1739684142272393,96
sign_test_og_cel0.6__norm_spectral_radius,new_cel_removed_chunk_13,68,wt_mean,-0.0005018796800868251,96
sign_test_og_cel0.6__norm_spectral_radius,new_cel_removed_chunk_13,69,GR,13.05967198808988,96
sign_test_og_cel0.6__norm_spectral_radius,new_cel_removed_chunk_13,69,IPC,10.361671876713814,96
sign_test_og_cel0.6__norm_spectral_radius,new_cel_removed_chunk_13,69,KR,7.1352995708584785,96
sign_test_og_cel0.6__norm_spectral_radius,new_cel_removed_chunk_13,69,MC,6.1184865062435465,96
sign_test_og_cel0.6__norm_spectral_radius,new_cel_removed_chunk_13,69,cosine_similarity,-0.12306757085025305,96
sign_test_og_cel0.6__norm_spectral_radius,new_cel_removed_chunk_13,69,kl_to_gaussian,1.1739684977632872,96
sign_test_og_cel0.6__norm_spectral_radius,new_cel_removed_chunk_13,69,wt_mean,-0.0005269635948933999,96
sign_test_og_cel0.6__norm_spectral_radius,new_cel_removed_chunk_14,70,GR,6.392762922992309,96
sign_test_og_cel0.6__norm_spectral_radius,new_cel_removed_chunk_14,70,IPC,8.553571084590011,96
sign_test_og_cel0.6__norm_spectral_radius,new_cel_removed_chunk_14,70,KR,3.768903948366642,96
sign_test_og_cel0.6__norm_spectral_radius,new_cel_removed_chunk_14,70,MC,5.024080005784829,96
sign_test_og_cel0.6__norm_spectral_radius,new_cel_removed_chunk_14,70,cosine_similarity,-0.147869162261486,96
sign_test_og_cel0.6__norm_spectral_radius,new_cel_removed_chunk_14,70,kl_to_gaussian,1.1739685538748965,96
sign_test_og_cel0.6__norm_spectral_radius,new_cel_removed_chunk_14,70,wt_mean,-0.00044802037882615,96
sign_test_og_cel0.6__norm_spectral_radius,new_cel_removed_chunk_14,71,GR,15.008089326322079,96
sign_test_og_cel0.6__norm_spectral_radius,new_cel_removed_chunk_14,71,IPC,10.744635325033945,96
sign_test_og_cel0.6__norm_spectral_radius,new_cel_removed_chunk_14,71,KR,8.379930848876635,96
sign_test_og_cel0.6__norm_spectral_radius,new_cel_removed_chunk_14,71,MC,6.509613536298275,96
sign_test_og_cel0.6__norm_spectral_radius,new_cel_removed_chunk_14,71,cosine_similarity,-0.13094295561313626,96
sign_test_og_cel0.6__norm_spectral_radius,new_cel_removed_chunk_14,71,kl_to_gaussian,1.1739685332785856,96
sign_test_og_cel0.6__norm_spectral_radius,new_cel_removed_chunk_14,71,wt_mean,-0.0006274399129324,96
sign_test_og_cel0.6__norm_spectral_radius,new_cel_removed_chunk_14,72,GR,8.532111811141172,96
sign_test_og_cel0.6__norm_spectral_radius,new_cel_removed_chunk_14,72,IPC,10.289900707001571,96
sign_test_og_cel0.6__norm_spectral_radius,new_cel_removed_chunk_14,72,KR,5.188427266975244,96
sign_test_og_cel0.6__norm_spectral_radius,new_cel_removed_chunk_14,72,MC,6.414594401915868,96
sign_test_og_cel0.6__norm_spectral_radius,new_cel_removed_chunk_14,72,cosine_similarity,-0.1464586369693279,96
sign_test_og_cel0.6__norm_spectral_radius,new_cel_removed_chunk_14,72,kl_to_gaussian,1.173968545235992,96
sign_test_og_cel0.6__norm_spectral_radius,new_cel_removed_chunk_14,72,wt_mean,-0.00055983486527105,96
sign_test_og_cel0.6__norm_spectral_radius,new_cel_removed_chunk_14,73,GR,13.297549193104109,96
sign_test_og_cel0.6__norm_spectral_radius,new_cel_removed_chunk_14,73,IPC,11.480739301624807,96
sign_test_og_cel0.6__norm_spectral_radius,new_cel_removed_chunk_14,73,KR,7.40373641004165,96
sign_test_og_cel0.6__norm_spectral_radius,new_cel_removed_chunk_14,73,MC,6.8586433206995325,96
sign_test_og_cel0.6__norm_spectral_radius,new_cel_removed_chunk_14,73,cosine_similarity,-0.13517450913786885,96
sign_test_og_cel0.6__norm_spectral_radius,new_cel_removed_chunk_14,73,kl_to_gaussian,1.17396853871457,96
sign_test_og_cel0.6__norm_spectral_radius,new_cel_removed_chunk_14,73,wt_mean,-0.000664672756101875,96
sign_test_og_cel0.6__norm_spectral_radius,new_cel_removed_chunk_14,74,GR,10.231458274026712,96
sign_test_og_cel0.6__norm_spectral_radius,new_cel_removed_chunk_14,74,IPC,9.24887851922878,96
sign_test_og_cel0.6__norm_spectral_radius,new_cel_removed_chunk_14,74,KR,5.774589327474435,96
sign_test_og_cel0.6__norm_spectral_radius,new_cel_removed_chunk_14,74,MC,5.301150463521481,96
sign_test_og_cel0.6__norm_spectral_radius,new_cel_removed_chunk_14,74,cosine_similarity,-0.14657618477940557,96
sign_test_og_cel0.6__norm_spectral_radius,new_cel_removed_chunk_14,74,kl_to_gaussian,1.173968513805083,96
sign_test_og_cel0.6__norm_spectral_radius,new_cel_removed_chunk_14,74,wt_mean,-0.000538049484020975,96
sign_test_og_cel0.6__norm_spectral_radius,new_cel_removed_chunk_15,75,GR,10.003858913977941,96
sign_test_og_cel0.6__norm_spectral_radius,new_cel_removed_chunk_15,75,IPC,10.022305552036752,96
sign_test_og_cel0.6__norm_spectral_radius,new_cel_removed_chunk_15,75,KR,5.679470365246137,96
sign_test_og_cel0.6__norm_spectral_radius,new_cel_removed_chunk_15,75,MC,5.760322814186414,96
sign_test_og_cel0.6__norm_spectral_radius,new_cel_removed_chunk_15,75,cosine_similarity,-0.1330587267875671,96
sign_test_og_cel0.6__norm_spectral_radius,new_cel_removed_chunk_15,75,kl_to_gaussian,1.1739686098557398,96
sign_test_og_cel0.6__norm_spectral_radius,new_cel_removed_chunk_15,75,wt_mean,-0.0005094300722703,96
sign_test_og_cel0.6__norm_spectral_radius,new_cel_removed_chunk_15,76,GR,10.801674326260885,96
sign_test_og_cel0.6__norm_spectral_radius,new_cel_removed_chunk_15,76,IPC,9.96715195550197,96
sign_test_og_cel0.6__norm_spectral_radius,new_cel_removed_chunk_15,76,KR,6.09605747461319,96
sign_test_og_cel0.6__norm_spectral_radius,new_cel_removed_chunk_15,76,MC,5.554084313412507,96
sign_test_og_cel0.6__norm_spectral_radius,new_cel_removed_chunk_15,76,cosine_similarity,-0.11895357072353359,96
sign_test_og_cel0.6__norm_spectral_radius,new_cel_removed_chunk_15,76,kl_to_gaussian,1.1739685746171131,96
sign_test_og_cel0.6__norm_spectral_radius,new_cel_removed_chunk_15,76,wt_mean,-0.000499107387440725,96
sign_test_og_cel0.6__norm_spectral_radius,new_cel_removed_chunk_15,77,GR,9.609679535031319,96
sign_test_og_cel0.6__norm_spectral_radius,new_cel_removed_chunk_15,77,IPC,9.546434736136478,96
sign_test_og_cel0.6__norm_spectral_radius,new_cel_removed_chunk_15,77,KR,5.574011179308097,96
sign_test_og_cel0.6__norm_spectral_radius,new_cel_removed_chunk_15,77,MC,5.709387364486854,96
sign_test_og_cel0.6__norm_spectral_radius,new_cel_removed_chunk_15,77,cosine_similarity,-0.12165706418454646,96
sign_test_og_cel0.6__norm_spectral_radius,new_cel_removed_chunk_15,77,kl_to_gaussian,1.1739684928155079,96
sign_test_og_cel0.6__norm_spectral_radius,new_cel_removed_chunk_15,77,wt_mean,-0.000438450719229825,96
sign_test_og_cel0.6__norm_spectral_radius,new_cel_removed_chunk_15,78,GR,9.747182774047056,96
sign_test_og_cel0.6__norm_spectral_radius,new_cel_removed_chunk_15,78,IPC,9.423793796104233,96
sign_test_og_cel0.6__norm_spectral_radius,new_cel_removed_chunk_15,78,KR,5.521849013864994,96
sign_test_og_cel0.6__norm_spectral_radius,new_cel_removed_chunk_15,78,MC,5.40500541528066,96
sign_test_og_cel0.6__norm_spectral_radius,new_cel_removed_chunk_15,78,cosine_similarity,-0.1146044731140136,96
sign_test_og_cel0.6__norm_spectral_radius,new_cel_removed_chunk_15,78,kl_to_gaussian,1.1739685139495686,96
sign_test_og_cel0.6__norm_spectral_radius,new_cel_removed_chunk_15,78,wt_mean,-0.00037294968205964994,96
sign_test_og_cel0.6__norm_spectral_radius,new_cel_removed_chunk_15,79,GR,12.163862576087316,96
sign_test_og_cel0.6__norm_spectral_radius,new_cel_removed_chunk_15,79,IPC,10.090585690303678,96
sign_test_og_cel0.6__norm_spectral_radius,new_cel_removed_chunk_15,79,KR,6.5920701920986176,96
sign_test_og_cel0.6__norm_spectral_radius,new_cel_removed_chunk_15,79,MC,5.655813202261925,96
sign_test_og_cel0.6__norm_spectral_radius,new_cel_removed_chunk_15,79,cosine_similarity,-0.12200968898832794,96
sign_test_og_cel0.6__norm_spectral_radius,new_cel_removed_chunk_15,79,kl_to_gaussian,1.1739685454479025,96
sign_test_og_cel0.6__norm_spectral_radius,new_cel_removed_chunk_15,79,wt_mean,-0.000511231715790875,96
sign_test_og_cel0.6__norm_spectral_radius,new_cel_removed_chunk_16,80,GR,11.022704703112444,96
sign_test_og_cel0.6__norm_spectral_radius,new_cel_removed_chunk_16,80,IPC,9.275191918590382,96
sign_test_og_cel0.6__norm_spectral_radius,new_cel_removed_chunk_16,80,KR,6.432148873806,96
sign_test_og_cel0.6__norm_spectral_radius,new_cel_removed_chunk_16,80,MC,5.972591498245795,96
sign_test_og_cel0.6__norm_spectral_radius,new_cel_removed_chunk_16,80,cosine_similarity,-0.1403464041650295,96
sign_test_og_cel0.6__norm_spectral_radius,new_cel_removed_chunk_16,80,kl_to_gaussian,1.1739684830217323,96
sign_test_og_cel0.6__norm_spectral_radius,new_cel_removed_chunk_16,80,wt_mean,-0.0005372064770199,96
sign_test_og_cel0.6__norm_spectral_radius,new_cel_removed_chunk_16,81,GR,14.643258959054947,96
sign_test_og_cel0.6__norm_spectral_radius,new_cel_removed_chunk_16,81,IPC,9.233008961903831,96
sign_test_og_cel0.6__norm_spectral_radius,new_cel_removed_chunk_16,81,KR,7.73135228206714,96
sign_test_og_cel0.6__norm_spectral_radius,new_cel_removed_chunk_16,81,MC,5.6907204538583755,96
sign_test_og_cel0.6__norm_spectral_radius,new_cel_removed_chunk_16,81,cosine_similarity,-0.14199200645089147,96
sign_test_og_cel0.6__norm_spectral_radius,new_cel_removed_chunk_16,81,kl_to_gaussian,1.1739685275792302,96
sign_test_og_cel0.6__norm_spectral_radius,new_cel_removed_chunk_16,81,wt_mean,-0.000713656074367425,96
sign_test_og_cel0.6__norm_spectral_radius,new_cel_removed_chunk_16,82,GR,18.686787483592827,96
sign_test_og_cel0.6__norm_spectral_radius,new_cel_removed_chunk_16,82,IPC,10.58316536019545,96
sign_test_og_cel0.6__norm_spectral_radius,new_cel_removed_chunk_16,82,KR,9.874464670817057,96
sign_test_og_cel0.6__norm_spectral_radius,new_cel_removed_chunk_16,82,MC,6.141141417125861,96
sign_test_og_cel0.6__norm_spectral_radius,new_cel_removed_chunk_16,82,cosine_similarity,-0.11813076585531229,96
sign_test_og_cel0.6__norm_spectral_radius,new_cel_removed_chunk_16,82,kl_to_gaussian,1.173968461069282,96
sign_test_og_cel0.6__norm_spectral_radius,new_cel_removed_chunk_16,82,wt_mean,-0.0007135245832613999,96
sign_test_og_cel0.6__norm_spectral_radius,new_cel_removed_chunk_16,83,GR,11.668478039403757,96
sign_test_og_cel0.6__norm_spectral_radius,new_cel_removed_chunk_16,83,IPC,8.830294163293594,96
sign_test_og_cel0.6__norm_spectral_radius,new_cel_removed_chunk_16,83,KR,6.242585418124993,96
sign_test_og_cel0.6__norm_spectral_radius,new_cel_removed_chunk_16,83,MC,5.277913002918164,96
sign_test_og_cel0.6__norm_spectral_radius,new_cel_removed_chunk_16,83,cosine_similarity,-0.14316743612289426,96
sign_test_og_cel0.6__norm_spectral_radius,new_cel_removed_chunk_16,83,kl_to_gaussian,1.1739685114973084,96
sign_test_og_cel0.6__norm_spectral_radius,new_cel_removed_chunk_16,83,wt_mean,-0.000611610608757425,96
sign_test_og_cel0.6__norm_spectral_radius,new_cel_removed_chunk_16,84,GR,12.050932608544827,96
sign_test_og_cel0.6__norm_spectral_radius,new_cel_removed_chunk_16,84,IPC,9.666717339015696,96
sign_test_og_cel0.6__norm_spectral_radius,new_cel_removed_chunk_16,84,KR,6.764003264407317,96
sign_test_og_cel0.6__norm_spectral_radius,new_cel_removed_chunk_16,84,MC,5.966113102932771,96
sign_test_og_cel0.6__norm_spectral_radius,new_cel_removed_chunk_16,84,cosine_similarity,-0.12189213931560511,96
sign_test_og_cel0.6__norm_spectral_radius,new_cel_removed_chunk_16,84,kl_to_gaussian,1.1739683600279873,96
sign_test_og_cel0.6__norm_spectral_radius,new_cel_removed_chunk_16,84,wt_mean,-0.000536688501597325,96
sign_test_og_cel0.6__norm_spectral_radius,new_cel_removed_chunk_17,85,GR,13.695054233074188,96
sign_test_og_cel0.6__norm_spectral_radius,new_cel_removed_chunk_17,85,IPC,10.000790943945663,96
sign_test_og_cel0.6__norm_spectral_radius,new_cel_removed_chunk_17,85,KR,7.39170078933239,96
sign_test_og_cel0.6__norm_spectral_radius,new_cel_removed_chunk_17,85,MC,5.816519695023696,96
sign_test_og_cel0.6__norm_spectral_radius,new_cel_removed_chunk_17,85,cosine_similarity,-0.11248870193958281,96
sign_test_og_cel0.6__norm_spectral_radius,new_cel_removed_chunk_17,85,kl_to_gaussian,1.1739685229713628,96
sign_test_og_cel0.6__norm_spectral_radius,new_cel_removed_chunk_17,85,wt_mean,-0.000505504991451675,96
sign_test_og_cel0.6__norm_spectral_radius,new_cel_removed_chunk_17,86,GR,11.136146761476994,96
sign_test_og_cel0.6__norm_spectral_radius,new_cel_removed_chunk_17,86,IPC,9.319913473439756,96
sign_test_og_cel0.6__norm_spectral_radius,new_cel_removed_chunk_17,86,KR,6.1597314948836965,96
sign_test_og_cel0.6__norm_spectral_radius,new_cel_removed_chunk_17,86,MC,6.056178260594606,96
sign_test_og_cel0.6__norm_spectral_radius,new_cel_removed_chunk_17,86,cosine_similarity,-0.1127237863838672,96
sign_test_og_cel0.6__norm_spectral_radius,new_cel_removed_chunk_17,86,kl_to_gaussian,1.1739684842464058,96
sign_test_og_cel0.6__norm_spectral_radius,new_cel_removed_chunk_17,86,wt_mean,-0.000470911363663575,96
sign_test_og_cel0.6__norm_spectral_radius,new_cel_removed_chunk_17,87,GR,8.746509919563929,96
sign_test_og_cel0.6__norm_spectral_radius,new_cel_removed_chunk_17,87,IPC,9.317448200271103,96
sign_test_og_cel0.6__norm_spectral_radius,new_cel_removed_chunk_17,87,KR,4.982507852216561,96
sign_test_og_cel0.6__norm_spectral_radius,new_cel_removed_chunk_17,87,MC,5.586896397173405,96
sign_test_og_cel0.6__norm_spectral_radius,new_cel_removed_chunk_17,87,cosine_similarity,-0.09074323996901511,96
sign_test_og_cel0.6__norm_spectral_radius,new_cel_removed_chunk_17,87,kl_to_gaussian,1.1739685436479057,96
sign_test_og_cel0.6__norm_spectral_radius,new_cel_removed_chunk_17,87,wt_mean,-0.000333451425831275,96
sign_test_og_cel0.6__norm_spectral_radius,new_cel_removed_chunk_17,88,GR,9.31206571807464,96
sign_test_og_cel0.6__norm_spectral_radius,new_cel_removed_chunk_17,88,IPC,8.732583203949995,96
sign_test_og_cel0.6__norm_spectral_radius,new_cel_removed_chunk_17,88,KR,5.117877560357253,96
sign_test_og_cel0.6__norm_spectral_radius,new_cel_removed_chunk_17,88,MC,4.9560164747138815,96
sign_test_og_cel0.6__norm_spectral_radius,new_cel_removed_chunk_17,88,cosine_similarity,-0.12741666659712791,96
sign_test_og_cel0.6__norm_spectral_radius,new_cel_removed_chunk_17,88,kl_to_gaussian,1.1739684623981195,96
sign_test_og_cel0.6__norm_spectral_radius,new_cel_removed_chunk_17,88,wt_mean,-0.0004683680599555,96
sign_test_og_cel0.6__norm_spectral_radius,new_cel_removed_chunk_17,89,GR,12.95373753954967,96
sign_test_og_cel0.6__norm_spectral_radius,new_cel_removed_chunk_17,89,IPC,9.37841037950037,96
sign_test_og_cel0.6__norm_spectral_radius,new_cel_removed_chunk_17,89,KR,7.1892984708150225,96
sign_test_og_cel0.6__norm_spectral_radius,new_cel_removed_chunk_17,89,MC,5.824805344144504,96
sign_test_og_cel0.6__norm_spectral_radius,new_cel_removed_chunk_17,89,cosine_similarity,-0.14657618477940557,96
sign_test_og_cel0.6__norm_spectral_radius,new_cel_removed_chunk_17,89,kl_to_gaussian,1.1739684467058542,96
sign_test_og_cel0.6__norm_spectral_radius,new_cel_removed_chunk_17,89,wt_mean,-0.00068309076596045,96
sign_test_og_cel0.6__norm_spectral_radius,new_cel_removed_chunk_18,90,GR,13.352294484774271,96
sign_test_og_cel0.6__norm_spectral_radius,new_cel_removed_chunk_18,90,IPC,9.731964792713592,96
sign_test_og_cel0.6__norm_spectral_radius,new_cel_removed_chunk_18,90,KR,7.098327311376731,96
sign_test_og_cel0.6__norm_spectral_radius,new_cel_removed_chunk_18,90,MC,5.583530459553003,96
sign_test_og_cel0.6__norm_spectral_radius,new_cel_removed_chunk_18,90,cosine_similarity,-0.10273262299597258,96
sign_test_og_cel0.6__norm_spectral_radius,new_cel_removed_chunk_18,90,kl_to_gaussian,1.1739684610567858,96
sign_test_og_cel0.6__norm_spectral_radius,new_cel_removed_chunk_18,90,wt_mean,-0.0004666484310291,96
sign_test_og_cel0.6__norm_spectral_radius,new_cel_removed_chunk_18,91,GR,12.866215455035368,96
sign_test_og_cel0.6__norm_spectral_radius,new_cel_removed_chunk_18,91,IPC,9.532824930372794,96
sign_test_og_cel0.6__norm_spectral_radius,new_cel_removed_chunk_18,91,KR,7.401429993410905,96
sign_test_og_cel0.6__norm_spectral_radius,new_cel_removed_chunk_18,91,MC,5.660146278639634,96
sign_test_og_cel0.6__norm_spectral_radius,new_cel_removed_chunk_18,91,cosine_similarity,-0.09814844653010363,96
sign_test_og_cel0.6__norm_spectral_radius,new_cel_removed_chunk_18,91,kl_to_gaussian,1.1739684932125865,96
sign_test_og_cel0.6__norm_spectral_radius,new_cel_removed_chunk_18,91,wt_mean,-0.0004095955882803,96
sign_test_og_cel0.6__norm_spectral_radius,new_cel_removed_chunk_18,92,GR,13.44596697886785,96
sign_test_og_cel0.6__norm_spectral_radius,new_cel_removed_chunk_18,92,IPC,10.436251426521414,96
sign_test_og_cel0.6__norm_spectral_radius,new_cel_removed_chunk_18,92,KR,7.487366336087386,96
sign_test_og_cel0.6__norm_spectral_radius,new_cel_removed_chunk_18,92,MC,6.026370878020923,96
sign_test_og_cel0.6__norm_spectral_radius,new_cel_removed_chunk_18,92,cosine_similarity,-0.1317657679319381,96
sign_test_og_cel0.6__norm_spectral_radius,new_cel_removed_chunk_18,92,kl_to_gaussian,1.1739685966175162,96
sign_test_og_cel0.6__norm_spectral_radius,new_cel_removed_chunk_18,92,wt_mean,-0.000587375441682475,96
sign_test_og_cel0.6__norm_spectral_radius,new_cel_removed_chunk_18,93,GR,11.580939044555029,96
sign_test_og_cel0.6__norm_spectral_radius,new_cel_removed_chunk_18,93,IPC,10.1915329154905,96
sign_test_og_cel0.6__norm_spectral_radius,new_cel_removed_chunk_18,93,KR,6.394029905398686,96
sign_test_og_cel0.6__norm_spectral_radius,new_cel_removed_chunk_18,93,MC,5.935135990381241,96
sign_test_og_cel0.6__norm_spectral_radius,new_cel_removed_chunk_18,93,cosine_similarity,-0.07828367501497262,96
sign_test_og_cel0.6__norm_spectral_radius,new_cel_removed_chunk_18,93,kl_to_gaussian,1.1739685423987083,96
sign_test_og_cel0.6__norm_spectral_radius,new_cel_removed_chunk_18,93,wt_mean,-0.00036607769288817503,96
sign_test_og_cel0.6__norm_spectral_radius,new_cel_removed_chunk_18,94,GR,10.47235249231259,96
sign_test_og_cel0.6__norm_spectral_radius,new_cel_removed_chunk_18,94,IPC,9.013296422640172,96
sign_test_og_cel0.6__norm_spectral_radius,new_cel_removed_chunk_18,94,KR,6.032138995826244,96
sign_test_og_cel0.6__norm_spectral_radius,new_cel_removed_chunk_18,94,MC,5.378037236630917,96
sign_test_og_cel0.6__norm_spectral_radius,new_cel_removed_chunk_18,94,cosine_similarity,-0.11542726866900915,96
sign_test_og_cel0.6__norm_spectral_radius,new_cel_removed_chunk_18,94,kl_to_gaussian,1.1739685673074653,96
sign_test_og_cel0.6__norm_spectral_radius,new_cel_removed_chunk_18,94,wt_mean,-0.00040060868195717497,96
sign_test_og_cel0.6__norm_spectral_radius,new_cel_removed_chunk_19,95,GR,13.24980321029822,96
sign_test_og_cel0.6__norm_spectral_radius,new_cel_removed_chunk_19,95,IPC,9.010361961352947,96
sign_test_og_cel0.6__norm_spectral_radius,new_cel_removed_chunk_19,95,KR,7.172340755661328,96
sign_test_og_cel0.6__norm_spectral_radius,new_cel_removed_chunk_19,95,MC,5.466750084112088,96
sign_test_og_cel0.6__norm_spectral_radius,new_cel_removed_chunk_19,95,cosine_similarity,-0.1395236030220985,96
sign_test_og_cel0.6__norm_spectral_radius,new_cel_removed_chunk_19,95,kl_to_gaussian,1.1739685747446253,96
sign_test_og_cel0.6__norm_spectral_radius,new_cel_removed_chunk_19,95,wt_mean,-0.000645618296402925,96
sign_test_og_cel0.6__norm_spectral_radius,new_cel_removed_chunk_19,96,GR,12.136113956570625,96
sign_test_og_cel0.6__norm_spectral_radius,new_cel_removed_chunk_19,96,IPC,9.203321425686445,96
sign_test_og_cel0.6__norm_spectral_radius,new_cel_removed_chunk_19,96,KR,6.45904594908158,96
sign_test_og_cel0.6__norm_spectral_radius,new_cel_removed_chunk_19,96,MC,5.279787935316563,96
sign_test_og_cel0.6__norm_spectral_radius,new_cel_removed_chunk_19,96,cosine_similarity,-0.11284133046865459,96
sign_test_og_cel0.6__norm_spectral_radius,new_cel_removed_chunk_19,96,kl_to_gaussian,1.1739684712460579,96
sign_test_og_cel0.6__norm_spectral_radius,new_cel_removed_chunk_19,96,wt_mean,-0.000478898677101775,96
sign_test_og_cel0.6__norm_spectral_radius,new_cel_removed_chunk_19,97,GR,9.835175280769667,96
sign_test_og_cel0.6__norm_spectral_radius,new_cel_removed_chunk_19,97,IPC,9.38898081518366,96
sign_test_og_cel0.6__norm_spectral_radius,new_cel_removed_chunk_19,97,KR,5.5040226231018705,96
sign_test_og_cel0.6__norm_spectral_radius,new_cel_removed_chunk_19,97,MC,5.411231427143018,96
sign_test_og_cel0.6__norm_spectral_radius,new_cel_removed_chunk_19,97,cosine_similarity,-0.0946221500635147,96
sign_test_og_cel0.6__norm_spectral_radius,new_cel_removed_chunk_19,97,kl_to_gaussian,1.173968533948885,96
sign_test_og_cel0.6__norm_spectral_radius,new_cel_removed_chunk_19,97,wt_mean,-0.00036391303729027503,96
sign_test_og_cel0.6__norm_spectral_radius,new_cel_removed_chunk_19,98,GR,12.478651146094004,96
sign_test_og_cel0.6__norm_spectral_radius,new_cel_removed_chunk_19,98,IPC,10.032425550309416,96
sign_test_og_cel0.6__norm_spectral_radius,new_cel_removed_chunk_19,98,KR,6.896351074179013,96
sign_test_og_cel0.6__norm_spectral_radius,new_cel_removed_chunk_19,98,MC,6.052126690745354,96
sign_test_og_cel0.6__norm_spectral_radius,new_cel_removed_chunk_19,98,cosine_similarity,-0.15880066156387326,96
sign_test_og_cel0.6__norm_spectral_radius,new_cel_removed_chunk_19,98,kl_to_gaussian,1.1739684585239114,96
sign_test_og_cel0.6__norm_spectral_radius,new_cel_removed_chunk_19,98,wt_mean,-0.0006515936474897249,96
sign_test_og_cel0.6__norm_spectral_radius,new_cel_removed_chunk_19,99,GR,15.94327910989523,96
sign_test_og_cel0.6__norm_spectral_radius,new_cel_removed_chunk_19,99,IPC,10.894156972933366,96
sign_test_og_cel0.6__norm_spectral_radius,new_cel_removed_chunk_19,99,KR,9.118744562069574,96
sign_test_og_cel0.6__norm_spectral_radius,new_cel_removed_chunk_19,99,MC,6.738200675696135,96
sign_test_og_cel0.6__norm_spectral_radius,new_cel_removed_chunk_19,99,cosine_similarity,-0.129179798066616,96
sign_test_og_cel0.6__norm_spectral_radius,new_cel_removed_chunk_19,99,kl_to_gaussian,1.1739685786915446,96
sign_test_og_cel0.6__norm_spectral_radius,new_cel_removed_chunk_19,99,wt_mean,-0.0006750855463905501,96
sign_test_og_cel0.6__norm_spectral_radius,new_cel_removed_chunk_2,10,GR,15.418646916747093,96
sign_test_og_cel0.6__norm_spectral_radius,new_cel_removed_chunk_2,10,IPC,10.27137460072468,96
sign_test_og_cel0.6__norm_spectral_radius,new_cel_removed_chunk_2,10,KR,8.34623566021522,96
sign_test_og_cel0.6__norm_spectral_radius,new_cel_removed_chunk_2,10,MC,6.014236989120643,96
sign_test_og_cel0.6__norm_spectral_radius,new_cel_removed_chunk_2,10,cosine_similarity,-0.14469549432396886,96
sign_test_og_cel0.6__norm_spectral_radius,new_cel_removed_chunk_2,10,kl_to_gaussian,1.1739685194725602,96
sign_test_og_cel0.6__norm_spectral_radius,new_cel_removed_chunk_2,10,wt_mean,-0.0007135484484023751,96
sign_test_og_cel0.6__norm_spectral_radius,new_cel_removed_chunk_2,11,GR,9.249221965670586,96
sign_test_og_cel0.6__norm_spectral_radius,new_cel_removed_chunk_2,11,IPC,10.025709716634502,96
sign_test_og_cel0.6__norm_spectral_radius,new_cel_removed_chunk_2,11,KR,5.290848198036353,96
sign_test_og_cel0.6__norm_spectral_radius,new_cel_removed_chunk_2,11,MC,5.864730037748814,96
sign_test_og_cel0.6__norm_spectral_radius,new_cel_removed_chunk_2,11,cosine_similarity,-0.0975607372820377,96
sign_test_og_cel0.6__norm_spectral_radius,new_cel_removed_chunk_2,11,kl_to_gaussian,1.1739685374886446,96
sign_test_og_cel0.6__norm_spectral_radius,new_cel_removed_chunk_2,11,wt_mean,-0.000370095447578875,96
sign_test_og_cel0.6__norm_spectral_radius,new_cel_removed_chunk_2,12,GR,16.406999660034973,96
sign_test_og_cel0.6__norm_spectral_radius,new_cel_removed_chunk_2,12,IPC,10.329857607707114,96
sign_test_og_cel0.6__norm_spectral_radius,new_cel_removed_chunk_2,12,KR,8.584226633111635,96
sign_test_og_cel0.6__norm_spectral_radius,new_cel_removed_chunk_2,12,MC,5.838858765860398,96
sign_test_og_cel0.6__norm_spectral_radius,new_cel_removed_chunk_2,12,cosine_similarity,-0.11895356886088844,96
sign_test_og_cel0.6__norm_spectral_radius,new_cel_removed_chunk_2,12,kl_to_gaussian,1.1739685393732873,96
sign_test_og_cel0.6__norm_spectral_radius,new_cel_removed_chunk_2,12,wt_mean,-0.0006230263752513,96
sign_test_og_cel0.6__norm_spectral_radius,new_cel_removed_chunk_2,13,GR,7.664609296868245,96
sign_test_og_cel0.6__norm_spectral_radius,new_cel_removed_chunk_2,13,IPC,9.634894915339014,96
sign_test_og_cel0.6__norm_spectral_radius,new_cel_removed_chunk_2,13,KR,4.472428156683843,96
sign_test_og_cel0.6__norm_spectral_radius,new_cel_removed_chunk_2,13,MC,5.866788951059182,96
sign_test_og_cel0.6__norm_spectral_radius,new_cel_removed_chunk_2,13,cosine_similarity,-0.1605638116598129,96
sign_test_og_cel0.6__norm_spectral_radius,new_cel_removed_chunk_2,13,kl_to_gaussian,1.173968466876017,96
sign_test_og_cel0.6__norm_spectral_radius,new_cel_removed_chunk_2,13,wt_mean,-0.00053821929759575,96
sign_test_og_cel0.6__norm_spectral_radius,new_cel_removed_chunk_2,14,GR,7.4319724043210345,96
sign_test_og_cel0.6__norm_spectral_radius,new_cel_removed_chunk_2,14,IPC,8.755833182051306,96
sign_test_og_cel0.6__norm_spectral_radius,new_cel_removed_chunk_2,14,KR,4.305975892891486,96
sign_test_og_cel0.6__norm_spectral_radius,new_cel_removed_chunk_2,14,MC,4.849118006726106,96
sign_test_og_cel0.6__norm_spectral_radius,new_cel_removed_chunk_2,14,cosine_similarity,-0.10778697766363615,96
sign_test_og_cel0.6__norm_spectral_radius,new_cel_removed_chunk_2,14,kl_to_gaussian,1.173968525947008,96
sign_test_og_cel0.6__norm_spectral_radius,new_cel_removed_chunk_2,14,wt_mean,-0.00033766787237247503,96
sign_test_og_cel0.6__norm_spectral_radius,new_cel_removed_chunk_3,15,GR,13.979824307064215,96
sign_test_og_cel0.6__norm_spectral_radius,new_cel_removed_chunk_3,15,IPC,10.52319407616413,96
sign_test_og_cel0.6__norm_spectral_radius,new_cel_removed_chunk_3,15,KR,7.879974782466888,96
sign_test_og_cel0.6__norm_spectral_radius,new_cel_removed_chunk_3,15,MC,6.225780330598354,96
sign_test_og_cel0.6__norm_spectral_radius,new_cel_removed_chunk_3,15,cosine_similarity,-0.11331150494515896,96
sign_test_og_cel0.6__norm_spectral_radius,new_cel_removed_chunk_3,15,kl_to_gaussian,1.1739685151109462,96
sign_test_og_cel0.6__norm_spectral_radius,new_cel_removed_chunk_3,15,wt_mean,-0.0005437669824459,96
sign_test_og_cel0.6__norm_spectral_radius,new_cel_removed_chunk_3,16,GR,10.573592993120352,96
sign_test_og_cel0.6__norm_spectral_radius,new_cel_removed_chunk_3,16,IPC,9.07171778988,96
sign_test_og_cel0.6__norm_spectral_radius,new_cel_removed_chunk_3,16,KR,5.666565778354804,96
sign_test_og_cel0.6__norm_spectral_radius,new_cel_removed_chunk_3,16,MC,5.211851254105568,96
sign_test_og_cel0.6__norm_spectral_radius,new_cel_removed_chunk_3,16,cosine_similarity,-0.13646747916936872,96
sign_test_og_cel0.6__norm_spectral_radius,new_cel_removed_chunk_3,16,kl_to_gaussian,1.1739685561939843,96
sign_test_og_cel0.6__norm_spectral_radius,new_cel_removed_chunk_3,16,wt_mean,-0.000517007632879475,96
sign_test_og_cel0.6__norm_spectral_radius,new_cel_removed_chunk_3,17,GR,16.079544770220917,96
sign_test_og_cel0.6__norm_spectral_radius,new_cel_removed_chunk_3,17,IPC,10.625459162963086,96
sign_test_og_cel0.6__norm_spectral_radius,new_cel_removed_chunk_3,17,KR,8.722800786296526,96
sign_test_og_cel0.6__norm_spectral_radius,new_cel_removed_chunk_3,17,MC,6.201849331458409,96
sign_test_og_cel0.6__norm_spectral_radius,new_cel_removed_chunk_3,17,cosine_similarity,-0.1357622183859348,96
sign_test_og_cel0.6__norm_spectral_radius,new_cel_removed_chunk_3,17,kl_to_gaussian,1.1739684748814405,96
sign_test_og_cel0.6__norm_spectral_radius,new_cel_removed_chunk_3,17,wt_mean,-0.0007604035927215,96
sign_test_og_cel0.6__norm_spectral_radius,new_cel_removed_chunk_3,18,GR,16.50051509340604,96
sign_test_og_cel0.6__norm_spectral_radius,new_cel_removed_chunk_3,18,IPC,10.124768857174853,96
sign_test_og_cel0.6__norm_spectral_radius,new_cel_removed_chunk_3,18,KR,8.646722810963789,96
sign_test_og_cel0.6__norm_spectral_radius,new_cel_removed_chunk_3,18,MC,5.584371633827686,96
sign_test_og_cel0.6__norm_spectral_radius,new_cel_removed_chunk_3,18,cosine_similarity,-0.1403463967144489,96
sign_test_og_cel0.6__norm_spectral_radius,new_cel_removed_chunk_3,18,kl_to_gaussian,1.1739685464151737,96
sign_test_og_cel0.6__norm_spectral_radius,new_cel_removed_chunk_3,18,wt_mean,-0.00070298113860185,96
sign_test_og_cel0.6__norm_spectral_radius,new_cel_removed_chunk_3,19,GR,8.872786991298199,96
sign_test_og_cel0.6__norm_spectral_radius,new_cel_removed_chunk_3,19,IPC,9.423127176183161,96
sign_test_og_cel0.6__norm_spectral_radius,new_cel_removed_chunk_3,19,KR,4.987159262100856,96
sign_test_og_cel0.6__norm_spectral_radius,new_cel_removed_chunk_3,19,MC,5.652163652082284,96
sign_test_og_cel0.6__norm_spectral_radius,new_cel_removed_chunk_3,19,cosine_similarity,-0.1215395145118236,96
sign_test_og_cel0.6__norm_spectral_radius,new_cel_removed_chunk_3,19,kl_to_gaussian,1.173968557222567,96
sign_test_og_cel0.6__norm_spectral_radius,new_cel_removed_chunk_3,19,wt_mean,-0.000420769159973075,96
sign_test_og_cel0.6__norm_spectral_radius,new_cel_removed_chunk_4,20,GR,8.732741969327131,96
sign_test_og_cel0.6__norm_spectral_radius,new_cel_removed_chunk_4,20,IPC,8.822696759150668,96
sign_test_og_cel0.6__norm_spectral_radius,new_cel_removed_chunk_4,20,KR,4.919831703106563,96
sign_test_og_cel0.6__norm_spectral_radius,new_cel_removed_chunk_4,20,MC,4.909288388987382,96
sign_test_og_cel0.6__norm_spectral_radius,new_cel_removed_chunk_4,20,cosine_similarity,-0.0729942396283149,96
sign_test_og_cel0.6__norm_spectral_radius,new_cel_removed_chunk_4,20,kl_to_gaussian,1.173968527249554,96
sign_test_og_cel0.6__norm_spectral_radius,new_cel_removed_chunk_4,20,wt_mean,-0.000233700266107875,96
sign_test_og_cel0.6__norm_spectral_radius,new_cel_removed_chunk_4,21,GR,9.452202046910921,96
sign_test_og_cel0.6__norm_spectral_radius,new_cel_removed_chunk_4,21,IPC,9.185473918651898,96
sign_test_og_cel0.6__norm_spectral_radius,new_cel_removed_chunk_4,21,KR,5.4920323838790255,96
sign_test_og_cel0.6__norm_spectral_radius,new_cel_removed_chunk_4,21,MC,5.236967558662097,96
sign_test_og_cel0.6__norm_spectral_radius,new_cel_removed_chunk_4,21,cosine_similarity,-0.1133114993572235,96
sign_test_og_cel0.6__norm_spectral_radius,new_cel_removed_chunk_4,21,kl_to_gaussian,1.173968545658695,96
sign_test_og_cel0.6__norm_spectral_radius,new_cel_removed_chunk_4,21,wt_mean,-0.0003777065139729,96
sign_test_og_cel0.6__norm_spectral_radius,new_cel_removed_chunk_4,22,GR,9.810413484772047,96
sign_test_og_cel0.6__norm_spectral_radius,new_cel_removed_chunk_4,22,IPC,10.043963297040499,96
sign_test_og_cel0.6__norm_spectral_radius,new_cel_removed_chunk_4,22,KR,5.754489742219448,96
sign_test_og_cel0.6__norm_spectral_radius,new_cel_removed_chunk_4,22,MC,5.890893749892712,96
sign_test_og_cel0.6__norm_spectral_radius,new_cel_removed_chunk_4,22,cosine_similarity,-0.13964114338159558,96
sign_test_og_cel0.6__norm_spectral_radius,new_cel_removed_chunk_4,22,kl_to_gaussian,1.1739685154477297,96
sign_test_og_cel0.6__norm_spectral_radius,new_cel_removed_chunk_4,22,wt_mean,-0.000506289572513125,96
sign_test_og_cel0.6__norm_spectral_radius,new_cel_removed_chunk_4,23,GR,7.897026514013608,96
sign_test_og_cel0.6__norm_spectral_radius,new_cel_removed_chunk_4,23,IPC,9.688860058416664,96
sign_test_og_cel0.6__norm_spectral_radius,new_cel_removed_chunk_4,23,KR,4.770074151456356,96
sign_test_og_cel0.6__norm_spectral_radius,new_cel_removed_chunk_4,23,MC,5.519115860263507,96
sign_test_og_cel0.6__norm_spectral_radius,new_cel_removed_chunk_4,23,cosine_similarity,-0.12212722748517986,96
sign_test_og_cel0.6__norm_spectral_radius,new_cel_removed_chunk_4,23,kl_to_gaussian,1.1739684769734593,96
sign_test_og_cel0.6__norm_spectral_radius,new_cel_removed_chunk_4,23,wt_mean,-0.00038866578688605003,96
sign_test_og_cel0.6__norm_spectral_radius,new_cel_removed_chunk_4,24,GR,10.114625078936418,96
sign_test_og_cel0.6__norm_spectral_radius,new_cel_removed_chunk_4,24,IPC,9.791356468762512,96
sign_test_og_cel0.6__norm_spectral_radius,new_cel_removed_chunk_4,24,KR,5.835588263968627,96
sign_test_og_cel0.6__norm_spectral_radius,new_cel_removed_chunk_4,24,MC,5.894875546296437,96
sign_test_og_cel0.6__norm_spectral_radius,new_cel_removed_chunk_4,24,cosine_similarity,-0.1505726389586925,96
sign_test_og_cel0.6__norm_spectral_radius,new_cel_removed_chunk_4,24,kl_to_gaussian,1.17396844097407,96
sign_test_og_cel0.6__norm_spectral_radius,new_cel_removed_chunk_4,24,wt_mean,-0.0006075422861613,96
sign_test_og_cel0.6__norm_spectral_radius,new_cel_removed_chunk_5,25,GR,7.624547481536865,96
sign_test_og_cel0.6__norm_spectral_radius,new_cel_removed_chunk_5,25,IPC,8.800881196502658,96
sign_test_og_cel0.6__norm_spectral_radius,new_cel_removed_chunk_5,25,KR,4.468263159195582,96
sign_test_og_cel0.6__norm_spectral_radius,new_cel_removed_chunk_5,25,MC,4.806179856260617,96
sign_test_og_cel0.6__norm_spectral_radius,new_cel_removed_chunk_5,25,cosine_similarity,-0.0854537971317768,96
sign_test_og_cel0.6__norm_spectral_radius,new_cel_removed_chunk_5,25,kl_to_gaussian,1.1739684713820964,96
sign_test_og_cel0.6__norm_spectral_radius,new_cel_removed_chunk_5,25,wt_mean,-0.000274258647550525,96
sign_test_og_cel0.6__norm_spectral_radius,new_cel_removed_chunk_5,26,GR,19.181978444258373,96
sign_test_og_cel0.6__norm_spectral_radius,new_cel_removed_chunk_5,26,IPC,10.994336641805274,96
sign_test_og_cel0.6__norm_spectral_radius,new_cel_removed_chunk_5,26,KR,10.319061361253262,96
sign_test_og_cel0.6__norm_spectral_radius,new_cel_removed_chunk_5,26,MC,6.2605821415781975,96
sign_test_og_cel0.6__norm_spectral_radius,new_cel_removed_chunk_5,26,cosine_similarity,-0.08768711052834983,96
sign_test_og_cel0.6__norm_spectral_radius,new_cel_removed_chunk_5,26,kl_to_gaussian,1.1739684871819362,96
sign_test_og_cel0.6__norm_spectral_radius,new_cel_removed_chunk_5,26,wt_mean,-0.00047532586177107504,96
sign_test_og_cel0.6__norm_spectral_radius,new_cel_removed_chunk_5,27,GR,10.558590896427631,96
sign_test_og_cel0.6__norm_spectral_radius,new_cel_removed_chunk_5,27,IPC,9.196510685223597,96
sign_test_og_cel0.6__norm_spectral_radius,new_cel_removed_chunk_5,27,KR,5.736623446146647,96
sign_test_og_cel0.6__norm_spectral_radius,new_cel_removed_chunk_5,27,MC,5.101501389096181,96
sign_test_og_cel0.6__norm_spectral_radius,new_cel_removed_chunk_5,27,cosine_similarity,-0.12130442447960375,96
sign_test_og_cel0.6__norm_spectral_radius,new_cel_removed_chunk_5,27,kl_to_gaussian,1.1739685365149726,96
sign_test_og_cel0.6__norm_spectral_radius,new_cel_removed_chunk_5,27,wt_mean,-0.000466924313514,96
sign_test_og_cel0.6__norm_spectral_radius,new_cel_removed_chunk_5,28,GR,11.024446604152521,96
sign_test_og_cel0.6__norm_spectral_radius,new_cel_removed_chunk_5,28,IPC,10.740095371131344,96
sign_test_og_cel0.6__norm_spectral_radius,new_cel_removed_chunk_5,28,KR,6.151796502371629,96
sign_test_og_cel0.6__norm_spectral_radius,new_cel_removed_chunk_5,28,MC,6.267524356643359,96
sign_test_og_cel0.6__norm_spectral_radius,new_cel_removed_chunk_5,28,cosine_similarity,-0.12095179967582222,96
sign_test_og_cel0.6__norm_spectral_radius,new_cel_removed_chunk_5,28,kl_to_gaussian,1.1739685312678292,96
sign_test_og_cel0.6__norm_spectral_radius,new_cel_removed_chunk_5,28,wt_mean,-0.000539436805411175,96
sign_test_og_cel0.6__norm_spectral_radius,new_cel_removed_chunk_5,29,GR,12.485795803368092,96
sign_test_og_cel0.6__norm_spectral_radius,new_cel_removed_chunk_5,29,IPC,10.741608655544526,96
sign_test_og_cel0.6__norm_spectral_radius,new_cel_removed_chunk_5,29,KR,7.038871365288894,96
sign_test_og_cel0.6__norm_spectral_radius,new_cel_removed_chunk_5,29,MC,6.513426082829635,96
sign_test_og_cel0.6__norm_spectral_radius,new_cel_removed_chunk_5,29,cosine_similarity,-0.14246216788887975,96
sign_test_og_cel0.6__norm_spectral_radius,new_cel_removed_chunk_5,29,kl_to_gaussian,1.17396843382291,96
sign_test_og_cel0.6__norm_spectral_radius,new_cel_removed_chunk_5,29,wt_mean,-0.000572166864003475,96
sign_test_og_cel0.6__norm_spectral_radius,new_cel_removed_chunk_6,30,GR,11.566662326455116,96
sign_test_og_cel0.6__norm_spectral_radius,new_cel_removed_chunk_6,30,IPC,10.233371456206372,96
sign_test_og_cel0.6__norm_spectral_radius,new_cel_removed_chunk_6,30,KR,6.630100950598717,96
sign_test_og_cel0.6__norm_spectral_radius,new_cel_removed_chunk_6,30,MC,6.246049957970778,96
sign_test_og_cel0.6__norm_spectral_radius,new_cel_removed_chunk_6,30,cosine_similarity,-0.10484840162098404,96
sign_test_og_cel0.6__norm_spectral_radius,new_cel_removed_chunk_6,30,kl_to_gaussian,1.1739684746240135,96
sign_test_og_cel0.6__norm_spectral_radius,new_cel_removed_chunk_6,30,wt_mean,-0.000442332035163375,96
sign_test_og_cel0.6__norm_spectral_radius,new_cel_removed_chunk_6,31,GR,8.346009540061155,96
sign_test_og_cel0.6__norm_spectral_radius,new_cel_removed_chunk_6,31,IPC,9.156090883465533,96
sign_test_og_cel0.6__norm_spectral_radius,new_cel_removed_chunk_6,31,KR,4.81417042016983,96
sign_test_og_cel0.6__norm_spectral_radius,new_cel_removed_chunk_6,31,MC,5.417126355071862,96
sign_test_og_cel0.6__norm_spectral_radius,new_cel_removed_chunk_6,31,cosine_similarity,-0.09685547091066836,96
sign_test_og_cel0.6__norm_spectral_radius,new_cel_removed_chunk_6,31,kl_to_gaussian,1.1739685674746896,96
sign_test_og_cel0.6__norm_spectral_radius,new_cel_removed_chunk_6,31,wt_mean,-0.0003185058521921,96
sign_test_og_cel0.6__norm_spectral_radius,new_cel_removed_chunk_6,32,GR,14.430216563244661,96
sign_test_og_cel0.6__norm_spectral_radius,new_cel_removed_chunk_6,32,IPC,10.63928858071184,96
sign_test_og_cel0.6__norm_spectral_radius,new_cel_removed_chunk_6,32,KR,7.7799419810374575,96
sign_test_og_cel0.6__norm_spectral_radius,new_cel_removed_chunk_6,32,MC,6.255820713937283,96
sign_test_og_cel0.6__norm_spectral_radius,new_cel_removed_chunk_6,32,cosine_similarity,-0.11448693275451656,96
sign_test_og_cel0.6__norm_spectral_radius,new_cel_removed_chunk_6,32,kl_to_gaussian,1.1739684973717144,96
sign_test_og_cel0.6__norm_spectral_radius,new_cel_removed_chunk_6,32,wt_mean,-0.00057997114345195,96
sign_test_og_cel0.6__norm_spectral_radius,new_cel_removed_chunk_6,33,GR,14.497638235489527,96
sign_test_og_cel0.6__norm_spectral_radius,new_cel_removed_chunk_6,33,IPC,10.821202867531573,96
sign_test_og_cel0.6__norm_spectral_radius,new_cel_removed_chunk_6,33,KR,7.886550498505433,96
sign_test_og_cel0.6__norm_spectral_radius,new_cel_removed_chunk_6,33,MC,5.961767377952735,96
sign_test_og_cel0.6__norm_spectral_radius,new_cel_removed_chunk_6,33,cosine_similarity,-0.10484840162098406,96
sign_test_og_cel0.6__norm_spectral_radius,new_cel_removed_chunk_6,33,kl_to_gaussian,1.1739685539013676,96
sign_test_og_cel0.6__norm_spectral_radius,new_cel_removed_chunk_6,33,wt_mean,-0.000481538714666325,96
sign_test_og_cel0.6__norm_spectral_radius,new_cel_removed_chunk_6,34,GR,13.546582197149595,96
sign_test_og_cel0.6__norm_spectral_radius,new_cel_removed_chunk_6,34,IPC,10.028936204792336,96
sign_test_og_cel0.6__norm_spectral_radius,new_cel_removed_chunk_6,34,KR,7.177214520672957,96
sign_test_og_cel0.6__norm_spectral_radius,new_cel_removed_chunk_6,34,MC,5.853636898100376,96
sign_test_og_cel0.6__norm_spectral_radius,new_cel_removed_chunk_6,34,cosine_similarity,-0.10508348979055875,96
sign_test_og_cel0.6__norm_spectral_radius,new_cel_removed_chunk_6,34,kl_to_gaussian,1.1739685744490307,96
sign_test_og_cel0.6__norm_spectral_radius,new_cel_removed_chunk_6,34,wt_mean,-0.0004966466585755749,96
sign_test_og_cel0.6__norm_spectral_radius,new_cel_removed_chunk_7,35,GR,10.464498544732729,96
sign_test_og_cel0.6__norm_spectral_radius,new_cel_removed_chunk_7,35,IPC,9.225204112933689,96
sign_test_og_cel0.6__norm_spectral_radius,new_cel_removed_chunk_7,35,KR,5.846837110817432,96
sign_test_og_cel0.6__norm_spectral_radius,new_cel_removed_chunk_7,35,MC,5.578769976894061,96
sign_test_og_cel0.6__norm_spectral_radius,new_cel_removed_chunk_7,35,cosine_similarity,-0.1047308556735515,96
sign_test_og_cel0.6__norm_spectral_radius,new_cel_removed_chunk_7,35,kl_to_gaussian,1.1739684647510253,96
sign_test_og_cel0.6__norm_spectral_radius,new_cel_removed_chunk_7,35,wt_mean,-0.000401678560592625,96
sign_test_og_cel0.6__norm_spectral_radius,new_cel_removed_chunk_7,36,GR,11.389606575171152,96
sign_test_og_cel0.6__norm_spectral_radius,new_cel_removed_chunk_7,36,IPC,10.010570902809791,96
sign_test_og_cel0.6__norm_spectral_radius,new_cel_removed_chunk_7,36,KR,6.069697233537833,96
sign_test_og_cel0.6__norm_spectral_radius,new_cel_removed_chunk_7,36,MC,5.896032368143399,96
sign_test_og_cel0.6__norm_spectral_radius,new_cel_removed_chunk_7,36,cosine_similarity,-0.142579723149538,96
sign_test_og_cel0.6__norm_spectral_radius,new_cel_removed_chunk_7,36,kl_to_gaussian,1.1739685117467333,96
sign_test_og_cel0.6__norm_spectral_radius,new_cel_removed_chunk_7,36,wt_mean,-0.000632666640740325,96
sign_test_og_cel0.6__norm_spectral_radius,new_cel_removed_chunk_7,37,GR,14.720346423486868,96
sign_test_og_cel0.6__norm_spectral_radius,new_cel_removed_chunk_7,37,IPC,10.663614458336879,96
sign_test_og_cel0.6__norm_spectral_radius,new_cel_removed_chunk_7,37,KR,8.077726438641548,96
sign_test_og_cel0.6__norm_spectral_radius,new_cel_removed_chunk_7,37,MC,6.12202541778485,96
sign_test_og_cel0.6__norm_spectral_radius,new_cel_removed_chunk_7,37,cosine_similarity,-0.1289447210729122,96
sign_test_og_cel0.6__norm_spectral_radius,new_cel_removed_chunk_7,37,kl_to_gaussian,1.1739685569730502,96
sign_test_og_cel0.6__norm_spectral_radius,new_cel_removed_chunk_7,37,wt_mean,-0.000585816298553225,96
sign_test_og_cel0.6__norm_spectral_radius,new_cel_removed_chunk_7,38,GR,8.364794890085856,96
sign_test_og_cel0.6__norm_spectral_radius,new_cel_removed_chunk_7,38,IPC,9.410506718913723,96
sign_test_og_cel0.6__norm_spectral_radius,new_cel_removed_chunk_7,38,KR,4.894968776653211,96
sign_test_og_cel0.6__norm_spectral_radius,new_cel_removed_chunk_7,38,MC,5.585334457457066,96
sign_test_og_cel0.6__norm_spectral_radius,new_cel_removed_chunk_7,38,cosine_similarity,-0.13023769110441202,96
sign_test_og_cel0.6__norm_spectral_radius,new_cel_removed_chunk_7,38,kl_to_gaussian,1.173968478310728,96
sign_test_og_cel0.6__norm_spectral_radius,new_cel_removed_chunk_7,38,wt_mean,-0.0004784329430549,96
sign_test_og_cel0.6__norm_spectral_radius,new_cel_removed_chunk_7,39,GR,19.013077681263287,96
sign_test_og_cel0.6__norm_spectral_radius,new_cel_removed_chunk_7,39,IPC,10.838780131358748,96
sign_test_og_cel0.6__norm_spectral_radius,new_cel_removed_chunk_7,39,KR,10.032014382382235,96
sign_test_og_cel0.6__norm_spectral_radius,new_cel_removed_chunk_7,39,MC,6.43586931626002,96
sign_test_og_cel0.6__norm_spectral_radius,new_cel_removed_chunk_7,39,cosine_similarity,-0.1317657642066478,96
sign_test_og_cel0.6__norm_spectral_radius,new_cel_removed_chunk_7,39,kl_to_gaussian,1.1739686036188945,96
sign_test_og_cel0.6__norm_spectral_radius,new_cel_removed_chunk_7,39,wt_mean,-0.000790153819252675,96
sign_test_og_cel0.6__norm_spectral_radius,new_cel_removed_chunk_8,40,GR,10.806003806491693,96
sign_test_og_cel0.6__norm_spectral_radius,new_cel_removed_chunk_8,40,IPC,8.859533864514999,96
sign_test_og_cel0.6__norm_spectral_radius,new_cel_removed_chunk_8,40,KR,5.845062794784705,96
sign_test_og_cel0.6__norm_spectral_radius,new_cel_removed_chunk_8,40,MC,4.9143357040981455,96
sign_test_og_cel0.6__norm_spectral_radius,new_cel_removed_chunk_8,40,cosine_similarity,-0.12118688784539695,96
sign_test_og_cel0.6__norm_spectral_radius,new_cel_removed_chunk_8,40,kl_to_gaussian,1.1739685225810044,96
sign_test_og_cel0.6__norm_spectral_radius,new_cel_removed_chunk_8,40,wt_mean,-0.0004955919939675,96
sign_test_og_cel0.6__norm_spectral_radius,new_cel_removed_chunk_8,41,GR,11.681196798880896,96
sign_test_og_cel0.6__norm_spectral_radius,new_cel_removed_chunk_8,41,IPC,10.052601984068547,96
sign_test_og_cel0.6__norm_spectral_radius,new_cel_removed_chunk_8,41,KR,6.447358754773934,96
sign_test_og_cel0.6__norm_spectral_radius,new_cel_removed_chunk_8,41,MC,5.830841934929292,96
sign_test_og_cel0.6__norm_spectral_radius,new_cel_removed_chunk_8,41,cosine_similarity,-0.15656733512878415,96
sign_test_og_cel0.6__norm_spectral_radius,new_cel_removed_chunk_8,41,kl_to_gaussian,1.1739686244492764,96
sign_test_og_cel0.6__norm_spectral_radius,new_cel_removed_chunk_8,41,wt_mean,-0.0006358954633469001,96
sign_test_og_cel0.6__norm_spectral_radius,new_cel_removed_chunk_8,42,GR,10.072893984615803,96
sign_test_og_cel0.6__norm_spectral_radius,new_cel_removed_chunk_8,42,IPC,9.579852155191046,96
sign_test_og_cel0.6__norm_spectral_radius,new_cel_removed_chunk_8,42,KR,5.7831840962171555,96
sign_test_og_cel0.6__norm_spectral_radius,new_cel_removed_chunk_8,42,MC,5.789612844586372,96
sign_test_og_cel0.6__norm_spectral_radius,new_cel_removed_chunk_8,42,cosine_similarity,-0.13564467802643768,96
sign_test_og_cel0.6__norm_spectral_radius,new_cel_removed_chunk_8,42,kl_to_gaussian,1.1739684475847396,96
sign_test_og_cel0.6__norm_spectral_radius,new_cel_removed_chunk_8,42,wt_mean,-0.000494877414894225,96
sign_test_og_cel0.6__norm_spectral_radius,new_cel_removed_chunk_8,43,GR,12.726474449038506,96
sign_test_og_cel0.6__norm_spectral_radius,new_cel_removed_chunk_8,43,IPC,9.96540192870681,96
sign_test_og_cel0.6__norm_spectral_radius,new_cel_removed_chunk_8,43,KR,6.848257119456927,96
sign_test_og_cel0.6__norm_spectral_radius,new_cel_removed_chunk_8,43,MC,5.7861254910628,96
sign_test_og_cel0.6__norm_spectral_radius,new_cel_removed_chunk_8,43,cosine_similarity,-0.16256203874945638,96
sign_test_og_cel0.6__norm_spectral_radius,new_cel_removed_chunk_8,43,kl_to_gaussian,1.1739685121165842,96
sign_test_og_cel0.6__norm_spectral_radius,new_cel_removed_chunk_8,43,wt_mean,-0.0007780234445817,96
sign_test_og_cel0.6__norm_spectral_radius,new_cel_removed_chunk_8,44,GR,15.46049740165472,96
sign_test_og_cel0.6__norm_spectral_radius,new_cel_removed_chunk_8,44,IPC,10.858769002251803,96
sign_test_og_cel0.6__norm_spectral_radius,new_cel_removed_chunk_8,44,KR,8.181477474669615,96
sign_test_og_cel0.6__norm_spectral_radius,new_cel_removed_chunk_8,44,MC,6.366692945361137,96
sign_test_og_cel0.6__norm_spectral_radius,new_cel_removed_chunk_8,44,cosine_similarity,-0.12342020682990545,96
sign_test_og_cel0.6__norm_spectral_radius,new_cel_removed_chunk_8,44,kl_to_gaussian,1.1739684579481278,96
sign_test_og_cel0.6__norm_spectral_radius,new_cel_removed_chunk_8,44,wt_mean,-0.00063533828506475,96
sign_test_og_cel0.6__norm_spectral_radius,new_cel_removed_chunk_9,45,GR,19.308300361037254,96
sign_test_og_cel0.6__norm_spectral_radius,new_cel_removed_chunk_9,45,IPC,11.045696755726519,96
sign_test_og_cel0.6__norm_spectral_radius,new_cel_removed_chunk_9,45,KR,10.342166677117348,96
sign_test_og_cel0.6__norm_spectral_radius,new_cel_removed_chunk_9,45,MC,6.337023325264454,96
sign_test_og_cel0.6__norm_spectral_radius,new_cel_removed_chunk_9,45,cosine_similarity,-0.12271494232118126,96
sign_test_og_cel0.6__norm_spectral_radius,new_cel_removed_chunk_9,45,kl_to_gaussian,1.17396845149961,96
sign_test_og_cel0.6__norm_spectral_radius,new_cel_removed_chunk_9,45,wt_mean,-0.00072221570007965,96
sign_test_og_cel0.6__norm_spectral_radius,new_cel_removed_chunk_9,46,GR,15.324883667131266,96
sign_test_og_cel0.6__norm_spectral_radius,new_cel_removed_chunk_9,46,IPC,9.909259447974238,96
sign_test_og_cel0.6__norm_spectral_radius,new_cel_removed_chunk_9,46,KR,8.227973269919554,96
sign_test_og_cel0.6__norm_spectral_radius,new_cel_removed_chunk_9,46,MC,5.958940813938777,96
sign_test_og_cel0.6__norm_spectral_radius,new_cel_removed_chunk_9,46,cosine_similarity,-0.1376429088413715,96
sign_test_og_cel0.6__norm_spectral_radius,new_cel_removed_chunk_9,46,kl_to_gaussian,1.1739685246604814,96
sign_test_og_cel0.6__norm_spectral_radius,new_cel_removed_chunk_9,46,wt_mean,-0.0006784078650525251,96
sign_test_og_cel0.6__norm_spectral_radius,new_cel_removed_chunk_9,47,GR,12.46346681813399,96
sign_test_og_cel0.6__norm_spectral_radius,new_cel_removed_chunk_9,47,IPC,9.668438589184413,96
sign_test_og_cel0.6__norm_spectral_radius,new_cel_removed_chunk_9,47,KR,6.990698531270027,96
sign_test_og_cel0.6__norm_spectral_radius,new_cel_removed_chunk_9,47,MC,5.767722549537818,96
sign_test_og_cel0.6__norm_spectral_radius,new_cel_removed_chunk_9,47,cosine_similarity,-0.12048162147402759,96
sign_test_og_cel0.6__norm_spectral_radius,new_cel_removed_chunk_9,47,kl_to_gaussian,1.1739684964472195,96
sign_test_og_cel0.6__norm_spectral_radius,new_cel_removed_chunk_9,47,wt_mean,-0.000489256402943225,96
sign_test_og_cel0.6__norm_spectral_radius,new_cel_removed_chunk_9,48,GR,16.020368700226147,96
sign_test_og_cel0.6__norm_spectral_radius,new_cel_removed_chunk_9,48,IPC,11.83517224920049,96
sign_test_og_cel0.6__norm_spectral_radius,new_cel_removed_chunk_9,48,KR,8.724913892646631,96
sign_test_og_cel0.6__norm_spectral_radius,new_cel_removed_chunk_9,48,MC,6.689442743857701,96
sign_test_og_cel0.6__norm_spectral_radius,new_cel_removed_chunk_9,48,cosine_similarity,-0.10966766811907286,96
sign_test_og_cel0.6__norm_spectral_radius,new_cel_removed_chunk_9,48,kl_to_gaussian,1.1739685002200604,96
sign_test_og_cel0.6__norm_spectral_radius,new_cel_removed_chunk_9,48,wt_mean,-0.0005969632184132251,96
sign_test_og_cel0.6__norm_spectral_radius,new_cel_removed_chunk_9,49,GR,8.793267155687014,96
sign_test_og_cel0.6__norm_spectral_radius,new_cel_removed_chunk_9,49,IPC,9.454984744850806,96
sign_test_og_cel0.6__norm_spectral_radius,new_cel_removed_chunk_9,49,KR,4.918451435863972,96
sign_test_og_cel0.6__norm_spectral_radius,new_cel_removed_chunk_9,49,MC,4.975253353516261,96
sign_test_og_cel0.6__norm_spectral_radius,new_cel_removed_chunk_9,49,cosine_similarity,-0.10884486511349671,96
sign_test_og_cel0.6__norm_spectral_radius,new_cel_removed_chunk_9,49,kl_to_gaussian,1.1739685401861286,96
sign_test_og_cel0.6__norm_spectral_radius,new_cel_removed_chunk_9,49,wt_mean,-0.00040215408080252504,96
sign_test_og_cel0.8__norm_original_radius,new_cel_removed_chunk_0,0,GR,5.476797105123599,96
sign_test_og_cel0.8__norm_original_radius,new_cel_removed_chunk_0,0,IPC,8.384752651975221,96
sign_test_og_cel0.8__norm_original_radius,new_cel_removed_chunk_0,0,KR,3.3469532591601214,96
sign_test_og_cel0.8__norm_original_radius,new_cel_removed_chunk_0,0,MC,4.9025574922561646,96
sign_test_og_cel0.8__norm_original_radius,new_cel_removed_chunk_0,0,cosine_similarity,-0.3699079677462578,96
sign_test_og_cel0.8__norm_original_radius,new_cel_removed_chunk_0,0,kl_to_gaussian,1.1739684703756503,96
sign_test_og_cel0.8__norm_original_radius,new_cel_removed_chunk_0,0,wt_mean,-0.00089682254474605,96
sign_test_og_cel0.8__norm_original_radius,new_cel_removed_chunk_0,1,GR,5.949442945420742,96
sign_test_og_cel0.8__norm_original_radius,new_cel_removed_chunk_0,1,IPC,8.216594587493185,96
sign_test_og_cel0.8__norm_original_radius,new_cel_removed_chunk_0,1,KR,3.5894976630806923,96
sign_test_og_cel0.8__norm_original_radius,new_cel_removed_chunk_0,1,MC,4.464665984734893,96
sign_test_og_cel0.8__norm_original_radius,new_cel_removed_chunk_0,1,cosine_similarity,-0.4079919308423996,96
sign_test_og_cel0.8__norm_original_radius,new_cel_removed_chunk_0,1,kl_to_gaussian,1.1739684703756503,96
sign_test_og_cel0.8__norm_original_radius,new_cel_removed_chunk_0,1,wt_mean,-0.000989155101706225,96
sign_test_og_cel0.8__norm_original_radius,new_cel_removed_chunk_0,2,GR,5.613792994370063,96
sign_test_og_cel0.8__norm_original_radius,new_cel_removed_chunk_0,2,IPC,8.230923263308002,96
sign_test_og_cel0.8__norm_original_radius,new_cel_removed_chunk_0,2,KR,3.318401443461577,96
sign_test_og_cel0.8__norm_original_radius,new_cel_removed_chunk_0,2,MC,4.700679371754329,96
sign_test_og_cel0.8__norm_original_radius,new_cel_removed_chunk_0,2,cosine_similarity,-0.3720237612724304,96
sign_test_og_cel0.8__norm_original_radius,new_cel_removed_chunk_0,2,kl_to_gaussian,1.1739684703756503,96
sign_test_og_cel0.8__norm_original_radius,new_cel_removed_chunk_0,2,wt_mean,-0.000901952109415975,96
sign_test_og_cel0.8__norm_original_radius,new_cel_removed_chunk_0,3,GR,6.544613999625047,96
sign_test_og_cel0.8__norm_original_radius,new_cel_removed_chunk_0,3,IPC,7.994917578018715,96
sign_test_og_cel0.8__norm_original_radius,new_cel_removed_chunk_0,3,KR,3.7949270283182464,96
sign_test_og_cel0.8__norm_original_radius,new_cel_removed_chunk_0,3,MC,4.580838695168495,96
sign_test_og_cel0.8__norm_original_radius,new_cel_removed_chunk_0,3,cosine_similarity,-0.3821324557065964,96
sign_test_og_cel0.8__norm_original_radius,new_cel_removed_chunk_0,3,kl_to_gaussian,1.1739684703756503,96
sign_test_og_cel0.8__norm_original_radius,new_cel_removed_chunk_0,3,wt_mean,-0.000926460168557225,96
sign_test_og_cel0.8__norm_original_radius,new_cel_removed_chunk_0,4,GR,5.208522294958432,96
sign_test_og_cel0.8__norm_original_radius,new_cel_removed_chunk_0,4,IPC,7.467590845156296,96
sign_test_og_cel0.8__norm_original_radius,new_cel_removed_chunk_0,4,KR,3.075063111881415,96
sign_test_og_cel0.8__norm_original_radius,new_cel_removed_chunk_0,4,MC,4.121440439174573,96
sign_test_og_cel0.8__norm_original_radius,new_cel_removed_chunk_0,4,cosine_similarity,-0.38342543691396713,96
sign_test_og_cel0.8__norm_original_radius,new_cel_removed_chunk_0,4,kl_to_gaussian,1.1739684703756503,96
sign_test_og_cel0.8__norm_original_radius,new_cel_removed_chunk_0,4,wt_mean,-0.000929594913031875,96
sign_test_og_cel0.8__norm_original_radius,new_cel_removed_chunk_1,5,GR,5.583081152290106,96
sign_test_og_cel0.8__norm_original_radius,new_cel_removed_chunk_1,5,IPC,8.949288062591323,96
sign_test_og_cel0.8__norm_original_radius,new_cel_removed_chunk_1,5,KR,3.4963361670573554,96
sign_test_og_cel0.8__norm_original_radius,new_cel_removed_chunk_1,5,MC,5.331009147067864,96
sign_test_og_cel0.8__norm_original_radius,new_cel_removed_chunk_1,5,cosine_similarity,-0.3794289603829384,96
sign_test_og_cel0.8__norm_original_radius,new_cel_removed_chunk_1,5,kl_to_gaussian,1.1739684703756503,96
sign_test_og_cel0.8__norm_original_radius,new_cel_removed_chunk_1,5,wt_mean,-0.0009199056657962001,96
sign_test_og_cel0.8__norm_original_radius,new_cel_removed_chunk_1,6,GR,5.7014618664979935,96
sign_test_og_cel0.8__norm_original_radius,new_cel_removed_chunk_1,6,IPC,8.171485394701952,96
sign_test_og_cel0.8__norm_original_radius,new_cel_removed_chunk_1,6,KR,3.476071917762359,96
sign_test_og_cel0.8__norm_original_radius,new_cel_removed_chunk_1,6,MC,4.61239875977238,96
sign_test_og_cel0.8__norm_original_radius,new_cel_removed_chunk_1,6,cosine_similarity,-0.3666167706251144,96
sign_test_og_cel0.8__norm_original_radius,new_cel_removed_chunk_1,6,kl_to_gaussian,1.1739684703756503,96
sign_test_og_cel0.8__norm_original_radius,new_cel_removed_chunk_1,6,wt_mean,-0.000888843205757375,96
sign_test_og_cel0.8__norm_original_radius,new_cel_removed_chunk_1,7,GR,5.556853956232469,96
sign_test_og_cel0.8__norm_original_radius,new_cel_removed_chunk_1,7,IPC,8.148614982455177,96
sign_test_og_cel0.8__norm_original_radius,new_cel_removed_chunk_1,7,KR,3.2673716160158315,96
sign_test_og_cel0.8__norm_original_radius,new_cel_removed_chunk_1,7,MC,4.564302938679854,96
sign_test_og_cel0.8__norm_original_radius,new_cel_removed_chunk_1,7,cosine_similarity,-0.4179830849170685,96
sign_test_og_cel0.8__norm_original_radius,new_cel_removed_chunk_1,7,kl_to_gaussian,1.1739684703756503,96
sign_test_og_cel0.8__norm_original_radius,new_cel_removed_chunk_1,7,wt_mean,-0.00101337810338005,96
sign_test_og_cel0.8__norm_original_radius,new_cel_removed_chunk_1,8,GR,5.695225469768047,96
sign_test_og_cel0.8__norm_original_radius,new_cel_removed_chunk_1,8,IPC,8.109698256995504,96
sign_test_og_cel0.8__norm_original_radius,new_cel_removed_chunk_1,8,KR,3.3856719533602395,96
sign_test_og_cel0.8__norm_original_radius,new_cel_removed_chunk_1,8,MC,4.435632950315873,96
sign_test_og_cel0.8__norm_original_radius,new_cel_removed_chunk_1,8,cosine_similarity,-0.3983533978462219,96
sign_test_og_cel0.8__norm_original_radius,new_cel_removed_chunk_1,8,kl_to_gaussian,1.1739684703756503,96
sign_test_og_cel0.8__norm_original_radius,new_cel_removed_chunk_1,8,wt_mean,-0.000965786995948225,96
sign_test_og_cel0.8__norm_original_radius,new_cel_removed_chunk_1,9,GR,6.032278324166934,96
sign_test_og_cel0.8__norm_original_radius,new_cel_removed_chunk_1,9,IPC,8.25916673918761,96
sign_test_og_cel0.8__norm_original_radius,new_cel_removed_chunk_1,9,KR,3.6562847569584846,96
sign_test_og_cel0.8__norm_original_radius,new_cel_removed_chunk_1,9,MC,4.615606307983398,96
sign_test_og_cel0.8__norm_original_radius,new_cel_removed_chunk_1,9,cosine_similarity,-0.36790973693132395,96
sign_test_og_cel0.8__norm_original_radius,new_cel_removed_chunk_1,9,kl_to_gaussian,1.1739684703756503,96
sign_test_og_cel0.8__norm_original_radius,new_cel_removed_chunk_1,9,wt_mean,-0.0008919779647839501,96
sign_test_og_cel0.8__norm_original_radius,new_cel_removed_chunk_10,50,GR,5.713346025596063,96
sign_test_og_cel0.8__norm_original_radius,new_cel_removed_chunk_10,50,IPC,8.52840659767898,96
sign_test_og_cel0.8__norm_original_radius,new_cel_removed_chunk_10,50,KR,3.64814867451787,96
sign_test_og_cel0.8__norm_original_radius,new_cel_removed_chunk_10,50,MC,4.907809139539798,96
sign_test_og_cel0.8__norm_original_radius,new_cel_removed_chunk_10,50,cosine_similarity,-0.3885973021388054,96
sign_test_og_cel0.8__norm_original_radius,new_cel_removed_chunk_10,50,kl_to_gaussian,1.1739684703756503,96
sign_test_og_cel0.8__norm_original_radius,new_cel_removed_chunk_10,50,wt_mean,-0.000942133905482425,96
sign_test_og_cel0.8__norm_original_radius,new_cel_removed_chunk_10,51,GR,5.7907563125093775,96
sign_test_og_cel0.8__norm_original_radius,new_cel_removed_chunk_10,51,IPC,8.109060536723154,96
sign_test_og_cel0.8__norm_original_radius,new_cel_removed_chunk_10,51,KR,3.5186800261338553,96
sign_test_og_cel0.8__norm_original_radius,new_cel_removed_chunk_10,51,MC,4.495597710212071,96
sign_test_og_cel0.8__norm_original_radius,new_cel_removed_chunk_10,51,cosine_similarity,-0.37378691136837006,96
sign_test_og_cel0.8__norm_original_radius,new_cel_removed_chunk_10,51,kl_to_gaussian,1.1739684703756503,96
sign_test_og_cel0.8__norm_original_radius,new_cel_removed_chunk_10,51,wt_mean,-0.00090622679272195,96
sign_test_og_cel0.8__norm_original_radius,new_cel_removed_chunk_10,52,GR,5.436166789382696,96
sign_test_og_cel0.8__norm_original_radius,new_cel_removed_chunk_10,52,IPC,7.804133508768602,96
sign_test_og_cel0.8__norm_original_radius,new_cel_removed_chunk_10,52,KR,3.3458014453450837,96
sign_test_og_cel0.8__norm_original_radius,new_cel_removed_chunk_10,52,MC,4.419152329365413,96
sign_test_og_cel0.8__norm_original_radius,new_cel_removed_chunk_10,52,cosine_similarity,-0.3802517503499985,96
sign_test_og_cel0.8__norm_original_radius,new_cel_removed_chunk_10,52,kl_to_gaussian,1.1739684703756503,96
sign_test_og_cel0.8__norm_original_radius,new_cel_removed_chunk_10,52,wt_mean,-0.000921900529647175,96
sign_test_og_cel0.8__norm_original_radius,new_cel_removed_chunk_10,53,GR,5.057961345960696,96
sign_test_og_cel0.8__norm_original_radius,new_cel_removed_chunk_10,53,IPC,8.040421151365571,96
sign_test_og_cel0.8__norm_original_radius,new_cel_removed_chunk_10,53,KR,3.066294682522615,96
sign_test_og_cel0.8__norm_original_radius,new_cel_removed_chunk_10,53,MC,4.601883093516032,96
sign_test_og_cel0.8__norm_original_radius,new_cel_removed_chunk_10,53,cosine_similarity,-0.40234987437725067,96
sign_test_og_cel0.8__norm_original_radius,new_cel_removed_chunk_10,53,kl_to_gaussian,1.1739684703756503,96
sign_test_og_cel0.8__norm_original_radius,new_cel_removed_chunk_10,53,wt_mean,-0.000975476170424325,96
sign_test_og_cel0.8__norm_original_radius,new_cel_removed_chunk_10,54,GR,5.306758413712184,96
sign_test_og_cel0.8__norm_original_radius,new_cel_removed_chunk_10,54,IPC,7.819458054583399,96
sign_test_og_cel0.8__norm_original_radius,new_cel_removed_chunk_10,54,KR,3.2628724674383798,96
sign_test_og_cel0.8__norm_original_radius,new_cel_removed_chunk_10,54,MC,4.540261052548885,96
sign_test_og_cel0.8__norm_original_radius,new_cel_removed_chunk_10,54,cosine_similarity,-0.3679097443819046,96
sign_test_og_cel0.8__norm_original_radius,new_cel_removed_chunk_10,54,kl_to_gaussian,1.1739684703756503,96
sign_test_og_cel0.8__norm_original_radius,new_cel_removed_chunk_10,54,wt_mean,-0.000891977935680125,96
sign_test_og_cel0.8__norm_original_radius,new_cel_removed_chunk_11,55,GR,5.682315057764451,96
sign_test_og_cel0.8__norm_original_radius,new_cel_removed_chunk_11,55,IPC,8.637041907568667,96
sign_test_og_cel0.8__norm_original_radius,new_cel_removed_chunk_11,55,KR,3.4451441963513694,96
sign_test_og_cel0.8__norm_original_radius,new_cel_removed_chunk_11,55,MC,4.921878982335329,96
sign_test_og_cel0.8__norm_original_radius,new_cel_removed_chunk_11,55,cosine_similarity,-0.3877745121717453,96
sign_test_og_cel0.8__norm_original_radius,new_cel_removed_chunk_11,55,kl_to_gaussian,1.1739684703756503,96
sign_test_og_cel0.8__norm_original_radius,new_cel_removed_chunk_11,55,wt_mean,-0.0009401390707352501,96
sign_test_og_cel0.8__norm_original_radius,new_cel_removed_chunk_11,56,GR,5.277992960065603,96
sign_test_og_cel0.8__norm_original_radius,new_cel_removed_chunk_11,56,IPC,8.504695108293676,96
sign_test_og_cel0.8__norm_original_radius,new_cel_removed_chunk_11,56,KR,3.21214942013224,96
sign_test_og_cel0.8__norm_original_radius,new_cel_removed_chunk_11,56,MC,4.477521988252799,96
sign_test_og_cel0.8__norm_original_radius,new_cel_removed_chunk_11,56,cosine_similarity,-0.3918885365128517,96
sign_test_og_cel0.8__norm_original_radius,new_cel_removed_chunk_11,56,kl_to_gaussian,1.1739684703756503,96
sign_test_og_cel0.8__norm_original_radius,new_cel_removed_chunk_11,56,wt_mean,-0.000950113259023,96
sign_test_og_cel0.8__norm_original_radius,new_cel_removed_chunk_11,57,GR,5.538655104736487,96
sign_test_og_cel0.8__norm_original_radius,new_cel_removed_chunk_11,57,IPC,8.46121175031139,96
sign_test_og_cel0.8__norm_original_radius,new_cel_removed_chunk_11,57,KR,3.3290878869593143,96
sign_test_og_cel0.8__norm_original_radius,new_cel_removed_chunk_11,57,MC,4.834756705909967,96
sign_test_og_cel0.8__norm_original_radius,new_cel_removed_chunk_11,57,cosine_similarity,-0.38601136952638626,96
sign_test_og_cel0.8__norm_original_radius,new_cel_removed_chunk_11,57,kl_to_gaussian,1.1739684703756503,96
sign_test_og_cel0.8__norm_original_radius,new_cel_removed_chunk_11,57,wt_mean,-0.0009358644310850499,96
sign_test_og_cel0.8__norm_original_radius,new_cel_removed_chunk_11,58,GR,6.921867864827315,96
sign_test_og_cel0.8__norm_original_radius,new_cel_removed_chunk_11,58,IPC,8.142299222060172,96
sign_test_og_cel0.8__norm_original_radius,new_cel_removed_chunk_11,58,KR,4.011525838325421,96
sign_test_og_cel0.8__norm_original_radius,new_cel_removed_chunk_11,58,MC,4.46111237257719,96
sign_test_og_cel0.8__norm_original_radius,new_cel_removed_chunk_11,58,cosine_similarity,-0.39141833782196045,96
sign_test_og_cel0.8__norm_original_radius,new_cel_removed_chunk_11,58,kl_to_gaussian,1.1739684703756503,96
sign_test_og_cel0.8__norm_original_radius,new_cel_removed_chunk_11,58,wt_mean,-0.000948973320191675,96
sign_test_og_cel0.8__norm_original_radius,new_cel_removed_chunk_11,59,GR,5.617800499002139,96
sign_test_og_cel0.8__norm_original_radius,new_cel_removed_chunk_11,59,IPC,8.234553172040979,96
sign_test_og_cel0.8__norm_original_radius,new_cel_removed_chunk_11,59,KR,3.4370777010917664,96
sign_test_og_cel0.8__norm_original_radius,new_cel_removed_chunk_11,59,MC,4.46371632317702,96
sign_test_og_cel0.8__norm_original_radius,new_cel_removed_chunk_11,59,cosine_similarity,-0.3804868385195732,96
sign_test_og_cel0.8__norm_original_radius,new_cel_removed_chunk_11,59,kl_to_gaussian,1.1739684703756503,96
sign_test_og_cel0.8__norm_original_radius,new_cel_removed_chunk_11,59,wt_mean,-0.0009224704263033,96
sign_test_og_cel0.8__norm_original_radius,new_cel_removed_chunk_12,60,GR,5.65861742819349,96
sign_test_og_cel0.8__norm_original_radius,new_cel_removed_chunk_12,60,IPC,8.106135968585528,96
sign_test_og_cel0.8__norm_original_radius,new_cel_removed_chunk_12,60,KR,3.4923768440882363,96
sign_test_og_cel0.8__norm_original_radius,new_cel_removed_chunk_12,60,MC,4.417946968227625,96
sign_test_og_cel0.8__norm_original_radius,new_cel_removed_chunk_12,60,cosine_similarity,-0.4135164469480514,96
sign_test_og_cel0.8__norm_original_radius,new_cel_removed_chunk_12,60,kl_to_gaussian,1.1739684703756503,96
sign_test_og_cel0.8__norm_original_radius,new_cel_removed_chunk_12,60,wt_mean,-0.001002549019176475,96
sign_test_og_cel0.8__norm_original_radius,new_cel_removed_chunk_12,61,GR,5.928785754988591,96
sign_test_og_cel0.8__norm_original_radius,new_cel_removed_chunk_12,61,IPC,8.799969826033564,96
sign_test_og_cel0.8__norm_original_radius,new_cel_removed_chunk_12,61,KR,3.5044378601014614,96
sign_test_og_cel0.8__norm_original_radius,new_cel_removed_chunk_12,61,MC,4.68863745033741,96
sign_test_og_cel0.8__norm_original_radius,new_cel_removed_chunk_12,61,cosine_similarity,-0.3606220856308937,96
sign_test_og_cel0.8__norm_original_radius,new_cel_removed_chunk_12,61,kl_to_gaussian,1.1739684703756503,96
sign_test_og_cel0.8__norm_original_radius,new_cel_removed_chunk_12,61,wt_mean,-0.0008743093931115751,96
sign_test_og_cel0.8__norm_original_radius,new_cel_removed_chunk_12,62,GR,5.463504978766044,96
sign_test_og_cel0.8__norm_original_radius,new_cel_removed_chunk_12,62,IPC,8.187068507084923,96
sign_test_og_cel0.8__norm_original_radius,new_cel_removed_chunk_12,62,KR,3.3065793737769127,96
sign_test_og_cel0.8__norm_original_radius,new_cel_removed_chunk_12,62,MC,4.532799186805884,96
sign_test_og_cel0.8__norm_original_radius,new_cel_removed_chunk_12,62,cosine_similarity,-0.3874218985438347,96
sign_test_og_cel0.8__norm_original_radius,new_cel_removed_chunk_12,62,kl_to_gaussian,1.1739684703756503,96
sign_test_og_cel0.8__norm_original_radius,new_cel_removed_chunk_12,62,wt_mean,-0.0009392841166117751,96
sign_test_og_cel0.8__norm_original_radius,new_cel_removed_chunk_12,63,GR,5.786588463932276,96
sign_test_og_cel0.8__norm_original_radius,new_cel_removed_chunk_12,63,IPC,8.414737121317424,96
sign_test_og_cel0.8__norm_original_radius,new_cel_removed_chunk_12,63,KR,3.500850929568211,96
sign_test_og_cel0.8__norm_original_radius,new_cel_removed_chunk_12,63,MC,4.7769143643478555,96
sign_test_og_cel0.8__norm_original_radius,new_cel_removed_chunk_12,63,cosine_similarity,-0.38107457011938095,96
sign_test_og_cel0.8__norm_original_radius,new_cel_removed_chunk_12,63,kl_to_gaussian,1.1739684703756503,96
sign_test_og_cel0.8__norm_original_radius,new_cel_removed_chunk_12,63,wt_mean,-0.0009238953498424499,96
sign_test_og_cel0.8__norm_original_radius,new_cel_removed_chunk_12,64,GR,5.939263705164194,96
sign_test_og_cel0.8__norm_original_radius,new_cel_removed_chunk_12,64,IPC,8.08663504131615,96
sign_test_og_cel0.8__norm_original_radius,new_cel_removed_chunk_12,64,KR,3.6173585516711078,96
sign_test_og_cel0.8__norm_original_radius,new_cel_removed_chunk_12,64,MC,4.498743535329898,96
sign_test_og_cel0.8__norm_original_radius,new_cel_removed_chunk_12,64,cosine_similarity,-0.3610922545194626,96
sign_test_og_cel0.8__norm_original_radius,new_cel_removed_chunk_12,64,kl_to_gaussian,1.1739684703756503,96
sign_test_og_cel0.8__norm_original_radius,new_cel_removed_chunk_12,64,wt_mean,-0.00087544927373525,96
sign_test_og_cel0.8__norm_original_radius,new_cel_removed_chunk_13,65,GR,5.643605776131153,96
sign_test_og_cel0.8__norm_original_radius,new_cel_removed_chunk_13,65,IPC,8.450890335663432,96
sign_test_og_cel0.8__norm_original_radius,new_cel_removed_chunk_13,65,KR,3.3769566230475903,96
sign_test_og_cel0.8__norm_original_radius,new_cel_removed_chunk_13,65,MC,4.724499921003978,96
sign_test_og_cel0.8__norm_original_radius,new_cel_removed_chunk_13,65,cosine_similarity,-0.3635606542229652,96
sign_test_og_cel0.8__norm_original_radius,new_cel_removed_chunk_13,65,kl_to_gaussian,1.1739684703756503,96
sign_test_og_cel0.8__norm_original_radius,new_cel_removed_chunk_13,65,wt_mean,-0.000881433763424825,96
sign_test_og_cel0.8__norm_original_radius,new_cel_removed_chunk_13,66,GR,5.061705874900023,96
sign_test_og_cel0.8__norm_original_radius,new_cel_removed_chunk_13,66,IPC,8.180406206177336,96
sign_test_og_cel0.8__norm_original_radius,new_cel_removed_chunk_13,66,KR,3.0704303992291293,96
sign_test_og_cel0.8__norm_original_radius,new_cel_removed_chunk_13,66,MC,4.244866086790959,96
sign_test_og_cel0.8__norm_original_radius,new_cel_removed_chunk_13,66,cosine_similarity,-0.35968172550201416,96
sign_test_og_cel0.8__norm_original_radius,new_cel_removed_chunk_13,66,kl_to_gaussian,1.1739684703756503,96
sign_test_og_cel0.8__norm_original_radius,new_cel_removed_chunk_13,66,wt_mean,-0.0008720295445527249,96
sign_test_og_cel0.8__norm_original_radius,new_cel_removed_chunk_13,67,GR,5.883793439716101,96
sign_test_og_cel0.8__norm_original_radius,new_cel_removed_chunk_13,67,IPC,7.639062777152968,96
sign_test_og_cel0.8__norm_original_radius,new_cel_removed_chunk_13,67,KR,3.5688033774495125,96
sign_test_og_cel0.8__norm_original_radius,new_cel_removed_chunk_13,67,MC,4.5244032591581345,96
sign_test_og_cel0.8__norm_original_radius,new_cel_removed_chunk_13,67,cosine_similarity,-0.37907634675502777,96
sign_test_og_cel0.8__norm_original_radius,new_cel_removed_chunk_13,67,kl_to_gaussian,1.1739684703756503,96
sign_test_og_cel0.8__norm_original_radius,new_cel_removed_chunk_13,67,wt_mean,-0.0009190507844323001,96
sign_test_og_cel0.8__norm_original_radius,new_cel_removed_chunk_13,68,GR,6.704875304053227,96
sign_test_og_cel0.8__norm_original_radius,new_cel_removed_chunk_13,68,IPC,7.948301367486973,96
sign_test_og_cel0.8__norm_original_radius,new_cel_removed_chunk_13,68,KR,3.938017933319012,96
sign_test_og_cel0.8__norm_original_radius,new_cel_removed_chunk_13,68,MC,4.79114240159591,96
sign_test_og_cel0.8__norm_original_radius,new_cel_removed_chunk_13,68,cosine_similarity,-0.36932025849819183,96
sign_test_og_cel0.8__norm_original_radius,new_cel_removed_chunk_13,68,kl_to_gaussian,1.1739684703756503,96
sign_test_og_cel0.8__norm_original_radius,new_cel_removed_chunk_13,68,wt_mean,-0.0008953976794145499,96
sign_test_og_cel0.8__norm_original_radius,new_cel_removed_chunk_13,69,GR,6.003555326412122,96
sign_test_og_cel0.8__norm_original_radius,new_cel_removed_chunk_13,69,IPC,7.8938130211106134,96
sign_test_og_cel0.8__norm_original_radius,new_cel_removed_chunk_13,69,KR,3.458335238198439,96
sign_test_og_cel0.8__norm_original_radius,new_cel_removed_chunk_13,69,MC,4.313198200116555,96
sign_test_og_cel0.8__norm_original_radius,new_cel_removed_chunk_13,69,cosine_similarity,-0.3729640990495682,96
sign_test_og_cel0.8__norm_original_radius,new_cel_removed_chunk_13,69,kl_to_gaussian,1.1739684703756503,96
sign_test_og_cel0.8__norm_original_radius,new_cel_removed_chunk_13,69,wt_mean,-0.0009042319725267,96
sign_test_og_cel0.8__norm_original_radius,new_cel_removed_chunk_14,70,GR,5.5203363845745725,96
sign_test_og_cel0.8__norm_original_radius,new_cel_removed_chunk_14,70,IPC,7.807716774118124,96
sign_test_og_cel0.8__norm_original_radius,new_cel_removed_chunk_14,70,KR,3.3818544236322245,96
sign_test_og_cel0.8__norm_original_radius,new_cel_removed_chunk_14,70,MC,4.738778909047444,96
sign_test_og_cel0.8__norm_original_radius,new_cel_removed_chunk_14,70,cosine_similarity,-0.3943569138646126,96
sign_test_og_cel0.8__norm_original_radius,new_cel_removed_chunk_14,70,kl_to_gaussian,1.1739684703756503,96
sign_test_og_cel0.8__norm_original_radius,new_cel_removed_chunk_14,70,wt_mean,-0.000956097734160675,96
sign_test_og_cel0.8__norm_original_radius,new_cel_removed_chunk_14,71,GR,5.2549701643486815,96
sign_test_og_cel0.8__norm_original_radius,new_cel_removed_chunk_14,71,IPC,8.202688594634777,96
sign_test_og_cel0.8__norm_original_radius,new_cel_removed_chunk_14,71,KR,3.240727131565412,96
sign_test_og_cel0.8__norm_original_radius,new_cel_removed_chunk_14,71,MC,4.548514788349469,96
sign_test_og_cel0.8__norm_original_radius,new_cel_removed_chunk_14,71,cosine_similarity,-0.3956498950719833,96
sign_test_og_cel0.8__norm_original_radius,new_cel_removed_chunk_14,71,kl_to_gaussian,1.1739684703756503,96
sign_test_og_cel0.8__norm_original_radius,new_cel_removed_chunk_14,71,wt_mean,-0.000959232478635325,96
sign_test_og_cel0.8__norm_original_radius,new_cel_removed_chunk_14,72,GR,5.149614342798789,96
sign_test_og_cel0.8__norm_original_radius,new_cel_removed_chunk_14,72,IPC,8.969218696276437,96
sign_test_og_cel0.8__norm_original_radius,new_cel_removed_chunk_14,72,KR,3.260332863777876,96
sign_test_og_cel0.8__norm_original_radius,new_cel_removed_chunk_14,72,MC,5.085574924945831,96
sign_test_og_cel0.8__norm_original_radius,new_cel_removed_chunk_14,72,cosine_similarity,-0.3862464502453804,96
sign_test_og_cel0.8__norm_original_radius,new_cel_removed_chunk_14,72,kl_to_gaussian,1.1739684703756503,96
sign_test_og_cel0.8__norm_original_radius,new_cel_removed_chunk_14,72,wt_mean,-0.000936434356844925,96
sign_test_og_cel0.8__norm_original_radius,new_cel_removed_chunk_14,73,GR,5.340023195991914,96
sign_test_og_cel0.8__norm_original_radius,new_cel_removed_chunk_14,73,IPC,9.144726052863293,96
sign_test_og_cel0.8__norm_original_radius,new_cel_removed_chunk_14,73,KR,3.3562930350502334,96
sign_test_og_cel0.8__norm_original_radius,new_cel_removed_chunk_14,73,MC,5.37962223092715,96
sign_test_og_cel0.8__norm_original_radius,new_cel_removed_chunk_14,73,cosine_similarity,-0.3944744914770126,96
sign_test_og_cel0.8__norm_original_radius,new_cel_removed_chunk_14,73,kl_to_gaussian,1.1739684703756503,96
sign_test_og_cel0.8__norm_original_radius,new_cel_removed_chunk_14,73,wt_mean,-0.0009563827188685,96
sign_test_og_cel0.8__norm_original_radius,new_cel_removed_chunk_14,74,GR,5.597378137211005,96
sign_test_og_cel0.8__norm_original_radius,new_cel_removed_chunk_14,74,IPC,8.018159734447329,96
sign_test_og_cel0.8__norm_original_radius,new_cel_removed_chunk_14,74,KR,3.345030404627323,96
sign_test_og_cel0.8__norm_original_radius,new_cel_removed_chunk_14,74,MC,4.666115507483482,96
sign_test_og_cel0.8__norm_original_radius,new_cel_removed_chunk_14,74,cosine_similarity,-0.40740421414375305,96
sign_test_og_cel0.8__norm_original_radius,new_cel_removed_chunk_14,74,kl_to_gaussian,1.1739684703756503,96
sign_test_og_cel0.8__norm_original_radius,new_cel_removed_chunk_14,74,wt_mean,-0.00098773017816705,96
sign_test_og_cel0.8__norm_original_radius,new_cel_removed_chunk_15,75,GR,5.696633430818717,96
sign_test_og_cel0.8__norm_original_radius,new_cel_removed_chunk_15,75,IPC,8.659776184737082,96
sign_test_og_cel0.8__norm_original_radius,new_cel_removed_chunk_15,75,KR,3.4554324547449746,96
sign_test_og_cel0.8__norm_original_radius,new_cel_removed_chunk_15,75,MC,4.943577218800783,96
sign_test_og_cel0.8__norm_original_radius,new_cel_removed_chunk_15,75,cosine_similarity,-0.3473397269845009,96
sign_test_og_cel0.8__norm_original_radius,new_cel_removed_chunk_15,75,kl_to_gaussian,1.1739684703756503,96
sign_test_og_cel0.8__norm_original_radius,new_cel_removed_chunk_15,75,wt_mean,-0.000842106994241425,96
sign_test_og_cel0.8__norm_original_radius,new_cel_removed_chunk_15,76,GR,6.178977366536856,96
sign_test_og_cel0.8__norm_original_radius,new_cel_removed_chunk_15,76,IPC,7.913776764283342,96
sign_test_og_cel0.8__norm_original_radius,new_cel_removed_chunk_15,76,KR,3.7011825355390706,96
sign_test_og_cel0.8__norm_original_radius,new_cel_removed_chunk_15,76,MC,4.251307476311922,96
sign_test_og_cel0.8__norm_original_radius,new_cel_removed_chunk_15,76,cosine_similarity,-0.3636782020330429,96
sign_test_og_cel0.8__norm_original_radius,new_cel_removed_chunk_15,76,kl_to_gaussian,1.1739684703756503,96
sign_test_og_cel0.8__norm_original_radius,new_cel_removed_chunk_15,76,wt_mean,-0.0008817187772364749,96
sign_test_og_cel0.8__norm_original_radius,new_cel_removed_chunk_15,77,GR,5.065848842263222,96
sign_test_og_cel0.8__norm_original_radius,new_cel_removed_chunk_15,77,IPC,7.85405735224917,96
sign_test_og_cel0.8__norm_original_radius,new_cel_removed_chunk_15,77,KR,3.1688416128357253,96
sign_test_og_cel0.8__norm_original_radius,new_cel_removed_chunk_15,77,MC,4.3557615292569,96
sign_test_og_cel0.8__norm_original_radius,new_cel_removed_chunk_15,77,cosine_similarity,-0.3847184032201767,96
sign_test_og_cel0.8__norm_original_radius,new_cel_removed_chunk_15,77,kl_to_gaussian,1.1739684703756503,96
sign_test_og_cel0.8__norm_original_radius,new_cel_removed_chunk_15,77,wt_mean,-0.000932729613850775,96
sign_test_og_cel0.8__norm_original_radius,new_cel_removed_chunk_15,78,GR,6.220416019360225,96
sign_test_og_cel0.8__norm_original_radius,new_cel_removed_chunk_15,78,IPC,8.674220771336397,96
sign_test_og_cel0.8__norm_original_radius,new_cel_removed_chunk_15,78,KR,3.764186250666777,96
sign_test_og_cel0.8__norm_original_radius,new_cel_removed_chunk_15,78,MC,5.052578188478947,96
sign_test_og_cel0.8__norm_original_radius,new_cel_removed_chunk_15,78,cosine_similarity,-0.383895605802536,96
sign_test_og_cel0.8__norm_original_radius,new_cel_removed_chunk_15,78,kl_to_gaussian,1.1739684703756503,96
sign_test_og_cel0.8__norm_original_radius,new_cel_removed_chunk_15,78,wt_mean,-0.00093073480820745,96
sign_test_og_cel0.8__norm_original_radius,new_cel_removed_chunk_15,79,GR,6.325040623545647,96
sign_test_og_cel0.8__norm_original_radius,new_cel_removed_chunk_15,79,IPC,7.931152793585629,96
sign_test_og_cel0.8__norm_original_radius,new_cel_removed_chunk_15,79,KR,3.7442594903210797,96
sign_test_og_cel0.8__norm_original_radius,new_cel_removed_chunk_15,79,MC,4.347535139570634,96
sign_test_og_cel0.8__norm_original_radius,new_cel_removed_chunk_15,79,cosine_similarity,-0.3943569213151932,96
sign_test_og_cel0.8__norm_original_radius,new_cel_removed_chunk_15,79,kl_to_gaussian,1.1739684703756503,96
sign_test_og_cel0.8__norm_original_radius,new_cel_removed_chunk_15,79,wt_mean,-0.000956097763264525,96
sign_test_og_cel0.8__norm_original_radius,new_cel_removed_chunk_16,80,GR,5.492624423156182,96
sign_test_og_cel0.8__norm_original_radius,new_cel_removed_chunk_16,80,IPC,7.870465493749948,96
sign_test_og_cel0.8__norm_original_radius,new_cel_removed_chunk_16,80,KR,3.2684309892356396,96
sign_test_og_cel0.8__norm_original_radius,new_cel_removed_chunk_16,80,MC,4.753867524365584,96
sign_test_og_cel0.8__norm_original_radius,new_cel_removed_chunk_16,80,cosine_similarity,-0.3684974759817123,96
sign_test_og_cel0.8__norm_original_radius,new_cel_removed_chunk_16,80,kl_to_gaussian,1.1739684703756503,96
sign_test_og_cel0.8__norm_original_radius,new_cel_removed_chunk_16,80,wt_mean,-0.0008934028301154749,96
sign_test_og_cel0.8__norm_original_radius,new_cel_removed_chunk_16,81,GR,5.87521327038606,96
sign_test_og_cel0.8__norm_original_radius,new_cel_removed_chunk_16,81,IPC,7.596864405892366,96
sign_test_og_cel0.8__norm_original_radius,new_cel_removed_chunk_16,81,KR,3.5161515548825264,96
sign_test_og_cel0.8__norm_original_radius,new_cel_removed_chunk_16,81,MC,4.582610482970874,96
sign_test_og_cel0.8__norm_original_radius,new_cel_removed_chunk_16,81,cosine_similarity,-0.4164550229907036,96
sign_test_og_cel0.8__norm_original_radius,new_cel_removed_chunk_16,81,kl_to_gaussian,1.1739684703756503,96
sign_test_og_cel0.8__norm_original_radius,new_cel_removed_chunk_16,81,wt_mean,-0.001009673447697375,96
sign_test_og_cel0.8__norm_original_radius,new_cel_removed_chunk_16,82,GR,4.9343180023133755,96
sign_test_og_cel0.8__norm_original_radius,new_cel_removed_chunk_16,82,IPC,7.625032465993704,96
sign_test_og_cel0.8__norm_original_radius,new_cel_removed_chunk_16,82,KR,3.034758310765028,96
sign_test_og_cel0.8__norm_original_radius,new_cel_removed_chunk_16,82,MC,4.353895635654529,96
sign_test_og_cel0.8__norm_original_radius,new_cel_removed_chunk_16,82,cosine_similarity,-0.37261148542165756,96
sign_test_og_cel0.8__norm_original_radius,new_cel_removed_chunk_16,82,kl_to_gaussian,1.1739684703756503,96
sign_test_og_cel0.8__norm_original_radius,new_cel_removed_chunk_16,82,wt_mean,-0.0009033770038512999,96
sign_test_og_cel0.8__norm_original_radius,new_cel_removed_chunk_16,83,GR,5.456689617286126,96
sign_test_og_cel0.8__norm_original_radius,new_cel_removed_chunk_16,83,IPC,7.185219636006557,96
sign_test_og_cel0.8__norm_original_radius,new_cel_removed_chunk_16,83,KR,3.2031387438376746,96
sign_test_og_cel0.8__norm_original_radius,new_cel_removed_chunk_16,83,MC,4.128848425423105,96
sign_test_og_cel0.8__norm_original_radius,new_cel_removed_chunk_16,83,cosine_similarity,-0.40046916902065277,96
sign_test_og_cel0.8__norm_original_radius,new_cel_removed_chunk_16,83,kl_to_gaussian,1.1739684703756503,96
sign_test_og_cel0.8__norm_original_radius,new_cel_removed_chunk_16,83,wt_mean,-0.000970916589721975,96
sign_test_og_cel0.8__norm_original_radius,new_cel_removed_chunk_16,84,GR,5.621834084391594,96
sign_test_og_cel0.8__norm_original_radius,new_cel_removed_chunk_16,84,IPC,7.944735411927636,96
sign_test_og_cel0.8__norm_original_radius,new_cel_removed_chunk_16,84,KR,3.408747242142757,96
sign_test_og_cel0.8__norm_original_radius,new_cel_removed_chunk_16,84,MC,4.486175566911697,96
sign_test_og_cel0.8__norm_original_radius,new_cel_removed_chunk_16,84,cosine_similarity,-0.38330788165330887,96
sign_test_og_cel0.8__norm_original_radius,new_cel_removed_chunk_16,84,kl_to_gaussian,1.1739684703756503,96
sign_test_og_cel0.8__norm_original_radius,new_cel_removed_chunk_16,84,wt_mean,-0.000929309928324025,96
sign_test_og_cel0.8__norm_original_radius,new_cel_removed_chunk_17,85,GR,5.60464043666919,96
sign_test_og_cel0.8__norm_original_radius,new_cel_removed_chunk_17,85,IPC,7.808778007684469,96
sign_test_og_cel0.8__norm_original_radius,new_cel_removed_chunk_17,85,KR,3.288259298851093,96
sign_test_og_cel0.8__norm_original_radius,new_cel_removed_chunk_17,85,MC,4.562812181810538,96
sign_test_og_cel0.8__norm_original_radius,new_cel_removed_chunk_17,85,cosine_similarity,-0.3801342025399208,96
sign_test_og_cel0.8__norm_original_radius,new_cel_removed_chunk_17,85,kl_to_gaussian,1.1739684703756503,96
sign_test_og_cel0.8__norm_original_radius,new_cel_removed_chunk_17,85,wt_mean,-0.0009216155885950999,96
sign_test_og_cel0.8__norm_original_radius,new_cel_removed_chunk_17,86,GR,5.539253308127324,96
sign_test_og_cel0.8__norm_original_radius,new_cel_removed_chunk_17,86,IPC,7.325181166950503,96
sign_test_og_cel0.8__norm_original_radius,new_cel_removed_chunk_17,86,KR,3.3344087824225426,96
sign_test_og_cel0.8__norm_original_radius,new_cel_removed_chunk_17,86,MC,4.46989290540417,96
sign_test_og_cel0.8__norm_original_radius,new_cel_removed_chunk_17,86,cosine_similarity,-0.379546508193016,96
sign_test_og_cel0.8__norm_original_radius,new_cel_removed_chunk_17,86,kl_to_gaussian,1.1739684703756503,96
sign_test_og_cel0.8__norm_original_radius,new_cel_removed_chunk_17,86,wt_mean,-0.0009201906505040499,96
sign_test_og_cel0.8__norm_original_radius,new_cel_removed_chunk_17,87,GR,6.2930444950858755,96
sign_test_og_cel0.8__norm_original_radius,new_cel_removed_chunk_17,87,IPC,8.077332828892942,96
sign_test_og_cel0.8__norm_original_radius,new_cel_removed_chunk_17,87,KR,3.815698162962993,96
sign_test_og_cel0.8__norm_original_radius,new_cel_removed_chunk_17,87,MC,4.901635820666949,96
sign_test_og_cel0.8__norm_original_radius,new_cel_removed_chunk_17,87,cosine_similarity,-0.37002550810575485,96
sign_test_og_cel0.8__norm_original_radius,new_cel_removed_chunk_17,87,kl_to_gaussian,1.1739684703756503,96
sign_test_og_cel0.8__norm_original_radius,new_cel_removed_chunk_17,87,wt_mean,-0.00089710750035005,96
sign_test_og_cel0.8__norm_original_radius,new_cel_removed_chunk_17,88,GR,6.0020257743696375,96
sign_test_og_cel0.8__norm_original_radius,new_cel_removed_chunk_17,88,IPC,7.796427990283596,96
sign_test_og_cel0.8__norm_original_radius,new_cel_removed_chunk_17,88,KR,3.4841942116618156,96
sign_test_og_cel0.8__norm_original_radius,new_cel_removed_chunk_17,88,MC,4.457645037521918,96
sign_test_og_cel0.8__norm_original_radius,new_cel_removed_chunk_17,88,cosine_similarity,-0.3766079396009445,96
sign_test_og_cel0.8__norm_original_radius,new_cel_removed_chunk_17,88,kl_to_gaussian,1.1739684703756503,96
sign_test_og_cel0.8__norm_original_radius,new_cel_removed_chunk_17,88,wt_mean,-0.0009130662801907749,96
sign_test_og_cel0.8__norm_original_radius,new_cel_removed_chunk_17,89,GR,5.209243177125852,96
sign_test_og_cel0.8__norm_original_radius,new_cel_removed_chunk_17,89,IPC,7.7732918761932766,96
sign_test_og_cel0.8__norm_original_radius,new_cel_removed_chunk_17,89,KR,3.20376322666804,96
sign_test_og_cel0.8__norm_original_radius,new_cel_removed_chunk_17,89,MC,4.522613301873207,96
sign_test_og_cel0.8__norm_original_radius,new_cel_removed_chunk_17,89,cosine_similarity,-0.4005866944789886,96
sign_test_og_cel0.8__norm_original_radius,new_cel_removed_chunk_17,89,kl_to_gaussian,1.1739684703756503,96
sign_test_og_cel0.8__norm_original_radius,new_cel_removed_chunk_17,89,wt_mean,-0.00097120157442985,96
sign_test_og_cel0.8__norm_original_radius,new_cel_removed_chunk_18,90,GR,5.99465174973011,96
sign_test_og_cel0.8__norm_original_radius,new_cel_removed_chunk_18,90,IPC,7.645887976651224,96
sign_test_og_cel0.8__norm_original_radius,new_cel_removed_chunk_18,90,KR,3.500624857842922,96
sign_test_og_cel0.8__norm_original_radius,new_cel_removed_chunk_18,90,MC,4.187112616995971,96
sign_test_og_cel0.8__norm_original_radius,new_cel_removed_chunk_18,90,cosine_similarity,-0.38072193413972855,96
sign_test_og_cel0.8__norm_original_radius,new_cel_removed_chunk_18,90,kl_to_gaussian,1.1739684703756503,96
sign_test_og_cel0.8__norm_original_radius,new_cel_removed_chunk_18,90,wt_mean,-0.0009230403957189501,96
sign_test_og_cel0.8__norm_original_radius,new_cel_removed_chunk_18,91,GR,5.801127736767133,96
sign_test_og_cel0.8__norm_original_radius,new_cel_removed_chunk_18,91,IPC,7.522832039768436,96
sign_test_og_cel0.8__norm_original_radius,new_cel_removed_chunk_18,91,KR,3.4782367448012033,96
sign_test_og_cel0.8__norm_original_radius,new_cel_removed_chunk_18,91,MC,4.3249437883496284,96
sign_test_og_cel0.8__norm_original_radius,new_cel_removed_chunk_18,91,cosine_similarity,-0.34016959369182587,96
sign_test_og_cel0.8__norm_original_radius,new_cel_removed_chunk_18,91,kl_to_gaussian,1.1739684703756503,96
sign_test_og_cel0.8__norm_original_radius,new_cel_removed_chunk_18,91,wt_mean,-0.000824723378173025,96
sign_test_og_cel0.8__norm_original_radius,new_cel_removed_chunk_18,92,GR,6.008301266779502,96
sign_test_og_cel0.8__norm_original_radius,new_cel_removed_chunk_18,92,IPC,8.42411384738636,96
sign_test_og_cel0.8__norm_original_radius,new_cel_removed_chunk_18,92,KR,3.665722541511059,96
sign_test_og_cel0.8__norm_original_radius,new_cel_removed_chunk_18,92,MC,4.822544626891613,96
sign_test_og_cel0.8__norm_original_radius,new_cel_removed_chunk_18,92,cosine_similarity,-0.3989411070942879,96
sign_test_og_cel0.8__norm_original_radius,new_cel_removed_chunk_18,92,kl_to_gaussian,1.1739684703756503,96
sign_test_og_cel0.8__norm_original_radius,new_cel_removed_chunk_18,92,wt_mean,-0.0009672118321759001,96
sign_test_og_cel0.8__norm_original_radius,new_cel_removed_chunk_18,93,GR,5.506589417656262,96
sign_test_og_cel0.8__norm_original_radius,new_cel_removed_chunk_18,93,IPC,7.690305272440303,96
sign_test_og_cel0.8__norm_original_radius,new_cel_removed_chunk_18,93,KR,3.3963870592415333,96
sign_test_og_cel0.8__norm_original_radius,new_cel_removed_chunk_18,93,MC,4.564156914750735,96
sign_test_og_cel0.8__norm_original_radius,new_cel_removed_chunk_18,93,cosine_similarity,-0.36802729219198227,96
sign_test_og_cel0.8__norm_original_radius,new_cel_removed_chunk_18,93,kl_to_gaussian,1.1739684703756503,96
sign_test_og_cel0.8__norm_original_radius,new_cel_removed_chunk_18,93,wt_mean,-0.0008922629349398999,96
sign_test_og_cel0.8__norm_original_radius,new_cel_removed_chunk_18,94,GR,5.987433576335509,96
sign_test_og_cel0.8__norm_original_radius,new_cel_removed_chunk_18,94,IPC,7.937161979341451,96
sign_test_og_cel0.8__norm_original_radius,new_cel_removed_chunk_18,94,KR,3.7121226837237677,96
sign_test_og_cel0.8__norm_original_radius,new_cel_removed_chunk_18,94,MC,4.598902930816014,96
sign_test_og_cel0.8__norm_original_radius,new_cel_removed_chunk_18,94,cosine_similarity,-0.37543250620365143,96
sign_test_og_cel0.8__norm_original_radius,new_cel_removed_chunk_18,94,kl_to_gaussian,1.1739684703756503,96
sign_test_og_cel0.8__norm_original_radius,new_cel_removed_chunk_18,94,wt_mean,-0.00091021641856055,96
sign_test_og_cel0.8__norm_original_radius,new_cel_removed_chunk_19,95,GR,5.625558226058881,96
sign_test_og_cel0.8__norm_original_radius,new_cel_removed_chunk_19,95,IPC,7.426831257102559,96
sign_test_og_cel0.8__norm_original_radius,new_cel_removed_chunk_19,95,KR,3.3230856781204543,96
sign_test_og_cel0.8__norm_original_radius,new_cel_removed_chunk_19,95,MC,4.393552143126726,96
sign_test_og_cel0.8__norm_original_radius,new_cel_removed_chunk_19,95,cosine_similarity,-0.40481825172901154,96
sign_test_og_cel0.8__norm_original_radius,new_cel_removed_chunk_19,95,kl_to_gaussian,1.1739684703756503,96
sign_test_og_cel0.8__norm_original_radius,new_cel_removed_chunk_19,95,wt_mean,-0.0009814607183215752,96
sign_test_og_cel0.8__norm_original_radius,new_cel_removed_chunk_19,96,GR,5.575934884448846,96
sign_test_og_cel0.8__norm_original_radius,new_cel_removed_chunk_19,96,IPC,7.7891033492096495,96
sign_test_og_cel0.8__norm_original_radius,new_cel_removed_chunk_19,96,KR,3.283653641740481,96
sign_test_og_cel0.8__norm_original_radius,new_cel_removed_chunk_19,96,MC,4.460823419193427,96
sign_test_og_cel0.8__norm_original_radius,new_cel_removed_chunk_19,96,cosine_similarity,-0.35862384736537933,96
sign_test_og_cel0.8__norm_original_radius,new_cel_removed_chunk_19,96,kl_to_gaussian,1.1739684703756503,96
sign_test_og_cel0.8__norm_original_radius,new_cel_removed_chunk_19,96,wt_mean,-0.0008694647112860999,96
sign_test_og_cel0.8__norm_original_radius,new_cel_removed_chunk_19,97,GR,5.780889794230461,96
sign_test_og_cel0.8__norm_original_radius,new_cel_removed_chunk_19,97,IPC,7.952885422403902,96
sign_test_og_cel0.8__norm_original_radius,new_cel_removed_chunk_19,97,KR,3.469028456757466,96
sign_test_og_cel0.8__norm_original_radius,new_cel_removed_chunk_19,97,MC,4.484229887525241,96
sign_test_og_cel0.8__norm_original_radius,new_cel_removed_chunk_19,97,cosine_similarity,-0.3688500970602035,96
sign_test_og_cel0.8__norm_original_radius,new_cel_removed_chunk_19,97,kl_to_gaussian,1.1739684703756503,96
sign_test_og_cel0.8__norm_original_radius,new_cel_removed_chunk_19,97,wt_mean,-0.00089425775513515,96
sign_test_og_cel0.8__norm_original_radius,new_cel_removed_chunk_19,98,GR,5.978412476678689,96
sign_test_og_cel0.8__norm_original_radius,new_cel_removed_chunk_19,98,IPC,7.501357203409345,96
sign_test_og_cel0.8__norm_original_radius,new_cel_removed_chunk_19,98,KR,3.4827345237135887,96
sign_test_og_cel0.8__norm_original_radius,new_cel_removed_chunk_19,98,MC,4.1630210640529794,96
sign_test_og_cel0.8__norm_original_radius,new_cel_removed_chunk_19,98,cosine_similarity,-0.4030551165342331,96
sign_test_og_cel0.8__norm_original_radius,new_cel_removed_chunk_19,98,kl_to_gaussian,1.1739684703756503,96
sign_test_og_cel0.8__norm_original_radius,new_cel_removed_chunk_19,98,wt_mean,-0.0009771860641194,96
sign_test_og_cel0.8__norm_original_radius,new_cel_removed_chunk_19,99,GR,5.357865713536739,96
sign_test_og_cel0.8__norm_original_radius,new_cel_removed_chunk_19,99,IPC,8.144884603168201,96
sign_test_og_cel0.8__norm_original_radius,new_cel_removed_chunk_19,99,KR,3.38708575318257,96
sign_test_og_cel0.8__norm_original_radius,new_cel_removed_chunk_19,99,MC,4.8109215299288435,96
sign_test_og_cel0.8__norm_original_radius,new_cel_removed_chunk_19,99,cosine_similarity,-0.39717797189950943,96
sign_test_og_cel0.8__norm_original_radius,new_cel_removed_chunk_19,99,kl_to_gaussian,1.1739684703756503,96
sign_test_og_cel0.8__norm_original_radius,new_cel_removed_chunk_19,99,wt_mean,-0.0009629372216295,96
sign_test_og_cel0.8__norm_original_radius,new_cel_removed_chunk_2,10,GR,6.283745035529137,96
sign_test_og_cel0.8__norm_original_radius,new_cel_removed_chunk_2,10,IPC,7.93640132911759,96
sign_test_og_cel0.8__norm_original_radius,new_cel_removed_chunk_2,10,KR,3.778980060170094,96
sign_test_og_cel0.8__norm_original_radius,new_cel_removed_chunk_2,10,MC,4.69499768068393,96
sign_test_og_cel0.8__norm_original_radius,new_cel_removed_chunk_2,10,cosine_similarity,-0.40164459496736526,96
sign_test_og_cel0.8__norm_original_radius,new_cel_removed_chunk_2,10,kl_to_gaussian,1.1739684703756503,96
sign_test_og_cel0.8__norm_original_radius,new_cel_removed_chunk_2,10,wt_mean,-0.0009737663203849999,96
sign_test_og_cel0.8__norm_original_radius,new_cel_removed_chunk_2,11,GR,5.525473630676667,96
sign_test_og_cel0.8__norm_original_radius,new_cel_removed_chunk_2,11,IPC,8.788924243942121,96
sign_test_og_cel0.8__norm_original_radius,new_cel_removed_chunk_2,11,KR,3.3931642062962055,96
sign_test_og_cel0.8__norm_original_radius,new_cel_removed_chunk_2,11,MC,5.01299149915576,96
sign_test_og_cel0.8__norm_original_radius,new_cel_removed_chunk_2,11,cosine_similarity,-0.3701430559158325,96
sign_test_og_cel0.8__norm_original_radius,new_cel_removed_chunk_2,11,kl_to_gaussian,1.1739684703756503,96
sign_test_og_cel0.8__norm_original_radius,new_cel_removed_chunk_2,11,wt_mean,-0.0008973925432655501,96
sign_test_og_cel0.8__norm_original_radius,new_cel_removed_chunk_2,12,GR,6.170255601406097,96
sign_test_og_cel0.8__norm_original_radius,new_cel_removed_chunk_2,12,IPC,7.9947778567052055,96
sign_test_og_cel0.8__norm_original_radius,new_cel_removed_chunk_2,12,KR,3.5396094620227814,96
sign_test_og_cel0.8__norm_original_radius,new_cel_removed_chunk_2,12,MC,4.402181612948577,96
sign_test_og_cel0.8__norm_original_radius,new_cel_removed_chunk_2,12,cosine_similarity,-0.3755500316619873,96
sign_test_og_cel0.8__norm_original_radius,new_cel_removed_chunk_2,12,kl_to_gaussian,1.1739684703756503,96
sign_test_og_cel0.8__norm_original_radius,new_cel_removed_chunk_2,12,wt_mean,-0.000910501432372225,96
sign_test_og_cel0.8__norm_original_radius,new_cel_removed_chunk_2,13,GR,5.9019503854215145,96
sign_test_og_cel0.8__norm_original_radius,new_cel_removed_chunk_2,13,IPC,8.58289078973844,96
sign_test_og_cel0.8__norm_original_radius,new_cel_removed_chunk_2,13,KR,3.603527576973041,96
sign_test_og_cel0.8__norm_original_radius,new_cel_removed_chunk_2,13,MC,5.082799340287845,96
sign_test_og_cel0.8__norm_original_radius,new_cel_removed_chunk_2,13,cosine_similarity,-0.41480942815542216,96
sign_test_og_cel0.8__norm_original_radius,new_cel_removed_chunk_2,13,kl_to_gaussian,1.1739684703756503,96
sign_test_og_cel0.8__norm_original_radius,new_cel_removed_chunk_2,13,wt_mean,-0.001005683734547325,96
sign_test_og_cel0.8__norm_original_radius,new_cel_removed_chunk_2,14,GR,5.381107622136672,96
sign_test_og_cel0.8__norm_original_radius,new_cel_removed_chunk_2,14,IPC,8.055014381220081,96
sign_test_og_cel0.8__norm_original_radius,new_cel_removed_chunk_2,14,KR,3.233709380030632,96
sign_test_og_cel0.8__norm_original_radius,new_cel_removed_chunk_2,14,MC,4.55597651625673,96
sign_test_og_cel0.8__norm_original_radius,new_cel_removed_chunk_2,14,cosine_similarity,-0.4042305573821068,96
sign_test_og_cel0.8__norm_original_radius,new_cel_removed_chunk_2,14,kl_to_gaussian,1.1739684703756503,96
sign_test_og_cel0.8__norm_original_radius,new_cel_removed_chunk_2,14,wt_mean,-0.0009800358238862248,96
sign_test_og_cel0.8__norm_original_radius,new_cel_removed_chunk_3,15,GR,5.362117474277814,96
sign_test_og_cel0.8__norm_original_radius,new_cel_removed_chunk_3,15,IPC,8.139825963097286,96
sign_test_og_cel0.8__norm_original_radius,new_cel_removed_chunk_3,15,KR,3.270542412996292,96
sign_test_og_cel0.8__norm_original_radius,new_cel_removed_chunk_3,15,MC,4.6528570502996445,96
sign_test_og_cel0.8__norm_original_radius,new_cel_removed_chunk_3,15,cosine_similarity,-0.3897727504372597,96
sign_test_og_cel0.8__norm_original_radius,new_cel_removed_chunk_3,15,kl_to_gaussian,1.1739684703756503,96
sign_test_og_cel0.8__norm_original_radius,new_cel_removed_chunk_3,15,wt_mean,-0.00094498366524925,96
sign_test_og_cel0.8__norm_original_radius,new_cel_removed_chunk_3,16,GR,6.7809823875625925,96
sign_test_og_cel0.8__norm_original_radius,new_cel_removed_chunk_3,16,IPC,7.959554842309636,96
sign_test_og_cel0.8__norm_original_radius,new_cel_removed_chunk_3,16,KR,3.914354239900907,96
sign_test_og_cel0.8__norm_original_radius,new_cel_removed_chunk_3,16,MC,4.414319125314553,96
sign_test_og_cel0.8__norm_original_radius,new_cel_removed_chunk_3,16,cosine_similarity,-0.4066989496350288,96
sign_test_og_cel0.8__norm_original_radius,new_cel_removed_chunk_3,16,kl_to_gaussian,1.1739684703756503,96
sign_test_og_cel0.8__norm_original_radius,new_cel_removed_chunk_3,16,wt_mean,-0.0009860203281277,96
sign_test_og_cel0.8__norm_original_radius,new_cel_removed_chunk_3,17,GR,4.863543817152579,96
sign_test_og_cel0.8__norm_original_radius,new_cel_removed_chunk_3,17,IPC,7.914397716104568,96
sign_test_og_cel0.8__norm_original_radius,new_cel_removed_chunk_3,17,KR,3.0190727561712265,96
sign_test_og_cel0.8__norm_original_radius,new_cel_removed_chunk_3,17,MC,4.512346560756366,96
sign_test_og_cel0.8__norm_original_radius,new_cel_removed_chunk_3,17,cosine_similarity,-0.3965902477502823,96
sign_test_og_cel0.8__norm_original_radius,new_cel_removed_chunk_3,17,kl_to_gaussian,1.1739684703756503,96
sign_test_og_cel0.8__norm_original_radius,new_cel_removed_chunk_3,17,wt_mean,-0.00096151229809035,96
sign_test_og_cel0.8__norm_original_radius,new_cel_removed_chunk_3,18,GR,5.915054846554995,96
sign_test_og_cel0.8__norm_original_radius,new_cel_removed_chunk_3,18,IPC,7.944006086788236,96
sign_test_og_cel0.8__norm_original_radius,new_cel_removed_chunk_3,18,KR,3.415736594547828,96
sign_test_og_cel0.8__norm_original_radius,new_cel_removed_chunk_3,18,MC,4.1858052884538965,96
sign_test_og_cel0.8__norm_original_radius,new_cel_removed_chunk_3,18,cosine_similarity,-0.3918885290622711,96
sign_test_og_cel0.8__norm_original_radius,new_cel_removed_chunk_3,18,kl_to_gaussian,1.1739684703756503,96
sign_test_og_cel0.8__norm_original_radius,new_cel_removed_chunk_3,18,wt_mean,-0.0009501132444711,96
sign_test_og_cel0.8__norm_original_radius,new_cel_removed_chunk_3,19,GR,5.316213411589463,96
sign_test_og_cel0.8__norm_original_radius,new_cel_removed_chunk_3,19,IPC,7.995435663787916,96
sign_test_og_cel0.8__norm_original_radius,new_cel_removed_chunk_3,19,KR,3.1364846962193647,96
sign_test_og_cel0.8__norm_original_radius,new_cel_removed_chunk_3,19,MC,4.514031108468771,96
sign_test_og_cel0.8__norm_original_radius,new_cel_removed_chunk_3,19,cosine_similarity,-0.3949446529150009,96
sign_test_og_cel0.8__norm_original_radius,new_cel_removed_chunk_3,19,kl_to_gaussian,1.1739684703756503,96
sign_test_og_cel0.8__norm_original_radius,new_cel_removed_chunk_3,19,wt_mean,-0.0009575226140441,96
sign_test_og_cel0.8__norm_original_radius,new_cel_removed_chunk_4,20,GR,5.782689850777388,96
sign_test_og_cel0.8__norm_original_radius,new_cel_removed_chunk_4,20,IPC,8.12951654365417,96
sign_test_og_cel0.8__norm_original_radius,new_cel_removed_chunk_4,20,KR,3.378135030468305,96
sign_test_og_cel0.8__norm_original_radius,new_cel_removed_chunk_4,20,MC,4.6435623926421,96
sign_test_og_cel0.8__norm_original_radius,new_cel_removed_chunk_4,20,cosine_similarity,-0.36614660173654556,96
sign_test_og_cel0.8__norm_original_radius,new_cel_removed_chunk_4,20,kl_to_gaussian,1.1739684703756503,96
sign_test_og_cel0.8__norm_original_radius,new_cel_removed_chunk_4,20,wt_mean,-0.0008877032960298751,96
sign_test_og_cel0.8__norm_original_radius,new_cel_removed_chunk_4,21,GR,6.343353842695554,96
sign_test_og_cel0.8__norm_original_radius,new_cel_removed_chunk_4,21,IPC,8.436715200726374,96
sign_test_og_cel0.8__norm_original_radius,new_cel_removed_chunk_4,21,KR,3.8197578229010105,96
sign_test_og_cel0.8__norm_original_radius,new_cel_removed_chunk_4,21,MC,4.949759534249703,96
sign_test_og_cel0.8__norm_original_radius,new_cel_removed_chunk_4,21,cosine_similarity,-0.37719564139842987,96
sign_test_og_cel0.8__norm_original_radius,new_cel_removed_chunk_4,21,kl_to_gaussian,1.1739684703756503,96
sign_test_og_cel0.8__norm_original_radius,new_cel_removed_chunk_4,21,wt_mean,-0.00091449111641845,96
sign_test_og_cel0.8__norm_original_radius,new_cel_removed_chunk_4,22,GR,5.688671370347341,96
sign_test_og_cel0.8__norm_original_radius,new_cel_removed_chunk_4,22,IPC,8.316692171743963,96
sign_test_og_cel0.8__norm_original_radius,new_cel_removed_chunk_4,22,KR,3.4448633256057897,96
sign_test_og_cel0.8__norm_original_radius,new_cel_removed_chunk_4,22,MC,4.468854784965515,96
sign_test_og_cel0.8__norm_original_radius,new_cel_removed_chunk_4,22,cosine_similarity,-0.3779008910059929,96
sign_test_og_cel0.8__norm_original_radius,new_cel_removed_chunk_4,22,kl_to_gaussian,1.1739684703756503,96
sign_test_og_cel0.8__norm_original_radius,new_cel_removed_chunk_4,22,wt_mean,-0.000916200951905875,96
sign_test_og_cel0.8__norm_original_radius,new_cel_removed_chunk_4,23,GR,5.694316412011783,96
sign_test_og_cel0.8__norm_original_radius,new_cel_removed_chunk_4,23,IPC,9.241061628788144,96
sign_test_og_cel0.8__norm_original_radius,new_cel_removed_chunk_4,23,KR,3.5245476054648557,96
sign_test_og_cel0.8__norm_original_radius,new_cel_removed_chunk_4,23,MC,5.192179386814435,96
sign_test_og_cel0.8__norm_original_radius,new_cel_removed_chunk_4,23,cosine_similarity,-0.3954148143529892,96
sign_test_og_cel0.8__norm_original_radius,new_cel_removed_chunk_4,23,kl_to_gaussian,1.1739684703756503,96
sign_test_og_cel0.8__norm_original_radius,new_cel_removed_chunk_4,23,wt_mean,-0.0009586625383234999,96
sign_test_og_cel0.8__norm_original_radius,new_cel_removed_chunk_4,24,GR,4.843851038565238,96
sign_test_og_cel0.8__norm_original_radius,new_cel_removed_chunk_4,24,IPC,8.034353173374141,96
sign_test_og_cel0.8__norm_original_radius,new_cel_removed_chunk_4,24,KR,2.9688811525702477,96
sign_test_og_cel0.8__norm_original_radius,new_cel_removed_chunk_4,24,MC,4.483994596948226,96
sign_test_og_cel0.8__norm_original_radius,new_cel_removed_chunk_4,24,cosine_similarity,-0.4106954038143158,96
sign_test_og_cel0.8__norm_original_radius,new_cel_removed_chunk_4,24,kl_to_gaussian,1.1739684703756503,96
sign_test_og_cel0.8__norm_original_radius,new_cel_removed_chunk_4,24,wt_mean,-0.0009957095753634,96
sign_test_og_cel0.8__norm_original_radius,new_cel_removed_chunk_5,25,GR,5.22329443693161,96
sign_test_og_cel0.8__norm_original_radius,new_cel_removed_chunk_5,25,IPC,8.38971684028987,96
sign_test_og_cel0.8__norm_original_radius,new_cel_removed_chunk_5,25,KR,3.2221923073132834,96
sign_test_og_cel0.8__norm_original_radius,new_cel_removed_chunk_5,25,MC,4.605581063777208,96
sign_test_og_cel0.8__norm_original_radius,new_cel_removed_chunk_5,25,cosine_similarity,-0.3488677591085434,96
sign_test_og_cel0.8__norm_original_radius,new_cel_removed_chunk_5,25,kl_to_gaussian,1.1739684703756503,96
sign_test_og_cel0.8__norm_original_radius,new_cel_removed_chunk_5,25,wt_mean,-0.0008458116499241,96
sign_test_og_cel0.8__norm_original_radius,new_cel_removed_chunk_5,26,GR,6.83512157946825,96
sign_test_og_cel0.8__norm_original_radius,new_cel_removed_chunk_5,26,IPC,8.382200431480172,96
sign_test_og_cel0.8__norm_original_radius,new_cel_removed_chunk_5,26,KR,4.202792676786582,96
sign_test_og_cel0.8__norm_original_radius,new_cel_removed_chunk_5,26,MC,4.766962396601836,96
sign_test_og_cel0.8__norm_original_radius,new_cel_removed_chunk_5,26,cosine_similarity,-0.3739044368267059,96
sign_test_og_cel0.8__norm_original_radius,new_cel_removed_chunk_5,26,kl_to_gaussian,1.1739684703756503,96
sign_test_og_cel0.8__norm_original_radius,new_cel_removed_chunk_5,26,wt_mean,-0.000906511748325925,96
sign_test_og_cel0.8__norm_original_radius,new_cel_removed_chunk_5,27,GR,6.49993887792031,96
sign_test_og_cel0.8__norm_original_radius,new_cel_removed_chunk_5,27,IPC,7.964716061542917,96
sign_test_og_cel0.8__norm_original_radius,new_cel_removed_chunk_5,27,KR,3.7474628537893295,96
sign_test_og_cel0.8__norm_original_radius,new_cel_removed_chunk_5,27,MC,4.391981768111388,96
sign_test_og_cel0.8__norm_original_radius,new_cel_removed_chunk_5,27,cosine_similarity,-0.3944744765758514,96
sign_test_og_cel0.8__norm_original_radius,new_cel_removed_chunk_5,27,kl_to_gaussian,1.1739684703756503,96
sign_test_og_cel0.8__norm_original_radius,new_cel_removed_chunk_5,27,wt_mean,-0.0009563827479723499,96
sign_test_og_cel0.8__norm_original_radius,new_cel_removed_chunk_5,28,GR,6.321454477806886,96
sign_test_og_cel0.8__norm_original_radius,new_cel_removed_chunk_5,28,IPC,8.417592615762159,96
sign_test_og_cel0.8__norm_original_radius,new_cel_removed_chunk_5,28,KR,3.8024517484009266,96
sign_test_og_cel0.8__norm_original_radius,new_cel_removed_chunk_5,28,MC,4.9230897923310595,96
sign_test_og_cel0.8__norm_original_radius,new_cel_removed_chunk_5,28,cosine_similarity,-0.37413953244686127,96
sign_test_og_cel0.8__norm_original_radius,new_cel_removed_chunk_5,28,kl_to_gaussian,1.1739684703756503,96
sign_test_og_cel0.8__norm_original_radius,new_cel_removed_chunk_5,28,wt_mean,-0.000907081732293575,96
sign_test_og_cel0.8__norm_original_radius,new_cel_removed_chunk_5,29,GR,5.8846891932189465,96
sign_test_og_cel0.8__norm_original_radius,new_cel_removed_chunk_5,29,IPC,8.816556258360011,96
sign_test_og_cel0.8__norm_original_radius,new_cel_removed_chunk_5,29,KR,3.524627627183994,96
sign_test_og_cel0.8__norm_original_radius,new_cel_removed_chunk_5,29,MC,4.875019224981467,96
sign_test_og_cel0.8__norm_original_radius,new_cel_removed_chunk_5,29,cosine_similarity,-0.3870692625641823,96
sign_test_og_cel0.8__norm_original_radius,new_cel_removed_chunk_5,29,kl_to_gaussian,1.1739684703756503,96
sign_test_og_cel0.8__norm_original_radius,new_cel_removed_chunk_5,29,wt_mean,-0.0009384291770401751,96
sign_test_og_cel0.8__norm_original_radius,new_cel_removed_chunk_6,30,GR,5.1955784658590956,96
sign_test_og_cel0.8__norm_original_radius,new_cel_removed_chunk_6,30,IPC,8.52526379793467,96
sign_test_og_cel0.8__norm_original_radius,new_cel_removed_chunk_6,30,KR,3.19283169383804,96
sign_test_og_cel0.8__norm_original_radius,new_cel_removed_chunk_6,30,MC,4.681977812200785,96
sign_test_og_cel0.8__norm_original_radius,new_cel_removed_chunk_6,30,cosine_similarity,-0.3808394521474838,96
sign_test_og_cel0.8__norm_original_radius,new_cel_removed_chunk_6,30,kl_to_gaussian,1.1739684703756503,96
sign_test_og_cel0.8__norm_original_radius,new_cel_removed_chunk_6,30,wt_mean,-0.0009233254095306,96
sign_test_og_cel0.8__norm_original_radius,new_cel_removed_chunk_6,31,GR,6.50377044826746,96
sign_test_og_cel0.8__norm_original_radius,new_cel_removed_chunk_6,31,IPC,8.308650583595325,96
sign_test_og_cel0.8__norm_original_radius,new_cel_removed_chunk_6,31,KR,3.849906632055839,96
sign_test_og_cel0.8__norm_original_radius,new_cel_removed_chunk_6,31,MC,4.796321312586467,96
sign_test_og_cel0.8__norm_original_radius,new_cel_removed_chunk_6,31,cosine_similarity,-0.38025176525115967,96
sign_test_og_cel0.8__norm_original_radius,new_cel_removed_chunk_6,31,kl_to_gaussian,1.1739684703756503,96
sign_test_og_cel0.8__norm_original_radius,new_cel_removed_chunk_6,31,wt_mean,-0.0009219005150952749,96
sign_test_og_cel0.8__norm_original_radius,new_cel_removed_chunk_6,32,GR,5.819598868489265,96
sign_test_og_cel0.8__norm_original_radius,new_cel_removed_chunk_6,32,IPC,8.389433737669334,96
sign_test_og_cel0.8__norm_original_radius,new_cel_removed_chunk_6,32,KR,3.5300837755203247,96
sign_test_og_cel0.8__norm_original_radius,new_cel_removed_chunk_6,32,MC,4.781539872288704,96
sign_test_og_cel0.8__norm_original_radius,new_cel_removed_chunk_6,32,cosine_similarity,-0.3714360445737839,96
sign_test_og_cel0.8__norm_original_radius,new_cel_removed_chunk_6,32,kl_to_gaussian,1.1739684703756503,96
sign_test_og_cel0.8__norm_original_radius,new_cel_removed_chunk_6,32,wt_mean,-0.0009005272440844751,96
sign_test_og_cel0.8__norm_original_radius,new_cel_removed_chunk_6,33,GR,5.7538081382711725,96
sign_test_og_cel0.8__norm_original_radius,new_cel_removed_chunk_6,33,IPC,8.702173387880984,96
sign_test_og_cel0.8__norm_original_radius,new_cel_removed_chunk_6,33,KR,3.4410417191684246,96
sign_test_og_cel0.8__norm_original_radius,new_cel_removed_chunk_6,33,MC,4.915201795597871,96
sign_test_og_cel0.8__norm_original_radius,new_cel_removed_chunk_6,33,cosine_similarity,-0.35979925096035,96
sign_test_og_cel0.8__norm_original_radius,new_cel_removed_chunk_6,33,kl_to_gaussian,1.1739684703756503,96
sign_test_og_cel0.8__norm_original_radius,new_cel_removed_chunk_6,33,wt_mean,-0.000872314500156725,96
sign_test_og_cel0.8__norm_original_radius,new_cel_removed_chunk_6,34,GR,5.258818491051595,96
sign_test_og_cel0.8__norm_original_radius,new_cel_removed_chunk_6,34,IPC,8.09805126274893,96
sign_test_og_cel0.8__norm_original_radius,new_cel_removed_chunk_6,34,KR,3.111243170996507,96
sign_test_og_cel0.8__norm_original_radius,new_cel_removed_chunk_6,34,MC,4.341125566512346,96
sign_test_og_cel0.8__norm_original_radius,new_cel_removed_chunk_6,34,cosine_similarity,-0.36120979487895966,96
sign_test_og_cel0.8__norm_original_radius,new_cel_removed_chunk_6,34,kl_to_gaussian,1.1739684703756503,96
sign_test_og_cel0.8__norm_original_radius,new_cel_removed_chunk_6,34,wt_mean,-0.0008757342875469,96
sign_test_og_cel0.8__norm_original_radius,new_cel_removed_chunk_7,35,GR,5.431968609491984,96
sign_test_og_cel0.8__norm_original_radius,new_cel_removed_chunk_7,35,IPC,8.077752019247514,96
sign_test_og_cel0.8__norm_original_radius,new_cel_removed_chunk_7,35,KR,3.276685558259487,96
sign_test_og_cel0.8__norm_original_radius,new_cel_removed_chunk_7,35,MC,4.649303858478864,96
sign_test_og_cel0.8__norm_original_radius,new_cel_removed_chunk_7,35,cosine_similarity,-0.358153685927391,96
sign_test_og_cel0.8__norm_original_radius,new_cel_removed_chunk_7,35,kl_to_gaussian,1.1739684703756503,96
sign_test_og_cel0.8__norm_original_radius,new_cel_removed_chunk_7,35,wt_mean,-0.0008683248306624,96
sign_test_og_cel0.8__norm_original_radius,new_cel_removed_chunk_7,36,GR,5.889905994137128,96
sign_test_og_cel0.8__norm_original_radius,new_cel_removed_chunk_7,36,IPC,8.250437294775692,96
sign_test_og_cel0.8__norm_original_radius,new_cel_removed_chunk_7,36,KR,3.5512195515135923,96
sign_test_og_cel0.8__norm_original_radius,new_cel_removed_chunk_7,36,MC,4.927297025918961,96
sign_test_og_cel0.8__norm_original_radius,new_cel_removed_chunk_7,36,cosine_similarity,-0.4094024300575256,96
sign_test_og_cel0.8__norm_original_radius,new_cel_removed_chunk_7,36,kl_to_gaussian,1.1739684703756503,96
sign_test_og_cel0.8__norm_original_radius,new_cel_removed_chunk_7,36,wt_mean,-0.000992574787232975,96
sign_test_og_cel0.8__norm_original_radius,new_cel_removed_chunk_7,37,GR,5.695061607907216,96
sign_test_og_cel0.8__norm_original_radius,new_cel_removed_chunk_7,37,IPC,8.91273660088966,96
sign_test_og_cel0.8__norm_original_radius,new_cel_removed_chunk_7,37,KR,3.4459650243322053,96
sign_test_og_cel0.8__norm_original_radius,new_cel_removed_chunk_7,37,MC,4.573483105748892,96
sign_test_og_cel0.8__norm_original_radius,new_cel_removed_chunk_7,37,cosine_similarity,-0.38177983462810516,96
sign_test_og_cel0.8__norm_original_radius,new_cel_removed_chunk_7,37,kl_to_gaussian,1.1739684703756503,96
sign_test_og_cel0.8__norm_original_radius,new_cel_removed_chunk_7,37,wt_mean,-0.000925605228985625,96
sign_test_og_cel0.8__norm_original_radius,new_cel_removed_chunk_7,38,GR,5.0380200917522115,96
sign_test_og_cel0.8__norm_original_radius,new_cel_removed_chunk_7,38,IPC,8.307653282766909,96
sign_test_og_cel0.8__norm_original_radius,new_cel_removed_chunk_7,38,KR,3.142431559662024,96
sign_test_og_cel0.8__norm_original_radius,new_cel_removed_chunk_7,38,MC,4.705343971649806,96
sign_test_og_cel0.8__norm_original_radius,new_cel_removed_chunk_7,38,cosine_similarity,-0.38448332250118256,96
sign_test_og_cel0.8__norm_original_radius,new_cel_removed_chunk_7,38,kl_to_gaussian,1.1739684703756503,96
sign_test_og_cel0.8__norm_original_radius,new_cel_removed_chunk_7,38,wt_mean,-0.00093215968809085,96
sign_test_og_cel0.8__norm_original_radius,new_cel_removed_chunk_7,39,GR,5.990500897169113,96
sign_test_og_cel0.8__norm_original_radius,new_cel_removed_chunk_7,39,IPC,8.720505534848568,96
sign_test_og_cel0.8__norm_original_radius,new_cel_removed_chunk_7,39,KR,3.617873257646958,96
sign_test_og_cel0.8__norm_original_radius,new_cel_removed_chunk_7,39,MC,5.436632417142391,96
sign_test_og_cel0.8__norm_original_radius,new_cel_removed_chunk_7,39,cosine_similarity,-0.40552351623773575,96
sign_test_og_cel0.8__norm_original_radius,new_cel_removed_chunk_7,39,kl_to_gaussian,1.1739684703756503,96
sign_test_og_cel0.8__norm_original_radius,new_cel_removed_chunk_7,39,wt_mean,-0.0009831705683609,96
sign_test_og_cel0.8__norm_original_radius,new_cel_removed_chunk_8,40,GR,5.856073764463265,96
sign_test_og_cel0.8__norm_original_radius,new_cel_removed_chunk_8,40,IPC,7.712588196477671,96
sign_test_og_cel0.8__norm_original_radius,new_cel_removed_chunk_8,40,KR,3.4489322987695537,96
sign_test_og_cel0.8__norm_original_radius,new_cel_removed_chunk_8,40,MC,4.169386738290389,96
sign_test_og_cel0.8__norm_original_radius,new_cel_removed_chunk_8,40,cosine_similarity,-0.37801844626665115,96
sign_test_og_cel0.8__norm_original_radius,new_cel_removed_chunk_8,40,kl_to_gaussian,1.1739684703756503,96
sign_test_og_cel0.8__norm_original_radius,new_cel_removed_chunk_8,40,wt_mean,-0.0009164859511656,96
sign_test_og_cel0.8__norm_original_radius,new_cel_removed_chunk_8,41,GR,5.832688837001721,96
sign_test_og_cel0.8__norm_original_radius,new_cel_removed_chunk_8,41,IPC,8.80332259463531,96
sign_test_og_cel0.8__norm_original_radius,new_cel_removed_chunk_8,41,KR,3.512957784036795,96
sign_test_og_cel0.8__norm_original_radius,new_cel_removed_chunk_8,41,MC,4.96648487697045,96
sign_test_og_cel0.8__norm_original_radius,new_cel_removed_chunk_8,41,cosine_similarity,-0.4066989496350288,96
sign_test_og_cel0.8__norm_original_radius,new_cel_removed_chunk_8,41,kl_to_gaussian,1.1739684703756503,96
sign_test_og_cel0.8__norm_original_radius,new_cel_removed_chunk_8,41,wt_mean,-0.000986020357231525,96
sign_test_og_cel0.8__norm_original_radius,new_cel_removed_chunk_8,42,GR,5.591958897809188,96
sign_test_og_cel0.8__norm_original_radius,new_cel_removed_chunk_8,42,IPC,8.556158026583345,96
sign_test_og_cel0.8__norm_original_radius,new_cel_removed_chunk_8,42,KR,3.425781585276127,96
sign_test_og_cel0.8__norm_original_radius,new_cel_removed_chunk_8,42,MC,5.028017396728198,96
sign_test_og_cel0.8__norm_original_radius,new_cel_removed_chunk_8,42,cosine_similarity,-0.39412183314561844,96
sign_test_og_cel0.8__norm_original_radius,new_cel_removed_chunk_8,42,kl_to_gaussian,1.1739684703756503,96
sign_test_og_cel0.8__norm_original_radius,new_cel_removed_chunk_8,42,wt_mean,-0.0009555277938488,96
sign_test_og_cel0.8__norm_original_radius,new_cel_removed_chunk_8,43,GR,6.380859132856131,96
sign_test_og_cel0.8__norm_original_radius,new_cel_removed_chunk_8,43,IPC,7.654115022010146,96
sign_test_og_cel0.8__norm_original_radius,new_cel_removed_chunk_8,43,KR,3.806759854157766,96
sign_test_og_cel0.8__norm_original_radius,new_cel_removed_chunk_8,43,MC,4.5407356930275755,96
sign_test_og_cel0.8__norm_original_radius,new_cel_removed_chunk_8,43,cosine_similarity,-0.3972955122590065,96
sign_test_og_cel0.8__norm_original_radius,new_cel_removed_chunk_8,43,kl_to_gaussian,1.1739684703756503,96
sign_test_og_cel0.8__norm_original_radius,new_cel_removed_chunk_8,43,wt_mean,-0.0009632221917854001,96
sign_test_og_cel0.8__norm_original_radius,new_cel_removed_chunk_8,44,GR,5.514329651991527,96
sign_test_og_cel0.8__norm_original_radius,new_cel_removed_chunk_8,44,IPC,8.011833290574232,96
sign_test_og_cel0.8__norm_original_radius,new_cel_removed_chunk_8,44,KR,3.3299870739380517,96
sign_test_og_cel0.8__norm_original_radius,new_cel_removed_chunk_8,44,MC,4.669335154195626,96
sign_test_og_cel0.8__norm_original_radius,new_cel_removed_chunk_8,44,cosine_similarity,-0.3874218910932541,96
sign_test_og_cel0.8__norm_original_radius,new_cel_removed_chunk_8,44,kl_to_gaussian,1.1739684703756503,96
sign_test_og_cel0.8__norm_original_radius,new_cel_removed_chunk_8,44,wt_mean,-0.0009392840584041,96
sign_test_og_cel0.8__norm_original_radius,new_cel_removed_chunk_9,45,GR,6.05834083755811,96
sign_test_og_cel0.8__norm_original_radius,new_cel_removed_chunk_9,45,IPC,8.057034361444058,96
sign_test_og_cel0.8__norm_original_radius,new_cel_removed_chunk_9,45,KR,3.681926626712084,96
sign_test_og_cel0.8__norm_original_radius,new_cel_removed_chunk_9,45,MC,4.499262028684218,96
sign_test_og_cel0.8__norm_original_radius,new_cel_removed_chunk_9,45,cosine_similarity,-0.383542962372303,96
sign_test_og_cel0.8__norm_original_radius,new_cel_removed_chunk_9,45,kl_to_gaussian,1.1739684703756503,96
sign_test_og_cel0.8__norm_original_radius,new_cel_removed_chunk_9,45,wt_mean,-0.000929879883187775,96
sign_test_og_cel0.8__norm_original_radius,new_cel_removed_chunk_9,46,GR,5.405730030188958,96
sign_test_og_cel0.8__norm_original_radius,new_cel_removed_chunk_9,46,IPC,7.973762387524622,96
sign_test_og_cel0.8__norm_original_radius,new_cel_removed_chunk_9,46,KR,3.26084362094601,96
sign_test_og_cel0.8__norm_original_radius,new_cel_removed_chunk_9,46,MC,4.665209362904231,96
sign_test_og_cel0.8__norm_original_radius,new_cel_removed_chunk_9,46,cosine_similarity,-0.4085796326398849,96
sign_test_og_cel0.8__norm_original_radius,new_cel_removed_chunk_9,46,kl_to_gaussian,1.1739684703756503,96
sign_test_og_cel0.8__norm_original_radius,new_cel_removed_chunk_9,46,wt_mean,-0.000990579981589625,96
sign_test_og_cel0.8__norm_original_radius,new_cel_removed_chunk_9,47,GR,6.004532261441152,96
sign_test_og_cel0.8__norm_original_radius,new_cel_removed_chunk_9,47,IPC,8.117895185944993,96
sign_test_og_cel0.8__norm_original_radius,new_cel_removed_chunk_9,47,KR,3.6321165362993875,96
sign_test_og_cel0.8__norm_original_radius,new_cel_removed_chunk_9,47,MC,4.6783173481623335,96
sign_test_og_cel0.8__norm_original_radius,new_cel_removed_chunk_9,47,cosine_similarity,-0.3730816394090652,96
sign_test_og_cel0.8__norm_original_radius,new_cel_removed_chunk_9,47,kl_to_gaussian,1.1739684703756503,96
sign_test_og_cel0.8__norm_original_radius,new_cel_removed_chunk_9,47,wt_mean,-0.0009045169426826,96
sign_test_og_cel0.8__norm_original_radius,new_cel_removed_chunk_9,48,GR,5.10230474298199,96
sign_test_og_cel0.8__norm_original_radius,new_cel_removed_chunk_9,48,IPC,8.620231422767526,96
sign_test_og_cel0.8__norm_original_radius,new_cel_removed_chunk_9,48,KR,3.1633533289035163,96
sign_test_og_cel0.8__norm_original_radius,new_cel_removed_chunk_9,48,MC,4.671998345603545,96
sign_test_og_cel0.8__norm_original_radius,new_cel_removed_chunk_9,48,cosine_similarity,-0.3930639550089836,96
sign_test_og_cel0.8__norm_original_radius,new_cel_removed_chunk_9,48,kl_to_gaussian,1.1739684703756503,96
sign_test_og_cel0.8__norm_original_radius,new_cel_removed_chunk_9,48,wt_mean,-0.0009529630478936499,96
sign_test_og_cel0.8__norm_original_radius,new_cel_removed_chunk_9,49,GR,6.334632687270641,96
sign_test_og_cel0.8__norm_original_radius,new_cel_removed_chunk_9,49,IPC,8.430815387969426,96
sign_test_og_cel0.8__norm_original_radius,new_cel_removed_chunk_9,49,KR,3.870352511604627,96
sign_test_og_cel0.8__norm_original_radius,new_cel_removed_chunk_9,49,MC,4.730720420678456,96
sign_test_og_cel0.8__norm_original_radius,new_cel_removed_chunk_9,49,cosine_similarity,-0.372964084148407,96
sign_test_og_cel0.8__norm_original_radius,new_cel_removed_chunk_9,49,kl_to_gaussian,1.1739684703756503,96
sign_test_og_cel0.8__norm_original_radius,new_cel_removed_chunk_9,49,wt_mean,-0.0009042319725267,96
sign_test_og_cel0.8__norm_spectral_radius,new_cel_removed_chunk_0,0,GR,6.274678493539493,96
sign_test_og_cel0.8__norm_spectral_radius,new_cel_removed_chunk_0,0,IPC,8.758699439000464,96
sign_test_og_cel0.8__norm_spectral_radius,new_cel_removed_chunk_0,0,KR,3.794716933121284,96
sign_test_og_cel0.8__norm_spectral_radius,new_cel_removed_chunk_0,0,MC,5.119970537722111,96
sign_test_og_cel0.8__norm_spectral_radius,new_cel_removed_chunk_0,0,cosine_similarity,-0.3699079751968384,96
sign_test_og_cel0.8__norm_spectral_radius,new_cel_removed_chunk_0,0,kl_to_gaussian,1.173968590885262,96
sign_test_og_cel0.8__norm_spectral_radius,new_cel_removed_chunk_0,0,wt_mean,-0.0010001111077144501,96
sign_test_og_cel0.8__norm_spectral_radius,new_cel_removed_chunk_0,1,GR,8.707655097047487,96
sign_test_og_cel0.8__norm_spectral_radius,new_cel_removed_chunk_0,1,IPC,8.939914538492292,96
sign_test_og_cel0.8__norm_spectral_radius,new_cel_removed_chunk_0,1,KR,5.037707435588042,96
sign_test_og_cel0.8__norm_spectral_radius,new_cel_removed_chunk_0,1,MC,4.960515091816585,96
sign_test_og_cel0.8__norm_spectral_radius,new_cel_removed_chunk_0,1,cosine_similarity,-0.4079919308423996,96
sign_test_og_cel0.8__norm_spectral_radius,new_cel_removed_chunk_0,1,kl_to_gaussian,1.1739684898998999,96
sign_test_og_cel0.8__norm_spectral_radius,new_cel_removed_chunk_0,1,wt_mean,-0.001331347142695375,96
sign_test_og_cel0.8__norm_spectral_radius,new_cel_removed_chunk_0,2,GR,11.769483660658201,96
sign_test_og_cel0.8__norm_spectral_radius,new_cel_removed_chunk_0,2,IPC,9.956801019646582,96
sign_test_og_cel0.8__norm_spectral_radius,new_cel_removed_chunk_0,2,KR,6.41478947053353,96
sign_test_og_cel0.8__norm_spectral_radius,new_cel_removed_chunk_0,2,MC,5.9753119225303335,96
sign_test_og_cel0.8__norm_spectral_radius,new_cel_removed_chunk_0,2,cosine_similarity,-0.37202376127243036,96
sign_test_og_cel0.8__norm_spectral_radius,new_cel_removed_chunk_0,2,kl_to_gaussian,1.173968536021478,96
sign_test_og_cel0.8__norm_spectral_radius,new_cel_removed_chunk_0,2,wt_mean,-0.001532719499664325,96
sign_test_og_cel0.8__norm_spectral_radius,new_cel_removed_chunk_0,3,GR,15.227724740902582,96
sign_test_og_cel0.8__norm_spectral_radius,new_cel_removed_chunk_0,3,IPC,10.144591132439322,96
sign_test_og_cel0.8__norm_spectral_radius,new_cel_removed_chunk_0,3,KR,7.980618228514989,96
sign_test_og_cel0.8__norm_spectral_radius,new_cel_removed_chunk_0,3,MC,5.92849788069725,96
sign_test_og_cel0.8__norm_spectral_radius,new_cel_removed_chunk_0,3,cosine_similarity,-0.3821324482560158,96
sign_test_og_cel0.8__norm_spectral_radius,new_cel_removed_chunk_0,3,kl_to_gaussian,1.1739685287082564,96
sign_test_og_cel0.8__norm_spectral_radius,new_cel_removed_chunk_0,3,wt_mean,-0.0017657228745519501,96
sign_test_og_cel0.8__norm_spectral_radius,new_cel_removed_chunk_0,4,GR,11.48390511671702,96
sign_test_og_cel0.8__norm_spectral_radius,new_cel_removed_chunk_0,4,IPC,9.579446884011839,96
sign_test_og_cel0.8__norm_spectral_radius,new_cel_removed_chunk_0,4,KR,6.157881855964661,96
sign_test_og_cel0.8__norm_spectral_radius,new_cel_removed_chunk_0,4,MC,5.527883750696977,96
sign_test_og_cel0.8__norm_spectral_radius,new_cel_removed_chunk_0,4,cosine_similarity,-0.3834254145622253,96
sign_test_og_cel0.8__norm_spectral_radius,new_cel_removed_chunk_0,4,kl_to_gaussian,1.173968562465227,96
sign_test_og_cel0.8__norm_spectral_radius,new_cel_removed_chunk_0,4,wt_mean,-0.0017205993353854251,96
sign_test_og_cel0.8__norm_spectral_radius,new_cel_removed_chunk_1,5,GR,7.321652136743069,96
sign_test_og_cel0.8__norm_spectral_radius,new_cel_removed_chunk_1,5,IPC,9.525281177582771,96
sign_test_og_cel0.8__norm_spectral_radius,new_cel_removed_chunk_1,5,KR,4.479402447740237,96
sign_test_og_cel0.8__norm_spectral_radius,new_cel_removed_chunk_1,5,MC,5.69745356341203,96
sign_test_og_cel0.8__norm_spectral_radius,new_cel_removed_chunk_1,5,cosine_similarity,-0.3794289454817772,96
sign_test_og_cel0.8__norm_spectral_radius,new_cel_removed_chunk_1,5,kl_to_gaussian,1.1739686017757642,96
sign_test_og_cel0.8__norm_spectral_radius,new_cel_removed_chunk_1,5,wt_mean,-0.00112851121230045,96
sign_test_og_cel0.8__norm_spectral_radius,new_cel_removed_chunk_1,6,GR,15.972687602043152,96
sign_test_og_cel0.8__norm_spectral_radius,new_cel_removed_chunk_1,6,IPC,11.266506913082816,96
sign_test_og_cel0.8__norm_spectral_radius,new_cel_removed_chunk_1,6,KR,8.762860715389252,96
sign_test_og_cel0.8__norm_spectral_radius,new_cel_removed_chunk_1,6,MC,6.516229276855786,96
sign_test_og_cel0.8__norm_spectral_radius,new_cel_removed_chunk_1,6,cosine_similarity,-0.366616815328598,96
sign_test_og_cel0.8__norm_spectral_radius,new_cel_removed_chunk_1,6,kl_to_gaussian,1.173968554078187,96
sign_test_og_cel0.8__norm_spectral_radius,new_cel_removed_chunk_1,6,wt_mean,-0.0017877450736704752,96
sign_test_og_cel0.8__norm_spectral_radius,new_cel_removed_chunk_1,7,GR,7.286830119788647,96
sign_test_og_cel0.8__norm_spectral_radius,new_cel_removed_chunk_1,7,IPC,8.663609128511775,96
sign_test_og_cel0.8__norm_spectral_radius,new_cel_removed_chunk_1,7,KR,4.1408096216619015,96
sign_test_og_cel0.8__norm_spectral_radius,new_cel_removed_chunk_1,7,MC,4.87483196457227,96
sign_test_og_cel0.8__norm_spectral_radius,new_cel_removed_chunk_1,7,cosine_similarity,-0.4179830849170685,96
sign_test_og_cel0.8__norm_spectral_radius,new_cel_removed_chunk_1,7,kl_to_gaussian,1.173968576824646,96
sign_test_og_cel0.8__norm_spectral_radius,new_cel_removed_chunk_1,7,wt_mean,-0.00125956005649635,96
sign_test_og_cel0.8__norm_spectral_radius,new_cel_removed_chunk_1,8,GR,10.697069893280664,96
sign_test_og_cel0.8__norm_spectral_radius,new_cel_removed_chunk_1,8,IPC,9.427068166808453,96
sign_test_og_cel0.8__norm_spectral_radius,new_cel_removed_chunk_1,8,KR,5.9019100939234095,96
sign_test_og_cel0.8__norm_spectral_radius,new_cel_removed_chunk_1,8,MC,5.13225540642937,96
sign_test_og_cel0.8__norm_spectral_radius,new_cel_removed_chunk_1,8,cosine_similarity,-0.3983533978462219,96
sign_test_og_cel0.8__norm_spectral_radius,new_cel_removed_chunk_1,8,kl_to_gaussian,1.1739686101716544,96
sign_test_og_cel0.8__norm_spectral_radius,new_cel_removed_chunk_1,8,wt_mean,-0.001556556089781175,96
sign_test_og_cel0.8__norm_spectral_radius,new_cel_removed_chunk_1,9,GR,10.332920779784521,96
sign_test_og_cel0.8__norm_spectral_radius,new_cel_removed_chunk_1,9,IPC,9.38831737745458,96
sign_test_og_cel0.8__norm_spectral_radius,new_cel_removed_chunk_1,9,KR,5.907901567717393,96
sign_test_og_cel0.8__norm_spectral_radius,new_cel_removed_chunk_1,9,MC,5.293341100215912,96
sign_test_og_cel0.8__norm_spectral_radius,new_cel_removed_chunk_1,9,cosine_similarity,-0.36790974438190455,96
sign_test_og_cel0.8__norm_spectral_radius,new_cel_removed_chunk_1,9,kl_to_gaussian,1.1739685141104974,96
sign_test_og_cel0.8__norm_spectral_radius,new_cel_removed_chunk_1,9,wt_mean,-0.0013417339505394498,96
sign_test_og_cel0.8__norm_spectral_radius,new_cel_removed_chunk_10,50,GR,6.610186152160168,96
sign_test_og_cel0.8__norm_spectral_radius,new_cel_removed_chunk_10,50,IPC,8.846680339496574,96
sign_test_og_cel0.8__norm_spectral_radius,new_cel_removed_chunk_10,50,KR,4.155714100847642,96
sign_test_og_cel0.8__norm_spectral_radius,new_cel_removed_chunk_10,50,MC,5.153418983022372,96
sign_test_og_cel0.8__norm_spectral_radius,new_cel_removed_chunk_10,50,cosine_similarity,-0.3885972872376442,96
sign_test_og_cel0.8__norm_spectral_radius,new_cel_removed_chunk_10,50,kl_to_gaussian,1.1739685887181248,96
sign_test_og_cel0.8__norm_spectral_radius,new_cel_removed_chunk_10,50,wt_mean,-0.00105976252234535,96
sign_test_og_cel0.8__norm_spectral_radius,new_cel_removed_chunk_10,51,GR,9.692490202685198,96
sign_test_og_cel0.8__norm_spectral_radius,new_cel_removed_chunk_10,51,IPC,9.464527511999455,96
sign_test_og_cel0.8__norm_spectral_radius,new_cel_removed_chunk_10,51,KR,5.561484341820081,96
sign_test_og_cel0.8__norm_spectral_radius,new_cel_removed_chunk_10,51,MC,5.344542081157367,96
sign_test_og_cel0.8__norm_spectral_radius,new_cel_removed_chunk_10,51,cosine_similarity,-0.37378688901662827,96
sign_test_og_cel0.8__norm_spectral_radius,new_cel_removed_chunk_10,51,kl_to_gaussian,1.173968538540743,96
sign_test_og_cel0.8__norm_spectral_radius,new_cel_removed_chunk_10,51,wt_mean,-0.001382636648486325,96
sign_test_og_cel0.8__norm_spectral_radius,new_cel_removed_chunk_10,52,GR,7.296716153621674,96
sign_test_og_cel0.8__norm_spectral_radius,new_cel_removed_chunk_10,52,IPC,8.30445665320859,96
sign_test_og_cel0.8__norm_spectral_radius,new_cel_removed_chunk_10,52,KR,4.31551859031121,96
sign_test_og_cel0.8__norm_spectral_radius,new_cel_removed_chunk_10,52,MC,4.775424995770057,96
sign_test_og_cel0.8__norm_spectral_radius,new_cel_removed_chunk_10,52,cosine_similarity,-0.38025175780057907,96
sign_test_og_cel0.8__norm_spectral_radius,new_cel_removed_chunk_10,52,kl_to_gaussian,1.1739685091645538,96
sign_test_og_cel0.8__norm_spectral_radius,new_cel_removed_chunk_10,52,wt_mean,-0.001165320558357,96
sign_test_og_cel0.8__norm_spectral_radius,new_cel_removed_chunk_10,53,GR,14.759332795937857,96
sign_test_og_cel0.8__norm_spectral_radius,new_cel_removed_chunk_10,53,IPC,10.839395766161138,96
sign_test_og_cel0.8__norm_spectral_radius,new_cel_removed_chunk_10,53,KR,8.24456104884545,96
sign_test_og_cel0.8__norm_spectral_radius,new_cel_removed_chunk_10,53,MC,6.615327539543311,96
sign_test_og_cel0.8__norm_spectral_radius,new_cel_removed_chunk_10,53,cosine_similarity,-0.4023498445749283,96
sign_test_og_cel0.8__norm_spectral_radius,new_cel_removed_chunk_10,53,kl_to_gaussian,1.17396854063825,96
sign_test_og_cel0.8__norm_spectral_radius,new_cel_removed_chunk_10,53,wt_mean,-0.002050929499091525,96
sign_test_og_cel0.8__norm_spectral_radius,new_cel_removed_chunk_10,54,GR,12.170385936896006,96
sign_test_og_cel0.8__norm_spectral_radius,new_cel_removed_chunk_10,54,IPC,9.366899489584615,96
sign_test_og_cel0.8__norm_spectral_radius,new_cel_removed_chunk_10,54,KR,6.842860688765843,96
sign_test_og_cel0.8__norm_spectral_radius,new_cel_removed_chunk_10,54,MC,5.822146115203698,96
sign_test_og_cel0.8__norm_spectral_radius,new_cel_removed_chunk_10,54,cosine_similarity,-0.3679097518324852,96
sign_test_og_cel0.8__norm_spectral_radius,new_cel_removed_chunk_10,54,kl_to_gaussian,1.1739684497538014,96
sign_test_og_cel0.8__norm_spectral_radius,new_cel_removed_chunk_10,54,wt_mean,-0.001663792441831875,96
sign_test_og_cel0.8__norm_spectral_radius,new_cel_removed_chunk_11,55,GR,10.356304484109083,96
sign_test_og_cel0.8__norm_spectral_radius,new_cel_removed_chunk_11,55,IPC,10.08554227585139,96
sign_test_og_cel0.8__norm_spectral_radius,new_cel_removed_chunk_11,55,KR,5.963731236755848,96
sign_test_og_cel0.8__norm_spectral_radius,new_cel_removed_chunk_11,55,MC,5.878470512727897,96
sign_test_og_cel0.8__norm_spectral_radius,new_cel_removed_chunk_11,55,cosine_similarity,-0.3877745270729065,96
sign_test_og_cel0.8__norm_spectral_radius,new_cel_removed_chunk_11,55,kl_to_gaussian,1.1739685656488552,96
sign_test_og_cel0.8__norm_spectral_radius,new_cel_removed_chunk_11,55,wt_mean,-0.001476062025176325,96
sign_test_og_cel0.8__norm_spectral_radius,new_cel_removed_chunk_11,56,GR,9.772629390160242,96
sign_test_og_cel0.8__norm_spectral_radius,new_cel_removed_chunk_11,56,IPC,10.357545317031157,96
sign_test_og_cel0.8__norm_spectral_radius,new_cel_removed_chunk_11,56,KR,5.540862262248993,96
sign_test_og_cel0.8__norm_spectral_radius,new_cel_removed_chunk_11,56,MC,5.693916849792004,96
sign_test_og_cel0.8__norm_spectral_radius,new_cel_removed_chunk_11,56,cosine_similarity,-0.3918885439634323,96
sign_test_og_cel0.8__norm_spectral_radius,new_cel_removed_chunk_11,56,kl_to_gaussian,1.1739684897051637,96
sign_test_og_cel0.8__norm_spectral_radius,new_cel_removed_chunk_11,56,wt_mean,-0.0015358331729657252,96
sign_test_og_cel0.8__norm_spectral_radius,new_cel_removed_chunk_11,57,GR,11.555752562979857,96
sign_test_og_cel0.8__norm_spectral_radius,new_cel_removed_chunk_11,57,IPC,10.833963689713025,96
sign_test_og_cel0.8__norm_spectral_radius,new_cel_removed_chunk_11,57,KR,6.5121483107407885,96
sign_test_og_cel0.8__norm_spectral_radius,new_cel_removed_chunk_11,57,MC,6.412933453917503,96
sign_test_og_cel0.8__norm_spectral_radius,new_cel_removed_chunk_11,57,cosine_similarity,-0.38601136207580566,96
sign_test_og_cel0.8__norm_spectral_radius,new_cel_removed_chunk_11,57,kl_to_gaussian,1.1739684508149486,96
sign_test_og_cel0.8__norm_spectral_radius,new_cel_removed_chunk_11,57,wt_mean,-0.0016673082718625,96
sign_test_og_cel0.8__norm_spectral_radius,new_cel_removed_chunk_11,58,GR,8.27659293760856,96
sign_test_og_cel0.8__norm_spectral_radius,new_cel_removed_chunk_11,58,IPC,8.594910309904119,96
sign_test_og_cel0.8__norm_spectral_radius,new_cel_removed_chunk_11,58,KR,4.676098021368186,96
sign_test_og_cel0.8__norm_spectral_radius,new_cel_removed_chunk_11,58,MC,4.7226744666695595,96
sign_test_og_cel0.8__norm_spectral_radius,new_cel_removed_chunk_11,58,cosine_similarity,-0.39141835272312164,96
sign_test_og_cel0.8__norm_spectral_radius,new_cel_removed_chunk_11,58,kl_to_gaussian,1.1739685928703194,96
sign_test_og_cel0.8__norm_spectral_radius,new_cel_removed_chunk_11,58,wt_mean,-0.001098388747777725,96
sign_test_og_cel0.8__norm_spectral_radius,new_cel_removed_chunk_11,59,GR,11.04017329464356,96
sign_test_og_cel0.8__norm_spectral_radius,new_cel_removed_chunk_11,59,IPC,9.725284750731127,96
sign_test_og_cel0.8__norm_spectral_radius,new_cel_removed_chunk_11,59,KR,6.197493833800157,96
sign_test_og_cel0.8__norm_spectral_radius,new_cel_removed_chunk_11,59,MC,5.331824625531833,96
sign_test_og_cel0.8__norm_spectral_radius,new_cel_removed_chunk_11,59,cosine_similarity,-0.3804868385195732,96
sign_test_og_cel0.8__norm_spectral_radius,new_cel_removed_chunk_11,59,kl_to_gaussian,1.1739686162990408,96
sign_test_og_cel0.8__norm_spectral_radius,new_cel_removed_chunk_11,59,wt_mean,-0.001541865640319825,96
sign_test_og_cel0.8__norm_spectral_radius,new_cel_removed_chunk_12,60,GR,7.943668690820535,96
sign_test_og_cel0.8__norm_spectral_radius,new_cel_removed_chunk_12,60,IPC,8.83904828054428,96
sign_test_og_cel0.8__norm_spectral_radius,new_cel_removed_chunk_12,60,KR,4.684833570073049,96
sign_test_og_cel0.8__norm_spectral_radius,new_cel_removed_chunk_12,60,MC,4.915241035322349,96
sign_test_og_cel0.8__norm_spectral_radius,new_cel_removed_chunk_12,60,cosine_similarity,-0.41351646184921265,96
sign_test_og_cel0.8__norm_spectral_radius,new_cel_removed_chunk_12,60,kl_to_gaussian,1.1739684790725902,96
sign_test_og_cel0.8__norm_spectral_radius,new_cel_removed_chunk_12,60,wt_mean,-0.001341405455605075,96
sign_test_og_cel0.8__norm_spectral_radius,new_cel_removed_chunk_12,61,GR,8.307156157990297,96
sign_test_og_cel0.8__norm_spectral_radius,new_cel_removed_chunk_12,61,IPC,9.705114924144064,96
sign_test_og_cel0.8__norm_spectral_radius,new_cel_removed_chunk_12,61,KR,4.747642842431863,96
sign_test_og_cel0.8__norm_spectral_radius,new_cel_removed_chunk_12,61,MC,5.338551218310992,96
sign_test_og_cel0.8__norm_spectral_radius,new_cel_removed_chunk_12,61,cosine_similarity,-0.3606220856308937,96
sign_test_og_cel0.8__norm_spectral_radius,new_cel_removed_chunk_12,61,kl_to_gaussian,1.173968484118682,96
sign_test_og_cel0.8__norm_spectral_radius,new_cel_removed_chunk_12,61,wt_mean,-0.001158487022621525,96
sign_test_og_cel0.8__norm_spectral_radius,new_cel_removed_chunk_12,62,GR,10.140439522763094,96
sign_test_og_cel0.8__norm_spectral_radius,new_cel_removed_chunk_12,62,IPC,9.74124430892673,96
sign_test_og_cel0.8__norm_spectral_radius,new_cel_removed_chunk_12,62,KR,5.6337209691603976,96
sign_test_og_cel0.8__norm_spectral_radius,new_cel_removed_chunk_12,62,MC,5.4894482518235845,96
sign_test_og_cel0.8__norm_spectral_radius,new_cel_removed_chunk_12,62,cosine_similarity,-0.3874218910932541,96
sign_test_og_cel0.8__norm_spectral_radius,new_cel_removed_chunk_12,62,kl_to_gaussian,1.173968551855349,96
sign_test_og_cel0.8__norm_spectral_radius,new_cel_removed_chunk_12,62,wt_mean,-0.001512099464889575,96
sign_test_og_cel0.8__norm_spectral_radius,new_cel_removed_chunk_12,63,GR,7.92607460419337,96
sign_test_og_cel0.8__norm_spectral_radius,new_cel_removed_chunk_12,63,IPC,9.02365195931294,96
sign_test_og_cel0.8__norm_spectral_radius,new_cel_removed_chunk_12,63,KR,4.63479387263457,96
sign_test_og_cel0.8__norm_spectral_radius,new_cel_removed_chunk_12,63,MC,5.191049205760161,96
sign_test_og_cel0.8__norm_spectral_radius,new_cel_removed_chunk_12,63,cosine_similarity,-0.38107456266880035,96
sign_test_og_cel0.8__norm_spectral_radius,new_cel_removed_chunk_12,63,kl_to_gaussian,1.173968473326872,96
sign_test_og_cel0.8__norm_spectral_radius,new_cel_removed_chunk_12,63,wt_mean,-0.00118294416461135,96
sign_test_og_cel0.8__norm_spectral_radius,new_cel_removed_chunk_12,64,GR,14.961589229603609,96
sign_test_og_cel0.8__norm_spectral_radius,new_cel_removed_chunk_12,64,IPC,10.154236765248779,96
sign_test_og_cel0.8__norm_spectral_radius,new_cel_removed_chunk_12,64,KR,8.247175350785255,96
sign_test_og_cel0.8__norm_spectral_radius,new_cel_removed_chunk_12,64,MC,5.880584575235844,96
sign_test_og_cel0.8__norm_spectral_radius,new_cel_removed_chunk_12,64,cosine_similarity,-0.3610922545194626,96
sign_test_og_cel0.8__norm_spectral_radius,new_cel_removed_chunk_12,64,kl_to_gaussian,1.1739686101564735,96
sign_test_og_cel0.8__norm_spectral_radius,new_cel_removed_chunk_12,64,wt_mean,-0.00170635024551295,96
sign_test_og_cel0.8__norm_spectral_radius,new_cel_removed_chunk_13,65,GR,10.176431802411875,96
sign_test_og_cel0.8__norm_spectral_radius,new_cel_removed_chunk_13,65,IPC,9.815393406373106,96
sign_test_og_cel0.8__norm_spectral_radius,new_cel_removed_chunk_13,65,KR,5.774773354331653,96
sign_test_og_cel0.8__norm_spectral_radius,new_cel_removed_chunk_13,65,MC,5.619540691375732,96
sign_test_og_cel0.8__norm_spectral_radius,new_cel_removed_chunk_13,65,cosine_similarity,-0.36356066167354584,96
sign_test_og_cel0.8__norm_spectral_radius,new_cel_removed_chunk_13,65,kl_to_gaussian,1.1739684723709953,96
sign_test_og_cel0.8__norm_spectral_radius,new_cel_removed_chunk_13,65,wt_mean,-0.00137762905796985,96
sign_test_og_cel0.8__norm_spectral_radius,new_cel_removed_chunk_13,66,GR,6.8810242128868895,96
sign_test_og_cel0.8__norm_spectral_radius,new_cel_removed_chunk_13,66,IPC,8.853336350504755,96
sign_test_og_cel0.8__norm_spectral_radius,new_cel_removed_chunk_13,66,KR,3.9944373394052186,96
sign_test_og_cel0.8__norm_spectral_radius,new_cel_removed_chunk_13,66,MC,4.663953083256881,96
sign_test_og_cel0.8__norm_spectral_radius,new_cel_removed_chunk_13,66,cosine_similarity,-0.35968172550201416,96
sign_test_og_cel0.8__norm_spectral_radius,new_cel_removed_chunk_13,66,kl_to_gaussian,1.1739685619153704,96
sign_test_og_cel0.8__norm_spectral_radius,new_cel_removed_chunk_13,66,wt_mean,-0.001130507298512325,96
sign_test_og_cel0.8__norm_spectral_radius,new_cel_removed_chunk_13,67,GR,7.771736614406109,96
sign_test_og_cel0.8__norm_spectral_radius,new_cel_removed_chunk_13,67,IPC,8.351044833377633,96
sign_test_og_cel0.8__norm_spectral_radius,new_cel_removed_chunk_13,67,KR,4.551699428508679,96
sign_test_og_cel0.8__norm_spectral_radius,new_cel_removed_chunk_13,67,MC,4.938119163115819,96
sign_test_og_cel0.8__norm_spectral_radius,new_cel_removed_chunk_13,67,cosine_similarity,-0.37907634675502777,96
sign_test_og_cel0.8__norm_spectral_radius,new_cel_removed_chunk_13,67,kl_to_gaussian,1.1739685488090041,96
sign_test_og_cel0.8__norm_spectral_radius,new_cel_removed_chunk_13,67,wt_mean,-0.0011427149875089,96
sign_test_og_cel0.8__norm_spectral_radius,new_cel_removed_chunk_13,68,GR,10.691917431851229,96
sign_test_og_cel0.8__norm_spectral_radius,new_cel_removed_chunk_13,68,IPC,8.923136399050945,96
sign_test_og_cel0.8__norm_spectral_radius,new_cel_removed_chunk_13,68,KR,6.0320610130826635,96
sign_test_og_cel0.8__norm_spectral_radius,new_cel_removed_chunk_13,68,MC,5.554718186457952,96
sign_test_og_cel0.8__norm_spectral_radius,new_cel_removed_chunk_13,68,cosine_similarity,-0.3693202883005142,96
sign_test_og_cel0.8__norm_spectral_radius,new_cel_removed_chunk_13,68,kl_to_gaussian,1.1739685311026133,96
sign_test_og_cel0.8__norm_spectral_radius,new_cel_removed_chunk_13,68,wt_mean,-0.0012742182734654499,96
sign_test_og_cel0.8__norm_spectral_radius,new_cel_removed_chunk_13,69,GR,7.187522432456414,96
sign_test_og_cel0.8__norm_spectral_radius,new_cel_removed_chunk_13,69,IPC,8.40890723080271,96
sign_test_og_cel0.8__norm_spectral_radius,new_cel_removed_chunk_13,69,KR,4.029362889627616,96
sign_test_og_cel0.8__norm_spectral_radius,new_cel_removed_chunk_13,69,MC,4.575208466500044,96
sign_test_og_cel0.8__norm_spectral_radius,new_cel_removed_chunk_13,69,cosine_similarity,-0.3729640915989876,96
sign_test_og_cel0.8__norm_spectral_radius,new_cel_removed_chunk_13,69,kl_to_gaussian,1.17396852254254,96
sign_test_og_cel0.8__norm_spectral_radius,new_cel_removed_chunk_13,69,wt_mean,-0.0010543631506152,96
sign_test_og_cel0.8__norm_spectral_radius,new_cel_removed_chunk_14,70,GR,5.905838765203953,96
sign_test_og_cel0.8__norm_spectral_radius,new_cel_removed_chunk_14,70,IPC,8.0843626136812,96
sign_test_og_cel0.8__norm_spectral_radius,new_cel_removed_chunk_14,70,KR,3.58880016207695,96
sign_test_og_cel0.8__norm_spectral_radius,new_cel_removed_chunk_14,70,MC,4.885408848524094,96
sign_test_og_cel0.8__norm_spectral_radius,new_cel_removed_chunk_14,70,cosine_similarity,-0.394356906414032,96
sign_test_og_cel0.8__norm_spectral_radius,new_cel_removed_chunk_14,70,kl_to_gaussian,1.173968321034249,96
sign_test_og_cel0.8__norm_spectral_radius,new_cel_removed_chunk_14,70,wt_mean,-0.001008765466394775,96
sign_test_og_cel0.8__norm_spectral_radius,new_cel_removed_chunk_14,71,GR,15.365979962050915,96
sign_test_og_cel0.8__norm_spectral_radius,new_cel_removed_chunk_14,71,IPC,10.794487196052893,96
sign_test_og_cel0.8__norm_spectral_radius,new_cel_removed_chunk_14,71,KR,8.486193569997946,96
sign_test_og_cel0.8__norm_spectral_radius,new_cel_removed_chunk_14,71,MC,6.233600745598475,96
sign_test_og_cel0.8__norm_spectral_radius,new_cel_removed_chunk_14,71,cosine_similarity,-0.3956498950719833,96
sign_test_og_cel0.8__norm_spectral_radius,new_cel_removed_chunk_14,71,kl_to_gaussian,1.1739685405884033,96
sign_test_og_cel0.8__norm_spectral_radius,new_cel_removed_chunk_14,71,wt_mean,-0.00206919026095415,96
sign_test_og_cel0.8__norm_spectral_radius,new_cel_removed_chunk_14,72,GR,7.757060830791791,96
sign_test_og_cel0.8__norm_spectral_radius,new_cel_removed_chunk_14,72,IPC,9.922342405996133,96
sign_test_og_cel0.8__norm_spectral_radius,new_cel_removed_chunk_14,72,KR,4.7091294166942435,96
sign_test_og_cel0.8__norm_spectral_radius,new_cel_removed_chunk_14,72,MC,5.7411580085754395,96
sign_test_og_cel0.8__norm_spectral_radius,new_cel_removed_chunk_14,72,cosine_similarity,-0.38624645024538035,96
sign_test_og_cel0.8__norm_spectral_radius,new_cel_removed_chunk_14,72,kl_to_gaussian,1.1739686525624713,96
sign_test_og_cel0.8__norm_spectral_radius,new_cel_removed_chunk_14,72,wt_mean,-0.0012768858287017,96
sign_test_og_cel0.8__norm_spectral_radius,new_cel_removed_chunk_14,73,GR,7.331325386961301,96
sign_test_og_cel0.8__norm_spectral_radius,new_cel_removed_chunk_14,73,IPC,9.968499651595891,96
sign_test_og_cel0.8__norm_spectral_radius,new_cel_removed_chunk_14,73,KR,4.444048499067624,96
sign_test_og_cel0.8__norm_spectral_radius,new_cel_removed_chunk_14,73,MC,5.915172374496858,96
sign_test_og_cel0.8__norm_spectral_radius,new_cel_removed_chunk_14,73,cosine_similarity,-0.39447448402643204,96
sign_test_og_cel0.8__norm_spectral_radius,new_cel_removed_chunk_14,73,kl_to_gaussian,1.1739684821322454,96
sign_test_og_cel0.8__norm_spectral_radius,new_cel_removed_chunk_14,73,wt_mean,-0.00122295475739515,96
sign_test_og_cel0.8__norm_spectral_radius,new_cel_removed_chunk_14,74,GR,6.759650940696399,96
sign_test_og_cel0.8__norm_spectral_radius,new_cel_removed_chunk_14,74,IPC,8.532074881795172,96
sign_test_og_cel0.8__norm_spectral_radius,new_cel_removed_chunk_14,74,KR,3.943914856761694,96
sign_test_og_cel0.8__norm_spectral_radius,new_cel_removed_chunk_14,74,MC,5.013134616116683,96
sign_test_og_cel0.8__norm_spectral_radius,new_cel_removed_chunk_14,74,cosine_similarity,-0.4074041992425918,96
sign_test_og_cel0.8__norm_spectral_radius,new_cel_removed_chunk_14,74,kl_to_gaussian,1.1739685242901827,96
sign_test_og_cel0.8__norm_spectral_radius,new_cel_removed_chunk_14,74,wt_mean,-0.00115277314034755,96
sign_test_og_cel0.8__norm_spectral_radius,new_cel_removed_chunk_15,75,GR,6.91844958315293,96
sign_test_og_cel0.8__norm_spectral_radius,new_cel_removed_chunk_15,75,IPC,8.957116362409353,96
sign_test_og_cel0.8__norm_spectral_radius,new_cel_removed_chunk_15,75,KR,4.094841107726097,96
sign_test_og_cel0.8__norm_spectral_radius,new_cel_removed_chunk_15,75,MC,5.166402394572894,96
sign_test_og_cel0.8__norm_spectral_radius,new_cel_removed_chunk_15,75,cosine_similarity,-0.3473397269845009,96
sign_test_og_cel0.8__norm_spectral_radius,new_cel_removed_chunk_15,75,kl_to_gaussian,1.1739685093694243,96
sign_test_og_cel0.8__norm_spectral_radius,new_cel_removed_chunk_15,75,wt_mean,-0.0009918447613017,96
sign_test_og_cel0.8__norm_spectral_radius,new_cel_removed_chunk_15,76,GR,10.008781090378761,96
sign_test_og_cel0.8__norm_spectral_radius,new_cel_removed_chunk_15,76,IPC,9.073237600956302,96
sign_test_og_cel0.8__norm_spectral_radius,new_cel_removed_chunk_15,76,KR,5.648630668719609,96
sign_test_og_cel0.8__norm_spectral_radius,new_cel_removed_chunk_15,76,MC,4.960900153964758,96
sign_test_og_cel0.8__norm_spectral_radius,new_cel_removed_chunk_15,76,cosine_similarity,-0.3636782020330429,96
sign_test_og_cel0.8__norm_spectral_radius,new_cel_removed_chunk_15,76,kl_to_gaussian,1.173968562607531,96
sign_test_og_cel0.8__norm_spectral_radius,new_cel_removed_chunk_15,76,wt_mean,-0.0013307493791216499,96
sign_test_og_cel0.8__norm_spectral_radius,new_cel_removed_chunk_15,77,GR,7.641233439246814,96
sign_test_og_cel0.8__norm_spectral_radius,new_cel_removed_chunk_15,77,IPC,8.930313216638726,96
sign_test_og_cel0.8__norm_spectral_radius,new_cel_removed_chunk_15,77,KR,4.5242187802990275,96
sign_test_og_cel0.8__norm_spectral_radius,new_cel_removed_chunk_15,77,MC,5.110573085645835,96
sign_test_og_cel0.8__norm_spectral_radius,new_cel_removed_chunk_15,77,cosine_similarity,-0.3847183957695961,96
sign_test_og_cel0.8__norm_spectral_radius,new_cel_removed_chunk_15,77,kl_to_gaussian,1.17396848361551,96
sign_test_og_cel0.8__norm_spectral_radius,new_cel_removed_chunk_15,77,wt_mean,-0.00130938798247365,96
sign_test_og_cel0.8__norm_spectral_radius,new_cel_removed_chunk_15,78,GR,7.835508959988753,96
sign_test_og_cel0.8__norm_spectral_radius,new_cel_removed_chunk_15,78,IPC,9.110427040403257,96
sign_test_og_cel0.8__norm_spectral_radius,new_cel_removed_chunk_15,78,KR,4.616993432243665,96
sign_test_og_cel0.8__norm_spectral_radius,new_cel_removed_chunk_15,78,MC,5.307243511080742,96
sign_test_og_cel0.8__norm_spectral_radius,new_cel_removed_chunk_15,78,cosine_similarity,-0.3838955909013748,96
sign_test_og_cel0.8__norm_spectral_radius,new_cel_removed_chunk_15,78,kl_to_gaussian,1.1739685051075464,96
sign_test_og_cel0.8__norm_spectral_radius,new_cel_removed_chunk_15,78,wt_mean,-0.001104548253351775,96
sign_test_og_cel0.8__norm_spectral_radius,new_cel_removed_chunk_15,79,GR,9.99664181470871,96
sign_test_og_cel0.8__norm_spectral_radius,new_cel_removed_chunk_15,79,IPC,9.113907282533566,96
sign_test_og_cel0.8__norm_spectral_radius,new_cel_removed_chunk_15,79,KR,5.567386885484059,96
sign_test_og_cel0.8__norm_spectral_radius,new_cel_removed_chunk_15,79,MC,5.07214526211222,96
sign_test_og_cel0.8__norm_spectral_radius,new_cel_removed_chunk_15,79,cosine_similarity,-0.39435693621635437,96
sign_test_og_cel0.8__norm_spectral_radius,new_cel_removed_chunk_15,79,kl_to_gaussian,1.1739684828243249,96
sign_test_og_cel0.8__norm_spectral_radius,new_cel_removed_chunk_15,79,wt_mean,-0.0013922006182837752,96
sign_test_og_cel0.8__norm_spectral_radius,new_cel_removed_chunk_16,80,GR,8.775523367027441,96
sign_test_og_cel0.8__norm_spectral_radius,new_cel_removed_chunk_16,80,IPC,9.236853906780832,96
sign_test_og_cel0.8__norm_spectral_radius,new_cel_removed_chunk_16,80,KR,4.931348741054535,96
sign_test_og_cel0.8__norm_spectral_radius,new_cel_removed_chunk_16,80,MC,5.513702414929867,96
sign_test_og_cel0.8__norm_spectral_radius,new_cel_removed_chunk_16,80,cosine_similarity,-0.3684974759817123,96
sign_test_og_cel0.8__norm_spectral_radius,new_cel_removed_chunk_16,80,kl_to_gaussian,1.1739685413501544,96
sign_test_og_cel0.8__norm_spectral_radius,new_cel_removed_chunk_16,80,wt_mean,-0.001286442056880275,96
sign_test_og_cel0.8__norm_spectral_radius,new_cel_removed_chunk_16,81,GR,8.877810741464296,96
sign_test_og_cel0.8__norm_spectral_radius,new_cel_removed_chunk_16,81,IPC,8.50263725449409,96
sign_test_og_cel0.8__norm_spectral_radius,new_cel_removed_chunk_16,81,KR,5.092249202231566,96
sign_test_og_cel0.8__norm_spectral_radius,new_cel_removed_chunk_16,81,MC,5.238479450345039,96
sign_test_og_cel0.8__norm_spectral_radius,new_cel_removed_chunk_16,81,cosine_similarity,-0.4164550229907035,96
sign_test_og_cel0.8__norm_spectral_radius,new_cel_removed_chunk_16,81,kl_to_gaussian,1.1739685641230968,96
sign_test_og_cel0.8__norm_spectral_radius,new_cel_removed_chunk_16,81,wt_mean,-0.0014057493244763002,96
sign_test_og_cel0.8__norm_spectral_radius,new_cel_removed_chunk_16,82,GR,8.424352250993252,96
sign_test_og_cel0.8__norm_spectral_radius,new_cel_removed_chunk_16,82,IPC,9.027209034253895,96
sign_test_og_cel0.8__norm_spectral_radius,new_cel_removed_chunk_16,82,KR,4.824848707765341,96
sign_test_og_cel0.8__norm_spectral_radius,new_cel_removed_chunk_16,82,MC,5.351010690132777,96
sign_test_og_cel0.8__norm_spectral_radius,new_cel_removed_chunk_16,82,cosine_similarity,-0.37261149287223816,96
sign_test_og_cel0.8__norm_spectral_radius,new_cel_removed_chunk_16,82,kl_to_gaussian,1.1739685860119007,96
sign_test_og_cel0.8__norm_spectral_radius,new_cel_removed_chunk_16,82,wt_mean,-0.00140119536081325,96
sign_test_og_cel0.8__norm_spectral_radius,new_cel_removed_chunk_16,83,GR,7.492057137191296,96
sign_test_og_cel0.8__norm_spectral_radius,new_cel_removed_chunk_16,83,IPC,7.650009824773636,96
sign_test_og_cel0.8__norm_spectral_radius,new_cel_removed_chunk_16,83,KR,4.233207322657108,96
sign_test_og_cel0.8__norm_spectral_radius,new_cel_removed_chunk_16,83,MC,4.515016226718823,96
sign_test_og_cel0.8__norm_spectral_radius,new_cel_removed_chunk_16,83,cosine_similarity,-0.40046917647123337,96
sign_test_og_cel0.8__norm_spectral_radius,new_cel_removed_chunk_16,83,kl_to_gaussian,1.1739685580938166,96
sign_test_og_cel0.8__norm_spectral_radius,new_cel_removed_chunk_16,83,wt_mean,-0.0012352870544418,96
sign_test_og_cel0.8__norm_spectral_radius,new_cel_removed_chunk_16,84,GR,12.76172169049581,96
sign_test_og_cel0.8__norm_spectral_radius,new_cel_removed_chunk_16,84,IPC,9.865828619189177,96
sign_test_og_cel0.8__norm_spectral_radius,new_cel_removed_chunk_16,84,KR,7.106060532232125,96
sign_test_og_cel0.8__norm_spectral_radius,new_cel_removed_chunk_16,84,MC,5.853853428115447,96
sign_test_og_cel0.8__norm_spectral_radius,new_cel_removed_chunk_16,84,cosine_similarity,-0.38330788910388947,96
sign_test_og_cel0.8__norm_spectral_radius,new_cel_removed_chunk_16,84,kl_to_gaussian,1.1739685190126548,96
sign_test_og_cel0.8__norm_spectral_radius,new_cel_removed_chunk_16,84,wt_mean,-0.001738241349812525,96
sign_test_og_cel0.8__norm_spectral_radius,new_cel_removed_chunk_17,85,GR,11.810286834836006,96
sign_test_og_cel0.8__norm_spectral_radius,new_cel_removed_chunk_17,85,IPC,9.926395395244183,96
sign_test_og_cel0.8__norm_spectral_radius,new_cel_removed_chunk_17,85,KR,6.451669673124949,96
sign_test_og_cel0.8__norm_spectral_radius,new_cel_removed_chunk_17,85,MC,5.856418614586194,96
sign_test_og_cel0.8__norm_spectral_radius,new_cel_removed_chunk_17,85,cosine_similarity,-0.3801342472434044,96
sign_test_og_cel0.8__norm_spectral_radius,new_cel_removed_chunk_17,85,kl_to_gaussian,1.1739685429310385,96
sign_test_og_cel0.8__norm_spectral_radius,new_cel_removed_chunk_17,85,wt_mean,-0.0015872300427872,96
sign_test_og_cel0.8__norm_spectral_radius,new_cel_removed_chunk_17,86,GR,10.184626532097658,96
sign_test_og_cel0.8__norm_spectral_radius,new_cel_removed_chunk_17,86,IPC,8.725553933035366,96
sign_test_og_cel0.8__norm_spectral_radius,new_cel_removed_chunk_17,86,KR,5.7587545563777285,96
sign_test_og_cel0.8__norm_spectral_radius,new_cel_removed_chunk_17,86,MC,5.5924326330423355,96
sign_test_og_cel0.8__norm_spectral_radius,new_cel_removed_chunk_17,86,cosine_similarity,-0.37954650074243546,96
sign_test_og_cel0.8__norm_spectral_radius,new_cel_removed_chunk_17,86,kl_to_gaussian,1.1739685602741234,96
sign_test_og_cel0.8__norm_spectral_radius,new_cel_removed_chunk_17,86,wt_mean,-0.001465610548621,96
sign_test_og_cel0.8__norm_spectral_radius,new_cel_removed_chunk_17,87,GR,13.161905961732069,96
sign_test_og_cel0.8__norm_spectral_radius,new_cel_removed_chunk_17,87,IPC,9.60096904425169,96
sign_test_og_cel0.8__norm_spectral_radius,new_cel_removed_chunk_17,87,KR,7.40438827375571,96
sign_test_og_cel0.8__norm_spectral_radius,new_cel_removed_chunk_17,87,MC,5.655373056729634,96
sign_test_og_cel0.8__norm_spectral_radius,new_cel_removed_chunk_17,87,cosine_similarity,-0.37002551555633545,96
sign_test_og_cel0.8__norm_spectral_radius,new_cel_removed_chunk_17,87,kl_to_gaussian,1.1739684900199439,96
sign_test_og_cel0.8__norm_spectral_radius,new_cel_removed_chunk_17,87,wt_mean,-0.0015367708401754002,96
sign_test_og_cel0.8__norm_spectral_radius,new_cel_removed_chunk_17,88,GR,11.17685462286075,96
sign_test_og_cel0.8__norm_spectral_radius,new_cel_removed_chunk_17,88,IPC,8.936910298718189,96
sign_test_og_cel0.8__norm_spectral_radius,new_cel_removed_chunk_17,88,KR,6.109763920307159,96
sign_test_og_cel0.8__norm_spectral_radius,new_cel_removed_chunk_17,88,MC,5.358335475126903,96
sign_test_og_cel0.8__norm_spectral_radius,new_cel_removed_chunk_17,88,cosine_similarity,-0.3766079321503639,96
sign_test_og_cel0.8__norm_spectral_radius,new_cel_removed_chunk_17,88,kl_to_gaussian,1.173968532887104,96
sign_test_og_cel0.8__norm_spectral_radius,new_cel_removed_chunk_17,88,wt_mean,-0.0014624403265769998,96
sign_test_og_cel0.8__norm_spectral_radius,new_cel_removed_chunk_17,89,GR,7.007775738835335,96
sign_test_og_cel0.8__norm_spectral_radius,new_cel_removed_chunk_17,89,IPC,8.490213335919696,96
sign_test_og_cel0.8__norm_spectral_radius,new_cel_removed_chunk_17,89,KR,4.168811599413554,96
sign_test_og_cel0.8__norm_spectral_radius,new_cel_removed_chunk_17,89,MC,5.018237637976806,96
sign_test_og_cel0.8__norm_spectral_radius,new_cel_removed_chunk_17,89,cosine_similarity,-0.40058672428131104,96
sign_test_og_cel0.8__norm_spectral_radius,new_cel_removed_chunk_17,89,kl_to_gaussian,1.1739685933687019,96
sign_test_og_cel0.8__norm_spectral_radius,new_cel_removed_chunk_17,89,wt_mean,-0.001228812427143525,96
sign_test_og_cel0.8__norm_spectral_radius,new_cel_removed_chunk_18,90,GR,15.284197991093,96
sign_test_og_cel0.8__norm_spectral_radius,new_cel_removed_chunk_18,90,IPC,9.581764147195313,96
sign_test_og_cel0.8__norm_spectral_radius,new_cel_removed_chunk_18,90,KR,8.163958268860975,96
sign_test_og_cel0.8__norm_spectral_radius,new_cel_removed_chunk_18,90,MC,5.5900101612011595,96
sign_test_og_cel0.8__norm_spectral_radius,new_cel_removed_chunk_18,90,cosine_similarity,-0.38072193413972855,96
sign_test_og_cel0.8__norm_spectral_radius,new_cel_removed_chunk_18,90,kl_to_gaussian,1.1739685405843636,96
sign_test_og_cel0.8__norm_spectral_radius,new_cel_removed_chunk_18,90,wt_mean,-0.0018935148546006001,96
sign_test_og_cel0.8__norm_spectral_radius,new_cel_removed_chunk_18,91,GR,9.91270274668932,96
sign_test_og_cel0.8__norm_spectral_radius,new_cel_removed_chunk_18,91,IPC,8.718975989360105,96
sign_test_og_cel0.8__norm_spectral_radius,new_cel_removed_chunk_18,91,KR,5.632271933058898,96
sign_test_og_cel0.8__norm_spectral_radius,new_cel_removed_chunk_18,91,MC,5.143501083056132,96
sign_test_og_cel0.8__norm_spectral_radius,new_cel_removed_chunk_18,91,cosine_similarity,-0.34016960114240646,96
sign_test_og_cel0.8__norm_spectral_radius,new_cel_removed_chunk_18,91,kl_to_gaussian,1.173968454670449,96
sign_test_og_cel0.8__norm_spectral_radius,new_cel_removed_chunk_18,91,wt_mean,-0.001236245632753675,96
sign_test_og_cel0.8__norm_spectral_radius,new_cel_removed_chunk_18,92,GR,7.265152496596177,96
sign_test_og_cel0.8__norm_spectral_radius,new_cel_removed_chunk_18,92,IPC,8.79574938661365,96
sign_test_og_cel0.8__norm_spectral_radius,new_cel_removed_chunk_18,92,KR,4.327442202717066,96
sign_test_og_cel0.8__norm_spectral_radius,new_cel_removed_chunk_18,92,MC,5.040462794403235,96
sign_test_og_cel0.8__norm_spectral_radius,new_cel_removed_chunk_18,92,cosine_similarity,-0.3989410772919655,96
sign_test_og_cel0.8__norm_spectral_radius,new_cel_removed_chunk_18,92,kl_to_gaussian,1.1739685023881765,96
sign_test_og_cel0.8__norm_spectral_radius,new_cel_removed_chunk_18,92,wt_mean,-0.001123739435570275,96
sign_test_og_cel0.8__norm_spectral_radius,new_cel_removed_chunk_18,93,GR,10.565835374097029,96
sign_test_og_cel0.8__norm_spectral_radius,new_cel_removed_chunk_18,93,IPC,9.106395568246255,96
sign_test_og_cel0.8__norm_spectral_radius,new_cel_removed_chunk_18,93,KR,5.998939936359723,96
sign_test_og_cel0.8__norm_spectral_radius,new_cel_removed_chunk_18,93,MC,5.609584177533786,96
sign_test_og_cel0.8__norm_spectral_radius,new_cel_removed_chunk_18,93,cosine_similarity,-0.36802730709314346,96
sign_test_og_cel0.8__norm_spectral_radius,new_cel_removed_chunk_18,93,kl_to_gaussian,1.1739685536170523,96
sign_test_og_cel0.8__norm_spectral_radius,new_cel_removed_chunk_18,93,wt_mean,-0.001486558787291825,96
sign_test_og_cel0.8__norm_spectral_radius,new_cel_removed_chunk_18,94,GR,8.009734471638998,96
sign_test_og_cel0.8__norm_spectral_radius,new_cel_removed_chunk_18,94,IPC,8.409335186038106,96
sign_test_og_cel0.8__norm_spectral_radius,new_cel_removed_chunk_18,94,KR,4.816102402905623,96
sign_test_og_cel0.8__norm_spectral_radius,new_cel_removed_chunk_18,94,MC,4.9186425395309925,96
sign_test_og_cel0.8__norm_spectral_radius,new_cel_removed_chunk_18,94,cosine_similarity,-0.37543249875307083,96
sign_test_og_cel0.8__norm_spectral_radius,new_cel_removed_chunk_18,94,kl_to_gaussian,1.173968512685788,96
sign_test_og_cel0.8__norm_spectral_radius,new_cel_removed_chunk_18,94,wt_mean,-0.001138834195444325,96
sign_test_og_cel0.8__norm_spectral_radius,new_cel_removed_chunk_19,95,GR,6.499488106618325,96
sign_test_og_cel0.8__norm_spectral_radius,new_cel_removed_chunk_19,95,IPC,8.056234889561336,96
sign_test_og_cel0.8__norm_spectral_radius,new_cel_removed_chunk_19,95,KR,3.75715114424626,96
sign_test_og_cel0.8__norm_spectral_radius,new_cel_removed_chunk_19,95,MC,4.720488918324311,96
sign_test_og_cel0.8__norm_spectral_radius,new_cel_removed_chunk_19,95,cosine_similarity,-0.40481826663017273,96
sign_test_og_cel0.8__norm_spectral_radius,new_cel_removed_chunk_19,95,kl_to_gaussian,1.1739684954757152,96
sign_test_og_cel0.8__norm_spectral_radius,new_cel_removed_chunk_19,95,wt_mean,-0.00110958778532215,96
sign_test_og_cel0.8__norm_spectral_radius,new_cel_removed_chunk_19,96,GR,7.978755414485931,96
sign_test_og_cel0.8__norm_spectral_radius,new_cel_removed_chunk_19,96,IPC,8.605135247494722,96
sign_test_og_cel0.8__norm_spectral_radius,new_cel_removed_chunk_19,96,KR,4.471535373479128,96
sign_test_og_cel0.8__norm_spectral_radius,new_cel_removed_chunk_19,96,MC,4.899913546939691,96
sign_test_og_cel0.8__norm_spectral_radius,new_cel_removed_chunk_19,96,cosine_similarity,-0.35862384736537933,96
sign_test_og_cel0.8__norm_spectral_radius,new_cel_removed_chunk_19,96,kl_to_gaussian,1.1739686196803318,96
sign_test_og_cel0.8__norm_spectral_radius,new_cel_removed_chunk_19,96,wt_mean,-0.001169260023743825,96
sign_test_og_cel0.8__norm_spectral_radius,new_cel_removed_chunk_19,97,GR,12.119780759016672,96
sign_test_og_cel0.8__norm_spectral_radius,new_cel_removed_chunk_19,97,IPC,9.647880000710865,96
sign_test_og_cel0.8__norm_spectral_radius,new_cel_removed_chunk_19,97,KR,6.791547380387783,96
sign_test_og_cel0.8__norm_spectral_radius,new_cel_removed_chunk_19,97,MC,5.574528757482767,96
sign_test_og_cel0.8__norm_spectral_radius,new_cel_removed_chunk_19,97,cosine_similarity,-0.3688501045107841,96
sign_test_og_cel0.8__norm_spectral_radius,new_cel_removed_chunk_19,97,kl_to_gaussian,1.173968562485179,96
sign_test_og_cel0.8__norm_spectral_radius,new_cel_removed_chunk_19,97,wt_mean,-0.0015736400673631,96
sign_test_og_cel0.8__norm_spectral_radius,new_cel_removed_chunk_19,98,GR,13.3386418496569,96
sign_test_og_cel0.8__norm_spectral_radius,new_cel_removed_chunk_19,98,IPC,9.142600136812005,96
sign_test_og_cel0.8__norm_spectral_radius,new_cel_removed_chunk_19,98,KR,7.055835078159968,96
sign_test_og_cel0.8__norm_spectral_radius,new_cel_removed_chunk_19,98,MC,5.339815463870764,96
sign_test_og_cel0.8__norm_spectral_radius,new_cel_removed_chunk_19,98,cosine_similarity,-0.4030551314353943,96
sign_test_og_cel0.8__norm_spectral_radius,new_cel_removed_chunk_19,98,kl_to_gaussian,1.1739684943791835,96
sign_test_og_cel0.8__norm_spectral_radius,new_cel_removed_chunk_19,98,wt_mean,-0.0017531682096886749,96
sign_test_og_cel0.8__norm_spectral_radius,new_cel_removed_chunk_19,99,GR,5.532054937134187,96
sign_test_og_cel0.8__norm_spectral_radius,new_cel_removed_chunk_19,99,IPC,8.019098696718254,96
sign_test_og_cel0.8__norm_spectral_radius,new_cel_removed_chunk_19,99,KR,3.4855250728627047,96
sign_test_og_cel0.8__norm_spectral_radius,new_cel_removed_chunk_19,99,MC,4.875306613743305,96
sign_test_og_cel0.8__norm_spectral_radius,new_cel_removed_chunk_19,99,cosine_similarity,-0.3971779942512512,96
sign_test_og_cel0.8__norm_spectral_radius,new_cel_removed_chunk_19,99,kl_to_gaussian,1.1739684590766721,96
sign_test_og_cel0.8__norm_spectral_radius,new_cel_removed_chunk_19,99,wt_mean,-0.000987589301075725,96
sign_test_og_cel0.8__norm_spectral_radius,new_cel_removed_chunk_2,10,GR,6.451922232906024,96
sign_test_og_cel0.8__norm_spectral_radius,new_cel_removed_chunk_2,10,IPC,7.996529822191133,96
sign_test_og_cel0.8__norm_spectral_radius,new_cel_removed_chunk_2,10,KR,3.8651071103910604,96
sign_test_og_cel0.8__norm_spectral_radius,new_cel_removed_chunk_2,10,MC,4.714770836134751,96
sign_test_og_cel0.8__norm_spectral_radius,new_cel_removed_chunk_2,10,cosine_similarity,-0.40164458751678467,96
sign_test_og_cel0.8__norm_spectral_radius,new_cel_removed_chunk_2,10,kl_to_gaussian,1.1739686442245116,96
sign_test_og_cel0.8__norm_spectral_radius,new_cel_removed_chunk_2,10,wt_mean,-0.0009950782405212,96
sign_test_og_cel0.8__norm_spectral_radius,new_cel_removed_chunk_2,11,GR,7.241906002163887,96
sign_test_og_cel0.8__norm_spectral_radius,new_cel_removed_chunk_2,11,IPC,9.20954398415133,96
sign_test_og_cel0.8__norm_spectral_radius,new_cel_removed_chunk_2,11,KR,4.3124351153771086,96
sign_test_og_cel0.8__norm_spectral_radius,new_cel_removed_chunk_2,11,MC,5.319641500711441,96
sign_test_og_cel0.8__norm_spectral_radius,new_cel_removed_chunk_2,11,cosine_similarity,-0.3701430261135101,96
sign_test_og_cel0.8__norm_spectral_radius,new_cel_removed_chunk_2,11,kl_to_gaussian,1.1739684734339473,96
sign_test_og_cel0.8__norm_spectral_radius,new_cel_removed_chunk_2,11,wt_mean,-0.001106106923543775,96
sign_test_og_cel0.8__norm_spectral_radius,new_cel_removed_chunk_2,12,GR,10.46588709950447,96
sign_test_og_cel0.8__norm_spectral_radius,new_cel_removed_chunk_2,12,IPC,9.406779349957468,96
sign_test_og_cel0.8__norm_spectral_radius,new_cel_removed_chunk_2,12,KR,5.644480235874653,96
sign_test_og_cel0.8__norm_spectral_radius,new_cel_removed_chunk_2,12,MC,5.345055324335893,96
sign_test_og_cel0.8__norm_spectral_radius,new_cel_removed_chunk_2,12,cosine_similarity,-0.3755500465631485,96
sign_test_og_cel0.8__norm_spectral_radius,new_cel_removed_chunk_2,12,kl_to_gaussian,1.1739684196622213,96
sign_test_og_cel0.8__norm_spectral_radius,new_cel_removed_chunk_2,12,wt_mean,-0.0013728972262469499,96
sign_test_og_cel0.8__norm_spectral_radius,new_cel_removed_chunk_2,13,GR,5.818704959005117,96
sign_test_og_cel0.8__norm_spectral_radius,new_cel_removed_chunk_2,13,IPC,8.534676211894661,96
sign_test_og_cel0.8__norm_spectral_radius,new_cel_removed_chunk_2,13,KR,3.5622974236806235,96
sign_test_og_cel0.8__norm_spectral_radius,new_cel_removed_chunk_2,13,MC,5.046532308061917,96
sign_test_og_cel0.8__norm_spectral_radius,new_cel_removed_chunk_2,13,cosine_similarity,-0.4148094430565834,96
sign_test_og_cel0.8__norm_spectral_radius,new_cel_removed_chunk_2,13,kl_to_gaussian,1.173968556875322,96
sign_test_og_cel0.8__norm_spectral_radius,new_cel_removed_chunk_2,13,wt_mean,-0.000994904374238075,96
sign_test_og_cel0.8__norm_spectral_radius,new_cel_removed_chunk_2,14,GR,7.377628307789564,96
sign_test_og_cel0.8__norm_spectral_radius,new_cel_removed_chunk_2,14,IPC,9.117239625990232,96
sign_test_og_cel0.8__norm_spectral_radius,new_cel_removed_chunk_2,14,KR,4.285099948445956,96
sign_test_og_cel0.8__norm_spectral_radius,new_cel_removed_chunk_2,14,MC,5.1680596098303795,96
sign_test_og_cel0.8__norm_spectral_radius,new_cel_removed_chunk_2,14,cosine_similarity,-0.4042305573821068,96
sign_test_og_cel0.8__norm_spectral_radius,new_cel_removed_chunk_2,14,kl_to_gaussian,1.1739685385511336,96
sign_test_og_cel0.8__norm_spectral_radius,new_cel_removed_chunk_2,14,wt_mean,-0.00125850336917205,96
sign_test_og_cel0.8__norm_spectral_radius,new_cel_removed_chunk_3,15,GR,10.665968594451746,96
sign_test_og_cel0.8__norm_spectral_radius,new_cel_removed_chunk_3,15,IPC,10.073483104641669,96
sign_test_og_cel0.8__norm_spectral_radius,new_cel_removed_chunk_3,15,KR,6.011101303001245,96
sign_test_og_cel0.8__norm_spectral_radius,new_cel_removed_chunk_3,15,MC,6.147539456685384,96
sign_test_og_cel0.8__norm_spectral_radius,new_cel_removed_chunk_3,15,cosine_similarity,-0.3897727429866791,96
sign_test_og_cel0.8__norm_spectral_radius,new_cel_removed_chunk_3,15,kl_to_gaussian,1.173968504774636,96
sign_test_og_cel0.8__norm_spectral_radius,new_cel_removed_chunk_3,15,wt_mean,-0.001596360671101075,96
sign_test_og_cel0.8__norm_spectral_radius,new_cel_removed_chunk_3,16,GR,9.606580647329489,96
sign_test_og_cel0.8__norm_spectral_radius,new_cel_removed_chunk_3,16,IPC,8.957571493314152,96
sign_test_og_cel0.8__norm_spectral_radius,new_cel_removed_chunk_3,16,KR,5.3259279777606325,96
sign_test_og_cel0.8__norm_spectral_radius,new_cel_removed_chunk_3,16,MC,5.053832138578097,96
sign_test_og_cel0.8__norm_spectral_radius,new_cel_removed_chunk_3,16,cosine_similarity,-0.40669895708560944,96
sign_test_og_cel0.8__norm_spectral_radius,new_cel_removed_chunk_3,16,kl_to_gaussian,1.1739685901902186,96
sign_test_og_cel0.8__norm_spectral_radius,new_cel_removed_chunk_3,16,wt_mean,-0.0013054987502982502,96
sign_test_og_cel0.8__norm_spectral_radius,new_cel_removed_chunk_3,17,GR,5.915087350954612,96
sign_test_og_cel0.8__norm_spectral_radius,new_cel_removed_chunk_3,17,IPC,8.074239399261952,96
sign_test_og_cel0.8__norm_spectral_radius,new_cel_removed_chunk_3,17,KR,3.5859018601477146,96
sign_test_og_cel0.8__norm_spectral_radius,new_cel_removed_chunk_3,17,MC,4.723575952152411,96
sign_test_og_cel0.8__norm_spectral_radius,new_cel_removed_chunk_3,17,cosine_similarity,-0.3965902402997017,96
sign_test_og_cel0.8__norm_spectral_radius,new_cel_removed_chunk_3,17,kl_to_gaussian,1.1739685523116827,96
sign_test_og_cel0.8__norm_spectral_radius,new_cel_removed_chunk_3,17,wt_mean,-0.0011363030498614,96
sign_test_og_cel0.8__norm_spectral_radius,new_cel_removed_chunk_3,18,GR,9.630406183501085,96
sign_test_og_cel0.8__norm_spectral_radius,new_cel_removed_chunk_3,18,IPC,8.969767625970603,96
sign_test_og_cel0.8__norm_spectral_radius,new_cel_removed_chunk_3,18,KR,5.2242121795813246,96
sign_test_og_cel0.8__norm_spectral_radius,new_cel_removed_chunk_3,18,MC,4.7862466263274355,96
sign_test_og_cel0.8__norm_spectral_radius,new_cel_removed_chunk_3,18,cosine_similarity,-0.3918885141611099,96
sign_test_og_cel0.8__norm_spectral_radius,new_cel_removed_chunk_3,18,kl_to_gaussian,1.1739684876627545,96
sign_test_og_cel0.8__norm_spectral_radius,new_cel_removed_chunk_3,18,wt_mean,-0.0014190859510563,96
sign_test_og_cel0.8__norm_spectral_radius,new_cel_removed_chunk_3,19,GR,7.995022928963105,96
sign_test_og_cel0.8__norm_spectral_radius,new_cel_removed_chunk_3,19,IPC,9.064378554075777,96
sign_test_og_cel0.8__norm_spectral_radius,new_cel_removed_chunk_3,19,KR,4.491586313893397,96
sign_test_og_cel0.8__norm_spectral_radius,new_cel_removed_chunk_3,19,MC,5.294220872223377,96
sign_test_og_cel0.8__norm_spectral_radius,new_cel_removed_chunk_3,19,cosine_similarity,-0.3949446454644203,96
sign_test_og_cel0.8__norm_spectral_radius,new_cel_removed_chunk_3,19,kl_to_gaussian,1.173968557678455,96
sign_test_og_cel0.8__norm_spectral_radius,new_cel_removed_chunk_3,19,wt_mean,-0.0013213458732934,96
sign_test_og_cel0.8__norm_spectral_radius,new_cel_removed_chunk_4,20,GR,14.177715403338274,96
sign_test_og_cel0.8__norm_spectral_radius,new_cel_removed_chunk_4,20,IPC,10.606537673477868,96
sign_test_og_cel0.8__norm_spectral_radius,new_cel_removed_chunk_4,20,KR,7.736966239909331,96
sign_test_og_cel0.8__norm_spectral_radius,new_cel_removed_chunk_4,20,MC,6.296449688573678,96
sign_test_og_cel0.8__norm_spectral_radius,new_cel_removed_chunk_4,20,cosine_similarity,-0.36614661663770676,96
sign_test_og_cel0.8__norm_spectral_radius,new_cel_removed_chunk_4,20,kl_to_gaussian,1.1739685530515513,96
sign_test_og_cel0.8__norm_spectral_radius,new_cel_removed_chunk_4,20,wt_mean,-0.0017336081364191251,96
sign_test_og_cel0.8__norm_spectral_radius,new_cel_removed_chunk_4,21,GR,8.531107308963934,96
sign_test_og_cel0.8__norm_spectral_radius,new_cel_removed_chunk_4,21,IPC,9.134262168018848,96
sign_test_og_cel0.8__norm_spectral_radius,new_cel_removed_chunk_4,21,KR,4.972012075285117,96
sign_test_og_cel0.8__norm_spectral_radius,new_cel_removed_chunk_4,21,MC,5.406375835339229,96
sign_test_og_cel0.8__norm_spectral_radius,new_cel_removed_chunk_4,21,cosine_similarity,-0.3771956264972687,96
sign_test_og_cel0.8__norm_spectral_radius,new_cel_removed_chunk_4,21,kl_to_gaussian,1.173968464292622,96
sign_test_og_cel0.8__norm_spectral_radius,new_cel_removed_chunk_4,21,wt_mean,-0.0011381124350009,96
sign_test_og_cel0.8__norm_spectral_radius,new_cel_removed_chunk_4,22,GR,12.456604416171709,96
sign_test_og_cel0.8__norm_spectral_radius,new_cel_removed_chunk_4,22,IPC,10.527909298292224,96
sign_test_og_cel0.8__norm_spectral_radius,new_cel_removed_chunk_4,22,KR,6.8781826719641685,96
sign_test_og_cel0.8__norm_spectral_radius,new_cel_removed_chunk_4,22,MC,5.860181987285614,96
sign_test_og_cel0.8__norm_spectral_radius,new_cel_removed_chunk_4,22,cosine_similarity,-0.3779008984565735,96
sign_test_og_cel0.8__norm_spectral_radius,new_cel_removed_chunk_4,22,kl_to_gaussian,1.1739684537229502,96
sign_test_og_cel0.8__norm_spectral_radius,new_cel_removed_chunk_4,22,wt_mean,-0.001663872506469425,96
sign_test_og_cel0.8__norm_spectral_radius,new_cel_removed_chunk_4,23,GR,13.460274164875349,96
sign_test_og_cel0.8__norm_spectral_radius,new_cel_removed_chunk_4,23,IPC,11.411062640645952,96
sign_test_og_cel0.8__norm_spectral_radius,new_cel_removed_chunk_4,23,KR,7.73934185008208,96
sign_test_og_cel0.8__norm_spectral_radius,new_cel_removed_chunk_4,23,MC,6.555420838296413,96
sign_test_og_cel0.8__norm_spectral_radius,new_cel_removed_chunk_4,23,cosine_similarity,-0.3954148441553116,96
sign_test_og_cel0.8__norm_spectral_radius,new_cel_removed_chunk_4,23,kl_to_gaussian,1.1739685012994567,96
sign_test_og_cel0.8__norm_spectral_radius,new_cel_removed_chunk_4,23,wt_mean,-0.001719069929094925,96
sign_test_og_cel0.8__norm_spectral_radius,new_cel_removed_chunk_4,24,GR,6.7620807737112045,96
sign_test_og_cel0.8__norm_spectral_radius,new_cel_removed_chunk_4,24,IPC,8.686203177897331,96
sign_test_og_cel0.8__norm_spectral_radius,new_cel_removed_chunk_4,24,KR,3.9683907267947993,96
sign_test_og_cel0.8__norm_spectral_radius,new_cel_removed_chunk_4,24,MC,4.939033274849256,96
sign_test_og_cel0.8__norm_spectral_radius,new_cel_removed_chunk_4,24,cosine_similarity,-0.41069538891315455,96
sign_test_og_cel0.8__norm_spectral_radius,new_cel_removed_chunk_4,24,kl_to_gaussian,1.1739685814879182,96
sign_test_og_cel0.8__norm_spectral_radius,new_cel_removed_chunk_4,24,wt_mean,-0.00130544324929355,96
sign_test_og_cel0.8__norm_spectral_radius,new_cel_removed_chunk_5,25,GR,5.841063844660918,96
sign_test_og_cel0.8__norm_spectral_radius,new_cel_removed_chunk_5,25,IPC,8.603093510008696,96
sign_test_og_cel0.8__norm_spectral_radius,new_cel_removed_chunk_5,25,KR,3.5617324002087116,96
sign_test_og_cel0.8__norm_spectral_radius,new_cel_removed_chunk_5,25,MC,4.762818788488706,96
sign_test_og_cel0.8__norm_spectral_radius,new_cel_removed_chunk_5,25,cosine_similarity,-0.3488677740097046,96
sign_test_og_cel0.8__norm_spectral_radius,new_cel_removed_chunk_5,25,kl_to_gaussian,1.1739684840274924,96
sign_test_og_cel0.8__norm_spectral_radius,new_cel_removed_chunk_5,25,wt_mean,-0.000927717657759725,96
sign_test_og_cel0.8__norm_spectral_radius,new_cel_removed_chunk_5,26,GR,14.477200982471308,96
sign_test_og_cel0.8__norm_spectral_radius,new_cel_removed_chunk_5,26,IPC,9.685086201154737,96
sign_test_og_cel0.8__norm_spectral_radius,new_cel_removed_chunk_5,26,KR,8.179971473912397,96
sign_test_og_cel0.8__norm_spectral_radius,new_cel_removed_chunk_5,26,MC,5.63241483271122,96
sign_test_og_cel0.8__norm_spectral_radius,new_cel_removed_chunk_5,26,cosine_similarity,-0.3739044219255447,96
sign_test_og_cel0.8__norm_spectral_radius,new_cel_removed_chunk_5,26,kl_to_gaussian,1.1739685347538178,96
sign_test_og_cel0.8__norm_spectral_radius,new_cel_removed_chunk_5,26,wt_mean,-0.001587009464856175,96
sign_test_og_cel0.8__norm_spectral_radius,new_cel_removed_chunk_5,27,GR,11.50111992408832,96
sign_test_og_cel0.8__norm_spectral_radius,new_cel_removed_chunk_5,27,IPC,9.14299004553851,96
sign_test_og_cel0.8__norm_spectral_radius,new_cel_removed_chunk_5,27,KR,6.294714855651061,96
sign_test_og_cel0.8__norm_spectral_radius,new_cel_removed_chunk_5,27,MC,5.205628775060177,96
sign_test_og_cel0.8__norm_spectral_radius,new_cel_removed_chunk_5,27,cosine_similarity,-0.39447447657585144,96
sign_test_og_cel0.8__norm_spectral_radius,new_cel_removed_chunk_5,27,kl_to_gaussian,1.173968517244247,96
sign_test_og_cel0.8__norm_spectral_radius,new_cel_removed_chunk_5,27,wt_mean,-0.001469417213229425,96
sign_test_og_cel0.8__norm_spectral_radius,new_cel_removed_chunk_5,28,GR,7.870075814425945,96
sign_test_og_cel0.8__norm_spectral_radius,new_cel_removed_chunk_5,28,IPC,8.811488268665823,96
sign_test_og_cel0.8__norm_spectral_radius,new_cel_removed_chunk_5,28,KR,4.63324685767293,96
sign_test_og_cel0.8__norm_spectral_radius,new_cel_removed_chunk_5,28,MC,5.142886737982432,96
sign_test_og_cel0.8__norm_spectral_radius,new_cel_removed_chunk_5,28,cosine_similarity,-0.37413954734802246,96
sign_test_og_cel0.8__norm_spectral_radius,new_cel_removed_chunk_5,28,kl_to_gaussian,1.1739685393017987,96
sign_test_og_cel0.8__norm_spectral_radius,new_cel_removed_chunk_5,28,wt_mean,-0.001072279148502225,96
sign_test_og_cel0.8__norm_spectral_radius,new_cel_removed_chunk_5,29,GR,7.869422686596711,96
sign_test_og_cel0.8__norm_spectral_radius,new_cel_removed_chunk_5,29,IPC,9.406150155101399,96
sign_test_og_cel0.8__norm_spectral_radius,new_cel_removed_chunk_5,29,KR,4.574441769470771,96
sign_test_og_cel0.8__norm_spectral_radius,new_cel_removed_chunk_5,29,MC,5.240364573895931,96
sign_test_og_cel0.8__norm_spectral_radius,new_cel_removed_chunk_5,29,cosine_similarity,-0.3870692402124405,96
sign_test_og_cel0.8__norm_spectral_radius,new_cel_removed_chunk_5,29,kl_to_gaussian,1.1739685665090676,96
sign_test_og_cel0.8__norm_spectral_radius,new_cel_removed_chunk_5,29,wt_mean,-0.00117429309466385,96
sign_test_og_cel0.8__norm_spectral_radius,new_cel_removed_chunk_6,30,GR,6.406857992211978,96
sign_test_og_cel0.8__norm_spectral_radius,new_cel_removed_chunk_6,30,IPC,8.79409769691501,96
sign_test_og_cel0.8__norm_spectral_radius,new_cel_removed_chunk_6,30,KR,3.860866341739893,96
sign_test_og_cel0.8__norm_spectral_radius,new_cel_removed_chunk_6,30,MC,5.005240403115749,96
sign_test_og_cel0.8__norm_spectral_radius,new_cel_removed_chunk_6,30,cosine_similarity,-0.3808394595980644,96
sign_test_og_cel0.8__norm_spectral_radius,new_cel_removed_chunk_6,30,kl_to_gaussian,1.173968536196931,96
sign_test_og_cel0.8__norm_spectral_radius,new_cel_removed_chunk_6,30,wt_mean,-0.0010929025156655749,96
sign_test_og_cel0.8__norm_spectral_radius,new_cel_removed_chunk_6,31,GR,8.883092944820723,96
sign_test_og_cel0.8__norm_spectral_radius,new_cel_removed_chunk_6,31,IPC,9.001810347095923,96
sign_test_og_cel0.8__norm_spectral_radius,new_cel_removed_chunk_6,31,KR,5.051905242105325,96
sign_test_og_cel0.8__norm_spectral_radius,new_cel_removed_chunk_6,31,MC,5.1666411235928535,96
sign_test_og_cel0.8__norm_spectral_radius,new_cel_removed_chunk_6,31,cosine_similarity,-0.38025177270174026,96
sign_test_og_cel0.8__norm_spectral_radius,new_cel_removed_chunk_6,31,kl_to_gaussian,1.1739684732399585,96
sign_test_og_cel0.8__norm_spectral_radius,new_cel_removed_chunk_6,31,wt_mean,-0.0011778018670156,96
sign_test_og_cel0.8__norm_spectral_radius,new_cel_removed_chunk_6,32,GR,12.054535349210104,96
sign_test_og_cel0.8__norm_spectral_radius,new_cel_removed_chunk_6,32,IPC,10.092646710590005,96
sign_test_og_cel0.8__norm_spectral_radius,new_cel_removed_chunk_6,32,KR,6.849361203610897,96
sign_test_og_cel0.8__norm_spectral_radius,new_cel_removed_chunk_6,32,MC,6.071926747759183,96
sign_test_og_cel0.8__norm_spectral_radius,new_cel_removed_chunk_6,32,cosine_similarity,-0.3714360445737839,96
sign_test_og_cel0.8__norm_spectral_radius,new_cel_removed_chunk_6,32,kl_to_gaussian,1.173968530991333,96
sign_test_og_cel0.8__norm_spectral_radius,new_cel_removed_chunk_6,32,wt_mean,-0.001547191699501075,96
sign_test_og_cel0.8__norm_spectral_radius,new_cel_removed_chunk_6,33,GR,11.68294857442379,96
sign_test_og_cel0.8__norm_spectral_radius,new_cel_removed_chunk_6,33,IPC,10.576216143951507,96
sign_test_og_cel0.8__norm_spectral_radius,new_cel_removed_chunk_6,33,KR,6.461658137540023,96
sign_test_og_cel0.8__norm_spectral_radius,new_cel_removed_chunk_6,33,MC,6.164579622447491,96
sign_test_og_cel0.8__norm_spectral_radius,new_cel_removed_chunk_6,33,cosine_similarity,-0.3597992584109306,96
sign_test_og_cel0.8__norm_spectral_radius,new_cel_removed_chunk_6,33,kl_to_gaussian,1.1739685032752765,96
sign_test_og_cel0.8__norm_spectral_radius,new_cel_removed_chunk_6,33,wt_mean,-0.00148690483183595,96
sign_test_og_cel0.8__norm_spectral_radius,new_cel_removed_chunk_6,34,GR,11.898328060905138,96
sign_test_og_cel0.8__norm_spectral_radius,new_cel_removed_chunk_6,34,IPC,10.090228407497191,96
sign_test_og_cel0.8__norm_spectral_radius,new_cel_removed_chunk_6,34,KR,6.338995275398095,96
sign_test_og_cel0.8__norm_spectral_radius,new_cel_removed_chunk_6,34,MC,5.811373896896839,96
sign_test_og_cel0.8__norm_spectral_radius,new_cel_removed_chunk_6,34,cosine_similarity,-0.36120980232954025,96
sign_test_og_cel0.8__norm_spectral_radius,new_cel_removed_chunk_6,34,kl_to_gaussian,1.1739684687361265,96
sign_test_og_cel0.8__norm_spectral_radius,new_cel_removed_chunk_6,34,wt_mean,-0.0016377063002436748,96
sign_test_og_cel0.8__norm_spectral_radius,new_cel_removed_chunk_7,35,GR,13.161816681424776,96
sign_test_og_cel0.8__norm_spectral_radius,new_cel_removed_chunk_7,35,IPC,10.573975052482979,96
sign_test_og_cel0.8__norm_spectral_radius,new_cel_removed_chunk_7,35,KR,7.323627253373464,96
sign_test_og_cel0.8__norm_spectral_radius,new_cel_removed_chunk_7,35,MC,6.570427569250266,96
sign_test_og_cel0.8__norm_spectral_radius,new_cel_removed_chunk_7,35,cosine_similarity,-0.35815368592739105,96
sign_test_og_cel0.8__norm_spectral_radius,new_cel_removed_chunk_7,35,kl_to_gaussian,1.1739685050131146,96
sign_test_og_cel0.8__norm_spectral_radius,new_cel_removed_chunk_7,35,wt_mean,-0.001667196804191875,96
sign_test_og_cel0.8__norm_spectral_radius,new_cel_removed_chunk_7,36,GR,6.466732795039813,96
sign_test_og_cel0.8__norm_spectral_radius,new_cel_removed_chunk_7,36,IPC,8.325549414819141,96
sign_test_og_cel0.8__norm_spectral_radius,new_cel_removed_chunk_7,36,KR,3.8480785501499972,96
sign_test_og_cel0.8__norm_spectral_radius,new_cel_removed_chunk_7,36,MC,4.8999846664567785,96
sign_test_og_cel0.8__norm_spectral_radius,new_cel_removed_chunk_7,36,cosine_similarity,-0.40940244495868683,96
sign_test_og_cel0.8__norm_spectral_radius,new_cel_removed_chunk_7,36,kl_to_gaussian,1.1739684899701552,96
sign_test_og_cel0.8__norm_spectral_radius,new_cel_removed_chunk_7,36,wt_mean,-0.00106883881380775,96
sign_test_og_cel0.8__norm_spectral_radius,new_cel_removed_chunk_7,37,GR,8.414743192493916,96
sign_test_og_cel0.8__norm_spectral_radius,new_cel_removed_chunk_7,37,IPC,9.819210059974864,96
sign_test_og_cel0.8__norm_spectral_radius,new_cel_removed_chunk_7,37,KR,4.835956158737342,96
sign_test_og_cel0.8__norm_spectral_radius,new_cel_removed_chunk_7,37,MC,5.061308726668358,96
sign_test_og_cel0.8__norm_spectral_radius,new_cel_removed_chunk_7,37,cosine_similarity,-0.38177981972694397,96
sign_test_og_cel0.8__norm_spectral_radius,new_cel_removed_chunk_7,37,kl_to_gaussian,1.1739685133836946,96
sign_test_og_cel0.8__norm_spectral_radius,new_cel_removed_chunk_7,37,wt_mean,-0.00126835824630685,96
sign_test_og_cel0.8__norm_spectral_radius,new_cel_removed_chunk_7,38,GR,6.312020141631365,96
sign_test_og_cel0.8__norm_spectral_radius,new_cel_removed_chunk_7,38,IPC,8.603963460620875,96
sign_test_og_cel0.8__norm_spectral_radius,new_cel_removed_chunk_7,38,KR,3.830291725695133,96
sign_test_og_cel0.8__norm_spectral_radius,new_cel_removed_chunk_7,38,MC,4.969576382388671,96
sign_test_og_cel0.8__norm_spectral_radius,new_cel_removed_chunk_7,38,cosine_similarity,-0.38448330760002136,96
sign_test_og_cel0.8__norm_spectral_radius,new_cel_removed_chunk_7,38,kl_to_gaussian,1.1739685004461722,96
sign_test_og_cel0.8__norm_spectral_radius,new_cel_removed_chunk_7,38,wt_mean,-0.0011167234770254751,96
sign_test_og_cel0.8__norm_spectral_radius,new_cel_removed_chunk_7,39,GR,13.237118480106195,96
sign_test_og_cel0.8__norm_spectral_radius,new_cel_removed_chunk_7,39,IPC,9.772383249229609,96
sign_test_og_cel0.8__norm_spectral_radius,new_cel_removed_chunk_7,39,KR,7.573484631876151,96
sign_test_og_cel0.8__norm_spectral_radius,new_cel_removed_chunk_7,39,MC,6.2392318323254585,96
sign_test_og_cel0.8__norm_spectral_radius,new_cel_removed_chunk_7,39,cosine_similarity,-0.40552352368831635,96
sign_test_og_cel0.8__norm_spectral_radius,new_cel_removed_chunk_7,39,kl_to_gaussian,1.1739685663261252,96
sign_test_og_cel0.8__norm_spectral_radius,new_cel_removed_chunk_7,39,wt_mean,-0.001700989960227125,96
sign_test_og_cel0.8__norm_spectral_radius,new_cel_removed_chunk_8,40,GR,9.429849003752073,96
sign_test_og_cel0.8__norm_spectral_radius,new_cel_removed_chunk_8,40,IPC,8.880510178117317,96
sign_test_og_cel0.8__norm_spectral_radius,new_cel_removed_chunk_8,40,KR,5.232976958155632,96
sign_test_og_cel0.8__norm_spectral_radius,new_cel_removed_chunk_8,40,MC,4.93614886328578,96
sign_test_og_cel0.8__norm_spectral_radius,new_cel_removed_chunk_8,40,cosine_similarity,-0.3780184537172317,96
sign_test_og_cel0.8__norm_spectral_radius,new_cel_removed_chunk_8,40,kl_to_gaussian,1.1739684815669578,96
sign_test_og_cel0.8__norm_spectral_radius,new_cel_removed_chunk_8,40,wt_mean,-0.0013243437424534249,96
sign_test_og_cel0.8__norm_spectral_radius,new_cel_removed_chunk_8,41,GR,7.323515924314658,96
sign_test_og_cel0.8__norm_spectral_radius,new_cel_removed_chunk_8,41,IPC,9.265226766317369,96
sign_test_og_cel0.8__norm_spectral_radius,new_cel_removed_chunk_8,41,KR,4.315882962197065,96
sign_test_og_cel0.8__norm_spectral_radius,new_cel_removed_chunk_8,41,MC,5.28111070394516,96
sign_test_og_cel0.8__norm_spectral_radius,new_cel_removed_chunk_8,41,cosine_similarity,-0.40669892728328705,96
sign_test_og_cel0.8__norm_spectral_radius,new_cel_removed_chunk_8,41,kl_to_gaussian,1.1739686059973031,96
sign_test_og_cel0.8__norm_spectral_radius,new_cel_removed_chunk_8,41,wt_mean,-0.0011801788059528499,96
sign_test_og_cel0.8__norm_spectral_radius,new_cel_removed_chunk_8,42,GR,7.075949066629012,96
sign_test_og_cel0.8__norm_spectral_radius,new_cel_removed_chunk_8,42,IPC,8.891038001467054,96
sign_test_og_cel0.8__norm_spectral_radius,new_cel_removed_chunk_8,42,KR,4.273957735548417,96
sign_test_og_cel0.8__norm_spectral_radius,new_cel_removed_chunk_8,42,MC,5.288953224817912,96
sign_test_og_cel0.8__norm_spectral_radius,new_cel_removed_chunk_8,42,cosine_similarity,-0.3941218256950378,96
sign_test_og_cel0.8__norm_spectral_radius,new_cel_removed_chunk_8,42,kl_to_gaussian,1.1739685661443422,96
sign_test_og_cel0.8__norm_spectral_radius,new_cel_removed_chunk_8,42,wt_mean,-0.00114717558608385,96
sign_test_og_cel0.8__norm_spectral_radius,new_cel_removed_chunk_8,43,GR,8.23862198740244,96
sign_test_og_cel0.8__norm_spectral_radius,new_cel_removed_chunk_8,43,IPC,8.203430511275657,96
sign_test_og_cel0.8__norm_spectral_radius,new_cel_removed_chunk_8,43,KR,4.775804407894611,96
sign_test_og_cel0.8__norm_spectral_radius,new_cel_removed_chunk_8,43,MC,4.884237674375375,96
sign_test_og_cel0.8__norm_spectral_radius,new_cel_removed_chunk_8,43,cosine_similarity,-0.3972955048084259,96
sign_test_og_cel0.8__norm_spectral_radius,new_cel_removed_chunk_8,43,kl_to_gaussian,1.173968509544521,96
sign_test_og_cel0.8__norm_spectral_radius,new_cel_removed_chunk_8,43,wt_mean,-0.001179531958769,96
sign_test_og_cel0.8__norm_spectral_radius,new_cel_removed_chunk_8,44,GR,10.337934345006943,96
sign_test_og_cel0.8__norm_spectral_radius,new_cel_removed_chunk_8,44,IPC,9.613786007866077,96
sign_test_og_cel0.8__norm_spectral_radius,new_cel_removed_chunk_8,44,KR,5.856583292285602,96
sign_test_og_cel0.8__norm_spectral_radius,new_cel_removed_chunk_8,44,MC,5.717982904364665,96
sign_test_og_cel0.8__norm_spectral_radius,new_cel_removed_chunk_8,44,cosine_similarity,-0.3874218836426735,96
sign_test_og_cel0.8__norm_spectral_radius,new_cel_removed_chunk_8,44,kl_to_gaussian,1.173968413984401,96
sign_test_og_cel0.8__norm_spectral_radius,new_cel_removed_chunk_8,44,wt_mean,-0.00149359894567165,96
sign_test_og_cel0.8__norm_spectral_radius,new_cel_removed_chunk_9,45,GR,6.166119885941346,96
sign_test_og_cel0.8__norm_spectral_radius,new_cel_removed_chunk_9,45,IPC,7.8857525812974645,96
sign_test_og_cel0.8__norm_spectral_radius,new_cel_removed_chunk_9,45,KR,3.7367672932644687,96
sign_test_og_cel0.8__norm_spectral_radius,new_cel_removed_chunk_9,45,MC,4.532422199845314,96
sign_test_og_cel0.8__norm_spectral_radius,new_cel_removed_chunk_9,45,cosine_similarity,-0.3835429772734642,96
sign_test_og_cel0.8__norm_spectral_radius,new_cel_removed_chunk_9,45,kl_to_gaussian,1.1739684616445396,96
sign_test_og_cel0.8__norm_spectral_radius,new_cel_removed_chunk_9,45,wt_mean,-0.00094392489700105,96
sign_test_og_cel0.8__norm_spectral_radius,new_cel_removed_chunk_9,46,GR,5.863970222572486,96
sign_test_og_cel0.8__norm_spectral_radius,new_cel_removed_chunk_9,46,IPC,8.048179402637514,96
sign_test_og_cel0.8__norm_spectral_radius,new_cel_removed_chunk_9,46,KR,3.486778828004996,96
sign_test_og_cel0.8__norm_spectral_radius,new_cel_removed_chunk_9,46,MC,4.652726009488106,96
sign_test_og_cel0.8__norm_spectral_radius,new_cel_removed_chunk_9,46,cosine_similarity,-0.40857964754104614,96
sign_test_og_cel0.8__norm_spectral_radius,new_cel_removed_chunk_9,46,kl_to_gaussian,1.173968508659387,96
sign_test_og_cel0.8__norm_spectral_radius,new_cel_removed_chunk_9,46,wt_mean,-0.001062151437508825,96
sign_test_og_cel0.8__norm_spectral_radius,new_cel_removed_chunk_9,47,GR,9.781091223160425,96
sign_test_og_cel0.8__norm_spectral_radius,new_cel_removed_chunk_9,47,IPC,8.891052908639624,96
sign_test_og_cel0.8__norm_spectral_radius,new_cel_removed_chunk_9,47,KR,5.616894426445167,96
sign_test_og_cel0.8__norm_spectral_radius,new_cel_removed_chunk_9,47,MC,5.249196324497461,96
sign_test_og_cel0.8__norm_spectral_radius,new_cel_removed_chunk_9,47,cosine_similarity,-0.37308163195848465,96
sign_test_og_cel0.8__norm_spectral_radius,new_cel_removed_chunk_9,47,kl_to_gaussian,1.1739685242004256,96
sign_test_og_cel0.8__norm_spectral_radius,new_cel_removed_chunk_9,47,wt_mean,-0.0013075364695396,96
sign_test_og_cel0.8__norm_spectral_radius,new_cel_removed_chunk_9,48,GR,6.663433353106181,96
sign_test_og_cel0.8__norm_spectral_radius,new_cel_removed_chunk_9,48,IPC,9.492557852794038,96
sign_test_og_cel0.8__norm_spectral_radius,new_cel_removed_chunk_9,48,KR,3.9878678396344185,96
sign_test_og_cel0.8__norm_spectral_radius,new_cel_removed_chunk_9,48,MC,5.214870683848858,96
sign_test_og_cel0.8__norm_spectral_radius,new_cel_removed_chunk_9,48,cosine_similarity,-0.3930639624595642,96
sign_test_og_cel0.8__norm_spectral_radius,new_cel_removed_chunk_9,48,kl_to_gaussian,1.1739684895359606,96
sign_test_og_cel0.8__norm_spectral_radius,new_cel_removed_chunk_9,48,wt_mean,-0.00119205389637495,96
sign_test_og_cel0.8__norm_spectral_radius,new_cel_removed_chunk_9,49,GR,6.564440636585156,96
sign_test_og_cel0.8__norm_spectral_radius,new_cel_removed_chunk_9,49,IPC,8.602470513262766,96
sign_test_og_cel0.8__norm_spectral_radius,new_cel_removed_chunk_9,49,KR,3.9871512887378535,96
sign_test_og_cel0.8__norm_spectral_radius,new_cel_removed_chunk_9,49,MC,4.8142784014344215,96
sign_test_og_cel0.8__norm_spectral_radius,new_cel_removed_chunk_9,49,cosine_similarity,-0.3729640990495682,96
sign_test_og_cel0.8__norm_spectral_radius,new_cel_removed_chunk_9,49,kl_to_gaussian,1.173968540310272,96
sign_test_og_cel0.8__norm_spectral_radius,new_cel_removed_chunk_9,49,wt_mean,-0.000929959016502775,96
sign_test_og_cel1.0__norm_original_radius,new_cel_removed_chunk_0,0,GR,6.327881877621015,96
sign_test_og_cel1.0__norm_original_radius,new_cel_removed_chunk_0,0,IPC,8.478888313578224,96
sign_test_og_cel1.0__norm_original_radius,new_cel_removed_chunk_0,0,KR,3.815123450011015,96
sign_test_og_cel1.0__norm_original_radius,new_cel_removed_chunk_0,0,MC,5.1251146992047625,96
sign_test_og_cel1.0__norm_original_radius,new_cel_removed_chunk_0,0,cosine_similarity,-0.6422552019357681,96
sign_test_og_cel1.0__norm_original_radius,new_cel_removed_chunk_0,0,kl_to_gaussian,1.1739684703756503,96
sign_test_og_cel1.0__norm_original_radius,new_cel_removed_chunk_0,0,wt_mean,-0.00155711421393785,96
sign_test_og_cel1.0__norm_original_radius,new_cel_removed_chunk_0,1,GR,6.256510448952516,96
sign_test_og_cel1.0__norm_original_radius,new_cel_removed_chunk_0,1,IPC,8.017836282569872,96
sign_test_og_cel1.0__norm_original_radius,new_cel_removed_chunk_0,1,KR,3.76000913977623,96
sign_test_og_cel1.0__norm_original_radius,new_cel_removed_chunk_0,1,MC,4.294430543979009,96
sign_test_og_cel1.0__norm_original_radius,new_cel_removed_chunk_0,1,cosine_similarity,-0.6422552019357681,96
sign_test_og_cel1.0__norm_original_radius,new_cel_removed_chunk_0,1,kl_to_gaussian,1.1739684703756503,96
sign_test_og_cel1.0__norm_original_radius,new_cel_removed_chunk_0,1,wt_mean,-0.00155711421393785,96
sign_test_og_cel1.0__norm_original_radius,new_cel_removed_chunk_0,2,GR,5.8844407225648565,96
sign_test_og_cel1.0__norm_original_radius,new_cel_removed_chunk_0,2,IPC,7.785245614531477,96
sign_test_og_cel1.0__norm_original_radius,new_cel_removed_chunk_0,2,KR,3.466809185842673,96
sign_test_og_cel1.0__norm_original_radius,new_cel_removed_chunk_0,2,MC,4.534060227374236,96
sign_test_og_cel1.0__norm_original_radius,new_cel_removed_chunk_0,2,cosine_similarity,-0.6422552019357681,96
sign_test_og_cel1.0__norm_original_radius,new_cel_removed_chunk_0,2,kl_to_gaussian,1.1739684703756503,96
sign_test_og_cel1.0__norm_original_radius,new_cel_removed_chunk_0,2,wt_mean,-0.00155711421393785,96
sign_test_og_cel1.0__norm_original_radius,new_cel_removed_chunk_0,3,GR,7.016616955399513,96
sign_test_og_cel1.0__norm_original_radius,new_cel_removed_chunk_0,3,IPC,8.019524071563495,96
sign_test_og_cel1.0__norm_original_radius,new_cel_removed_chunk_0,3,KR,4.114976505438487,96
sign_test_og_cel1.0__norm_original_radius,new_cel_removed_chunk_0,3,MC,4.832570483287175,96
sign_test_og_cel1.0__norm_original_radius,new_cel_removed_chunk_0,3,cosine_similarity,-0.6422552019357681,96
sign_test_og_cel1.0__norm_original_radius,new_cel_removed_chunk_0,3,kl_to_gaussian,1.1739684703756503,96
sign_test_og_cel1.0__norm_original_radius,new_cel_removed_chunk_0,3,wt_mean,-0.00155711421393785,96
sign_test_og_cel1.0__norm_original_radius,new_cel_removed_chunk_0,4,GR,6.777513116598129,96
sign_test_og_cel1.0__norm_original_radius,new_cel_removed_chunk_0,4,IPC,8.031922566340143,96
sign_test_og_cel1.0__norm_original_radius,new_cel_removed_chunk_0,4,KR,3.9970508006711802,96
sign_test_og_cel1.0__norm_original_radius,new_cel_removed_chunk_0,4,MC,4.474949434399605,96
sign_test_og_cel1.0__norm_original_radius,new_cel_removed_chunk_0,4,cosine_similarity,-0.6422552019357681,96
sign_test_og_cel1.0__norm_original_radius,new_cel_removed_chunk_0,4,kl_to_gaussian,1.1739684703756503,96
sign_test_og_cel1.0__norm_original_radius,new_cel_removed_chunk_0,4,wt_mean,-0.00155711421393785,96
sign_test_og_cel1.0__norm_original_radius,new_cel_removed_chunk_1,5,GR,5.314032673835754,96
sign_test_og_cel1.0__norm_original_radius,new_cel_removed_chunk_1,5,IPC,8.689659546691347,96
sign_test_og_cel1.0__norm_original_radius,new_cel_removed_chunk_1,5,KR,3.320668525993824,96
sign_test_og_cel1.0__norm_original_radius,new_cel_removed_chunk_1,5,MC,4.948741388817628,96
sign_test_og_cel1.0__norm_original_radius,new_cel_removed_chunk_1,5,cosine_similarity,-0.6422552019357681,96
sign_test_og_cel1.0__norm_original_radius,new_cel_removed_chunk_1,5,kl_to_gaussian,1.1739684703756503,96
sign_test_og_cel1.0__norm_original_radius,new_cel_removed_chunk_1,5,wt_mean,-0.00155711421393785,96
sign_test_og_cel1.0__norm_original_radius,new_cel_removed_chunk_1,6,GR,6.140034715334575,96
sign_test_og_cel1.0__norm_original_radius,new_cel_removed_chunk_1,6,IPC,8.447299489870561,96
sign_test_og_cel1.0__norm_original_radius,new_cel_removed_chunk_1,6,KR,3.7773856967687607,96
sign_test_og_cel1.0__norm_original_radius,new_cel_removed_chunk_1,6,MC,4.991475718716781,96
sign_test_og_cel1.0__norm_original_radius,new_cel_removed_chunk_1,6,cosine_similarity,-0.6422552019357681,96
sign_test_og_cel1.0__norm_original_radius,new_cel_removed_chunk_1,6,kl_to_gaussian,1.1739684703756503,96
sign_test_og_cel1.0__norm_original_radius,new_cel_removed_chunk_1,6,wt_mean,-0.00155711421393785,96
sign_test_og_cel1.0__norm_original_radius,new_cel_removed_chunk_1,7,GR,6.544661632428567,96
sign_test_og_cel1.0__norm_original_radius,new_cel_removed_chunk_1,7,IPC,8.028310637422754,96
sign_test_og_cel1.0__norm_original_radius,new_cel_removed_chunk_1,7,KR,3.811828088015318,96
sign_test_og_cel1.0__norm_original_radius,new_cel_removed_chunk_1,7,MC,4.591905017693837,96
sign_test_og_cel1.0__norm_original_radius,new_cel_removed_chunk_1,7,cosine_similarity,-0.6422552019357681,96
sign_test_og_cel1.0__norm_original_radius,new_cel_removed_chunk_1,7,kl_to_gaussian,1.1739684703756503,96
sign_test_og_cel1.0__norm_original_radius,new_cel_removed_chunk_1,7,wt_mean,-0.00155711421393785,96
sign_test_og_cel1.0__norm_original_radius,new_cel_removed_chunk_1,8,GR,6.225657896449168,96
sign_test_og_cel1.0__norm_original_radius,new_cel_removed_chunk_1,8,IPC,7.94298694534477,96
sign_test_og_cel1.0__norm_original_radius,new_cel_removed_chunk_1,8,KR,3.7151630831261477,96
sign_test_og_cel1.0__norm_original_radius,new_cel_removed_chunk_1,8,MC,4.214873826752107,96
sign_test_og_cel1.0__norm_original_radius,new_cel_removed_chunk_1,8,cosine_similarity,-0.6422552019357681,96
sign_test_og_cel1.0__norm_original_radius,new_cel_removed_chunk_1,8,kl_to_gaussian,1.1739684703756503,96
sign_test_og_cel1.0__norm_original_radius,new_cel_removed_chunk_1,8,wt_mean,-0.00155711421393785,96
sign_test_og_cel1.0__norm_original_radius,new_cel_removed_chunk_1,9,GR,6.913605784376462,96
sign_test_og_cel1.0__norm_original_radius,new_cel_removed_chunk_1,9,IPC,8.179027445090165,96
sign_test_og_cel1.0__norm_original_radius,new_cel_removed_chunk_1,9,KR,4.1779931584994,96
sign_test_og_cel1.0__norm_original_radius,new_cel_removed_chunk_1,9,MC,4.4589840198556585,96
sign_test_og_cel1.0__norm_original_radius,new_cel_removed_chunk_1,9,cosine_similarity,-0.6422552019357681,96
sign_test_og_cel1.0__norm_original_radius,new_cel_removed_chunk_1,9,kl_to_gaussian,1.1739684703756503,96
sign_test_og_cel1.0__norm_original_radius,new_cel_removed_chunk_1,9,wt_mean,-0.00155711421393785,96
sign_test_og_cel1.0__norm_original_radius,new_cel_removed_chunk_10,50,GR,5.9853670199712115,96
sign_test_og_cel1.0__norm_original_radius,new_cel_removed_chunk_10,50,IPC,8.198491342055874,96
sign_test_og_cel1.0__norm_original_radius,new_cel_removed_chunk_10,50,KR,3.7948761582374573,96
sign_test_og_cel1.0__norm_original_radius,new_cel_removed_chunk_10,50,MC,4.852889232337475,96
sign_test_og_cel1.0__norm_original_radius,new_cel_removed_chunk_10,50,cosine_similarity,-0.6422552019357681,96
sign_test_og_cel1.0__norm_original_radius,new_cel_removed_chunk_10,50,kl_to_gaussian,1.1739684703756503,96
sign_test_og_cel1.0__norm_original_radius,new_cel_removed_chunk_10,50,wt_mean,-0.00155711421393785,96
sign_test_og_cel1.0__norm_original_radius,new_cel_removed_chunk_10,51,GR,5.7109451331198215,96
sign_test_og_cel1.0__norm_original_radius,new_cel_removed_chunk_10,51,IPC,8.155313533170135,96
sign_test_og_cel1.0__norm_original_radius,new_cel_removed_chunk_10,51,KR,3.4037632470329604,96
sign_test_og_cel1.0__norm_original_radius,new_cel_removed_chunk_10,51,MC,4.435394944002231,96
sign_test_og_cel1.0__norm_original_radius,new_cel_removed_chunk_10,51,cosine_similarity,-0.6422552019357681,96
sign_test_og_cel1.0__norm_original_radius,new_cel_removed_chunk_10,51,kl_to_gaussian,1.1739684703756503,96
sign_test_og_cel1.0__norm_original_radius,new_cel_removed_chunk_10,51,wt_mean,-0.00155711421393785,96
sign_test_og_cel1.0__norm_original_radius,new_cel_removed_chunk_10,52,GR,6.017244803408782,96
sign_test_og_cel1.0__norm_original_radius,new_cel_removed_chunk_10,52,IPC,8.12575571751551,96
sign_test_og_cel1.0__norm_original_radius,new_cel_removed_chunk_10,52,KR,3.661264378577471,96
sign_test_og_cel1.0__norm_original_radius,new_cel_removed_chunk_10,52,MC,4.67105286816756,96
sign_test_og_cel1.0__norm_original_radius,new_cel_removed_chunk_10,52,cosine_similarity,-0.6422552019357681,96
sign_test_og_cel1.0__norm_original_radius,new_cel_removed_chunk_10,52,kl_to_gaussian,1.1739684703756503,96
sign_test_og_cel1.0__norm_original_radius,new_cel_removed_chunk_10,52,wt_mean,-0.00155711421393785,96
sign_test_og_cel1.0__norm_original_radius,new_cel_removed_chunk_10,53,GR,5.9173108115792274,96
sign_test_og_cel1.0__norm_original_radius,new_cel_removed_chunk_10,53,IPC,8.258477104372309,96
sign_test_og_cel1.0__norm_original_radius,new_cel_removed_chunk_10,53,KR,3.58816584572196,96
sign_test_og_cel1.0__norm_original_radius,new_cel_removed_chunk_10,53,MC,5.076121064523856,96
sign_test_og_cel1.0__norm_original_radius,new_cel_removed_chunk_10,53,cosine_similarity,-0.6422552019357681,96
sign_test_og_cel1.0__norm_original_radius,new_cel_removed_chunk_10,53,kl_to_gaussian,1.1739684703756503,96
sign_test_og_cel1.0__norm_original_radius,new_cel_removed_chunk_10,53,wt_mean,-0.00155711421393785,96
sign_test_og_cel1.0__norm_original_radius,new_cel_removed_chunk_10,54,GR,5.659029198189576,96
sign_test_og_cel1.0__norm_original_radius,new_cel_removed_chunk_10,54,IPC,7.754093130726267,96
sign_test_og_cel1.0__norm_original_radius,new_cel_removed_chunk_10,54,KR,3.5446281395852566,96
sign_test_og_cel1.0__norm_original_radius,new_cel_removed_chunk_10,54,MC,4.752976603806019,96
sign_test_og_cel1.0__norm_original_radius,new_cel_removed_chunk_10,54,cosine_similarity,-0.6422552019357681,96
sign_test_og_cel1.0__norm_original_radius,new_cel_removed_chunk_10,54,kl_to_gaussian,1.1739684703756503,96
sign_test_og_cel1.0__norm_original_radius,new_cel_removed_chunk_10,54,wt_mean,-0.00155711421393785,96
sign_test_og_cel1.0__norm_original_radius,new_cel_removed_chunk_11,55,GR,6.8579825311899185,96
sign_test_og_cel1.0__norm_original_radius,new_cel_removed_chunk_11,55,IPC,8.529542894473865,96
sign_test_og_cel1.0__norm_original_radius,new_cel_removed_chunk_11,55,KR,4.073100563138723,96
sign_test_og_cel1.0__norm_original_radius,new_cel_removed_chunk_11,55,MC,4.85900504514575,96
sign_test_og_cel1.0__norm_original_radius,new_cel_removed_chunk_11,55,cosine_similarity,-0.6422552019357681,96
sign_test_og_cel1.0__norm_original_radius,new_cel_removed_chunk_11,55,kl_to_gaussian,1.1739684703756503,96
sign_test_og_cel1.0__norm_original_radius,new_cel_removed_chunk_11,55,wt_mean,-0.00155711421393785,96
sign_test_og_cel1.0__norm_original_radius,new_cel_removed_chunk_11,56,GR,5.898834150284529,96
sign_test_og_cel1.0__norm_original_radius,new_cel_removed_chunk_11,56,IPC,8.281682185886096,96
sign_test_og_cel1.0__norm_original_radius,new_cel_removed_chunk_11,56,KR,3.6279744965334735,96
sign_test_og_cel1.0__norm_original_radius,new_cel_removed_chunk_11,56,MC,4.783443663269281,96
sign_test_og_cel1.0__norm_original_radius,new_cel_removed_chunk_11,56,cosine_similarity,-0.6422552019357681,96
sign_test_og_cel1.0__norm_original_radius,new_cel_removed_chunk_11,56,kl_to_gaussian,1.1739684703756503,96
sign_test_og_cel1.0__norm_original_radius,new_cel_removed_chunk_11,56,wt_mean,-0.00155711421393785,96
sign_test_og_cel1.0__norm_original_radius,new_cel_removed_chunk_11,57,GR,5.862963696320851,96
sign_test_og_cel1.0__norm_original_radius,new_cel_removed_chunk_11,57,IPC,8.509892830809244,96
sign_test_og_cel1.0__norm_original_radius,new_cel_removed_chunk_11,57,KR,3.4801238973935447,96
sign_test_og_cel1.0__norm_original_radius,new_cel_removed_chunk_11,57,MC,4.834461078047752,96
sign_test_og_cel1.0__norm_original_radius,new_cel_removed_chunk_11,57,cosine_similarity,-0.6422552019357681,96
sign_test_og_cel1.0__norm_original_radius,new_cel_removed_chunk_11,57,kl_to_gaussian,1.1739684703756503,96
sign_test_og_cel1.0__norm_original_radius,new_cel_removed_chunk_11,57,wt_mean,-0.00155711421393785,96
sign_test_og_cel1.0__norm_original_radius,new_cel_removed_chunk_11,58,GR,7.805455548067887,96
sign_test_og_cel1.0__norm_original_radius,new_cel_removed_chunk_11,58,IPC,7.8391190276163165,96
sign_test_og_cel1.0__norm_original_radius,new_cel_removed_chunk_11,58,KR,4.475838268796603,96
sign_test_og_cel1.0__norm_original_radius,new_cel_removed_chunk_11,58,MC,4.431645531207323,96
sign_test_og_cel1.0__norm_original_radius,new_cel_removed_chunk_11,58,cosine_similarity,-0.6422552019357681,96
sign_test_og_cel1.0__norm_original_radius,new_cel_removed_chunk_11,58,kl_to_gaussian,1.1739684703756503,96
sign_test_og_cel1.0__norm_original_radius,new_cel_removed_chunk_11,58,wt_mean,-0.00155711421393785,96
sign_test_og_cel1.0__norm_original_radius,new_cel_removed_chunk_11,59,GR,6.600769547124703,96
sign_test_og_cel1.0__norm_original_radius,new_cel_removed_chunk_11,59,IPC,8.264784852102219,96
sign_test_og_cel1.0__norm_original_radius,new_cel_removed_chunk_11,59,KR,3.9752357999483743,96
sign_test_og_cel1.0__norm_original_radius,new_cel_removed_chunk_11,59,MC,4.61870617295305,96
sign_test_og_cel1.0__norm_original_radius,new_cel_removed_chunk_11,59,cosine_similarity,-0.6422552019357681,96
sign_test_og_cel1.0__norm_original_radius,new_cel_removed_chunk_11,59,kl_to_gaussian,1.1739684703756503,96
sign_test_og_cel1.0__norm_original_radius,new_cel_removed_chunk_11,59,wt_mean,-0.00155711421393785,96
sign_test_og_cel1.0__norm_original_radius,new_cel_removed_chunk_12,60,GR,6.346851808329423,96
sign_test_og_cel1.0__norm_original_radius,new_cel_removed_chunk_12,60,IPC,8.165417966987672,96
sign_test_og_cel1.0__norm_original_radius,new_cel_removed_chunk_12,60,KR,3.860586026062568,96
sign_test_og_cel1.0__norm_original_radius,new_cel_removed_chunk_12,60,MC,4.500284294287364,96
sign_test_og_cel1.0__norm_original_radius,new_cel_removed_chunk_12,60,cosine_similarity,-0.6422552019357681,96
sign_test_og_cel1.0__norm_original_radius,new_cel_removed_chunk_12,60,kl_to_gaussian,1.1739684703756503,96
sign_test_og_cel1.0__norm_original_radius,new_cel_removed_chunk_12,60,wt_mean,-0.00155711421393785,96
sign_test_og_cel1.0__norm_original_radius,new_cel_removed_chunk_12,61,GR,5.90056573972106,96
sign_test_og_cel1.0__norm_original_radius,new_cel_removed_chunk_12,61,IPC,8.555015206897336,96
sign_test_og_cel1.0__norm_original_radius,new_cel_removed_chunk_12,61,KR,3.447789597014586,96
sign_test_og_cel1.0__norm_original_radius,new_cel_removed_chunk_12,61,MC,4.439814242223899,96
sign_test_og_cel1.0__norm_original_radius,new_cel_removed_chunk_12,61,cosine_similarity,-0.6422552019357681,96
sign_test_og_cel1.0__norm_original_radius,new_cel_removed_chunk_12,61,kl_to_gaussian,1.1739684703756503,96
sign_test_og_cel1.0__norm_original_radius,new_cel_removed_chunk_12,61,wt_mean,-0.00155711421393785,96
sign_test_og_cel1.0__norm_original_radius,new_cel_removed_chunk_12,62,GR,6.209552088131507,96
sign_test_og_cel1.0__norm_original_radius,new_cel_removed_chunk_12,62,IPC,8.121831691776897,96
sign_test_og_cel1.0__norm_original_radius,new_cel_removed_chunk_12,62,KR,3.7831752883891263,96
sign_test_og_cel1.0__norm_original_radius,new_cel_removed_chunk_12,62,MC,4.714639030396938,96
sign_test_og_cel1.0__norm_original_radius,new_cel_removed_chunk_12,62,cosine_similarity,-0.6422552019357681,96
sign_test_og_cel1.0__norm_original_radius,new_cel_removed_chunk_12,62,kl_to_gaussian,1.1739684703756503,96
sign_test_og_cel1.0__norm_original_radius,new_cel_removed_chunk_12,62,wt_mean,-0.00155711421393785,96
sign_test_og_cel1.0__norm_original_radius,new_cel_removed_chunk_12,63,GR,6.2951886455218,96
sign_test_og_cel1.0__norm_original_radius,new_cel_removed_chunk_12,63,IPC,8.045173965769019,96
sign_test_og_cel1.0__norm_original_radius,new_cel_removed_chunk_12,63,KR,3.798997540026903,96
sign_test_og_cel1.0__norm_original_radius,new_cel_removed_chunk_12,63,MC,4.5668472945690155,96
sign_test_og_cel1.0__norm_original_radius,new_cel_removed_chunk_12,63,cosine_similarity,-0.6422552019357681,96
sign_test_og_cel1.0__norm_original_radius,new_cel_removed_chunk_12,63,kl_to_gaussian,1.1739684703756503,96
sign_test_og_cel1.0__norm_original_radius,new_cel_removed_chunk_12,63,wt_mean,-0.00155711421393785,96
sign_test_og_cel1.0__norm_original_radius,new_cel_removed_chunk_12,64,GR,5.85264065861702,96
sign_test_og_cel1.0__norm_original_radius,new_cel_removed_chunk_12,64,IPC,8.359288502418606,96
sign_test_og_cel1.0__norm_original_radius,new_cel_removed_chunk_12,64,KR,3.507009052981933,96
sign_test_og_cel1.0__norm_original_radius,new_cel_removed_chunk_12,64,MC,4.692569620907307,96
sign_test_og_cel1.0__norm_original_radius,new_cel_removed_chunk_12,64,cosine_similarity,-0.6422552019357681,96
sign_test_og_cel1.0__norm_original_radius,new_cel_removed_chunk_12,64,kl_to_gaussian,1.1739684703756503,96
sign_test_og_cel1.0__norm_original_radius,new_cel_removed_chunk_12,64,wt_mean,-0.00155711421393785,96
sign_test_og_cel1.0__norm_original_radius,new_cel_removed_chunk_13,65,GR,5.930603896578153,96
sign_test_og_cel1.0__norm_original_radius,new_cel_removed_chunk_13,65,IPC,7.913931017941809,96
sign_test_og_cel1.0__norm_original_radius,new_cel_removed_chunk_13,65,KR,3.5767755148311458,96
sign_test_og_cel1.0__norm_original_radius,new_cel_removed_chunk_13,65,MC,4.5055401263137655,96
sign_test_og_cel1.0__norm_original_radius,new_cel_removed_chunk_13,65,cosine_similarity,-0.6422552019357681,96
sign_test_og_cel1.0__norm_original_radius,new_cel_removed_chunk_13,65,kl_to_gaussian,1.1739684703756503,96
sign_test_og_cel1.0__norm_original_radius,new_cel_removed_chunk_13,65,wt_mean,-0.00155711421393785,96
sign_test_og_cel1.0__norm_original_radius,new_cel_removed_chunk_13,66,GR,5.277081875751416,96
sign_test_og_cel1.0__norm_original_radius,new_cel_removed_chunk_13,66,IPC,7.906346990540282,96
sign_test_og_cel1.0__norm_original_radius,new_cel_removed_chunk_13,66,KR,3.2524681761860847,96
sign_test_og_cel1.0__norm_original_radius,new_cel_removed_chunk_13,66,MC,4.536922197788954,96
sign_test_og_cel1.0__norm_original_radius,new_cel_removed_chunk_13,66,cosine_similarity,-0.6422552019357681,96
sign_test_og_cel1.0__norm_original_radius,new_cel_removed_chunk_13,66,kl_to_gaussian,1.1739684703756503,96
sign_test_og_cel1.0__norm_original_radius,new_cel_removed_chunk_13,66,wt_mean,-0.00155711421393785,96
sign_test_og_cel1.0__norm_original_radius,new_cel_removed_chunk_13,67,GR,6.4180420115590096,96
sign_test_og_cel1.0__norm_original_radius,new_cel_removed_chunk_13,67,IPC,7.814918161113152,96
sign_test_og_cel1.0__norm_original_radius,new_cel_removed_chunk_13,67,KR,3.9346024580299854,96
sign_test_og_cel1.0__norm_original_radius,new_cel_removed_chunk_13,67,MC,4.742229533692201,96
sign_test_og_cel1.0__norm_original_radius,new_cel_removed_chunk_13,67,cosine_similarity,-0.6422552019357681,96
sign_test_og_cel1.0__norm_original_radius,new_cel_removed_chunk_13,67,kl_to_gaussian,1.1739684703756503,96
sign_test_og_cel1.0__norm_original_radius,new_cel_removed_chunk_13,67,wt_mean,-0.00155711421393785,96
sign_test_og_cel1.0__norm_original_radius,new_cel_removed_chunk_13,68,GR,7.0578277160724,96
sign_test_og_cel1.0__norm_original_radius,new_cel_removed_chunk_13,68,IPC,7.943822402430786,96
sign_test_og_cel1.0__norm_original_radius,new_cel_removed_chunk_13,68,KR,4.225159287452698,96
sign_test_og_cel1.0__norm_original_radius,new_cel_removed_chunk_13,68,MC,4.709318434198697,96
sign_test_og_cel1.0__norm_original_radius,new_cel_removed_chunk_13,68,cosine_similarity,-0.6422552019357681,96
sign_test_og_cel1.0__norm_original_radius,new_cel_removed_chunk_13,68,kl_to_gaussian,1.1739684703756503,96
sign_test_og_cel1.0__norm_original_radius,new_cel_removed_chunk_13,68,wt_mean,-0.00155711421393785,96
sign_test_og_cel1.0__norm_original_radius,new_cel_removed_chunk_13,69,GR,6.360266869266828,96
sign_test_og_cel1.0__norm_original_radius,new_cel_removed_chunk_13,69,IPC,7.9027791895772905,96
sign_test_og_cel1.0__norm_original_radius,new_cel_removed_chunk_13,69,KR,3.817453986654679,96
sign_test_og_cel1.0__norm_original_radius,new_cel_removed_chunk_13,69,MC,4.5302871242165565,96
sign_test_og_cel1.0__norm_original_radius,new_cel_removed_chunk_13,69,cosine_similarity,-0.6422552019357681,96
sign_test_og_cel1.0__norm_original_radius,new_cel_removed_chunk_13,69,kl_to_gaussian,1.1739684703756503,96
sign_test_og_cel1.0__norm_original_radius,new_cel_removed_chunk_13,69,wt_mean,-0.00155711421393785,96
sign_test_og_cel1.0__norm_original_radius,new_cel_removed_chunk_14,70,GR,5.389823116362095,96
sign_test_og_cel1.0__norm_original_radius,new_cel_removed_chunk_14,70,IPC,8.114047575953382,96
sign_test_og_cel1.0__norm_original_radius,new_cel_removed_chunk_14,70,KR,3.2006387573977313,96
sign_test_og_cel1.0__norm_original_radius,new_cel_removed_chunk_14,70,MC,4.574691829582055,96
sign_test_og_cel1.0__norm_original_radius,new_cel_removed_chunk_14,70,cosine_similarity,-0.6422552019357681,96
sign_test_og_cel1.0__norm_original_radius,new_cel_removed_chunk_14,70,kl_to_gaussian,1.1739684703756503,96
sign_test_og_cel1.0__norm_original_radius,new_cel_removed_chunk_14,70,wt_mean,-0.00155711421393785,96
sign_test_og_cel1.0__norm_original_radius,new_cel_removed_chunk_14,71,GR,5.498966816812754,96
sign_test_og_cel1.0__norm_original_radius,new_cel_removed_chunk_14,71,IPC,8.247983888522818,96
sign_test_og_cel1.0__norm_original_radius,new_cel_removed_chunk_14,71,KR,3.4410140303273997,96
sign_test_og_cel1.0__norm_original_radius,new_cel_removed_chunk_14,71,MC,4.789972059428692,96
sign_test_og_cel1.0__norm_original_radius,new_cel_removed_chunk_14,71,cosine_similarity,-0.6422552019357681,96
sign_test_og_cel1.0__norm_original_radius,new_cel_removed_chunk_14,71,kl_to_gaussian,1.1739684703756503,96
sign_test_og_cel1.0__norm_original_radius,new_cel_removed_chunk_14,71,wt_mean,-0.00155711421393785,96
sign_test_og_cel1.0__norm_original_radius,new_cel_removed_chunk_14,72,GR,5.586130958050489,96
sign_test_og_cel1.0__norm_original_radius,new_cel_removed_chunk_14,72,IPC,8.211869612725904,96
sign_test_og_cel1.0__norm_original_radius,new_cel_removed_chunk_14,72,KR,3.431604595233997,96
sign_test_og_cel1.0__norm_original_radius,new_cel_removed_chunk_14,72,MC,4.707263375322024,96
sign_test_og_cel1.0__norm_original_radius,new_cel_removed_chunk_14,72,cosine_similarity,-0.6422552019357681,96
sign_test_og_cel1.0__norm_original_radius,new_cel_removed_chunk_14,72,kl_to_gaussian,1.1739684703756503,96
sign_test_og_cel1.0__norm_original_radius,new_cel_removed_chunk_14,72,wt_mean,-0.00155711421393785,96
sign_test_og_cel1.0__norm_original_radius,new_cel_removed_chunk_14,73,GR,5.062987923622131,96
sign_test_og_cel1.0__norm_original_radius,new_cel_removed_chunk_14,73,IPC,8.796639679598561,96
sign_test_og_cel1.0__norm_original_radius,new_cel_removed_chunk_14,73,KR,3.17756080130736,96
sign_test_og_cel1.0__norm_original_radius,new_cel_removed_chunk_14,73,MC,5.1048472213248415,96
sign_test_og_cel1.0__norm_original_radius,new_cel_removed_chunk_14,73,cosine_similarity,-0.6422552019357681,96
sign_test_og_cel1.0__norm_original_radius,new_cel_removed_chunk_14,73,kl_to_gaussian,1.1739684703756503,96
sign_test_og_cel1.0__norm_original_radius,new_cel_removed_chunk_14,73,wt_mean,-0.00155711421393785,96
sign_test_og_cel1.0__norm_original_radius,new_cel_removed_chunk_14,74,GR,6.183779589831829,96
sign_test_og_cel1.0__norm_original_radius,new_cel_removed_chunk_14,74,IPC,7.844203489025646,96
sign_test_og_cel1.0__norm_original_radius,new_cel_removed_chunk_14,74,KR,3.71342625344793,96
sign_test_og_cel1.0__norm_original_radius,new_cel_removed_chunk_14,74,MC,4.705680387715499,96
sign_test_og_cel1.0__norm_original_radius,new_cel_removed_chunk_14,74,cosine_similarity,-0.6422552019357681,96
sign_test_og_cel1.0__norm_original_radius,new_cel_removed_chunk_14,74,kl_to_gaussian,1.1739684703756503,96
sign_test_og_cel1.0__norm_original_radius,new_cel_removed_chunk_14,74,wt_mean,-0.00155711421393785,96
sign_test_og_cel1.0__norm_original_radius,new_cel_removed_chunk_15,75,GR,6.47382394472758,96
sign_test_og_cel1.0__norm_original_radius,new_cel_removed_chunk_15,75,IPC,8.319096137882616,96
sign_test_og_cel1.0__norm_original_radius,new_cel_removed_chunk_15,75,KR,3.9777793449660144,96
sign_test_og_cel1.0__norm_original_radius,new_cel_removed_chunk_15,75,MC,4.983861654996872,96
sign_test_og_cel1.0__norm_original_radius,new_cel_removed_chunk_15,75,cosine_similarity,-0.6422552019357681,96
sign_test_og_cel1.0__norm_original_radius,new_cel_removed_chunk_15,75,kl_to_gaussian,1.1739684703756503,96
sign_test_og_cel1.0__norm_original_radius,new_cel_removed_chunk_15,75,wt_mean,-0.00155711421393785,96
sign_test_og_cel1.0__norm_original_radius,new_cel_removed_chunk_15,76,GR,7.010869028667609,96
sign_test_og_cel1.0__norm_original_radius,new_cel_removed_chunk_15,76,IPC,8.247580490987756,96
sign_test_og_cel1.0__norm_original_radius,new_cel_removed_chunk_15,76,KR,4.2321294620633125,96
sign_test_og_cel1.0__norm_original_radius,new_cel_removed_chunk_15,76,MC,4.712974598010381,96
sign_test_og_cel1.0__norm_original_radius,new_cel_removed_chunk_15,76,cosine_similarity,-0.6422552019357681,96
sign_test_og_cel1.0__norm_original_radius,new_cel_removed_chunk_15,76,kl_to_gaussian,1.1739684703756503,96
sign_test_og_cel1.0__norm_original_radius,new_cel_removed_chunk_15,76,wt_mean,-0.00155711421393785,96
sign_test_og_cel1.0__norm_original_radius,new_cel_removed_chunk_15,77,GR,6.016465862592061,96
sign_test_og_cel1.0__norm_original_radius,new_cel_removed_chunk_15,77,IPC,7.960860304496658,96
sign_test_og_cel1.0__norm_original_radius,new_cel_removed_chunk_15,77,KR,3.7378148088852563,96
sign_test_og_cel1.0__norm_original_radius,new_cel_removed_chunk_15,77,MC,4.697065050403277,96
sign_test_og_cel1.0__norm_original_radius,new_cel_removed_chunk_15,77,cosine_similarity,-0.6422552019357681,96
sign_test_og_cel1.0__norm_original_radius,new_cel_removed_chunk_15,77,kl_to_gaussian,1.1739684703756503,96
sign_test_og_cel1.0__norm_original_radius,new_cel_removed_chunk_15,77,wt_mean,-0.00155711421393785,96
sign_test_og_cel1.0__norm_original_radius,new_cel_removed_chunk_15,78,GR,6.453092118104299,96
sign_test_og_cel1.0__norm_original_radius,new_cel_removed_chunk_15,78,IPC,8.267862359822342,96
sign_test_og_cel1.0__norm_original_radius,new_cel_removed_chunk_15,78,KR,3.767687939107418,96
sign_test_og_cel1.0__norm_original_radius,new_cel_removed_chunk_15,78,MC,4.605672903358936,96
sign_test_og_cel1.0__norm_original_radius,new_cel_removed_chunk_15,78,cosine_similarity,-0.6422552019357681,96
sign_test_og_cel1.0__norm_original_radius,new_cel_removed_chunk_15,78,kl_to_gaussian,1.1739684703756503,96
sign_test_og_cel1.0__norm_original_radius,new_cel_removed_chunk_15,78,wt_mean,-0.00155711421393785,96
sign_test_og_cel1.0__norm_original_radius,new_cel_removed_chunk_15,79,GR,6.820884128411611,96
sign_test_og_cel1.0__norm_original_radius,new_cel_removed_chunk_15,79,IPC,8.12169041317345,96
sign_test_og_cel1.0__norm_original_radius,new_cel_removed_chunk_15,79,KR,4.059713667879502,96
sign_test_og_cel1.0__norm_original_radius,new_cel_removed_chunk_15,79,MC,4.6185392414530115,96
sign_test_og_cel1.0__norm_original_radius,new_cel_removed_chunk_15,79,cosine_similarity,-0.6422552019357681,96
sign_test_og_cel1.0__norm_original_radius,new_cel_removed_chunk_15,79,kl_to_gaussian,1.1739684703756503,96
sign_test_og_cel1.0__norm_original_radius,new_cel_removed_chunk_15,79,wt_mean,-0.00155711421393785,96
sign_test_og_cel1.0__norm_original_radius,new_cel_removed_chunk_16,80,GR,6.178868867456913,96
sign_test_og_cel1.0__norm_original_radius,new_cel_removed_chunk_16,80,IPC,7.487684041054059,96
sign_test_og_cel1.0__norm_original_radius,new_cel_removed_chunk_16,80,KR,3.762682559589545,96
sign_test_og_cel1.0__norm_original_radius,new_cel_removed_chunk_16,80,MC,4.731318347156048,96
sign_test_og_cel1.0__norm_original_radius,new_cel_removed_chunk_16,80,cosine_similarity,-0.6422552019357681,96
sign_test_og_cel1.0__norm_original_radius,new_cel_removed_chunk_16,80,kl_to_gaussian,1.1739684703756503,96
sign_test_og_cel1.0__norm_original_radius,new_cel_removed_chunk_16,80,wt_mean,-0.00155711421393785,96
sign_test_og_cel1.0__norm_original_radius,new_cel_removed_chunk_16,81,GR,7.259515903890133,96
sign_test_og_cel1.0__norm_original_radius,new_cel_removed_chunk_16,81,IPC,7.645760599617662,96
sign_test_og_cel1.0__norm_original_radius,new_cel_removed_chunk_16,81,KR,4.341666212926309,96
sign_test_og_cel1.0__norm_original_radius,new_cel_removed_chunk_16,81,MC,4.493144887189071,96
sign_test_og_cel1.0__norm_original_radius,new_cel_removed_chunk_16,81,cosine_similarity,-0.6422552019357681,96
sign_test_og_cel1.0__norm_original_radius,new_cel_removed_chunk_16,81,kl_to_gaussian,1.1739684703756503,96
sign_test_og_cel1.0__norm_original_radius,new_cel_removed_chunk_16,81,wt_mean,-0.00155711421393785,96
sign_test_og_cel1.0__norm_original_radius,new_cel_removed_chunk_16,82,GR,5.1737750594814615,96
sign_test_og_cel1.0__norm_original_radius,new_cel_removed_chunk_16,82,IPC,7.754241451924053,96
sign_test_og_cel1.0__norm_original_radius,new_cel_removed_chunk_16,82,KR,3.2282728428641954,96
sign_test_og_cel1.0__norm_original_radius,new_cel_removed_chunk_16,82,MC,4.47174817447861,96
sign_test_og_cel1.0__norm_original_radius,new_cel_removed_chunk_16,82,cosine_similarity,-0.6422552019357681,96
sign_test_og_cel1.0__norm_original_radius,new_cel_removed_chunk_16,82,kl_to_gaussian,1.1739684703756503,96
sign_test_og_cel1.0__norm_original_radius,new_cel_removed_chunk_16,82,wt_mean,-0.00155711421393785,96
sign_test_og_cel1.0__norm_original_radius,new_cel_removed_chunk_16,83,GR,5.572855535894632,96
sign_test_og_cel1.0__norm_original_radius,new_cel_removed_chunk_16,83,IPC,6.9910220432699495,96
sign_test_og_cel1.0__norm_original_radius,new_cel_removed_chunk_16,83,KR,3.2537797378997007,96
sign_test_og_cel1.0__norm_original_radius,new_cel_removed_chunk_16,83,MC,4.070041321218014,96
sign_test_og_cel1.0__norm_original_radius,new_cel_removed_chunk_16,83,cosine_similarity,-0.6422552019357681,96
sign_test_og_cel1.0__norm_original_radius,new_cel_removed_chunk_16,83,kl_to_gaussian,1.1739684703756503,96
sign_test_og_cel1.0__norm_original_radius,new_cel_removed_chunk_16,83,wt_mean,-0.00155711421393785,96
sign_test_og_cel1.0__norm_original_radius,new_cel_removed_chunk_16,84,GR,6.402707209189733,96
sign_test_og_cel1.0__norm_original_radius,new_cel_removed_chunk_16,84,IPC,7.615422133297481,96
sign_test_og_cel1.0__norm_original_radius,new_cel_removed_chunk_16,84,KR,3.946643286695083,96
sign_test_og_cel1.0__norm_original_radius,new_cel_removed_chunk_16,84,MC,4.754648181299369,96
sign_test_og_cel1.0__norm_original_radius,new_cel_removed_chunk_16,84,cosine_similarity,-0.6422552019357681,96
sign_test_og_cel1.0__norm_original_radius,new_cel_removed_chunk_16,84,kl_to_gaussian,1.1739684703756503,96
sign_test_og_cel1.0__norm_original_radius,new_cel_removed_chunk_16,84,wt_mean,-0.00155711421393785,96
sign_test_og_cel1.0__norm_original_radius,new_cel_removed_chunk_17,85,GR,5.6092698859671755,96
sign_test_og_cel1.0__norm_original_radius,new_cel_removed_chunk_17,85,IPC,8.00272928871464,96
sign_test_og_cel1.0__norm_original_radius,new_cel_removed_chunk_17,85,KR,3.377107052753369,96
sign_test_og_cel1.0__norm_original_radius,new_cel_removed_chunk_17,85,MC,4.778467794259389,96
sign_test_og_cel1.0__norm_original_radius,new_cel_removed_chunk_17,85,cosine_similarity,-0.6422552019357681,96
sign_test_og_cel1.0__norm_original_radius,new_cel_removed_chunk_17,85,kl_to_gaussian,1.1739684703756503,96
sign_test_og_cel1.0__norm_original_radius,new_cel_removed_chunk_17,85,wt_mean,-0.00155711421393785,96
sign_test_og_cel1.0__norm_original_radius,new_cel_removed_chunk_17,86,GR,5.2217399800817175,96
sign_test_og_cel1.0__norm_original_radius,new_cel_removed_chunk_17,86,IPC,7.457128271941432,96
sign_test_og_cel1.0__norm_original_radius,new_cel_removed_chunk_17,86,KR,3.232338988532623,96
sign_test_og_cel1.0__norm_original_radius,new_cel_removed_chunk_17,86,MC,4.64805635313193,96
sign_test_og_cel1.0__norm_original_radius,new_cel_removed_chunk_17,86,cosine_similarity,-0.6422552019357681,96
sign_test_og_cel1.0__norm_original_radius,new_cel_removed_chunk_17,86,kl_to_gaussian,1.1739684703756503,96
sign_test_og_cel1.0__norm_original_radius,new_cel_removed_chunk_17,86,wt_mean,-0.00155711421393785,96
sign_test_og_cel1.0__norm_original_radius,new_cel_removed_chunk_17,87,GR,6.048949470122655,96
sign_test_og_cel1.0__norm_original_radius,new_cel_removed_chunk_17,87,IPC,7.3984236064363325,96
sign_test_og_cel1.0__norm_original_radius,new_cel_removed_chunk_17,87,KR,3.751742704461018,96
sign_test_og_cel1.0__norm_original_radius,new_cel_removed_chunk_17,87,MC,4.416411863019069,96
sign_test_og_cel1.0__norm_original_radius,new_cel_removed_chunk_17,87,cosine_similarity,-0.6422552019357681,96
sign_test_og_cel1.0__norm_original_radius,new_cel_removed_chunk_17,87,kl_to_gaussian,1.1739684703756503,96
sign_test_og_cel1.0__norm_original_radius,new_cel_removed_chunk_17,87,wt_mean,-0.00155711421393785,96
sign_test_og_cel1.0__norm_original_radius,new_cel_removed_chunk_17,88,GR,6.938758718470733,96
sign_test_og_cel1.0__norm_original_radius,new_cel_removed_chunk_17,88,IPC,7.61851320061815,96
sign_test_og_cel1.0__norm_original_radius,new_cel_removed_chunk_17,88,KR,4.003931747128566,96
sign_test_og_cel1.0__norm_original_radius,new_cel_removed_chunk_17,88,MC,4.317729807148377,96
sign_test_og_cel1.0__norm_original_radius,new_cel_removed_chunk_17,88,cosine_similarity,-0.6422552019357681,96
sign_test_og_cel1.0__norm_original_radius,new_cel_removed_chunk_17,88,kl_to_gaussian,1.1739684703756503,96
sign_test_og_cel1.0__norm_original_radius,new_cel_removed_chunk_17,88,wt_mean,-0.00155711421393785,96
sign_test_og_cel1.0__norm_original_radius,new_cel_removed_chunk_17,89,GR,6.197505101561546,96
sign_test_og_cel1.0__norm_original_radius,new_cel_removed_chunk_17,89,IPC,7.262420721676599,96
sign_test_og_cel1.0__norm_original_radius,new_cel_removed_chunk_17,89,KR,3.7967503691713014,96
sign_test_og_cel1.0__norm_original_radius,new_cel_removed_chunk_17,89,MC,4.171398214995861,96
sign_test_og_cel1.0__norm_original_radius,new_cel_removed_chunk_17,89,cosine_similarity,-0.6422552019357681,96
sign_test_og_cel1.0__norm_original_radius,new_cel_removed_chunk_17,89,kl_to_gaussian,1.1739684703756503,96
sign_test_og_cel1.0__norm_original_radius,new_cel_removed_chunk_17,89,wt_mean,-0.00155711421393785,96
sign_test_og_cel1.0__norm_original_radius,new_cel_removed_chunk_18,90,GR,7.026989492277305,96
sign_test_og_cel1.0__norm_original_radius,new_cel_removed_chunk_18,90,IPC,7.836485809022057,96
sign_test_og_cel1.0__norm_original_radius,new_cel_removed_chunk_18,90,KR,4.06485450019439,96
sign_test_og_cel1.0__norm_original_radius,new_cel_removed_chunk_18,90,MC,4.483856610953808,96
sign_test_og_cel1.0__norm_original_radius,new_cel_removed_chunk_18,90,cosine_similarity,-0.6422552019357681,96
sign_test_og_cel1.0__norm_original_radius,new_cel_removed_chunk_18,90,kl_to_gaussian,1.1739684703756503,96
sign_test_og_cel1.0__norm_original_radius,new_cel_removed_chunk_18,90,wt_mean,-0.00155711421393785,96
sign_test_og_cel1.0__norm_original_radius,new_cel_removed_chunk_18,91,GR,6.283262912184,96
sign_test_og_cel1.0__norm_original_radius,new_cel_removed_chunk_18,91,IPC,7.360894089323246,96
sign_test_og_cel1.0__norm_original_radius,new_cel_removed_chunk_18,91,KR,3.783157387127479,96
sign_test_og_cel1.0__norm_original_radius,new_cel_removed_chunk_18,91,MC,4.219389232496421,96
sign_test_og_cel1.0__norm_original_radius,new_cel_removed_chunk_18,91,cosine_similarity,-0.6422552019357681,96
sign_test_og_cel1.0__norm_original_radius,new_cel_removed_chunk_18,91,kl_to_gaussian,1.1739684703756503,96
sign_test_og_cel1.0__norm_original_radius,new_cel_removed_chunk_18,91,wt_mean,-0.00155711421393785,96
sign_test_og_cel1.0__norm_original_radius,new_cel_removed_chunk_18,92,GR,5.799079949657123,96
sign_test_og_cel1.0__norm_original_radius,new_cel_removed_chunk_18,92,IPC,8.115201818222646,96
sign_test_og_cel1.0__norm_original_radius,new_cel_removed_chunk_18,92,KR,3.616986961414417,96
sign_test_og_cel1.0__norm_original_radius,new_cel_removed_chunk_18,92,MC,4.696993303795655,96
sign_test_og_cel1.0__norm_original_radius,new_cel_removed_chunk_18,92,cosine_similarity,-0.6422552019357681,96
sign_test_og_cel1.0__norm_original_radius,new_cel_removed_chunk_18,92,kl_to_gaussian,1.1739684703756503,96
sign_test_og_cel1.0__norm_original_radius,new_cel_removed_chunk_18,92,wt_mean,-0.00155711421393785,96
sign_test_og_cel1.0__norm_original_radius,new_cel_removed_chunk_18,93,GR,6.668144377569358,96
sign_test_og_cel1.0__norm_original_radius,new_cel_removed_chunk_18,93,IPC,7.541991156231951,96
sign_test_og_cel1.0__norm_original_radius,new_cel_removed_chunk_18,93,KR,4.118437048047781,96
sign_test_og_cel1.0__norm_original_radius,new_cel_removed_chunk_18,93,MC,4.617454392214616,96
sign_test_og_cel1.0__norm_original_radius,new_cel_removed_chunk_18,93,cosine_similarity,-0.6422552019357681,96
sign_test_og_cel1.0__norm_original_radius,new_cel_removed_chunk_18,93,kl_to_gaussian,1.1739684703756503,96
sign_test_og_cel1.0__norm_original_radius,new_cel_removed_chunk_18,93,wt_mean,-0.00155711421393785,96
sign_test_og_cel1.0__norm_original_radius,new_cel_removed_chunk_18,94,GR,5.989660383512576,96
sign_test_og_cel1.0__norm_original_radius,new_cel_removed_chunk_18,94,IPC,7.929047692617409,96
sign_test_og_cel1.0__norm_original_radius,new_cel_removed_chunk_18,94,KR,3.6847960067292056,96
sign_test_og_cel1.0__norm_original_radius,new_cel_removed_chunk_18,94,MC,4.6475120310982065,96
sign_test_og_cel1.0__norm_original_radius,new_cel_removed_chunk_18,94,cosine_similarity,-0.6422552019357681,96
sign_test_og_cel1.0__norm_original_radius,new_cel_removed_chunk_18,94,kl_to_gaussian,1.1739684703756503,96
sign_test_og_cel1.0__norm_original_radius,new_cel_removed_chunk_18,94,wt_mean,-0.00155711421393785,96
sign_test_og_cel1.0__norm_original_radius,new_cel_removed_chunk_19,95,GR,5.938995053370793,96
sign_test_og_cel1.0__norm_original_radius,new_cel_removed_chunk_19,95,IPC,7.567269683675311,96
sign_test_og_cel1.0__norm_original_radius,new_cel_removed_chunk_19,95,KR,3.5519742717345557,96
sign_test_og_cel1.0__norm_original_radius,new_cel_removed_chunk_19,95,MC,4.341185202201207,96
sign_test_og_cel1.0__norm_original_radius,new_cel_removed_chunk_19,95,cosine_similarity,-0.6422552019357681,96
sign_test_og_cel1.0__norm_original_radius,new_cel_removed_chunk_19,95,kl_to_gaussian,1.1739684703756503,96
sign_test_og_cel1.0__norm_original_radius,new_cel_removed_chunk_19,95,wt_mean,-0.00155711421393785,96
sign_test_og_cel1.0__norm_original_radius,new_cel_removed_chunk_19,96,GR,5.86190277710557,96
sign_test_og_cel1.0__norm_original_radius,new_cel_removed_chunk_19,96,IPC,7.486037535225964,96
sign_test_og_cel1.0__norm_original_radius,new_cel_removed_chunk_19,96,KR,3.4154892240961394,96
sign_test_og_cel1.0__norm_original_radius,new_cel_removed_chunk_19,96,MC,4.214712391297023,96
sign_test_og_cel1.0__norm_original_radius,new_cel_removed_chunk_19,96,cosine_similarity,-0.6422552019357681,96
sign_test_og_cel1.0__norm_original_radius,new_cel_removed_chunk_19,96,kl_to_gaussian,1.1739684703756503,96
sign_test_og_cel1.0__norm_original_radius,new_cel_removed_chunk_19,96,wt_mean,-0.00155711421393785,96
sign_test_og_cel1.0__norm_original_radius,new_cel_removed_chunk_19,97,GR,6.17989557236433,96
sign_test_og_cel1.0__norm_original_radius,new_cel_removed_chunk_19,97,IPC,8.173423970236202,96
sign_test_og_cel1.0__norm_original_radius,new_cel_removed_chunk_19,97,KR,3.7190889033178487,96
sign_test_og_cel1.0__norm_original_radius,new_cel_removed_chunk_19,97,MC,4.656626105308533,96
sign_test_og_cel1.0__norm_original_radius,new_cel_removed_chunk_19,97,cosine_similarity,-0.6422552019357681,96
sign_test_og_cel1.0__norm_original_radius,new_cel_removed_chunk_19,97,kl_to_gaussian,1.1739684703756503,96
sign_test_og_cel1.0__norm_original_radius,new_cel_removed_chunk_19,97,wt_mean,-0.00155711421393785,96
sign_test_og_cel1.0__norm_original_radius,new_cel_removed_chunk_19,98,GR,5.813081876685222,96
sign_test_og_cel1.0__norm_original_radius,new_cel_removed_chunk_19,98,IPC,7.92069881333368,96
sign_test_og_cel1.0__norm_original_radius,new_cel_removed_chunk_19,98,KR,3.486586687465509,96
sign_test_og_cel1.0__norm_original_radius,new_cel_removed_chunk_19,98,MC,4.498648837208748,96
sign_test_og_cel1.0__norm_original_radius,new_cel_removed_chunk_19,98,cosine_similarity,-0.6422552019357681,96
sign_test_og_cel1.0__norm_original_radius,new_cel_removed_chunk_19,98,kl_to_gaussian,1.1739684703756503,96
sign_test_og_cel1.0__norm_original_radius,new_cel_removed_chunk_19,98,wt_mean,-0.00155711421393785,96
sign_test_og_cel1.0__norm_original_radius,new_cel_removed_chunk_19,99,GR,5.692432931313912,96
sign_test_og_cel1.0__norm_original_radius,new_cel_removed_chunk_19,99,IPC,7.9927119127318305,96
sign_test_og_cel1.0__norm_original_radius,new_cel_removed_chunk_19,99,KR,3.600968975573778,96
sign_test_og_cel1.0__norm_original_radius,new_cel_removed_chunk_19,99,MC,4.716738862295945,96
sign_test_og_cel1.0__norm_original_radius,new_cel_removed_chunk_19,99,cosine_similarity,-0.6422552019357681,96
sign_test_og_cel1.0__norm_original_radius,new_cel_removed_chunk_19,99,kl_to_gaussian,1.1739684703756503,96
sign_test_og_cel1.0__norm_original_radius,new_cel_removed_chunk_19,99,wt_mean,-0.00155711421393785,96
sign_test_og_cel1.0__norm_original_radius,new_cel_removed_chunk_2,10,GR,6.6190640442073345,96
sign_test_og_cel1.0__norm_original_radius,new_cel_removed_chunk_2,10,IPC,7.984444881506203,96
sign_test_og_cel1.0__norm_original_radius,new_cel_removed_chunk_2,10,KR,3.9546506963670254,96
sign_test_og_cel1.0__norm_original_radius,new_cel_removed_chunk_2,10,MC,4.708408748110135,96
sign_test_og_cel1.0__norm_original_radius,new_cel_removed_chunk_2,10,cosine_similarity,-0.6422552019357681,96
sign_test_og_cel1.0__norm_original_radius,new_cel_removed_chunk_2,10,kl_to_gaussian,1.1739684703756503,96
sign_test_og_cel1.0__norm_original_radius,new_cel_removed_chunk_2,10,wt_mean,-0.00155711421393785,96
sign_test_og_cel1.0__norm_original_radius,new_cel_removed_chunk_2,11,GR,5.684724178165197,96
sign_test_og_cel1.0__norm_original_radius,new_cel_removed_chunk_2,11,IPC,8.37042662427335,96
sign_test_og_cel1.0__norm_original_radius,new_cel_removed_chunk_2,11,KR,3.5431817919015884,96
sign_test_og_cel1.0__norm_original_radius,new_cel_removed_chunk_2,11,MC,4.797601620356242,96
sign_test_og_cel1.0__norm_original_radius,new_cel_removed_chunk_2,11,cosine_similarity,-0.6422552019357681,96
sign_test_og_cel1.0__norm_original_radius,new_cel_removed_chunk_2,11,kl_to_gaussian,1.1739684703756503,96
sign_test_og_cel1.0__norm_original_radius,new_cel_removed_chunk_2,11,wt_mean,-0.00155711421393785,96
sign_test_og_cel1.0__norm_original_radius,new_cel_removed_chunk_2,12,GR,6.494308985769749,96
sign_test_og_cel1.0__norm_original_radius,new_cel_removed_chunk_2,12,IPC,8.17241763305097,96
sign_test_og_cel1.0__norm_original_radius,new_cel_removed_chunk_2,12,KR,3.7986563307543597,96
sign_test_og_cel1.0__norm_original_radius,new_cel_removed_chunk_2,12,MC,4.473424310485522,96
sign_test_og_cel1.0__norm_original_radius,new_cel_removed_chunk_2,12,cosine_similarity,-0.6422552019357681,96
sign_test_og_cel1.0__norm_original_radius,new_cel_removed_chunk_2,12,kl_to_gaussian,1.1739684703756503,96
sign_test_og_cel1.0__norm_original_radius,new_cel_removed_chunk_2,12,wt_mean,-0.00155711421393785,96
sign_test_og_cel1.0__norm_original_radius,new_cel_removed_chunk_2,13,GR,5.717373949786027,96
sign_test_og_cel1.0__norm_original_radius,new_cel_removed_chunk_2,13,IPC,8.31827908586387,96
sign_test_og_cel1.0__norm_original_radius,new_cel_removed_chunk_2,13,KR,3.471997682005167,96
sign_test_og_cel1.0__norm_original_radius,new_cel_removed_chunk_2,13,MC,4.9907381782929106,96
sign_test_og_cel1.0__norm_original_radius,new_cel_removed_chunk_2,13,cosine_similarity,-0.6422552019357681,96
sign_test_og_cel1.0__norm_original_radius,new_cel_removed_chunk_2,13,kl_to_gaussian,1.1739684703756503,96
sign_test_og_cel1.0__norm_original_radius,new_cel_removed_chunk_2,13,wt_mean,-0.00155711421393785,96
sign_test_og_cel1.0__norm_original_radius,new_cel_removed_chunk_2,14,GR,4.934586772074302,96
sign_test_og_cel1.0__norm_original_radius,new_cel_removed_chunk_2,14,IPC,7.873410442018051,96
sign_test_og_cel1.0__norm_original_radius,new_cel_removed_chunk_2,14,KR,2.978148464113474,96
sign_test_og_cel1.0__norm_original_radius,new_cel_removed_chunk_2,14,MC,4.186753487835328,96
sign_test_og_cel1.0__norm_original_radius,new_cel_removed_chunk_2,14,cosine_similarity,-0.6422552019357681,96
sign_test_og_cel1.0__norm_original_radius,new_cel_removed_chunk_2,14,kl_to_gaussian,1.1739684703756503,96
sign_test_og_cel1.0__norm_original_radius,new_cel_removed_chunk_2,14,wt_mean,-0.00155711421393785,96
sign_test_og_cel1.0__norm_original_radius,new_cel_removed_chunk_3,15,GR,6.086562432348728,96
sign_test_og_cel1.0__norm_original_radius,new_cel_removed_chunk_3,15,IPC,8.033936396449537,96
sign_test_og_cel1.0__norm_original_radius,new_cel_removed_chunk_3,15,KR,3.685123806198438,96
sign_test_og_cel1.0__norm_original_radius,new_cel_removed_chunk_3,15,MC,4.665025604267915,96
sign_test_og_cel1.0__norm_original_radius,new_cel_removed_chunk_3,15,cosine_similarity,-0.6422552019357681,96
sign_test_og_cel1.0__norm_original_radius,new_cel_removed_chunk_3,15,kl_to_gaussian,1.1739684703756503,96
sign_test_og_cel1.0__norm_original_radius,new_cel_removed_chunk_3,15,wt_mean,-0.00155711421393785,96
sign_test_og_cel1.0__norm_original_radius,new_cel_removed_chunk_3,16,GR,7.597005523741245,96
sign_test_og_cel1.0__norm_original_radius,new_cel_removed_chunk_3,16,IPC,8.169668930936059,96
sign_test_og_cel1.0__norm_original_radius,new_cel_removed_chunk_3,16,KR,4.396085272232692,96
sign_test_og_cel1.0__norm_original_radius,new_cel_removed_chunk_3,16,MC,4.901113184789817,96
sign_test_og_cel1.0__norm_original_radius,new_cel_removed_chunk_3,16,cosine_similarity,-0.6422552019357681,96
sign_test_og_cel1.0__norm_original_radius,new_cel_removed_chunk_3,16,kl_to_gaussian,1.1739684703756503,96
sign_test_og_cel1.0__norm_original_radius,new_cel_removed_chunk_3,16,wt_mean,-0.00155711421393785,96
sign_test_og_cel1.0__norm_original_radius,new_cel_removed_chunk_3,17,GR,5.507855468740066,96
sign_test_og_cel1.0__norm_original_radius,new_cel_removed_chunk_3,17,IPC,7.957078759450881,96
sign_test_og_cel1.0__norm_original_radius,new_cel_removed_chunk_3,17,KR,3.4800760224461555,96
sign_test_og_cel1.0__norm_original_radius,new_cel_removed_chunk_3,17,MC,4.866215787827969,96
sign_test_og_cel1.0__norm_original_radius,new_cel_removed_chunk_3,17,cosine_similarity,-0.6422552019357681,96
sign_test_og_cel1.0__norm_original_radius,new_cel_removed_chunk_3,17,kl_to_gaussian,1.1739684703756503,96
sign_test_og_cel1.0__norm_original_radius,new_cel_removed_chunk_3,17,wt_mean,-0.00155711421393785,96
sign_test_og_cel1.0__norm_original_radius,new_cel_removed_chunk_3,18,GR,7.3342867866158485,96
sign_test_og_cel1.0__norm_original_radius,new_cel_removed_chunk_3,18,IPC,7.824214695638649,96
sign_test_og_cel1.0__norm_original_radius,new_cel_removed_chunk_3,18,KR,4.268436056872209,96
sign_test_og_cel1.0__norm_original_radius,new_cel_removed_chunk_3,18,MC,4.4072928962608175,96
sign_test_og_cel1.0__norm_original_radius,new_cel_removed_chunk_3,18,cosine_similarity,-0.6422552019357681,96
sign_test_og_cel1.0__norm_original_radius,new_cel_removed_chunk_3,18,kl_to_gaussian,1.1739684703756503,96
sign_test_og_cel1.0__norm_original_radius,new_cel_removed_chunk_3,18,wt_mean,-0.00155711421393785,96
sign_test_og_cel1.0__norm_original_radius,new_cel_removed_chunk_3,19,GR,6.156675758461158,96
sign_test_og_cel1.0__norm_original_radius,new_cel_removed_chunk_3,19,IPC,8.23734755043616,96
sign_test_og_cel1.0__norm_original_radius,new_cel_removed_chunk_3,19,KR,3.680494590351979,96
sign_test_og_cel1.0__norm_original_radius,new_cel_removed_chunk_3,19,MC,4.589151044686635,96
sign_test_og_cel1.0__norm_original_radius,new_cel_removed_chunk_3,19,cosine_similarity,-0.6422552019357681,96
sign_test_og_cel1.0__norm_original_radius,new_cel_removed_chunk_3,19,kl_to_gaussian,1.1739684703756503,96
sign_test_og_cel1.0__norm_original_radius,new_cel_removed_chunk_3,19,wt_mean,-0.00155711421393785,96
sign_test_og_cel1.0__norm_original_radius,new_cel_removed_chunk_4,20,GR,6.964138702799876,96
sign_test_og_cel1.0__norm_original_radius,new_cel_removed_chunk_4,20,IPC,8.429988143683795,96
sign_test_og_cel1.0__norm_original_radius,new_cel_removed_chunk_4,20,KR,4.153763332714637,96
sign_test_og_cel1.0__norm_original_radius,new_cel_removed_chunk_4,20,MC,4.841109246015549,96
sign_test_og_cel1.0__norm_original_radius,new_cel_removed_chunk_4,20,cosine_similarity,-0.6422552019357681,96
sign_test_og_cel1.0__norm_original_radius,new_cel_removed_chunk_4,20,kl_to_gaussian,1.1739684703756503,96
sign_test_og_cel1.0__norm_original_radius,new_cel_removed_chunk_4,20,wt_mean,-0.00155711421393785,96
sign_test_og_cel1.0__norm_original_radius,new_cel_removed_chunk_4,21,GR,6.013156458735466,96
sign_test_og_cel1.0__norm_original_radius,new_cel_removed_chunk_4,21,IPC,8.208702293692951,96
sign_test_og_cel1.0__norm_original_radius,new_cel_removed_chunk_4,21,KR,3.630784459412098,96
sign_test_og_cel1.0__norm_original_radius,new_cel_removed_chunk_4,21,MC,4.620857934157054,96
sign_test_og_cel1.0__norm_original_radius,new_cel_removed_chunk_4,21,cosine_similarity,-0.6422552019357681,96
sign_test_og_cel1.0__norm_original_radius,new_cel_removed_chunk_4,21,kl_to_gaussian,1.1739684703756503,96
sign_test_og_cel1.0__norm_original_radius,new_cel_removed_chunk_4,21,wt_mean,-0.00155711421393785,96
sign_test_og_cel1.0__norm_original_radius,new_cel_removed_chunk_4,22,GR,6.130610068639119,96
sign_test_og_cel1.0__norm_original_radius,new_cel_removed_chunk_4,22,IPC,8.403911125705928,96
sign_test_og_cel1.0__norm_original_radius,new_cel_removed_chunk_4,22,KR,3.6741375674804053,96
sign_test_og_cel1.0__norm_original_radius,new_cel_removed_chunk_4,22,MC,4.550958889226119,96
sign_test_og_cel1.0__norm_original_radius,new_cel_removed_chunk_4,22,cosine_similarity,-0.6422552019357681,96
sign_test_og_cel1.0__norm_original_radius,new_cel_removed_chunk_4,22,kl_to_gaussian,1.1739684703756503,96
sign_test_og_cel1.0__norm_original_radius,new_cel_removed_chunk_4,22,wt_mean,-0.00155711421393785,96
sign_test_og_cel1.0__norm_original_radius,new_cel_removed_chunk_4,23,GR,6.498258189608653,96
sign_test_og_cel1.0__norm_original_radius,new_cel_removed_chunk_4,23,IPC,9.081577758908699,96
sign_test_og_cel1.0__norm_original_radius,new_cel_removed_chunk_4,23,KR,3.966708126167456,96
sign_test_og_cel1.0__norm_original_radius,new_cel_removed_chunk_4,23,MC,5.1836346959074335,96
sign_test_og_cel1.0__norm_original_radius,new_cel_removed_chunk_4,23,cosine_similarity,-0.6422552019357681,96
sign_test_og_cel1.0__norm_original_radius,new_cel_removed_chunk_4,23,kl_to_gaussian,1.1739684703756503,96
sign_test_og_cel1.0__norm_original_radius,new_cel_removed_chunk_4,23,wt_mean,-0.00155711421393785,96
sign_test_og_cel1.0__norm_original_radius,new_cel_removed_chunk_4,24,GR,5.339782630403836,96
sign_test_og_cel1.0__norm_original_radius,new_cel_removed_chunk_4,24,IPC,7.839492625405484,96
sign_test_og_cel1.0__norm_original_radius,new_cel_removed_chunk_4,24,KR,3.3108901915450892,96
sign_test_og_cel1.0__norm_original_radius,new_cel_removed_chunk_4,24,MC,4.529119315246741,96
sign_test_og_cel1.0__norm_original_radius,new_cel_removed_chunk_4,24,cosine_similarity,-0.6422552019357681,96
sign_test_og_cel1.0__norm_original_radius,new_cel_removed_chunk_4,24,kl_to_gaussian,1.1739684703756503,96
sign_test_og_cel1.0__norm_original_radius,new_cel_removed_chunk_4,24,wt_mean,-0.00155711421393785,96
sign_test_og_cel1.0__norm_original_radius,new_cel_removed_chunk_5,25,GR,5.58317003150781,96
sign_test_og_cel1.0__norm_original_radius,new_cel_removed_chunk_5,25,IPC,8.426137759792175,96
sign_test_og_cel1.0__norm_original_radius,new_cel_removed_chunk_5,25,KR,3.422461217890183,96
sign_test_og_cel1.0__norm_original_radius,new_cel_removed_chunk_5,25,MC,4.711632999281089,96
sign_test_og_cel1.0__norm_original_radius,new_cel_removed_chunk_5,25,cosine_similarity,-0.6422552019357681,96
sign_test_og_cel1.0__norm_original_radius,new_cel_removed_chunk_5,25,kl_to_gaussian,1.1739684703756503,96
sign_test_og_cel1.0__norm_original_radius,new_cel_removed_chunk_5,25,wt_mean,-0.00155711421393785,96
sign_test_og_cel1.0__norm_original_radius,new_cel_removed_chunk_5,26,GR,6.571709405630827,96
sign_test_og_cel1.0__norm_original_radius,new_cel_removed_chunk_5,26,IPC,8.46330701328953,96
sign_test_og_cel1.0__norm_original_radius,new_cel_removed_chunk_5,26,KR,4.052430532872677,96
sign_test_og_cel1.0__norm_original_radius,new_cel_removed_chunk_5,26,MC,5.088636264204979,96
sign_test_og_cel1.0__norm_original_radius,new_cel_removed_chunk_5,26,cosine_similarity,-0.6422552019357681,96
sign_test_og_cel1.0__norm_original_radius,new_cel_removed_chunk_5,26,kl_to_gaussian,1.1739684703756503,96
sign_test_og_cel1.0__norm_original_radius,new_cel_removed_chunk_5,26,wt_mean,-0.00155711421393785,96
sign_test_og_cel1.0__norm_original_radius,new_cel_removed_chunk_5,27,GR,7.362352017313242,96
sign_test_og_cel1.0__norm_original_radius,new_cel_removed_chunk_5,27,IPC,7.367802476878945,96
sign_test_og_cel1.0__norm_original_radius,new_cel_removed_chunk_5,27,KR,4.21229528884093,96
sign_test_og_cel1.0__norm_original_radius,new_cel_removed_chunk_5,27,MC,4.048599060624838,96
sign_test_og_cel1.0__norm_original_radius,new_cel_removed_chunk_5,27,cosine_similarity,-0.6422552019357681,96
sign_test_og_cel1.0__norm_original_radius,new_cel_removed_chunk_5,27,kl_to_gaussian,1.1739684703756503,96
sign_test_og_cel1.0__norm_original_radius,new_cel_removed_chunk_5,27,wt_mean,-0.00155711421393785,96
sign_test_og_cel1.0__norm_original_radius,new_cel_removed_chunk_5,28,GR,7.095225860675176,96
sign_test_og_cel1.0__norm_original_radius,new_cel_removed_chunk_5,28,IPC,8.266468373260775,96
sign_test_og_cel1.0__norm_original_radius,new_cel_removed_chunk_5,28,KR,4.217207046846549,96
sign_test_og_cel1.0__norm_original_radius,new_cel_removed_chunk_5,28,MC,4.726041120787461,96
sign_test_og_cel1.0__norm_original_radius,new_cel_removed_chunk_5,28,cosine_similarity,-0.6422552019357681,96
sign_test_og_cel1.0__norm_original_radius,new_cel_removed_chunk_5,28,kl_to_gaussian,1.1739684703756503,96
sign_test_og_cel1.0__norm_original_radius,new_cel_removed_chunk_5,28,wt_mean,-0.00155711421393785,96
sign_test_og_cel1.0__norm_original_radius,new_cel_removed_chunk_5,29,GR,5.582525052130222,96
sign_test_og_cel1.0__norm_original_radius,new_cel_removed_chunk_5,29,IPC,8.716891364836993,96
sign_test_og_cel1.0__norm_original_radius,new_cel_removed_chunk_5,29,KR,3.3126379872361817,96
sign_test_og_cel1.0__norm_original_radius,new_cel_removed_chunk_5,29,MC,4.511931813011567,96
sign_test_og_cel1.0__norm_original_radius,new_cel_removed_chunk_5,29,cosine_similarity,-0.6422552019357681,96
sign_test_og_cel1.0__norm_original_radius,new_cel_removed_chunk_5,29,kl_to_gaussian,1.1739684703756503,96
sign_test_og_cel1.0__norm_original_radius,new_cel_removed_chunk_5,29,wt_mean,-0.00155711421393785,96
sign_test_og_cel1.0__norm_original_radius,new_cel_removed_chunk_6,30,GR,4.91214366381367,96
sign_test_og_cel1.0__norm_original_radius,new_cel_removed_chunk_6,30,IPC,8.105521943807448,96
sign_test_og_cel1.0__norm_original_radius,new_cel_removed_chunk_6,30,KR,3.000092715024948,96
sign_test_og_cel1.0__norm_original_radius,new_cel_removed_chunk_6,30,MC,4.237875457853079,96
sign_test_og_cel1.0__norm_original_radius,new_cel_removed_chunk_6,30,cosine_similarity,-0.6422552019357681,96
sign_test_og_cel1.0__norm_original_radius,new_cel_removed_chunk_6,30,kl_to_gaussian,1.1739684703756503,96
sign_test_og_cel1.0__norm_original_radius,new_cel_removed_chunk_6,30,wt_mean,-0.00155711421393785,96
sign_test_og_cel1.0__norm_original_radius,new_cel_removed_chunk_6,31,GR,6.4561902570227785,96
sign_test_og_cel1.0__norm_original_radius,new_cel_removed_chunk_6,31,IPC,8.450283643927596,96
sign_test_og_cel1.0__norm_original_radius,new_cel_removed_chunk_6,31,KR,3.9500218046208224,96
sign_test_og_cel1.0__norm_original_radius,new_cel_removed_chunk_6,31,MC,5.200463814040025,96
sign_test_og_cel1.0__norm_original_radius,new_cel_removed_chunk_6,31,cosine_similarity,-0.6422552019357681,96
sign_test_og_cel1.0__norm_original_radius,new_cel_removed_chunk_6,31,kl_to_gaussian,1.1739684703756503,96
sign_test_og_cel1.0__norm_original_radius,new_cel_removed_chunk_6,31,wt_mean,-0.00155711421393785,96
sign_test_og_cel1.0__norm_original_radius,new_cel_removed_chunk_6,32,GR,6.469015562285979,96
sign_test_og_cel1.0__norm_original_radius,new_cel_removed_chunk_6,32,IPC,8.140080100515613,96
sign_test_og_cel1.0__norm_original_radius,new_cel_removed_chunk_6,32,KR,4.027140737821658,96
sign_test_og_cel1.0__norm_original_radius,new_cel_removed_chunk_6,32,MC,4.934568492074807,96
sign_test_og_cel1.0__norm_original_radius,new_cel_removed_chunk_6,32,cosine_similarity,-0.6422552019357681,96
sign_test_og_cel1.0__norm_original_radius,new_cel_removed_chunk_6,32,kl_to_gaussian,1.1739684703756503,96
sign_test_og_cel1.0__norm_original_radius,new_cel_removed_chunk_6,32,wt_mean,-0.00155711421393785,96
sign_test_og_cel1.0__norm_original_radius,new_cel_removed_chunk_6,33,GR,7.016917442282041,96
sign_test_og_cel1.0__norm_original_radius,new_cel_removed_chunk_6,33,IPC,8.477296113132786,96
sign_test_og_cel1.0__norm_original_radius,new_cel_removed_chunk_6,33,KR,4.24181233594815,96
sign_test_og_cel1.0__norm_original_radius,new_cel_removed_chunk_6,33,MC,4.971558873852094,96
sign_test_og_cel1.0__norm_original_radius,new_cel_removed_chunk_6,33,cosine_similarity,-0.6422552019357681,96
sign_test_og_cel1.0__norm_original_radius,new_cel_removed_chunk_6,33,kl_to_gaussian,1.1739684703756503,96
sign_test_og_cel1.0__norm_original_radius,new_cel_removed_chunk_6,33,wt_mean,-0.00155711421393785,96
sign_test_og_cel1.0__norm_original_radius,new_cel_removed_chunk_6,34,GR,5.50488722200195,96
sign_test_og_cel1.0__norm_original_radius,new_cel_removed_chunk_6,34,IPC,7.99964364360255,96
sign_test_og_cel1.0__norm_original_radius,new_cel_removed_chunk_6,34,KR,3.336169470101595,96
sign_test_og_cel1.0__norm_original_radius,new_cel_removed_chunk_6,34,MC,4.420475999514262,96
sign_test_og_cel1.0__norm_original_radius,new_cel_removed_chunk_6,34,cosine_similarity,-0.6422552019357681,96
sign_test_og_cel1.0__norm_original_radius,new_cel_removed_chunk_6,34,kl_to_gaussian,1.1739684703756503,96
sign_test_og_cel1.0__norm_original_radius,new_cel_removed_chunk_6,34,wt_mean,-0.00155711421393785,96
sign_test_og_cel1.0__norm_original_radius,new_cel_removed_chunk_7,35,GR,6.712114268292983,96
sign_test_og_cel1.0__norm_original_radius,new_cel_removed_chunk_7,35,IPC,7.760935577007562,96
sign_test_og_cel1.0__norm_original_radius,new_cel_removed_chunk_7,35,KR,4.0178627868493395,96
sign_test_og_cel1.0__norm_original_radius,new_cel_removed_chunk_7,35,MC,4.668487439552943,96
sign_test_og_cel1.0__norm_original_radius,new_cel_removed_chunk_7,35,cosine_similarity,-0.6422552019357681,96
sign_test_og_cel1.0__norm_original_radius,new_cel_removed_chunk_7,35,kl_to_gaussian,1.1739684703756503,96
sign_test_og_cel1.0__norm_original_radius,new_cel_removed_chunk_7,35,wt_mean,-0.00155711421393785,96
sign_test_og_cel1.0__norm_original_radius,new_cel_removed_chunk_7,36,GR,6.018438333024581,96
sign_test_og_cel1.0__norm_original_radius,new_cel_removed_chunk_7,36,IPC,7.673228409053736,96
sign_test_og_cel1.0__norm_original_radius,new_cel_removed_chunk_7,36,KR,3.696887149165074,96
sign_test_og_cel1.0__norm_original_radius,new_cel_removed_chunk_7,36,MC,4.555513960619767,96
sign_test_og_cel1.0__norm_original_radius,new_cel_removed_chunk_7,36,cosine_similarity,-0.6422552019357681,96
sign_test_og_cel1.0__norm_original_radius,new_cel_removed_chunk_7,36,kl_to_gaussian,1.1739684703756503,96
sign_test_og_cel1.0__norm_original_radius,new_cel_removed_chunk_7,36,wt_mean,-0.00155711421393785,96
sign_test_og_cel1.0__norm_original_radius,new_cel_removed_chunk_7,37,GR,5.434448393682639,96
sign_test_og_cel1.0__norm_original_radius,new_cel_removed_chunk_7,37,IPC,8.730752672051969,96
sign_test_og_cel1.0__norm_original_radius,new_cel_removed_chunk_7,37,KR,3.2967488082746663,96
sign_test_og_cel1.0__norm_original_radius,new_cel_removed_chunk_7,37,MC,4.45942314590017,96
sign_test_og_cel1.0__norm_original_radius,new_cel_removed_chunk_7,37,cosine_similarity,-0.6422552019357681,96
sign_test_og_cel1.0__norm_original_radius,new_cel_removed_chunk_7,37,kl_to_gaussian,1.1739684703756503,96
sign_test_og_cel1.0__norm_original_radius,new_cel_removed_chunk_7,37,wt_mean,-0.00155711421393785,96
sign_test_og_cel1.0__norm_original_radius,new_cel_removed_chunk_7,38,GR,5.517304535955191,96
sign_test_og_cel1.0__norm_original_radius,new_cel_removed_chunk_7,38,IPC,8.022786775018984,96
sign_test_og_cel1.0__norm_original_radius,new_cel_removed_chunk_7,38,KR,3.4636549601952233,96
sign_test_og_cel1.0__norm_original_radius,new_cel_removed_chunk_7,38,MC,4.732051665584247,96
sign_test_og_cel1.0__norm_original_radius,new_cel_removed_chunk_7,38,cosine_similarity,-0.6422552019357681,96
sign_test_og_cel1.0__norm_original_radius,new_cel_removed_chunk_7,38,kl_to_gaussian,1.1739684703756503,96
sign_test_og_cel1.0__norm_original_radius,new_cel_removed_chunk_7,38,wt_mean,-0.00155711421393785,96
sign_test_og_cel1.0__norm_original_radius,new_cel_removed_chunk_7,39,GR,6.604511331766844,96
sign_test_og_cel1.0__norm_original_radius,new_cel_removed_chunk_7,39,IPC,8.081300213609914,96
sign_test_og_cel1.0__norm_original_radius,new_cel_removed_chunk_7,39,KR,3.9684322513639927,96
sign_test_og_cel1.0__norm_original_radius,new_cel_removed_chunk_7,39,MC,4.869625171025594,96
sign_test_og_cel1.0__norm_original_radius,new_cel_removed_chunk_7,39,cosine_similarity,-0.6422552019357681,96
sign_test_og_cel1.0__norm_original_radius,new_cel_removed_chunk_7,39,kl_to_gaussian,1.1739684703756503,96
sign_test_og_cel1.0__norm_original_radius,new_cel_removed_chunk_7,39,wt_mean,-0.00155711421393785,96
sign_test_og_cel1.0__norm_original_radius,new_cel_removed_chunk_8,40,GR,6.808774602909883,96
sign_test_og_cel1.0__norm_original_radius,new_cel_removed_chunk_8,40,IPC,7.066866897597262,96
sign_test_og_cel1.0__norm_original_radius,new_cel_removed_chunk_8,40,KR,4.021481069425742,96
sign_test_og_cel1.0__norm_original_radius,new_cel_removed_chunk_8,40,MC,4.103957918783029,96
sign_test_og_cel1.0__norm_original_radius,new_cel_removed_chunk_8,40,cosine_similarity,-0.6422552019357681,96
sign_test_og_cel1.0__norm_original_radius,new_cel_removed_chunk_8,40,kl_to_gaussian,1.1739684703756503,96
sign_test_og_cel1.0__norm_original_radius,new_cel_removed_chunk_8,40,wt_mean,-0.00155711421393785,96
sign_test_og_cel1.0__norm_original_radius,new_cel_removed_chunk_8,41,GR,6.917635357628266,96
sign_test_og_cel1.0__norm_original_radius,new_cel_removed_chunk_8,41,IPC,8.510355936325352,96
sign_test_og_cel1.0__norm_original_radius,new_cel_removed_chunk_8,41,KR,4.096246259907882,96
sign_test_og_cel1.0__norm_original_radius,new_cel_removed_chunk_8,41,MC,4.9550352940956754,96
sign_test_og_cel1.0__norm_original_radius,new_cel_removed_chunk_8,41,cosine_similarity,-0.6422552019357681,96
sign_test_og_cel1.0__norm_original_radius,new_cel_removed_chunk_8,41,kl_to_gaussian,1.1739684703756503,96
sign_test_og_cel1.0__norm_original_radius,new_cel_removed_chunk_8,41,wt_mean,-0.00155711421393785,96
sign_test_og_cel1.0__norm_original_radius,new_cel_removed_chunk_8,42,GR,6.503884110599756,96
sign_test_og_cel1.0__norm_original_radius,new_cel_removed_chunk_8,42,IPC,8.544880958550577,96
sign_test_og_cel1.0__norm_original_radius,new_cel_removed_chunk_8,42,KR,4.0056354478001595,96
sign_test_og_cel1.0__norm_original_radius,new_cel_removed_chunk_8,42,MC,5.014496224621932,96
sign_test_og_cel1.0__norm_original_radius,new_cel_removed_chunk_8,42,cosine_similarity,-0.6422552019357681,96
sign_test_og_cel1.0__norm_original_radius,new_cel_removed_chunk_8,42,kl_to_gaussian,1.1739684703756503,96
sign_test_og_cel1.0__norm_original_radius,new_cel_removed_chunk_8,42,wt_mean,-0.00155711421393785,96
sign_test_og_cel1.0__norm_original_radius,new_cel_removed_chunk_8,43,GR,6.728821883598964,96
sign_test_og_cel1.0__norm_original_radius,new_cel_removed_chunk_8,43,IPC,8.082586188554728,96
sign_test_og_cel1.0__norm_original_radius,new_cel_removed_chunk_8,43,KR,3.914738499869903,96
sign_test_og_cel1.0__norm_original_radius,new_cel_removed_chunk_8,43,MC,4.572322924931844,96
sign_test_og_cel1.0__norm_original_radius,new_cel_removed_chunk_8,43,cosine_similarity,-0.6422552019357681,96
sign_test_og_cel1.0__norm_original_radius,new_cel_removed_chunk_8,43,kl_to_gaussian,1.1739684703756503,96
sign_test_og_cel1.0__norm_original_radius,new_cel_removed_chunk_8,43,wt_mean,-0.00155711421393785,96
sign_test_og_cel1.0__norm_original_radius,new_cel_removed_chunk_8,44,GR,6.057240804036458,96
sign_test_og_cel1.0__norm_original_radius,new_cel_removed_chunk_8,44,IPC,7.865308117451817,96
sign_test_og_cel1.0__norm_original_radius,new_cel_removed_chunk_8,44,KR,3.691964238882065,96
sign_test_og_cel1.0__norm_original_radius,new_cel_removed_chunk_8,44,MC,4.3660624250769615,96
sign_test_og_cel1.0__norm_original_radius,new_cel_removed_chunk_8,44,cosine_similarity,-0.6422552019357681,96
sign_test_og_cel1.0__norm_original_radius,new_cel_removed_chunk_8,44,kl_to_gaussian,1.1739684703756503,96
sign_test_og_cel1.0__norm_original_radius,new_cel_removed_chunk_8,44,wt_mean,-0.00155711421393785,96
sign_test_og_cel1.0__norm_original_radius,new_cel_removed_chunk_9,45,GR,6.473368554065625,96
sign_test_og_cel1.0__norm_original_radius,new_cel_removed_chunk_9,45,IPC,8.119651110962339,96
sign_test_og_cel1.0__norm_original_radius,new_cel_removed_chunk_9,45,KR,3.8979827500879765,96
sign_test_og_cel1.0__norm_original_radius,new_cel_removed_chunk_9,45,MC,4.720550353328387,96
sign_test_og_cel1.0__norm_original_radius,new_cel_removed_chunk_9,45,cosine_similarity,-0.6422552019357681,96
sign_test_og_cel1.0__norm_original_radius,new_cel_removed_chunk_9,45,kl_to_gaussian,1.1739684703756503,96
sign_test_og_cel1.0__norm_original_radius,new_cel_removed_chunk_9,45,wt_mean,-0.00155711421393785,96
sign_test_og_cel1.0__norm_original_radius,new_cel_removed_chunk_9,46,GR,5.5983048143486185,96
sign_test_og_cel1.0__norm_original_radius,new_cel_removed_chunk_9,46,IPC,8.027657046403064,96
sign_test_og_cel1.0__norm_original_radius,new_cel_removed_chunk_9,46,KR,3.35391707594196,96
sign_test_og_cel1.0__norm_original_radius,new_cel_removed_chunk_9,46,MC,4.663740694522858,96
sign_test_og_cel1.0__norm_original_radius,new_cel_removed_chunk_9,46,cosine_similarity,-0.6422552019357681,96
sign_test_og_cel1.0__norm_original_radius,new_cel_removed_chunk_9,46,kl_to_gaussian,1.1739684703756503,96
sign_test_og_cel1.0__norm_original_radius,new_cel_removed_chunk_9,46,wt_mean,-0.00155711421393785,96
sign_test_og_cel1.0__norm_original_radius,new_cel_removed_chunk_9,47,GR,6.549050658941269,96
sign_test_og_cel1.0__norm_original_radius,new_cel_removed_chunk_9,47,IPC,7.7856693961686725,96
sign_test_og_cel1.0__norm_original_radius,new_cel_removed_chunk_9,47,KR,4.00722865263621,96
sign_test_og_cel1.0__norm_original_radius,new_cel_removed_chunk_9,47,MC,4.69410731519262,96
sign_test_og_cel1.0__norm_original_radius,new_cel_removed_chunk_9,47,cosine_similarity,-0.6422552019357681,96
sign_test_og_cel1.0__norm_original_radius,new_cel_removed_chunk_9,47,kl_to_gaussian,1.1739684703756503,96
sign_test_og_cel1.0__norm_original_radius,new_cel_removed_chunk_9,47,wt_mean,-0.00155711421393785,96
sign_test_og_cel1.0__norm_original_radius,new_cel_removed_chunk_9,48,GR,5.966114491224289,96
sign_test_og_cel1.0__norm_original_radius,new_cel_removed_chunk_9,48,IPC,8.89651623722698,96
sign_test_og_cel1.0__norm_original_radius,new_cel_removed_chunk_9,48,KR,3.654931498070558,96
sign_test_og_cel1.0__norm_original_radius,new_cel_removed_chunk_9,48,MC,5.04577333231767,96
sign_test_og_cel1.0__norm_original_radius,new_cel_removed_chunk_9,48,cosine_similarity,-0.6422552019357681,96
sign_test_og_cel1.0__norm_original_radius,new_cel_removed_chunk_9,48,kl_to_gaussian,1.1739684703756503,96
sign_test_og_cel1.0__norm_original_radius,new_cel_removed_chunk_9,48,wt_mean,-0.00155711421393785,96
sign_test_og_cel1.0__norm_original_radius,new_cel_removed_chunk_9,49,GR,6.594370824595292,96
sign_test_og_cel1.0__norm_original_radius,new_cel_removed_chunk_9,49,IPC,8.224158248573817,96
sign_test_og_cel1.0__norm_original_radius,new_cel_removed_chunk_9,49,KR,4.042274276415507,96
sign_test_og_cel1.0__norm_original_radius,new_cel_removed_chunk_9,49,MC,4.700026681025823,96
sign_test_og_cel1.0__norm_original_radius,new_cel_removed_chunk_9,49,cosine_similarity,-0.6422552019357681,96
sign_test_og_cel1.0__norm_original_radius,new_cel_removed_chunk_9,49,kl_to_gaussian,1.1739684703756503,96
sign_test_og_cel1.0__norm_original_radius,new_cel_removed_chunk_9,49,wt_mean,-0.00155711421393785,96
sign_test_og_cel1.0__norm_spectral_radius,new_cel_removed_chunk_0,0,GR,5.67624469101429,96
sign_test_og_cel1.0__norm_spectral_radius,new_cel_removed_chunk_0,0,IPC,8.245735202127339,96
sign_test_og_cel1.0__norm_spectral_radius,new_cel_removed_chunk_0,0,KR,3.4722491428256035,96
sign_test_og_cel1.0__norm_spectral_radius,new_cel_removed_chunk_0,0,MC,5.027172197898229,96
sign_test_og_cel1.0__norm_spectral_radius,new_cel_removed_chunk_0,0,cosine_similarity,-0.6422551870346069,96
sign_test_og_cel1.0__norm_spectral_radius,new_cel_removed_chunk_0,0,kl_to_gaussian,1.1739685309272065,96
sign_test_og_cel1.0__norm_spectral_radius,new_cel_removed_chunk_0,0,wt_mean,-0.0014324380026664249,96
sign_test_og_cel1.0__norm_spectral_radius,new_cel_removed_chunk_0,1,GR,5.701190421978633,96
sign_test_og_cel1.0__norm_spectral_radius,new_cel_removed_chunk_0,1,IPC,7.616961624310329,96
sign_test_og_cel1.0__norm_spectral_radius,new_cel_removed_chunk_0,1,KR,3.479961920529604,96
sign_test_og_cel1.0__norm_spectral_radius,new_cel_removed_chunk_0,1,MC,4.187961646666129,96
sign_test_og_cel1.0__norm_spectral_radius,new_cel_removed_chunk_0,1,cosine_similarity,-0.6422551870346069,96
sign_test_og_cel1.0__norm_spectral_radius,new_cel_removed_chunk_0,1,kl_to_gaussian,1.1739685309272065,96
sign_test_og_cel1.0__norm_spectral_radius,new_cel_removed_chunk_0,1,wt_mean,-0.0014324380026664249,96
sign_test_og_cel1.0__norm_spectral_radius,new_cel_removed_chunk_0,2,GR,5.317900552103917,96
sign_test_og_cel1.0__norm_spectral_radius,new_cel_removed_chunk_0,2,IPC,7.663676193673588,96
sign_test_og_cel1.0__norm_spectral_radius,new_cel_removed_chunk_0,2,KR,3.181431276102861,96
sign_test_og_cel1.0__norm_spectral_radius,new_cel_removed_chunk_0,2,MC,4.4124066308140755,96
sign_test_og_cel1.0__norm_spectral_radius,new_cel_removed_chunk_0,2,cosine_similarity,-0.6422551870346069,96
sign_test_og_cel1.0__norm_spectral_radius,new_cel_removed_chunk_0,2,kl_to_gaussian,1.1739685309272065,96
sign_test_og_cel1.0__norm_spectral_radius,new_cel_removed_chunk_0,2,wt_mean,-0.0014324380026664249,96
sign_test_og_cel1.0__norm_spectral_radius,new_cel_removed_chunk_0,3,GR,6.355316424121459,96
sign_test_og_cel1.0__norm_spectral_radius,new_cel_removed_chunk_0,3,IPC,7.949777527587049,96
sign_test_og_cel1.0__norm_spectral_radius,new_cel_removed_chunk_0,3,KR,3.7817782796919346,96
sign_test_og_cel1.0__norm_spectral_radius,new_cel_removed_chunk_0,3,MC,4.773281313478947,96
sign_test_og_cel1.0__norm_spectral_radius,new_cel_removed_chunk_0,3,cosine_similarity,-0.6422551870346069,96
sign_test_og_cel1.0__norm_spectral_radius,new_cel_removed_chunk_0,3,kl_to_gaussian,1.1739685309272065,96
sign_test_og_cel1.0__norm_spectral_radius,new_cel_removed_chunk_0,3,wt_mean,-0.0014324380026664249,96
sign_test_og_cel1.0__norm_spectral_radius,new_cel_removed_chunk_0,4,GR,6.146160362909238,96
sign_test_og_cel1.0__norm_spectral_radius,new_cel_removed_chunk_0,4,IPC,7.719600686733159,96
sign_test_og_cel1.0__norm_spectral_radius,new_cel_removed_chunk_0,4,KR,3.6861107597748437,96
sign_test_og_cel1.0__norm_spectral_radius,new_cel_removed_chunk_0,4,MC,4.382193922996521,96
sign_test_og_cel1.0__norm_spectral_radius,new_cel_removed_chunk_0,4,cosine_similarity,-0.6422551870346069,96
sign_test_og_cel1.0__norm_spectral_radius,new_cel_removed_chunk_0,4,kl_to_gaussian,1.1739685309272065,96
sign_test_og_cel1.0__norm_spectral_radius,new_cel_removed_chunk_0,4,wt_mean,-0.0014324380026664249,96
sign_test_og_cel1.0__norm_spectral_radius,new_cel_removed_chunk_1,5,GR,4.790607837339242,96
sign_test_og_cel1.0__norm_spectral_radius,new_cel_removed_chunk_1,5,IPC,8.525221419367265,96
sign_test_og_cel1.0__norm_spectral_radius,new_cel_removed_chunk_1,5,KR,3.0628569461405277,96
sign_test_og_cel1.0__norm_spectral_radius,new_cel_removed_chunk_1,5,MC,4.97128418336312,96
sign_test_og_cel1.0__norm_spectral_radius,new_cel_removed_chunk_1,5,cosine_similarity,-0.6422551870346069,96
sign_test_og_cel1.0__norm_spectral_radius,new_cel_removed_chunk_1,5,kl_to_gaussian,1.1739685309272065,96
sign_test_og_cel1.0__norm_spectral_radius,new_cel_removed_chunk_1,5,wt_mean,-0.0014324380026664249,96
sign_test_og_cel1.0__norm_spectral_radius,new_cel_removed_chunk_1,6,GR,5.5123827320834,96
sign_test_og_cel1.0__norm_spectral_radius,new_cel_removed_chunk_1,6,IPC,8.013809371082575,96
sign_test_og_cel1.0__norm_spectral_radius,new_cel_removed_chunk_1,6,KR,3.447958985964457,96
sign_test_og_cel1.0__norm_spectral_radius,new_cel_removed_chunk_1,6,MC,4.801681973040104,96
sign_test_og_cel1.0__norm_spectral_radius,new_cel_removed_chunk_1,6,cosine_similarity,-0.6422551870346069,96
sign_test_og_cel1.0__norm_spectral_radius,new_cel_removed_chunk_1,6,kl_to_gaussian,1.1739685309272065,96
sign_test_og_cel1.0__norm_spectral_radius,new_cel_removed_chunk_1,6,wt_mean,-0.0014324380026664249,96
sign_test_og_cel1.0__norm_spectral_radius,new_cel_removed_chunk_1,7,GR,5.872211294869582,96
sign_test_og_cel1.0__norm_spectral_radius,new_cel_removed_chunk_1,7,IPC,7.8543963926837,96
sign_test_og_cel1.0__norm_spectral_radius,new_cel_removed_chunk_1,7,KR,3.4693709996839366,96
sign_test_og_cel1.0__norm_spectral_radius,new_cel_removed_chunk_1,7,MC,4.544672367473443,96
sign_test_og_cel1.0__norm_spectral_radius,new_cel_removed_chunk_1,7,cosine_similarity,-0.6422551870346069,96
sign_test_og_cel1.0__norm_spectral_radius,new_cel_removed_chunk_1,7,kl_to_gaussian,1.1739685309272065,96
sign_test_og_cel1.0__norm_spectral_radius,new_cel_removed_chunk_1,7,wt_mean,-0.0014324380026664249,96
sign_test_og_cel1.0__norm_spectral_radius,new_cel_removed_chunk_1,8,GR,5.660289331028859,96
sign_test_og_cel1.0__norm_spectral_radius,new_cel_removed_chunk_1,8,IPC,7.662412036672322,96
sign_test_og_cel1.0__norm_spectral_radius,new_cel_removed_chunk_1,8,KR,3.4294937948385873,96
sign_test_og_cel1.0__norm_spectral_radius,new_cel_removed_chunk_1,8,MC,4.054949714491765,96
sign_test_og_cel1.0__norm_spectral_radius,new_cel_removed_chunk_1,8,cosine_similarity,-0.6422551870346069,96
sign_test_og_cel1.0__norm_spectral_radius,new_cel_removed_chunk_1,8,kl_to_gaussian,1.1739685309272065,96
sign_test_og_cel1.0__norm_spectral_radius,new_cel_removed_chunk_1,8,wt_mean,-0.0014324380026664249,96
sign_test_og_cel1.0__norm_spectral_radius,new_cel_removed_chunk_1,9,GR,6.306893959641457,96
sign_test_og_cel1.0__norm_spectral_radius,new_cel_removed_chunk_1,9,IPC,8.076902421425595,96
sign_test_og_cel1.0__norm_spectral_radius,new_cel_removed_chunk_1,9,KR,3.885319344699383,96
sign_test_og_cel1.0__norm_spectral_radius,new_cel_removed_chunk_1,9,MC,4.464401056369145,96
sign_test_og_cel1.0__norm_spectral_radius,new_cel_removed_chunk_1,9,cosine_similarity,-0.6422551870346069,96
sign_test_og_cel1.0__norm_spectral_radius,new_cel_removed_chunk_1,9,kl_to_gaussian,1.1739685309272065,96
sign_test_og_cel1.0__norm_spectral_radius,new_cel_removed_chunk_1,9,wt_mean,-0.0014324380026664249,96
sign_test_og_cel1.0__norm_spectral_radius,new_cel_removed_chunk_10,50,GR,5.399590113510688,96
sign_test_og_cel1.0__norm_spectral_radius,new_cel_removed_chunk_10,50,IPC,8.18753162978578,96
sign_test_og_cel1.0__norm_spectral_radius,new_cel_removed_chunk_10,50,KR,3.4720845371484756,96
sign_test_og_cel1.0__norm_spectral_radius,new_cel_removed_chunk_10,50,MC,4.824077931543191,96
sign_test_og_cel1.0__norm_spectral_radius,new_cel_removed_chunk_10,50,cosine_similarity,-0.6422551870346069,96
sign_test_og_cel1.0__norm_spectral_radius,new_cel_removed_chunk_10,50,kl_to_gaussian,1.1739685309272065,96
sign_test_og_cel1.0__norm_spectral_radius,new_cel_removed_chunk_10,50,wt_mean,-0.0014324380026664249,96
sign_test_og_cel1.0__norm_spectral_radius,new_cel_removed_chunk_10,51,GR,5.191343899816275,96
sign_test_og_cel1.0__norm_spectral_radius,new_cel_removed_chunk_10,51,IPC,8.142076295324152,96
sign_test_og_cel1.0__norm_spectral_radius,new_cel_removed_chunk_10,51,KR,3.13701448465387,96
sign_test_og_cel1.0__norm_spectral_radius,new_cel_removed_chunk_10,51,MC,4.469773760686318,96
sign_test_og_cel1.0__norm_spectral_radius,new_cel_removed_chunk_10,51,cosine_similarity,-0.6422551870346069,96
sign_test_og_cel1.0__norm_spectral_radius,new_cel_removed_chunk_10,51,kl_to_gaussian,1.1739685309272065,96
sign_test_og_cel1.0__norm_spectral_radius,new_cel_removed_chunk_10,51,wt_mean,-0.0014324380026664249,96
sign_test_og_cel1.0__norm_spectral_radius,new_cel_removed_chunk_10,52,GR,5.394148783137401,96
sign_test_og_cel1.0__norm_spectral_radius,new_cel_removed_chunk_10,52,IPC,7.948313759796894,96
sign_test_og_cel1.0__norm_spectral_radius,new_cel_removed_chunk_10,52,KR,3.3323740549385548,96
sign_test_og_cel1.0__norm_spectral_radius,new_cel_removed_chunk_10,52,MC,4.58663867910703,96
sign_test_og_cel1.0__norm_spectral_radius,new_cel_removed_chunk_10,52,cosine_similarity,-0.6422551870346069,96
sign_test_og_cel1.0__norm_spectral_radius,new_cel_removed_chunk_10,52,kl_to_gaussian,1.1739685309272065,96
sign_test_og_cel1.0__norm_spectral_radius,new_cel_removed_chunk_10,52,wt_mean,-0.0014324380026664249,96
sign_test_og_cel1.0__norm_spectral_radius,new_cel_removed_chunk_10,53,GR,5.318143144249916,96
sign_test_og_cel1.0__norm_spectral_radius,new_cel_removed_chunk_10,53,IPC,8.097801335102902,96
sign_test_og_cel1.0__norm_spectral_radius,new_cel_removed_chunk_10,53,KR,3.2899975267549357,96
sign_test_og_cel1.0__norm_spectral_radius,new_cel_removed_chunk_10,53,MC,4.98211229344209,96
sign_test_og_cel1.0__norm_spectral_radius,new_cel_removed_chunk_10,53,cosine_similarity,-0.6422551870346069,96
sign_test_og_cel1.0__norm_spectral_radius,new_cel_removed_chunk_10,53,kl_to_gaussian,1.1739685309272065,96
sign_test_og_cel1.0__norm_spectral_radius,new_cel_removed_chunk_10,53,wt_mean,-0.0014324380026664249,96
sign_test_og_cel1.0__norm_spectral_radius,new_cel_removed_chunk_10,54,GR,5.153256243715684,96
sign_test_og_cel1.0__norm_spectral_radius,new_cel_removed_chunk_10,54,IPC,7.662565022259954,96
sign_test_og_cel1.0__norm_spectral_radius,new_cel_removed_chunk_10,54,KR,3.2692419638236365,96
sign_test_og_cel1.0__norm_spectral_radius,new_cel_removed_chunk_10,54,MC,4.632664429644744,96
sign_test_og_cel1.0__norm_spectral_radius,new_cel_removed_chunk_10,54,cosine_similarity,-0.6422551870346069,96
sign_test_og_cel1.0__norm_spectral_radius,new_cel_removed_chunk_10,54,kl_to_gaussian,1.1739685309272065,96
sign_test_og_cel1.0__norm_spectral_radius,new_cel_removed_chunk_10,54,wt_mean,-0.0014324380026664249,96
sign_test_og_cel1.0__norm_spectral_radius,new_cel_removed_chunk_11,55,GR,6.223672166466713,96
sign_test_og_cel1.0__norm_spectral_radius,new_cel_removed_chunk_11,55,IPC,8.227745083444148,96
sign_test_og_cel1.0__norm_spectral_radius,new_cel_removed_chunk_11,55,KR,3.754948844512304,96
sign_test_og_cel1.0__norm_spectral_radius,new_cel_removed_chunk_11,55,MC,4.748531154046456,96
sign_test_og_cel1.0__norm_spectral_radius,new_cel_removed_chunk_11,55,cosine_similarity,-0.6422551870346069,96
sign_test_og_cel1.0__norm_spectral_radius,new_cel_removed_chunk_11,55,kl_to_gaussian,1.1739685309272065,96
sign_test_og_cel1.0__norm_spectral_radius,new_cel_removed_chunk_11,55,wt_mean,-0.0014324380026664249,96
sign_test_og_cel1.0__norm_spectral_radius,new_cel_removed_chunk_11,56,GR,5.310669383654992,96
sign_test_og_cel1.0__norm_spectral_radius,new_cel_removed_chunk_11,56,IPC,8.175116208802338,96
sign_test_og_cel1.0__norm_spectral_radius,new_cel_removed_chunk_11,56,KR,3.317295695344607,96
sign_test_og_cel1.0__norm_spectral_radius,new_cel_removed_chunk_11,56,MC,4.664218307783206,96
sign_test_og_cel1.0__norm_spectral_radius,new_cel_removed_chunk_11,56,cosine_similarity,-0.6422551870346069,96
sign_test_og_cel1.0__norm_spectral_radius,new_cel_removed_chunk_11,56,kl_to_gaussian,1.1739685309272065,96
sign_test_og_cel1.0__norm_spectral_radius,new_cel_removed_chunk_11,56,wt_mean,-0.0014324380026664249,96
sign_test_og_cel1.0__norm_spectral_radius,new_cel_removed_chunk_11,57,GR,5.296614998330672,96
sign_test_og_cel1.0__norm_spectral_radius,new_cel_removed_chunk_11,57,IPC,8.373459136929116,96
sign_test_og_cel1.0__norm_spectral_radius,new_cel_removed_chunk_11,57,KR,3.184981839110454,96
sign_test_og_cel1.0__norm_spectral_radius,new_cel_removed_chunk_11,57,MC,4.798615453143914,96
sign_test_og_cel1.0__norm_spectral_radius,new_cel_removed_chunk_11,57,cosine_similarity,-0.6422551870346069,96
sign_test_og_cel1.0__norm_spectral_radius,new_cel_removed_chunk_11,57,kl_to_gaussian,1.1739685309272065,96
sign_test_og_cel1.0__norm_spectral_radius,new_cel_removed_chunk_11,57,wt_mean,-0.0014324380026664249,96
sign_test_og_cel1.0__norm_spectral_radius,new_cel_removed_chunk_11,58,GR,7.046207442879677,96
sign_test_og_cel1.0__norm_spectral_radius,new_cel_removed_chunk_11,58,IPC,7.527617284588782,96
sign_test_og_cel1.0__norm_spectral_radius,new_cel_removed_chunk_11,58,KR,4.123159927626451,96
sign_test_og_cel1.0__norm_spectral_radius,new_cel_removed_chunk_11,58,MC,4.3541863312323885,96
sign_test_og_cel1.0__norm_spectral_radius,new_cel_removed_chunk_11,58,cosine_similarity,-0.6422551870346069,96
sign_test_og_cel1.0__norm_spectral_radius,new_cel_removed_chunk_11,58,kl_to_gaussian,1.1739685309272065,96
sign_test_og_cel1.0__norm_spectral_radius,new_cel_removed_chunk_11,58,wt_mean,-0.0014324380026664249,96
sign_test_og_cel1.0__norm_spectral_radius,new_cel_removed_chunk_11,59,GR,5.921196881681681,96
sign_test_og_cel1.0__norm_spectral_radius,new_cel_removed_chunk_11,59,IPC,8.079527693771844,96
sign_test_og_cel1.0__norm_spectral_radius,new_cel_removed_chunk_11,59,KR,3.630534864962101,96
sign_test_og_cel1.0__norm_spectral_radius,new_cel_removed_chunk_11,59,MC,4.433604901035626,96
sign_test_og_cel1.0__norm_spectral_radius,new_cel_removed_chunk_11,59,cosine_similarity,-0.6422551870346069,96
sign_test_og_cel1.0__norm_spectral_radius,new_cel_removed_chunk_11,59,kl_to_gaussian,1.1739685309272065,96
sign_test_og_cel1.0__norm_spectral_radius,new_cel_removed_chunk_11,59,wt_mean,-0.0014324380026664249,96
sign_test_og_cel1.0__norm_spectral_radius,new_cel_removed_chunk_12,60,GR,5.731702774763107,96
sign_test_og_cel1.0__norm_spectral_radius,new_cel_removed_chunk_12,60,IPC,7.949946912628087,96
sign_test_og_cel1.0__norm_spectral_radius,new_cel_removed_chunk_12,60,KR,3.5468317257861295,96
sign_test_og_cel1.0__norm_spectral_radius,new_cel_removed_chunk_12,60,MC,4.401697166264057,96
sign_test_og_cel1.0__norm_spectral_radius,new_cel_removed_chunk_12,60,cosine_similarity,-0.6422551870346069,96
sign_test_og_cel1.0__norm_spectral_radius,new_cel_removed_chunk_12,60,kl_to_gaussian,1.1739685309272065,96
sign_test_og_cel1.0__norm_spectral_radius,new_cel_removed_chunk_12,60,wt_mean,-0.0014324380026664249,96
sign_test_og_cel1.0__norm_spectral_radius,new_cel_removed_chunk_12,61,GR,5.347473124663035,96
sign_test_og_cel1.0__norm_spectral_radius,new_cel_removed_chunk_12,61,IPC,8.346377243221136,96
sign_test_og_cel1.0__norm_spectral_radius,new_cel_removed_chunk_12,61,KR,3.177437918881575,96
sign_test_og_cel1.0__norm_spectral_radius,new_cel_removed_chunk_12,61,MC,4.376119473328193,96
sign_test_og_cel1.0__norm_spectral_radius,new_cel_removed_chunk_12,61,cosine_similarity,-0.6422551870346069,96
sign_test_og_cel1.0__norm_spectral_radius,new_cel_removed_chunk_12,61,kl_to_gaussian,1.1739685309272065,96
sign_test_og_cel1.0__norm_spectral_radius,new_cel_removed_chunk_12,61,wt_mean,-0.0014324380026664249,96
sign_test_og_cel1.0__norm_spectral_radius,new_cel_removed_chunk_12,62,GR,5.607800786693891,96
sign_test_og_cel1.0__norm_spectral_radius,new_cel_removed_chunk_12,62,IPC,8.02108462388333,96
sign_test_og_cel1.0__norm_spectral_radius,new_cel_removed_chunk_12,62,KR,3.4750037292639413,96
sign_test_og_cel1.0__norm_spectral_radius,new_cel_removed_chunk_12,62,MC,4.644546270370483,96
sign_test_og_cel1.0__norm_spectral_radius,new_cel_removed_chunk_12,62,cosine_similarity,-0.6422551870346069,96
sign_test_og_cel1.0__norm_spectral_radius,new_cel_removed_chunk_12,62,kl_to_gaussian,1.1739685309272065,96
sign_test_og_cel1.0__norm_spectral_radius,new_cel_removed_chunk_12,62,wt_mean,-0.0014324380026664249,96
sign_test_og_cel1.0__norm_spectral_radius,new_cel_removed_chunk_12,63,GR,5.693989160160224,96
sign_test_og_cel1.0__norm_spectral_radius,new_cel_removed_chunk_12,63,IPC,7.965608772081869,96
sign_test_og_cel1.0__norm_spectral_radius,new_cel_removed_chunk_12,63,KR,3.485649981846412,96
sign_test_og_cel1.0__norm_spectral_radius,new_cel_removed_chunk_12,63,MC,4.591115133215983,96
sign_test_og_cel1.0__norm_spectral_radius,new_cel_removed_chunk_12,63,cosine_similarity,-0.6422551870346069,96
sign_test_og_cel1.0__norm_spectral_radius,new_cel_removed_chunk_12,63,kl_to_gaussian,1.1739685309272065,96
sign_test_og_cel1.0__norm_spectral_radius,new_cel_removed_chunk_12,63,wt_mean,-0.0014324380026664249,96
sign_test_og_cel1.0__norm_spectral_radius,new_cel_removed_chunk_12,64,GR,5.278713434934616,96
sign_test_og_cel1.0__norm_spectral_radius,new_cel_removed_chunk_12,64,IPC,8.179490714338884,96
sign_test_og_cel1.0__norm_spectral_radius,new_cel_removed_chunk_12,64,KR,3.2181122936308384,96
sign_test_og_cel1.0__norm_spectral_radius,new_cel_removed_chunk_12,64,MC,4.578815784305334,96
sign_test_og_cel1.0__norm_spectral_radius,new_cel_removed_chunk_12,64,cosine_similarity,-0.6422551870346069,96
sign_test_og_cel1.0__norm_spectral_radius,new_cel_removed_chunk_12,64,kl_to_gaussian,1.1739685309272065,96
sign_test_og_cel1.0__norm_spectral_radius,new_cel_removed_chunk_12,64,wt_mean,-0.0014324380026664249,96
sign_test_og_cel1.0__norm_spectral_radius,new_cel_removed_chunk_13,65,GR,5.382841244339943,96
sign_test_og_cel1.0__norm_spectral_radius,new_cel_removed_chunk_13,65,IPC,7.752153713067528,96
sign_test_og_cel1.0__norm_spectral_radius,new_cel_removed_chunk_13,65,KR,3.291896980255842,96
sign_test_og_cel1.0__norm_spectral_radius,new_cel_removed_chunk_13,65,MC,4.417534985889991,96
sign_test_og_cel1.0__norm_spectral_radius,new_cel_removed_chunk_13,65,cosine_similarity,-0.6422551870346069,96
sign_test_og_cel1.0__norm_spectral_radius,new_cel_removed_chunk_13,65,kl_to_gaussian,1.1739685309272065,96
sign_test_og_cel1.0__norm_spectral_radius,new_cel_removed_chunk_13,65,wt_mean,-0.0014324380026664249,96
sign_test_og_cel1.0__norm_spectral_radius,new_cel_removed_chunk_13,66,GR,4.75420177852114,96
sign_test_og_cel1.0__norm_spectral_radius,new_cel_removed_chunk_13,66,IPC,7.895404700823551,96
sign_test_og_cel1.0__norm_spectral_radius,new_cel_removed_chunk_13,66,KR,2.985680863261223,96
sign_test_og_cel1.0__norm_spectral_radius,new_cel_removed_chunk_13,66,MC,4.441947932044665,96
sign_test_og_cel1.0__norm_spectral_radius,new_cel_removed_chunk_13,66,cosine_similarity,-0.6422551870346069,96
sign_test_og_cel1.0__norm_spectral_radius,new_cel_removed_chunk_13,66,kl_to_gaussian,1.1739685309272065,96
sign_test_og_cel1.0__norm_spectral_radius,new_cel_removed_chunk_13,66,wt_mean,-0.0014324380026664249,96
sign_test_og_cel1.0__norm_spectral_radius,new_cel_removed_chunk_13,67,GR,5.755792134751876,96
sign_test_og_cel1.0__norm_spectral_radius,new_cel_removed_chunk_13,67,IPC,7.752778098027328,96
sign_test_og_cel1.0__norm_spectral_radius,new_cel_removed_chunk_13,67,KR,3.5778661904235682,96
sign_test_og_cel1.0__norm_spectral_radius,new_cel_removed_chunk_13,67,MC,4.687885786096255,96
sign_test_og_cel1.0__norm_spectral_radius,new_cel_removed_chunk_13,67,cosine_similarity,-0.6422551870346069,96
sign_test_og_cel1.0__norm_spectral_radius,new_cel_removed_chunk_13,67,kl_to_gaussian,1.1739685309272065,96
sign_test_og_cel1.0__norm_spectral_radius,new_cel_removed_chunk_13,67,wt_mean,-0.0014324380026664249,96
sign_test_og_cel1.0__norm_spectral_radius,new_cel_removed_chunk_13,68,GR,6.365272494653861,96
sign_test_og_cel1.0__norm_spectral_radius,new_cel_removed_chunk_13,68,IPC,7.648091751815962,96
sign_test_og_cel1.0__norm_spectral_radius,new_cel_removed_chunk_13,68,KR,3.8687436978022256,96
sign_test_og_cel1.0__norm_spectral_radius,new_cel_removed_chunk_13,68,MC,4.5951574345429735,96
sign_test_og_cel1.0__norm_spectral_radius,new_cel_removed_chunk_13,68,cosine_similarity,-0.6422551870346069,96
sign_test_og_cel1.0__norm_spectral_radius,new_cel_removed_chunk_13,68,kl_to_gaussian,1.1739685309272065,96
sign_test_og_cel1.0__norm_spectral_radius,new_cel_removed_chunk_13,68,wt_mean,-0.0014324380026664249,96
sign_test_og_cel1.0__norm_spectral_radius,new_cel_removed_chunk_13,69,GR,5.731912445276976,96
sign_test_og_cel1.0__norm_spectral_radius,new_cel_removed_chunk_13,69,IPC,7.825943046741394,96
sign_test_og_cel1.0__norm_spectral_radius,new_cel_removed_chunk_13,69,KR,3.4966832858820758,96
sign_test_og_cel1.0__norm_spectral_radius,new_cel_removed_chunk_13,69,MC,4.548773651321729,96
sign_test_og_cel1.0__norm_spectral_radius,new_cel_removed_chunk_13,69,cosine_similarity,-0.6422551870346069,96
sign_test_og_cel1.0__norm_spectral_radius,new_cel_removed_chunk_13,69,kl_to_gaussian,1.1739685309272065,96
sign_test_og_cel1.0__norm_spectral_radius,new_cel_removed_chunk_13,69,wt_mean,-0.0014324380026664249,96
sign_test_og_cel1.0__norm_spectral_radius,new_cel_removed_chunk_14,70,GR,4.8568144763509435,96
sign_test_og_cel1.0__norm_spectral_radius,new_cel_removed_chunk_14,70,IPC,7.879426146599912,96
sign_test_og_cel1.0__norm_spectral_radius,new_cel_removed_chunk_14,70,KR,2.9369781613349915,96
sign_test_og_cel1.0__norm_spectral_radius,new_cel_removed_chunk_14,70,MC,4.395364686846733,96
sign_test_og_cel1.0__norm_spectral_radius,new_cel_removed_chunk_14,70,cosine_similarity,-0.6422551870346069,96
sign_test_og_cel1.0__norm_spectral_radius,new_cel_removed_chunk_14,70,kl_to_gaussian,1.1739685309272065,96
sign_test_og_cel1.0__norm_spectral_radius,new_cel_removed_chunk_14,70,wt_mean,-0.0014324380026664249,96
sign_test_og_cel1.0__norm_spectral_radius,new_cel_removed_chunk_14,71,GR,4.949567989756663,96
sign_test_og_cel1.0__norm_spectral_radius,new_cel_removed_chunk_14,71,IPC,8.064870413144,96
sign_test_og_cel1.0__norm_spectral_radius,new_cel_removed_chunk_14,71,KR,3.1655547420183816,96
sign_test_og_cel1.0__norm_spectral_radius,new_cel_removed_chunk_14,71,MC,4.678678050637245,96
sign_test_og_cel1.0__norm_spectral_radius,new_cel_removed_chunk_14,71,cosine_similarity,-0.6422551870346069,96
sign_test_og_cel1.0__norm_spectral_radius,new_cel_removed_chunk_14,71,kl_to_gaussian,1.1739685309272065,96
sign_test_og_cel1.0__norm_spectral_radius,new_cel_removed_chunk_14,71,wt_mean,-0.0014324380026664249,96
sign_test_og_cel1.0__norm_spectral_radius,new_cel_removed_chunk_14,72,GR,5.051190259555976,96
sign_test_og_cel1.0__norm_spectral_radius,new_cel_removed_chunk_14,72,IPC,7.855982311714105,96
sign_test_og_cel1.0__norm_spectral_radius,new_cel_removed_chunk_14,72,KR,3.1598871909081936,96
sign_test_og_cel1.0__norm_spectral_radius,new_cel_removed_chunk_14,72,MC,4.6034681263069315,96
sign_test_og_cel1.0__norm_spectral_radius,new_cel_removed_chunk_14,72,cosine_similarity,-0.6422551870346069,96
sign_test_og_cel1.0__norm_spectral_radius,new_cel_removed_chunk_14,72,kl_to_gaussian,1.1739685309272065,96
sign_test_og_cel1.0__norm_spectral_radius,new_cel_removed_chunk_14,72,wt_mean,-0.0014324380026664249,96
sign_test_og_cel1.0__norm_spectral_radius,new_cel_removed_chunk_14,73,GR,4.552821888277928,96
sign_test_og_cel1.0__norm_spectral_radius,new_cel_removed_chunk_14,73,IPC,8.50697652375256,96
sign_test_og_cel1.0__norm_spectral_radius,new_cel_removed_chunk_14,73,KR,2.8969298327962556,96
sign_test_og_cel1.0__norm_spectral_radius,new_cel_removed_chunk_14,73,MC,4.992564395070076,96
sign_test_og_cel1.0__norm_spectral_radius,new_cel_removed_chunk_14,73,cosine_similarity,-0.6422551870346069,96
sign_test_og_cel1.0__norm_spectral_radius,new_cel_removed_chunk_14,73,kl_to_gaussian,1.1739685309272065,96
sign_test_og_cel1.0__norm_spectral_radius,new_cel_removed_chunk_14,73,wt_mean,-0.0014324380026664249,96
sign_test_og_cel1.0__norm_spectral_radius,new_cel_removed_chunk_14,74,GR,5.61587143316865,96
sign_test_og_cel1.0__norm_spectral_radius,new_cel_removed_chunk_14,74,IPC,7.960886905142047,96
sign_test_og_cel1.0__norm_spectral_radius,new_cel_removed_chunk_14,74,KR,3.4267093216379485,96
sign_test_og_cel1.0__norm_spectral_radius,new_cel_removed_chunk_14,74,MC,4.69917672375838,96
sign_test_og_cel1.0__norm_spectral_radius,new_cel_removed_chunk_14,74,cosine_similarity,-0.6422551870346069,96
sign_test_og_cel1.0__norm_spectral_radius,new_cel_removed_chunk_14,74,kl_to_gaussian,1.1739685309272065,96
sign_test_og_cel1.0__norm_spectral_radius,new_cel_removed_chunk_14,74,wt_mean,-0.0014324380026664249,96
sign_test_og_cel1.0__norm_spectral_radius,new_cel_removed_chunk_15,75,GR,5.82316238929828,96
sign_test_og_cel1.0__norm_spectral_radius,new_cel_removed_chunk_15,75,IPC,8.121124421147872,96
sign_test_og_cel1.0__norm_spectral_radius,new_cel_removed_chunk_15,75,KR,3.63729669029514,96
sign_test_og_cel1.0__norm_spectral_radius,new_cel_removed_chunk_15,75,MC,4.868455265959104,96
sign_test_og_cel1.0__norm_spectral_radius,new_cel_removed_chunk_15,75,cosine_similarity,-0.6422551870346069,96
sign_test_og_cel1.0__norm_spectral_radius,new_cel_removed_chunk_15,75,kl_to_gaussian,1.1739685309272065,96
sign_test_og_cel1.0__norm_spectral_radius,new_cel_removed_chunk_15,75,wt_mean,-0.0014324380026664249,96
sign_test_og_cel1.0__norm_spectral_radius,new_cel_removed_chunk_15,76,GR,6.34034064784646,96
sign_test_og_cel1.0__norm_spectral_radius,new_cel_removed_chunk_15,76,IPC,8.058438737827013,96
sign_test_og_cel1.0__norm_spectral_radius,new_cel_removed_chunk_15,76,KR,3.907281383872032,96
sign_test_og_cel1.0__norm_spectral_radius,new_cel_removed_chunk_15,76,MC,4.583879077186187,96
sign_test_og_cel1.0__norm_spectral_radius,new_cel_removed_chunk_15,76,cosine_similarity,-0.6422551870346069,96
sign_test_og_cel1.0__norm_spectral_radius,new_cel_removed_chunk_15,76,kl_to_gaussian,1.1739685309272065,96
sign_test_og_cel1.0__norm_spectral_radius,new_cel_removed_chunk_15,76,wt_mean,-0.0014324380026664249,96
sign_test_og_cel1.0__norm_spectral_radius,new_cel_removed_chunk_15,77,GR,5.467330644528071,96
sign_test_og_cel1.0__norm_spectral_radius,new_cel_removed_chunk_15,77,IPC,7.844823178355941,96
sign_test_og_cel1.0__norm_spectral_radius,new_cel_removed_chunk_15,77,KR,3.4325043025116124,96
sign_test_og_cel1.0__norm_spectral_radius,new_cel_removed_chunk_15,77,MC,4.590928487479687,96
sign_test_og_cel1.0__norm_spectral_radius,new_cel_removed_chunk_15,77,cosine_similarity,-0.6422551870346069,96
sign_test_og_cel1.0__norm_spectral_radius,new_cel_removed_chunk_15,77,kl_to_gaussian,1.1739685309272065,96
sign_test_og_cel1.0__norm_spectral_radius,new_cel_removed_chunk_15,77,wt_mean,-0.0014324380026664249,96
sign_test_og_cel1.0__norm_spectral_radius,new_cel_removed_chunk_15,78,GR,5.790907065073649,96
sign_test_og_cel1.0__norm_spectral_radius,new_cel_removed_chunk_15,78,IPC,8.16962499380588,96
sign_test_og_cel1.0__norm_spectral_radius,new_cel_removed_chunk_15,78,KR,3.4416250959038734,96
sign_test_og_cel1.0__norm_spectral_radius,new_cel_removed_chunk_15,78,MC,4.5339235588908195,96
sign_test_og_cel1.0__norm_spectral_radius,new_cel_removed_chunk_15,78,cosine_similarity,-0.6422551870346069,96
sign_test_og_cel1.0__norm_spectral_radius,new_cel_removed_chunk_15,78,kl_to_gaussian,1.1739685309272065,96
sign_test_og_cel1.0__norm_spectral_radius,new_cel_removed_chunk_15,78,wt_mean,-0.0014324380026664249,96
sign_test_og_cel1.0__norm_spectral_radius,new_cel_removed_chunk_15,79,GR,6.200760631511609,96
sign_test_og_cel1.0__norm_spectral_radius,new_cel_removed_chunk_15,79,IPC,7.891001415039699,96
sign_test_og_cel1.0__norm_spectral_radius,new_cel_removed_chunk_15,79,KR,3.743804386506478,96
sign_test_og_cel1.0__norm_spectral_radius,new_cel_removed_chunk_15,79,MC,4.530865992108981,96
sign_test_og_cel1.0__norm_spectral_radius,new_cel_removed_chunk_15,79,cosine_similarity,-0.6422551870346069,96
sign_test_og_cel1.0__norm_spectral_radius,new_cel_removed_chunk_15,79,kl_to_gaussian,1.1739685309272065,96
sign_test_og_cel1.0__norm_spectral_radius,new_cel_removed_chunk_15,79,wt_mean,-0.0014324380026664249,96
sign_test_og_cel1.0__norm_spectral_radius,new_cel_removed_chunk_16,80,GR,5.598379973322153,96
sign_test_og_cel1.0__norm_spectral_radius,new_cel_removed_chunk_16,80,IPC,7.564963454494535,96
sign_test_og_cel1.0__norm_spectral_radius,new_cel_removed_chunk_16,80,KR,3.453800980001688,96
sign_test_og_cel1.0__norm_spectral_radius,new_cel_removed_chunk_16,80,MC,4.73426941037178,96
sign_test_og_cel1.0__norm_spectral_radius,new_cel_removed_chunk_16,80,cosine_similarity,-0.6422551870346069,96
sign_test_og_cel1.0__norm_spectral_radius,new_cel_removed_chunk_16,80,kl_to_gaussian,1.1739685309272065,96
sign_test_og_cel1.0__norm_spectral_radius,new_cel_removed_chunk_16,80,wt_mean,-0.0014324380026664249,96
sign_test_og_cel1.0__norm_spectral_radius,new_cel_removed_chunk_16,81,GR,6.543199400107066,96
sign_test_og_cel1.0__norm_spectral_radius,new_cel_removed_chunk_16,81,IPC,7.426381982680824,96
sign_test_og_cel1.0__norm_spectral_radius,new_cel_removed_chunk_16,81,KR,3.9814907175799212,96
sign_test_og_cel1.0__norm_spectral_radius,new_cel_removed_chunk_16,81,MC,4.460604661454757,96
sign_test_og_cel1.0__norm_spectral_radius,new_cel_removed_chunk_16,81,cosine_similarity,-0.6422551870346069,96
sign_test_og_cel1.0__norm_spectral_radius,new_cel_removed_chunk_16,81,kl_to_gaussian,1.1739685309272065,96
sign_test_og_cel1.0__norm_spectral_radius,new_cel_removed_chunk_16,81,wt_mean,-0.0014324380026664249,96
sign_test_og_cel1.0__norm_spectral_radius,new_cel_removed_chunk_16,82,GR,4.687763471156359,96
sign_test_og_cel1.0__norm_spectral_radius,new_cel_removed_chunk_16,82,IPC,7.398395279802377,96
sign_test_og_cel1.0__norm_spectral_radius,new_cel_removed_chunk_16,82,KR,2.97210427125295,96
sign_test_og_cel1.0__norm_spectral_radius,new_cel_removed_chunk_16,82,MC,4.351413788894813,96
sign_test_og_cel1.0__norm_spectral_radius,new_cel_removed_chunk_16,82,cosine_similarity,-0.6422551870346069,96
sign_test_og_cel1.0__norm_spectral_radius,new_cel_removed_chunk_16,82,kl_to_gaussian,1.1739685309272065,96
sign_test_og_cel1.0__norm_spectral_radius,new_cel_removed_chunk_16,82,wt_mean,-0.0014324380026664249,96
sign_test_og_cel1.0__norm_spectral_radius,new_cel_removed_chunk_16,83,GR,5.086704334865014,96
sign_test_og_cel1.0__norm_spectral_radius,new_cel_removed_chunk_16,83,IPC,7.059319314225461,96
sign_test_og_cel1.0__norm_spectral_radius,new_cel_removed_chunk_16,83,KR,3.0207789354026318,96
sign_test_og_cel1.0__norm_spectral_radius,new_cel_removed_chunk_16,83,MC,4.026415767769019,96
sign_test_og_cel1.0__norm_spectral_radius,new_cel_removed_chunk_16,83,cosine_similarity,-0.6422551870346069,96
sign_test_og_cel1.0__norm_spectral_radius,new_cel_removed_chunk_16,83,kl_to_gaussian,1.1739685309272065,96
sign_test_og_cel1.0__norm_spectral_radius,new_cel_removed_chunk_16,83,wt_mean,-0.0014324380026664249,96
sign_test_og_cel1.0__norm_spectral_radius,new_cel_removed_chunk_16,84,GR,5.77417450149854,96
sign_test_og_cel1.0__norm_spectral_radius,new_cel_removed_chunk_16,84,IPC,7.278289630601752,96
sign_test_og_cel1.0__norm_spectral_radius,new_cel_removed_chunk_16,84,KR,3.6116203889250755,96
sign_test_og_cel1.0__norm_spectral_radius,new_cel_removed_chunk_16,84,MC,4.6505588218569756,96
sign_test_og_cel1.0__norm_spectral_radius,new_cel_removed_chunk_16,84,cosine_similarity,-0.6422551870346069,96
sign_test_og_cel1.0__norm_spectral_radius,new_cel_removed_chunk_16,84,kl_to_gaussian,1.1739685309272065,96
sign_test_og_cel1.0__norm_spectral_radius,new_cel_removed_chunk_16,84,wt_mean,-0.0014324380026664249,96
sign_test_og_cel1.0__norm_spectral_radius,new_cel_removed_chunk_17,85,GR,5.0731696126361685,96
sign_test_og_cel1.0__norm_spectral_radius,new_cel_removed_chunk_17,85,IPC,7.7079395337491325,96
sign_test_og_cel1.0__norm_spectral_radius,new_cel_removed_chunk_17,85,KR,3.105525361994902,96
sign_test_og_cel1.0__norm_spectral_radius,new_cel_removed_chunk_17,85,MC,4.663562573492527,96
sign_test_og_cel1.0__norm_spectral_radius,new_cel_removed_chunk_17,85,cosine_similarity,-0.6422551870346069,96
sign_test_og_cel1.0__norm_spectral_radius,new_cel_removed_chunk_17,85,kl_to_gaussian,1.1739685309272065,96
sign_test_og_cel1.0__norm_spectral_radius,new_cel_removed_chunk_17,85,wt_mean,-0.0014324380026664249,96
sign_test_og_cel1.0__norm_spectral_radius,new_cel_removed_chunk_17,86,GR,4.713810722033183,96
sign_test_og_cel1.0__norm_spectral_radius,new_cel_removed_chunk_17,86,IPC,7.351034471935151,96
sign_test_og_cel1.0__norm_spectral_radius,new_cel_removed_chunk_17,86,KR,2.9623132087290287,96
sign_test_og_cel1.0__norm_spectral_radius,new_cel_removed_chunk_17,86,MC,4.590008979042371,96
sign_test_og_cel1.0__norm_spectral_radius,new_cel_removed_chunk_17,86,cosine_similarity,-0.6422551870346069,96
sign_test_og_cel1.0__norm_spectral_radius,new_cel_removed_chunk_17,86,kl_to_gaussian,1.1739685309272065,96
sign_test_og_cel1.0__norm_spectral_radius,new_cel_removed_chunk_17,86,wt_mean,-0.0014324380026664249,96
sign_test_og_cel1.0__norm_spectral_radius,new_cel_removed_chunk_17,87,GR,5.462021118650834,96
sign_test_og_cel1.0__norm_spectral_radius,new_cel_removed_chunk_17,87,IPC,7.424383878505119,96
sign_test_og_cel1.0__norm_spectral_radius,new_cel_removed_chunk_17,87,KR,3.438371229916811,96
sign_test_og_cel1.0__norm_spectral_radius,new_cel_removed_chunk_17,87,MC,4.442817624658346,96
sign_test_og_cel1.0__norm_spectral_radius,new_cel_removed_chunk_17,87,cosine_similarity,-0.6422551870346069,96
sign_test_og_cel1.0__norm_spectral_radius,new_cel_removed_chunk_17,87,kl_to_gaussian,1.1739685309272065,96
sign_test_og_cel1.0__norm_spectral_radius,new_cel_removed_chunk_17,87,wt_mean,-0.0014324380026664249,96
sign_test_og_cel1.0__norm_spectral_radius,new_cel_removed_chunk_17,88,GR,6.2802687374254065,96
sign_test_og_cel1.0__norm_spectral_radius,new_cel_removed_chunk_17,88,IPC,7.4900742557363165,96
sign_test_og_cel1.0__norm_spectral_radius,new_cel_removed_chunk_17,88,KR,3.6766833600898585,96
sign_test_og_cel1.0__norm_spectral_radius,new_cel_removed_chunk_17,88,MC,4.261864971369505,96
sign_test_og_cel1.0__norm_spectral_radius,new_cel_removed_chunk_17,88,cosine_similarity,-0.6422551870346069,96
sign_test_og_cel1.0__norm_spectral_radius,new_cel_removed_chunk_17,88,kl_to_gaussian,1.1739685309272065,96
sign_test_og_cel1.0__norm_spectral_radius,new_cel_removed_chunk_17,88,wt_mean,-0.0014324380026664249,96
sign_test_og_cel1.0__norm_spectral_radius,new_cel_removed_chunk_17,89,GR,5.603569700072209,96
sign_test_og_cel1.0__norm_spectral_radius,new_cel_removed_chunk_17,89,IPC,7.252499709273709,96
sign_test_og_cel1.0__norm_spectral_radius,new_cel_removed_chunk_17,89,KR,3.4831623857220015,96
sign_test_og_cel1.0__norm_spectral_radius,new_cel_removed_chunk_17,89,MC,4.1805766100684805,96
sign_test_og_cel1.0__norm_spectral_radius,new_cel_removed_chunk_17,89,cosine_similarity,-0.6422551870346069,96
sign_test_og_cel1.0__norm_spectral_radius,new_cel_removed_chunk_17,89,kl_to_gaussian,1.1739685309272065,96
sign_test_og_cel1.0__norm_spectral_radius,new_cel_removed_chunk_17,89,wt_mean,-0.0014324380026664249,96
sign_test_og_cel1.0__norm_spectral_radius,new_cel_removed_chunk_18,90,GR,6.387180528293054,96
sign_test_og_cel1.0__norm_spectral_radius,new_cel_removed_chunk_18,90,IPC,7.597123530238004,96
sign_test_og_cel1.0__norm_spectral_radius,new_cel_removed_chunk_18,90,KR,3.7425579528013864,96
sign_test_og_cel1.0__norm_spectral_radius,new_cel_removed_chunk_18,90,MC,4.425970596571763,96
sign_test_og_cel1.0__norm_spectral_radius,new_cel_removed_chunk_18,90,cosine_similarity,-0.6422551870346069,96
sign_test_og_cel1.0__norm_spectral_radius,new_cel_removed_chunk_18,90,kl_to_gaussian,1.1739685309272065,96
sign_test_og_cel1.0__norm_spectral_radius,new_cel_removed_chunk_18,90,wt_mean,-0.0014324380026664249,96
sign_test_og_cel1.0__norm_spectral_radius,new_cel_removed_chunk_18,91,GR,5.630130061258872,96
sign_test_og_cel1.0__norm_spectral_radius,new_cel_removed_chunk_18,91,IPC,7.427351289283774,96
sign_test_og_cel1.0__norm_spectral_radius,new_cel_removed_chunk_18,91,KR,3.434911179045836,96
sign_test_og_cel1.0__norm_spectral_radius,new_cel_removed_chunk_18,91,MC,4.203496898214023,96
sign_test_og_cel1.0__norm_spectral_radius,new_cel_removed_chunk_18,91,cosine_similarity,-0.6422551870346069,96
sign_test_og_cel1.0__norm_spectral_radius,new_cel_removed_chunk_18,91,kl_to_gaussian,1.1739685309272065,96
sign_test_og_cel1.0__norm_spectral_radius,new_cel_removed_chunk_18,91,wt_mean,-0.0014324380026664249,96
sign_test_og_cel1.0__norm_spectral_radius,new_cel_removed_chunk_18,92,GR,5.256909144421418,96
sign_test_og_cel1.0__norm_spectral_radius,new_cel_removed_chunk_18,92,IPC,7.839855155380692,96
sign_test_og_cel1.0__norm_spectral_radius,new_cel_removed_chunk_18,92,KR,3.339018323769172,96
sign_test_og_cel1.0__norm_spectral_radius,new_cel_removed_chunk_18,92,MC,4.60615245749553,96
sign_test_og_cel1.0__norm_spectral_radius,new_cel_removed_chunk_18,92,cosine_similarity,-0.6422551870346069,96
sign_test_og_cel1.0__norm_spectral_radius,new_cel_removed_chunk_18,92,kl_to_gaussian,1.1739685309272065,96
sign_test_og_cel1.0__norm_spectral_radius,new_cel_removed_chunk_18,92,wt_mean,-0.0014324380026664249,96
sign_test_og_cel1.0__norm_spectral_radius,new_cel_removed_chunk_18,93,GR,6.024026616166036,96
sign_test_og_cel1.0__norm_spectral_radius,new_cel_removed_chunk_18,93,IPC,7.556502161069371,96
sign_test_og_cel1.0__norm_spectral_radius,new_cel_removed_chunk_18,93,KR,3.782330704232057,96
sign_test_og_cel1.0__norm_spectral_radius,new_cel_removed_chunk_18,93,MC,4.5632273356119795,96
sign_test_og_cel1.0__norm_spectral_radius,new_cel_removed_chunk_18,93,cosine_similarity,-0.6422551870346069,96
sign_test_og_cel1.0__norm_spectral_radius,new_cel_removed_chunk_18,93,kl_to_gaussian,1.1739685309272065,96
sign_test_og_cel1.0__norm_spectral_radius,new_cel_removed_chunk_18,93,wt_mean,-0.0014324380026664249,96
sign_test_og_cel1.0__norm_spectral_radius,new_cel_removed_chunk_18,94,GR,5.399368721991777,96
sign_test_og_cel1.0__norm_spectral_radius,new_cel_removed_chunk_18,94,IPC,7.870248671273345,96
sign_test_og_cel1.0__norm_spectral_radius,new_cel_removed_chunk_18,94,KR,3.375160876661539,96
sign_test_og_cel1.0__norm_spectral_radius,new_cel_removed_chunk_18,94,MC,4.578346726795037,96
sign_test_og_cel1.0__norm_spectral_radius,new_cel_removed_chunk_18,94,cosine_similarity,-0.6422551870346069,96
sign_test_og_cel1.0__norm_spectral_radius,new_cel_removed_chunk_18,94,kl_to_gaussian,1.1739685309272065,96
sign_test_og_cel1.0__norm_spectral_radius,new_cel_removed_chunk_18,94,wt_mean,-0.0014324380026664249,96
sign_test_og_cel1.0__norm_spectral_radius,new_cel_removed_chunk_19,95,GR,5.393694854031007,96
sign_test_og_cel1.0__norm_spectral_radius,new_cel_removed_chunk_19,95,IPC,7.320304247565293,96
sign_test_og_cel1.0__norm_spectral_radius,new_cel_removed_chunk_19,95,KR,3.2663898865381875,96
sign_test_og_cel1.0__norm_spectral_radius,new_cel_removed_chunk_19,95,MC,4.183293594668309,96
sign_test_og_cel1.0__norm_spectral_radius,new_cel_removed_chunk_19,95,cosine_similarity,-0.6422551870346069,96
sign_test_og_cel1.0__norm_spectral_radius,new_cel_removed_chunk_19,95,kl_to_gaussian,1.1739685309272065,96
sign_test_og_cel1.0__norm_spectral_radius,new_cel_removed_chunk_19,95,wt_mean,-0.0014324380026664249,96
sign_test_og_cel1.0__norm_spectral_radius,new_cel_removed_chunk_19,96,GR,5.317294254899025,96
sign_test_og_cel1.0__norm_spectral_radius,new_cel_removed_chunk_19,96,IPC,7.44944454810778,96
sign_test_og_cel1.0__norm_spectral_radius,new_cel_removed_chunk_19,96,KR,3.144675693164269,96
sign_test_og_cel1.0__norm_spectral_radius,new_cel_removed_chunk_19,96,MC,4.241696152836084,96
sign_test_og_cel1.0__norm_spectral_radius,new_cel_removed_chunk_19,96,cosine_similarity,-0.6422551870346069,96
sign_test_og_cel1.0__norm_spectral_radius,new_cel_removed_chunk_19,96,kl_to_gaussian,1.1739685309272065,96
sign_test_og_cel1.0__norm_spectral_radius,new_cel_removed_chunk_19,96,wt_mean,-0.0014324380026664249,96
sign_test_og_cel1.0__norm_spectral_radius,new_cel_removed_chunk_19,97,GR,5.5377293812731905,96
sign_test_og_cel1.0__norm_spectral_radius,new_cel_removed_chunk_19,97,IPC,7.939616722641806,96
sign_test_og_cel1.0__norm_spectral_radius,new_cel_removed_chunk_19,97,KR,3.4142915482322373,96
sign_test_og_cel1.0__norm_spectral_radius,new_cel_removed_chunk_19,97,MC,4.570871553073327,96
sign_test_og_cel1.0__norm_spectral_radius,new_cel_removed_chunk_19,97,cosine_similarity,-0.6422551870346069,96
sign_test_og_cel1.0__norm_spectral_radius,new_cel_removed_chunk_19,97,kl_to_gaussian,1.1739685309272065,96
sign_test_og_cel1.0__norm_spectral_radius,new_cel_removed_chunk_19,97,wt_mean,-0.0014324380026664249,96
sign_test_og_cel1.0__norm_spectral_radius,new_cel_removed_chunk_19,98,GR,5.248531188815832,96
sign_test_og_cel1.0__norm_spectral_radius,new_cel_removed_chunk_19,98,IPC,7.672563795666517,96
sign_test_og_cel1.0__norm_spectral_radius,new_cel_removed_chunk_19,98,KR,3.1979662564893565,96
sign_test_og_cel1.0__norm_spectral_radius,new_cel_removed_chunk_19,98,MC,4.443098105490208,96
sign_test_og_cel1.0__norm_spectral_radius,new_cel_removed_chunk_19,98,cosine_similarity,-0.6422551870346069,96
sign_test_og_cel1.0__norm_spectral_radius,new_cel_removed_chunk_19,98,kl_to_gaussian,1.1739685309272065,96
sign_test_og_cel1.0__norm_spectral_radius,new_cel_removed_chunk_19,98,wt_mean,-0.0014324380026664249,96
sign_test_og_cel1.0__norm_spectral_radius,new_cel_removed_chunk_19,99,GR,5.114371607700984,96
sign_test_og_cel1.0__norm_spectral_radius,new_cel_removed_chunk_19,99,IPC,7.780813037527511,96
sign_test_og_cel1.0__norm_spectral_radius,new_cel_removed_chunk_19,99,KR,3.2843387772639594,96
sign_test_og_cel1.0__norm_spectral_radius,new_cel_removed_chunk_19,99,MC,4.649346524228652,96
sign_test_og_cel1.0__norm_spectral_radius,new_cel_removed_chunk_19,99,cosine_similarity,-0.6422551870346069,96
sign_test_og_cel1.0__norm_spectral_radius,new_cel_removed_chunk_19,99,kl_to_gaussian,1.1739685309272065,96
sign_test_og_cel1.0__norm_spectral_radius,new_cel_removed_chunk_19,99,wt_mean,-0.0014324380026664249,96
sign_test_og_cel1.0__norm_spectral_radius,new_cel_removed_chunk_2,10,GR,5.983530135204394,96
sign_test_og_cel1.0__norm_spectral_radius,new_cel_removed_chunk_2,10,IPC,7.743441489785252,96
sign_test_og_cel1.0__norm_spectral_radius,new_cel_removed_chunk_2,10,KR,3.629906043410301,96
sign_test_og_cel1.0__norm_spectral_radius,new_cel_removed_chunk_2,10,MC,4.608150042593479,96
sign_test_og_cel1.0__norm_spectral_radius,new_cel_removed_chunk_2,10,cosine_similarity,-0.6422551870346069,96
sign_test_og_cel1.0__norm_spectral_radius,new_cel_removed_chunk_2,10,kl_to_gaussian,1.1739685309272065,96
sign_test_og_cel1.0__norm_spectral_radius,new_cel_removed_chunk_2,10,wt_mean,-0.0014324380026664249,96
sign_test_og_cel1.0__norm_spectral_radius,new_cel_removed_chunk_2,11,GR,5.131672619531552,96
sign_test_og_cel1.0__norm_spectral_radius,new_cel_removed_chunk_2,11,IPC,8.22809490878901,96
sign_test_og_cel1.0__norm_spectral_radius,new_cel_removed_chunk_2,11,KR,3.243232966711124,96
sign_test_og_cel1.0__norm_spectral_radius,new_cel_removed_chunk_2,11,MC,4.7278800296286745,96
sign_test_og_cel1.0__norm_spectral_radius,new_cel_removed_chunk_2,11,cosine_similarity,-0.6422551870346069,96
sign_test_og_cel1.0__norm_spectral_radius,new_cel_removed_chunk_2,11,kl_to_gaussian,1.1739685309272065,96
sign_test_og_cel1.0__norm_spectral_radius,new_cel_removed_chunk_2,11,wt_mean,-0.0014324380026664249,96
sign_test_og_cel1.0__norm_spectral_radius,new_cel_removed_chunk_2,12,GR,5.872412204742432,96
sign_test_og_cel1.0__norm_spectral_radius,new_cel_removed_chunk_2,12,IPC,8.001116488785515,96
sign_test_og_cel1.0__norm_spectral_radius,new_cel_removed_chunk_2,12,KR,3.4897926449775696,96
sign_test_og_cel1.0__norm_spectral_radius,new_cel_removed_chunk_2,12,MC,4.380021646618843,96
sign_test_og_cel1.0__norm_spectral_radius,new_cel_removed_chunk_2,12,cosine_similarity,-0.6422551870346069,96
sign_test_og_cel1.0__norm_spectral_radius,new_cel_removed_chunk_2,12,kl_to_gaussian,1.1739685309272065,96
sign_test_og_cel1.0__norm_spectral_radius,new_cel_removed_chunk_2,12,wt_mean,-0.0014324380026664249,96
sign_test_og_cel1.0__norm_spectral_radius,new_cel_removed_chunk_2,13,GR,5.138952775547902,96
sign_test_og_cel1.0__norm_spectral_radius,new_cel_removed_chunk_2,13,IPC,8.20391887341591,96
sign_test_og_cel1.0__norm_spectral_radius,new_cel_removed_chunk_2,13,KR,3.1704526022076607,96
sign_test_og_cel1.0__norm_spectral_radius,new_cel_removed_chunk_2,13,MC,4.919974961628516,96
sign_test_og_cel1.0__norm_spectral_radius,new_cel_removed_chunk_2,13,cosine_similarity,-0.6422551870346069,96
sign_test_og_cel1.0__norm_spectral_radius,new_cel_removed_chunk_2,13,kl_to_gaussian,1.1739685309272065,96
sign_test_og_cel1.0__norm_spectral_radius,new_cel_removed_chunk_2,13,wt_mean,-0.0014324380026664249,96
sign_test_og_cel1.0__norm_spectral_radius,new_cel_removed_chunk_2,14,GR,4.519747893015544,96
sign_test_og_cel1.0__norm_spectral_radius,new_cel_removed_chunk_2,14,IPC,7.718753716102871,96
sign_test_og_cel1.0__norm_spectral_radius,new_cel_removed_chunk_2,14,KR,2.765111974130074,96
sign_test_og_cel1.0__norm_spectral_radius,new_cel_removed_chunk_2,14,MC,4.0607936431964236,96
sign_test_og_cel1.0__norm_spectral_radius,new_cel_removed_chunk_2,14,cosine_similarity,-0.6422551870346069,96
sign_test_og_cel1.0__norm_spectral_radius,new_cel_removed_chunk_2,14,kl_to_gaussian,1.1739685309272065,96
sign_test_og_cel1.0__norm_spectral_radius,new_cel_removed_chunk_2,14,wt_mean,-0.0014324380026664249,96
sign_test_og_cel1.0__norm_spectral_radius,new_cel_removed_chunk_3,15,GR,5.459694455067317,96
sign_test_og_cel1.0__norm_spectral_radius,new_cel_removed_chunk_3,15,IPC,8.00672754865498,96
sign_test_og_cel1.0__norm_spectral_radius,new_cel_removed_chunk_3,15,KR,3.361784572402636,96
sign_test_og_cel1.0__norm_spectral_radius,new_cel_removed_chunk_3,15,MC,4.583480812609196,96
sign_test_og_cel1.0__norm_spectral_radius,new_cel_removed_chunk_3,15,cosine_similarity,-0.6422551870346069,96
sign_test_og_cel1.0__norm_spectral_radius,new_cel_removed_chunk_3,15,kl_to_gaussian,1.1739685309272065,96
sign_test_og_cel1.0__norm_spectral_radius,new_cel_removed_chunk_3,15,wt_mean,-0.0014324380026664249,96
sign_test_og_cel1.0__norm_spectral_radius,new_cel_removed_chunk_3,16,GR,6.862478279819091,96
sign_test_og_cel1.0__norm_spectral_radius,new_cel_removed_chunk_3,16,IPC,7.88186387662815,96
sign_test_og_cel1.0__norm_spectral_radius,new_cel_removed_chunk_3,16,KR,4.025166045874357,96
sign_test_og_cel1.0__norm_spectral_radius,new_cel_removed_chunk_3,16,MC,4.742130632201831,96
sign_test_og_cel1.0__norm_spectral_radius,new_cel_removed_chunk_3,16,cosine_similarity,-0.6422551870346069,96
sign_test_og_cel1.0__norm_spectral_radius,new_cel_removed_chunk_3,16,kl_to_gaussian,1.1739685309272065,96
sign_test_og_cel1.0__norm_spectral_radius,new_cel_removed_chunk_3,16,wt_mean,-0.0014324380026664249,96
sign_test_og_cel1.0__norm_spectral_radius,new_cel_removed_chunk_3,17,GR,4.963258632769187,96
sign_test_og_cel1.0__norm_spectral_radius,new_cel_removed_chunk_3,17,IPC,7.862779489433577,96
sign_test_og_cel1.0__norm_spectral_radius,new_cel_removed_chunk_3,17,KR,3.1800867343942323,96
sign_test_og_cel1.0__norm_spectral_radius,new_cel_removed_chunk_3,17,MC,4.782828855017821,96
sign_test_og_cel1.0__norm_spectral_radius,new_cel_removed_chunk_3,17,cosine_similarity,-0.6422551870346069,96
sign_test_og_cel1.0__norm_spectral_radius,new_cel_removed_chunk_3,17,kl_to_gaussian,1.1739685309272065,96
sign_test_og_cel1.0__norm_spectral_radius,new_cel_removed_chunk_3,17,wt_mean,-0.0014324380026664249,96
sign_test_og_cel1.0__norm_spectral_radius,new_cel_removed_chunk_3,18,GR,6.678617124756177,96
sign_test_og_cel1.0__norm_spectral_radius,new_cel_removed_chunk_3,18,IPC,7.63622830163991,96
sign_test_og_cel1.0__norm_spectral_radius,new_cel_removed_chunk_3,18,KR,3.9520645464460054,96
sign_test_og_cel1.0__norm_spectral_radius,new_cel_removed_chunk_3,18,MC,4.244945161044598,96
sign_test_og_cel1.0__norm_spectral_radius,new_cel_removed_chunk_3,18,cosine_similarity,-0.6422551870346069,96
sign_test_og_cel1.0__norm_spectral_radius,new_cel_removed_chunk_3,18,kl_to_gaussian,1.1739685309272065,96
sign_test_og_cel1.0__norm_spectral_radius,new_cel_removed_chunk_3,18,wt_mean,-0.0014324380026664249,96
sign_test_og_cel1.0__norm_spectral_radius,new_cel_removed_chunk_3,19,GR,5.478560688594977,96
sign_test_og_cel1.0__norm_spectral_radius,new_cel_removed_chunk_3,19,IPC,8.026891497096166,96
sign_test_og_cel1.0__norm_spectral_radius,new_cel_removed_chunk_3,19,KR,3.3438415539761386,96
sign_test_og_cel1.0__norm_spectral_radius,new_cel_removed_chunk_3,19,MC,4.52018349741896,96
sign_test_og_cel1.0__norm_spectral_radius,new_cel_removed_chunk_3,19,cosine_similarity,-0.6422551870346069,96
sign_test_og_cel1.0__norm_spectral_radius,new_cel_removed_chunk_3,19,kl_to_gaussian,1.1739685309272065,96
sign_test_og_cel1.0__norm_spectral_radius,new_cel_removed_chunk_3,19,wt_mean,-0.0014324380026664249,96
sign_test_og_cel1.0__norm_spectral_radius,new_cel_removed_chunk_4,20,GR,6.301223559925954,96
sign_test_og_cel1.0__norm_spectral_radius,new_cel_removed_chunk_4,20,IPC,8.192847920386425,96
sign_test_og_cel1.0__norm_spectral_radius,new_cel_removed_chunk_4,20,KR,3.817558601498604,96
sign_test_og_cel1.0__norm_spectral_radius,new_cel_removed_chunk_4,20,MC,4.7545450540880365,96
sign_test_og_cel1.0__norm_spectral_radius,new_cel_removed_chunk_4,20,cosine_similarity,-0.6422551870346069,96
sign_test_og_cel1.0__norm_spectral_radius,new_cel_removed_chunk_4,20,kl_to_gaussian,1.1739685309272065,96
sign_test_og_cel1.0__norm_spectral_radius,new_cel_removed_chunk_4,20,wt_mean,-0.0014324380026664249,96
sign_test_og_cel1.0__norm_spectral_radius,new_cel_removed_chunk_4,21,GR,5.383649832258622,96
sign_test_og_cel1.0__norm_spectral_radius,new_cel_removed_chunk_4,21,IPC,8.056582257473432,96
sign_test_og_cel1.0__norm_spectral_radius,new_cel_removed_chunk_4,21,KR,3.301979007820288,96
sign_test_og_cel1.0__norm_spectral_radius,new_cel_removed_chunk_4,21,MC,4.526420719921589,96
sign_test_og_cel1.0__norm_spectral_radius,new_cel_removed_chunk_4,21,cosine_similarity,-0.6422551870346069,96
sign_test_og_cel1.0__norm_spectral_radius,new_cel_removed_chunk_4,21,kl_to_gaussian,1.1739685309272065,96
sign_test_og_cel1.0__norm_spectral_radius,new_cel_removed_chunk_4,21,wt_mean,-0.0014324380026664249,96
sign_test_og_cel1.0__norm_spectral_radius,new_cel_removed_chunk_4,22,GR,5.5685664763053255,96
sign_test_og_cel1.0__norm_spectral_radius,new_cel_removed_chunk_4,22,IPC,8.243474098984166,96
sign_test_og_cel1.0__norm_spectral_radius,new_cel_removed_chunk_4,22,KR,3.372225316862265,96
sign_test_og_cel1.0__norm_spectral_radius,new_cel_removed_chunk_4,22,MC,4.554440880815188,96
sign_test_og_cel1.0__norm_spectral_radius,new_cel_removed_chunk_4,22,cosine_similarity,-0.6422551870346069,96
sign_test_og_cel1.0__norm_spectral_radius,new_cel_removed_chunk_4,22,kl_to_gaussian,1.1739685309272065,96
sign_test_og_cel1.0__norm_spectral_radius,new_cel_removed_chunk_4,22,wt_mean,-0.0014324380026664249,96
sign_test_og_cel1.0__norm_spectral_radius,new_cel_removed_chunk_4,23,GR,5.8270507256189985,96
sign_test_og_cel1.0__norm_spectral_radius,new_cel_removed_chunk_4,23,IPC,8.726273150471764,96
sign_test_og_cel1.0__norm_spectral_radius,new_cel_removed_chunk_4,23,KR,3.6117853013177714,96
sign_test_og_cel1.0__norm_spectral_radius,new_cel_removed_chunk_4,23,MC,5.060486818353335,96
sign_test_og_cel1.0__norm_spectral_radius,new_cel_removed_chunk_4,23,cosine_similarity,-0.6422551870346069,96
sign_test_og_cel1.0__norm_spectral_radius,new_cel_removed_chunk_4,23,kl_to_gaussian,1.1739685309272065,96
sign_test_og_cel1.0__norm_spectral_radius,new_cel_removed_chunk_4,23,wt_mean,-0.0014324380026664249,96
sign_test_og_cel1.0__norm_spectral_radius,new_cel_removed_chunk_4,24,GR,4.814853596190612,96
sign_test_og_cel1.0__norm_spectral_radius,new_cel_removed_chunk_4,24,IPC,7.741216890407149,96
sign_test_og_cel1.0__norm_spectral_radius,new_cel_removed_chunk_4,24,KR,3.018258150666952,96
sign_test_og_cel1.0__norm_spectral_radius,new_cel_removed_chunk_4,24,MC,4.4279562557737036,96
sign_test_og_cel1.0__norm_spectral_radius,new_cel_removed_chunk_4,24,cosine_similarity,-0.6422551870346069,96
sign_test_og_cel1.0__norm_spectral_radius,new_cel_removed_chunk_4,24,kl_to_gaussian,1.1739685309272065,96
sign_test_og_cel1.0__norm_spectral_radius,new_cel_removed_chunk_4,24,wt_mean,-0.0014324380026664249,96
sign_test_og_cel1.0__norm_spectral_radius,new_cel_removed_chunk_5,25,GR,5.055590162674586,96
sign_test_og_cel1.0__norm_spectral_radius,new_cel_removed_chunk_5,25,IPC,8.321347283407398,96
sign_test_og_cel1.0__norm_spectral_radius,new_cel_removed_chunk_5,25,KR,3.143702012797197,96
sign_test_og_cel1.0__norm_spectral_radius,new_cel_removed_chunk_5,25,MC,4.60024577875932,96
sign_test_og_cel1.0__norm_spectral_radius,new_cel_removed_chunk_5,25,cosine_similarity,-0.6422551870346069,96
sign_test_og_cel1.0__norm_spectral_radius,new_cel_removed_chunk_5,25,kl_to_gaussian,1.1739685309272065,96
sign_test_og_cel1.0__norm_spectral_radius,new_cel_removed_chunk_5,25,wt_mean,-0.0014324380026664249,96
sign_test_og_cel1.0__norm_spectral_radius,new_cel_removed_chunk_5,26,GR,5.899863937248786,96
sign_test_og_cel1.0__norm_spectral_radius,new_cel_removed_chunk_5,26,IPC,8.239797324195624,96
sign_test_og_cel1.0__norm_spectral_radius,new_cel_removed_chunk_5,26,KR,3.6869045943021774,96
sign_test_og_cel1.0__norm_spectral_radius,new_cel_removed_chunk_5,26,MC,4.955519003172715,96
sign_test_og_cel1.0__norm_spectral_radius,new_cel_removed_chunk_5,26,cosine_similarity,-0.6422551870346069,96
sign_test_og_cel1.0__norm_spectral_radius,new_cel_removed_chunk_5,26,kl_to_gaussian,1.1739685309272065,96
sign_test_og_cel1.0__norm_spectral_radius,new_cel_removed_chunk_5,26,wt_mean,-0.0014324380026664249,96
sign_test_og_cel1.0__norm_spectral_radius,new_cel_removed_chunk_5,27,GR,6.676211645205815,96
sign_test_og_cel1.0__norm_spectral_radius,new_cel_removed_chunk_5,27,IPC,7.159445822694231,96
sign_test_og_cel1.0__norm_spectral_radius,new_cel_removed_chunk_5,27,KR,3.854704717795054,96
sign_test_og_cel1.0__norm_spectral_radius,new_cel_removed_chunk_5,27,MC,3.967544169475635,96
sign_test_og_cel1.0__norm_spectral_radius,new_cel_removed_chunk_5,27,cosine_similarity,-0.6422551870346069,96
sign_test_og_cel1.0__norm_spectral_radius,new_cel_removed_chunk_5,27,kl_to_gaussian,1.1739685309272065,96
sign_test_og_cel1.0__norm_spectral_radius,new_cel_removed_chunk_5,27,wt_mean,-0.0014324380026664249,96
sign_test_og_cel1.0__norm_spectral_radius,new_cel_removed_chunk_5,28,GR,6.382051600764195,96
sign_test_og_cel1.0__norm_spectral_radius,new_cel_removed_chunk_5,28,IPC,8.051169969373463,96
sign_test_og_cel1.0__norm_spectral_radius,new_cel_removed_chunk_5,28,KR,3.8712602158387504,96
sign_test_og_cel1.0__norm_spectral_radius,new_cel_removed_chunk_5,28,MC,4.657860609392325,96
sign_test_og_cel1.0__norm_spectral_radius,new_cel_removed_chunk_5,28,cosine_similarity,-0.6422551870346069,96
sign_test_og_cel1.0__norm_spectral_radius,new_cel_removed_chunk_5,28,kl_to_gaussian,1.1739685309272065,96
sign_test_og_cel1.0__norm_spectral_radius,new_cel_removed_chunk_5,28,wt_mean,-0.0014324380026664249,96
sign_test_og_cel1.0__norm_spectral_radius,new_cel_removed_chunk_5,29,GR,5.054965106149514,96
sign_test_og_cel1.0__norm_spectral_radius,new_cel_removed_chunk_5,29,IPC,8.54039413173634,96
sign_test_og_cel1.0__norm_spectral_radius,new_cel_removed_chunk_5,29,KR,3.0457997558017573,96
sign_test_og_cel1.0__norm_spectral_radius,new_cel_removed_chunk_5,29,MC,4.4033924378454685,96
sign_test_og_cel1.0__norm_spectral_radius,new_cel_removed_chunk_5,29,cosine_similarity,-0.6422551870346069,96
sign_test_og_cel1.0__norm_spectral_radius,new_cel_removed_chunk_5,29,kl_to_gaussian,1.1739685309272065,96
sign_test_og_cel1.0__norm_spectral_radius,new_cel_removed_chunk_5,29,wt_mean,-0.0014324380026664249,96
sign_test_og_cel1.0__norm_spectral_radius,new_cel_removed_chunk_6,30,GR,4.5193725774685545,96
sign_test_og_cel1.0__norm_spectral_radius,new_cel_removed_chunk_6,30,IPC,8.03901514832075,96
sign_test_og_cel1.0__norm_spectral_radius,new_cel_removed_chunk_6,30,KR,2.785817393412193,96
sign_test_og_cel1.0__norm_spectral_radius,new_cel_removed_chunk_6,30,MC,4.218909988800685,96
sign_test_og_cel1.0__norm_spectral_radius,new_cel_removed_chunk_6,30,cosine_similarity,-0.6422551870346069,96
sign_test_og_cel1.0__norm_spectral_radius,new_cel_removed_chunk_6,30,kl_to_gaussian,1.1739685309272065,96
sign_test_og_cel1.0__norm_spectral_radius,new_cel_removed_chunk_6,30,wt_mean,-0.0014324380026664249,96
sign_test_og_cel1.0__norm_spectral_radius,new_cel_removed_chunk_6,31,GR,5.827997383972009,96
sign_test_og_cel1.0__norm_spectral_radius,new_cel_removed_chunk_6,31,IPC,8.294829654391423,96
sign_test_og_cel1.0__norm_spectral_radius,new_cel_removed_chunk_6,31,KR,3.607921985288461,96
sign_test_og_cel1.0__norm_spectral_radius,new_cel_removed_chunk_6,31,MC,5.078854950765769,96
sign_test_og_cel1.0__norm_spectral_radius,new_cel_removed_chunk_6,31,cosine_similarity,-0.6422551870346069,96
sign_test_og_cel1.0__norm_spectral_radius,new_cel_removed_chunk_6,31,kl_to_gaussian,1.1739685309272065,96
sign_test_og_cel1.0__norm_spectral_radius,new_cel_removed_chunk_6,31,wt_mean,-0.0014324380026664249,96
sign_test_og_cel1.0__norm_spectral_radius,new_cel_removed_chunk_6,32,GR,5.833060101916392,96
sign_test_og_cel1.0__norm_spectral_radius,new_cel_removed_chunk_6,32,IPC,7.886322541969752,96
sign_test_og_cel1.0__norm_spectral_radius,new_cel_removed_chunk_6,32,KR,3.6842603646218777,96
sign_test_og_cel1.0__norm_spectral_radius,new_cel_removed_chunk_6,32,MC,4.781905807554722,96
sign_test_og_cel1.0__norm_spectral_radius,new_cel_removed_chunk_6,32,cosine_similarity,-0.6422551870346069,96
sign_test_og_cel1.0__norm_spectral_radius,new_cel_removed_chunk_6,32,kl_to_gaussian,1.1739685309272065,96
sign_test_og_cel1.0__norm_spectral_radius,new_cel_removed_chunk_6,32,wt_mean,-0.0014324380026664249,96
sign_test_og_cel1.0__norm_spectral_radius,new_cel_removed_chunk_6,33,GR,6.343412927041451,96
sign_test_og_cel1.0__norm_spectral_radius,new_cel_removed_chunk_6,33,IPC,8.400397390837506,96
sign_test_og_cel1.0__norm_spectral_radius,new_cel_removed_chunk_6,33,KR,3.9150973794360957,96
sign_test_og_cel1.0__norm_spectral_radius,new_cel_removed_chunk_6,33,MC,4.898264802992344,96
sign_test_og_cel1.0__norm_spectral_radius,new_cel_removed_chunk_6,33,cosine_similarity,-0.6422551870346069,96
sign_test_og_cel1.0__norm_spectral_radius,new_cel_removed_chunk_6,33,kl_to_gaussian,1.1739685309272065,96
sign_test_og_cel1.0__norm_spectral_radius,new_cel_removed_chunk_6,33,wt_mean,-0.0014324380026664249,96
sign_test_og_cel1.0__norm_spectral_radius,new_cel_removed_chunk_6,34,GR,5.020677446077268,96
sign_test_og_cel1.0__norm_spectral_radius,new_cel_removed_chunk_6,34,IPC,8.04666697294387,96
sign_test_og_cel1.0__norm_spectral_radius,new_cel_removed_chunk_6,34,KR,3.0879152504106364,96
sign_test_og_cel1.0__norm_spectral_radius,new_cel_removed_chunk_6,34,MC,4.361564088612795,96
sign_test_og_cel1.0__norm_spectral_radius,new_cel_removed_chunk_6,34,cosine_similarity,-0.6422551870346069,96
sign_test_og_cel1.0__norm_spectral_radius,new_cel_removed_chunk_6,34,kl_to_gaussian,1.1739685309272065,96
sign_test_og_cel1.0__norm_spectral_radius,new_cel_removed_chunk_6,34,wt_mean,-0.0014324380026664249,96
sign_test_og_cel1.0__norm_spectral_radius,new_cel_removed_chunk_7,35,GR,6.07090297092994,96
sign_test_og_cel1.0__norm_spectral_radius,new_cel_removed_chunk_7,35,IPC,7.608994541730396,96
sign_test_og_cel1.0__norm_spectral_radius,new_cel_removed_chunk_7,35,KR,3.6999658420681953,96
sign_test_og_cel1.0__norm_spectral_radius,new_cel_removed_chunk_7,35,MC,4.628600475688775,96
sign_test_og_cel1.0__norm_spectral_radius,new_cel_removed_chunk_7,35,cosine_similarity,-0.6422551870346069,96
sign_test_og_cel1.0__norm_spectral_radius,new_cel_removed_chunk_7,35,kl_to_gaussian,1.1739685309272065,96
sign_test_og_cel1.0__norm_spectral_radius,new_cel_removed_chunk_7,35,wt_mean,-0.0014324380026664249,96
sign_test_og_cel1.0__norm_spectral_radius,new_cel_removed_chunk_7,36,GR,5.4403845729927225,96
sign_test_og_cel1.0__norm_spectral_radius,new_cel_removed_chunk_7,36,IPC,7.718712201414921,96
sign_test_og_cel1.0__norm_spectral_radius,new_cel_removed_chunk_7,36,KR,3.3667031650741897,96
sign_test_og_cel1.0__norm_spectral_radius,new_cel_removed_chunk_7,36,MC,4.577047939101855,96
sign_test_og_cel1.0__norm_spectral_radius,new_cel_removed_chunk_7,36,cosine_similarity,-0.6422551870346069,96
sign_test_og_cel1.0__norm_spectral_radius,new_cel_removed_chunk_7,36,kl_to_gaussian,1.1739685309272065,96
sign_test_og_cel1.0__norm_spectral_radius,new_cel_removed_chunk_7,36,wt_mean,-0.0014324380026664249,96
sign_test_og_cel1.0__norm_spectral_radius,new_cel_removed_chunk_7,37,GR,4.935781480123599,96
sign_test_og_cel1.0__norm_spectral_radius,new_cel_removed_chunk_7,37,IPC,8.597241867419106,96
sign_test_og_cel1.0__norm_spectral_radius,new_cel_removed_chunk_7,37,KR,3.0395854798456035,96
sign_test_og_cel1.0__norm_spectral_radius,new_cel_removed_chunk_7,37,MC,4.434007885555427,96
sign_test_og_cel1.0__norm_spectral_radius,new_cel_removed_chunk_7,37,cosine_similarity,-0.6422551870346069,96
sign_test_og_cel1.0__norm_spectral_radius,new_cel_removed_chunk_7,37,kl_to_gaussian,1.1739685309272065,96
sign_test_og_cel1.0__norm_spectral_radius,new_cel_removed_chunk_7,37,wt_mean,-0.0014324380026664249,96
sign_test_og_cel1.0__norm_spectral_radius,new_cel_removed_chunk_7,38,GR,4.950596393396457,96
sign_test_og_cel1.0__norm_spectral_radius,new_cel_removed_chunk_7,38,IPC,7.9028434520957935,96
sign_test_og_cel1.0__norm_spectral_radius,new_cel_removed_chunk_7,38,KR,3.159943060328563,96
sign_test_og_cel1.0__norm_spectral_radius,new_cel_removed_chunk_7,38,MC,4.70746956889828,96
sign_test_og_cel1.0__norm_spectral_radius,new_cel_removed_chunk_7,38,cosine_similarity,-0.6422551870346069,96
sign_test_og_cel1.0__norm_spectral_radius,new_cel_removed_chunk_7,38,kl_to_gaussian,1.1739685309272065,96
sign_test_og_cel1.0__norm_spectral_radius,new_cel_removed_chunk_7,38,wt_mean,-0.0014324380026664249,96
sign_test_og_cel1.0__norm_spectral_radius,new_cel_removed_chunk_7,39,GR,5.9545282162725925,96
sign_test_og_cel1.0__norm_spectral_radius,new_cel_removed_chunk_7,39,IPC,7.925381438279867,96
sign_test_og_cel1.0__norm_spectral_radius,new_cel_removed_chunk_7,39,KR,3.643121760338545,96
sign_test_og_cel1.0__norm_spectral_radius,new_cel_removed_chunk_7,39,MC,4.7909751410285635,96
sign_test_og_cel1.0__norm_spectral_radius,new_cel_removed_chunk_7,39,cosine_similarity,-0.6422551870346069,96
sign_test_og_cel1.0__norm_spectral_radius,new_cel_removed_chunk_7,39,kl_to_gaussian,1.1739685309272065,96
sign_test_og_cel1.0__norm_spectral_radius,new_cel_removed_chunk_7,39,wt_mean,-0.0014324380026664249,96
sign_test_og_cel1.0__norm_spectral_radius,new_cel_removed_chunk_8,40,GR,6.191220869620641,96
sign_test_og_cel1.0__norm_spectral_radius,new_cel_removed_chunk_8,40,IPC,7.040340402194086,96
sign_test_og_cel1.0__norm_spectral_radius,new_cel_removed_chunk_8,40,KR,3.732819745937983,96
sign_test_og_cel1.0__norm_spectral_radius,new_cel_removed_chunk_8,40,MC,3.994863939781984,96
sign_test_og_cel1.0__norm_spectral_radius,new_cel_removed_chunk_8,40,cosine_similarity,-0.6422551870346069,96
sign_test_og_cel1.0__norm_spectral_radius,new_cel_removed_chunk_8,40,kl_to_gaussian,1.1739685309272065,96
sign_test_og_cel1.0__norm_spectral_radius,new_cel_removed_chunk_8,40,wt_mean,-0.0014324380026664249,96
sign_test_og_cel1.0__norm_spectral_radius,new_cel_removed_chunk_8,41,GR,6.230746114005645,96
sign_test_og_cel1.0__norm_spectral_radius,new_cel_removed_chunk_8,41,IPC,8.549263762244145,96
sign_test_og_cel1.0__norm_spectral_radius,new_cel_removed_chunk_8,41,KR,3.7483730328579745,96
sign_test_og_cel1.0__norm_spectral_radius,new_cel_removed_chunk_8,41,MC,4.901771480838458,96
sign_test_og_cel1.0__norm_spectral_radius,new_cel_removed_chunk_8,41,cosine_similarity,-0.6422551870346069,96
sign_test_og_cel1.0__norm_spectral_radius,new_cel_removed_chunk_8,41,kl_to_gaussian,1.1739685309272065,96
sign_test_og_cel1.0__norm_spectral_radius,new_cel_removed_chunk_8,41,wt_mean,-0.0014324380026664249,96
sign_test_og_cel1.0__norm_spectral_radius,new_cel_removed_chunk_8,42,GR,5.825899404784043,96
sign_test_og_cel1.0__norm_spectral_radius,new_cel_removed_chunk_8,42,IPC,8.437134607495514,96
sign_test_og_cel1.0__norm_spectral_radius,new_cel_removed_chunk_8,42,KR,3.638224379469951,96
sign_test_og_cel1.0__norm_spectral_radius,new_cel_removed_chunk_8,42,MC,4.980304715534051,96
sign_test_og_cel1.0__norm_spectral_radius,new_cel_removed_chunk_8,42,cosine_similarity,-0.6422551870346069,96
sign_test_og_cel1.0__norm_spectral_radius,new_cel_removed_chunk_8,42,kl_to_gaussian,1.1739685309272065,96
sign_test_og_cel1.0__norm_spectral_radius,new_cel_removed_chunk_8,42,wt_mean,-0.0014324380026664249,96
sign_test_og_cel1.0__norm_spectral_radius,new_cel_removed_chunk_8,43,GR,6.075722478330135,96
sign_test_og_cel1.0__norm_spectral_radius,new_cel_removed_chunk_8,43,IPC,7.863987937830449,96
sign_test_og_cel1.0__norm_spectral_radius,new_cel_removed_chunk_8,43,KR,3.601814301063617,96
sign_test_og_cel1.0__norm_spectral_radius,new_cel_removed_chunk_8,43,MC,4.470491987963517,96
sign_test_og_cel1.0__norm_spectral_radius,new_cel_removed_chunk_8,43,cosine_similarity,-0.6422551870346069,96
sign_test_og_cel1.0__norm_spectral_radius,new_cel_removed_chunk_8,43,kl_to_gaussian,1.1739685309272065,96
sign_test_og_cel1.0__norm_spectral_radius,new_cel_removed_chunk_8,43,wt_mean,-0.0014324380026664249,96
sign_test_og_cel1.0__norm_spectral_radius,new_cel_removed_chunk_8,44,GR,5.5319515106578665,96
sign_test_og_cel1.0__norm_spectral_radius,new_cel_removed_chunk_8,44,IPC,7.763726947135718,96
sign_test_og_cel1.0__norm_spectral_radius,new_cel_removed_chunk_8,44,KR,3.406381400922934,96
sign_test_og_cel1.0__norm_spectral_radius,new_cel_removed_chunk_8,44,MC,4.323184214532375,96
sign_test_og_cel1.0__norm_spectral_radius,new_cel_removed_chunk_8,44,cosine_similarity,-0.6422551870346069,96
sign_test_og_cel1.0__norm_spectral_radius,new_cel_removed_chunk_8,44,kl_to_gaussian,1.1739685309272065,96
sign_test_og_cel1.0__norm_spectral_radius,new_cel_removed_chunk_8,44,wt_mean,-0.0014324380026664249,96
sign_test_og_cel1.0__norm_spectral_radius,new_cel_removed_chunk_9,45,GR,5.821425012002389,96
sign_test_og_cel1.0__norm_spectral_radius,new_cel_removed_chunk_9,45,IPC,7.847980592923666,96
sign_test_og_cel1.0__norm_spectral_radius,new_cel_removed_chunk_9,45,KR,3.560517473767201,96
sign_test_og_cel1.0__norm_spectral_radius,new_cel_removed_chunk_9,45,MC,4.595306461056073,96
sign_test_og_cel1.0__norm_spectral_radius,new_cel_removed_chunk_9,45,cosine_similarity,-0.6422551870346069,96
sign_test_og_cel1.0__norm_spectral_radius,new_cel_removed_chunk_9,45,kl_to_gaussian,1.1739685309272065,96
sign_test_og_cel1.0__norm_spectral_radius,new_cel_removed_chunk_9,45,wt_mean,-0.0014324380026664249,96
sign_test_og_cel1.0__norm_spectral_radius,new_cel_removed_chunk_9,46,GR,5.081575396160285,96
sign_test_og_cel1.0__norm_spectral_radius,new_cel_removed_chunk_9,46,IPC,7.872226815850542,96
sign_test_og_cel1.0__norm_spectral_radius,new_cel_removed_chunk_9,46,KR,3.094694292793671,96
sign_test_og_cel1.0__norm_spectral_radius,new_cel_removed_chunk_9,46,MC,4.615099323292573,96
sign_test_og_cel1.0__norm_spectral_radius,new_cel_removed_chunk_9,46,cosine_similarity,-0.6422551870346069,96
sign_test_og_cel1.0__norm_spectral_radius,new_cel_removed_chunk_9,46,kl_to_gaussian,1.1739685309272065,96
sign_test_og_cel1.0__norm_spectral_radius,new_cel_removed_chunk_9,46,wt_mean,-0.0014324380026664249,96
sign_test_og_cel1.0__norm_spectral_radius,new_cel_removed_chunk_9,47,GR,5.90020967523257,96
sign_test_og_cel1.0__norm_spectral_radius,new_cel_removed_chunk_9,47,IPC,7.569788503890408,96
sign_test_og_cel1.0__norm_spectral_radius,new_cel_removed_chunk_9,47,KR,3.6740810312330723,96
sign_test_og_cel1.0__norm_spectral_radius,new_cel_removed_chunk_9,47,MC,4.558732150743405,96
sign_test_og_cel1.0__norm_spectral_radius,new_cel_removed_chunk_9,47,cosine_similarity,-0.6422551870346069,96
sign_test_og_cel1.0__norm_spectral_radius,new_cel_removed_chunk_9,47,kl_to_gaussian,1.1739685309272065,96
sign_test_og_cel1.0__norm_spectral_radius,new_cel_removed_chunk_9,47,wt_mean,-0.0014324380026664249,96
sign_test_og_cel1.0__norm_spectral_radius,new_cel_removed_chunk_9,48,GR,5.3580150455236435,96
sign_test_og_cel1.0__norm_spectral_radius,new_cel_removed_chunk_9,48,IPC,8.701747611475625,96
sign_test_og_cel1.0__norm_spectral_radius,new_cel_removed_chunk_9,48,KR,3.3412118988732495,96
sign_test_og_cel1.0__norm_spectral_radius,new_cel_removed_chunk_9,48,MC,4.909054425855477,96
sign_test_og_cel1.0__norm_spectral_radius,new_cel_removed_chunk_9,48,cosine_similarity,-0.6422551870346069,96
sign_test_og_cel1.0__norm_spectral_radius,new_cel_removed_chunk_9,48,kl_to_gaussian,1.1739685309272065,96
sign_test_og_cel1.0__norm_spectral_radius,new_cel_removed_chunk_9,48,wt_mean,-0.0014324380026664249,96
sign_test_og_cel1.0__norm_spectral_radius,new_cel_removed_chunk_9,49,GR,5.958130492518346,96
sign_test_og_cel1.0__norm_spectral_radius,new_cel_removed_chunk_9,49,IPC,8.017374075388197,96
sign_test_og_cel1.0__norm_spectral_radius,new_cel_removed_chunk_9,49,KR,3.7105358727276325,96
sign_test_og_cel1.0__norm_spectral_radius,new_cel_removed_chunk_9,49,MC,4.647600185126066,96
sign_test_og_cel1.0__norm_spectral_radius,new_cel_removed_chunk_9,49,cosine_similarity,-0.6422551870346069,96
sign_test_og_cel1.0__norm_spectral_radius,new_cel_removed_chunk_9,49,kl_to_gaussian,1.1739685309272065,96
sign_test_og_cel1.0__norm_spectral_radius,new_cel_removed_chunk_9,49,wt_mean,-0.0014324380026664249,96
