mode,src,group_id,metric,mean,n_hparams
binary+conshuffle+wshuffle,chunk_0,0,GR,9.167375879983107,96
binary+conshuffle+wshuffle,chunk_0,0,IPC,8.901071746030608,96
binary+conshuffle+wshuffle,chunk_0,0,KR,4.817526203890641,96
binary+conshuffle+wshuffle,chunk_0,0,MC,4.944969962040584,96
binary+conshuffle+wshuffle,chunk_0,0,cosine_similarity,0.032463937997817924,96
binary+conshuffle+wshuffle,chunk_0,0,kl_to_gaussian,0.0,96
binary+conshuffle+wshuffle,chunk_0,0,wt_mean,0.0021960878220852,96
binary+conshuffle+wshuffle,chunk_0,1,GR,8.164975450684627,96
binary+conshuffle+wshuffle,chunk_0,1,IPC,9.256280334173104,96
binary+conshuffle+wshuffle,chunk_0,1,KR,4.421627095590035,96
binary+conshuffle+wshuffle,chunk_0,1,MC,5.059135018537442,96
binary+conshuffle+wshuffle,chunk_0,1,cosine_similarity,0.0283018858171999,96
binary+conshuffle+wshuffle,chunk_0,1,kl_to_gaussian,0.0,96
binary+conshuffle+wshuffle,chunk_0,1,wt_mean,0.00219443711102935,96
binary+conshuffle+wshuffle,chunk_0,2,GR,9.050743497908115,96
binary+conshuffle+wshuffle,chunk_0,2,IPC,8.750620238917657,96
binary+conshuffle+wshuffle,chunk_0,2,KR,4.777205118288596,96
binary+conshuffle+wshuffle,chunk_0,2,MC,5.037495927264293,96
binary+conshuffle+wshuffle,chunk_0,2,cosine_similarity,0.02497225301340218,96
binary+conshuffle+wshuffle,chunk_0,2,kl_to_gaussian,0.0,96
binary+conshuffle+wshuffle,chunk_0,2,wt_mean,0.00221897152368905,96
binary+conshuffle+wshuffle,chunk_0,3,GR,8.451781963308653,96
binary+conshuffle+wshuffle,chunk_0,3,IPC,9.251810611106444,96
binary+conshuffle+wshuffle,chunk_0,3,KR,4.426374337325494,96
binary+conshuffle+wshuffle,chunk_0,3,MC,5.188556204239528,96
binary+conshuffle+wshuffle,chunk_0,3,cosine_similarity,0.033018872141838,96
binary+conshuffle+wshuffle,chunk_0,3,kl_to_gaussian,0.0,96
binary+conshuffle+wshuffle,chunk_0,3,wt_mean,0.0022854829730930997,96
binary+conshuffle+wshuffle,chunk_0,4,GR,8.217069384952387,96
binary+conshuffle+wshuffle,chunk_0,4,IPC,8.682885245986329,96
binary+conshuffle+wshuffle,chunk_0,4,KR,4.325360274563233,96
binary+conshuffle+wshuffle,chunk_0,4,MC,4.739045202732086,96
binary+conshuffle+wshuffle,chunk_0,4,cosine_similarity,0.033851277083158424,96
binary+conshuffle+wshuffle,chunk_0,4,kl_to_gaussian,0.0,96
binary+conshuffle+wshuffle,chunk_0,4,wt_mean,0.0021684519597328753,96
binary+conshuffle+wshuffle,chunk_0,5,GR,8.752744803826014,96
binary+conshuffle+wshuffle,chunk_0,5,IPC,9.5793534528484,96
binary+conshuffle+wshuffle,chunk_0,5,KR,4.799606225142877,96
binary+conshuffle+wshuffle,chunk_0,5,MC,5.573170316716035,96
binary+conshuffle+wshuffle,chunk_0,5,cosine_similarity,0.026637065224349447,96
binary+conshuffle+wshuffle,chunk_0,5,kl_to_gaussian,0.0,96
binary+conshuffle+wshuffle,chunk_0,5,wt_mean,0.00236074137501415,96
binary+conshuffle+wshuffle,chunk_0,6,GR,7.485814404984315,96
binary+conshuffle+wshuffle,chunk_0,6,IPC,9.020635315910328,96
binary+conshuffle+wshuffle,chunk_0,6,KR,4.127701790382464,96
binary+conshuffle+wshuffle,chunk_0,6,MC,4.95152648165822,96
binary+conshuffle+wshuffle,chunk_0,6,cosine_similarity,0.02885682368651025,96
binary+conshuffle+wshuffle,chunk_0,6,kl_to_gaussian,0.0,96
binary+conshuffle+wshuffle,chunk_0,6,wt_mean,0.0022306599712464503,96
binary+conshuffle+wshuffle,chunk_0,7,GR,9.607034139335155,96
binary+conshuffle+wshuffle,chunk_0,7,IPC,9.295671218364584,96
binary+conshuffle+wshuffle,chunk_0,7,KR,4.886536370962858,96
binary+conshuffle+wshuffle,chunk_0,7,MC,5.011327262967825,96
binary+conshuffle+wshuffle,chunk_0,7,cosine_similarity,0.027469468768685973,96
binary+conshuffle+wshuffle,chunk_0,7,kl_to_gaussian,0.0,96
binary+conshuffle+wshuffle,chunk_0,7,wt_mean,0.00229659245815125,96
binary+conshuffle+wshuffle,chunk_0,8,GR,8.632528929660717,96
binary+conshuffle+wshuffle,chunk_0,8,IPC,8.449261005814597,96
binary+conshuffle+wshuffle,chunk_0,8,KR,4.57263986642162,96
binary+conshuffle+wshuffle,chunk_0,8,MC,4.714439382155736,96
binary+conshuffle+wshuffle,chunk_0,8,cosine_similarity,0.028856819961219953,96
binary+conshuffle+wshuffle,chunk_0,8,kl_to_gaussian,0.0,96
binary+conshuffle+wshuffle,chunk_0,8,wt_mean,0.0022642303083557,96
binary+conshuffle+wshuffle,chunk_0,9,GR,7.943331697334846,96
binary+conshuffle+wshuffle,chunk_0,9,IPC,8.879269471038155,96
binary+conshuffle+wshuffle,chunk_0,9,KR,4.230184269448121,96
binary+conshuffle+wshuffle,chunk_0,9,MC,4.763785503804684,96
binary+conshuffle+wshuffle,chunk_0,9,cosine_similarity,0.0235849022865295,96
binary+conshuffle+wshuffle,chunk_0,9,kl_to_gaussian,0.0,96
binary+conshuffle+wshuffle,chunk_0,9,wt_mean,0.0022406032949220003,96
binary+conshuffle+wshuffle,chunk_1,10,GR,8.557635898391405,96
binary+conshuffle+wshuffle,chunk_1,10,IPC,9.127240922813046,96
binary+conshuffle+wshuffle,chunk_1,10,KR,4.595341422905524,96
binary+conshuffle+wshuffle,chunk_1,10,MC,5.0560885816812515,96
binary+conshuffle+wshuffle,chunk_1,10,cosine_similarity,0.030244167894124926,96
binary+conshuffle+wshuffle,chunk_1,10,kl_to_gaussian,0.0,96
binary+conshuffle+wshuffle,chunk_1,10,wt_mean,0.0023273412662092254,96
binary+conshuffle+wshuffle,chunk_1,11,GR,7.024631537497044,96
binary+conshuffle+wshuffle,chunk_1,11,IPC,9.353902593892277,96
binary+conshuffle+wshuffle,chunk_1,11,KR,3.960134092718363,96
binary+conshuffle+wshuffle,chunk_1,11,MC,5.147192599872748,96
binary+conshuffle+wshuffle,chunk_1,11,cosine_similarity,0.023862380534410397,96
binary+conshuffle+wshuffle,chunk_1,11,kl_to_gaussian,0.0,96
binary+conshuffle+wshuffle,chunk_1,11,wt_mean,0.0021403038699645,96
binary+conshuffle+wshuffle,chunk_1,12,GR,9.517899788916111,96
binary+conshuffle+wshuffle,chunk_1,12,IPC,8.942423846941232,96
binary+conshuffle+wshuffle,chunk_1,12,KR,4.969169915964206,96
binary+conshuffle+wshuffle,chunk_1,12,MC,4.807188923160235,96
binary+conshuffle+wshuffle,chunk_1,12,cosine_similarity,0.031076585873961424,96
binary+conshuffle+wshuffle,chunk_1,12,kl_to_gaussian,0.0,96
binary+conshuffle+wshuffle,chunk_1,12,wt_mean,0.0022112200094852002,96
binary+conshuffle+wshuffle,chunk_1,13,GR,8.565207889924446,96
binary+conshuffle+wshuffle,chunk_1,13,IPC,8.500710494338987,96
binary+conshuffle+wshuffle,chunk_1,13,KR,4.648733296742042,96
binary+conshuffle+wshuffle,chunk_1,13,MC,4.892655981083711,96
binary+conshuffle+wshuffle,chunk_1,13,cosine_similarity,0.026637075003236477,96
binary+conshuffle+wshuffle,chunk_1,13,kl_to_gaussian,0.0,96
binary+conshuffle+wshuffle,chunk_1,13,wt_mean,0.0021619540348183,96
binary+conshuffle+wshuffle,chunk_1,14,GR,7.394295483827591,96
binary+conshuffle+wshuffle,chunk_1,14,IPC,8.791588625004737,96
binary+conshuffle+wshuffle,chunk_1,14,KR,4.114235335340102,96
binary+conshuffle+wshuffle,chunk_1,14,MC,4.871411843846242,96
binary+conshuffle+wshuffle,chunk_1,14,cosine_similarity,0.027192015200853303,96
binary+conshuffle+wshuffle,chunk_1,14,kl_to_gaussian,0.0,96
binary+conshuffle+wshuffle,chunk_1,14,wt_mean,0.002181528514483875,96
binary+conshuffle+wshuffle,chunk_1,15,GR,8.79274234175682,96
binary+conshuffle+wshuffle,chunk_1,15,IPC,9.009852166504865,96
binary+conshuffle+wshuffle,chunk_1,15,KR,4.636455005655686,96
binary+conshuffle+wshuffle,chunk_1,15,MC,4.948492740591367,96
binary+conshuffle+wshuffle,chunk_1,15,cosine_similarity,0.03274139575660225,96
binary+conshuffle+wshuffle,chunk_1,15,kl_to_gaussian,0.0,96
binary+conshuffle+wshuffle,chunk_1,15,wt_mean,0.002361195074627125,96
binary+conshuffle+wshuffle,chunk_1,16,GR,9.668362220128378,96
binary+conshuffle+wshuffle,chunk_1,16,IPC,8.736236364158424,96
binary+conshuffle+wshuffle,chunk_1,16,KR,5.111076705157757,96
binary+conshuffle+wshuffle,chunk_1,16,MC,4.972641460597515,96
binary+conshuffle+wshuffle,chunk_1,16,cosine_similarity,0.0299667040817439,96
binary+conshuffle+wshuffle,chunk_1,16,kl_to_gaussian,0.0,96
binary+conshuffle+wshuffle,chunk_1,16,wt_mean,0.002178537455620175,96
binary+conshuffle+wshuffle,chunk_1,17,GR,8.077706952889761,96
binary+conshuffle+wshuffle,chunk_1,17,IPC,8.929739536285577,96
binary+conshuffle+wshuffle,chunk_1,17,KR,4.310243579248588,96
binary+conshuffle+wshuffle,chunk_1,17,MC,4.731125898659229,96
binary+conshuffle+wshuffle,chunk_1,17,cosine_similarity,0.024694784544408297,96
binary+conshuffle+wshuffle,chunk_1,17,kl_to_gaussian,0.0,96
binary+conshuffle+wshuffle,chunk_1,17,wt_mean,0.00226927627227265,96
binary+conshuffle+wshuffle,chunk_1,18,GR,10.414233282208443,96
binary+conshuffle+wshuffle,chunk_1,18,IPC,9.112650678055305,96
binary+conshuffle+wshuffle,chunk_1,18,KR,5.511561227341493,96
binary+conshuffle+wshuffle,chunk_1,18,MC,5.0309147362907725,96
binary+conshuffle+wshuffle,chunk_1,18,cosine_similarity,0.03246393334120507,96
binary+conshuffle+wshuffle,chunk_1,18,kl_to_gaussian,0.0,96
binary+conshuffle+wshuffle,chunk_1,18,wt_mean,0.0022454363643191247,96
binary+conshuffle+wshuffle,chunk_1,19,GR,8.835465694467226,96
binary+conshuffle+wshuffle,chunk_1,19,IPC,9.329990228150885,96
binary+conshuffle+wshuffle,chunk_1,19,KR,4.741636715829372,96
binary+conshuffle+wshuffle,chunk_1,19,MC,5.077069379389286,96
binary+conshuffle+wshuffle,chunk_1,19,cosine_similarity,0.026082134805619623,96
binary+conshuffle+wshuffle,chunk_1,19,kl_to_gaussian,0.0,96
binary+conshuffle+wshuffle,chunk_1,19,wt_mean,0.0023222878808155253,96
binary+conshuffle+wshuffle,chunk_10,100,GR,9.62575533737739,96
binary+conshuffle+wshuffle,chunk_10,100,IPC,7.985113066764906,96
binary+conshuffle+wshuffle,chunk_10,100,KR,5.109047658741474,96
binary+conshuffle+wshuffle,chunk_10,100,MC,4.574896223843098,96
binary+conshuffle+wshuffle,chunk_10,100,cosine_similarity,0.01886792713776225,96
binary+conshuffle+wshuffle,chunk_10,100,kl_to_gaussian,0.0,96
binary+conshuffle+wshuffle,chunk_10,100,wt_mean,0.002333445765543675,96
binary+conshuffle+wshuffle,chunk_10,101,GR,8.815968669950962,96
binary+conshuffle+wshuffle,chunk_10,101,IPC,7.85831137296642,96
binary+conshuffle+wshuffle,chunk_10,101,KR,4.873459519197543,96
binary+conshuffle+wshuffle,chunk_10,101,MC,4.793838673581679,96
binary+conshuffle+wshuffle,chunk_10,101,cosine_similarity,0.0205327454023063,96
binary+conshuffle+wshuffle,chunk_10,101,kl_to_gaussian,0.0,96
binary+conshuffle+wshuffle,chunk_10,101,wt_mean,0.002224299416411625,96
binary+conshuffle+wshuffle,chunk_10,102,GR,9.564254127442837,96
binary+conshuffle+wshuffle,chunk_10,102,IPC,7.666178464448773,96
binary+conshuffle+wshuffle,chunk_10,102,KR,5.195674565931161,96
binary+conshuffle+wshuffle,chunk_10,102,MC,4.453399859368801,96
binary+conshuffle+wshuffle,chunk_10,102,cosine_similarity,0.027469475287944023,96
binary+conshuffle+wshuffle,chunk_10,102,kl_to_gaussian,0.0,96
binary+conshuffle+wshuffle,chunk_10,102,wt_mean,0.0022855976421851253,96
binary+conshuffle+wshuffle,chunk_10,103,GR,8.792179842789968,96
binary+conshuffle+wshuffle,chunk_10,103,IPC,8.223873613723905,96
binary+conshuffle+wshuffle,chunk_10,103,KR,4.886285486320655,96
binary+conshuffle+wshuffle,chunk_10,103,MC,4.88263700529933,96
binary+conshuffle+wshuffle,chunk_10,103,cosine_similarity,0.0260821296833455,96
binary+conshuffle+wshuffle,chunk_10,103,kl_to_gaussian,0.0,96
binary+conshuffle+wshuffle,chunk_10,103,wt_mean,0.0022686658194288,96
binary+conshuffle+wshuffle,chunk_10,104,GR,8.69006180142363,96
binary+conshuffle+wshuffle,chunk_10,104,IPC,8.185219163809553,96
binary+conshuffle+wshuffle,chunk_10,104,KR,4.577053954203923,96
binary+conshuffle+wshuffle,chunk_10,104,MC,4.830683079858621,96
binary+conshuffle+wshuffle,chunk_10,104,cosine_similarity,0.03052164055407045,96
binary+conshuffle+wshuffle,chunk_10,104,kl_to_gaussian,0.0,96
binary+conshuffle+wshuffle,chunk_10,104,wt_mean,0.002254484250442975,96
binary+conshuffle+wshuffle,chunk_10,105,GR,8.066352602094412,96
binary+conshuffle+wshuffle,chunk_10,105,IPC,7.663083064737251,96
binary+conshuffle+wshuffle,chunk_10,105,KR,4.409794934093952,96
binary+conshuffle+wshuffle,chunk_10,105,MC,4.568207132940491,96
binary+conshuffle+wshuffle,chunk_10,105,cosine_similarity,0.02719200681895015,96
binary+conshuffle+wshuffle,chunk_10,105,kl_to_gaussian,0.0,96
binary+conshuffle+wshuffle,chunk_10,105,wt_mean,0.0022553653689101,96
binary+conshuffle+wshuffle,chunk_10,106,GR,7.35526900117596,96
binary+conshuffle+wshuffle,chunk_10,106,IPC,7.76850007557326,96
binary+conshuffle+wshuffle,chunk_10,106,KR,4.204423730572064,96
binary+conshuffle+wshuffle,chunk_10,106,MC,4.4593245175977545,96
binary+conshuffle+wshuffle,chunk_10,106,cosine_similarity,0.027192004490643698,96
binary+conshuffle+wshuffle,chunk_10,106,kl_to_gaussian,0.0,96
binary+conshuffle+wshuffle,chunk_10,106,wt_mean,0.00212545297108585,96
binary+conshuffle+wshuffle,chunk_10,107,GR,9.454015043874582,96
binary+conshuffle+wshuffle,chunk_10,107,IPC,7.322966780998478,96
binary+conshuffle+wshuffle,chunk_10,107,KR,5.144854865968227,96
binary+conshuffle+wshuffle,chunk_10,107,MC,4.477982383221388,96
binary+conshuffle+wshuffle,chunk_10,107,cosine_similarity,0.027192004956304975,96
binary+conshuffle+wshuffle,chunk_10,107,kl_to_gaussian,0.0,96
binary+conshuffle+wshuffle,chunk_10,107,wt_mean,0.002199815207859475,96
binary+conshuffle+wshuffle,chunk_10,108,GR,7.542943799247344,96
binary+conshuffle+wshuffle,chunk_10,108,IPC,8.250828649762918,96
binary+conshuffle+wshuffle,chunk_10,108,KR,4.175870429724455,96
binary+conshuffle+wshuffle,chunk_10,108,MC,5.04051236435771,96
binary+conshuffle+wshuffle,chunk_10,108,cosine_similarity,0.031354043632745694,96
binary+conshuffle+wshuffle,chunk_10,108,kl_to_gaussian,0.0,96
binary+conshuffle+wshuffle,chunk_10,108,wt_mean,0.0021419387776404,96
binary+conshuffle+wshuffle,chunk_10,109,GR,7.868187668422858,96
binary+conshuffle+wshuffle,chunk_10,109,IPC,8.572873094693978,96
binary+conshuffle+wshuffle,chunk_10,109,KR,4.186067800968885,96
binary+conshuffle+wshuffle,chunk_10,109,MC,4.605468889077504,96
binary+conshuffle+wshuffle,chunk_10,109,cosine_similarity,0.025249723345041223,96
binary+conshuffle+wshuffle,chunk_10,109,kl_to_gaussian,0.0,96
binary+conshuffle+wshuffle,chunk_10,109,wt_mean,0.0022408702061511,96
binary+conshuffle+wshuffle,chunk_11,110,GR,9.671781760950884,96
binary+conshuffle+wshuffle,chunk_11,110,IPC,8.226429681167126,96
binary+conshuffle+wshuffle,chunk_11,110,KR,5.0912519333263235,96
binary+conshuffle+wshuffle,chunk_11,110,MC,4.928156870106856,96
binary+conshuffle+wshuffle,chunk_11,110,cosine_similarity,0.030521632172167273,96
binary+conshuffle+wshuffle,chunk_11,110,kl_to_gaussian,0.0,96
binary+conshuffle+wshuffle,chunk_11,110,wt_mean,0.002335653087357025,96
binary+conshuffle+wshuffle,chunk_11,111,GR,8.16960727920135,96
binary+conshuffle+wshuffle,chunk_11,111,IPC,8.59550415281219,96
binary+conshuffle+wshuffle,chunk_11,111,KR,4.473617033412059,96
binary+conshuffle+wshuffle,chunk_11,111,MC,4.8537040042380495,96
binary+conshuffle+wshuffle,chunk_11,111,cosine_similarity,0.03412874601781365,96
binary+conshuffle+wshuffle,chunk_11,111,kl_to_gaussian,0.0,96
binary+conshuffle+wshuffle,chunk_11,111,wt_mean,0.002212678664363875,96
binary+conshuffle+wshuffle,chunk_11,112,GR,9.917999188105265,96
binary+conshuffle+wshuffle,chunk_11,112,IPC,8.098274724574773,96
binary+conshuffle+wshuffle,chunk_11,112,KR,5.271014208594958,96
binary+conshuffle+wshuffle,chunk_11,112,MC,4.750342742850383,96
binary+conshuffle+wshuffle,chunk_11,112,cosine_similarity,0.027746939100325052,96
binary+conshuffle+wshuffle,chunk_11,112,kl_to_gaussian,0.0,96
binary+conshuffle+wshuffle,chunk_11,112,wt_mean,0.002204034128226275,96
binary+conshuffle+wshuffle,chunk_11,113,GR,7.325630864749352,96
binary+conshuffle+wshuffle,chunk_11,113,IPC,7.444912331287051,96
binary+conshuffle+wshuffle,chunk_11,113,KR,3.9869804245730243,96
binary+conshuffle+wshuffle,chunk_11,113,MC,4.286353200674057,96
binary+conshuffle+wshuffle,chunk_11,113,cosine_similarity,0.028856818098574804,96
binary+conshuffle+wshuffle,chunk_11,113,kl_to_gaussian,0.0,96
binary+conshuffle+wshuffle,chunk_11,113,wt_mean,0.002209221624070725,96
binary+conshuffle+wshuffle,chunk_11,114,GR,7.810750770072143,96
binary+conshuffle+wshuffle,chunk_11,114,IPC,8.093356627004574,96
binary+conshuffle+wshuffle,chunk_11,114,KR,4.163199032346408,96
binary+conshuffle+wshuffle,chunk_11,114,MC,4.6333071539799375,96
binary+conshuffle+wshuffle,chunk_11,114,cosine_similarity,0.028301887214183776,96
binary+conshuffle+wshuffle,chunk_11,114,kl_to_gaussian,0.0,96
binary+conshuffle+wshuffle,chunk_11,114,wt_mean,0.002232395374448925,96
binary+conshuffle+wshuffle,chunk_11,115,GR,8.362399636457363,96
binary+conshuffle+wshuffle,chunk_11,115,IPC,7.7718694040952565,96
binary+conshuffle+wshuffle,chunk_11,115,KR,4.5885422937572,96
binary+conshuffle+wshuffle,chunk_11,115,MC,4.721383993824323,96
binary+conshuffle+wshuffle,chunk_11,115,cosine_similarity,0.02802441501989955,96
binary+conshuffle+wshuffle,chunk_11,115,kl_to_gaussian,0.0,96
binary+conshuffle+wshuffle,chunk_11,115,wt_mean,0.002237326931208325,96
binary+conshuffle+wshuffle,chunk_11,116,GR,8.180852017054955,96
binary+conshuffle+wshuffle,chunk_11,116,IPC,8.615673545225418,96
binary+conshuffle+wshuffle,chunk_11,116,KR,4.41079007089138,96
binary+conshuffle+wshuffle,chunk_11,116,MC,4.915173292160034,96
binary+conshuffle+wshuffle,chunk_11,116,cosine_similarity,0.0335738137364387,96
binary+conshuffle+wshuffle,chunk_11,116,kl_to_gaussian,0.0,96
binary+conshuffle+wshuffle,chunk_11,116,wt_mean,0.0023421799414790998,96
binary+conshuffle+wshuffle,chunk_11,117,GR,7.893878072500229,96
binary+conshuffle+wshuffle,chunk_11,117,IPC,8.099648259978638,96
binary+conshuffle+wshuffle,chunk_11,117,KR,4.205424062907696,96
binary+conshuffle+wshuffle,chunk_11,117,MC,4.5984147153794765,96
binary+conshuffle+wshuffle,chunk_11,117,cosine_similarity,0.027192010544240423,96
binary+conshuffle+wshuffle,chunk_11,117,kl_to_gaussian,0.0,96
binary+conshuffle+wshuffle,chunk_11,117,wt_mean,0.00213426569825965,96
binary+conshuffle+wshuffle,chunk_11,118,GR,7.132871185739835,96
binary+conshuffle+wshuffle,chunk_11,118,IPC,7.795313279954197,96
binary+conshuffle+wshuffle,chunk_11,118,KR,3.968232130010923,96
binary+conshuffle+wshuffle,chunk_11,118,MC,4.483223851770163,96
binary+conshuffle+wshuffle,chunk_11,118,cosine_similarity,0.029134290292859025,96
binary+conshuffle+wshuffle,chunk_11,118,kl_to_gaussian,0.0,96
binary+conshuffle+wshuffle,chunk_11,118,wt_mean,0.002192223415477175,96
binary+conshuffle+wshuffle,chunk_11,119,GR,9.427563026547432,96
binary+conshuffle+wshuffle,chunk_11,119,IPC,8.332644941997048,96
binary+conshuffle+wshuffle,chunk_11,119,KR,5.137737030784289,96
binary+conshuffle+wshuffle,chunk_11,119,MC,4.84939918667078,96
binary+conshuffle+wshuffle,chunk_11,119,cosine_similarity,0.0344062149524688,96
binary+conshuffle+wshuffle,chunk_11,119,kl_to_gaussian,0.0,96
binary+conshuffle+wshuffle,chunk_11,119,wt_mean,0.0022830998059361752,96
binary+conshuffle+wshuffle,chunk_12,120,GR,8.015870368729034,96
binary+conshuffle+wshuffle,chunk_12,120,IPC,8.02801077003597,96
binary+conshuffle+wshuffle,chunk_12,120,KR,4.292755501965682,96
binary+conshuffle+wshuffle,chunk_12,120,MC,4.5236494752268,96
binary+conshuffle+wshuffle,chunk_12,120,cosine_similarity,0.026637069415301026,96
binary+conshuffle+wshuffle,chunk_12,120,kl_to_gaussian,0.0,96
binary+conshuffle+wshuffle,chunk_12,120,wt_mean,0.00235180824529375,96
binary+conshuffle+wshuffle,chunk_12,121,GR,8.112972389906645,96
binary+conshuffle+wshuffle,chunk_12,121,IPC,7.958814348409777,96
binary+conshuffle+wshuffle,chunk_12,121,KR,4.3970786308248835,96
binary+conshuffle+wshuffle,chunk_12,121,MC,4.370880715548992,96
binary+conshuffle+wshuffle,chunk_12,121,cosine_similarity,0.02164262440055605,96
binary+conshuffle+wshuffle,chunk_12,121,kl_to_gaussian,0.0,96
binary+conshuffle+wshuffle,chunk_12,121,wt_mean,0.002159211086109225,96
binary+conshuffle+wshuffle,chunk_12,122,GR,7.806895821044843,96
binary+conshuffle+wshuffle,chunk_12,122,IPC,8.142500683977195,96
binary+conshuffle+wshuffle,chunk_12,122,KR,4.251037097225587,96
binary+conshuffle+wshuffle,chunk_12,122,MC,4.654623022923867,96
binary+conshuffle+wshuffle,chunk_12,122,cosine_similarity,0.028579361271113102,96
binary+conshuffle+wshuffle,chunk_12,122,kl_to_gaussian,0.0,96
binary+conshuffle+wshuffle,chunk_12,122,wt_mean,0.002243418857688025,96
binary+conshuffle+wshuffle,chunk_12,123,GR,7.388581545402606,96
binary+conshuffle+wshuffle,chunk_12,123,IPC,8.228376763318487,96
binary+conshuffle+wshuffle,chunk_12,123,KR,4.033792110780875,96
binary+conshuffle+wshuffle,chunk_12,123,MC,4.816344141960144,96
binary+conshuffle+wshuffle,chunk_12,123,cosine_similarity,0.029411767609417373,96
binary+conshuffle+wshuffle,chunk_12,123,kl_to_gaussian,0.0,96
binary+conshuffle+wshuffle,chunk_12,123,wt_mean,0.00217105585034,96
binary+conshuffle+wshuffle,chunk_12,124,GR,7.614306335647901,96
binary+conshuffle+wshuffle,chunk_12,124,IPC,8.223161320900049,96
binary+conshuffle+wshuffle,chunk_12,124,KR,4.207529200861852,96
binary+conshuffle+wshuffle,chunk_12,124,MC,4.750827516118686,96
binary+conshuffle+wshuffle,chunk_12,124,cosine_similarity,0.028301887214183752,96
binary+conshuffle+wshuffle,chunk_12,124,kl_to_gaussian,0.0,96
binary+conshuffle+wshuffle,chunk_12,124,wt_mean,0.0021899718558415497,96
binary+conshuffle+wshuffle,chunk_12,125,GR,8.683950026830038,96
binary+conshuffle+wshuffle,chunk_12,125,IPC,8.319755312546157,96
binary+conshuffle+wshuffle,chunk_12,125,KR,4.687786931792895,96
binary+conshuffle+wshuffle,chunk_12,125,MC,4.891347945978244,96
binary+conshuffle+wshuffle,chunk_12,125,cosine_similarity,0.028579351492226072,96
binary+conshuffle+wshuffle,chunk_12,125,kl_to_gaussian,0.0,96
binary+conshuffle+wshuffle,chunk_12,125,wt_mean,0.0023335802252403997,96
binary+conshuffle+wshuffle,chunk_12,126,GR,8.936792867879072,96
binary+conshuffle+wshuffle,chunk_12,126,IPC,7.627111626319636,96
binary+conshuffle+wshuffle,chunk_12,126,KR,4.731364009280999,96
binary+conshuffle+wshuffle,chunk_12,126,MC,4.486989961316188,96
binary+conshuffle+wshuffle,chunk_12,126,cosine_similarity,0.0255271941423416,96
binary+conshuffle+wshuffle,chunk_12,126,kl_to_gaussian,0.0,96
binary+conshuffle+wshuffle,chunk_12,126,wt_mean,0.002131164830643625,96
binary+conshuffle+wshuffle,chunk_12,127,GR,6.607027970254421,96
binary+conshuffle+wshuffle,chunk_12,127,IPC,8.71549314965234,96
binary+conshuffle+wshuffle,chunk_12,127,KR,3.7200276913742223,96
binary+conshuffle+wshuffle,chunk_12,127,MC,5.069912860790889,96
binary+conshuffle+wshuffle,chunk_12,127,cosine_similarity,0.027192009147256547,96
binary+conshuffle+wshuffle,chunk_12,127,kl_to_gaussian,0.0,96
binary+conshuffle+wshuffle,chunk_12,127,wt_mean,0.002110570378135825,96
binary+conshuffle+wshuffle,chunk_12,128,GR,9.046227181951204,96
binary+conshuffle+wshuffle,chunk_12,128,IPC,7.889989050043472,96
binary+conshuffle+wshuffle,chunk_12,128,KR,5.038839944948752,96
binary+conshuffle+wshuffle,chunk_12,128,MC,4.9756775957842665,96
binary+conshuffle+wshuffle,chunk_12,128,cosine_similarity,0.029411769006401273,96
binary+conshuffle+wshuffle,chunk_12,128,kl_to_gaussian,0.0,96
binary+conshuffle+wshuffle,chunk_12,128,wt_mean,0.00221107757533895,96
binary+conshuffle+wshuffle,chunk_12,129,GR,8.372972432523966,96
binary+conshuffle+wshuffle,chunk_12,129,IPC,8.074386250286794,96
binary+conshuffle+wshuffle,chunk_12,129,KR,4.559721822539966,96
binary+conshuffle+wshuffle,chunk_12,129,MC,4.771500431001186,96
binary+conshuffle+wshuffle,chunk_12,129,cosine_similarity,0.023307435214519473,96
binary+conshuffle+wshuffle,chunk_12,129,kl_to_gaussian,0.0,96
binary+conshuffle+wshuffle,chunk_12,129,wt_mean,0.0022893456043675,96
binary+conshuffle+wshuffle,chunk_13,130,GR,8.16283460209767,96
binary+conshuffle+wshuffle,chunk_13,130,IPC,8.365262846800066,96
binary+conshuffle+wshuffle,chunk_13,130,KR,4.512990244974692,96
binary+conshuffle+wshuffle,chunk_13,130,MC,4.96988798553745,96
binary+conshuffle+wshuffle,chunk_13,130,cosine_similarity,0.031076586805283978,96
binary+conshuffle+wshuffle,chunk_13,130,kl_to_gaussian,0.0,96
binary+conshuffle+wshuffle,chunk_13,130,wt_mean,0.0022362201707436997,96
binary+conshuffle+wshuffle,chunk_13,131,GR,8.888378487279018,96
binary+conshuffle+wshuffle,chunk_13,131,IPC,7.95746992810961,96
binary+conshuffle+wshuffle,chunk_13,131,KR,4.765318768719832,96
binary+conshuffle+wshuffle,chunk_13,131,MC,4.654678534716368,96
binary+conshuffle+wshuffle,chunk_13,131,cosine_similarity,0.023029965348541678,96
binary+conshuffle+wshuffle,chunk_13,131,kl_to_gaussian,0.0,96
binary+conshuffle+wshuffle,chunk_13,131,wt_mean,0.0023101035621948,96
binary+conshuffle+wshuffle,chunk_13,132,GR,7.669903054833412,96
binary+conshuffle+wshuffle,chunk_13,132,IPC,8.541042183218016,96
binary+conshuffle+wshuffle,chunk_13,132,KR,4.0433750574787455,96
binary+conshuffle+wshuffle,chunk_13,132,MC,4.711090739816427,96
binary+conshuffle+wshuffle,chunk_13,132,cosine_similarity,0.03301886655390255,96
binary+conshuffle+wshuffle,chunk_13,132,kl_to_gaussian,0.0,96
binary+conshuffle+wshuffle,chunk_13,132,wt_mean,0.002242678921902525,96
binary+conshuffle+wshuffle,chunk_13,133,GR,9.080748413999876,96
binary+conshuffle+wshuffle,chunk_13,133,IPC,8.099361685750532,96
binary+conshuffle+wshuffle,chunk_13,133,KR,4.963023950656255,96
binary+conshuffle+wshuffle,chunk_13,133,MC,4.490471543123324,96
binary+conshuffle+wshuffle,chunk_13,133,cosine_similarity,0.0327413976192474,96
binary+conshuffle+wshuffle,chunk_13,133,kl_to_gaussian,0.0,96
binary+conshuffle+wshuffle,chunk_13,133,wt_mean,0.002237739798147175,96
binary+conshuffle+wshuffle,chunk_13,134,GR,10.066995032131672,96
binary+conshuffle+wshuffle,chunk_13,134,IPC,8.008702051072945,96
binary+conshuffle+wshuffle,chunk_13,134,KR,5.498942377666633,96
binary+conshuffle+wshuffle,chunk_13,134,MC,4.833220237245162,96
binary+conshuffle+wshuffle,chunk_13,134,cosine_similarity,0.030244168825447476,96
binary+conshuffle+wshuffle,chunk_13,134,kl_to_gaussian,0.0,96
binary+conshuffle+wshuffle,chunk_13,134,wt_mean,0.002253949176520075,96
binary+conshuffle+wshuffle,chunk_13,135,GR,7.880244567990303,96
binary+conshuffle+wshuffle,chunk_13,135,IPC,8.458164609904733,96
binary+conshuffle+wshuffle,chunk_13,135,KR,4.236925788223743,96
binary+conshuffle+wshuffle,chunk_13,135,MC,4.71430475388964,96
binary+conshuffle+wshuffle,chunk_13,135,cosine_similarity,0.02802441548556085,96
binary+conshuffle+wshuffle,chunk_13,135,kl_to_gaussian,0.0,96
binary+conshuffle+wshuffle,chunk_13,135,wt_mean,0.002180150739150075,96
binary+conshuffle+wshuffle,chunk_13,136,GR,7.751496706157923,96
binary+conshuffle+wshuffle,chunk_13,136,IPC,8.001906854854928,96
binary+conshuffle+wshuffle,chunk_13,136,KR,4.284961421042681,96
binary+conshuffle+wshuffle,chunk_13,136,MC,4.756821739176909,96
binary+conshuffle+wshuffle,chunk_13,136,cosine_similarity,0.03301887679845088,96
binary+conshuffle+wshuffle,chunk_13,136,kl_to_gaussian,0.0,96
binary+conshuffle+wshuffle,chunk_13,136,wt_mean,0.0021871674980502,96
binary+conshuffle+wshuffle,chunk_13,137,GR,9.437776466210684,96
binary+conshuffle+wshuffle,chunk_13,137,IPC,7.7142725050769085,96
binary+conshuffle+wshuffle,chunk_13,137,KR,5.0363851090272265,96
binary+conshuffle+wshuffle,chunk_13,137,MC,4.596347987651825,96
binary+conshuffle+wshuffle,chunk_13,137,cosine_similarity,0.027746953070163675,96
binary+conshuffle+wshuffle,chunk_13,137,kl_to_gaussian,0.0,96
binary+conshuffle+wshuffle,chunk_13,137,wt_mean,0.00224652382894415,96
binary+conshuffle+wshuffle,chunk_13,138,GR,10.142022736370564,96
binary+conshuffle+wshuffle,chunk_13,138,IPC,7.269085771917379,96
binary+conshuffle+wshuffle,chunk_13,138,KR,5.386214258770148,96
binary+conshuffle+wshuffle,chunk_13,138,MC,4.442125358929236,96
binary+conshuffle+wshuffle,chunk_13,138,cosine_similarity,0.029689234215766174,96
binary+conshuffle+wshuffle,chunk_13,138,kl_to_gaussian,0.0,96
binary+conshuffle+wshuffle,chunk_13,138,wt_mean,0.0022669647005386247,96
binary+conshuffle+wshuffle,chunk_13,139,GR,8.246151181558767,96
binary+conshuffle+wshuffle,chunk_13,139,IPC,8.378655753911397,96
binary+conshuffle+wshuffle,chunk_13,139,KR,4.3387909432252245,96
binary+conshuffle+wshuffle,chunk_13,139,MC,4.689947793881099,96
binary+conshuffle+wshuffle,chunk_13,139,cosine_similarity,0.0260821282863616,96
binary+conshuffle+wshuffle,chunk_13,139,kl_to_gaussian,0.0,96
binary+conshuffle+wshuffle,chunk_13,139,wt_mean,0.0022147626732475748,96
binary+conshuffle+wshuffle,chunk_14,140,GR,9.211978127559027,96
binary+conshuffle+wshuffle,chunk_14,140,IPC,8.031095714683048,96
binary+conshuffle+wshuffle,chunk_14,140,KR,5.073307824631532,96
binary+conshuffle+wshuffle,chunk_14,140,MC,4.802782899389665,96
binary+conshuffle+wshuffle,chunk_14,140,cosine_similarity,0.031908980570733526,96
binary+conshuffle+wshuffle,chunk_14,140,kl_to_gaussian,0.0,96
binary+conshuffle+wshuffle,chunk_14,140,wt_mean,0.002372192480834175,96
binary+conshuffle+wshuffle,chunk_14,141,GR,7.294117884089549,96
binary+conshuffle+wshuffle,chunk_14,141,IPC,7.779462624250063,96
binary+conshuffle+wshuffle,chunk_14,141,KR,3.9965080469846725,96
binary+conshuffle+wshuffle,chunk_14,141,MC,4.556964018692573,96
binary+conshuffle+wshuffle,chunk_14,141,cosine_similarity,0.032186457887291846,96
binary+conshuffle+wshuffle,chunk_14,141,kl_to_gaussian,0.0,96
binary+conshuffle+wshuffle,chunk_14,141,wt_mean,0.0021664432424586,96
binary+conshuffle+wshuffle,chunk_14,142,GR,8.305689163506031,96
binary+conshuffle+wshuffle,chunk_14,142,IPC,8.52820371746064,96
binary+conshuffle+wshuffle,chunk_14,142,KR,4.593312986195087,96
binary+conshuffle+wshuffle,chunk_14,142,MC,4.875523187220097,96
binary+conshuffle+wshuffle,chunk_14,142,cosine_similarity,0.030799114145338476,96
binary+conshuffle+wshuffle,chunk_14,142,kl_to_gaussian,0.0,96
binary+conshuffle+wshuffle,chunk_14,142,wt_mean,0.002243989089038175,96
binary+conshuffle+wshuffle,chunk_14,143,GR,10.628178191681704,96
binary+conshuffle+wshuffle,chunk_14,143,IPC,7.790770820618868,96
binary+conshuffle+wshuffle,chunk_14,143,KR,5.688940991957982,96
binary+conshuffle+wshuffle,chunk_14,143,MC,4.655970115214586,96
binary+conshuffle+wshuffle,chunk_14,143,cosine_similarity,0.033018867485225124,96
binary+conshuffle+wshuffle,chunk_14,143,kl_to_gaussian,0.0,96
binary+conshuffle+wshuffle,chunk_14,143,wt_mean,0.0023054123448673,96
binary+conshuffle+wshuffle,chunk_14,144,GR,8.297250417371592,96
binary+conshuffle+wshuffle,chunk_14,144,IPC,7.924602487794965,96
binary+conshuffle+wshuffle,chunk_14,144,KR,4.526450250297785,96
binary+conshuffle+wshuffle,chunk_14,144,MC,4.670047340293725,96
binary+conshuffle+wshuffle,chunk_14,144,cosine_similarity,0.0185904540121555,96
binary+conshuffle+wshuffle,chunk_14,144,kl_to_gaussian,0.0,96
binary+conshuffle+wshuffle,chunk_14,144,wt_mean,0.002377571334363825,96
binary+conshuffle+wshuffle,chunk_14,145,GR,8.23018037651976,96
binary+conshuffle+wshuffle,chunk_14,145,IPC,7.640320709587539,96
binary+conshuffle+wshuffle,chunk_14,145,KR,4.546144485473633,96
binary+conshuffle+wshuffle,chunk_14,145,MC,4.552150846769412,96
binary+conshuffle+wshuffle,chunk_14,145,cosine_similarity,0.027192010544240423,96
binary+conshuffle+wshuffle,chunk_14,145,kl_to_gaussian,0.0,96
binary+conshuffle+wshuffle,chunk_14,145,wt_mean,0.0022090662387199253,96
binary+conshuffle+wshuffle,chunk_14,146,GR,7.0394117794930935,96
binary+conshuffle+wshuffle,chunk_14,146,IPC,7.882767303182295,96
binary+conshuffle+wshuffle,chunk_14,146,KR,3.8783018899460635,96
binary+conshuffle+wshuffle,chunk_14,146,MC,4.520633969455957,96
binary+conshuffle+wshuffle,chunk_14,146,cosine_similarity,0.0244173193350434,96
binary+conshuffle+wshuffle,chunk_14,146,kl_to_gaussian,0.0,96
binary+conshuffle+wshuffle,chunk_14,146,wt_mean,0.002142359910067125,96
binary+conshuffle+wshuffle,chunk_14,147,GR,8.67821983496348,96
binary+conshuffle+wshuffle,chunk_14,147,IPC,8.211832623969547,96
binary+conshuffle+wshuffle,chunk_14,147,KR,4.600683872898419,96
binary+conshuffle+wshuffle,chunk_14,147,MC,4.719431261221568,96
binary+conshuffle+wshuffle,chunk_14,147,cosine_similarity,0.0230299681425094,96
binary+conshuffle+wshuffle,chunk_14,147,kl_to_gaussian,0.0,96
binary+conshuffle+wshuffle,chunk_14,147,wt_mean,0.002243989089038175,96
binary+conshuffle+wshuffle,chunk_14,148,GR,7.8744791361192865,96
binary+conshuffle+wshuffle,chunk_14,148,IPC,8.253730604867652,96
binary+conshuffle+wshuffle,chunk_14,148,KR,4.3708197101950645,96
binary+conshuffle+wshuffle,chunk_14,148,MC,4.914109600087007,96
binary+conshuffle+wshuffle,chunk_14,148,cosine_similarity,0.03190898988395928,96
binary+conshuffle+wshuffle,chunk_14,148,kl_to_gaussian,0.0,96
binary+conshuffle+wshuffle,chunk_14,148,wt_mean,0.00222861731890585,96
binary+conshuffle+wshuffle,chunk_14,149,GR,7.18607833981514,96
binary+conshuffle+wshuffle,chunk_14,149,IPC,7.848021690845272,96
binary+conshuffle+wshuffle,chunk_14,149,KR,4.053391877561808,96
binary+conshuffle+wshuffle,chunk_14,149,MC,4.4808990607659025,96
binary+conshuffle+wshuffle,chunk_14,149,cosine_similarity,0.030244176276028076,96
binary+conshuffle+wshuffle,chunk_14,149,kl_to_gaussian,0.0,96
binary+conshuffle+wshuffle,chunk_14,149,wt_mean,0.002198515925556375,96
binary+conshuffle+wshuffle,chunk_15,150,GR,9.72379873941342,96
binary+conshuffle+wshuffle,chunk_15,150,IPC,8.078242923311523,96
binary+conshuffle+wshuffle,chunk_15,150,KR,5.211397650341193,96
binary+conshuffle+wshuffle,chunk_15,150,MC,4.58055358255903,96
binary+conshuffle+wshuffle,chunk_15,150,cosine_similarity,0.02746947389096015,96
binary+conshuffle+wshuffle,chunk_15,150,kl_to_gaussian,0.0,96
binary+conshuffle+wshuffle,chunk_15,150,wt_mean,0.00225138955283905,96
binary+conshuffle+wshuffle,chunk_15,151,GR,9.153497222810984,96
binary+conshuffle+wshuffle,chunk_15,151,IPC,8.511209748778825,96
binary+conshuffle+wshuffle,chunk_15,151,KR,4.951279081404209,96
binary+conshuffle+wshuffle,chunk_15,151,MC,5.013559286793073,96
binary+conshuffle+wshuffle,chunk_15,151,cosine_similarity,0.024694778490811527,96
binary+conshuffle+wshuffle,chunk_15,151,kl_to_gaussian,0.0,96
binary+conshuffle+wshuffle,chunk_15,151,wt_mean,0.002359716134378625,96
binary+conshuffle+wshuffle,chunk_15,152,GR,9.314765823384127,96
binary+conshuffle+wshuffle,chunk_15,152,IPC,7.6713620878611986,96
binary+conshuffle+wshuffle,chunk_15,152,KR,4.971868943423033,96
binary+conshuffle+wshuffle,chunk_15,152,MC,4.572428956627846,96
binary+conshuffle+wshuffle,chunk_15,152,cosine_similarity,0.024972246028482876,96
binary+conshuffle+wshuffle,chunk_15,152,kl_to_gaussian,0.0,96
binary+conshuffle+wshuffle,chunk_15,152,wt_mean,0.00224248965969305,96
binary+conshuffle+wshuffle,chunk_15,153,GR,10.097065466145674,96
binary+conshuffle+wshuffle,chunk_15,153,IPC,8.34650644129835,96
binary+conshuffle+wshuffle,chunk_15,153,KR,5.37329372515281,96
binary+conshuffle+wshuffle,chunk_15,153,MC,4.950867296506961,96
binary+conshuffle+wshuffle,chunk_15,153,cosine_similarity,0.02719201240688558,96
binary+conshuffle+wshuffle,chunk_15,153,kl_to_gaussian,0.0,96
binary+conshuffle+wshuffle,chunk_15,153,wt_mean,0.0023653912940061997,96
binary+conshuffle+wshuffle,chunk_15,154,GR,8.527636883159479,96
binary+conshuffle+wshuffle,chunk_15,154,IPC,8.182794033413847,96
binary+conshuffle+wshuffle,chunk_15,154,KR,4.6290454516808195,96
binary+conshuffle+wshuffle,chunk_15,154,MC,4.889786033580701,96
binary+conshuffle+wshuffle,chunk_15,154,cosine_similarity,0.031354050152003723,96
binary+conshuffle+wshuffle,chunk_15,154,kl_to_gaussian,0.0,96
binary+conshuffle+wshuffle,chunk_15,154,wt_mean,0.002269223157782075,96
binary+conshuffle+wshuffle,chunk_15,155,GR,9.117344717184702,96
binary+conshuffle+wshuffle,chunk_15,155,IPC,7.887412886992575,96
binary+conshuffle+wshuffle,chunk_15,155,KR,4.90757059926788,96
binary+conshuffle+wshuffle,chunk_15,155,MC,4.6843504297236604,96
binary+conshuffle+wshuffle,chunk_15,155,cosine_similarity,0.02746947342529885,96
binary+conshuffle+wshuffle,chunk_15,155,kl_to_gaussian,0.0,96
binary+conshuffle+wshuffle,chunk_15,155,wt_mean,0.00228629360208285,96
binary+conshuffle+wshuffle,chunk_15,156,GR,9.780287635823091,96
binary+conshuffle+wshuffle,chunk_15,156,IPC,8.05495457351299,96
binary+conshuffle+wshuffle,chunk_15,156,KR,5.156388974438111,96
binary+conshuffle+wshuffle,chunk_15,156,MC,4.8148770195742445,96
binary+conshuffle+wshuffle,chunk_15,156,cosine_similarity,0.026637073140591327,96
binary+conshuffle+wshuffle,chunk_15,156,kl_to_gaussian,0.0,96
binary+conshuffle+wshuffle,chunk_15,156,wt_mean,0.002375224343268175,96
binary+conshuffle+wshuffle,chunk_15,157,GR,8.768744918207327,96
binary+conshuffle+wshuffle,chunk_15,157,IPC,8.590507495517913,96
binary+conshuffle+wshuffle,chunk_15,157,KR,4.79744154214859,96
binary+conshuffle+wshuffle,chunk_15,157,MC,4.84637684126695,96
binary+conshuffle+wshuffle,chunk_15,157,cosine_similarity,0.031354054808616603,96
binary+conshuffle+wshuffle,chunk_15,157,kl_to_gaussian,0.0,96
binary+conshuffle+wshuffle,chunk_15,157,wt_mean,0.002278748957905875,96
binary+conshuffle+wshuffle,chunk_15,158,GR,9.011424134174982,96
binary+conshuffle+wshuffle,chunk_15,158,IPC,7.511319721078936,96
binary+conshuffle+wshuffle,chunk_15,158,KR,4.846130942304929,96
binary+conshuffle+wshuffle,chunk_15,158,MC,4.317114955435197,96
binary+conshuffle+wshuffle,chunk_15,158,cosine_similarity,0.02719200169667595,96
binary+conshuffle+wshuffle,chunk_15,158,kl_to_gaussian,0.0,96
binary+conshuffle+wshuffle,chunk_15,158,wt_mean,0.0022226360160857,96
binary+conshuffle+wshuffle,chunk_15,159,GR,8.030238327880701,96
binary+conshuffle+wshuffle,chunk_15,159,IPC,8.38296319380193,96
binary+conshuffle+wshuffle,chunk_15,159,KR,4.445098161697388,96
binary+conshuffle+wshuffle,chunk_15,159,MC,4.844313556949298,96
binary+conshuffle+wshuffle,chunk_15,159,cosine_similarity,0.0219200942665338,96
binary+conshuffle+wshuffle,chunk_15,159,kl_to_gaussian,0.0,96
binary+conshuffle+wshuffle,chunk_15,159,wt_mean,0.002266277646413025,96
binary+conshuffle+wshuffle,chunk_16,160,GR,7.562820315361023,96
binary+conshuffle+wshuffle,chunk_16,160,IPC,8.182084188122268,96
binary+conshuffle+wshuffle,chunk_16,160,KR,4.1852233211199446,96
binary+conshuffle+wshuffle,chunk_16,160,MC,4.810302961617708,96
binary+conshuffle+wshuffle,chunk_16,160,cosine_similarity,0.028856830205768274,96
binary+conshuffle+wshuffle,chunk_16,160,kl_to_gaussian,0.0,96
binary+conshuffle+wshuffle,chunk_16,160,wt_mean,0.002148885192582325,96
binary+conshuffle+wshuffle,chunk_16,161,GR,9.03897843013207,96
binary+conshuffle+wshuffle,chunk_16,161,IPC,7.957055727505118,96
binary+conshuffle+wshuffle,chunk_16,161,KR,4.915612660348415,96
binary+conshuffle+wshuffle,chunk_16,161,MC,4.750869563470284,96
binary+conshuffle+wshuffle,chunk_16,161,cosine_similarity,0.0299667078070342,96
binary+conshuffle+wshuffle,chunk_16,161,kl_to_gaussian,0.0,96
binary+conshuffle+wshuffle,chunk_16,161,wt_mean,0.0022800734441261,96
binary+conshuffle+wshuffle,chunk_16,162,GR,8.174426853656769,96
binary+conshuffle+wshuffle,chunk_16,162,IPC,8.580505311606279,96
binary+conshuffle+wshuffle,chunk_16,162,KR,4.544923859337966,96
binary+conshuffle+wshuffle,chunk_16,162,MC,4.784444513420264,96
binary+conshuffle+wshuffle,chunk_16,162,cosine_similarity,0.028301890939474075,96
binary+conshuffle+wshuffle,chunk_16,162,kl_to_gaussian,0.0,96
binary+conshuffle+wshuffle,chunk_16,162,wt_mean,0.002242769813165,96
binary+conshuffle+wshuffle,chunk_16,163,GR,7.742525628457467,96
binary+conshuffle+wshuffle,chunk_16,163,IPC,8.357327850672657,96
binary+conshuffle+wshuffle,chunk_16,163,KR,4.354977296044429,96
binary+conshuffle+wshuffle,chunk_16,163,MC,4.6504671809573965,96
binary+conshuffle+wshuffle,chunk_16,163,cosine_similarity,0.02441731141880153,96
binary+conshuffle+wshuffle,chunk_16,163,kl_to_gaussian,0.0,96
binary+conshuffle+wshuffle,chunk_16,163,wt_mean,0.0022954189334995503,96
binary+conshuffle+wshuffle,chunk_16,164,GR,8.019637865324816,96
binary+conshuffle+wshuffle,chunk_16,164,IPC,8.187026547518148,96
binary+conshuffle+wshuffle,chunk_16,164,KR,4.306578413893779,96
binary+conshuffle+wshuffle,chunk_16,164,MC,4.547468135754268,96
binary+conshuffle+wshuffle,chunk_16,164,cosine_similarity,0.02802442247048015,96
binary+conshuffle+wshuffle,chunk_16,164,kl_to_gaussian,0.0,96
binary+conshuffle+wshuffle,chunk_16,164,wt_mean,0.002246376971015675,96
binary+conshuffle+wshuffle,chunk_16,165,GR,8.928189267714819,96
binary+conshuffle+wshuffle,chunk_16,165,IPC,8.165774213123433,96
binary+conshuffle+wshuffle,chunk_16,165,KR,4.774225344260533,96
binary+conshuffle+wshuffle,chunk_16,165,MC,4.915850566079219,96
binary+conshuffle+wshuffle,chunk_16,165,cosine_similarity,0.028579358942806676,96
binary+conshuffle+wshuffle,chunk_16,165,kl_to_gaussian,0.0,96
binary+conshuffle+wshuffle,chunk_16,165,wt_mean,0.00235125428298485,96
binary+conshuffle+wshuffle,chunk_16,166,GR,9.985109731554985,96
binary+conshuffle+wshuffle,chunk_16,166,IPC,7.893794903946925,96
binary+conshuffle+wshuffle,chunk_16,166,KR,5.345693555970986,96
binary+conshuffle+wshuffle,chunk_16,166,MC,4.834652919322252,96
binary+conshuffle+wshuffle,chunk_16,166,cosine_similarity,0.02802441129460925,96
binary+conshuffle+wshuffle,chunk_16,166,kl_to_gaussian,0.0,96
binary+conshuffle+wshuffle,chunk_16,166,wt_mean,0.00218283216236155,96
binary+conshuffle+wshuffle,chunk_16,167,GR,8.950331762433052,96
binary+conshuffle+wshuffle,chunk_16,167,IPC,8.10889649619765,96
binary+conshuffle+wshuffle,chunk_16,167,KR,4.8345176701744395,96
binary+conshuffle+wshuffle,chunk_16,167,MC,4.784138664603233,96
binary+conshuffle+wshuffle,chunk_16,167,cosine_similarity,0.029689224902540428,96
binary+conshuffle+wshuffle,chunk_16,167,kl_to_gaussian,0.0,96
binary+conshuffle+wshuffle,chunk_16,167,wt_mean,0.0022088978730607253,96
binary+conshuffle+wshuffle,chunk_16,168,GR,8.719472404569387,96
binary+conshuffle+wshuffle,chunk_16,168,IPC,8.010220934468167,96
binary+conshuffle+wshuffle,chunk_16,168,KR,4.628644360850255,96
binary+conshuffle+wshuffle,chunk_16,168,MC,4.703163596491019,96
binary+conshuffle+wshuffle,chunk_16,168,cosine_similarity,0.028856831602752125,96
binary+conshuffle+wshuffle,chunk_16,168,kl_to_gaussian,0.0,96
binary+conshuffle+wshuffle,chunk_16,168,wt_mean,0.002228538884082775,96
binary+conshuffle+wshuffle,chunk_16,169,GR,8.351183773328861,96
binary+conshuffle+wshuffle,chunk_16,169,IPC,7.653736506717045,96
binary+conshuffle+wshuffle,chunk_16,169,KR,4.563324972987175,96
binary+conshuffle+wshuffle,chunk_16,169,MC,4.5583230927586555,96
binary+conshuffle+wshuffle,chunk_16,169,cosine_similarity,0.027192007284611425,96
binary+conshuffle+wshuffle,chunk_16,169,kl_to_gaussian,0.0,96
binary+conshuffle+wshuffle,chunk_16,169,wt_mean,0.002258300897665275,96
binary+conshuffle+wshuffle,chunk_17,170,GR,9.471045228342215,96
binary+conshuffle+wshuffle,chunk_17,170,IPC,8.32789146315595,96
binary+conshuffle+wshuffle,chunk_17,170,KR,5.097971697648366,96
binary+conshuffle+wshuffle,chunk_17,170,MC,4.861676869293054,96
binary+conshuffle+wshuffle,chunk_17,170,cosine_similarity,0.02608213387429705,96
binary+conshuffle+wshuffle,chunk_17,170,kl_to_gaussian,0.0,96
binary+conshuffle+wshuffle,chunk_17,170,wt_mean,0.002394828508840825,96
binary+conshuffle+wshuffle,chunk_17,171,GR,8.271647633363804,96
binary+conshuffle+wshuffle,chunk_17,171,IPC,8.21634609012329,96
binary+conshuffle+wshuffle,chunk_17,171,KR,4.493964376548926,96
binary+conshuffle+wshuffle,chunk_17,171,MC,4.654913534720738,96
binary+conshuffle+wshuffle,chunk_17,171,cosine_similarity,0.029134301003068647,96
binary+conshuffle+wshuffle,chunk_17,171,kl_to_gaussian,0.0,96
binary+conshuffle+wshuffle,chunk_17,171,wt_mean,0.0022185767593327498,96
binary+conshuffle+wshuffle,chunk_17,172,GR,9.08556567132473,96
binary+conshuffle+wshuffle,chunk_17,172,IPC,8.041581930880314,96
binary+conshuffle+wshuffle,chunk_17,172,KR,5.050128726909558,96
binary+conshuffle+wshuffle,chunk_17,172,MC,4.739640972266595,96
binary+conshuffle+wshuffle,chunk_17,172,cosine_similarity,0.0221975585445761,96
binary+conshuffle+wshuffle,chunk_17,172,kl_to_gaussian,0.0,96
binary+conshuffle+wshuffle,chunk_17,172,wt_mean,0.0023002285743131752,96
binary+conshuffle+wshuffle,chunk_17,173,GR,8.804378344366947,96
binary+conshuffle+wshuffle,chunk_17,173,IPC,8.743125659279796,96
binary+conshuffle+wshuffle,chunk_17,173,KR,4.846146910140912,96
binary+conshuffle+wshuffle,chunk_17,173,MC,4.964441552758217,96
binary+conshuffle+wshuffle,chunk_17,173,cosine_similarity,0.018867924343794525,96
binary+conshuffle+wshuffle,chunk_17,173,kl_to_gaussian,0.0,96
binary+conshuffle+wshuffle,chunk_17,173,wt_mean,0.0023089418536983,96
binary+conshuffle+wshuffle,chunk_17,174,GR,8.49431607623895,96
binary+conshuffle+wshuffle,chunk_17,174,IPC,8.349238544714693,96
binary+conshuffle+wshuffle,chunk_17,174,KR,4.657138053327799,96
binary+conshuffle+wshuffle,chunk_17,174,MC,5.040317406256993,96
binary+conshuffle+wshuffle,chunk_17,174,cosine_similarity,0.0288568213582038,96
binary+conshuffle+wshuffle,chunk_17,174,kl_to_gaussian,0.0,96
binary+conshuffle+wshuffle,chunk_17,174,wt_mean,0.002266903844429125,96
binary+conshuffle+wshuffle,chunk_17,175,GR,9.303602347771326,96
binary+conshuffle+wshuffle,chunk_17,175,IPC,7.56372390525117,96
binary+conshuffle+wshuffle,chunk_17,175,KR,5.020915145675342,96
binary+conshuffle+wshuffle,chunk_17,175,MC,4.485304207851489,96
binary+conshuffle+wshuffle,chunk_17,175,cosine_similarity,0.025804658420383875,96
binary+conshuffle+wshuffle,chunk_17,175,kl_to_gaussian,0.0,96
binary+conshuffle+wshuffle,chunk_17,175,wt_mean,0.00225072752800765,96
binary+conshuffle+wshuffle,chunk_17,176,GR,7.810100094725688,96
binary+conshuffle+wshuffle,chunk_17,176,IPC,7.89085360644236,96
binary+conshuffle+wshuffle,chunk_17,176,KR,4.274161574741204,96
binary+conshuffle+wshuffle,chunk_17,176,MC,4.565402742475271,96
binary+conshuffle+wshuffle,chunk_17,176,cosine_similarity,0.025249727535992802,96
binary+conshuffle+wshuffle,chunk_17,176,kl_to_gaussian,0.0,96
binary+conshuffle+wshuffle,chunk_17,176,wt_mean,0.0022664413263555,96
binary+conshuffle+wshuffle,chunk_17,177,GR,9.34723076224327,96
binary+conshuffle+wshuffle,chunk_17,177,IPC,7.649574044033198,96
binary+conshuffle+wshuffle,chunk_17,177,KR,5.163518905639648,96
binary+conshuffle+wshuffle,chunk_17,177,MC,4.667559151848157,96
binary+conshuffle+wshuffle,chunk_17,177,cosine_similarity,0.02497225301340218,96
binary+conshuffle+wshuffle,chunk_17,177,kl_to_gaussian,0.0,96
binary+conshuffle+wshuffle,chunk_17,177,wt_mean,0.002285358612425575,96
binary+conshuffle+wshuffle,chunk_17,178,GR,8.617028969029585,96
binary+conshuffle+wshuffle,chunk_17,178,IPC,8.354157664424013,96
binary+conshuffle+wshuffle,chunk_17,178,KR,4.40153909722964,96
binary+conshuffle+wshuffle,chunk_17,178,MC,4.608320780098438,96
binary+conshuffle+wshuffle,chunk_17,178,cosine_similarity,0.02219755761325355,96
binary+conshuffle+wshuffle,chunk_17,178,kl_to_gaussian,0.0,96
binary+conshuffle+wshuffle,chunk_17,178,wt_mean,0.00228015478933225,96
binary+conshuffle+wshuffle,chunk_17,179,GR,7.302454188466072,96
binary+conshuffle+wshuffle,chunk_17,179,IPC,8.755880493026298,96
binary+conshuffle+wshuffle,chunk_17,179,KR,3.990169676641623,96
binary+conshuffle+wshuffle,chunk_17,179,MC,4.99746132021149,96
binary+conshuffle+wshuffle,chunk_17,179,cosine_similarity,0.028024415019899575,96
binary+conshuffle+wshuffle,chunk_17,179,kl_to_gaussian,0.0,96
binary+conshuffle+wshuffle,chunk_17,179,wt_mean,0.002263380185468075,96
binary+conshuffle+wshuffle,chunk_18,180,GR,7.9510689079761505,96
binary+conshuffle+wshuffle,chunk_18,180,IPC,8.186058092708343,96
binary+conshuffle+wshuffle,chunk_18,180,KR,4.35452604542176,96
binary+conshuffle+wshuffle,chunk_18,180,MC,4.663440249860287,96
binary+conshuffle+wshuffle,chunk_18,180,cosine_similarity,0.028301882091909623,96
binary+conshuffle+wshuffle,chunk_18,180,kl_to_gaussian,0.0,96
binary+conshuffle+wshuffle,chunk_18,180,wt_mean,0.002299084357218775,96
binary+conshuffle+wshuffle,chunk_18,181,GR,11.4139173006018,96
binary+conshuffle+wshuffle,chunk_18,181,IPC,8.521832526833828,96
binary+conshuffle+wshuffle,chunk_18,181,KR,5.781679851313432,96
binary+conshuffle+wshuffle,chunk_18,181,MC,4.9097205984095735,96
binary+conshuffle+wshuffle,chunk_18,181,cosine_similarity,0.025249724276363798,96
binary+conshuffle+wshuffle,chunk_18,181,kl_to_gaussian,0.0,96
binary+conshuffle+wshuffle,chunk_18,181,wt_mean,0.002505330339772575,96
binary+conshuffle+wshuffle,chunk_18,182,GR,8.584132802983126,96
binary+conshuffle+wshuffle,chunk_18,182,IPC,8.681587361782748,96
binary+conshuffle+wshuffle,chunk_18,182,KR,4.705907199531794,96
binary+conshuffle+wshuffle,chunk_18,182,MC,5.034405134618282,96
binary+conshuffle+wshuffle,chunk_18,182,cosine_similarity,0.028024420142173725,96
binary+conshuffle+wshuffle,chunk_18,182,kl_to_gaussian,0.0,96
binary+conshuffle+wshuffle,chunk_18,182,wt_mean,0.002302114677149725,96
binary+conshuffle+wshuffle,chunk_18,183,GR,9.062290633718172,96
binary+conshuffle+wshuffle,chunk_18,183,IPC,8.126506464467996,96
binary+conshuffle+wshuffle,chunk_18,183,KR,4.931208377083142,96
binary+conshuffle+wshuffle,chunk_18,183,MC,4.810144926110904,96
binary+conshuffle+wshuffle,chunk_18,183,cosine_similarity,0.021365148946642848,96
binary+conshuffle+wshuffle,chunk_18,183,kl_to_gaussian,0.0,96
binary+conshuffle+wshuffle,chunk_18,183,wt_mean,0.0023807894031051,96
binary+conshuffle+wshuffle,chunk_18,184,GR,9.41278862208128,96
binary+conshuffle+wshuffle,chunk_18,184,IPC,6.980788383417824,96
binary+conshuffle+wshuffle,chunk_18,184,KR,5.046197604387999,96
binary+conshuffle+wshuffle,chunk_18,184,MC,4.271916225552559,96
binary+conshuffle+wshuffle,chunk_18,184,cosine_similarity,0.0271920040249824,96
binary+conshuffle+wshuffle,chunk_18,184,kl_to_gaussian,0.0,96
binary+conshuffle+wshuffle,chunk_18,184,wt_mean,0.00221511832205575,96
binary+conshuffle+wshuffle,chunk_18,185,GR,8.659411692370972,96
binary+conshuffle+wshuffle,chunk_18,185,IPC,8.616441331690238,96
binary+conshuffle+wshuffle,chunk_18,185,KR,4.499664348860581,96
binary+conshuffle+wshuffle,chunk_18,185,MC,4.752409417182207,96
binary+conshuffle+wshuffle,chunk_18,185,cosine_similarity,0.024972247425466724,96
binary+conshuffle+wshuffle,chunk_18,185,kl_to_gaussian,0.0,96
binary+conshuffle+wshuffle,chunk_18,185,wt_mean,0.00236659200163555,96
binary+conshuffle+wshuffle,chunk_18,186,GR,8.278824729224047,96
binary+conshuffle+wshuffle,chunk_18,186,IPC,8.099275096801682,96
binary+conshuffle+wshuffle,chunk_18,186,KR,4.477713062117497,96
binary+conshuffle+wshuffle,chunk_18,186,MC,4.7052196636796,96
binary+conshuffle+wshuffle,chunk_18,186,cosine_similarity,0.033851273357868125,96
binary+conshuffle+wshuffle,chunk_18,186,kl_to_gaussian,0.0,96
binary+conshuffle+wshuffle,chunk_18,186,wt_mean,0.002340829116292275,96
binary+conshuffle+wshuffle,chunk_18,187,GR,8.658923129240671,96
binary+conshuffle+wshuffle,chunk_18,187,IPC,8.296321262250753,96
binary+conshuffle+wshuffle,chunk_18,187,KR,4.7257917784154415,96
binary+conshuffle+wshuffle,chunk_18,187,MC,4.730099060883124,96
binary+conshuffle+wshuffle,chunk_18,187,cosine_similarity,0.0274694715626537,96
binary+conshuffle+wshuffle,chunk_18,187,kl_to_gaussian,0.0,96
binary+conshuffle+wshuffle,chunk_18,187,wt_mean,0.002324661938473525,96
binary+conshuffle+wshuffle,chunk_18,188,GR,8.384844053536654,96
binary+conshuffle+wshuffle,chunk_18,188,IPC,7.399093695480544,96
binary+conshuffle+wshuffle,chunk_18,188,KR,4.661227876941363,96
binary+conshuffle+wshuffle,chunk_18,188,MC,4.331578101341923,96
binary+conshuffle+wshuffle,chunk_18,188,cosine_similarity,0.0238623768091201,96
binary+conshuffle+wshuffle,chunk_18,188,kl_to_gaussian,0.0,96
binary+conshuffle+wshuffle,chunk_18,188,wt_mean,0.002158852323191175,96
binary+conshuffle+wshuffle,chunk_18,189,GR,8.1658771969378,96
binary+conshuffle+wshuffle,chunk_18,189,IPC,8.401273632780914,96
binary+conshuffle+wshuffle,chunk_18,189,KR,4.422786056995392,96
binary+conshuffle+wshuffle,chunk_18,189,MC,4.983433869977792,96
binary+conshuffle+wshuffle,chunk_18,189,cosine_similarity,0.02386237494647495,96
binary+conshuffle+wshuffle,chunk_18,189,kl_to_gaussian,0.0,96
binary+conshuffle+wshuffle,chunk_18,189,wt_mean,0.002364671934628825,96
binary+conshuffle+wshuffle,chunk_19,190,GR,8.45304349064827,96
binary+conshuffle+wshuffle,chunk_19,190,IPC,8.288145749339035,96
binary+conshuffle+wshuffle,chunk_19,190,KR,4.6148222262660665,96
binary+conshuffle+wshuffle,chunk_19,190,MC,4.764707256108522,96
binary+conshuffle+wshuffle,chunk_19,190,cosine_similarity,0.0263595986180007,96
binary+conshuffle+wshuffle,chunk_19,190,kl_to_gaussian,0.0,96
binary+conshuffle+wshuffle,chunk_19,190,wt_mean,0.0022358603891916,96
binary+conshuffle+wshuffle,chunk_19,191,GR,8.070526756346226,96
binary+conshuffle+wshuffle,chunk_19,191,IPC,8.412460924785957,96
binary+conshuffle+wshuffle,chunk_19,191,KR,4.288425200929244,96
binary+conshuffle+wshuffle,chunk_19,191,MC,4.754378616809845,96
binary+conshuffle+wshuffle,chunk_19,191,cosine_similarity,0.02857935801148413,96
binary+conshuffle+wshuffle,chunk_19,191,kl_to_gaussian,0.0,96
binary+conshuffle+wshuffle,chunk_19,191,wt_mean,0.0022055709268897247,96
binary+conshuffle+wshuffle,chunk_19,192,GR,9.02896669258674,96
binary+conshuffle+wshuffle,chunk_19,192,IPC,8.124793735940075,96
binary+conshuffle+wshuffle,chunk_19,192,KR,4.657994724810123,96
binary+conshuffle+wshuffle,chunk_19,192,MC,4.623180472602447,96
binary+conshuffle+wshuffle,chunk_19,192,cosine_similarity,0.026914537418633675,96
binary+conshuffle+wshuffle,chunk_19,192,kl_to_gaussian,0.0,96
binary+conshuffle+wshuffle,chunk_19,192,wt_mean,0.0022132470912765,96
binary+conshuffle+wshuffle,chunk_19,193,GR,8.007597210506598,96
binary+conshuffle+wshuffle,chunk_19,193,IPC,8.542632071226427,96
binary+conshuffle+wshuffle,chunk_19,193,KR,4.450287025421858,96
binary+conshuffle+wshuffle,chunk_19,193,MC,4.9015157371759415,96
binary+conshuffle+wshuffle,chunk_19,193,cosine_similarity,0.022752494551241374,96
binary+conshuffle+wshuffle,chunk_19,193,kl_to_gaussian,0.0,96
binary+conshuffle+wshuffle,chunk_19,193,wt_mean,0.0022549341374542,96
binary+conshuffle+wshuffle,chunk_19,194,GR,8.84963895380497,96
binary+conshuffle+wshuffle,chunk_19,194,IPC,8.223238681433383,96
binary+conshuffle+wshuffle,chunk_19,194,KR,4.763520327707131,96
binary+conshuffle+wshuffle,chunk_19,194,MC,4.650017000734806,96
binary+conshuffle+wshuffle,chunk_19,194,cosine_similarity,0.029689232353121025,96
binary+conshuffle+wshuffle,chunk_19,194,kl_to_gaussian,0.0,96
binary+conshuffle+wshuffle,chunk_19,194,wt_mean,0.00228392073768185,96
binary+conshuffle+wshuffle,chunk_19,195,GR,7.884772232423226,96
binary+conshuffle+wshuffle,chunk_19,195,IPC,7.812258679131669,96
binary+conshuffle+wshuffle,chunk_19,195,KR,4.450219817459583,96
binary+conshuffle+wshuffle,chunk_19,195,MC,4.65172062938412,96
binary+conshuffle+wshuffle,chunk_19,195,cosine_similarity,0.0280244164168834,96
binary+conshuffle+wshuffle,chunk_19,195,kl_to_gaussian,0.0,96
binary+conshuffle+wshuffle,chunk_19,195,wt_mean,0.002252530539408275,96
binary+conshuffle+wshuffle,chunk_19,196,GR,7.740413578848044,96
binary+conshuffle+wshuffle,chunk_19,196,IPC,7.685890479560649,96
binary+conshuffle+wshuffle,chunk_19,196,KR,4.34206881125768,96
binary+conshuffle+wshuffle,chunk_19,196,MC,4.720610121885936,96
binary+conshuffle+wshuffle,chunk_19,196,cosine_similarity,0.028301889076828925,96
binary+conshuffle+wshuffle,chunk_19,196,kl_to_gaussian,0.0,96
binary+conshuffle+wshuffle,chunk_19,196,wt_mean,0.002167456579627425,96
binary+conshuffle+wshuffle,chunk_19,197,GR,8.800756935030222,96
binary+conshuffle+wshuffle,chunk_19,197,IPC,8.649196178502967,96
binary+conshuffle+wshuffle,chunk_19,197,KR,4.5867931569616,96
binary+conshuffle+wshuffle,chunk_19,197,MC,4.910496529191732,96
binary+conshuffle+wshuffle,chunk_19,197,cosine_similarity,0.024972249288111873,96
binary+conshuffle+wshuffle,chunk_19,197,kl_to_gaussian,0.0,96
binary+conshuffle+wshuffle,chunk_19,197,wt_mean,0.002243553637526875,96
binary+conshuffle+wshuffle,chunk_19,198,GR,9.539425330857435,96
binary+conshuffle+wshuffle,chunk_19,198,IPC,7.8324073600123505,96
binary+conshuffle+wshuffle,chunk_19,198,KR,5.095458274086316,96
binary+conshuffle+wshuffle,chunk_19,198,MC,4.550054084509611,96
binary+conshuffle+wshuffle,chunk_19,198,cosine_similarity,0.02913430333137505,96
binary+conshuffle+wshuffle,chunk_19,198,kl_to_gaussian,0.0,96
binary+conshuffle+wshuffle,chunk_19,198,wt_mean,0.002253265614854125,96
binary+conshuffle+wshuffle,chunk_19,199,GR,8.934156308571497,96
binary+conshuffle+wshuffle,chunk_19,199,IPC,7.872751913588361,96
binary+conshuffle+wshuffle,chunk_19,199,KR,4.7960401227076845,96
binary+conshuffle+wshuffle,chunk_19,199,MC,4.664128681023915,96
binary+conshuffle+wshuffle,chunk_19,199,cosine_similarity,0.030521643813699425,96
binary+conshuffle+wshuffle,chunk_19,199,kl_to_gaussian,0.0,96
binary+conshuffle+wshuffle,chunk_19,199,wt_mean,0.002217632369138225,96
binary+conshuffle+wshuffle,chunk_2,20,GR,10.463950097560883,96
binary+conshuffle+wshuffle,chunk_2,20,IPC,9.16386249021417,96
binary+conshuffle+wshuffle,chunk_2,20,KR,5.461605134109656,96
binary+conshuffle+wshuffle,chunk_2,20,MC,4.916051500787337,96
binary+conshuffle+wshuffle,chunk_2,20,cosine_similarity,0.03301887679845087,96
binary+conshuffle+wshuffle,chunk_2,20,kl_to_gaussian,0.0,96
binary+conshuffle+wshuffle,chunk_2,20,wt_mean,0.0022794752148911,96
binary+conshuffle+wshuffle,chunk_2,21,GR,8.565537544588247,96
binary+conshuffle+wshuffle,chunk_2,21,IPC,8.843660835112011,96
binary+conshuffle+wshuffle,chunk_2,21,KR,4.596769442160924,96
binary+conshuffle+wshuffle,chunk_2,21,MC,4.866573962072532,96
binary+conshuffle+wshuffle,chunk_2,21,cosine_similarity,0.029689234681427475,96
binary+conshuffle+wshuffle,chunk_2,21,kl_to_gaussian,0.0,96
binary+conshuffle+wshuffle,chunk_2,21,wt_mean,0.00233592986478465,96
binary+conshuffle+wshuffle,chunk_2,22,GR,7.578260872513056,96
binary+conshuffle+wshuffle,chunk_2,22,IPC,8.918200928165778,96
binary+conshuffle+wshuffle,chunk_2,22,KR,4.2273209517200785,96
binary+conshuffle+wshuffle,chunk_2,22,MC,4.824051221211751,96
binary+conshuffle+wshuffle,chunk_2,22,cosine_similarity,0.0238623740151524,96
binary+conshuffle+wshuffle,chunk_2,22,kl_to_gaussian,0.0,96
binary+conshuffle+wshuffle,chunk_2,22,wt_mean,0.002247643453301825,96
binary+conshuffle+wshuffle,chunk_2,23,GR,6.946241317937772,96
binary+conshuffle+wshuffle,chunk_2,23,IPC,9.45222901205774,96
binary+conshuffle+wshuffle,chunk_2,23,KR,3.881742858638366,96
binary+conshuffle+wshuffle,chunk_2,23,MC,5.11708998431762,96
binary+conshuffle+wshuffle,chunk_2,23,cosine_similarity,0.031354047358036,96
binary+conshuffle+wshuffle,chunk_2,23,kl_to_gaussian,0.0,96
binary+conshuffle+wshuffle,chunk_2,23,wt_mean,0.0021332380420062,96
binary+conshuffle+wshuffle,chunk_2,24,GR,7.872736349701881,96
binary+conshuffle+wshuffle,chunk_2,24,IPC,8.714350276391395,96
binary+conshuffle+wshuffle,chunk_2,24,KR,4.214830285559098,96
binary+conshuffle+wshuffle,chunk_2,24,MC,4.717236713816722,96
binary+conshuffle+wshuffle,chunk_2,24,cosine_similarity,0.03274139948189255,96
binary+conshuffle+wshuffle,chunk_2,24,kl_to_gaussian,0.0,96
binary+conshuffle+wshuffle,chunk_2,24,wt_mean,0.002257343992823675,96
binary+conshuffle+wshuffle,chunk_2,25,GR,8.48496220757564,96
binary+conshuffle+wshuffle,chunk_2,25,IPC,9.134148238177726,96
binary+conshuffle+wshuffle,chunk_2,25,KR,4.59655262157321,96
binary+conshuffle+wshuffle,chunk_2,25,MC,5.097389666984479,96
binary+conshuffle+wshuffle,chunk_2,25,cosine_similarity,0.027746948413550774,96
binary+conshuffle+wshuffle,chunk_2,25,kl_to_gaussian,0.0,96
binary+conshuffle+wshuffle,chunk_2,25,wt_mean,0.002363899431656975,96
binary+conshuffle+wshuffle,chunk_2,26,GR,10.244392608602842,96
binary+conshuffle+wshuffle,chunk_2,26,IPC,9.745002031058778,96
binary+conshuffle+wshuffle,chunk_2,26,KR,5.377470006545384,96
binary+conshuffle+wshuffle,chunk_2,26,MC,5.295896393557389,96
binary+conshuffle+wshuffle,chunk_2,26,cosine_similarity,0.0255271852947771,96
binary+conshuffle+wshuffle,chunk_2,26,kl_to_gaussian,0.0,96
binary+conshuffle+wshuffle,chunk_2,26,wt_mean,0.00250200499431225,96
binary+conshuffle+wshuffle,chunk_2,27,GR,8.785770730425915,96
binary+conshuffle+wshuffle,chunk_2,27,IPC,9.037063997416844,96
binary+conshuffle+wshuffle,chunk_2,27,KR,4.648503818859656,96
binary+conshuffle+wshuffle,chunk_2,27,MC,4.960770823061466,96
binary+conshuffle+wshuffle,chunk_2,27,cosine_similarity,0.019700335338711673,96
binary+conshuffle+wshuffle,chunk_2,27,kl_to_gaussian,0.0,96
binary+conshuffle+wshuffle,chunk_2,27,wt_mean,0.00239619091735215,96
binary+conshuffle+wshuffle,chunk_2,28,GR,7.437012040366729,96
binary+conshuffle+wshuffle,chunk_2,28,IPC,9.266409778072925,96
binary+conshuffle+wshuffle,chunk_2,28,KR,4.119252098103364,96
binary+conshuffle+wshuffle,chunk_2,28,MC,5.080472908914089,96
binary+conshuffle+wshuffle,chunk_2,28,cosine_similarity,0.030521641485393023,96
binary+conshuffle+wshuffle,chunk_2,28,kl_to_gaussian,0.0,96
binary+conshuffle+wshuffle,chunk_2,28,wt_mean,0.00214325866545545,96
binary+conshuffle+wshuffle,chunk_2,29,GR,7.567248659829299,96
binary+conshuffle+wshuffle,chunk_2,29,IPC,8.592952168221784,96
binary+conshuffle+wshuffle,chunk_2,29,KR,4.090477366000414,96
binary+conshuffle+wshuffle,chunk_2,29,MC,4.842750454942386,96
binary+conshuffle+wshuffle,chunk_2,29,cosine_similarity,0.03218646906316275,96
binary+conshuffle+wshuffle,chunk_2,29,kl_to_gaussian,0.0,96
binary+conshuffle+wshuffle,chunk_2,29,wt_mean,0.0020716528524644,96
binary+conshuffle+wshuffle,chunk_3,30,GR,8.42526293049256,96
binary+conshuffle+wshuffle,chunk_3,30,IPC,9.169481760038897,96
binary+conshuffle+wshuffle,chunk_3,30,KR,4.600052653501431,96
binary+conshuffle+wshuffle,chunk_3,30,MC,5.051340576261282,96
binary+conshuffle+wshuffle,chunk_3,30,cosine_similarity,0.0260821296833455,96
binary+conshuffle+wshuffle,chunk_3,30,kl_to_gaussian,0.0,96
binary+conshuffle+wshuffle,chunk_3,30,wt_mean,0.002225135744083625,96
binary+conshuffle+wshuffle,chunk_3,31,GR,7.618494242429733,96
binary+conshuffle+wshuffle,chunk_3,31,IPC,9.658951310283584,96
binary+conshuffle+wshuffle,chunk_3,31,KR,4.09070469190677,96
binary+conshuffle+wshuffle,chunk_3,31,MC,5.396200692902009,96
binary+conshuffle+wshuffle,chunk_3,31,cosine_similarity,0.02469477662816637,96
binary+conshuffle+wshuffle,chunk_3,31,kl_to_gaussian,0.0,96
binary+conshuffle+wshuffle,chunk_3,31,wt_mean,0.0022601287637371,96
binary+conshuffle+wshuffle,chunk_3,32,GR,8.367361061275005,96
binary+conshuffle+wshuffle,chunk_3,32,IPC,8.682212587946287,96
binary+conshuffle+wshuffle,chunk_3,32,KR,4.6961731885870295,96
binary+conshuffle+wshuffle,chunk_3,32,MC,5.1184009326001005,96
binary+conshuffle+wshuffle,chunk_3,32,cosine_similarity,0.029411762487143223,96
binary+conshuffle+wshuffle,chunk_3,32,kl_to_gaussian,0.0,96
binary+conshuffle+wshuffle,chunk_3,32,wt_mean,0.00216421374352645,96
binary+conshuffle+wshuffle,chunk_3,33,GR,8.531972707559666,96
binary+conshuffle+wshuffle,chunk_3,33,IPC,9.038315259925914,96
binary+conshuffle+wshuffle,chunk_3,33,KR,4.634136916448672,96
binary+conshuffle+wshuffle,chunk_3,33,MC,5.134849933286508,96
binary+conshuffle+wshuffle,chunk_3,33,cosine_similarity,0.025527196936309324,96
binary+conshuffle+wshuffle,chunk_3,33,kl_to_gaussian,0.0,96
binary+conshuffle+wshuffle,chunk_3,33,wt_mean,0.002112459624186125,96
binary+conshuffle+wshuffle,chunk_3,34,GR,9.227854005992413,96
binary+conshuffle+wshuffle,chunk_3,34,IPC,9.105801574071089,96
binary+conshuffle+wshuffle,chunk_3,34,KR,4.7745100085934,96
binary+conshuffle+wshuffle,chunk_3,34,MC,5.001942538966735,96
binary+conshuffle+wshuffle,chunk_3,34,cosine_similarity,0.028856824152171525,96
binary+conshuffle+wshuffle,chunk_3,34,kl_to_gaussian,0.0,96
binary+conshuffle+wshuffle,chunk_3,34,wt_mean,0.002312606520717925,96
binary+conshuffle+wshuffle,chunk_3,35,GR,7.08758760492007,96
binary+conshuffle+wshuffle,chunk_3,35,IPC,8.695658879466915,96
binary+conshuffle+wshuffle,chunk_3,35,KR,3.9036540277302265,96
binary+conshuffle+wshuffle,chunk_3,35,MC,4.791963299115499,96
binary+conshuffle+wshuffle,chunk_3,35,cosine_similarity,0.0258046616800129,96
binary+conshuffle+wshuffle,chunk_3,35,kl_to_gaussian,0.0,96
binary+conshuffle+wshuffle,chunk_3,35,wt_mean,0.0020948187739122247,96
binary+conshuffle+wshuffle,chunk_3,36,GR,7.671394346902768,96
binary+conshuffle+wshuffle,chunk_3,36,IPC,8.804952844524534,96
binary+conshuffle+wshuffle,chunk_3,36,KR,4.227826376756032,96
binary+conshuffle+wshuffle,chunk_3,36,MC,4.929534195611875,96
binary+conshuffle+wshuffle,chunk_3,36,cosine_similarity,0.026637067552655897,96
binary+conshuffle+wshuffle,chunk_3,36,kl_to_gaussian,0.0,96
binary+conshuffle+wshuffle,chunk_3,36,wt_mean,0.0020913707558065,96
binary+conshuffle+wshuffle,chunk_3,37,GR,8.190322012950977,96
binary+conshuffle+wshuffle,chunk_3,37,IPC,9.243289929680907,96
binary+conshuffle+wshuffle,chunk_3,37,KR,4.475952789187431,96
binary+conshuffle+wshuffle,chunk_3,37,MC,4.978329937905073,96
binary+conshuffle+wshuffle,chunk_3,37,cosine_similarity,0.027469482272863322,96
binary+conshuffle+wshuffle,chunk_3,37,kl_to_gaussian,0.0,96
binary+conshuffle+wshuffle,chunk_3,37,wt_mean,0.0022241699043660753,96
binary+conshuffle+wshuffle,chunk_3,38,GR,8.052029813329378,96
binary+conshuffle+wshuffle,chunk_3,38,IPC,9.019267073695657,96
binary+conshuffle+wshuffle,chunk_3,38,KR,4.427680619060993,96
binary+conshuffle+wshuffle,chunk_3,38,MC,4.948599316179752,96
binary+conshuffle+wshuffle,chunk_3,38,cosine_similarity,0.025804658886045148,96
binary+conshuffle+wshuffle,chunk_3,38,kl_to_gaussian,0.0,96
binary+conshuffle+wshuffle,chunk_3,38,wt_mean,0.002268597541842575,96
binary+conshuffle+wshuffle,chunk_3,39,GR,8.86267913505435,96
binary+conshuffle+wshuffle,chunk_3,39,IPC,8.801698176304974,96
binary+conshuffle+wshuffle,chunk_3,39,KR,4.728355020284653,96
binary+conshuffle+wshuffle,chunk_3,39,MC,5.10940641288956,96
binary+conshuffle+wshuffle,chunk_3,39,cosine_similarity,0.030521639622747874,96
binary+conshuffle+wshuffle,chunk_3,39,kl_to_gaussian,0.0,96
binary+conshuffle+wshuffle,chunk_3,39,wt_mean,0.00233581021893765,96
binary+conshuffle+wshuffle,chunk_4,40,GR,8.70978806167841,96
binary+conshuffle+wshuffle,chunk_4,40,IPC,8.641787408235112,96
binary+conshuffle+wshuffle,chunk_4,40,KR,4.739192388951778,96
binary+conshuffle+wshuffle,chunk_4,40,MC,4.7071356400847435,96
binary+conshuffle+wshuffle,chunk_4,40,cosine_similarity,0.028856817632913503,96
binary+conshuffle+wshuffle,chunk_4,40,kl_to_gaussian,0.0,96
binary+conshuffle+wshuffle,chunk_4,40,wt_mean,0.002280514250742225,96
binary+conshuffle+wshuffle,chunk_4,41,GR,7.655085218449433,96
binary+conshuffle+wshuffle,chunk_4,41,IPC,9.055457830368441,96
binary+conshuffle+wshuffle,chunk_4,41,KR,4.0899154506623745,96
binary+conshuffle+wshuffle,chunk_4,41,MC,4.789414027084907,96
binary+conshuffle+wshuffle,chunk_4,41,cosine_similarity,0.028024422470480176,96
binary+conshuffle+wshuffle,chunk_4,41,kl_to_gaussian,0.0,96
binary+conshuffle+wshuffle,chunk_4,41,wt_mean,0.00214659021003165,96
binary+conshuffle+wshuffle,chunk_4,42,GR,7.2137537486851215,96
binary+conshuffle+wshuffle,chunk_4,42,IPC,9.18844906093871,96
binary+conshuffle+wshuffle,chunk_4,42,KR,4.089568377782901,96
binary+conshuffle+wshuffle,chunk_4,42,MC,5.177321733285983,96
binary+conshuffle+wshuffle,chunk_4,42,cosine_similarity,0.031076581217348548,96
binary+conshuffle+wshuffle,chunk_4,42,kl_to_gaussian,0.0,96
binary+conshuffle+wshuffle,chunk_4,42,wt_mean,0.0021558116422965502,96
binary+conshuffle+wshuffle,chunk_4,43,GR,8.244647360096375,96
binary+conshuffle+wshuffle,chunk_4,43,IPC,8.23679072490046,96
binary+conshuffle+wshuffle,chunk_4,43,KR,4.611098201324542,96
binary+conshuffle+wshuffle,chunk_4,43,MC,4.839243531227112,96
binary+conshuffle+wshuffle,chunk_4,43,cosine_similarity,0.03190899174660442,96
binary+conshuffle+wshuffle,chunk_4,43,kl_to_gaussian,0.0,96
binary+conshuffle+wshuffle,chunk_4,43,wt_mean,0.0021842422429471753,96
binary+conshuffle+wshuffle,chunk_4,44,GR,8.597372932980457,96
binary+conshuffle+wshuffle,chunk_4,44,IPC,8.98341301441164,96
binary+conshuffle+wshuffle,chunk_4,44,KR,4.721777381996314,96
binary+conshuffle+wshuffle,chunk_4,44,MC,5.090926840901375,96
binary+conshuffle+wshuffle,chunk_4,44,cosine_similarity,0.02413984481245275,96
binary+conshuffle+wshuffle,chunk_4,44,kl_to_gaussian,0.0,96
binary+conshuffle+wshuffle,chunk_4,44,wt_mean,0.00230089199612845,96
binary+conshuffle+wshuffle,chunk_4,45,GR,8.198532549043497,96
binary+conshuffle+wshuffle,chunk_4,45,IPC,8.979546328242739,96
binary+conshuffle+wshuffle,chunk_4,45,KR,4.493464943021536,96
binary+conshuffle+wshuffle,chunk_4,45,MC,5.197672461469968,96
binary+conshuffle+wshuffle,chunk_4,45,cosine_similarity,0.025804662611335474,96
binary+conshuffle+wshuffle,chunk_4,45,kl_to_gaussian,0.0,96
binary+conshuffle+wshuffle,chunk_4,45,wt_mean,0.0022056360903661,96
binary+conshuffle+wshuffle,chunk_4,46,GR,9.680089006821314,96
binary+conshuffle+wshuffle,chunk_4,46,IPC,9.093487464893906,96
binary+conshuffle+wshuffle,chunk_4,46,KR,5.265836181739966,96
binary+conshuffle+wshuffle,chunk_4,46,MC,5.417046815156937,96
binary+conshuffle+wshuffle,chunk_4,46,cosine_similarity,0.024417311884462774,96
binary+conshuffle+wshuffle,chunk_4,46,kl_to_gaussian,0.0,96
binary+conshuffle+wshuffle,chunk_4,46,wt_mean,0.002344003092730375,96
binary+conshuffle+wshuffle,chunk_4,47,GR,8.215760126709938,96
binary+conshuffle+wshuffle,chunk_4,47,IPC,8.68432226130487,96
binary+conshuffle+wshuffle,chunk_4,47,KR,4.495980272690455,96
binary+conshuffle+wshuffle,chunk_4,47,MC,4.943757409850757,96
binary+conshuffle+wshuffle,chunk_4,47,cosine_similarity,0.0246947826817631,96
binary+conshuffle+wshuffle,chunk_4,47,kl_to_gaussian,0.0,96
binary+conshuffle+wshuffle,chunk_4,47,wt_mean,0.002263423957629075,96
binary+conshuffle+wshuffle,chunk_4,48,GR,7.7761600104471045,96
binary+conshuffle+wshuffle,chunk_4,48,IPC,9.723221402299169,96
binary+conshuffle+wshuffle,chunk_4,48,KR,4.305115296194951,96
binary+conshuffle+wshuffle,chunk_4,48,MC,5.276386211315791,96
binary+conshuffle+wshuffle,chunk_4,48,cosine_similarity,0.03052164288237685,96
binary+conshuffle+wshuffle,chunk_4,48,kl_to_gaussian,0.0,96
binary+conshuffle+wshuffle,chunk_4,48,wt_mean,0.002315613208338575,96
binary+conshuffle+wshuffle,chunk_4,49,GR,8.020589056114355,96
binary+conshuffle+wshuffle,chunk_4,49,IPC,9.415954498392724,96
binary+conshuffle+wshuffle,chunk_4,49,KR,4.456969600170851,96
binary+conshuffle+wshuffle,chunk_4,49,MC,5.259132008999586,96
binary+conshuffle+wshuffle,chunk_4,49,cosine_similarity,0.0258046546950936,96
binary+conshuffle+wshuffle,chunk_4,49,kl_to_gaussian,0.0,96
binary+conshuffle+wshuffle,chunk_4,49,wt_mean,0.002269605582114275,96
binary+conshuffle+wshuffle,chunk_5,50,GR,9.272614469130835,96
binary+conshuffle+wshuffle,chunk_5,50,IPC,8.821874563019717,96
binary+conshuffle+wshuffle,chunk_5,50,KR,5.143466354658206,96
binary+conshuffle+wshuffle,chunk_5,50,MC,5.076410086204608,96
binary+conshuffle+wshuffle,chunk_5,50,cosine_similarity,0.03523862548172465,96
binary+conshuffle+wshuffle,chunk_5,50,kl_to_gaussian,0.0,96
binary+conshuffle+wshuffle,chunk_5,50,wt_mean,0.0023358210164587247,96
binary+conshuffle+wshuffle,chunk_5,51,GR,9.398372049132982,96
binary+conshuffle+wshuffle,chunk_5,51,IPC,9.556912448124441,96
binary+conshuffle+wshuffle,chunk_5,51,KR,5.027703170975049,96
binary+conshuffle+wshuffle,chunk_5,51,MC,5.278100500504176,96
binary+conshuffle+wshuffle,chunk_5,51,cosine_similarity,0.030799118801951377,96
binary+conshuffle+wshuffle,chunk_5,51,kl_to_gaussian,0.0,96
binary+conshuffle+wshuffle,chunk_5,51,wt_mean,0.0023941936960909,96
binary+conshuffle+wshuffle,chunk_5,52,GR,7.302470577259858,96
binary+conshuffle+wshuffle,chunk_5,52,IPC,8.923794660899501,96
binary+conshuffle+wshuffle,chunk_5,52,KR,4.014201924204826,96
binary+conshuffle+wshuffle,chunk_5,52,MC,5.005528684705496,96
binary+conshuffle+wshuffle,chunk_5,52,cosine_similarity,0.026082131545990626,96
binary+conshuffle+wshuffle,chunk_5,52,kl_to_gaussian,0.0,96
binary+conshuffle+wshuffle,chunk_5,52,wt_mean,0.002184203302022025,96
binary+conshuffle+wshuffle,chunk_5,53,GR,8.915613989035288,96
binary+conshuffle+wshuffle,chunk_5,53,IPC,9.595039064838948,96
binary+conshuffle+wshuffle,chunk_5,53,KR,4.7963437388340635,96
binary+conshuffle+wshuffle,chunk_5,53,MC,5.530470207333565,96
binary+conshuffle+wshuffle,chunk_5,53,cosine_similarity,0.030799111351370773,96
binary+conshuffle+wshuffle,chunk_5,53,kl_to_gaussian,0.0,96
binary+conshuffle+wshuffle,chunk_5,53,wt_mean,0.002332530013518375,96
binary+conshuffle+wshuffle,chunk_5,54,GR,7.951472581674655,96
binary+conshuffle+wshuffle,chunk_5,54,IPC,9.376067648002705,96
binary+conshuffle+wshuffle,chunk_5,54,KR,4.343884088099003,96
binary+conshuffle+wshuffle,chunk_5,54,MC,5.397402646640937,96
binary+conshuffle+wshuffle,chunk_5,54,cosine_similarity,0.024972255341708622,96
binary+conshuffle+wshuffle,chunk_5,54,kl_to_gaussian,0.0,96
binary+conshuffle+wshuffle,chunk_5,54,wt_mean,0.00227642766549245,96
binary+conshuffle+wshuffle,chunk_5,55,GR,8.639754167447487,96
binary+conshuffle+wshuffle,chunk_5,55,IPC,9.820155319062676,96
binary+conshuffle+wshuffle,chunk_5,55,KR,4.597202009210984,96
binary+conshuffle+wshuffle,chunk_5,55,MC,5.361100882291794,96
binary+conshuffle+wshuffle,chunk_5,55,cosine_similarity,0.0310765788890421,96
binary+conshuffle+wshuffle,chunk_5,55,kl_to_gaussian,0.0,96
binary+conshuffle+wshuffle,chunk_5,55,wt_mean,0.0022648978629148998,96
binary+conshuffle+wshuffle,chunk_5,56,GR,8.184056546539068,96
binary+conshuffle+wshuffle,chunk_5,56,IPC,9.336177561249382,96
binary+conshuffle+wshuffle,chunk_5,56,KR,4.487070019046466,96
binary+conshuffle+wshuffle,chunk_5,56,MC,5.134489684055249,96
binary+conshuffle+wshuffle,chunk_5,56,cosine_similarity,0.024139848072081777,96
binary+conshuffle+wshuffle,chunk_5,56,kl_to_gaussian,0.0,96
binary+conshuffle+wshuffle,chunk_5,56,wt_mean,0.0022723428555764,96
binary+conshuffle+wshuffle,chunk_5,57,GR,8.98616386204958,96
binary+conshuffle+wshuffle,chunk_5,57,IPC,9.276732860449453,96
binary+conshuffle+wshuffle,chunk_5,57,KR,4.771809349457423,96
binary+conshuffle+wshuffle,chunk_5,57,MC,5.062226289262374,96
binary+conshuffle+wshuffle,chunk_5,57,cosine_similarity,0.02691453788429495,96
binary+conshuffle+wshuffle,chunk_5,57,kl_to_gaussian,0.0,96
binary+conshuffle+wshuffle,chunk_5,57,wt_mean,0.002276718820212375,96
binary+conshuffle+wshuffle,chunk_5,58,GR,9.206673387438059,96
binary+conshuffle+wshuffle,chunk_5,58,IPC,8.851959596203566,96
binary+conshuffle+wshuffle,chunk_5,58,KR,4.86455054456989,96
binary+conshuffle+wshuffle,chunk_5,58,MC,4.897513380895059,96
binary+conshuffle+wshuffle,chunk_5,58,cosine_similarity,0.024694781750440552,96
binary+conshuffle+wshuffle,chunk_5,58,kl_to_gaussian,0.0,96
binary+conshuffle+wshuffle,chunk_5,58,wt_mean,0.0022719402913935,96
binary+conshuffle+wshuffle,chunk_5,59,GR,8.204990155994892,96
binary+conshuffle+wshuffle,chunk_5,59,IPC,8.36586279254757,96
binary+conshuffle+wshuffle,chunk_5,59,KR,4.580336641520262,96
binary+conshuffle+wshuffle,chunk_5,59,MC,4.677823302646478,96
binary+conshuffle+wshuffle,chunk_5,59,cosine_similarity,0.035793567076325354,96
binary+conshuffle+wshuffle,chunk_5,59,kl_to_gaussian,0.0,96
binary+conshuffle+wshuffle,chunk_5,59,wt_mean,0.002137798437615825,96
binary+conshuffle+wshuffle,chunk_6,60,GR,8.263761484374603,96
binary+conshuffle+wshuffle,chunk_6,60,IPC,9.345744830233931,96
binary+conshuffle+wshuffle,chunk_6,60,KR,4.455232504755259,96
binary+conshuffle+wshuffle,chunk_6,60,MC,4.851823781927426,96
binary+conshuffle+wshuffle,chunk_6,60,cosine_similarity,0.028024421539157577,96
binary+conshuffle+wshuffle,chunk_6,60,kl_to_gaussian,0.0,96
binary+conshuffle+wshuffle,chunk_6,60,wt_mean,0.002257102227304075,96
binary+conshuffle+wshuffle,chunk_6,61,GR,9.303407323857149,96
binary+conshuffle+wshuffle,chunk_6,61,IPC,8.99079624379978,96
binary+conshuffle+wshuffle,chunk_6,61,KR,4.985655856629212,96
binary+conshuffle+wshuffle,chunk_6,61,MC,4.8691809438169,96
binary+conshuffle+wshuffle,chunk_6,61,cosine_similarity,0.0277469488792121,96
binary+conshuffle+wshuffle,chunk_6,61,kl_to_gaussian,0.0,96
binary+conshuffle+wshuffle,chunk_6,61,wt_mean,0.0021607865928672,96
binary+conshuffle+wshuffle,chunk_6,62,GR,8.765302094320456,96
binary+conshuffle+wshuffle,chunk_6,62,IPC,9.377464901622744,96
binary+conshuffle+wshuffle,chunk_6,62,KR,4.750944409519434,96
binary+conshuffle+wshuffle,chunk_6,62,MC,5.259280115365982,96
binary+conshuffle+wshuffle,chunk_6,62,cosine_similarity,0.03135405387729403,96
binary+conshuffle+wshuffle,chunk_6,62,kl_to_gaussian,0.0,96
binary+conshuffle+wshuffle,chunk_6,62,wt_mean,0.002339449245482625,96
binary+conshuffle+wshuffle,chunk_6,63,GR,8.291325428833565,96
binary+conshuffle+wshuffle,chunk_6,63,IPC,9.231397662763854,96
binary+conshuffle+wshuffle,chunk_6,63,KR,4.4033660391966505,96
binary+conshuffle+wshuffle,chunk_6,63,MC,4.904601679493983,96
binary+conshuffle+wshuffle,chunk_6,63,cosine_similarity,0.032463925890624475,96
binary+conshuffle+wshuffle,chunk_6,63,kl_to_gaussian,0.0,96
binary+conshuffle+wshuffle,chunk_6,63,wt_mean,0.002192368789110275,96
binary+conshuffle+wshuffle,chunk_6,64,GR,8.147817538430294,96
binary+conshuffle+wshuffle,chunk_6,64,IPC,8.880358645754928,96
binary+conshuffle+wshuffle,chunk_6,64,KR,4.454413803915183,96
binary+conshuffle+wshuffle,chunk_6,64,MC,4.982345475504796,96
binary+conshuffle+wshuffle,chunk_6,64,cosine_similarity,0.02469478128477925,96
binary+conshuffle+wshuffle,chunk_6,64,kl_to_gaussian,0.0,96
binary+conshuffle+wshuffle,chunk_6,64,wt_mean,0.002232991624623475,96
binary+conshuffle+wshuffle,chunk_6,65,GR,8.441244896501303,96
binary+conshuffle+wshuffle,chunk_6,65,IPC,8.276332449442164,96
binary+conshuffle+wshuffle,chunk_6,65,KR,4.666235463072856,96
binary+conshuffle+wshuffle,chunk_6,65,MC,4.602561868727207,96
binary+conshuffle+wshuffle,chunk_6,65,cosine_similarity,0.028024419210851123,96
binary+conshuffle+wshuffle,chunk_6,65,kl_to_gaussian,0.0,96
binary+conshuffle+wshuffle,chunk_6,65,wt_mean,0.002200917049776725,96
binary+conshuffle+wshuffle,chunk_6,66,GR,7.807487316429615,96
binary+conshuffle+wshuffle,chunk_6,66,IPC,9.123840913662628,96
binary+conshuffle+wshuffle,chunk_6,66,KR,4.30486211925745,96
binary+conshuffle+wshuffle,chunk_6,66,MC,5.121656186878681,96
binary+conshuffle+wshuffle,chunk_6,66,cosine_similarity,0.030521644279360726,96
binary+conshuffle+wshuffle,chunk_6,66,kl_to_gaussian,0.0,96
binary+conshuffle+wshuffle,chunk_6,66,wt_mean,0.002274306112667475,96
binary+conshuffle+wshuffle,chunk_6,67,GR,7.341824345290661,96
binary+conshuffle+wshuffle,chunk_6,67,IPC,9.023462643820473,96
binary+conshuffle+wshuffle,chunk_6,67,KR,4.043519329279661,96
binary+conshuffle+wshuffle,chunk_6,67,MC,4.985053939123948,96
binary+conshuffle+wshuffle,chunk_6,67,cosine_similarity,0.028024422936141425,96
binary+conshuffle+wshuffle,chunk_6,67,kl_to_gaussian,0.0,96
binary+conshuffle+wshuffle,chunk_6,67,wt_mean,0.0022207883885129753,96
binary+conshuffle+wshuffle,chunk_6,68,GR,9.0317544216911,96
binary+conshuffle+wshuffle,chunk_6,68,IPC,9.28700328087143,96
binary+conshuffle+wshuffle,chunk_6,68,KR,4.847225710749626,96
binary+conshuffle+wshuffle,chunk_6,68,MC,5.2005598085622,96
binary+conshuffle+wshuffle,chunk_6,68,cosine_similarity,0.028301891405135376,96
binary+conshuffle+wshuffle,chunk_6,68,kl_to_gaussian,0.0,96
binary+conshuffle+wshuffle,chunk_6,68,wt_mean,0.0023984313302207,96
binary+conshuffle+wshuffle,chunk_6,69,GR,7.278465837240219,96
binary+conshuffle+wshuffle,chunk_6,69,IPC,8.657711646597278,96
binary+conshuffle+wshuffle,chunk_6,69,KR,3.9861901278297105,96
binary+conshuffle+wshuffle,chunk_6,69,MC,4.729289881885052,96
binary+conshuffle+wshuffle,chunk_6,69,cosine_similarity,0.02164262672886248,96
binary+conshuffle+wshuffle,chunk_6,69,kl_to_gaussian,0.0,96
binary+conshuffle+wshuffle,chunk_6,69,wt_mean,0.0021263464586809004,96
binary+conshuffle+wshuffle,chunk_7,70,GR,9.335062950849533,96
binary+conshuffle+wshuffle,chunk_7,70,IPC,8.373376558037103,96
binary+conshuffle+wshuffle,chunk_7,70,KR,5.047669496387243,96
binary+conshuffle+wshuffle,chunk_7,70,MC,4.938521145532529,96
binary+conshuffle+wshuffle,chunk_7,70,cosine_similarity,0.02608213014900675,96
binary+conshuffle+wshuffle,chunk_7,70,kl_to_gaussian,0.0,96
binary+conshuffle+wshuffle,chunk_7,70,wt_mean,0.0023018330684862497,96
binary+conshuffle+wshuffle,chunk_7,71,GR,8.474496146043142,96
binary+conshuffle+wshuffle,chunk_7,71,IPC,9.309182726982646,96
binary+conshuffle+wshuffle,chunk_7,71,KR,4.64024489497145,96
binary+conshuffle+wshuffle,chunk_7,71,MC,5.218608982861042,96
binary+conshuffle+wshuffle,chunk_7,71,cosine_similarity,0.028301889542490227,96
binary+conshuffle+wshuffle,chunk_7,71,kl_to_gaussian,0.0,96
binary+conshuffle+wshuffle,chunk_7,71,wt_mean,0.002291460521519125,96
binary+conshuffle+wshuffle,chunk_7,72,GR,7.109680214275916,96
binary+conshuffle+wshuffle,chunk_7,72,IPC,9.545283310307594,96
binary+conshuffle+wshuffle,chunk_7,72,KR,3.954017641643683,96
binary+conshuffle+wshuffle,chunk_7,72,MC,5.240198363860448,96
binary+conshuffle+wshuffle,chunk_7,72,cosine_similarity,0.0313540585339069,96
binary+conshuffle+wshuffle,chunk_7,72,kl_to_gaussian,0.0,96
binary+conshuffle+wshuffle,chunk_7,72,wt_mean,0.0022267500462475748,96
binary+conshuffle+wshuffle,chunk_7,73,GR,7.8521195116142435,96
binary+conshuffle+wshuffle,chunk_7,73,IPC,9.753633649226803,96
binary+conshuffle+wshuffle,chunk_7,73,KR,4.408555281658967,96
binary+conshuffle+wshuffle,chunk_7,73,MC,5.5875267436107,96
binary+conshuffle+wshuffle,chunk_7,73,cosine_similarity,0.026082132942974498,96
binary+conshuffle+wshuffle,chunk_7,73,kl_to_gaussian,0.0,96
binary+conshuffle+wshuffle,chunk_7,73,wt_mean,0.00231313268886875,96
binary+conshuffle+wshuffle,chunk_7,74,GR,9.161760851740837,96
binary+conshuffle+wshuffle,chunk_7,74,IPC,9.230918421874,96
binary+conshuffle+wshuffle,chunk_7,74,KR,4.83951632057627,96
binary+conshuffle+wshuffle,chunk_7,74,MC,5.021357414623101,96
binary+conshuffle+wshuffle,chunk_7,74,cosine_similarity,0.0307991104200482,96
binary+conshuffle+wshuffle,chunk_7,74,kl_to_gaussian,0.0,96
binary+conshuffle+wshuffle,chunk_7,74,wt_mean,0.0022653904743492,96
binary+conshuffle+wshuffle,chunk_7,75,GR,7.848002654810746,96
binary+conshuffle+wshuffle,chunk_7,75,IPC,8.729449826453271,96
binary+conshuffle+wshuffle,chunk_7,75,KR,4.39191605647405,96
binary+conshuffle+wshuffle,chunk_7,75,MC,5.076941968252261,96
binary+conshuffle+wshuffle,chunk_7,75,cosine_similarity,0.0313540510833263,96
binary+conshuffle+wshuffle,chunk_7,75,kl_to_gaussian,0.0,96
binary+conshuffle+wshuffle,chunk_7,75,wt_mean,0.00215900241164485,96
binary+conshuffle+wshuffle,chunk_7,76,GR,8.112380719433228,96
binary+conshuffle+wshuffle,chunk_7,76,IPC,9.25718093735219,96
binary+conshuffle+wshuffle,chunk_7,76,KR,4.362881105393171,96
binary+conshuffle+wshuffle,chunk_7,76,MC,5.333318001280229,96
binary+conshuffle+wshuffle,chunk_7,76,cosine_similarity,0.034683685749769204,96
binary+conshuffle+wshuffle,chunk_7,76,kl_to_gaussian,0.0,96
binary+conshuffle+wshuffle,chunk_7,76,wt_mean,0.0023113361967261503,96
binary+conshuffle+wshuffle,chunk_7,77,GR,9.14340757826964,96
binary+conshuffle+wshuffle,chunk_7,77,IPC,9.386026682590773,96
binary+conshuffle+wshuffle,chunk_7,77,KR,5.031601514667273,96
binary+conshuffle+wshuffle,chunk_7,77,MC,5.163814174632232,96
binary+conshuffle+wshuffle,chunk_7,77,cosine_similarity,0.023029973264783576,96
binary+conshuffle+wshuffle,chunk_7,77,kl_to_gaussian,0.0,96
binary+conshuffle+wshuffle,chunk_7,77,wt_mean,0.0023193272063508,96
binary+conshuffle+wshuffle,chunk_7,78,GR,8.614589483787617,96
binary+conshuffle+wshuffle,chunk_7,78,IPC,9.198874890275937,96
binary+conshuffle+wshuffle,chunk_7,78,KR,4.4190716706216335,96
binary+conshuffle+wshuffle,chunk_7,78,MC,4.960534735272328,96
binary+conshuffle+wshuffle,chunk_7,78,cosine_similarity,0.03163152281194918,96
binary+conshuffle+wshuffle,chunk_7,78,kl_to_gaussian,0.0,96
binary+conshuffle+wshuffle,chunk_7,78,wt_mean,0.0022602753597311,96
binary+conshuffle+wshuffle,chunk_7,79,GR,7.651698938260476,96
binary+conshuffle+wshuffle,chunk_7,79,IPC,9.24427952425833,96
binary+conshuffle+wshuffle,chunk_7,79,KR,4.092536728829145,96
binary+conshuffle+wshuffle,chunk_7,79,MC,5.051203093181054,96
binary+conshuffle+wshuffle,chunk_7,79,cosine_similarity,0.024972251150757,96
binary+conshuffle+wshuffle,chunk_7,79,kl_to_gaussian,0.0,96
binary+conshuffle+wshuffle,chunk_7,79,wt_mean,0.00226329042925495,96
binary+conshuffle+wshuffle,chunk_8,80,GR,8.523967058708271,96
binary+conshuffle+wshuffle,chunk_8,80,IPC,8.103464807844814,96
binary+conshuffle+wshuffle,chunk_8,80,KR,4.746702985217174,96
binary+conshuffle+wshuffle,chunk_8,80,MC,4.920614847292502,96
binary+conshuffle+wshuffle,chunk_8,80,cosine_similarity,0.02913428936153645,96
binary+conshuffle+wshuffle,chunk_8,80,kl_to_gaussian,0.0,96
binary+conshuffle+wshuffle,chunk_8,80,wt_mean,0.0022188174189067497,96
binary+conshuffle+wshuffle,chunk_8,81,GR,8.79426597058773,96
binary+conshuffle+wshuffle,chunk_8,81,IPC,7.615869178209369,96
binary+conshuffle+wshuffle,chunk_8,81,KR,4.785685869554679,96
binary+conshuffle+wshuffle,chunk_8,81,MC,4.5446158945560455,96
binary+conshuffle+wshuffle,chunk_8,81,cosine_similarity,0.03135405667126175,96
binary+conshuffle+wshuffle,chunk_8,81,kl_to_gaussian,0.0,96
binary+conshuffle+wshuffle,chunk_8,81,wt_mean,0.0021584442292805,96
binary+conshuffle+wshuffle,chunk_8,82,GR,9.811007698376974,96
binary+conshuffle+wshuffle,chunk_8,82,IPC,7.5078440773032495,96
binary+conshuffle+wshuffle,chunk_8,82,KR,5.234863926966985,96
binary+conshuffle+wshuffle,chunk_8,82,MC,4.568210452795029,96
binary+conshuffle+wshuffle,chunk_8,82,cosine_similarity,0.027192004956305,96
binary+conshuffle+wshuffle,chunk_8,82,kl_to_gaussian,0.0,96
binary+conshuffle+wshuffle,chunk_8,82,wt_mean,0.00229528304771515,96
binary+conshuffle+wshuffle,chunk_8,83,GR,8.661790998031696,96
binary+conshuffle+wshuffle,chunk_8,83,IPC,7.526024920350061,96
binary+conshuffle+wshuffle,chunk_8,83,KR,4.523503293593724,96
binary+conshuffle+wshuffle,chunk_8,83,MC,4.435201262434323,96
binary+conshuffle+wshuffle,chunk_8,83,cosine_similarity,0.030244169756770075,96
binary+conshuffle+wshuffle,chunk_8,83,kl_to_gaussian,0.0,96
binary+conshuffle+wshuffle,chunk_8,83,wt_mean,0.002177727525122425,96
binary+conshuffle+wshuffle,chunk_8,84,GR,8.832020319998264,96
binary+conshuffle+wshuffle,chunk_8,84,IPC,8.284742354398354,96
binary+conshuffle+wshuffle,chunk_8,84,KR,4.84276748324434,96
binary+conshuffle+wshuffle,chunk_8,84,MC,4.823104236274958,96
binary+conshuffle+wshuffle,chunk_8,84,cosine_similarity,0.0299667082726955,96
binary+conshuffle+wshuffle,chunk_8,84,kl_to_gaussian,0.0,96
binary+conshuffle+wshuffle,chunk_8,84,wt_mean,0.002224581665359375,96
binary+conshuffle+wshuffle,chunk_8,85,GR,8.170906690259775,96
binary+conshuffle+wshuffle,chunk_8,85,IPC,7.935126579290148,96
binary+conshuffle+wshuffle,chunk_8,85,KR,4.333335588375728,96
binary+conshuffle+wshuffle,chunk_8,85,MC,4.536883754655719,96
binary+conshuffle+wshuffle,chunk_8,85,cosine_similarity,0.025804658886045148,96
binary+conshuffle+wshuffle,chunk_8,85,kl_to_gaussian,0.0,96
binary+conshuffle+wshuffle,chunk_8,85,wt_mean,0.00220916527905495,96
binary+conshuffle+wshuffle,chunk_8,86,GR,8.527759575595459,96
binary+conshuffle+wshuffle,chunk_8,86,IPC,8.377776165628395,96
binary+conshuffle+wshuffle,chunk_8,86,KR,4.537865545600653,96
binary+conshuffle+wshuffle,chunk_8,86,MC,4.9444307287534075,96
binary+conshuffle+wshuffle,chunk_8,86,cosine_similarity,0.0230299653485417,96
binary+conshuffle+wshuffle,chunk_8,86,kl_to_gaussian,0.0,96
binary+conshuffle+wshuffle,chunk_8,86,wt_mean,0.0022914499859325002,96
binary+conshuffle+wshuffle,chunk_8,87,GR,8.485306590795517,96
binary+conshuffle+wshuffle,chunk_8,87,IPC,8.448717564055578,96
binary+conshuffle+wshuffle,chunk_8,87,KR,4.494248293340206,96
binary+conshuffle+wshuffle,chunk_8,87,MC,4.737480712433656,96
binary+conshuffle+wshuffle,chunk_8,87,cosine_similarity,0.026082132942974474,96
binary+conshuffle+wshuffle,chunk_8,87,kl_to_gaussian,0.0,96
binary+conshuffle+wshuffle,chunk_8,87,wt_mean,0.0022501490602735,96
binary+conshuffle+wshuffle,chunk_8,88,GR,9.28396755705277,96
binary+conshuffle+wshuffle,chunk_8,88,IPC,8.290750329958096,96
binary+conshuffle+wshuffle,chunk_8,88,KR,4.833784783879916,96
binary+conshuffle+wshuffle,chunk_8,88,MC,4.671800355116527,96
binary+conshuffle+wshuffle,chunk_8,88,cosine_similarity,0.026637068949639752,96
binary+conshuffle+wshuffle,chunk_8,88,kl_to_gaussian,0.0,96
binary+conshuffle+wshuffle,chunk_8,88,wt_mean,0.002256040839711125,96
binary+conshuffle+wshuffle,chunk_8,89,GR,7.528074542681376,96
binary+conshuffle+wshuffle,chunk_8,89,IPC,8.021792842283249,96
binary+conshuffle+wshuffle,chunk_8,89,KR,4.185608291377624,96
binary+conshuffle+wshuffle,chunk_8,89,MC,4.694049127399921,96
binary+conshuffle+wshuffle,chunk_8,89,cosine_similarity,0.031354050152003723,96
binary+conshuffle+wshuffle,chunk_8,89,kl_to_gaussian,0.0,96
binary+conshuffle+wshuffle,chunk_8,89,wt_mean,0.0021354208583943004,96
binary+conshuffle+wshuffle,chunk_9,90,GR,10.496222324669361,96
binary+conshuffle+wshuffle,chunk_9,90,IPC,8.120675122553385,96
binary+conshuffle+wshuffle,chunk_9,90,KR,5.557098078231017,96
binary+conshuffle+wshuffle,chunk_9,90,MC,4.756857040027778,96
binary+conshuffle+wshuffle,chunk_9,90,cosine_similarity,0.0305216410197317,96
binary+conshuffle+wshuffle,chunk_9,90,kl_to_gaussian,0.0,96
binary+conshuffle+wshuffle,chunk_9,90,wt_mean,0.00221055641304695,96
binary+conshuffle+wshuffle,chunk_9,91,GR,8.592336306969324,96
binary+conshuffle+wshuffle,chunk_9,91,IPC,8.131827372322716,96
binary+conshuffle+wshuffle,chunk_9,91,KR,4.590852035830419,96
binary+conshuffle+wshuffle,chunk_9,91,MC,4.590046872074406,96
binary+conshuffle+wshuffle,chunk_9,91,cosine_similarity,0.026359600014984576,96
binary+conshuffle+wshuffle,chunk_9,91,kl_to_gaussian,0.0,96
binary+conshuffle+wshuffle,chunk_9,91,wt_mean,0.002265153278130975,96
binary+conshuffle+wshuffle,chunk_9,92,GR,7.347826098402341,96
binary+conshuffle+wshuffle,chunk_9,92,IPC,8.546928757360313,96
binary+conshuffle+wshuffle,chunk_9,92,KR,4.114152020464341,96
binary+conshuffle+wshuffle,chunk_9,92,MC,4.804063392182191,96
binary+conshuffle+wshuffle,chunk_9,92,cosine_similarity,0.025527190417051274,96
binary+conshuffle+wshuffle,chunk_9,92,kl_to_gaussian,0.0,96
binary+conshuffle+wshuffle,chunk_9,92,wt_mean,0.0022392507235053497,96
binary+conshuffle+wshuffle,chunk_9,93,GR,8.594146004567543,96
binary+conshuffle+wshuffle,chunk_9,93,IPC,8.394057796433746,96
binary+conshuffle+wshuffle,chunk_9,93,KR,4.743272429953019,96
binary+conshuffle+wshuffle,chunk_9,93,MC,5.029179143408935,96
binary+conshuffle+wshuffle,chunk_9,93,cosine_similarity,0.028579352423548653,96
binary+conshuffle+wshuffle,chunk_9,93,kl_to_gaussian,0.0,96
binary+conshuffle+wshuffle,chunk_9,93,wt_mean,0.002304411842487725,96
binary+conshuffle+wshuffle,chunk_9,94,GR,8.78570830821991,96
binary+conshuffle+wshuffle,chunk_9,94,IPC,8.59430302080285,96
binary+conshuffle+wshuffle,chunk_9,94,KR,4.74286326020956,96
binary+conshuffle+wshuffle,chunk_9,94,MC,4.960130078097184,96
binary+conshuffle+wshuffle,chunk_9,94,cosine_similarity,0.0327414013445377,96
binary+conshuffle+wshuffle,chunk_9,94,kl_to_gaussian,0.0,96
binary+conshuffle+wshuffle,chunk_9,94,wt_mean,0.0022485489025711497,96
binary+conshuffle+wshuffle,chunk_9,95,GR,8.834249394635359,96
binary+conshuffle+wshuffle,chunk_9,95,IPC,8.618603953856558,96
binary+conshuffle+wshuffle,chunk_9,95,KR,4.679078268508117,96
binary+conshuffle+wshuffle,chunk_9,95,MC,4.990367793788512,96
binary+conshuffle+wshuffle,chunk_9,95,cosine_similarity,0.03274139575660225,96
binary+conshuffle+wshuffle,chunk_9,95,kl_to_gaussian,0.0,96
binary+conshuffle+wshuffle,chunk_9,95,wt_mean,0.0024230451090260998,96
binary+conshuffle+wshuffle,chunk_9,96,GR,9.023327056318521,96
binary+conshuffle+wshuffle,chunk_9,96,IPC,8.228064820694145,96
binary+conshuffle+wshuffle,chunk_9,96,KR,4.767495243499677,96
binary+conshuffle+wshuffle,chunk_9,96,MC,4.745201772699754,96
binary+conshuffle+wshuffle,chunk_9,96,cosine_similarity,0.02913429308682675,96
binary+conshuffle+wshuffle,chunk_9,96,kl_to_gaussian,0.0,96
binary+conshuffle+wshuffle,chunk_9,96,wt_mean,0.00222284908522845,96
binary+conshuffle+wshuffle,chunk_9,97,GR,8.416638551900784,96
binary+conshuffle+wshuffle,chunk_9,97,IPC,8.489989096568301,96
binary+conshuffle+wshuffle,chunk_9,97,KR,4.512020794053872,96
binary+conshuffle+wshuffle,chunk_9,97,MC,4.808292229970296,96
binary+conshuffle+wshuffle,chunk_9,97,cosine_similarity,0.0202552722766995,96
binary+conshuffle+wshuffle,chunk_9,97,kl_to_gaussian,0.0,96
binary+conshuffle+wshuffle,chunk_9,97,wt_mean,0.00225858573685395,96
binary+conshuffle+wshuffle,chunk_9,98,GR,8.72741207604607,96
binary+conshuffle+wshuffle,chunk_9,98,IPC,8.500692786536286,96
binary+conshuffle+wshuffle,chunk_9,98,KR,4.645022628208001,96
binary+conshuffle+wshuffle,chunk_9,98,MC,4.8997662005325155,96
binary+conshuffle+wshuffle,chunk_9,98,cosine_similarity,0.03135405573993917,96
binary+conshuffle+wshuffle,chunk_9,98,kl_to_gaussian,0.0,96
binary+conshuffle+wshuffle,chunk_9,98,wt_mean,0.002343442378332775,96
binary+conshuffle+wshuffle,chunk_9,99,GR,8.293909918516874,96
binary+conshuffle+wshuffle,chunk_9,99,IPC,8.245441961310458,96
binary+conshuffle+wshuffle,chunk_9,99,KR,4.673311059673627,96
binary+conshuffle+wshuffle,chunk_9,99,MC,4.878739733248949,96
binary+conshuffle+wshuffle,chunk_9,99,cosine_similarity,0.023584914393722973,96
binary+conshuffle+wshuffle,chunk_9,99,kl_to_gaussian,0.0,96
binary+conshuffle+wshuffle,chunk_9,99,wt_mean,0.0022242536651901,96
binary+shuffle,chunk_0,0,GR,11.283433171610037,96
binary+shuffle,chunk_0,0,IPC,9.94693544692123,96
binary+shuffle,chunk_0,0,KR,5.753734154005845,96
binary+shuffle,chunk_0,0,MC,5.581884602705638,96
binary+shuffle,chunk_0,0,cosine_similarity,0.029134300071746073,96
binary+shuffle,chunk_0,0,kl_to_gaussian,0.0,96
binary+shuffle,chunk_0,0,wt_mean,0.0024835536314639747,96
binary+shuffle,chunk_0,1,GR,11.68780217319727,96
binary+shuffle,chunk_0,1,IPC,10.637667472625926,96
binary+shuffle,chunk_0,1,KR,6.025420151650906,96
binary+shuffle,chunk_0,1,MC,5.924196270604928,96
binary+shuffle,chunk_0,1,cosine_similarity,0.02386237634345885,96
binary+shuffle,chunk_0,1,kl_to_gaussian,0.0,96
binary+shuffle,chunk_0,1,wt_mean,0.002651277143740975,96
binary+shuffle,chunk_0,2,GR,10.3469907194376,96
binary+shuffle,chunk_0,2,IPC,9.652157351245888,96
binary+shuffle,chunk_0,2,KR,5.196100028852622,96
binary+shuffle,chunk_0,2,MC,5.2759368270635605,96
binary+shuffle,chunk_0,2,cosine_similarity,0.029966696165502026,96
binary+shuffle,chunk_0,2,kl_to_gaussian,0.0,96
binary+shuffle,chunk_0,2,wt_mean,0.002508628094801625,96
binary+shuffle,chunk_0,3,GR,11.312059506773949,96
binary+shuffle,chunk_0,3,IPC,9.98758212613083,96
binary+shuffle,chunk_0,3,KR,5.769120499491692,96
binary+shuffle,chunk_0,3,MC,5.682492549220721,96
binary+shuffle,chunk_0,3,cosine_similarity,0.0241398466750979,96
binary+shuffle,chunk_0,3,kl_to_gaussian,0.0,96
binary+shuffle,chunk_0,3,wt_mean,0.002432372682960625,96
binary+shuffle,chunk_0,4,GR,9.583582470814386,96
binary+shuffle,chunk_0,4,IPC,9.070280336228643,96
binary+shuffle,chunk_0,4,KR,4.968062706291676,96
binary+shuffle,chunk_0,4,MC,5.150987056394418,96
binary+shuffle,chunk_0,4,cosine_similarity,0.030521634034812423,96
binary+shuffle,chunk_0,4,kl_to_gaussian,0.0,96
binary+shuffle,chunk_0,4,wt_mean,0.0024538118450436503,96
binary+shuffle,chunk_0,5,GR,9.092725448310375,96
binary+shuffle,chunk_0,5,IPC,9.748608150250078,96
binary+shuffle,chunk_0,5,KR,5.024643246084452,96
binary+shuffle,chunk_0,5,MC,5.5548714598019915,96
binary+shuffle,chunk_0,5,cosine_similarity,0.026082125026732624,96
binary+shuffle,chunk_0,5,kl_to_gaussian,0.0,96
binary+shuffle,chunk_0,5,wt_mean,0.00240023972583,96
binary+shuffle,chunk_0,6,GR,9.092055519421896,96
binary+shuffle,chunk_0,6,IPC,10.003243358307854,96
binary+shuffle,chunk_0,6,KR,4.91915188729763,96
binary+shuffle,chunk_0,6,MC,5.601497266441584,96
binary+shuffle,chunk_0,6,cosine_similarity,0.02219756506383415,96
binary+shuffle,chunk_0,6,kl_to_gaussian,0.0,96
binary+shuffle,chunk_0,6,wt_mean,0.0024545143533032,96
binary+shuffle,chunk_0,7,GR,9.725182820111513,96
binary+shuffle,chunk_0,7,IPC,9.880537581126347,96
binary+shuffle,chunk_0,7,KR,4.8225258737802505,96
binary+shuffle,chunk_0,7,MC,5.151074829200904,96
binary+shuffle,chunk_0,7,cosine_similarity,0.028579360339790524,96
binary+shuffle,chunk_0,7,kl_to_gaussian,0.0,96
binary+shuffle,chunk_0,7,wt_mean,0.002498818852473,96
binary+shuffle,chunk_0,8,GR,9.295612861712774,96
binary+shuffle,chunk_0,8,IPC,8.763948006745666,96
binary+shuffle,chunk_0,8,KR,4.991284807523091,96
binary+shuffle,chunk_0,8,MC,4.860789338747661,96
binary+shuffle,chunk_0,8,cosine_similarity,0.026637074071913926,96
binary+shuffle,chunk_0,8,kl_to_gaussian,0.0,96
binary+shuffle,chunk_0,8,wt_mean,0.002316636207979125,96
binary+shuffle,chunk_0,9,GR,9.082389875004688,96
binary+shuffle,chunk_0,9,IPC,9.149623331982353,96
binary+shuffle,chunk_0,9,KR,4.722038344790538,96
binary+shuffle,chunk_0,9,MC,5.010179627686739,96
binary+shuffle,chunk_0,9,cosine_similarity,0.02746947761625042,96
binary+shuffle,chunk_0,9,kl_to_gaussian,0.0,96
binary+shuffle,chunk_0,9,wt_mean,0.002431722707115075,96
binary+shuffle,chunk_1,10,GR,11.578174357612928,96
binary+shuffle,chunk_1,10,IPC,10.483951583624387,96
binary+shuffle,chunk_1,10,KR,5.815874113390843,96
binary+shuffle,chunk_1,10,MC,5.690434580047925,96
binary+shuffle,chunk_1,10,cosine_similarity,0.0302441688254475,96
binary+shuffle,chunk_1,10,kl_to_gaussian,0.0,96
binary+shuffle,chunk_1,10,wt_mean,0.0027226278325542252,96
binary+shuffle,chunk_1,11,GR,11.216841891407967,96
binary+shuffle,chunk_1,11,IPC,10.43191119131646,96
binary+shuffle,chunk_1,11,KR,5.947891754408677,96
binary+shuffle,chunk_1,11,MC,5.860539004206657,96
binary+shuffle,chunk_1,11,cosine_similarity,0.01609322801232335,96
binary+shuffle,chunk_1,11,kl_to_gaussian,0.0,96
binary+shuffle,chunk_1,11,wt_mean,0.00259212730452415,96
binary+shuffle,chunk_1,12,GR,10.77215843896071,96
binary+shuffle,chunk_1,12,IPC,9.08308328877408,96
binary+shuffle,chunk_1,12,KR,5.570375983913739,96
binary+shuffle,chunk_1,12,MC,4.975291637082894,96
binary+shuffle,chunk_1,12,cosine_similarity,0.025527186691761,96
binary+shuffle,chunk_1,12,kl_to_gaussian,0.0,96
binary+shuffle,chunk_1,12,wt_mean,0.002288186311488925,96
binary+shuffle,chunk_1,13,GR,10.611441406110922,96
binary+shuffle,chunk_1,13,IPC,9.487885490180545,96
binary+shuffle,chunk_1,13,KR,5.54366468389829,96
binary+shuffle,chunk_1,13,MC,5.473520817855994,96
binary+shuffle,chunk_1,13,cosine_similarity,0.031076588667929127,96
binary+shuffle,chunk_1,13,kl_to_gaussian,0.0,96
binary+shuffle,chunk_1,13,wt_mean,0.0025254180654882747,96
binary+shuffle,chunk_1,14,GR,9.442967236042023,96
binary+shuffle,chunk_1,14,IPC,8.78024445455951,96
binary+shuffle,chunk_1,14,KR,5.105917769173781,96
binary+shuffle,chunk_1,14,MC,4.966900245596965,96
binary+shuffle,chunk_1,14,cosine_similarity,0.022752496879547803,96
binary+shuffle,chunk_1,14,kl_to_gaussian,0.0,96
binary+shuffle,chunk_1,14,wt_mean,0.00233532878337425,96
binary+shuffle,chunk_1,15,GR,8.906351519127687,96
binary+shuffle,chunk_1,15,IPC,9.734391182895653,96
binary+shuffle,chunk_1,15,KR,4.754759428401788,96
binary+shuffle,chunk_1,15,MC,5.395944468677044,96
binary+shuffle,chunk_1,15,cosine_similarity,0.03773585520684715,96
binary+shuffle,chunk_1,15,kl_to_gaussian,0.0,96
binary+shuffle,chunk_1,15,wt_mean,0.0024567510699853,96
binary+shuffle,chunk_1,16,GR,12.863572396337986,96
binary+shuffle,chunk_1,16,IPC,9.73056701305852,96
binary+shuffle,chunk_1,16,KR,6.461327123145263,96
binary+shuffle,chunk_1,16,MC,5.521432360013326,96
binary+shuffle,chunk_1,16,cosine_similarity,0.0255271936766803,96
binary+shuffle,chunk_1,16,kl_to_gaussian,0.0,96
binary+shuffle,chunk_1,16,wt_mean,0.00253062337287695,96
binary+shuffle,chunk_1,17,GR,8.49206392467022,96
binary+shuffle,chunk_1,17,IPC,8.938621832854922,96
binary+shuffle,chunk_1,17,KR,4.441726053754489,96
binary+shuffle,chunk_1,17,MC,4.883036362628142,96
binary+shuffle,chunk_1,17,cosine_similarity,0.025249717291444474,96
binary+shuffle,chunk_1,17,kl_to_gaussian,0.0,96
binary+shuffle,chunk_1,17,wt_mean,0.002370906062424175,96
binary+shuffle,chunk_1,18,GR,12.543199896812439,96
binary+shuffle,chunk_1,18,IPC,10.02704014606485,96
binary+shuffle,chunk_1,18,KR,6.44027841091156,96
binary+shuffle,chunk_1,18,MC,5.542301495869954,96
binary+shuffle,chunk_1,18,cosine_similarity,0.028024420142173725,96
binary+shuffle,chunk_1,18,kl_to_gaussian,0.0,96
binary+shuffle,chunk_1,18,wt_mean,0.0025171398883685,96
binary+shuffle,chunk_1,19,GR,10.306849795083204,96
binary+shuffle,chunk_1,19,IPC,10.515121805447679,96
binary+shuffle,chunk_1,19,KR,5.324959794680278,96
binary+shuffle,chunk_1,19,MC,5.673407353460789,96
binary+shuffle,chunk_1,19,cosine_similarity,0.026637063361704297,96
binary+shuffle,chunk_1,19,kl_to_gaussian,0.0,96
binary+shuffle,chunk_1,19,wt_mean,0.0026838602498173,96
binary+shuffle,chunk_10,100,GR,11.123582991460959,96
binary+shuffle,chunk_10,100,IPC,8.367863207252862,96
binary+shuffle,chunk_10,100,KR,5.776246555149555,96
binary+shuffle,chunk_10,100,MC,4.8136987288792925,96
binary+shuffle,chunk_10,100,cosine_similarity,0.019977804739028177,96
binary+shuffle,chunk_10,100,kl_to_gaussian,0.0,96
binary+shuffle,chunk_10,100,wt_mean,0.0025070969422812998,96
binary+shuffle,chunk_10,101,GR,11.322026322285334,96
binary+shuffle,chunk_10,101,IPC,7.988688650056197,96
binary+shuffle,chunk_10,101,KR,6.074888452887535,96
binary+shuffle,chunk_10,101,MC,5.029201996823152,96
binary+shuffle,chunk_10,101,cosine_similarity,0.0266370740719139,96
binary+shuffle,chunk_10,101,kl_to_gaussian,0.0,96
binary+shuffle,chunk_10,101,wt_mean,0.0024100440787151,96
binary+shuffle,chunk_10,102,GR,9.42436534166336,96
binary+shuffle,chunk_10,102,IPC,7.776672700079278,96
binary+shuffle,chunk_10,102,KR,5.104960889865954,96
binary+shuffle,chunk_10,102,MC,4.6868538943429785,96
binary+shuffle,chunk_10,102,cosine_similarity,0.0230299681425094,96
binary+shuffle,chunk_10,102,kl_to_gaussian,0.0,96
binary+shuffle,chunk_10,102,wt_mean,0.0024288845015688998,96
binary+shuffle,chunk_10,103,GR,11.247143968939781,96
binary+shuffle,chunk_10,103,IPC,8.51900707598186,96
binary+shuffle,chunk_10,103,KR,5.979474797844887,96
binary+shuffle,chunk_10,103,MC,5.124515447765589,96
binary+shuffle,chunk_10,103,cosine_similarity,0.02885682368651025,96
binary+shuffle,chunk_10,103,kl_to_gaussian,0.0,96
binary+shuffle,chunk_10,103,wt_mean,0.0025274971267208,96
binary+shuffle,chunk_10,104,GR,9.433911924560865,96
binary+shuffle,chunk_10,104,IPC,8.142595503986238,96
binary+shuffle,chunk_10,104,KR,4.939176458865404,96
binary+shuffle,chunk_10,104,MC,4.762037945290406,96
binary+shuffle,chunk_10,104,cosine_similarity,0.028301885351538627,96
binary+shuffle,chunk_10,104,kl_to_gaussian,0.0,96
binary+shuffle,chunk_10,104,wt_mean,0.002361709746764925,96
binary+shuffle,chunk_10,105,GR,12.118542884786924,96
binary+shuffle,chunk_10,105,IPC,7.800999977344972,96
binary+shuffle,chunk_10,105,KR,6.190753735601902,96
binary+shuffle,chunk_10,105,MC,4.755272657920917,96
binary+shuffle,chunk_10,105,cosine_similarity,0.027192005887627574,96
binary+shuffle,chunk_10,105,kl_to_gaussian,0.0,96
binary+shuffle,chunk_10,105,wt_mean,0.002550652774516425,96
binary+shuffle,chunk_10,106,GR,8.554408269623915,96
binary+shuffle,chunk_10,106,IPC,8.680063278062942,96
binary+shuffle,chunk_10,106,KR,4.668472281346719,96
binary+shuffle,chunk_10,106,MC,4.956494135161241,96
binary+shuffle,chunk_10,106,cosine_similarity,0.026082135736942198,96
binary+shuffle,chunk_10,106,kl_to_gaussian,0.0,96
binary+shuffle,chunk_10,106,wt_mean,0.0024077269772533,96
binary+shuffle,chunk_10,107,GR,11.706989884376526,96
binary+shuffle,chunk_10,107,IPC,8.086141632805855,96
binary+shuffle,chunk_10,107,KR,6.121096005042394,96
binary+shuffle,chunk_10,107,MC,4.965830761939287,96
binary+shuffle,chunk_10,107,cosine_similarity,0.028301890939474095,96
binary+shuffle,chunk_10,107,kl_to_gaussian,0.0,96
binary+shuffle,chunk_10,107,wt_mean,0.00255827858927655,96
binary+shuffle,chunk_10,108,GR,10.57643615702788,96
binary+shuffle,chunk_10,108,IPC,8.403195519499283,96
binary+shuffle,chunk_10,108,KR,5.612442222734292,96
binary+shuffle,chunk_10,108,MC,5.244134807338317,96
binary+shuffle,chunk_10,108,cosine_similarity,0.02469478826969855,96
binary+shuffle,chunk_10,108,kl_to_gaussian,0.0,96
binary+shuffle,chunk_10,108,wt_mean,0.0024455633829347,96
binary+shuffle,chunk_10,109,GR,11.557404361665249,96
binary+shuffle,chunk_10,109,IPC,9.493827681047993,96
binary+shuffle,chunk_10,109,KR,5.829590116937955,96
binary+shuffle,chunk_10,109,MC,5.475238314519326,96
binary+shuffle,chunk_10,109,cosine_similarity,0.0169256352819502,96
binary+shuffle,chunk_10,109,kl_to_gaussian,0.0,96
binary+shuffle,chunk_10,109,wt_mean,0.0027589390520005746,96
binary+shuffle,chunk_11,110,GR,8.761777259409428,96
binary+shuffle,chunk_11,110,IPC,7.869094765237005,96
binary+shuffle,chunk_11,110,KR,4.654309440404177,96
binary+shuffle,chunk_11,110,MC,4.752061948180199,96
binary+shuffle,chunk_11,110,cosine_similarity,0.03163152094930403,96
binary+shuffle,chunk_11,110,kl_to_gaussian,0.0,96
binary+shuffle,chunk_11,110,wt_mean,0.00238367242855015,96
binary+shuffle,chunk_11,111,GR,8.887159191071987,96
binary+shuffle,chunk_11,111,IPC,9.051472983423167,96
binary+shuffle,chunk_11,111,KR,4.812224142253399,96
binary+shuffle,chunk_11,111,MC,5.13540047655503,96
binary+shuffle,chunk_11,111,cosine_similarity,0.03135404549539085,96
binary+shuffle,chunk_11,111,kl_to_gaussian,0.0,96
binary+shuffle,chunk_11,111,wt_mean,0.002352160052396325,96
binary+shuffle,chunk_11,112,GR,11.57984601954619,96
binary+shuffle,chunk_11,112,IPC,8.86526032140513,96
binary+shuffle,chunk_11,112,KR,5.877230130136013,96
binary+shuffle,chunk_11,112,MC,5.1394167840480804,96
binary+shuffle,chunk_11,112,cosine_similarity,0.02219756133854385,96
binary+shuffle,chunk_11,112,kl_to_gaussian,0.0,96
binary+shuffle,chunk_11,112,wt_mean,0.002603365515824325,96
binary+shuffle,chunk_11,113,GR,8.37304669370254,96
binary+shuffle,chunk_11,113,IPC,7.740310457794017,96
binary+shuffle,chunk_11,113,KR,4.446014291296403,96
binary+shuffle,chunk_11,113,MC,4.469899920125802,96
binary+shuffle,chunk_11,113,cosine_similarity,0.026637073140591324,96
binary+shuffle,chunk_11,113,kl_to_gaussian,0.0,96
binary+shuffle,chunk_11,113,wt_mean,0.0023037254577502,96
binary+shuffle,chunk_11,114,GR,9.877865900595983,96
binary+shuffle,chunk_11,114,IPC,8.545842041111145,96
binary+shuffle,chunk_11,114,KR,5.186617139726877,96
binary+shuffle,chunk_11,114,MC,5.048036302129428,96
binary+shuffle,chunk_11,114,cosine_similarity,0.026082129217684175,96
binary+shuffle,chunk_11,114,kl_to_gaussian,0.0,96
binary+shuffle,chunk_11,114,wt_mean,0.002437435061437975,96
binary+shuffle,chunk_11,115,GR,12.651329775651297,96
binary+shuffle,chunk_11,115,IPC,8.837291234067704,96
binary+shuffle,chunk_11,115,KR,6.53203992297252,96
binary+shuffle,chunk_11,115,MC,5.419243278602759,96
binary+shuffle,chunk_11,115,cosine_similarity,0.0302441795356571,96
binary+shuffle,chunk_11,115,kl_to_gaussian,0.0,96
binary+shuffle,chunk_11,115,wt_mean,0.0028099457849748,96
binary+shuffle,chunk_11,116,GR,9.268092768887678,96
binary+shuffle,chunk_11,116,IPC,8.366442342120566,96
binary+shuffle,chunk_11,116,KR,5.038422238081694,96
binary+shuffle,chunk_11,116,MC,4.903776607165734,96
binary+shuffle,chunk_11,116,cosine_similarity,0.024139836430549597,96
binary+shuffle,chunk_11,116,kl_to_gaussian,0.0,96
binary+shuffle,chunk_11,116,wt_mean,0.00242489774245765,96
binary+shuffle,chunk_11,117,GR,10.254586234688759,96
binary+shuffle,chunk_11,117,IPC,8.7053802321836,96
binary+shuffle,chunk_11,117,KR,5.22664188593626,96
binary+shuffle,chunk_11,117,MC,5.1415701148410635,96
binary+shuffle,chunk_11,117,cosine_similarity,0.031076582148671126,96
binary+shuffle,chunk_11,117,kl_to_gaussian,0.0,96
binary+shuffle,chunk_11,117,wt_mean,0.0024989193771033998,96
binary+shuffle,chunk_11,118,GR,9.058164971570173,96
binary+shuffle,chunk_11,118,IPC,7.587942826515378,96
binary+shuffle,chunk_11,118,KR,4.966578965385755,96
binary+shuffle,chunk_11,118,MC,4.5581991747021675,96
binary+shuffle,chunk_11,118,cosine_similarity,0.023584907874464923,96
binary+shuffle,chunk_11,118,kl_to_gaussian,0.0,96
binary+shuffle,chunk_11,118,wt_mean,0.002329014241695375,96
binary+shuffle,chunk_11,119,GR,10.408858373761177,96
binary+shuffle,chunk_11,119,IPC,9.896104574847278,96
binary+shuffle,chunk_11,119,KR,5.299296164264281,96
binary+shuffle,chunk_11,119,MC,5.354182029763858,96
binary+shuffle,chunk_11,119,cosine_similarity,0.03107658214867115,96
binary+shuffle,chunk_11,119,kl_to_gaussian,0.0,96
binary+shuffle,chunk_11,119,wt_mean,0.0026985231379512502,96
binary+shuffle,chunk_12,120,GR,8.137125059962273,96
binary+shuffle,chunk_12,120,IPC,8.158695022228386,96
binary+shuffle,chunk_12,120,KR,4.46332726875941,96
binary+shuffle,chunk_12,120,MC,4.799364546934764,96
binary+shuffle,chunk_12,120,cosine_similarity,0.0199778000824153,96
binary+shuffle,chunk_12,120,kl_to_gaussian,0.0,96
binary+shuffle,chunk_12,120,wt_mean,0.0023690820089541,96
binary+shuffle,chunk_12,121,GR,11.799080103635788,96
binary+shuffle,chunk_12,121,IPC,8.715879815458896,96
binary+shuffle,chunk_12,121,KR,6.040398885806401,96
binary+shuffle,chunk_12,121,MC,5.059811862806479,96
binary+shuffle,chunk_12,121,cosine_similarity,0.021642617881298,96
binary+shuffle,chunk_12,121,kl_to_gaussian,0.0,96
binary+shuffle,chunk_12,121,wt_mean,0.0025530708371661252,96
binary+shuffle,chunk_12,122,GR,9.752360532681147,96
binary+shuffle,chunk_12,122,IPC,8.056793624838472,96
binary+shuffle,chunk_12,122,KR,5.10859590023756,96
binary+shuffle,chunk_12,122,MC,4.795425514380137,96
binary+shuffle,chunk_12,122,cosine_similarity,0.02358490740880365,96
binary+shuffle,chunk_12,122,kl_to_gaussian,0.0,96
binary+shuffle,chunk_12,122,wt_mean,0.002511153958039325,96
binary+shuffle,chunk_12,123,GR,10.398095116019249,96
binary+shuffle,chunk_12,123,IPC,8.69549602600025,96
binary+shuffle,chunk_12,123,KR,5.513595586021741,96
binary+shuffle,chunk_12,123,MC,5.200064152479172,96
binary+shuffle,chunk_12,123,cosine_similarity,0.023307439405471028,96
binary+shuffle,chunk_12,123,kl_to_gaussian,0.0,96
binary+shuffle,chunk_12,123,wt_mean,0.00250735768349835,96
binary+shuffle,chunk_12,124,GR,10.467174808184305,96
binary+shuffle,chunk_12,124,IPC,8.659395733077549,96
binary+shuffle,chunk_12,124,KR,5.621034229795138,96
binary+shuffle,chunk_12,124,MC,5.171305370827516,96
binary+shuffle,chunk_12,124,cosine_similarity,0.022197564132511574,96
binary+shuffle,chunk_12,124,kl_to_gaussian,0.0,96
binary+shuffle,chunk_12,124,wt_mean,0.002472753665642775,96
binary+shuffle,chunk_12,125,GR,8.378283017625412,96
binary+shuffle,chunk_12,125,IPC,8.1910872259683,96
binary+shuffle,chunk_12,125,KR,4.565065689384937,96
binary+shuffle,chunk_12,125,MC,4.830127426733573,96
binary+shuffle,chunk_12,125,cosine_similarity,0.024139842949807575,96
binary+shuffle,chunk_12,125,kl_to_gaussian,0.0,96
binary+shuffle,chunk_12,125,wt_mean,0.0023347397509496,96
binary+shuffle,chunk_12,126,GR,11.246555705865225,96
binary+shuffle,chunk_12,126,IPC,7.811411919503843,96
binary+shuffle,chunk_12,126,KR,5.679269301394622,96
binary+shuffle,chunk_12,126,MC,4.676157843321562,96
binary+shuffle,chunk_12,126,cosine_similarity,0.025527195539325448,96
binary+shuffle,chunk_12,126,kl_to_gaussian,0.0,96
binary+shuffle,chunk_12,126,wt_mean,0.00237826787633815,96
binary+shuffle,chunk_12,127,GR,9.525446832180023,96
binary+shuffle,chunk_12,127,IPC,9.755037161280141,96
binary+shuffle,chunk_12,127,KR,4.962160404771566,96
binary+shuffle,chunk_12,127,MC,5.5819861851632595,96
binary+shuffle,chunk_12,127,cosine_similarity,0.027192015666514576,96
binary+shuffle,chunk_12,127,kl_to_gaussian,0.0,96
binary+shuffle,chunk_12,127,wt_mean,0.00256663886830205,96
binary+shuffle,chunk_12,128,GR,9.978219342728456,96
binary+shuffle,chunk_12,128,IPC,8.242874217825806,96
binary+shuffle,chunk_12,128,KR,5.355551497389873,96
binary+shuffle,chunk_12,128,MC,5.013541939357917,96
binary+shuffle,chunk_12,128,cosine_similarity,0.028301888611167624,96
binary+shuffle,chunk_12,128,kl_to_gaussian,0.0,96
binary+shuffle,chunk_12,128,wt_mean,0.002524861047277175,96
binary+shuffle,chunk_12,129,GR,12.437605927387873,96
binary+shuffle,chunk_12,129,IPC,8.912752513871448,96
binary+shuffle,chunk_12,129,KR,6.367071770131588,96
binary+shuffle,chunk_12,129,MC,5.196072897563378,96
binary+shuffle,chunk_12,129,cosine_similarity,0.024417311884462802,96
binary+shuffle,chunk_12,129,kl_to_gaussian,0.0,96
binary+shuffle,chunk_12,129,wt_mean,0.002670931979082475,96
binary+shuffle,chunk_13,130,GR,10.118114280203978,96
binary+shuffle,chunk_13,130,IPC,8.62861555569435,96
binary+shuffle,chunk_13,130,KR,5.401059466103713,96
binary+shuffle,chunk_13,130,MC,5.148200598855813,96
binary+shuffle,chunk_13,130,cosine_similarity,0.024972252082079604,96
binary+shuffle,chunk_13,130,kl_to_gaussian,0.0,96
binary+shuffle,chunk_13,130,wt_mean,0.0026489953743293253,96
binary+shuffle,chunk_13,131,GR,9.94742284466823,96
binary+shuffle,chunk_13,131,IPC,8.185815485046776,96
binary+shuffle,chunk_13,131,KR,5.172091597070296,96
binary+shuffle,chunk_13,131,MC,4.756920705238978,96
binary+shuffle,chunk_13,131,cosine_similarity,0.028024412225931824,96
binary+shuffle,chunk_13,131,kl_to_gaussian,0.0,96
binary+shuffle,chunk_13,131,wt_mean,0.0025233302148989748,96
binary+shuffle,chunk_13,132,GR,10.024044061700502,96
binary+shuffle,chunk_13,132,IPC,8.639831416029692,96
binary+shuffle,chunk_13,132,KR,5.127746252963941,96
binary+shuffle,chunk_13,132,MC,4.967216489215692,96
binary+shuffle,chunk_13,132,cosine_similarity,0.030244163237512046,96
binary+shuffle,chunk_13,132,kl_to_gaussian,0.0,96
binary+shuffle,chunk_13,132,wt_mean,0.00243199168471615,96
binary+shuffle,chunk_13,133,GR,10.36761416743199,96
binary+shuffle,chunk_13,133,IPC,8.575535874591482,96
binary+shuffle,chunk_13,133,KR,5.526129685342312,96
binary+shuffle,chunk_13,133,MC,4.880528795222442,96
binary+shuffle,chunk_13,133,cosine_similarity,0.03440620936453335,96
binary+shuffle,chunk_13,133,kl_to_gaussian,0.0,96
binary+shuffle,chunk_13,133,wt_mean,0.0025480951589997502,96
binary+shuffle,chunk_13,134,GR,10.905764942367872,96
binary+shuffle,chunk_13,134,IPC,8.612336563667704,96
binary+shuffle,chunk_13,134,KR,5.887554821868737,96
binary+shuffle,chunk_13,134,MC,5.0849605438609915,96
binary+shuffle,chunk_13,134,cosine_similarity,0.025249722879379922,96
binary+shuffle,chunk_13,134,kl_to_gaussian,0.0,96
binary+shuffle,chunk_13,134,wt_mean,0.002424476959276875,96
binary+shuffle,chunk_13,135,GR,9.123978768785795,96
binary+shuffle,chunk_13,135,IPC,8.923828070867403,96
binary+shuffle,chunk_13,135,KR,4.783589651187261,96
binary+shuffle,chunk_13,135,MC,5.0066109746694565,96
binary+shuffle,chunk_13,135,cosine_similarity,0.028579357080161526,96
binary+shuffle,chunk_13,135,kl_to_gaussian,0.0,96
binary+shuffle,chunk_13,135,wt_mean,0.002515668078558475,96
binary+shuffle,chunk_13,136,GR,9.664269611239433,96
binary+shuffle,chunk_13,136,IPC,8.481652491982304,96
binary+shuffle,chunk_13,136,KR,5.18888267626365,96
binary+shuffle,chunk_13,136,MC,5.052186151345571,96
binary+shuffle,chunk_13,136,cosine_similarity,0.030244171619415228,96
binary+shuffle,chunk_13,136,kl_to_gaussian,0.0,96
binary+shuffle,chunk_13,136,wt_mean,0.0024586940708104248,96
binary+shuffle,chunk_13,137,GR,8.791968025267124,96
binary+shuffle,chunk_13,137,IPC,8.49201638420173,96
binary+shuffle,chunk_13,137,KR,4.6431514757374925,96
binary+shuffle,chunk_13,137,MC,4.824415134886901,96
binary+shuffle,chunk_13,137,cosine_similarity,0.03551609627902505,96
binary+shuffle,chunk_13,137,kl_to_gaussian,0.0,96
binary+shuffle,chunk_13,137,wt_mean,0.0024001051788218003,96
binary+shuffle,chunk_13,138,GR,12.326528941591581,96
binary+shuffle,chunk_13,138,IPC,7.531603192055674,96
binary+shuffle,chunk_13,138,KR,6.3047575776775675,96
binary+shuffle,chunk_13,138,MC,4.731044872353475,96
binary+shuffle,chunk_13,138,cosine_similarity,0.026359597686678126,96
binary+shuffle,chunk_13,138,kl_to_gaussian,0.0,96
binary+shuffle,chunk_13,138,wt_mean,0.002506040153093575,96
binary+shuffle,chunk_13,139,GR,10.736363137761751,96
binary+shuffle,chunk_13,139,IPC,8.51514104126255,96
binary+shuffle,chunk_13,139,KR,5.591577805578709,96
binary+shuffle,chunk_13,139,MC,4.9377512993911905,96
binary+shuffle,chunk_13,139,cosine_similarity,0.02774694375693795,96
binary+shuffle,chunk_13,139,kl_to_gaussian,0.0,96
binary+shuffle,chunk_13,139,wt_mean,0.0024889746855478252,96
binary+shuffle,chunk_14,140,GR,9.124785104145607,96
binary+shuffle,chunk_14,140,IPC,8.523680865661122,96
binary+shuffle,chunk_14,140,KR,4.920270039389531,96
binary+shuffle,chunk_14,140,MC,5.1399230261643725,96
binary+shuffle,chunk_14,140,cosine_similarity,0.031354052945971454,96
binary+shuffle,chunk_14,140,kl_to_gaussian,0.0,96
binary+shuffle,chunk_14,140,wt_mean,0.002545342082157675,96
binary+shuffle,chunk_14,141,GR,7.472936821480592,96
binary+shuffle,chunk_14,141,IPC,8.183273190261394,96
binary+shuffle,chunk_14,141,KR,4.1204879234234495,96
binary+shuffle,chunk_14,141,MC,4.782575239737828,96
binary+shuffle,chunk_14,141,cosine_similarity,0.03718090988695615,96
binary+shuffle,chunk_14,141,kl_to_gaussian,0.0,96
binary+shuffle,chunk_14,141,wt_mean,0.0022789920913054997,96
binary+shuffle,chunk_14,142,GR,8.962871596217155,96
binary+shuffle,chunk_14,142,IPC,8.849507090370027,96
binary+shuffle,chunk_14,142,KR,4.796748366206884,96
binary+shuffle,chunk_14,142,MC,5.000604183723529,96
binary+shuffle,chunk_14,142,cosine_similarity,0.022475033998489324,96
binary+shuffle,chunk_14,142,kl_to_gaussian,0.0,96
binary+shuffle,chunk_14,142,wt_mean,0.00243345191120165,96
binary+shuffle,chunk_14,143,GR,12.029993238548437,96
binary+shuffle,chunk_14,143,IPC,8.410447705437251,96
binary+shuffle,chunk_14,143,KR,6.258838504552841,96
binary+shuffle,chunk_14,143,MC,5.080246652166049,96
binary+shuffle,chunk_14,143,cosine_similarity,0.02857935614883898,96
binary+shuffle,chunk_14,143,kl_to_gaussian,0.0,96
binary+shuffle,chunk_14,143,wt_mean,0.00267501026974055,96
binary+shuffle,chunk_14,144,GR,8.436403319239616,96
binary+shuffle,chunk_14,144,IPC,7.785473452719493,96
binary+shuffle,chunk_14,144,KR,4.570795081555843,96
binary+shuffle,chunk_14,144,MC,4.671385793636243,96
binary+shuffle,chunk_14,144,cosine_similarity,0.026914539281278824,96
binary+shuffle,chunk_14,144,kl_to_gaussian,0.0,96
binary+shuffle,chunk_14,144,wt_mean,0.0023378254845737747,96
binary+shuffle,chunk_14,145,GR,11.344090280433496,96
binary+shuffle,chunk_14,145,IPC,8.12881449366664,96
binary+shuffle,chunk_14,145,KR,5.921424701809883,96
binary+shuffle,chunk_14,145,MC,4.874837593485911,96
binary+shuffle,chunk_14,145,cosine_similarity,0.027192013338208153,96
binary+shuffle,chunk_14,145,kl_to_gaussian,0.0,96
binary+shuffle,chunk_14,145,wt_mean,0.002676558098755725,96
binary+shuffle,chunk_14,146,GR,10.366128474473953,96
binary+shuffle,chunk_14,146,IPC,8.607566268142266,96
binary+shuffle,chunk_14,146,KR,5.32953995714585,96
binary+shuffle,chunk_14,146,MC,5.015713213632504,96
binary+shuffle,chunk_14,146,cosine_similarity,0.024972253479063452,96
binary+shuffle,chunk_14,146,kl_to_gaussian,0.0,96
binary+shuffle,chunk_14,146,wt_mean,0.00264303400763305,96
binary+shuffle,chunk_14,147,GR,10.792575657367706,96
binary+shuffle,chunk_14,147,IPC,8.625039275001013,96
binary+shuffle,chunk_14,147,KR,5.556944258511066,96
binary+shuffle,chunk_14,147,MC,5.007933030525844,96
binary+shuffle,chunk_14,147,cosine_similarity,0.0269145402126014,96
binary+shuffle,chunk_14,147,kl_to_gaussian,0.0,96
binary+shuffle,chunk_14,147,wt_mean,0.0024918031995184247,96
binary+shuffle,chunk_14,148,GR,8.047852793087563,96
binary+shuffle,chunk_14,148,IPC,8.68373499850003,96
binary+shuffle,chunk_14,148,KR,4.37873978043596,96
binary+shuffle,chunk_14,148,MC,5.32129838814338,96
binary+shuffle,chunk_14,148,cosine_similarity,0.027469478081911722,96
binary+shuffle,chunk_14,148,kl_to_gaussian,0.0,96
binary+shuffle,chunk_14,148,wt_mean,0.00240161048714065,96
binary+shuffle,chunk_14,149,GR,9.894068191448847,96
binary+shuffle,chunk_14,149,IPC,8.572174233281745,96
binary+shuffle,chunk_14,149,KR,5.15295135229826,96
binary+shuffle,chunk_14,149,MC,4.9011945848663645,96
binary+shuffle,chunk_14,149,cosine_similarity,0.028024424798786574,96
binary+shuffle,chunk_14,149,kl_to_gaussian,0.0,96
binary+shuffle,chunk_14,149,wt_mean,0.002579290856374375,96
binary+shuffle,chunk_15,150,GR,12.691445164382458,96
binary+shuffle,chunk_15,150,IPC,8.645082363239185,96
binary+shuffle,chunk_15,150,KR,6.512314637502034,96
binary+shuffle,chunk_15,150,MC,5.007663546750943,96
binary+shuffle,chunk_15,150,cosine_similarity,0.024694775696843797,96
binary+shuffle,chunk_15,150,kl_to_gaussian,0.0,96
binary+shuffle,chunk_15,150,wt_mean,0.0025621962558943254,96
binary+shuffle,chunk_15,151,GR,9.098741651823124,96
binary+shuffle,chunk_15,151,IPC,8.26104394792777,96
binary+shuffle,chunk_15,151,KR,4.9239647798240185,96
binary+shuffle,chunk_15,151,MC,4.935336918880542,96
binary+shuffle,chunk_15,151,cosine_similarity,0.030244174879044225,96
binary+shuffle,chunk_15,151,kl_to_gaussian,0.0,96
binary+shuffle,chunk_15,151,wt_mean,0.002366965898545425,96
binary+shuffle,chunk_15,152,GR,10.747526730100313,96
binary+shuffle,chunk_15,152,IPC,8.432784060043948,96
binary+shuffle,chunk_15,152,KR,5.581258945167065,96
binary+shuffle,chunk_15,152,MC,5.055672520150741,96
binary+shuffle,chunk_15,152,cosine_similarity,0.023307429626584,96
binary+shuffle,chunk_15,152,kl_to_gaussian,0.0,96
binary+shuffle,chunk_15,152,wt_mean,0.0025445563660468503,96
binary+shuffle,chunk_15,153,GR,8.802726024140915,96
binary+shuffle,chunk_15,153,IPC,8.486639728942148,96
binary+shuffle,chunk_15,153,KR,4.662147898226976,96
binary+shuffle,chunk_15,153,MC,4.9470065496861935,96
binary+shuffle,chunk_15,153,cosine_similarity,0.02552718482911585,96
binary+shuffle,chunk_15,153,kl_to_gaussian,0.0,96
binary+shuffle,chunk_15,153,wt_mean,0.002493973006494275,96
binary+shuffle,chunk_15,154,GR,10.874096974730492,96
binary+shuffle,chunk_15,154,IPC,8.542829747776963,96
binary+shuffle,chunk_15,154,KR,5.659921328226726,96
binary+shuffle,chunk_15,154,MC,5.117169534166654,96
binary+shuffle,chunk_15,154,cosine_similarity,0.024139843415468876,96
binary+shuffle,chunk_15,154,kl_to_gaussian,0.0,96
binary+shuffle,chunk_15,154,wt_mean,0.00259859315701755,96
binary+shuffle,chunk_15,155,GR,9.867736178139845,96
binary+shuffle,chunk_15,155,IPC,8.271584705511067,96
binary+shuffle,chunk_15,155,KR,5.242327757179737,96
binary+shuffle,chunk_15,155,MC,4.935496684163809,96
binary+shuffle,chunk_15,155,cosine_similarity,0.031908986158668974,96
binary+shuffle,chunk_15,155,kl_to_gaussian,0.0,96
binary+shuffle,chunk_15,155,wt_mean,0.0023840187641326,96
binary+shuffle,chunk_15,156,GR,10.812168322503567,96
binary+shuffle,chunk_15,156,IPC,7.8745176008061035,96
binary+shuffle,chunk_15,156,KR,5.625742882490158,96
binary+shuffle,chunk_15,156,MC,4.7368308417499065,96
binary+shuffle,chunk_15,156,cosine_similarity,0.025527190417051274,96
binary+shuffle,chunk_15,156,kl_to_gaussian,0.0,96
binary+shuffle,chunk_15,156,wt_mean,0.0024039122508838,96
binary+shuffle,chunk_15,157,GR,10.537681338687738,96
binary+shuffle,chunk_15,157,IPC,8.386319039638844,96
binary+shuffle,chunk_15,157,KR,5.6916999618212385,96
binary+shuffle,chunk_15,157,MC,5.018066561470429,96
binary+shuffle,chunk_15,157,cosine_similarity,0.027469474356621424,96
binary+shuffle,chunk_15,157,kl_to_gaussian,0.0,96
binary+shuffle,chunk_15,157,wt_mean,0.002410127141047225,96
binary+shuffle,chunk_15,158,GR,10.577400051057339,96
binary+shuffle,chunk_15,158,IPC,7.987811121624602,96
binary+shuffle,chunk_15,158,KR,5.674990862607956,96
binary+shuffle,chunk_15,158,MC,4.712324634194374,96
binary+shuffle,chunk_15,158,cosine_similarity,0.0266370773315429,96
binary+shuffle,chunk_15,158,kl_to_gaussian,0.0,96
binary+shuffle,chunk_15,158,wt_mean,0.002448842657031475,96
binary+shuffle,chunk_15,159,GR,10.28400950630506,96
binary+shuffle,chunk_15,159,IPC,8.952756867127663,96
binary+shuffle,chunk_15,159,KR,5.486182036499183,96
binary+shuffle,chunk_15,159,MC,5.335328125705321,96
binary+shuffle,chunk_15,159,cosine_similarity,0.0246947859413921,96
binary+shuffle,chunk_15,159,kl_to_gaussian,0.0,96
binary+shuffle,chunk_15,159,wt_mean,0.0026394065353087504,96
binary+shuffle,chunk_16,160,GR,9.255610207716623,96
binary+shuffle,chunk_16,160,IPC,8.741746308198662,96
binary+shuffle,chunk_16,160,KR,4.983874215433995,96
binary+shuffle,chunk_16,160,MC,5.133220600585143,96
binary+shuffle,chunk_16,160,cosine_similarity,0.01942286826670165,96
binary+shuffle,chunk_16,160,kl_to_gaussian,0.0,96
binary+shuffle,chunk_16,160,wt_mean,0.0024294898903462502,96
binary+shuffle,chunk_16,161,GR,11.543321234484514,96
binary+shuffle,chunk_16,161,IPC,8.160101044099587,96
binary+shuffle,chunk_16,161,KR,6.003926580150922,96
binary+shuffle,chunk_16,161,MC,4.9022007050613565,96
binary+shuffle,chunk_16,161,cosine_similarity,0.026637065690010748,96
binary+shuffle,chunk_16,161,kl_to_gaussian,0.0,96
binary+shuffle,chunk_16,161,wt_mean,0.0025585546100046,96
binary+shuffle,chunk_16,162,GR,10.71118609358867,96
binary+shuffle,chunk_16,162,IPC,9.19181962415786,96
binary+shuffle,chunk_16,162,KR,5.723400687177976,96
binary+shuffle,chunk_16,162,MC,5.323898314187924,96
binary+shuffle,chunk_16,162,cosine_similarity,0.023307429160922724,96
binary+shuffle,chunk_16,162,kl_to_gaussian,0.0,96
binary+shuffle,chunk_16,162,wt_mean,0.00261356777627945,96
binary+shuffle,chunk_16,163,GR,10.96014374991258,96
binary+shuffle,chunk_16,163,IPC,8.661095285529695,96
binary+shuffle,chunk_16,163,KR,5.870865153769652,96
binary+shuffle,chunk_16,163,MC,4.936499269058307,96
binary+shuffle,chunk_16,163,cosine_similarity,0.02885682368651025,96
binary+shuffle,chunk_16,163,kl_to_gaussian,0.0,96
binary+shuffle,chunk_16,163,wt_mean,0.0024831921618897,96
binary+shuffle,chunk_16,164,GR,9.134119438628355,96
binary+shuffle,chunk_16,164,IPC,8.236699343820801,96
binary+shuffle,chunk_16,164,KR,4.779641941189766,96
binary+shuffle,chunk_16,164,MC,4.751757249236107,96
binary+shuffle,chunk_16,164,cosine_similarity,0.03246392961591477,96
binary+shuffle,chunk_16,164,kl_to_gaussian,0.0,96
binary+shuffle,chunk_16,164,wt_mean,0.0024418444372712998,96
binary+shuffle,chunk_16,165,GR,11.525469819704691,96
binary+shuffle,chunk_16,165,IPC,8.458480252206769,96
binary+shuffle,chunk_16,165,KR,6.090239897370338,96
binary+shuffle,chunk_16,165,MC,5.174827226748069,96
binary+shuffle,chunk_16,165,cosine_similarity,0.03079910809174175,96
binary+shuffle,chunk_16,165,kl_to_gaussian,0.0,96
binary+shuffle,chunk_16,165,wt_mean,0.002591980999568425,96
binary+shuffle,chunk_16,166,GR,8.506710001577934,96
binary+shuffle,chunk_16,166,IPC,8.519691604369736,96
binary+shuffle,chunk_16,166,KR,4.5989664768179255,96
binary+shuffle,chunk_16,166,MC,5.017738419274489,96
binary+shuffle,chunk_16,166,cosine_similarity,0.029134293552488023,96
binary+shuffle,chunk_16,166,kl_to_gaussian,0.0,96
binary+shuffle,chunk_16,166,wt_mean,0.002402674494078325,96
binary+shuffle,chunk_16,167,GR,9.372166541715464,96
binary+shuffle,chunk_16,167,IPC,8.366957377171673,96
binary+shuffle,chunk_16,167,KR,5.016155983010928,96
binary+shuffle,chunk_16,167,MC,5.024267454942067,96
binary+shuffle,chunk_16,167,cosine_similarity,0.0246947868727147,96
binary+shuffle,chunk_16,167,kl_to_gaussian,0.0,96
binary+shuffle,chunk_16,167,wt_mean,0.002538421598728725,96
binary+shuffle,chunk_16,168,GR,11.79027825097243,96
binary+shuffle,chunk_16,168,IPC,8.62265741995411,96
binary+shuffle,chunk_16,168,KR,6.005208924412727,96
binary+shuffle,chunk_16,168,MC,5.084174757202466,96
binary+shuffle,chunk_16,168,cosine_similarity,0.026637067086994603,96
binary+shuffle,chunk_16,168,kl_to_gaussian,0.0,96
binary+shuffle,chunk_16,168,wt_mean,0.00255949771963055,96
binary+shuffle,chunk_16,169,GR,10.616429343819618,96
binary+shuffle,chunk_16,169,IPC,8.502998896366963,96
binary+shuffle,chunk_16,169,KR,5.620732548336188,96
binary+shuffle,chunk_16,169,MC,5.100498232990503,96
binary+shuffle,chunk_16,169,cosine_similarity,0.027746941428631502,96
binary+shuffle,chunk_16,169,kl_to_gaussian,0.0,96
binary+shuffle,chunk_16,169,wt_mean,0.0025476735318078997,96
binary+shuffle,chunk_17,170,GR,11.090732951958975,96
binary+shuffle,chunk_17,170,IPC,8.658699812059526,96
binary+shuffle,chunk_17,170,KR,5.797934822738171,96
binary+shuffle,chunk_17,170,MC,5.230452449371417,96
binary+shuffle,chunk_17,170,cosine_similarity,0.027746944222599226,96
binary+shuffle,chunk_17,170,kl_to_gaussian,0.0,96
binary+shuffle,chunk_17,170,wt_mean,0.0025479854666627497,96
binary+shuffle,chunk_17,171,GR,11.463120309015116,96
binary+shuffle,chunk_17,171,IPC,8.495845881572626,96
binary+shuffle,chunk_17,171,KR,5.950048642853896,96
binary+shuffle,chunk_17,171,MC,4.977516236404578,96
binary+shuffle,chunk_17,171,cosine_similarity,0.02413984527811405,96
binary+shuffle,chunk_17,171,kl_to_gaussian,0.0,96
binary+shuffle,chunk_17,171,wt_mean,0.002566967246821075,96
binary+shuffle,chunk_17,172,GR,12.189282779892286,96
binary+shuffle,chunk_17,172,IPC,8.3259934627075,96
binary+shuffle,chunk_17,172,KR,6.43683235347271,96
binary+shuffle,chunk_17,172,MC,4.98620771492521,96
binary+shuffle,chunk_17,172,cosine_similarity,0.025527193211019,96
binary+shuffle,chunk_17,172,kl_to_gaussian,0.0,96
binary+shuffle,chunk_17,172,wt_mean,0.002612729935208275,96
binary+shuffle,chunk_17,173,GR,10.345618138710657,96
binary+shuffle,chunk_17,173,IPC,9.196440888978787,96
binary+shuffle,chunk_17,173,KR,5.53763260319829,96
binary+shuffle,chunk_17,173,MC,5.333756819367409,96
binary+shuffle,chunk_17,173,cosine_similarity,0.016648169606924026,96
binary+shuffle,chunk_17,173,kl_to_gaussian,0.0,96
binary+shuffle,chunk_17,173,wt_mean,0.002598935883725025,96
binary+shuffle,chunk_17,174,GR,8.866194712618986,96
binary+shuffle,chunk_17,174,IPC,8.481941900232009,96
binary+shuffle,chunk_17,174,KR,4.662160396575928,96
binary+shuffle,chunk_17,174,MC,5.019880815098683,96
binary+shuffle,chunk_17,174,cosine_similarity,0.024972249753773174,96
binary+shuffle,chunk_17,174,kl_to_gaussian,0.0,96
binary+shuffle,chunk_17,174,wt_mean,0.002410274435533175,96
binary+shuffle,chunk_17,175,GR,11.639696101347605,96
binary+shuffle,chunk_17,175,IPC,8.06551724688324,96
binary+shuffle,chunk_17,175,KR,5.974774931867917,96
binary+shuffle,chunk_17,175,MC,4.798462420701981,96
binary+shuffle,chunk_17,175,cosine_similarity,0.028024422936141425,96
binary+shuffle,chunk_17,175,kl_to_gaussian,0.0,96
binary+shuffle,chunk_17,175,wt_mean,0.0025003270420711,96
binary+shuffle,chunk_17,176,GR,9.870165817439556,96
binary+shuffle,chunk_17,176,IPC,8.518825240211287,96
binary+shuffle,chunk_17,176,KR,5.192080209652583,96
binary+shuffle,chunk_17,176,MC,4.979227740317583,96
binary+shuffle,chunk_17,176,cosine_similarity,0.0302441827952861,96
binary+shuffle,chunk_17,176,kl_to_gaussian,0.0,96
binary+shuffle,chunk_17,176,wt_mean,0.002594272431451775,96
binary+shuffle,chunk_17,177,GR,10.565756514668465,96
binary+shuffle,chunk_17,177,IPC,7.847167534043678,96
binary+shuffle,chunk_17,177,KR,5.735343242685,96
binary+shuffle,chunk_17,177,MC,4.761023168762525,96
binary+shuffle,chunk_17,177,cosine_similarity,0.026637071277946175,96
binary+shuffle,chunk_17,177,kl_to_gaussian,0.0,96
binary+shuffle,chunk_17,177,wt_mean,0.0024742681707720497,96
binary+shuffle,chunk_17,178,GR,10.674831623832384,96
binary+shuffle,chunk_17,178,IPC,8.88823208241782,96
binary+shuffle,chunk_17,178,KR,5.369333264728387,96
binary+shuffle,chunk_17,178,MC,5.074574285497268,96
binary+shuffle,chunk_17,178,cosine_similarity,0.022752493154257498,96
binary+shuffle,chunk_17,178,kl_to_gaussian,0.0,96
binary+shuffle,chunk_17,178,wt_mean,0.002615600184071775,96
binary+shuffle,chunk_17,179,GR,8.711464752753576,96
binary+shuffle,chunk_17,179,IPC,8.650095460152876,96
binary+shuffle,chunk_17,179,KR,4.529191456735134,96
binary+shuffle,chunk_17,179,MC,4.995037712156773,96
binary+shuffle,chunk_17,179,cosine_similarity,0.032463924027979325,96
binary+shuffle,chunk_17,179,kl_to_gaussian,0.0,96
binary+shuffle,chunk_17,179,wt_mean,0.0024019794655032,96
binary+shuffle,chunk_18,180,GR,8.951004979511103,96
binary+shuffle,chunk_18,180,IPC,8.58980995970918,96
binary+shuffle,chunk_18,180,KR,4.846302229911089,96
binary+shuffle,chunk_18,180,MC,5.115204444775979,96
binary+shuffle,chunk_18,180,cosine_similarity,0.0260821362026035,96
binary+shuffle,chunk_18,180,kl_to_gaussian,0.0,96
binary+shuffle,chunk_18,180,wt_mean,0.002486426790710475,96
binary+shuffle,chunk_18,181,GR,10.656087135275206,96
binary+shuffle,chunk_18,181,IPC,8.23171750271925,96
binary+shuffle,chunk_18,181,KR,5.415506824851036,96
binary+shuffle,chunk_18,181,MC,4.829765061537425,96
binary+shuffle,chunk_18,181,cosine_similarity,0.024694782216101847,96
binary+shuffle,chunk_18,181,kl_to_gaussian,0.0,96
binary+shuffle,chunk_18,181,wt_mean,0.002352888201130525,96
binary+shuffle,chunk_18,182,GR,10.980248754223188,96
binary+shuffle,chunk_18,182,IPC,9.187446702519717,96
binary+shuffle,chunk_18,182,KR,5.868501173953216,96
binary+shuffle,chunk_18,182,MC,5.383116352061431,96
binary+shuffle,chunk_18,182,cosine_similarity,0.026914536952972398,96
binary+shuffle,chunk_18,182,kl_to_gaussian,0.0,96
binary+shuffle,chunk_18,182,wt_mean,0.0026821061910595246,96
binary+shuffle,chunk_18,183,GR,8.940734239916006,96
binary+shuffle,chunk_18,183,IPC,8.39129936601571,96
binary+shuffle,chunk_18,183,KR,4.865655017395814,96
binary+shuffle,chunk_18,183,MC,4.984385778506597,96
binary+shuffle,chunk_18,183,cosine_similarity,0.021365149877965398,96
binary+shuffle,chunk_18,183,kl_to_gaussian,0.0,96
binary+shuffle,chunk_18,183,wt_mean,0.0023569006298202497,96
binary+shuffle,chunk_18,184,GR,11.296968119839827,96
binary+shuffle,chunk_18,184,IPC,7.538506378662018,96
binary+shuffle,chunk_18,184,KR,5.828172755738099,96
binary+shuffle,chunk_18,184,MC,4.656062722206116,96
binary+shuffle,chunk_18,184,cosine_similarity,0.0238623730838298,96
binary+shuffle,chunk_18,184,kl_to_gaussian,0.0,96
binary+shuffle,chunk_18,184,wt_mean,0.0024496405676472503,96
binary+shuffle,chunk_18,185,GR,11.340771642824015,96
binary+shuffle,chunk_18,185,IPC,9.21929030556448,96
binary+shuffle,chunk_18,185,KR,5.695708153148492,96
binary+shuffle,chunk_18,185,MC,5.228633386393388,96
binary+shuffle,chunk_18,185,cosine_similarity,0.027746940497308924,96
binary+shuffle,chunk_18,185,kl_to_gaussian,0.0,96
binary+shuffle,chunk_18,185,wt_mean,0.002671261550858575,96
binary+shuffle,chunk_18,186,GR,10.02004224807024,96
binary+shuffle,chunk_18,186,IPC,8.473187144759953,96
binary+shuffle,chunk_18,186,KR,5.279542935391267,96
binary+shuffle,chunk_18,186,MC,4.9804811005791025,96
binary+shuffle,chunk_18,186,cosine_similarity,0.030521641019731722,96
binary+shuffle,chunk_18,186,kl_to_gaussian,0.0,96
binary+shuffle,chunk_18,186,wt_mean,0.00253297886229115,96
binary+shuffle,chunk_18,187,GR,9.792063020169735,96
binary+shuffle,chunk_18,187,IPC,8.858744408418014,96
binary+shuffle,chunk_18,187,KR,5.188820908466975,96
binary+shuffle,chunk_18,187,MC,5.04214237506191,96
binary+shuffle,chunk_18,187,cosine_similarity,0.0263595944270491,96
binary+shuffle,chunk_18,187,kl_to_gaussian,0.0,96
binary+shuffle,chunk_18,187,wt_mean,0.0024373619817197,96
binary+shuffle,chunk_18,188,GR,8.78329644848903,96
binary+shuffle,chunk_18,188,IPC,8.40624815313838,96
binary+shuffle,chunk_18,188,KR,4.694575008004904,96
binary+shuffle,chunk_18,188,MC,4.857546333223581,96
binary+shuffle,chunk_18,188,cosine_similarity,0.023862378206103974,96
binary+shuffle,chunk_18,188,kl_to_gaussian,0.0,96
binary+shuffle,chunk_18,188,wt_mean,0.0024672620929777,96
binary+shuffle,chunk_18,189,GR,10.081421020130316,96
binary+shuffle,chunk_18,189,IPC,8.899886890702675,96
binary+shuffle,chunk_18,189,KR,5.233720944573482,96
binary+shuffle,chunk_18,189,MC,5.21339384963115,96
binary+shuffle,chunk_18,189,cosine_similarity,0.029411764349788375,96
binary+shuffle,chunk_18,189,kl_to_gaussian,0.0,96
binary+shuffle,chunk_18,189,wt_mean,0.002628761867526875,96
binary+shuffle,chunk_19,190,GR,8.30860677237312,96
binary+shuffle,chunk_19,190,IPC,8.718286141555133,96
binary+shuffle,chunk_19,190,KR,4.462583910673857,96
binary+shuffle,chunk_19,190,MC,4.784384431938331,96
binary+shuffle,chunk_19,190,cosine_similarity,0.031354047358036,96
binary+shuffle,chunk_19,190,kl_to_gaussian,0.0,96
binary+shuffle,chunk_19,190,wt_mean,0.002429664978990275,96
binary+shuffle,chunk_19,191,GR,13.78641390800476,96
binary+shuffle,chunk_19,191,IPC,9.464245480423104,96
binary+shuffle,chunk_19,191,KR,6.825808415810267,96
binary+shuffle,chunk_19,191,MC,5.476422446469466,96
binary+shuffle,chunk_19,191,cosine_similarity,0.021920088212937075,96
binary+shuffle,chunk_19,191,kl_to_gaussian,0.0,96
binary+shuffle,chunk_19,191,wt_mean,0.00290818570647385,96
binary+shuffle,chunk_19,192,GR,11.436702211697897,96
binary+shuffle,chunk_19,192,IPC,8.377934864369553,96
binary+shuffle,chunk_19,192,KR,5.739890180528164,96
binary+shuffle,chunk_19,192,MC,4.9690828807652,96
binary+shuffle,chunk_19,192,cosine_similarity,0.0269145402126014,96
binary+shuffle,chunk_19,192,kl_to_gaussian,0.0,96
binary+shuffle,chunk_19,192,wt_mean,0.002497563109500275,96
binary+shuffle,chunk_19,193,GR,9.933371576170126,96
binary+shuffle,chunk_19,193,IPC,9.038029281449496,96
binary+shuffle,chunk_19,193,KR,5.3127673504253226,96
binary+shuffle,chunk_19,193,MC,5.188111240665118,96
binary+shuffle,chunk_19,193,cosine_similarity,0.022197560407221276,96
binary+shuffle,chunk_19,193,kl_to_gaussian,0.0,96
binary+shuffle,chunk_19,193,wt_mean,0.0025929022231138753,96
binary+shuffle,chunk_19,194,GR,11.86014892657598,96
binary+shuffle,chunk_19,194,IPC,8.92453635562532,96
binary+shuffle,chunk_19,194,KR,6.162188944717248,96
binary+shuffle,chunk_19,194,MC,5.075054315229257,96
binary+shuffle,chunk_19,194,cosine_similarity,0.0235849092714488,96
binary+shuffle,chunk_19,194,kl_to_gaussian,0.0,96
binary+shuffle,chunk_19,194,wt_mean,0.002620138344354875,96
binary+shuffle,chunk_19,195,GR,9.690815458695093,96
binary+shuffle,chunk_19,195,IPC,8.659729588328004,96
binary+shuffle,chunk_19,195,KR,5.290654398500919,96
binary+shuffle,chunk_19,195,MC,5.174379320194324,96
binary+shuffle,chunk_19,195,cosine_similarity,0.0246947789564728,96
binary+shuffle,chunk_19,195,kl_to_gaussian,0.0,96
binary+shuffle,chunk_19,195,wt_mean,0.002582570508820875,96
binary+shuffle,chunk_19,196,GR,10.130114796260992,96
binary+shuffle,chunk_19,196,IPC,7.784156543797313,96
binary+shuffle,chunk_19,196,KR,5.4837489649653435,96
binary+shuffle,chunk_19,196,MC,4.872281691680352,96
binary+shuffle,chunk_19,196,cosine_similarity,0.028301888611167652,96
binary+shuffle,chunk_19,196,kl_to_gaussian,0.0,96
binary+shuffle,chunk_19,196,wt_mean,0.0024080842849798,96
binary+shuffle,chunk_19,197,GR,9.44728090489904,96
binary+shuffle,chunk_19,197,IPC,9.050891605854906,96
binary+shuffle,chunk_19,197,KR,4.775715018312137,96
binary+shuffle,chunk_19,197,MC,5.212109225491683,96
binary+shuffle,chunk_19,197,cosine_similarity,0.019977804739028174,96
binary+shuffle,chunk_19,197,kl_to_gaussian,0.0,96
binary+shuffle,chunk_19,197,wt_mean,0.00247279598261225,96
binary+shuffle,chunk_19,198,GR,10.980512318511805,96
binary+shuffle,chunk_19,198,IPC,8.345018248367483,96
binary+shuffle,chunk_19,198,KR,5.651728284855683,96
binary+shuffle,chunk_19,198,MC,4.846847356607516,96
binary+shuffle,chunk_19,198,cosine_similarity,0.02802441548556085,96
binary+shuffle,chunk_19,198,kl_to_gaussian,0.0,96
binary+shuffle,chunk_19,198,wt_mean,0.0024329366860911,96
binary+shuffle,chunk_19,199,GR,11.987091968456904,96
binary+shuffle,chunk_19,199,IPC,8.133406489705125,96
binary+shuffle,chunk_19,199,KR,6.248448039094607,96
binary+shuffle,chunk_19,199,MC,4.872698159267505,96
binary+shuffle,chunk_19,199,cosine_similarity,0.025527193211018998,96
binary+shuffle,chunk_19,199,kl_to_gaussian,0.0,96
binary+shuffle,chunk_19,199,wt_mean,0.0024897662515286,96
binary+shuffle,chunk_2,20,GR,10.59764551371336,96
binary+shuffle,chunk_2,20,IPC,10.200137346685816,96
binary+shuffle,chunk_2,20,KR,5.518118781348069,96
binary+shuffle,chunk_2,20,MC,5.515619571010272,96
binary+shuffle,chunk_2,20,cosine_similarity,0.024139841552823726,96
binary+shuffle,chunk_2,20,kl_to_gaussian,0.0,96
binary+shuffle,chunk_2,20,wt_mean,0.00246939313365145,96
binary+shuffle,chunk_2,21,GR,9.297359108924866,96
binary+shuffle,chunk_2,21,IPC,9.56364019180654,96
binary+shuffle,chunk_2,21,KR,4.8291529441873235,96
binary+shuffle,chunk_2,21,MC,5.076835159212351,96
binary+shuffle,chunk_2,21,cosine_similarity,0.030799117870628775,96
binary+shuffle,chunk_2,21,kl_to_gaussian,0.0,96
binary+shuffle,chunk_2,21,wt_mean,0.00249847173108715,96
binary+shuffle,chunk_2,22,GR,9.627603322267532,96
binary+shuffle,chunk_2,22,IPC,9.707382227039643,96
binary+shuffle,chunk_2,22,KR,5.200059950351715,96
binary+shuffle,chunk_2,22,MC,5.3127011594672995,96
binary+shuffle,chunk_2,22,cosine_similarity,0.025527184363454525,96
binary+shuffle,chunk_2,22,kl_to_gaussian,0.0,96
binary+shuffle,chunk_2,22,wt_mean,0.0024569303495808998,96
binary+shuffle,chunk_2,23,GR,8.343107695380846,96
binary+shuffle,chunk_2,23,IPC,10.147453191744887,96
binary+shuffle,chunk_2,23,KR,4.484815921634436,96
binary+shuffle,chunk_2,23,MC,5.408484430362781,96
binary+shuffle,chunk_2,23,cosine_similarity,0.021365148946642848,96
binary+shuffle,chunk_2,23,kl_to_gaussian,0.0,96
binary+shuffle,chunk_2,23,wt_mean,0.0024275799223687253,96
binary+shuffle,chunk_2,24,GR,11.689522755642733,96
binary+shuffle,chunk_2,24,IPC,9.691944127960424,96
binary+shuffle,chunk_2,24,KR,6.030269051591556,96
binary+shuffle,chunk_2,24,MC,5.445430571834247,96
binary+shuffle,chunk_2,24,cosine_similarity,0.031631518155336304,96
binary+shuffle,chunk_2,24,kl_to_gaussian,0.0,96
binary+shuffle,chunk_2,24,wt_mean,0.0025389625516254,96
binary+shuffle,chunk_2,25,GR,9.555117699007193,96
binary+shuffle,chunk_2,25,IPC,9.764458806212772,96
binary+shuffle,chunk_2,25,KR,4.922823186963797,96
binary+shuffle,chunk_2,25,MC,5.289832539856434,96
binary+shuffle,chunk_2,25,cosine_similarity,0.01942285476252435,96
binary+shuffle,chunk_2,25,kl_to_gaussian,0.0,96
binary+shuffle,chunk_2,25,wt_mean,0.002475080080330325,96
binary+shuffle,chunk_2,26,GR,8.911487102508545,96
binary+shuffle,chunk_2,26,IPC,9.649238298385852,96
binary+shuffle,chunk_2,26,KR,4.705897913624843,96
binary+shuffle,chunk_2,26,MC,5.202334361771743,96
binary+shuffle,chunk_2,26,cosine_similarity,0.029411762487143223,96
binary+shuffle,chunk_2,26,kl_to_gaussian,0.0,96
binary+shuffle,chunk_2,26,wt_mean,0.002437314775306675,96
binary+shuffle,chunk_2,27,GR,9.61421769609054,96
binary+shuffle,chunk_2,27,IPC,9.451660468690623,96
binary+shuffle,chunk_2,27,KR,5.000621837874253,96
binary+shuffle,chunk_2,27,MC,5.086357948680718,96
binary+shuffle,chunk_2,27,cosine_similarity,0.028024421073496276,96
binary+shuffle,chunk_2,27,kl_to_gaussian,0.0,96
binary+shuffle,chunk_2,27,wt_mean,0.00248869511415245,96
binary+shuffle,chunk_2,28,GR,9.549277536571026,96
binary+shuffle,chunk_2,28,IPC,9.729785221929967,96
binary+shuffle,chunk_2,28,KR,5.048430347194274,96
binary+shuffle,chunk_2,28,MC,5.491959520926078,96
binary+shuffle,chunk_2,28,cosine_similarity,0.027192011475563004,96
binary+shuffle,chunk_2,28,kl_to_gaussian,0.0,96
binary+shuffle,chunk_2,28,wt_mean,0.002507662022253425,96
binary+shuffle,chunk_2,29,GR,12.015412139395872,96
binary+shuffle,chunk_2,29,IPC,10.00313492494227,96
binary+shuffle,chunk_2,29,KR,6.0721745391686754,96
binary+shuffle,chunk_2,29,MC,5.474323915938537,96
binary+shuffle,chunk_2,29,cosine_similarity,0.027746944222599226,96
binary+shuffle,chunk_2,29,kl_to_gaussian,0.0,96
binary+shuffle,chunk_2,29,wt_mean,0.0026051531604024997,96
binary+shuffle,chunk_3,30,GR,9.771050617098808,96
binary+shuffle,chunk_3,30,IPC,10.433312339656164,96
binary+shuffle,chunk_3,30,KR,5.0900528865555925,96
binary+shuffle,chunk_3,30,MC,5.615496467798948,96
binary+shuffle,chunk_3,30,cosine_similarity,0.022197560407221248,96
binary+shuffle,chunk_3,30,kl_to_gaussian,0.0,96
binary+shuffle,chunk_3,30,wt_mean,0.0026483595429453253,96
binary+shuffle,chunk_3,31,GR,8.696030139923096,96
binary+shuffle,chunk_3,31,IPC,9.423587560443702,96
binary+shuffle,chunk_3,31,KR,4.656741824001074,96
binary+shuffle,chunk_3,31,MC,5.381114155054092,96
binary+shuffle,chunk_3,31,cosine_similarity,0.023584906943142376,96
binary+shuffle,chunk_3,31,kl_to_gaussian,0.0,96
binary+shuffle,chunk_3,31,wt_mean,0.0023312690318561748,96
binary+shuffle,chunk_3,32,GR,10.368743059535822,96
binary+shuffle,chunk_3,32,IPC,9.213075779759714,96
binary+shuffle,chunk_3,32,KR,5.621474253634612,96
binary+shuffle,chunk_3,32,MC,5.314177617430687,96
binary+shuffle,chunk_3,32,cosine_similarity,0.02053274353966115,96
binary+shuffle,chunk_3,32,kl_to_gaussian,0.0,96
binary+shuffle,chunk_3,32,wt_mean,0.0023636068508494,96
binary+shuffle,chunk_3,33,GR,9.57107592622439,96
binary+shuffle,chunk_3,33,IPC,10.219802719791458,96
binary+shuffle,chunk_3,33,KR,5.026221048086882,96
binary+shuffle,chunk_3,33,MC,5.805782535423835,96
binary+shuffle,chunk_3,33,cosine_similarity,0.02941176528111095,96
binary+shuffle,chunk_3,33,kl_to_gaussian,0.0,96
binary+shuffle,chunk_3,33,wt_mean,0.0025597471685614,96
binary+shuffle,chunk_3,34,GR,11.023802498976389,96
binary+shuffle,chunk_3,34,IPC,9.824744212961859,96
binary+shuffle,chunk_3,34,KR,5.6280471459031105,96
binary+shuffle,chunk_3,34,MC,5.451442658901215,96
binary+shuffle,chunk_3,34,cosine_similarity,0.028856830205768277,96
binary+shuffle,chunk_3,34,kl_to_gaussian,0.0,96
binary+shuffle,chunk_3,34,wt_mean,0.0026000356883741503,96
binary+shuffle,chunk_3,35,GR,9.442827502886454,96
binary+shuffle,chunk_3,35,IPC,9.616036443012128,96
binary+shuffle,chunk_3,35,KR,5.0410725101828575,96
binary+shuffle,chunk_3,35,MC,5.312914563963811,96
binary+shuffle,chunk_3,35,cosine_similarity,0.026359599083661974,96
binary+shuffle,chunk_3,35,kl_to_gaussian,0.0,96
binary+shuffle,chunk_3,35,wt_mean,0.0024239374615717,96
binary+shuffle,chunk_3,36,GR,8.548005866507689,96
binary+shuffle,chunk_3,36,IPC,9.072092857331056,96
binary+shuffle,chunk_3,36,KR,4.498600147664547,96
binary+shuffle,chunk_3,36,MC,5.150828300664823,96
binary+shuffle,chunk_3,36,cosine_similarity,0.023862374480813672,96
binary+shuffle,chunk_3,36,kl_to_gaussian,0.0,96
binary+shuffle,chunk_3,36,wt_mean,0.0023191890213638254,96
binary+shuffle,chunk_3,37,GR,11.562094243864218,96
binary+shuffle,chunk_3,37,IPC,10.43308112077339,96
binary+shuffle,chunk_3,37,KR,5.964724140862624,96
binary+shuffle,chunk_3,37,MC,5.612174900869529,96
binary+shuffle,chunk_3,37,cosine_similarity,0.028579356614500246,96
binary+shuffle,chunk_3,37,kl_to_gaussian,0.0,96
binary+shuffle,chunk_3,37,wt_mean,0.00254821070120665,96
binary+shuffle,chunk_3,38,GR,9.809504009783268,96
binary+shuffle,chunk_3,38,IPC,9.219017763578728,96
binary+shuffle,chunk_3,38,KR,5.329230544467767,96
binary+shuffle,chunk_3,38,MC,5.289270897706349,96
binary+shuffle,chunk_3,38,cosine_similarity,0.02580465702340005,96
binary+shuffle,chunk_3,38,kl_to_gaussian,0.0,96
binary+shuffle,chunk_3,38,wt_mean,0.00236062146723265,96
binary+shuffle,chunk_3,39,GR,9.7681914716959,96
binary+shuffle,chunk_3,39,IPC,9.201581159770393,96
binary+shuffle,chunk_3,39,KR,5.106778439134359,96
binary+shuffle,chunk_3,39,MC,5.3695096646746,96
binary+shuffle,chunk_3,39,cosine_similarity,0.0244173109531402,96
binary+shuffle,chunk_3,39,kl_to_gaussian,0.0,96
binary+shuffle,chunk_3,39,wt_mean,0.002469852566719,96
binary+shuffle,chunk_4,40,GR,10.727695549527803,96
binary+shuffle,chunk_4,40,IPC,9.020029886980224,96
binary+shuffle,chunk_4,40,KR,5.645698351164659,96
binary+shuffle,chunk_4,40,MC,4.880023874342442,96
binary+shuffle,chunk_4,40,cosine_similarity,0.02608213433995835,96
binary+shuffle,chunk_4,40,kl_to_gaussian,0.0,96
binary+shuffle,chunk_4,40,wt_mean,0.0024571169051341,96
binary+shuffle,chunk_4,41,GR,8.29059415931503,96
binary+shuffle,chunk_4,41,IPC,9.709089698877102,96
binary+shuffle,chunk_4,41,KR,4.37026009708643,96
binary+shuffle,chunk_4,41,MC,5.110033017893632,96
binary+shuffle,chunk_4,41,cosine_similarity,0.0296892332844436,96
binary+shuffle,chunk_4,41,kl_to_gaussian,0.0,96
binary+shuffle,chunk_4,41,wt_mean,0.0023382261279038252,96
binary+shuffle,chunk_4,42,GR,9.63701101144155,96
binary+shuffle,chunk_4,42,IPC,9.3410883421366,96
binary+shuffle,chunk_4,42,KR,5.265169554700454,96
binary+shuffle,chunk_4,42,MC,5.224176275233428,96
binary+shuffle,chunk_4,42,cosine_similarity,0.029411762021481925,96
binary+shuffle,chunk_4,42,kl_to_gaussian,0.0,96
binary+shuffle,chunk_4,42,wt_mean,0.00239959027385335,96
binary+shuffle,chunk_4,43,GR,9.29022716730833,96
binary+shuffle,chunk_4,43,IPC,9.153742652627894,96
binary+shuffle,chunk_4,43,KR,4.95675394932429,96
binary+shuffle,chunk_4,43,MC,5.22996844847997,96
binary+shuffle,chunk_4,43,cosine_similarity,0.031908986158668974,96
binary+shuffle,chunk_4,43,kl_to_gaussian,0.0,96
binary+shuffle,chunk_4,43,wt_mean,0.002415938681224325,96
binary+shuffle,chunk_4,44,GR,9.63056200494369,96
binary+shuffle,chunk_4,44,IPC,10.071932057694765,96
binary+shuffle,chunk_4,44,KR,5.092134154091279,96
binary+shuffle,chunk_4,44,MC,5.779982816427946,96
binary+shuffle,chunk_4,44,cosine_similarity,0.03190898802131412,96
binary+shuffle,chunk_4,44,kl_to_gaussian,0.0,96
binary+shuffle,chunk_4,44,wt_mean,0.002538840053603025,96
binary+shuffle,chunk_4,45,GR,8.85296260441343,96
binary+shuffle,chunk_4,45,IPC,9.518900994155507,96
binary+shuffle,chunk_4,45,KR,4.748589930435021,96
binary+shuffle,chunk_4,45,MC,5.375160967310269,96
binary+shuffle,chunk_4,45,cosine_similarity,0.02192008635029195,96
binary+shuffle,chunk_4,45,kl_to_gaussian,0.0,96
binary+shuffle,chunk_4,45,wt_mean,0.0023533832863904002,96
binary+shuffle,chunk_4,46,GR,10.424247498313585,96
binary+shuffle,chunk_4,46,IPC,9.391455675926474,96
binary+shuffle,chunk_4,46,KR,5.544475647310416,96
binary+shuffle,chunk_4,46,MC,5.543665709594886,96
binary+shuffle,chunk_4,46,cosine_similarity,0.021642623469233447,96
binary+shuffle,chunk_4,46,kl_to_gaussian,0.0,96
binary+shuffle,chunk_4,46,wt_mean,0.0024645985977258,96
binary+shuffle,chunk_4,47,GR,12.76842874288559,96
binary+shuffle,chunk_4,47,IPC,10.244359344805746,96
binary+shuffle,chunk_4,47,KR,6.527870287497838,96
binary+shuffle,chunk_4,47,MC,5.746814546485742,96
binary+shuffle,chunk_4,47,cosine_similarity,0.0269145364873111,96
binary+shuffle,chunk_4,47,kl_to_gaussian,0.0,96
binary+shuffle,chunk_4,47,wt_mean,0.002771643048617925,96
binary+shuffle,chunk_4,48,GR,10.409143194556236,96
binary+shuffle,chunk_4,48,IPC,10.355745680398758,96
binary+shuffle,chunk_4,48,KR,5.559939220547676,96
binary+shuffle,chunk_4,48,MC,5.728458728641272,96
binary+shuffle,chunk_4,48,cosine_similarity,0.028856819495558673,96
binary+shuffle,chunk_4,48,kl_to_gaussian,0.0,96
binary+shuffle,chunk_4,48,wt_mean,0.00263146261568175,96
binary+shuffle,chunk_4,49,GR,9.501247392346462,96
binary+shuffle,chunk_4,49,IPC,10.014371518534121,96
binary+shuffle,chunk_4,49,KR,5.008275616914034,96
binary+shuffle,chunk_4,49,MC,5.648506175726652,96
binary+shuffle,chunk_4,49,cosine_similarity,0.0235849092714488,96
binary+shuffle,chunk_4,49,kl_to_gaussian,0.0,96
binary+shuffle,chunk_4,49,wt_mean,0.0025054208526853,96
binary+shuffle,chunk_5,50,GR,10.486836095650991,96
binary+shuffle,chunk_5,50,IPC,10.098920954404049,96
binary+shuffle,chunk_5,50,KR,5.7014391496777534,96
binary+shuffle,chunk_5,50,MC,5.761124008645614,96
binary+shuffle,chunk_5,50,cosine_similarity,0.027469471096992423,96
binary+shuffle,chunk_5,50,kl_to_gaussian,0.0,96
binary+shuffle,chunk_5,50,wt_mean,0.002614058437757125,96
binary+shuffle,chunk_5,51,GR,10.316924725969633,96
binary+shuffle,chunk_5,51,IPC,9.835054410199502,96
binary+shuffle,chunk_5,51,KR,5.480691214402516,96
binary+shuffle,chunk_5,51,MC,5.420336491117875,96
binary+shuffle,chunk_5,51,cosine_similarity,0.03357380907982582,96
binary+shuffle,chunk_5,51,kl_to_gaussian,0.0,96
binary+shuffle,chunk_5,51,wt_mean,0.002509823039872525,96
binary+shuffle,chunk_5,52,GR,9.612781537075838,96
binary+shuffle,chunk_5,52,IPC,9.2552693065786,96
binary+shuffle,chunk_5,52,KR,5.117249820381403,96
binary+shuffle,chunk_5,52,MC,5.329385856787364,96
binary+shuffle,chunk_5,52,cosine_similarity,0.0277469484135508,96
binary+shuffle,chunk_5,52,kl_to_gaussian,0.0,96
binary+shuffle,chunk_5,52,wt_mean,0.002491743129212375,96
binary+shuffle,chunk_5,53,GR,12.09479078402122,96
binary+shuffle,chunk_5,53,IPC,10.576617940139256,96
binary+shuffle,chunk_5,53,KR,6.197413558761279,96
binary+shuffle,chunk_5,53,MC,6.014030277729034,96
binary+shuffle,chunk_5,53,cosine_similarity,0.0241398424841463,96
binary+shuffle,chunk_5,53,kl_to_gaussian,0.0,96
binary+shuffle,chunk_5,53,wt_mean,0.0027044690214097,96
binary+shuffle,chunk_5,54,GR,9.202879236390194,96
binary+shuffle,chunk_5,54,IPC,9.81870884225746,96
binary+shuffle,chunk_5,54,KR,4.87253466496865,96
binary+shuffle,chunk_5,54,MC,5.705825552344322,96
binary+shuffle,chunk_5,54,cosine_similarity,0.02386237960308785,96
binary+shuffle,chunk_5,54,kl_to_gaussian,0.0,96
binary+shuffle,chunk_5,54,wt_mean,0.002510546328267025,96
binary+shuffle,chunk_5,55,GR,10.617009234925112,96
binary+shuffle,chunk_5,55,IPC,9.596674129641391,96
binary+shuffle,chunk_5,55,KR,5.623955545326074,96
binary+shuffle,chunk_5,55,MC,5.526261070122321,96
binary+shuffle,chunk_5,55,cosine_similarity,0.0271920077502727,96
binary+shuffle,chunk_5,55,kl_to_gaussian,0.0,96
binary+shuffle,chunk_5,55,wt_mean,0.002359944890486025,96
binary+shuffle,chunk_5,56,GR,9.908378337820372,96
binary+shuffle,chunk_5,56,IPC,9.80556070422463,96
binary+shuffle,chunk_5,56,KR,5.137947481125593,96
binary+shuffle,chunk_5,56,MC,5.295327856515844,96
binary+shuffle,chunk_5,56,cosine_similarity,0.02469479106366625,96
binary+shuffle,chunk_5,56,kl_to_gaussian,0.0,96
binary+shuffle,chunk_5,56,wt_mean,0.0025081711355596247,96
binary+shuffle,chunk_5,57,GR,11.53136203189691,96
binary+shuffle,chunk_5,57,IPC,11.005223622031592,96
binary+shuffle,chunk_5,57,KR,5.78484013179938,96
binary+shuffle,chunk_5,57,MC,5.926743663847446,96
binary+shuffle,chunk_5,57,cosine_similarity,0.023584906477481075,96
binary+shuffle,chunk_5,57,kl_to_gaussian,0.0,96
binary+shuffle,chunk_5,57,wt_mean,0.00268481575767505,96
binary+shuffle,chunk_5,58,GR,10.595820419490337,96
binary+shuffle,chunk_5,58,IPC,9.417695014062792,96
binary+shuffle,chunk_5,58,KR,5.469139285385609,96
binary+shuffle,chunk_5,58,MC,5.2112525415917235,96
binary+shuffle,chunk_5,58,cosine_similarity,0.0274694762192666,96
binary+shuffle,chunk_5,58,kl_to_gaussian,0.0,96
binary+shuffle,chunk_5,58,wt_mean,0.002426431281492075,96
binary+shuffle,chunk_5,59,GR,10.557928378383318,96
binary+shuffle,chunk_5,59,IPC,9.729526663164759,96
binary+shuffle,chunk_5,59,KR,5.582586819926898,96
binary+shuffle,chunk_5,59,MC,5.401903285334508,96
binary+shuffle,chunk_5,59,cosine_similarity,0.0302441800013184,96
binary+shuffle,chunk_5,59,kl_to_gaussian,0.0,96
binary+shuffle,chunk_5,59,wt_mean,0.0025803253229241,96
binary+shuffle,chunk_6,60,GR,8.084105926255384,96
binary+shuffle,chunk_6,60,IPC,9.417041178798064,96
binary+shuffle,chunk_6,60,KR,4.3454870482285815,96
binary+shuffle,chunk_6,60,MC,4.846363914509614,96
binary+shuffle,chunk_6,60,cosine_similarity,0.021365153603255724,96
binary+shuffle,chunk_6,60,kl_to_gaussian,0.0,96
binary+shuffle,chunk_6,60,wt_mean,0.002379621873842525,96
binary+shuffle,chunk_6,61,GR,11.007373005151749,96
binary+shuffle,chunk_6,61,IPC,10.249861751877278,96
binary+shuffle,chunk_6,61,KR,5.598921308914821,96
binary+shuffle,chunk_6,61,MC,5.448672880729039,96
binary+shuffle,chunk_6,61,cosine_similarity,0.0260821296833455,96
binary+shuffle,chunk_6,61,kl_to_gaussian,0.0,96
binary+shuffle,chunk_6,61,wt_mean,0.002499988942872675,96
binary+shuffle,chunk_6,62,GR,9.20056319857637,96
binary+shuffle,chunk_6,62,IPC,9.637503524569304,96
binary+shuffle,chunk_6,62,KR,5.016434038678805,96
binary+shuffle,chunk_6,62,MC,5.319428118566672,96
binary+shuffle,chunk_6,62,cosine_similarity,0.02580465981736775,96
binary+shuffle,chunk_6,62,kl_to_gaussian,0.0,96
binary+shuffle,chunk_6,62,wt_mean,0.002417069103103075,96
binary+shuffle,chunk_6,63,GR,10.405721430977186,96
binary+shuffle,chunk_6,63,IPC,10.51056198699205,96
binary+shuffle,chunk_6,63,KR,5.401888824999332,96
binary+shuffle,chunk_6,63,MC,5.647183942298095,96
binary+shuffle,chunk_6,63,cosine_similarity,0.028024415019899575,96
binary+shuffle,chunk_6,63,kl_to_gaussian,0.0,96
binary+shuffle,chunk_6,63,wt_mean,0.00252035204903215,96
binary+shuffle,chunk_6,64,GR,9.720403688649336,96
binary+shuffle,chunk_6,64,IPC,9.412245953405387,96
binary+shuffle,chunk_6,64,KR,5.122392269472281,96
binary+shuffle,chunk_6,64,MC,5.254007788995902,96
binary+shuffle,chunk_6,64,cosine_similarity,0.024694783613085674,96
binary+shuffle,chunk_6,64,kl_to_gaussian,0.0,96
binary+shuffle,chunk_6,64,wt_mean,0.002409599401289575,96
binary+shuffle,chunk_6,65,GR,10.387429537872473,96
binary+shuffle,chunk_6,65,IPC,9.460141600114103,96
binary+shuffle,chunk_6,65,KR,5.566716303428014,96
binary+shuffle,chunk_6,65,MC,5.107086285948753,96
binary+shuffle,chunk_6,65,cosine_similarity,0.03301886189728968,96
binary+shuffle,chunk_6,65,kl_to_gaussian,0.0,96
binary+shuffle,chunk_6,65,wt_mean,0.00245779156102795,96
binary+shuffle,chunk_6,66,GR,8.98841592669487,96
binary+shuffle,chunk_6,66,IPC,9.82067160144391,96
binary+shuffle,chunk_6,66,KR,4.657793186604977,96
binary+shuffle,chunk_6,66,MC,5.28845743338267,96
binary+shuffle,chunk_6,66,cosine_similarity,0.023307432886213026,96
binary+shuffle,chunk_6,66,kl_to_gaussian,0.0,96
binary+shuffle,chunk_6,66,wt_mean,0.00255360334995195,96
binary+shuffle,chunk_6,67,GR,8.96114913125833,96
binary+shuffle,chunk_6,67,IPC,9.193148853109998,96
binary+shuffle,chunk_6,67,KR,4.752210076898336,96
binary+shuffle,chunk_6,67,MC,5.095469648639361,96
binary+shuffle,chunk_6,67,cosine_similarity,0.030244173482060377,96
binary+shuffle,chunk_6,67,kl_to_gaussian,0.0,96
binary+shuffle,chunk_6,67,wt_mean,0.0024355199711862253,96
binary+shuffle,chunk_6,68,GR,8.666715325166782,96
binary+shuffle,chunk_6,68,IPC,9.746081425066336,96
binary+shuffle,chunk_6,68,KR,4.582961757977803,96
binary+shuffle,chunk_6,68,MC,5.265118309607108,96
binary+shuffle,chunk_6,68,cosine_similarity,0.032741404138505424,96
binary+shuffle,chunk_6,68,kl_to_gaussian,0.0,96
binary+shuffle,chunk_6,68,wt_mean,0.002505428361473525,96
binary+shuffle,chunk_6,69,GR,8.979835567375025,96
binary+shuffle,chunk_6,69,IPC,9.469166717549298,96
binary+shuffle,chunk_6,69,KR,4.755943458527327,96
binary+shuffle,chunk_6,69,MC,5.248911384493113,96
binary+shuffle,chunk_6,69,cosine_similarity,0.02441731700673695,96
binary+shuffle,chunk_6,69,kl_to_gaussian,0.0,96
binary+shuffle,chunk_6,69,wt_mean,0.002353759395191375,96
binary+shuffle,chunk_7,70,GR,9.966296300292015,96
binary+shuffle,chunk_7,70,IPC,9.356470748723199,96
binary+shuffle,chunk_7,70,KR,5.294757213443518,96
binary+shuffle,chunk_7,70,MC,5.377407614141703,96
binary+shuffle,chunk_7,70,cosine_similarity,0.02885682787746185,96
binary+shuffle,chunk_7,70,kl_to_gaussian,0.0,96
binary+shuffle,chunk_7,70,wt_mean,0.002545863972045425,96
binary+shuffle,chunk_7,71,GR,8.502713065594435,96
binary+shuffle,chunk_7,71,IPC,9.609331981069962,96
binary+shuffle,chunk_7,71,KR,4.628472721825044,96
binary+shuffle,chunk_7,71,MC,5.222732288142045,96
binary+shuffle,chunk_7,71,cosine_similarity,0.03052164753898975,96
binary+shuffle,chunk_7,71,kl_to_gaussian,0.0,96
binary+shuffle,chunk_7,71,wt_mean,0.0023617691767867,96
binary+shuffle,chunk_7,72,GR,9.5011324112614,96
binary+shuffle,chunk_7,72,IPC,10.021348360891665,96
binary+shuffle,chunk_7,72,KR,5.185491140931845,96
binary+shuffle,chunk_7,72,MC,5.836941043535869,96
binary+shuffle,chunk_7,72,cosine_similarity,0.0224750279448926,96
binary+shuffle,chunk_7,72,kl_to_gaussian,0.0,96
binary+shuffle,chunk_7,72,wt_mean,0.0025202749238814504,96
binary+shuffle,chunk_7,73,GR,10.077730956176916,96
binary+shuffle,chunk_7,73,IPC,10.470311327074896,96
binary+shuffle,chunk_7,73,KR,5.444191382577022,96
binary+shuffle,chunk_7,73,MC,5.921311152478059,96
binary+shuffle,chunk_7,73,cosine_similarity,0.02941175783053035,96
binary+shuffle,chunk_7,73,kl_to_gaussian,0.0,96
binary+shuffle,chunk_7,73,wt_mean,0.002614049153635225,96
binary+shuffle,chunk_7,74,GR,10.430273694296678,96
binary+shuffle,chunk_7,74,IPC,9.833951579696373,96
binary+shuffle,chunk_7,74,KR,5.349625614782174,96
binary+shuffle,chunk_7,74,MC,5.3351201092203455,96
binary+shuffle,chunk_7,74,cosine_similarity,0.03190898988395927,96
binary+shuffle,chunk_7,74,kl_to_gaussian,0.0,96
binary+shuffle,chunk_7,74,wt_mean,0.002473026135703525,96
binary+shuffle,chunk_7,75,GR,10.052765843768915,96
binary+shuffle,chunk_7,75,IPC,9.235224442513118,96
binary+shuffle,chunk_7,75,KR,5.40241442869107,96
binary+shuffle,chunk_7,75,MC,5.498466062049071,96
binary+shuffle,chunk_7,75,cosine_similarity,0.025804661214351626,96
binary+shuffle,chunk_7,75,kl_to_gaussian,0.0,96
binary+shuffle,chunk_7,75,wt_mean,0.00239202418015335,96
binary+shuffle,chunk_7,76,GR,9.957784503698349,96
binary+shuffle,chunk_7,76,IPC,10.422228866959875,96
binary+shuffle,chunk_7,76,KR,5.258459554364284,96
binary+shuffle,chunk_7,76,MC,5.921823181211948,96
binary+shuffle,chunk_7,76,cosine_similarity,0.0291342958807945,96
binary+shuffle,chunk_7,76,kl_to_gaussian,0.0,96
binary+shuffle,chunk_7,76,wt_mean,0.0025622054236009,96
binary+shuffle,chunk_7,77,GR,10.036438023050627,96
binary+shuffle,chunk_7,77,IPC,9.311315152135856,96
binary+shuffle,chunk_7,77,KR,5.5118208055694895,96
binary+shuffle,chunk_7,77,MC,5.307950895279646,96
binary+shuffle,chunk_7,77,cosine_similarity,0.026914543006569123,96
binary+shuffle,chunk_7,77,kl_to_gaussian,0.0,96
binary+shuffle,chunk_7,77,wt_mean,0.002372174640186075,96
binary+shuffle,chunk_7,78,GR,10.170571699738503,96
binary+shuffle,chunk_7,78,IPC,9.589897398420382,96
binary+shuffle,chunk_7,78,KR,5.354787937055032,96
binary+shuffle,chunk_7,78,MC,5.345097844799359,96
binary+shuffle,chunk_7,78,cosine_similarity,0.031076575163751827,96
binary+shuffle,chunk_7,78,kl_to_gaussian,0.0,96
binary+shuffle,chunk_7,78,wt_mean,0.00245816586539145,96
binary+shuffle,chunk_7,79,GR,9.425204006334146,96
binary+shuffle,chunk_7,79,IPC,9.692864247469096,96
binary+shuffle,chunk_7,79,KR,4.885845900823672,96
binary+shuffle,chunk_7,79,MC,5.283915663758914,96
binary+shuffle,chunk_7,79,cosine_similarity,0.023307436145842023,96
binary+shuffle,chunk_7,79,kl_to_gaussian,0.0,96
binary+shuffle,chunk_7,79,wt_mean,0.00244319718331095,96
binary+shuffle,chunk_8,80,GR,9.884751660128435,96
binary+shuffle,chunk_8,80,IPC,9.355460242574752,96
binary+shuffle,chunk_8,80,KR,5.209342985103528,96
binary+shuffle,chunk_8,80,MC,5.5449173748493195,96
binary+shuffle,chunk_8,80,cosine_similarity,0.028024425264447875,96
binary+shuffle,chunk_8,80,kl_to_gaussian,0.0,96
binary+shuffle,chunk_8,80,wt_mean,0.0025802085292525,96
binary+shuffle,chunk_8,81,GR,9.662391637762388,96
binary+shuffle,chunk_8,81,IPC,8.045121166284313,96
binary+shuffle,chunk_8,81,KR,5.14027513563633,96
binary+shuffle,chunk_8,81,MC,4.696651993940274,96
binary+shuffle,chunk_8,81,cosine_similarity,0.026359595358371676,96
binary+shuffle,chunk_8,81,kl_to_gaussian,0.0,96
binary+shuffle,chunk_8,81,wt_mean,0.00242106444784435,96
binary+shuffle,chunk_8,82,GR,10.989410301049551,96
binary+shuffle,chunk_8,82,IPC,8.18435686407213,96
binary+shuffle,chunk_8,82,KR,5.728091997404893,96
binary+shuffle,chunk_8,82,MC,4.867615717152755,96
binary+shuffle,chunk_8,82,cosine_similarity,0.02275249781087037,96
binary+shuffle,chunk_8,82,kl_to_gaussian,0.0,96
binary+shuffle,chunk_8,82,wt_mean,0.002551044308347575,96
binary+shuffle,chunk_8,83,GR,10.390899504224459,96
binary+shuffle,chunk_8,83,IPC,8.3752303769167,96
binary+shuffle,chunk_8,83,KR,5.1057888343930244,96
binary+shuffle,chunk_8,83,MC,4.70243389159441,96
binary+shuffle,chunk_8,83,cosine_similarity,0.0246947770938277,96
binary+shuffle,chunk_8,83,kl_to_gaussian,0.0,96
binary+shuffle,chunk_8,83,wt_mean,0.0024870058696251003,96
binary+shuffle,chunk_8,84,GR,10.600593348344168,96
binary+shuffle,chunk_8,84,IPC,8.76310777338389,96
binary+shuffle,chunk_8,84,KR,5.58927080531915,96
binary+shuffle,chunk_8,84,MC,5.09359980498751,96
binary+shuffle,chunk_8,84,cosine_similarity,0.028301877900958047,96
binary+shuffle,chunk_8,84,kl_to_gaussian,0.0,96
binary+shuffle,chunk_8,84,wt_mean,0.00252471712883555,96
binary+shuffle,chunk_8,85,GR,9.77215781311194,96
binary+shuffle,chunk_8,85,IPC,8.542327926076668,96
binary+shuffle,chunk_8,85,KR,4.970456582804521,96
binary+shuffle,chunk_8,85,MC,4.8945542213817435,96
binary+shuffle,chunk_8,85,cosine_similarity,0.02469478873535985,96
binary+shuffle,chunk_8,85,kl_to_gaussian,0.0,96
binary+shuffle,chunk_8,85,wt_mean,0.0025948675174731002,96
binary+shuffle,chunk_8,86,GR,9.506212800741196,96
binary+shuffle,chunk_8,86,IPC,8.367644896107114,96
binary+shuffle,chunk_8,86,KR,5.0863238635162515,96
binary+shuffle,chunk_8,86,MC,5.03513848533233,96
binary+shuffle,chunk_8,86,cosine_similarity,0.022475024219602277,96
binary+shuffle,chunk_8,86,kl_to_gaussian,0.0,96
binary+shuffle,chunk_8,86,wt_mean,0.0024128776567522,96
binary+shuffle,chunk_8,87,GR,10.551331001023451,96
binary+shuffle,chunk_8,87,IPC,8.693613372343659,96
binary+shuffle,chunk_8,87,KR,5.432771538694699,96
binary+shuffle,chunk_8,87,MC,4.889041079829137,96
binary+shuffle,chunk_8,87,cosine_similarity,0.023862378671765248,96
binary+shuffle,chunk_8,87,kl_to_gaussian,0.0,96
binary+shuffle,chunk_8,87,wt_mean,0.0025181641103699253,96
binary+shuffle,chunk_8,88,GR,10.368459237118563,96
binary+shuffle,chunk_8,88,IPC,8.276569579627887,96
binary+shuffle,chunk_8,88,KR,5.284657994906108,96
binary+shuffle,chunk_8,88,MC,4.92837396884958,96
binary+shuffle,chunk_8,88,cosine_similarity,0.0244173146784305,96
binary+shuffle,chunk_8,88,kl_to_gaussian,0.0,96
binary+shuffle,chunk_8,88,wt_mean,0.00248312496114515,96
binary+shuffle,chunk_8,89,GR,9.92828599611918,96
binary+shuffle,chunk_8,89,IPC,8.455801651972104,96
binary+shuffle,chunk_8,89,KR,5.233960842092832,96
binary+shuffle,chunk_8,89,MC,5.132307779043913,96
binary+shuffle,chunk_8,89,cosine_similarity,0.02857935568317765,96
binary+shuffle,chunk_8,89,kl_to_gaussian,0.0,96
binary+shuffle,chunk_8,89,wt_mean,0.00254207896068685,96
binary+shuffle,chunk_9,90,GR,9.576772329707941,96
binary+shuffle,chunk_9,90,IPC,8.837094546128585,96
binary+shuffle,chunk_9,90,KR,4.9679330463210745,96
binary+shuffle,chunk_9,90,MC,5.041568821916978,96
binary+shuffle,chunk_9,90,cosine_similarity,0.0277469442225992,96
binary+shuffle,chunk_9,90,kl_to_gaussian,0.0,96
binary+shuffle,chunk_9,90,wt_mean,0.0023801046190783,96
binary+shuffle,chunk_9,91,GR,9.508543024460474,96
binary+shuffle,chunk_9,91,IPC,8.374938043622846,96
binary+shuffle,chunk_9,91,KR,5.024977101633946,96
binary+shuffle,chunk_9,91,MC,4.808459811533491,96
binary+shuffle,chunk_9,91,cosine_similarity,0.0269145471975207,96
binary+shuffle,chunk_9,91,kl_to_gaussian,0.0,96
binary+shuffle,chunk_9,91,wt_mean,0.0024259835481643247,96
binary+shuffle,chunk_9,92,GR,11.906244377295176,96
binary+shuffle,chunk_9,92,IPC,9.456886489603852,96
binary+shuffle,chunk_9,92,KR,6.273227910200755,96
binary+shuffle,chunk_9,92,MC,5.4699233422676725,96
binary+shuffle,chunk_9,92,cosine_similarity,0.021642617881298024,96
binary+shuffle,chunk_9,92,kl_to_gaussian,0.0,96
binary+shuffle,chunk_9,92,wt_mean,0.00278895167866715,96
binary+shuffle,chunk_9,93,GR,8.774965733289719,96
binary+shuffle,chunk_9,93,IPC,8.500925922140897,96
binary+shuffle,chunk_9,93,KR,4.72945645203193,96
binary+shuffle,chunk_9,93,MC,4.961359572907289,96
binary+shuffle,chunk_9,93,cosine_similarity,0.02968923049047585,96
binary+shuffle,chunk_9,93,kl_to_gaussian,0.0,96
binary+shuffle,chunk_9,93,wt_mean,0.0024445932649541,96
binary+shuffle,chunk_9,94,GR,10.58478874961535,96
binary+shuffle,chunk_9,94,IPC,9.147379374317053,96
binary+shuffle,chunk_9,94,KR,5.497733406722546,96
binary+shuffle,chunk_9,94,MC,5.259393868347009,96
binary+shuffle,chunk_9,94,cosine_similarity,0.031076576095074374,96
binary+shuffle,chunk_9,94,kl_to_gaussian,0.0,96
binary+shuffle,chunk_9,94,wt_mean,0.002622014115331625,96
binary+shuffle,chunk_9,95,GR,9.134294540931782,96
binary+shuffle,chunk_9,95,IPC,8.674662400313219,96
binary+shuffle,chunk_9,95,KR,4.735579952597618,96
binary+shuffle,chunk_9,95,MC,4.892111025750637,96
binary+shuffle,chunk_9,95,cosine_similarity,0.030521646607667176,96
binary+shuffle,chunk_9,95,kl_to_gaussian,0.0,96
binary+shuffle,chunk_9,95,wt_mean,0.002439567848341475,96
binary+shuffle,chunk_9,96,GR,11.2223352988561,96
binary+shuffle,chunk_9,96,IPC,8.622194815024974,96
binary+shuffle,chunk_9,96,KR,5.586997342606385,96
binary+shuffle,chunk_9,96,MC,4.975767367829879,96
binary+shuffle,chunk_9,96,cosine_similarity,0.022475026547908724,96
binary+shuffle,chunk_9,96,kl_to_gaussian,0.0,96
binary+shuffle,chunk_9,96,wt_mean,0.0025810996012296,96
binary+shuffle,chunk_9,97,GR,8.875292979180813,96
binary+shuffle,chunk_9,97,IPC,8.380549059439101,96
binary+shuffle,chunk_9,97,KR,4.749308438350757,96
binary+shuffle,chunk_9,97,MC,4.739676121622324,96
binary+shuffle,chunk_9,97,cosine_similarity,0.026359600014984552,96
binary+shuffle,chunk_9,97,kl_to_gaussian,0.0,96
binary+shuffle,chunk_9,97,wt_mean,0.002374065836193,96
binary+shuffle,chunk_9,98,GR,12.195539633433023,96
binary+shuffle,chunk_9,98,IPC,8.92382500364785,96
binary+shuffle,chunk_9,98,KR,6.326526654263337,96
binary+shuffle,chunk_9,98,MC,5.1965426454941435,96
binary+shuffle,chunk_9,98,cosine_similarity,0.028024415951222126,96
binary+shuffle,chunk_9,98,kl_to_gaussian,0.0,96
binary+shuffle,chunk_9,98,wt_mean,0.002640801307279575,96
binary+shuffle,chunk_9,99,GR,12.117607578635216,96
binary+shuffle,chunk_9,99,IPC,8.571114632712911,96
binary+shuffle,chunk_9,99,KR,6.380207126339276,96
binary+shuffle,chunk_9,99,MC,5.188657435278098,96
binary+shuffle,chunk_9,99,cosine_similarity,0.026359600014984552,96
binary+shuffle,chunk_9,99,kl_to_gaussian,0.0,96
binary+shuffle,chunk_9,99,wt_mean,0.002518328226869875,96
binary_base,chunk_0,0,GR,4.542348897705476,96
binary_base,chunk_0,0,IPC,7.2072923322226785,96
binary_base,chunk_0,0,KR,2.7687808014452457,96
binary_base,chunk_0,0,MC,4.003191641221444,96
binary_base,chunk_0,0,cosine_similarity,0.9999998509883881,96
binary_base,chunk_0,0,kl_to_gaussian,0.0,96
binary_base,chunk_0,0,wt_mean,0.00227304690633895,96
binary_base,chunk_0,1,GR,4.3151170909404755,96
binary_base,chunk_0,1,IPC,7.4729732299045315,96
binary_base,chunk_0,1,KR,2.639497789243857,96
binary_base,chunk_0,1,MC,3.906769117961327,96
binary_base,chunk_0,1,cosine_similarity,0.9999998509883881,96
binary_base,chunk_0,1,kl_to_gaussian,0.0,96
binary_base,chunk_0,1,wt_mean,0.00227304690633895,96
binary_base,chunk_0,2,GR,4.7277472751835985,96
binary_base,chunk_0,2,IPC,6.975010017995962,96
binary_base,chunk_0,2,KR,2.8727409752706685,96
binary_base,chunk_0,2,MC,3.974549232671658,96
binary_base,chunk_0,2,cosine_similarity,0.9999998509883881,96
binary_base,chunk_0,2,kl_to_gaussian,0.0,96
binary_base,chunk_0,2,wt_mean,0.00227304690633895,96
binary_base,chunk_0,3,GR,5.170119649420182,96
binary_base,chunk_0,3,IPC,7.211687101639858,96
binary_base,chunk_0,3,KR,3.0988088846206665,96
binary_base,chunk_0,3,MC,3.9754015865425267,96
binary_base,chunk_0,3,cosine_similarity,0.9999998509883881,96
binary_base,chunk_0,3,kl_to_gaussian,0.0,96
binary_base,chunk_0,3,wt_mean,0.00227304690633895,96
binary_base,chunk_0,4,GR,4.918272116531928,96
binary_base,chunk_0,4,IPC,7.0163477102323055,96
binary_base,chunk_0,4,KR,2.976377908140421,96
binary_base,chunk_0,4,MC,3.847392924129963,96
binary_base,chunk_0,4,cosine_similarity,0.9999998509883881,96
binary_base,chunk_0,4,kl_to_gaussian,0.0,96
binary_base,chunk_0,4,wt_mean,0.00227304690633895,96
binary_base,chunk_0,5,GR,4.207874459524949,96
binary_base,chunk_0,5,IPC,7.61924180808387,96
binary_base,chunk_0,5,KR,2.6753400303423405,96
binary_base,chunk_0,5,MC,4.328592612097661,96
binary_base,chunk_0,5,cosine_similarity,0.9999998509883881,96
binary_base,chunk_0,5,kl_to_gaussian,0.0,96
binary_base,chunk_0,5,wt_mean,0.00227304690633895,96
binary_base,chunk_0,6,GR,4.865303456783295,96
binary_base,chunk_0,6,IPC,6.874474044682465,96
binary_base,chunk_0,6,KR,3.000418053319057,96
binary_base,chunk_0,6,MC,3.809316821396351,96
binary_base,chunk_0,6,cosine_similarity,0.9999998509883881,96
binary_base,chunk_0,6,kl_to_gaussian,0.0,96
binary_base,chunk_0,6,wt_mean,0.00227304690633895,96
binary_base,chunk_0,7,GR,4.966904062777758,96
binary_base,chunk_0,7,IPC,7.105806634006147,96
binary_base,chunk_0,7,KR,2.88099068030715,96
binary_base,chunk_0,7,MC,3.715557081003984,96
binary_base,chunk_0,7,cosine_similarity,0.9999998509883881,96
binary_base,chunk_0,7,kl_to_gaussian,0.0,96
binary_base,chunk_0,7,wt_mean,0.00227304690633895,96
binary_base,chunk_0,8,GR,4.551387147357066,96
binary_base,chunk_0,8,IPC,6.9376189591666,96
binary_base,chunk_0,8,KR,2.76381824289759,96
binary_base,chunk_0,8,MC,3.7483338018258414,96
binary_base,chunk_0,8,cosine_similarity,0.9999998509883881,96
binary_base,chunk_0,8,kl_to_gaussian,0.0,96
binary_base,chunk_0,8,wt_mean,0.00227304690633895,96
binary_base,chunk_0,9,GR,4.934285511573155,96
binary_base,chunk_0,9,IPC,6.788434907130846,96
binary_base,chunk_0,9,KR,2.9769533276557922,96
binary_base,chunk_0,9,MC,3.6399354562163353,96
binary_base,chunk_0,9,cosine_similarity,0.9999998509883881,96
binary_base,chunk_0,9,kl_to_gaussian,0.0,96
binary_base,chunk_0,9,wt_mean,0.00227304690633895,96
binary_base,chunk_1,10,GR,4.637988215933244,96
binary_base,chunk_1,10,IPC,7.043572072196919,96
binary_base,chunk_1,10,KR,2.8788208899398646,96
binary_base,chunk_1,10,MC,3.9016226790845394,96
binary_base,chunk_1,10,cosine_similarity,0.9999998509883881,96
binary_base,chunk_1,10,kl_to_gaussian,0.0,96
binary_base,chunk_1,10,wt_mean,0.00227304690633895,96
binary_base,chunk_1,11,GR,4.921718191355467,96
binary_base,chunk_1,11,IPC,7.441681840198008,96
binary_base,chunk_1,11,KR,3.042632844299078,96
binary_base,chunk_1,11,MC,4.173187077045441,96
binary_base,chunk_1,11,cosine_similarity,0.9999998509883881,96
binary_base,chunk_1,11,kl_to_gaussian,0.0,96
binary_base,chunk_1,11,wt_mean,0.00227304690633895,96
binary_base,chunk_1,12,GR,6.373685454328855,96
binary_base,chunk_1,12,IPC,6.690989546670633,96
binary_base,chunk_1,12,KR,3.680718975762526,96
binary_base,chunk_1,12,MC,3.6549667765696845,96
binary_base,chunk_1,12,cosine_similarity,0.9999998509883881,96
binary_base,chunk_1,12,kl_to_gaussian,0.0,96
binary_base,chunk_1,12,wt_mean,0.00227304690633895,96
binary_base,chunk_1,13,GR,5.578396199891965,96
binary_base,chunk_1,13,IPC,6.6450823525317615,96
binary_base,chunk_1,13,KR,3.367102764546871,96
binary_base,chunk_1,13,MC,3.9032497058312097,96
binary_base,chunk_1,13,cosine_similarity,0.9999998509883881,96
binary_base,chunk_1,13,kl_to_gaussian,0.0,96
binary_base,chunk_1,13,wt_mean,0.00227304690633895,96
binary_base,chunk_1,14,GR,4.7058265047768755,96
binary_base,chunk_1,14,IPC,6.946981913743283,96
binary_base,chunk_1,14,KR,2.905830930918455,96
binary_base,chunk_1,14,MC,3.8893135661880174,96
binary_base,chunk_1,14,cosine_similarity,0.9999998509883881,96
binary_base,chunk_1,14,kl_to_gaussian,0.0,96
binary_base,chunk_1,14,wt_mean,0.00227304690633895,96
binary_base,chunk_1,15,GR,4.7050126393636065,96
binary_base,chunk_1,15,IPC,6.928594135340141,96
binary_base,chunk_1,15,KR,2.9315329057474933,96
binary_base,chunk_1,15,MC,3.9412461246053376,96
binary_base,chunk_1,15,cosine_similarity,0.9999998509883881,96
binary_base,chunk_1,15,kl_to_gaussian,0.0,96
binary_base,chunk_1,15,wt_mean,0.00227304690633895,96
binary_base,chunk_1,16,GR,6.210098415613174,96
binary_base,chunk_1,16,IPC,6.802167193380762,96
binary_base,chunk_1,16,KR,3.7027398931483426,96
binary_base,chunk_1,16,MC,3.937573067843914,96
binary_base,chunk_1,16,cosine_similarity,0.9999998509883881,96
binary_base,chunk_1,16,kl_to_gaussian,0.0,96
binary_base,chunk_1,16,wt_mean,0.00227304690633895,96
binary_base,chunk_1,17,GR,4.3003702238202095,96
binary_base,chunk_1,17,IPC,7.008614028667535,96
binary_base,chunk_1,17,KR,2.6467093328634896,96
binary_base,chunk_1,17,MC,3.6294712238013744,96
binary_base,chunk_1,17,cosine_similarity,0.9999998509883881,96
binary_base,chunk_1,17,kl_to_gaussian,0.0,96
binary_base,chunk_1,17,wt_mean,0.00227304690633895,96
binary_base,chunk_1,18,GR,6.089405027528604,96
binary_base,chunk_1,18,IPC,6.965957212265416,96
binary_base,chunk_1,18,KR,3.6174903512001038,96
binary_base,chunk_1,18,MC,3.9042001329362392,96
binary_base,chunk_1,18,cosine_similarity,0.9999998509883881,96
binary_base,chunk_1,18,kl_to_gaussian,0.0,96
binary_base,chunk_1,18,wt_mean,0.00227304690633895,96
binary_base,chunk_1,19,GR,5.202027576665084,96
binary_base,chunk_1,19,IPC,7.138727274742717,96
binary_base,chunk_1,19,KR,3.0991828789313636,96
binary_base,chunk_1,19,MC,3.846619409819444,96
binary_base,chunk_1,19,cosine_similarity,0.9999998509883881,96
binary_base,chunk_1,19,kl_to_gaussian,0.0,96
binary_base,chunk_1,19,wt_mean,0.00227304690633895,96
binary_base,chunk_10,100,GR,4.81806234518687,96
binary_base,chunk_10,100,IPC,6.775573639995733,96
binary_base,chunk_10,100,KR,2.9401649261514344,96
binary_base,chunk_10,100,MC,3.815380728493134,96
binary_base,chunk_10,100,cosine_similarity,0.9999998509883881,96
binary_base,chunk_10,100,kl_to_gaussian,0.0,96
binary_base,chunk_10,100,wt_mean,0.00227304690633895,96
binary_base,chunk_10,101,GR,4.5885674096643925,96
binary_base,chunk_10,101,IPC,6.663835594763808,96
binary_base,chunk_10,101,KR,2.9283973102768264,96
binary_base,chunk_10,101,MC,4.007142285505931,96
binary_base,chunk_10,101,cosine_similarity,0.9999998509883881,96
binary_base,chunk_10,101,kl_to_gaussian,0.0,96
binary_base,chunk_10,101,wt_mean,0.00227304690633895,96
binary_base,chunk_10,102,GR,5.407034933567047,96
binary_base,chunk_10,102,IPC,6.330622061603944,96
binary_base,chunk_10,102,KR,3.3703221417963505,96
binary_base,chunk_10,102,MC,3.587578721344471,96
binary_base,chunk_10,102,cosine_similarity,0.9999998509883881,96
binary_base,chunk_10,102,kl_to_gaussian,0.0,96
binary_base,chunk_10,102,wt_mean,0.00227304690633895,96
binary_base,chunk_10,103,GR,5.379098574320476,96
binary_base,chunk_10,103,IPC,6.632785112255468,96
binary_base,chunk_10,103,KR,3.3067775331437588,96
binary_base,chunk_10,103,MC,3.9443664737045765,96
binary_base,chunk_10,103,cosine_similarity,0.9999998509883881,96
binary_base,chunk_10,103,kl_to_gaussian,0.0,96
binary_base,chunk_10,103,wt_mean,0.00227304690633895,96
binary_base,chunk_10,104,GR,5.379659136136373,96
binary_base,chunk_10,104,IPC,6.500786117804239,96
binary_base,chunk_10,104,KR,3.177287189910809,96
binary_base,chunk_10,104,MC,3.782144940147797,96
binary_base,chunk_10,104,cosine_similarity,0.9999998509883881,96
binary_base,chunk_10,104,kl_to_gaussian,0.0,96
binary_base,chunk_10,104,wt_mean,0.00227304690633895,96
binary_base,chunk_10,105,GR,5.245577751348416,96
binary_base,chunk_10,105,IPC,6.161714404666619,96
binary_base,chunk_10,105,KR,3.1901263458033404,96
binary_base,chunk_10,105,MC,3.6563120608528457,96
binary_base,chunk_10,105,cosine_similarity,0.9999998509883881,96
binary_base,chunk_10,105,kl_to_gaussian,0.0,96
binary_base,chunk_10,105,wt_mean,0.00227304690633895,96
binary_base,chunk_10,106,GR,4.486488298823436,96
binary_base,chunk_10,106,IPC,6.683729113294312,96
binary_base,chunk_10,106,KR,2.878816608339548,96
binary_base,chunk_10,106,MC,3.6856807557245097,96
binary_base,chunk_10,106,cosine_similarity,0.9999998509883881,96
binary_base,chunk_10,106,kl_to_gaussian,0.0,96
binary_base,chunk_10,106,wt_mean,0.00227304690633895,96
binary_base,chunk_10,107,GR,5.5130986620982485,96
binary_base,chunk_10,107,IPC,6.030536461864286,96
binary_base,chunk_10,107,KR,3.4078406654298306,96
binary_base,chunk_10,107,MC,3.6610110849142075,96
binary_base,chunk_10,107,cosine_similarity,0.9999998509883881,96
binary_base,chunk_10,107,kl_to_gaussian,0.0,96
binary_base,chunk_10,107,wt_mean,0.00227304690633895,96
binary_base,chunk_10,108,GR,4.842690296471119,96
binary_base,chunk_10,108,IPC,6.742020538586652,96
binary_base,chunk_10,108,KR,3.0109642346700034,96
binary_base,chunk_10,108,MC,4.052781940748294,96
binary_base,chunk_10,108,cosine_similarity,0.9999998509883881,96
binary_base,chunk_10,108,kl_to_gaussian,0.0,96
binary_base,chunk_10,108,wt_mean,0.00227304690633895,96
binary_base,chunk_10,109,GR,5.533906960239013,96
binary_base,chunk_10,109,IPC,6.816364186142967,96
binary_base,chunk_10,109,KR,3.3183931248883405,96
binary_base,chunk_10,109,MC,3.8399268463253975,96
binary_base,chunk_10,109,cosine_similarity,0.9999998509883881,96
binary_base,chunk_10,109,kl_to_gaussian,0.0,96
binary_base,chunk_10,109,wt_mean,0.00227304690633895,96
binary_base,chunk_11,110,GR,4.182507009555896,96
binary_base,chunk_11,110,IPC,6.816062281111335,96
binary_base,chunk_11,110,KR,2.577047038823366,96
binary_base,chunk_11,110,MC,3.7115961040059724,96
binary_base,chunk_11,110,cosine_similarity,0.9999998509883881,96
binary_base,chunk_11,110,kl_to_gaussian,0.0,96
binary_base,chunk_11,110,wt_mean,0.00227304690633895,96
binary_base,chunk_11,111,GR,4.903884166230758,96
binary_base,chunk_11,111,IPC,7.148502106315131,96
binary_base,chunk_11,111,KR,3.052421127756437,96
binary_base,chunk_11,111,MC,3.97644729539752,96
binary_base,chunk_11,111,cosine_similarity,0.9999998509883881,96
binary_base,chunk_11,111,kl_to_gaussian,0.0,96
binary_base,chunk_11,111,wt_mean,0.00227304690633895,96
binary_base,chunk_11,112,GR,5.386793617159128,96
binary_base,chunk_11,112,IPC,6.775172041898706,96
binary_base,chunk_11,112,KR,3.195786422739426,96
binary_base,chunk_11,112,MC,3.736708647261063,96
binary_base,chunk_11,112,cosine_similarity,0.9999998509883881,96
binary_base,chunk_11,112,kl_to_gaussian,0.0,96
binary_base,chunk_11,112,wt_mean,0.00227304690633895,96
binary_base,chunk_11,113,GR,4.466542812685172,96
binary_base,chunk_11,113,IPC,6.5429461579366555,96
binary_base,chunk_11,113,KR,2.7216485577325025,96
binary_base,chunk_11,113,MC,3.5593539333591857,96
binary_base,chunk_11,113,cosine_similarity,0.9999998509883881,96
binary_base,chunk_11,113,kl_to_gaussian,0.0,96
binary_base,chunk_11,113,wt_mean,0.00227304690633895,96
binary_base,chunk_11,114,GR,4.621807720512152,96
binary_base,chunk_11,114,IPC,6.598158893493138,96
binary_base,chunk_11,114,KR,2.8284162022173405,96
binary_base,chunk_11,114,MC,3.683307566369573,96
binary_base,chunk_11,114,cosine_similarity,0.9999998509883881,96
binary_base,chunk_11,114,kl_to_gaussian,0.0,96
binary_base,chunk_11,114,wt_mean,0.00227304690633895,96
binary_base,chunk_11,115,GR,5.992366397132476,96
binary_base,chunk_11,115,IPC,6.371758461088148,96
binary_base,chunk_11,115,KR,3.6270410642027855,96
binary_base,chunk_11,115,MC,3.8185341780384383,96
binary_base,chunk_11,115,cosine_similarity,0.9999998509883881,96
binary_base,chunk_11,115,kl_to_gaussian,0.0,96
binary_base,chunk_11,115,wt_mean,0.00227304690633895,96
binary_base,chunk_11,116,GR,5.1122996881604195,96
binary_base,chunk_11,116,IPC,6.329850473538901,96
binary_base,chunk_11,116,KR,3.239922121167183,96
binary_base,chunk_11,116,MC,3.704406158377727,96
binary_base,chunk_11,116,cosine_similarity,0.9999998509883881,96
binary_base,chunk_11,116,kl_to_gaussian,0.0,96
binary_base,chunk_11,116,wt_mean,0.00227304690633895,96
binary_base,chunk_11,117,GR,4.268040936440229,96
binary_base,chunk_11,117,IPC,6.9132083601236936,96
binary_base,chunk_11,117,KR,2.6443222450713315,96
binary_base,chunk_11,117,MC,3.9519548416137695,96
binary_base,chunk_11,117,cosine_similarity,0.9999998509883881,96
binary_base,chunk_11,117,kl_to_gaussian,0.0,96
binary_base,chunk_11,117,wt_mean,0.00227304690633895,96
binary_base,chunk_11,118,GR,4.5529619964460535,96
binary_base,chunk_11,118,IPC,6.152835717177761,96
binary_base,chunk_11,118,KR,2.8319422913094363,96
binary_base,chunk_11,118,MC,3.639991490791241,96
binary_base,chunk_11,118,cosine_similarity,0.9999998509883881,96
binary_base,chunk_11,118,kl_to_gaussian,0.0,96
binary_base,chunk_11,118,wt_mean,0.00227304690633895,96
binary_base,chunk_11,119,GR,5.851509712636471,96
binary_base,chunk_11,119,IPC,6.842477394937618,96
binary_base,chunk_11,119,KR,3.5160856172442436,96
binary_base,chunk_11,119,MC,3.924115091562271,96
binary_base,chunk_11,119,cosine_similarity,0.9999998509883881,96
binary_base,chunk_11,119,kl_to_gaussian,0.0,96
binary_base,chunk_11,119,wt_mean,0.00227304690633895,96
binary_base,chunk_12,120,GR,4.657445261875789,96
binary_base,chunk_12,120,IPC,6.433532920622306,96
binary_base,chunk_12,120,KR,2.9536356776952744,96
binary_base,chunk_12,120,MC,3.6701830377181373,96
binary_base,chunk_12,120,cosine_similarity,0.9999998509883881,96
binary_base,chunk_12,120,kl_to_gaussian,0.0,96
binary_base,chunk_12,120,wt_mean,0.00227304690633895,96
binary_base,chunk_12,121,GR,5.503131320079167,96
binary_base,chunk_12,121,IPC,6.364657373543284,96
binary_base,chunk_12,121,KR,3.284203131993612,96
binary_base,chunk_12,121,MC,3.4337697935601077,96
binary_base,chunk_12,121,cosine_similarity,0.9999998509883881,96
binary_base,chunk_12,121,kl_to_gaussian,0.0,96
binary_base,chunk_12,121,wt_mean,0.00227304690633895,96
binary_base,chunk_12,122,GR,4.392093311995268,96
binary_base,chunk_12,122,IPC,6.898134576936311,96
binary_base,chunk_12,122,KR,2.699329582353433,96
binary_base,chunk_12,122,MC,3.768121410161257,96
binary_base,chunk_12,122,cosine_similarity,0.9999998509883881,96
binary_base,chunk_12,122,kl_to_gaussian,0.0,96
binary_base,chunk_12,122,wt_mean,0.00227304690633895,96
binary_base,chunk_12,123,GR,4.152955384304126,96
binary_base,chunk_12,123,IPC,7.15902634634666,96
binary_base,chunk_12,123,KR,2.5848776871959367,96
binary_base,chunk_12,123,MC,4.023063946515322,96
binary_base,chunk_12,123,cosine_similarity,0.9999998509883881,96
binary_base,chunk_12,123,kl_to_gaussian,0.0,96
binary_base,chunk_12,123,wt_mean,0.00227304690633895,96
binary_base,chunk_12,124,GR,4.608195426563422,96
binary_base,chunk_12,124,IPC,6.56098783566954,96
binary_base,chunk_12,124,KR,2.8805316972235837,96
binary_base,chunk_12,124,MC,3.8426176458597183,96
binary_base,chunk_12,124,cosine_similarity,0.9999998509883881,96
binary_base,chunk_12,124,kl_to_gaussian,0.0,96
binary_base,chunk_12,124,wt_mean,0.00227304690633895,96
binary_base,chunk_12,125,GR,4.876509203265111,96
binary_base,chunk_12,125,IPC,6.80082957305192,96
binary_base,chunk_12,125,KR,3.0303286177416644,96
binary_base,chunk_12,125,MC,3.942189278701941,96
binary_base,chunk_12,125,cosine_similarity,0.9999998509883881,96
binary_base,chunk_12,125,kl_to_gaussian,0.0,96
binary_base,chunk_12,125,wt_mean,0.00227304690633895,96
binary_base,chunk_12,126,GR,4.980389732867479,96
binary_base,chunk_12,126,IPC,6.518391297492266,96
binary_base,chunk_12,126,KR,2.9422218836843967,96
binary_base,chunk_12,126,MC,3.7074087522923946,96
binary_base,chunk_12,126,cosine_similarity,0.9999998509883881,96
binary_base,chunk_12,126,kl_to_gaussian,0.0,96
binary_base,chunk_12,126,wt_mean,0.00227304690633895,96
binary_base,chunk_12,127,GR,4.824944448967774,96
binary_base,chunk_12,127,IPC,7.469577806318278,96
binary_base,chunk_12,127,KR,3.0073732559879622,96
binary_base,chunk_12,127,MC,4.393083882828553,96
binary_base,chunk_12,127,cosine_similarity,0.9999998509883881,96
binary_base,chunk_12,127,kl_to_gaussian,0.0,96
binary_base,chunk_12,127,wt_mean,0.00227304690633895,96
binary_base,chunk_12,128,GR,4.596964040150245,96
binary_base,chunk_12,128,IPC,6.7831064114264885,96
binary_base,chunk_12,128,KR,2.9473117689291635,96
binary_base,chunk_12,128,MC,3.8777565310398736,96
binary_base,chunk_12,128,cosine_similarity,0.9999998509883881,96
binary_base,chunk_12,128,kl_to_gaussian,0.0,96
binary_base,chunk_12,128,wt_mean,0.00227304690633895,96
binary_base,chunk_12,129,GR,5.08502171933651,96
binary_base,chunk_12,129,IPC,6.586925264312341,96
binary_base,chunk_12,129,KR,3.142254639416933,96
binary_base,chunk_12,129,MC,3.6498193417986236,96
binary_base,chunk_12,129,cosine_similarity,0.9999998509883881,96
binary_base,chunk_12,129,kl_to_gaussian,0.0,96
binary_base,chunk_12,129,wt_mean,0.00227304690633895,96
binary_base,chunk_13,130,GR,4.784931788841884,96
binary_base,chunk_13,130,IPC,6.6961661721279775,96
binary_base,chunk_13,130,KR,3.0380311074356237,96
binary_base,chunk_13,130,MC,3.9525291162232556,96
binary_base,chunk_13,130,cosine_similarity,0.9999998509883881,96
binary_base,chunk_13,130,kl_to_gaussian,0.0,96
binary_base,chunk_13,130,wt_mean,0.00227304690633895,96
binary_base,chunk_13,131,GR,5.7014741115272045,96
binary_base,chunk_13,131,IPC,6.1039734471064975,96
binary_base,chunk_13,131,KR,3.44229481741786,96
binary_base,chunk_13,131,MC,3.4701948054134846,96
binary_base,chunk_13,131,cosine_similarity,0.9999998509883881,96
binary_base,chunk_13,131,kl_to_gaussian,0.0,96
binary_base,chunk_13,131,wt_mean,0.00227304690633895,96
binary_base,chunk_13,132,GR,5.537057764828205,96
binary_base,chunk_13,132,IPC,6.99564375743977,96
binary_base,chunk_13,132,KR,3.2899904487033687,96
binary_base,chunk_13,132,MC,3.8973476861914,96
binary_base,chunk_13,132,cosine_similarity,0.9999998509883881,96
binary_base,chunk_13,132,kl_to_gaussian,0.0,96
binary_base,chunk_13,132,wt_mean,0.00227304690633895,96
binary_base,chunk_13,133,GR,5.278574455529451,96
binary_base,chunk_13,133,IPC,6.652131311873294,96
binary_base,chunk_13,133,KR,3.2753490110238395,96
binary_base,chunk_13,133,MC,3.5330327128370604,96
binary_base,chunk_13,133,cosine_similarity,0.9999998509883881,96
binary_base,chunk_13,133,kl_to_gaussian,0.0,96
binary_base,chunk_13,133,wt_mean,0.00227304690633895,96
binary_base,chunk_13,134,GR,6.110423281788826,96
binary_base,chunk_13,134,IPC,6.310731509965566,96
binary_base,chunk_13,134,KR,3.7179419423143067,96
binary_base,chunk_13,134,MC,3.7372402933736644,96
binary_base,chunk_13,134,cosine_similarity,0.9999998509883881,96
binary_base,chunk_13,134,kl_to_gaussian,0.0,96
binary_base,chunk_13,134,wt_mean,0.00227304690633895,96
binary_base,chunk_13,135,GR,4.635871899624665,96
binary_base,chunk_13,135,IPC,6.847551611881048,96
binary_base,chunk_13,135,KR,2.8649154466887317,96
binary_base,chunk_13,135,MC,3.882791151603063,96
binary_base,chunk_13,135,cosine_similarity,0.9999998509883881,96
binary_base,chunk_13,135,kl_to_gaussian,0.0,96
binary_base,chunk_13,135,wt_mean,0.00227304690633895,96
binary_base,chunk_13,136,GR,4.462368079771598,96
binary_base,chunk_13,136,IPC,6.690305616863822,96
binary_base,chunk_13,136,KR,2.7861415718992553,96
binary_base,chunk_13,136,MC,3.84912250811855,96
binary_base,chunk_13,136,cosine_similarity,0.9999998509883881,96
binary_base,chunk_13,136,kl_to_gaussian,0.0,96
binary_base,chunk_13,136,wt_mean,0.00227304690633895,96
binary_base,chunk_13,137,GR,4.689897712320089,96
binary_base,chunk_13,137,IPC,6.810036734965693,96
binary_base,chunk_13,137,KR,2.9483605238298574,96
binary_base,chunk_13,137,MC,3.7603199730316796,96
binary_base,chunk_13,137,cosine_similarity,0.9999998509883881,96
binary_base,chunk_13,137,kl_to_gaussian,0.0,96
binary_base,chunk_13,137,wt_mean,0.00227304690633895,96
binary_base,chunk_13,138,GR,6.498850848525763,96
binary_base,chunk_13,138,IPC,5.717083179303646,96
binary_base,chunk_13,138,KR,3.8351964627703032,96
binary_base,chunk_13,138,MC,3.3852505212028823,96
binary_base,chunk_13,138,cosine_similarity,0.9999998509883881,96
binary_base,chunk_13,138,kl_to_gaussian,0.0,96
binary_base,chunk_13,138,wt_mean,0.00227304690633895,96
binary_base,chunk_13,139,GR,4.795490402728319,96
binary_base,chunk_13,139,IPC,6.816556074715901,96
binary_base,chunk_13,139,KR,2.937318842858076,96
binary_base,chunk_13,139,MC,3.755864222844442,96
binary_base,chunk_13,139,cosine_similarity,0.9999998509883881,96
binary_base,chunk_13,139,kl_to_gaussian,0.0,96
binary_base,chunk_13,139,wt_mean,0.00227304690633895,96
binary_base,chunk_14,140,GR,4.463848156233628,96
binary_base,chunk_14,140,IPC,6.7304084548505285,96
binary_base,chunk_14,140,KR,2.802373319864273,96
binary_base,chunk_14,140,MC,3.9033812644581,96
binary_base,chunk_14,140,cosine_similarity,0.9999998509883881,96
binary_base,chunk_14,140,kl_to_gaussian,0.0,96
binary_base,chunk_14,140,wt_mean,0.00227304690633895,96
binary_base,chunk_14,141,GR,4.78680890177687,96
binary_base,chunk_14,141,IPC,6.12839846023823,96
binary_base,chunk_14,141,KR,2.9972619426747165,96
binary_base,chunk_14,141,MC,3.6511946270863214,96
binary_base,chunk_14,141,cosine_similarity,0.9999998509883881,96
binary_base,chunk_14,141,kl_to_gaussian,0.0,96
binary_base,chunk_14,141,wt_mean,0.00227304690633895,96
binary_base,chunk_14,142,GR,5.010830622166395,96
binary_base,chunk_14,142,IPC,7.192164670663068,96
binary_base,chunk_14,142,KR,3.1401888355612755,96
binary_base,chunk_14,142,MC,4.002411703268687,96
binary_base,chunk_14,142,cosine_similarity,0.9999998509883881,96
binary_base,chunk_14,142,kl_to_gaussian,0.0,96
binary_base,chunk_14,142,wt_mean,0.00227304690633895,96
binary_base,chunk_14,143,GR,5.880964454263449,96
binary_base,chunk_14,143,IPC,6.303901928091911,96
binary_base,chunk_14,143,KR,3.5568100909392038,96
binary_base,chunk_14,143,MC,3.718146823346615,96
binary_base,chunk_14,143,cosine_similarity,0.9999998509883881,96
binary_base,chunk_14,143,kl_to_gaussian,0.0,96
binary_base,chunk_14,143,wt_mean,0.00227304690633895,96
binary_base,chunk_14,144,GR,4.687514894952376,96
binary_base,chunk_14,144,IPC,6.444807575823384,96
binary_base,chunk_14,144,KR,2.960978830854098,96
binary_base,chunk_14,144,MC,3.8056537732481956,96
binary_base,chunk_14,144,cosine_similarity,0.9999998509883881,96
binary_base,chunk_14,144,kl_to_gaussian,0.0,96
binary_base,chunk_14,144,wt_mean,0.00227304690633895,96
binary_base,chunk_14,145,GR,4.907935286561648,96
binary_base,chunk_14,145,IPC,6.309457402662461,96
binary_base,chunk_14,145,KR,3.030762561907371,96
binary_base,chunk_14,145,MC,3.582850548128287,96
binary_base,chunk_14,145,cosine_similarity,0.9999998509883881,96
binary_base,chunk_14,145,kl_to_gaussian,0.0,96
binary_base,chunk_14,145,wt_mean,0.00227304690633895,96
binary_base,chunk_14,146,GR,4.536246524502833,96
binary_base,chunk_14,146,IPC,6.520833478996846,96
binary_base,chunk_14,146,KR,2.8014680991570153,96
binary_base,chunk_14,146,MC,3.6675210570295653,96
binary_base,chunk_14,146,cosine_similarity,0.9999998509883881,96
binary_base,chunk_14,146,kl_to_gaussian,0.0,96
binary_base,chunk_14,146,wt_mean,0.00227304690633895,96
binary_base,chunk_14,147,GR,4.620294027030468,96
binary_base,chunk_14,147,IPC,7.023352725469792,96
binary_base,chunk_14,147,KR,2.746983092278242,96
binary_base,chunk_14,147,MC,3.8900233631332717,96
binary_base,chunk_14,147,cosine_similarity,0.9999998509883881,96
binary_base,chunk_14,147,kl_to_gaussian,0.0,96
binary_base,chunk_14,147,wt_mean,0.00227304690633895,96
binary_base,chunk_14,148,GR,5.32880970587333,96
binary_base,chunk_14,148,IPC,6.669280433984455,96
binary_base,chunk_14,148,KR,3.2773004174232483,96
binary_base,chunk_14,148,MC,3.9285172037780285,96
binary_base,chunk_14,148,cosine_similarity,0.9999998509883881,96
binary_base,chunk_14,148,kl_to_gaussian,0.0,96
binary_base,chunk_14,148,wt_mean,0.00227304690633895,96
binary_base,chunk_14,149,GR,4.10174444814523,96
binary_base,chunk_14,149,IPC,6.799973985581327,96
binary_base,chunk_14,149,KR,2.6039841262002787,96
binary_base,chunk_14,149,MC,3.7144478149712086,96
binary_base,chunk_14,149,cosine_similarity,0.9999998509883881,96
binary_base,chunk_14,149,kl_to_gaussian,0.0,96
binary_base,chunk_14,149,wt_mean,0.00227304690633895,96
binary_base,chunk_15,150,GR,5.909653749316931,96
binary_base,chunk_15,150,IPC,6.297554772434979,96
binary_base,chunk_15,150,KR,3.542857731382052,96
binary_base,chunk_15,150,MC,3.549466616163651,96
binary_base,chunk_15,150,cosine_similarity,0.9999998509883881,96
binary_base,chunk_15,150,kl_to_gaussian,0.0,96
binary_base,chunk_15,150,wt_mean,0.00227304690633895,96
binary_base,chunk_15,151,GR,4.823761398593585,96
binary_base,chunk_15,151,IPC,6.826640189503806,96
binary_base,chunk_15,151,KR,2.995425522327423,96
binary_base,chunk_15,151,MC,3.8832531683146954,96
binary_base,chunk_15,151,cosine_similarity,0.9999998509883881,96
binary_base,chunk_15,151,kl_to_gaussian,0.0,96
binary_base,chunk_15,151,wt_mean,0.00227304690633895,96
binary_base,chunk_15,152,GR,5.032040076951186,96
binary_base,chunk_15,152,IPC,6.345175031340489,96
binary_base,chunk_15,152,KR,3.0678949939707914,96
binary_base,chunk_15,152,MC,3.520440887659788,96
binary_base,chunk_15,152,cosine_similarity,0.9999998509883881,96
binary_base,chunk_15,152,kl_to_gaussian,0.0,96
binary_base,chunk_15,152,wt_mean,0.00227304690633895,96
binary_base,chunk_15,153,GR,4.2392915065089865,96
binary_base,chunk_15,153,IPC,6.725708876420121,96
binary_base,chunk_15,153,KR,2.6077266298234463,96
binary_base,chunk_15,153,MC,3.6625216181079545,96
binary_base,chunk_15,153,cosine_similarity,0.9999998509883881,96
binary_base,chunk_15,153,kl_to_gaussian,0.0,96
binary_base,chunk_15,153,wt_mean,0.00227304690633895,96
binary_base,chunk_15,154,GR,5.349400872985522,96
binary_base,chunk_15,154,IPC,6.423178309847979,96
binary_base,chunk_15,154,KR,3.249054296563069,96
binary_base,chunk_15,154,MC,3.7443541499475637,96
binary_base,chunk_15,154,cosine_similarity,0.9999998509883881,96
binary_base,chunk_15,154,kl_to_gaussian,0.0,96
binary_base,chunk_15,154,wt_mean,0.00227304690633895,96
binary_base,chunk_15,155,GR,5.9607351670662565,96
binary_base,chunk_15,155,IPC,6.396514981954243,96
binary_base,chunk_15,155,KR,3.5718197859823704,96
binary_base,chunk_15,155,MC,3.80075682948033,96
binary_base,chunk_15,155,cosine_similarity,0.9999998509883881,96
binary_base,chunk_15,155,kl_to_gaussian,0.0,96
binary_base,chunk_15,155,wt_mean,0.00227304690633895,96
binary_base,chunk_15,156,GR,5.431562419980764,96
binary_base,chunk_15,156,IPC,6.061854622495226,96
binary_base,chunk_15,156,KR,3.280340255548557,96
binary_base,chunk_15,156,MC,3.6313597249488034,96
binary_base,chunk_15,156,cosine_similarity,0.9999998509883881,96
binary_base,chunk_15,156,kl_to_gaussian,0.0,96
binary_base,chunk_15,156,wt_mean,0.00227304690633895,96
binary_base,chunk_15,157,GR,4.618004969010751,96
binary_base,chunk_15,157,IPC,6.722246070044039,96
binary_base,chunk_15,157,KR,2.9078854769468307,96
binary_base,chunk_15,157,MC,3.8963301852345467,96
binary_base,chunk_15,157,cosine_similarity,0.9999998509883881,96
binary_base,chunk_15,157,kl_to_gaussian,0.0,96
binary_base,chunk_15,157,wt_mean,0.00227304690633895,96
binary_base,chunk_15,158,GR,5.3870216111342115,96
binary_base,chunk_15,158,IPC,6.068611721891496,96
binary_base,chunk_15,158,KR,3.295568431417147,96
binary_base,chunk_15,158,MC,3.5729710397620997,96
binary_base,chunk_15,158,cosine_similarity,0.9999998509883881,96
binary_base,chunk_15,158,kl_to_gaussian,0.0,96
binary_base,chunk_15,158,wt_mean,0.00227304690633895,96
binary_base,chunk_15,159,GR,4.3556952017049,96
binary_base,chunk_15,159,IPC,7.015072179671837,96
binary_base,chunk_15,159,KR,2.7647907423476377,96
binary_base,chunk_15,159,MC,4.004218591998021,96
binary_base,chunk_15,159,cosine_similarity,0.9999998509883881,96
binary_base,chunk_15,159,kl_to_gaussian,0.0,96
binary_base,chunk_15,159,wt_mean,0.00227304690633895,96
binary_base,chunk_16,160,GR,4.627358175814152,96
binary_base,chunk_16,160,IPC,6.643937412059927,96
binary_base,chunk_16,160,KR,2.810935750603676,96
binary_base,chunk_16,160,MC,3.7419686193267503,96
binary_base,chunk_16,160,cosine_similarity,0.9999998509883881,96
binary_base,chunk_16,160,kl_to_gaussian,0.0,96
binary_base,chunk_16,160,wt_mean,0.00227304690633895,96
binary_base,chunk_16,161,GR,4.790737722069025,96
binary_base,chunk_16,161,IPC,6.452935930851247,96
binary_base,chunk_16,161,KR,2.9608328404525914,96
binary_base,chunk_16,161,MC,3.675533706943194,96
binary_base,chunk_16,161,cosine_similarity,0.9999998509883881,96
binary_base,chunk_16,161,kl_to_gaussian,0.0,96
binary_base,chunk_16,161,wt_mean,0.00227304690633895,96
binary_base,chunk_16,162,GR,5.03892054160436,96
binary_base,chunk_16,162,IPC,6.912648255123448,96
binary_base,chunk_16,162,KR,3.1339463902016482,96
binary_base,chunk_16,162,MC,3.844658099114895,96
binary_base,chunk_16,162,cosine_similarity,0.9999998509883881,96
binary_base,chunk_16,162,kl_to_gaussian,0.0,96
binary_base,chunk_16,162,wt_mean,0.00227304690633895,96
binary_base,chunk_16,163,GR,5.075003504753113,96
binary_base,chunk_16,163,IPC,6.212774984087603,96
binary_base,chunk_16,163,KR,3.1845237786571183,96
binary_base,chunk_16,163,MC,3.3063519187271595,96
binary_base,chunk_16,163,cosine_similarity,0.9999998509883881,96
binary_base,chunk_16,163,kl_to_gaussian,0.0,96
binary_base,chunk_16,163,wt_mean,0.00227304690633895,96
binary_base,chunk_16,164,GR,4.549934326360623,96
binary_base,chunk_16,164,IPC,6.905738026965356,96
binary_base,chunk_16,164,KR,2.7891527079045773,96
binary_base,chunk_16,164,MC,3.688836863885323,96
binary_base,chunk_16,164,cosine_similarity,0.9999998509883881,96
binary_base,chunk_16,164,kl_to_gaussian,0.0,96
binary_base,chunk_16,164,wt_mean,0.00227304690633895,96
binary_base,chunk_16,165,GR,5.2670031525194645,96
binary_base,chunk_16,165,IPC,6.452955352496523,96
binary_base,chunk_16,165,KR,3.206773872176806,96
binary_base,chunk_16,165,MC,3.8510198183357716,96
binary_base,chunk_16,165,cosine_similarity,0.9999998509883881,96
binary_base,chunk_16,165,kl_to_gaussian,0.0,96
binary_base,chunk_16,165,wt_mean,0.00227304690633895,96
binary_base,chunk_16,166,GR,5.892820795377095,96
binary_base,chunk_16,166,IPC,6.464530334089371,96
binary_base,chunk_16,166,KR,3.5426736349860826,96
binary_base,chunk_16,166,MC,3.7865628811220327,96
binary_base,chunk_16,166,cosine_similarity,0.9999998509883881,96
binary_base,chunk_16,166,kl_to_gaussian,0.0,96
binary_base,chunk_16,166,wt_mean,0.00227304690633895,96
binary_base,chunk_16,167,GR,5.111680279175441,96
binary_base,chunk_16,167,IPC,6.324975773578358,96
binary_base,chunk_16,167,KR,3.1484425390760102,96
binary_base,chunk_16,167,MC,3.629138591388861,96
binary_base,chunk_16,167,cosine_similarity,0.9999998509883881,96
binary_base,chunk_16,167,kl_to_gaussian,0.0,96
binary_base,chunk_16,167,wt_mean,0.00227304690633895,96
binary_base,chunk_16,168,GR,4.855619053045909,96
binary_base,chunk_16,168,IPC,6.486587855761717,96
binary_base,chunk_16,168,KR,2.89549108594656,96
binary_base,chunk_16,168,MC,3.6783085335046053,96
binary_base,chunk_16,168,cosine_similarity,0.9999998509883881,96
binary_base,chunk_16,168,kl_to_gaussian,0.0,96
binary_base,chunk_16,168,wt_mean,0.00227304690633895,96
binary_base,chunk_16,169,GR,4.401947028934956,96
binary_base,chunk_16,169,IPC,7.039491664223352,96
binary_base,chunk_16,169,KR,2.769553393125534,96
binary_base,chunk_16,169,MC,3.941634746889273,96
binary_base,chunk_16,169,cosine_similarity,0.9999998509883881,96
binary_base,chunk_16,169,kl_to_gaussian,0.0,96
binary_base,chunk_16,169,wt_mean,0.00227304690633895,96
binary_base,chunk_17,170,GR,5.0593111502627535,96
binary_base,chunk_17,170,IPC,6.667296554303657,96
binary_base,chunk_17,170,KR,3.1544546335935593,96
binary_base,chunk_17,170,MC,3.924958746880293,96
binary_base,chunk_17,170,cosine_similarity,0.9999998509883881,96
binary_base,chunk_17,170,kl_to_gaussian,0.0,96
binary_base,chunk_17,170,wt_mean,0.00227304690633895,96
binary_base,chunk_17,171,GR,5.31716117883722,96
binary_base,chunk_17,171,IPC,6.529988616732873,96
binary_base,chunk_17,171,KR,3.3090022889276347,96
binary_base,chunk_17,171,MC,3.755999239782492,96
binary_base,chunk_17,171,cosine_similarity,0.9999998509883881,96
binary_base,chunk_17,171,kl_to_gaussian,0.0,96
binary_base,chunk_17,171,wt_mean,0.00227304690633895,96
binary_base,chunk_17,172,GR,5.108444606264432,96
binary_base,chunk_17,172,IPC,6.548805051650544,96
binary_base,chunk_17,172,KR,3.197347910453876,96
binary_base,chunk_17,172,MC,3.6006422204275927,96
binary_base,chunk_17,172,cosine_similarity,0.9999998509883881,96
binary_base,chunk_17,172,kl_to_gaussian,0.0,96
binary_base,chunk_17,172,wt_mean,0.00227304690633895,96
binary_base,chunk_17,173,GR,4.756698966026306,96
binary_base,chunk_17,173,IPC,7.048972603314297,96
binary_base,chunk_17,173,KR,2.9063180225590863,96
binary_base,chunk_17,173,MC,3.7761723858614764,96
binary_base,chunk_17,173,cosine_similarity,0.9999998509883881,96
binary_base,chunk_17,173,kl_to_gaussian,0.0,96
binary_base,chunk_17,173,wt_mean,0.00227304690633895,96
binary_base,chunk_17,174,GR,4.962139738102754,96
binary_base,chunk_17,174,IPC,6.752943887945367,96
binary_base,chunk_17,174,KR,3.099043673525254,96
binary_base,chunk_17,174,MC,4.0599675464133425,96
binary_base,chunk_17,174,cosine_similarity,0.9999998509883881,96
binary_base,chunk_17,174,kl_to_gaussian,0.0,96
binary_base,chunk_17,174,wt_mean,0.00227304690633895,96
binary_base,chunk_17,175,GR,6.103211625168721,96
binary_base,chunk_17,175,IPC,6.023759264955167,96
binary_base,chunk_17,175,KR,3.651171274483204,96
binary_base,chunk_17,175,MC,3.521468253185352,96
binary_base,chunk_17,175,cosine_similarity,0.9999998509883881,96
binary_base,chunk_17,175,kl_to_gaussian,0.0,96
binary_base,chunk_17,175,wt_mean,0.00227304690633895,96
binary_base,chunk_17,176,GR,4.611886358509461,96
binary_base,chunk_17,176,IPC,6.485056762280256,96
binary_base,chunk_17,176,KR,2.889296844601631,96
binary_base,chunk_17,176,MC,3.751945556451877,96
binary_base,chunk_17,176,cosine_similarity,0.9999998509883881,96
binary_base,chunk_17,176,kl_to_gaussian,0.0,96
binary_base,chunk_17,176,wt_mean,0.00227304690633895,96
binary_base,chunk_17,177,GR,6.05270117893815,96
binary_base,chunk_17,177,IPC,5.843312770236378,96
binary_base,chunk_17,177,KR,3.6936921129624047,96
binary_base,chunk_17,177,MC,3.602631788700819,96
binary_base,chunk_17,177,cosine_similarity,0.9999998509883881,96
binary_base,chunk_17,177,kl_to_gaussian,0.0,96
binary_base,chunk_17,177,wt_mean,0.00227304690633895,96
binary_base,chunk_17,178,GR,4.701225596169631,96
binary_base,chunk_17,178,IPC,6.528574916013079,96
binary_base,chunk_17,178,KR,2.8292388978103795,96
binary_base,chunk_17,178,MC,3.6040982212871313,96
binary_base,chunk_17,178,cosine_similarity,0.9999998509883881,96
binary_base,chunk_17,178,kl_to_gaussian,0.0,96
binary_base,chunk_17,178,wt_mean,0.00227304690633895,96
binary_base,chunk_17,179,GR,4.744451150298119,96
binary_base,chunk_17,179,IPC,7.113406525459123,96
binary_base,chunk_17,179,KR,2.840859850247701,96
binary_base,chunk_17,179,MC,3.998045532653729,96
binary_base,chunk_17,179,cosine_similarity,0.9999998509883881,96
binary_base,chunk_17,179,kl_to_gaussian,0.0,96
binary_base,chunk_17,179,wt_mean,0.00227304690633895,96
binary_base,chunk_18,180,GR,4.100299208114545,96
binary_base,chunk_18,180,IPC,6.615629481446409,96
binary_base,chunk_18,180,KR,2.6385702478388944,96
binary_base,chunk_18,180,MC,3.680317062884569,96
binary_base,chunk_18,180,cosine_similarity,0.9999998509883881,96
binary_base,chunk_18,180,kl_to_gaussian,0.0,96
binary_base,chunk_18,180,wt_mean,0.00227304690633895,96
binary_base,chunk_18,181,GR,4.941534680624803,96
binary_base,chunk_18,181,IPC,6.827435471276516,96
binary_base,chunk_18,181,KR,2.932171929627657,96
binary_base,chunk_18,181,MC,3.8453178654114404,96
binary_base,chunk_18,181,cosine_similarity,0.9999998509883881,96
binary_base,chunk_18,181,kl_to_gaussian,0.0,96
binary_base,chunk_18,181,wt_mean,0.00227304690633895,96
binary_base,chunk_18,182,GR,4.784348116566737,96
binary_base,chunk_18,182,IPC,7.065290523977847,96
binary_base,chunk_18,182,KR,2.9537325153748193,96
binary_base,chunk_18,182,MC,3.9153301753103733,96
binary_base,chunk_18,182,cosine_similarity,0.9999998509883881,96
binary_base,chunk_18,182,kl_to_gaussian,0.0,96
binary_base,chunk_18,182,wt_mean,0.00227304690633895,96
binary_base,chunk_18,183,GR,5.404335839052995,96
binary_base,chunk_18,183,IPC,6.195606720947349,96
binary_base,chunk_18,183,KR,3.3176920053859553,96
binary_base,chunk_18,183,MC,3.6418594674517712,96
binary_base,chunk_18,183,cosine_similarity,0.9999998509883881,96
binary_base,chunk_18,183,kl_to_gaussian,0.0,96
binary_base,chunk_18,183,wt_mean,0.00227304690633895,96
binary_base,chunk_18,184,GR,6.142029482871294,96
binary_base,chunk_18,184,IPC,5.788222526274623,96
binary_base,chunk_18,184,KR,3.6454381371537843,96
binary_base,chunk_18,184,MC,3.557265297820171,96
binary_base,chunk_18,184,cosine_similarity,0.9999998509883881,96
binary_base,chunk_18,184,kl_to_gaussian,0.0,96
binary_base,chunk_18,184,wt_mean,0.00227304690633895,96
binary_base,chunk_18,185,GR,4.961210012435913,96
binary_base,chunk_18,185,IPC,6.515634925640337,96
binary_base,chunk_18,185,KR,3.0035396801928678,96
binary_base,chunk_18,185,MC,3.7281882986426353,96
binary_base,chunk_18,185,cosine_similarity,0.9999998509883881,96
binary_base,chunk_18,185,kl_to_gaussian,0.0,96
binary_base,chunk_18,185,wt_mean,0.00227304690633895,96
binary_base,chunk_18,186,GR,5.347198881208897,96
binary_base,chunk_18,186,IPC,6.595626103776213,96
binary_base,chunk_18,186,KR,3.335125365604957,96
binary_base,chunk_18,186,MC,3.73452065885067,96
binary_base,chunk_18,186,cosine_similarity,0.9999998509883881,96
binary_base,chunk_18,186,kl_to_gaussian,0.0,96
binary_base,chunk_18,186,wt_mean,0.00227304690633895,96
binary_base,chunk_18,187,GR,4.271944017459949,96
binary_base,chunk_18,187,IPC,6.718924009988693,96
binary_base,chunk_18,187,KR,2.6525222721199193,96
binary_base,chunk_18,187,MC,3.5411207005381584,96
binary_base,chunk_18,187,cosine_similarity,0.9999998509883881,96
binary_base,chunk_18,187,kl_to_gaussian,0.0,96
binary_base,chunk_18,187,wt_mean,0.00227304690633895,96
binary_base,chunk_18,188,GR,4.8294199630618095,96
binary_base,chunk_18,188,IPC,6.0552173264453435,96
binary_base,chunk_18,188,KR,2.985810456176599,96
binary_base,chunk_18,188,MC,3.4911604399482408,96
binary_base,chunk_18,188,cosine_similarity,0.9999998509883881,96
binary_base,chunk_18,188,kl_to_gaussian,0.0,96
binary_base,chunk_18,188,wt_mean,0.00227304690633895,96
binary_base,chunk_18,189,GR,4.389531206339598,96
binary_base,chunk_18,189,IPC,6.968496487352379,96
binary_base,chunk_18,189,KR,2.7439079520603022,96
binary_base,chunk_18,189,MC,4.06967871201535,96
binary_base,chunk_18,189,cosine_similarity,0.9999998509883881,96
binary_base,chunk_18,189,kl_to_gaussian,0.0,96
binary_base,chunk_18,189,wt_mean,0.00227304690633895,96
binary_base,chunk_19,190,GR,4.77160307765007,96
binary_base,chunk_19,190,IPC,6.840355194767472,96
binary_base,chunk_19,190,KR,2.9714071936905384,96
binary_base,chunk_19,190,MC,3.69567126284043,96
binary_base,chunk_19,190,cosine_similarity,0.9999998509883881,96
binary_base,chunk_19,190,kl_to_gaussian,0.0,96
binary_base,chunk_19,190,wt_mean,0.00227304690633895,96
binary_base,chunk_19,191,GR,4.708329578240712,96
binary_base,chunk_19,191,IPC,6.648065830855508,96
binary_base,chunk_19,191,KR,2.817507384965817,96
binary_base,chunk_19,191,MC,3.6190660571058593,96
binary_base,chunk_19,191,cosine_similarity,0.9999998509883881,96
binary_base,chunk_19,191,kl_to_gaussian,0.0,96
binary_base,chunk_19,191,wt_mean,0.00227304690633895,96
binary_base,chunk_19,192,GR,4.507166186968486,96
binary_base,chunk_19,192,IPC,7.3126556730777175,96
binary_base,chunk_19,192,KR,2.6749149511257806,96
binary_base,chunk_19,192,MC,3.8011227690925202,96
binary_base,chunk_19,192,cosine_similarity,0.9999998509883881,96
binary_base,chunk_19,192,kl_to_gaussian,0.0,96
binary_base,chunk_19,192,wt_mean,0.00227304690633895,96
binary_base,chunk_19,193,GR,4.792378322531779,96
binary_base,chunk_19,193,IPC,6.59452742432878,96
binary_base,chunk_19,193,KR,2.9937824681401253,96
binary_base,chunk_19,193,MC,3.6633142742017903,96
binary_base,chunk_19,193,cosine_similarity,0.9999998509883881,96
binary_base,chunk_19,193,kl_to_gaussian,0.0,96
binary_base,chunk_19,193,wt_mean,0.00227304690633895,96
binary_base,chunk_19,194,GR,4.993821070839961,96
binary_base,chunk_19,194,IPC,6.594729731899247,96
binary_base,chunk_19,194,KR,3.1225258968770504,96
binary_base,chunk_19,194,MC,3.6261020936071873,96
binary_base,chunk_19,194,cosine_similarity,0.9999998509883881,96
binary_base,chunk_19,194,kl_to_gaussian,0.0,96
binary_base,chunk_19,194,wt_mean,0.00227304690633895,96
binary_base,chunk_19,195,GR,4.135326539476712,96
binary_base,chunk_19,195,IPC,6.870772555971533,96
binary_base,chunk_19,195,KR,2.612430725246668,96
binary_base,chunk_19,195,MC,3.788038150717815,96
binary_base,chunk_19,195,cosine_similarity,0.9999998509883881,96
binary_base,chunk_19,195,kl_to_gaussian,0.0,96
binary_base,chunk_19,195,wt_mean,0.00227304690633895,96
binary_base,chunk_19,196,GR,5.4678465736409025,96
binary_base,chunk_19,196,IPC,5.763687344181126,96
binary_base,chunk_19,196,KR,3.3464986185232797,96
binary_base,chunk_19,196,MC,3.44749940559268,96
binary_base,chunk_19,196,cosine_similarity,0.9999998509883881,96
binary_base,chunk_19,196,kl_to_gaussian,0.0,96
binary_base,chunk_19,196,wt_mean,0.00227304690633895,96
binary_base,chunk_19,197,GR,5.734548214823008,96
binary_base,chunk_19,197,IPC,6.941859859332735,96
binary_base,chunk_19,197,KR,3.357017256319523,96
binary_base,chunk_19,197,MC,4.006227375318606,96
binary_base,chunk_19,197,cosine_similarity,0.9999998509883881,96
binary_base,chunk_19,197,kl_to_gaussian,0.0,96
binary_base,chunk_19,197,wt_mean,0.00227304690633895,96
binary_base,chunk_19,198,GR,6.42665246501565,96
binary_base,chunk_19,198,IPC,6.250919353945453,96
binary_base,chunk_19,198,KR,3.7872303165495396,96
binary_base,chunk_19,198,MC,3.583418364326159,96
binary_base,chunk_19,198,cosine_similarity,0.9999998509883881,96
binary_base,chunk_19,198,kl_to_gaussian,0.0,96
binary_base,chunk_19,198,wt_mean,0.00227304690633895,96
binary_base,chunk_19,199,GR,5.06249114125967,96
binary_base,chunk_19,199,IPC,6.248481667841312,96
binary_base,chunk_19,199,KR,3.0603941679000854,96
binary_base,chunk_19,199,MC,3.588246655960878,96
binary_base,chunk_19,199,cosine_similarity,0.9999998509883881,96
binary_base,chunk_19,199,kl_to_gaussian,0.0,96
binary_base,chunk_19,199,wt_mean,0.00227304690633895,96
binary_base,chunk_2,20,GR,5.869653714199861,96
binary_base,chunk_2,20,IPC,7.146708014342042,96
binary_base,chunk_2,20,KR,3.483664577205976,96
binary_base,chunk_2,20,MC,3.8910217359662056,96
binary_base,chunk_2,20,cosine_similarity,0.9999998509883881,96
binary_base,chunk_2,20,kl_to_gaussian,0.0,96
binary_base,chunk_2,20,wt_mean,0.00227304690633895,96
binary_base,chunk_2,21,GR,4.566309726486604,96
binary_base,chunk_2,21,IPC,6.973204536102717,96
binary_base,chunk_2,21,KR,2.7924826381107173,96
binary_base,chunk_2,21,MC,3.7459005216757455,96
binary_base,chunk_2,21,cosine_similarity,0.9999998509883881,96
binary_base,chunk_2,21,kl_to_gaussian,0.0,96
binary_base,chunk_2,21,wt_mean,0.00227304690633895,96
binary_base,chunk_2,22,GR,5.064201505233844,96
binary_base,chunk_2,22,IPC,6.8957511293478495,96
binary_base,chunk_2,22,KR,3.1652300618588924,96
binary_base,chunk_2,22,MC,3.8175371885299683,96
binary_base,chunk_2,22,cosine_similarity,0.9999998509883881,96
binary_base,chunk_2,22,kl_to_gaussian,0.0,96
binary_base,chunk_2,22,wt_mean,0.00227304690633895,96
binary_base,chunk_2,23,GR,4.786011355618636,96
binary_base,chunk_2,23,IPC,7.635666824182972,96
binary_base,chunk_2,23,KR,2.917317122220993,96
binary_base,chunk_2,23,MC,4.026053148011367,96
binary_base,chunk_2,23,cosine_similarity,0.9999998509883881,96
binary_base,chunk_2,23,kl_to_gaussian,0.0,96
binary_base,chunk_2,23,wt_mean,0.00227304690633895,96
binary_base,chunk_2,24,GR,5.08927786971132,96
binary_base,chunk_2,24,IPC,6.938480675723202,96
binary_base,chunk_2,24,KR,3.108017119268576,96
binary_base,chunk_2,24,MC,3.7446194725732007,96
binary_base,chunk_2,24,cosine_similarity,0.9999998509883881,96
binary_base,chunk_2,24,kl_to_gaussian,0.0,96
binary_base,chunk_2,24,wt_mean,0.00227304690633895,96
binary_base,chunk_2,25,GR,4.233527171115081,96
binary_base,chunk_2,25,IPC,7.407051064100821,96
binary_base,chunk_2,25,KR,2.628857790182034,96
binary_base,chunk_2,25,MC,3.88804438089331,96
binary_base,chunk_2,25,cosine_similarity,0.9999998509883881,96
binary_base,chunk_2,25,kl_to_gaussian,0.0,96
binary_base,chunk_2,25,wt_mean,0.00227304690633895,96
binary_base,chunk_2,26,GR,4.775706417858601,96
binary_base,chunk_2,26,IPC,7.456447312300754,96
binary_base,chunk_2,26,KR,2.9389823662738004,96
binary_base,chunk_2,26,MC,3.906993749241034,96
binary_base,chunk_2,26,cosine_similarity,0.9999998509883881,96
binary_base,chunk_2,26,kl_to_gaussian,0.0,96
binary_base,chunk_2,26,wt_mean,0.00227304690633895,96
binary_base,chunk_2,27,GR,4.51565436522166,96
binary_base,chunk_2,27,IPC,6.974785878838042,96
binary_base,chunk_2,27,KR,2.7163062654435635,96
binary_base,chunk_2,27,MC,3.6687060482800007,96
binary_base,chunk_2,27,cosine_similarity,0.9999998509883881,96
binary_base,chunk_2,27,kl_to_gaussian,0.0,96
binary_base,chunk_2,27,wt_mean,0.00227304690633895,96
binary_base,chunk_2,28,GR,4.536824149390061,96
binary_base,chunk_2,28,IPC,7.361765638489941,96
binary_base,chunk_2,28,KR,2.8732314792772136,96
binary_base,chunk_2,28,MC,4.014678202569485,96
binary_base,chunk_2,28,cosine_similarity,0.9999998509883881,96
binary_base,chunk_2,28,kl_to_gaussian,0.0,96
binary_base,chunk_2,28,wt_mean,0.00227304690633895,96
binary_base,chunk_2,29,GR,4.9665359643598395,96
binary_base,chunk_2,29,IPC,6.948229263376205,96
binary_base,chunk_2,29,KR,3.029336745540301,96
binary_base,chunk_2,29,MC,3.7780401296913624,96
binary_base,chunk_2,29,cosine_similarity,0.9999998509883881,96
binary_base,chunk_2,29,kl_to_gaussian,0.0,96
binary_base,chunk_2,29,wt_mean,0.00227304690633895,96
binary_base,chunk_3,30,GR,4.129194306830565,96
binary_base,chunk_3,30,IPC,7.402650351057197,96
binary_base,chunk_3,30,KR,2.5685627050697803,96
binary_base,chunk_3,30,MC,3.8253616243600845,96
binary_base,chunk_3,30,cosine_similarity,0.9999998509883881,96
binary_base,chunk_3,30,kl_to_gaussian,0.0,96
binary_base,chunk_3,30,wt_mean,0.00227304690633895,96
binary_base,chunk_3,31,GR,4.268009480088949,96
binary_base,chunk_3,31,IPC,7.519956965862566,96
binary_base,chunk_3,31,KR,2.6288965667287507,96
binary_base,chunk_3,31,MC,4.18693349386255,96
binary_base,chunk_3,31,cosine_similarity,0.9999998509883881,96
binary_base,chunk_3,31,kl_to_gaussian,0.0,96
binary_base,chunk_3,31,wt_mean,0.00227304690633895,96
binary_base,chunk_3,32,GR,5.835431322455406,96
binary_base,chunk_3,32,IPC,7.086537844241268,96
binary_base,chunk_3,32,KR,3.5757203424970307,96
binary_base,chunk_3,32,MC,4.205763316402833,96
binary_base,chunk_3,32,cosine_similarity,0.9999998509883881,96
binary_base,chunk_3,32,kl_to_gaussian,0.0,96
binary_base,chunk_3,32,wt_mean,0.00227304690633895,96
binary_base,chunk_3,33,GR,5.405686655392249,96
binary_base,chunk_3,33,IPC,7.512589529578485,96
binary_base,chunk_3,33,KR,3.3045505210757256,96
binary_base,chunk_3,33,MC,4.211680293083191,96
binary_base,chunk_3,33,cosine_similarity,0.9999998509883881,96
binary_base,chunk_3,33,kl_to_gaussian,0.0,96
binary_base,chunk_3,33,wt_mean,0.00227304690633895,96
binary_base,chunk_3,34,GR,5.041793906440337,96
binary_base,chunk_3,34,IPC,7.066488225609433,96
binary_base,chunk_3,34,KR,3.000656461964051,96
binary_base,chunk_3,34,MC,3.9722421492139497,96
binary_base,chunk_3,34,cosine_similarity,0.9999998509883881,96
binary_base,chunk_3,34,kl_to_gaussian,0.0,96
binary_base,chunk_3,34,wt_mean,0.00227304690633895,96
binary_base,chunk_3,35,GR,5.6630211398005486,96
binary_base,chunk_3,35,IPC,6.990796813400478,96
binary_base,chunk_3,35,KR,3.5053690746426582,96
binary_base,chunk_3,35,MC,4.080463546017806,96
binary_base,chunk_3,35,cosine_similarity,0.9999998509883881,96
binary_base,chunk_3,35,kl_to_gaussian,0.0,96
binary_base,chunk_3,35,wt_mean,0.00227304690633895,96
binary_base,chunk_3,36,GR,4.621303339799245,96
binary_base,chunk_3,36,IPC,7.077855733539444,96
binary_base,chunk_3,36,KR,2.8324143501619496,96
binary_base,chunk_3,36,MC,3.9669765333334603,96
binary_base,chunk_3,36,cosine_similarity,0.9999998509883881,96
binary_base,chunk_3,36,kl_to_gaussian,0.0,96
binary_base,chunk_3,36,wt_mean,0.00227304690633895,96
binary_base,chunk_3,37,GR,4.813231337815523,96
binary_base,chunk_3,37,IPC,7.445426039751076,96
binary_base,chunk_3,37,KR,2.955275015284618,96
binary_base,chunk_3,37,MC,3.941892401625713,96
binary_base,chunk_3,37,cosine_similarity,0.9999998509883881,96
binary_base,chunk_3,37,kl_to_gaussian,0.0,96
binary_base,chunk_3,37,wt_mean,0.00227304690633895,96
binary_base,chunk_3,38,GR,4.811085984110832,96
binary_base,chunk_3,38,IPC,7.194778966480484,96
binary_base,chunk_3,38,KR,2.9866456327339015,96
binary_base,chunk_3,38,MC,3.9455671111742654,96
binary_base,chunk_3,38,cosine_similarity,0.9999998509883881,96
binary_base,chunk_3,38,kl_to_gaussian,0.0,96
binary_base,chunk_3,38,wt_mean,0.00227304690633895,96
binary_base,chunk_3,39,GR,5.165780105938514,96
binary_base,chunk_3,39,IPC,6.772986423339272,96
binary_base,chunk_3,39,KR,3.133712887763977,96
binary_base,chunk_3,39,MC,3.9373418192068734,96
binary_base,chunk_3,39,cosine_similarity,0.9999998509883881,96
binary_base,chunk_3,39,kl_to_gaussian,0.0,96
binary_base,chunk_3,39,wt_mean,0.00227304690633895,96
binary_base,chunk_4,40,GR,5.5869886465370655,96
binary_base,chunk_4,40,IPC,6.841738164541501,96
binary_base,chunk_4,40,KR,3.3561680850883326,96
binary_base,chunk_4,40,MC,3.5904571252564588,96
binary_base,chunk_4,40,cosine_similarity,0.9999998509883881,96
binary_base,chunk_4,40,kl_to_gaussian,0.0,96
binary_base,chunk_4,40,wt_mean,0.00227304690633895,96
binary_base,chunk_4,41,GR,4.422220068673293,96
binary_base,chunk_4,41,IPC,7.4331073224080155,96
binary_base,chunk_4,41,KR,2.648351809630791,96
binary_base,chunk_4,41,MC,3.814411412924528,96
binary_base,chunk_4,41,cosine_similarity,0.9999998509883881,96
binary_base,chunk_4,41,kl_to_gaussian,0.0,96
binary_base,chunk_4,41,wt_mean,0.00227304690633895,96
binary_base,chunk_4,42,GR,5.636345198998849,96
binary_base,chunk_4,42,IPC,7.24663271650135,96
binary_base,chunk_4,42,KR,3.493583651880423,96
binary_base,chunk_4,42,MC,4.235234785825014,96
binary_base,chunk_4,42,cosine_similarity,0.9999998509883881,96
binary_base,chunk_4,42,kl_to_gaussian,0.0,96
binary_base,chunk_4,42,wt_mean,0.00227304690633895,96
binary_base,chunk_4,43,GR,6.0742224516967935,96
binary_base,chunk_4,43,IPC,6.294389974252631,96
binary_base,chunk_4,43,KR,3.689957687010368,96
binary_base,chunk_4,43,MC,3.6962597146630287,96
binary_base,chunk_4,43,cosine_similarity,0.9999998509883881,96
binary_base,chunk_4,43,kl_to_gaussian,0.0,96
binary_base,chunk_4,43,wt_mean,0.00227304690633895,96
binary_base,chunk_4,44,GR,4.263239964842796,96
binary_base,chunk_4,44,IPC,6.983752448644217,96
binary_base,chunk_4,44,KR,2.652428824454546,96
binary_base,chunk_4,44,MC,3.802989320208629,96
binary_base,chunk_4,44,cosine_similarity,0.9999998509883881,96
binary_base,chunk_4,44,kl_to_gaussian,0.0,96
binary_base,chunk_4,44,wt_mean,0.00227304690633895,96
binary_base,chunk_4,45,GR,5.930442242572705,96
binary_base,chunk_4,45,IPC,7.091542827424752,96
binary_base,chunk_4,45,KR,3.6026558789114156,96
binary_base,chunk_4,45,MC,4.109370750685533,96
binary_base,chunk_4,45,cosine_similarity,0.9999998509883881,96
binary_base,chunk_4,45,kl_to_gaussian,0.0,96
binary_base,chunk_4,45,wt_mean,0.00227304690633895,96
binary_base,chunk_4,46,GR,5.645273381223281,96
binary_base,chunk_4,46,IPC,6.74131400499027,96
binary_base,chunk_4,46,KR,3.4459518703321614,96
binary_base,chunk_4,46,MC,4.15823124969999,96
binary_base,chunk_4,46,cosine_similarity,0.9999998509883881,96
binary_base,chunk_4,46,kl_to_gaussian,0.0,96
binary_base,chunk_4,46,wt_mean,0.00227304690633895,96
binary_base,chunk_4,47,GR,4.616309718539317,96
binary_base,chunk_4,47,IPC,7.188450427617087,96
binary_base,chunk_4,47,KR,2.8236908006171384,96
binary_base,chunk_4,47,MC,3.9266809249917665,96
binary_base,chunk_4,47,cosine_similarity,0.9999998509883881,96
binary_base,chunk_4,47,kl_to_gaussian,0.0,96
binary_base,chunk_4,47,wt_mean,0.00227304690633895,96
binary_base,chunk_4,48,GR,4.596345177541177,96
binary_base,chunk_4,48,IPC,7.204757125775548,96
binary_base,chunk_4,48,KR,2.892927179733912,96
binary_base,chunk_4,48,MC,3.931842359403769,96
binary_base,chunk_4,48,cosine_similarity,0.9999998509883881,96
binary_base,chunk_4,48,kl_to_gaussian,0.0,96
binary_base,chunk_4,48,wt_mean,0.00227304690633895,96
binary_base,chunk_4,49,GR,5.0437469730774565,96
binary_base,chunk_4,49,IPC,7.396763694365144,96
binary_base,chunk_4,49,KR,3.1589867708583674,96
binary_base,chunk_4,49,MC,4.189387881507476,96
binary_base,chunk_4,49,cosine_similarity,0.9999998509883881,96
binary_base,chunk_4,49,kl_to_gaussian,0.0,96
binary_base,chunk_4,49,wt_mean,0.00227304690633895,96
binary_base,chunk_5,50,GR,4.1747492377956705,96
binary_base,chunk_5,50,IPC,7.15303327106495,96
binary_base,chunk_5,50,KR,2.701563781748215,96
binary_base,chunk_5,50,MC,3.9630667977035046,96
binary_base,chunk_5,50,cosine_similarity,0.9999998509883881,96
binary_base,chunk_5,50,kl_to_gaussian,0.0,96
binary_base,chunk_5,50,wt_mean,0.00227304690633895,96
binary_base,chunk_5,51,GR,4.8046268957356615,96
binary_base,chunk_5,51,IPC,7.0841384605224285,96
binary_base,chunk_5,51,KR,2.906325397392114,96
binary_base,chunk_5,51,MC,3.8980719397465386,96
binary_base,chunk_5,51,cosine_similarity,0.9999998509883881,96
binary_base,chunk_5,51,kl_to_gaussian,0.0,96
binary_base,chunk_5,51,wt_mean,0.00227304690633895,96
binary_base,chunk_5,52,GR,4.4283222543696565,96
binary_base,chunk_5,52,IPC,7.098625130096342,96
binary_base,chunk_5,52,KR,2.7961644803484282,96
binary_base,chunk_5,52,MC,3.999397541085879,96
binary_base,chunk_5,52,cosine_similarity,0.9999998509883881,96
binary_base,chunk_5,52,kl_to_gaussian,0.0,96
binary_base,chunk_5,52,wt_mean,0.00227304690633895,96
binary_base,chunk_5,53,GR,4.706763493518035,96
binary_base,chunk_5,53,IPC,7.300644216178348,96
binary_base,chunk_5,53,KR,2.858491330097119,96
binary_base,chunk_5,53,MC,4.129176340997219,96
binary_base,chunk_5,53,cosine_similarity,0.9999998509883881,96
binary_base,chunk_5,53,kl_to_gaussian,0.0,96
binary_base,chunk_5,53,wt_mean,0.00227304690633895,96
binary_base,chunk_5,54,GR,4.373606738944848,96
binary_base,chunk_5,54,IPC,7.391387135512869,96
binary_base,chunk_5,54,KR,2.755757223814726,96
binary_base,chunk_5,54,MC,4.269021940728028,96
binary_base,chunk_5,54,cosine_similarity,0.9999998509883881,96
binary_base,chunk_5,54,kl_to_gaussian,0.0,96
binary_base,chunk_5,54,wt_mean,0.00227304690633895,96
binary_base,chunk_5,55,GR,6.056186808894078,96
binary_base,chunk_5,55,IPC,7.2895627605587014,96
binary_base,chunk_5,55,KR,3.6315760451058545,96
binary_base,chunk_5,55,MC,4.159281987696886,96
binary_base,chunk_5,55,cosine_similarity,0.9999998509883881,96
binary_base,chunk_5,55,kl_to_gaussian,0.0,96
binary_base,chunk_5,55,wt_mean,0.00227304690633895,96
binary_base,chunk_5,56,GR,4.677976256857316,96
binary_base,chunk_5,56,IPC,7.076437191550505,96
binary_base,chunk_5,56,KR,2.928348128994306,96
binary_base,chunk_5,56,MC,3.840694214527806,96
binary_base,chunk_5,56,cosine_similarity,0.9999998509883881,96
binary_base,chunk_5,56,kl_to_gaussian,0.0,96
binary_base,chunk_5,56,wt_mean,0.00227304690633895,96
binary_base,chunk_5,57,GR,4.563735940804084,96
binary_base,chunk_5,57,IPC,7.563073786004989,96
binary_base,chunk_5,57,KR,2.711026736845573,96
binary_base,chunk_5,57,MC,3.9725601648290954,96
binary_base,chunk_5,57,cosine_similarity,0.9999998509883881,96
binary_base,chunk_5,57,kl_to_gaussian,0.0,96
binary_base,chunk_5,57,wt_mean,0.00227304690633895,96
binary_base,chunk_5,58,GR,5.354102595398824,96
binary_base,chunk_5,58,IPC,6.79208012644895,96
binary_base,chunk_5,58,KR,3.18655921642979,96
binary_base,chunk_5,58,MC,3.736393216997385,96
binary_base,chunk_5,58,cosine_similarity,0.9999998509883881,96
binary_base,chunk_5,58,kl_to_gaussian,0.0,96
binary_base,chunk_5,58,wt_mean,0.00227304690633895,96
binary_base,chunk_5,59,GR,4.816414937376976,96
binary_base,chunk_5,59,IPC,7.0442976040135035,96
binary_base,chunk_5,59,KR,3.0207569897174835,96
binary_base,chunk_5,59,MC,3.7864186242222786,96
binary_base,chunk_5,59,cosine_similarity,0.9999998509883881,96
binary_base,chunk_5,59,kl_to_gaussian,0.0,96
binary_base,chunk_5,59,wt_mean,0.00227304690633895,96
binary_base,chunk_6,60,GR,5.059192539503177,96
binary_base,chunk_6,60,IPC,7.252996103705461,96
binary_base,chunk_6,60,KR,3.076705386241277,96
binary_base,chunk_6,60,MC,3.8111386137704053,96
binary_base,chunk_6,60,cosine_similarity,0.9999998509883881,96
binary_base,chunk_6,60,kl_to_gaussian,0.0,96
binary_base,chunk_6,60,wt_mean,0.00227304690633895,96
binary_base,chunk_6,61,GR,4.82174934943517,96
binary_base,chunk_6,61,IPC,7.5028958692647185,96
binary_base,chunk_6,61,KR,2.899321830521027,96
binary_base,chunk_6,61,MC,3.921598999450604,96
binary_base,chunk_6,61,cosine_similarity,0.9999998509883881,96
binary_base,chunk_6,61,kl_to_gaussian,0.0,96
binary_base,chunk_6,61,wt_mean,0.00227304690633895,96
binary_base,chunk_6,62,GR,4.694565072655678,96
binary_base,chunk_6,62,IPC,7.602122028496438,96
binary_base,chunk_6,62,KR,2.941568839053313,96
binary_base,chunk_6,62,MC,4.1170169686277704,96
binary_base,chunk_6,62,cosine_similarity,0.9999998509883881,96
binary_base,chunk_6,62,kl_to_gaussian,0.0,96
binary_base,chunk_6,62,wt_mean,0.00227304690633895,96
binary_base,chunk_6,63,GR,4.8612803022066755,96
binary_base,chunk_6,63,IPC,7.535890499608236,96
binary_base,chunk_6,63,KR,2.959572975834211,96
binary_base,chunk_6,63,MC,4.03825369477272,96
binary_base,chunk_6,63,cosine_similarity,0.9999998509883881,96
binary_base,chunk_6,63,kl_to_gaussian,0.0,96
binary_base,chunk_6,63,wt_mean,0.00227304690633895,96
binary_base,chunk_6,64,GR,4.891083467751741,96
binary_base,chunk_6,64,IPC,7.105308274250756,96
binary_base,chunk_6,64,KR,3.0010340102016926,96
binary_base,chunk_6,64,MC,3.952282015234232,96
binary_base,chunk_6,64,cosine_similarity,0.9999998509883881,96
binary_base,chunk_6,64,kl_to_gaussian,0.0,96
binary_base,chunk_6,64,wt_mean,0.00227304690633895,96
binary_base,chunk_6,65,GR,4.823693624387185,96
binary_base,chunk_6,65,IPC,6.486842646298276,96
binary_base,chunk_6,65,KR,2.979192898919185,96
binary_base,chunk_6,65,MC,3.4535066845516362,96
binary_base,chunk_6,65,cosine_similarity,0.9999998509883881,96
binary_base,chunk_6,65,kl_to_gaussian,0.0,96
binary_base,chunk_6,65,wt_mean,0.00227304690633895,96
binary_base,chunk_6,66,GR,4.701181076467037,96
binary_base,chunk_6,66,IPC,6.941941473688199,96
binary_base,chunk_6,66,KR,2.876707460731268,96
binary_base,chunk_6,66,MC,3.7198471799492836,96
binary_base,chunk_6,66,cosine_similarity,0.9999998509883881,96
binary_base,chunk_6,66,kl_to_gaussian,0.0,96
binary_base,chunk_6,66,wt_mean,0.00227304690633895,96
binary_base,chunk_6,67,GR,5.058829452842474,96
binary_base,chunk_6,67,IPC,7.079874680283553,96
binary_base,chunk_6,67,KR,3.148551115145286,96
binary_base,chunk_6,67,MC,3.9860031033555665,96
binary_base,chunk_6,67,cosine_similarity,0.9999998509883881,96
binary_base,chunk_6,67,kl_to_gaussian,0.0,96
binary_base,chunk_6,67,wt_mean,0.00227304690633895,96
binary_base,chunk_6,68,GR,4.302396091322104,96
binary_base,chunk_6,68,IPC,7.078697172586136,96
binary_base,chunk_6,68,KR,2.703530499090751,96
binary_base,chunk_6,68,MC,3.9576883440216384,96
binary_base,chunk_6,68,cosine_similarity,0.9999998509883881,96
binary_base,chunk_6,68,kl_to_gaussian,0.0,96
binary_base,chunk_6,68,wt_mean,0.00227304690633895,96
binary_base,chunk_6,69,GR,4.8806932009756565,96
binary_base,chunk_6,69,IPC,7.211618144210727,96
binary_base,chunk_6,69,KR,2.9700984905163446,96
binary_base,chunk_6,69,MC,4.080910153687,96
binary_base,chunk_6,69,cosine_similarity,0.9999998509883881,96
binary_base,chunk_6,69,kl_to_gaussian,0.0,96
binary_base,chunk_6,69,wt_mean,0.00227304690633895,96
binary_base,chunk_7,70,GR,5.032869627078374,96
binary_base,chunk_7,70,IPC,6.422461499394731,96
binary_base,chunk_7,70,KR,3.084637153893709,96
binary_base,chunk_7,70,MC,3.5740002828339734,96
binary_base,chunk_7,70,cosine_similarity,0.9999998509883881,96
binary_base,chunk_7,70,kl_to_gaussian,0.0,96
binary_base,chunk_7,70,wt_mean,0.00227304690633895,96
binary_base,chunk_7,71,GR,4.965946234762669,96
binary_base,chunk_7,71,IPC,7.087591935098072,96
binary_base,chunk_7,71,KR,3.078632779419422,96
binary_base,chunk_7,71,MC,3.8654004087050757,96
binary_base,chunk_7,71,cosine_similarity,0.9999998509883881,96
binary_base,chunk_7,71,kl_to_gaussian,0.0,96
binary_base,chunk_7,71,wt_mean,0.00227304690633895,96
binary_base,chunk_7,72,GR,4.555448792874813,96
binary_base,chunk_7,72,IPC,7.411932519414748,96
binary_base,chunk_7,72,KR,2.8790152644117675,96
binary_base,chunk_7,72,MC,4.18778583034873,96
binary_base,chunk_7,72,cosine_similarity,0.9999998509883881,96
binary_base,chunk_7,72,kl_to_gaussian,0.0,96
binary_base,chunk_7,72,wt_mean,0.00227304690633895,96
binary_base,chunk_7,73,GR,4.257949009537697,96
binary_base,chunk_7,73,IPC,7.554200830418818,96
binary_base,chunk_7,73,KR,2.698629048963388,96
binary_base,chunk_7,73,MC,4.202326354881127,96
binary_base,chunk_7,73,cosine_similarity,0.9999998509883881,96
binary_base,chunk_7,73,kl_to_gaussian,0.0,96
binary_base,chunk_7,73,wt_mean,0.00227304690633895,96
binary_base,chunk_7,74,GR,4.723389654109876,96
binary_base,chunk_7,74,IPC,7.249835273794543,96
binary_base,chunk_7,74,KR,2.8462228439748287,96
binary_base,chunk_7,74,MC,3.843400480846564,96
binary_base,chunk_7,74,cosine_similarity,0.9999998509883881,96
binary_base,chunk_7,74,kl_to_gaussian,0.0,96
binary_base,chunk_7,74,wt_mean,0.00227304690633895,96
binary_base,chunk_7,75,GR,5.591899445901315,96
binary_base,chunk_7,75,IPC,6.891776927622003,96
binary_base,chunk_7,75,KR,3.457744608322779,96
binary_base,chunk_7,75,MC,4.185221180319786,96
binary_base,chunk_7,75,cosine_similarity,0.9999998509883881,96
binary_base,chunk_7,75,kl_to_gaussian,0.0,96
binary_base,chunk_7,75,wt_mean,0.00227304690633895,96
binary_base,chunk_7,76,GR,4.664980363100767,96
binary_base,chunk_7,76,IPC,7.569809190070408,96
binary_base,chunk_7,76,KR,2.907038447757562,96
binary_base,chunk_7,76,MC,4.414929497987032,96
binary_base,chunk_7,76,cosine_similarity,0.9999998509883881,96
binary_base,chunk_7,76,kl_to_gaussian,0.0,96
binary_base,chunk_7,76,wt_mean,0.00227304690633895,96
binary_base,chunk_7,77,GR,5.4373800332347555,96
binary_base,chunk_7,77,IPC,6.783089117951996,96
binary_base,chunk_7,77,KR,3.354078813145558,96
binary_base,chunk_7,77,MC,3.8721531592309475,96
binary_base,chunk_7,77,cosine_similarity,0.9999998509883881,96
binary_base,chunk_7,77,kl_to_gaussian,0.0,96
binary_base,chunk_7,77,wt_mean,0.00227304690633895,96
binary_base,chunk_7,78,GR,4.550844827045997,96
binary_base,chunk_7,78,IPC,7.274962282025844,96
binary_base,chunk_7,78,KR,2.683978859335184,96
binary_base,chunk_7,78,MC,3.8789447384576,96
binary_base,chunk_7,78,cosine_similarity,0.9999998509883881,96
binary_base,chunk_7,78,kl_to_gaussian,0.0,96
binary_base,chunk_7,78,wt_mean,0.00227304690633895,96
binary_base,chunk_7,79,GR,4.960212425639232,96
binary_base,chunk_7,79,IPC,7.128128351183608,96
binary_base,chunk_7,79,KR,3.027379193653663,96
binary_base,chunk_7,79,MC,3.9535233875115714,96
binary_base,chunk_7,79,cosine_similarity,0.9999998509883881,96
binary_base,chunk_7,79,kl_to_gaussian,0.0,96
binary_base,chunk_7,79,wt_mean,0.00227304690633895,96
binary_base,chunk_8,80,GR,4.897040903568268,96
binary_base,chunk_8,80,IPC,7.12436077934668,96
binary_base,chunk_8,80,KR,3.0300455962618194,96
binary_base,chunk_8,80,MC,4.217250180741151,96
binary_base,chunk_8,80,cosine_similarity,0.9999998509883881,96
binary_base,chunk_8,80,kl_to_gaussian,0.0,96
binary_base,chunk_8,80,wt_mean,0.00227304690633895,96
binary_base,chunk_8,81,GR,5.796749830245972,96
binary_base,chunk_8,81,IPC,6.110488000452752,96
binary_base,chunk_8,81,KR,3.497632676114639,96
binary_base,chunk_8,81,MC,3.564427616695563,96
binary_base,chunk_8,81,cosine_similarity,0.9999998509883881,96
binary_base,chunk_8,81,kl_to_gaussian,0.0,96
binary_base,chunk_8,81,wt_mean,0.00227304690633895,96
binary_base,chunk_8,82,GR,5.357954916854699,96
binary_base,chunk_8,82,IPC,6.26706741859174,96
binary_base,chunk_8,82,KR,3.3266725167632103,96
binary_base,chunk_8,82,MC,3.7563018364210925,96
binary_base,chunk_8,82,cosine_similarity,0.9999998509883881,96
binary_base,chunk_8,82,kl_to_gaussian,0.0,96
binary_base,chunk_8,82,wt_mean,0.00227304690633895,96
binary_base,chunk_8,83,GR,4.933946441859007,96
binary_base,chunk_8,83,IPC,6.25639939320062,96
binary_base,chunk_8,83,KR,2.9427316722770533,96
binary_base,chunk_8,83,MC,3.571178499609232,96
binary_base,chunk_8,83,cosine_similarity,0.9999998509883881,96
binary_base,chunk_8,83,kl_to_gaussian,0.0,96
binary_base,chunk_8,83,wt_mean,0.00227304690633895,96
binary_base,chunk_8,84,GR,4.3634312103192014,96
binary_base,chunk_8,84,IPC,7.28003848290992,96
binary_base,chunk_8,84,KR,2.671427929153045,96
binary_base,chunk_8,84,MC,4.067419032255809,96
binary_base,chunk_8,84,cosine_similarity,0.9999998509883881,96
binary_base,chunk_8,84,kl_to_gaussian,0.0,96
binary_base,chunk_8,84,wt_mean,0.00227304690633895,96
binary_base,chunk_8,85,GR,4.537927974015474,96
binary_base,chunk_8,85,IPC,6.780967285120404,96
binary_base,chunk_8,85,KR,2.7457835959891477,96
binary_base,chunk_8,85,MC,3.764170124505957,96
binary_base,chunk_8,85,cosine_similarity,0.9999998509883881,96
binary_base,chunk_8,85,kl_to_gaussian,0.0,96
binary_base,chunk_8,85,wt_mean,0.00227304690633895,96
binary_base,chunk_8,86,GR,4.364316524316867,96
binary_base,chunk_8,86,IPC,6.648562513034265,96
binary_base,chunk_8,86,KR,2.742494991670052,96
binary_base,chunk_8,86,MC,3.9781511103113494,96
binary_base,chunk_8,86,cosine_similarity,0.9999998509883881,96
binary_base,chunk_8,86,kl_to_gaussian,0.0,96
binary_base,chunk_8,86,wt_mean,0.00227304690633895,96
binary_base,chunk_8,87,GR,4.533340526123841,96
binary_base,chunk_8,87,IPC,6.891891955019848,96
binary_base,chunk_8,87,KR,2.739213897536198,96
binary_base,chunk_8,87,MC,3.6609684005379677,96
binary_base,chunk_8,87,cosine_similarity,0.9999998509883881,96
binary_base,chunk_8,87,kl_to_gaussian,0.0,96
binary_base,chunk_8,87,wt_mean,0.00227304690633895,96
binary_base,chunk_8,88,GR,5.124513986210029,96
binary_base,chunk_8,88,IPC,6.8283070640958,96
binary_base,chunk_8,88,KR,3.0460450500249863,96
binary_base,chunk_8,88,MC,3.8481797178586326,96
binary_base,chunk_8,88,cosine_similarity,0.9999998509883881,96
binary_base,chunk_8,88,kl_to_gaussian,0.0,96
binary_base,chunk_8,88,wt_mean,0.00227304690633895,96
binary_base,chunk_8,89,GR,5.1210113900403185,96
binary_base,chunk_8,89,IPC,6.468502287671492,96
binary_base,chunk_8,89,KR,3.2352333006759486,96
binary_base,chunk_8,89,MC,3.9254491155346236,96
binary_base,chunk_8,89,cosine_similarity,0.9999998509883881,96
binary_base,chunk_8,89,kl_to_gaussian,0.0,96
binary_base,chunk_8,89,wt_mean,0.00227304690633895,96
binary_base,chunk_9,90,GR,6.775384822239478,96
binary_base,chunk_9,90,IPC,6.5255245043803285,96
binary_base,chunk_9,90,KR,3.9138327427208424,96
binary_base,chunk_9,90,MC,3.7856636258463063,96
binary_base,chunk_9,90,cosine_similarity,0.9999998509883881,96
binary_base,chunk_9,90,kl_to_gaussian,0.0,96
binary_base,chunk_9,90,wt_mean,0.00227304690633895,96
binary_base,chunk_9,91,GR,4.798125233501196,96
binary_base,chunk_9,91,IPC,6.452094778070233,96
binary_base,chunk_9,91,KR,2.8978992303212485,96
binary_base,chunk_9,91,MC,3.481017271677653,96
binary_base,chunk_9,91,cosine_similarity,0.9999998509883881,96
binary_base,chunk_9,91,kl_to_gaussian,0.0,96
binary_base,chunk_9,91,wt_mean,0.00227304690633895,96
binary_base,chunk_9,92,GR,4.4161167331039906,96
binary_base,chunk_9,92,IPC,6.962581803703152,96
binary_base,chunk_9,92,KR,2.797934294988712,96
binary_base,chunk_9,92,MC,3.734167708704869,96
binary_base,chunk_9,92,cosine_similarity,0.9999998509883881,96
binary_base,chunk_9,92,kl_to_gaussian,0.0,96
binary_base,chunk_9,92,wt_mean,0.00227304690633895,96
binary_base,chunk_9,93,GR,5.252500131726265,96
binary_base,chunk_9,93,IPC,6.791833587701759,96
binary_base,chunk_9,93,KR,3.2540438870588937,96
binary_base,chunk_9,93,MC,4.057074291010697,96
binary_base,chunk_9,93,cosine_similarity,0.9999998509883881,96
binary_base,chunk_9,93,kl_to_gaussian,0.0,96
binary_base,chunk_9,93,wt_mean,0.00227304690633895,96
binary_base,chunk_9,94,GR,5.494353697945674,96
binary_base,chunk_9,94,IPC,6.790588511590954,96
binary_base,chunk_9,94,KR,3.3723909507195153,96
binary_base,chunk_9,94,MC,3.8089591215054193,96
binary_base,chunk_9,94,cosine_similarity,0.9999998509883881,96
binary_base,chunk_9,94,kl_to_gaussian,0.0,96
binary_base,chunk_9,94,wt_mean,0.00227304690633895,96
binary_base,chunk_9,95,GR,4.861510454366605,96
binary_base,chunk_9,95,IPC,6.489142131730033,96
binary_base,chunk_9,95,KR,2.9001996194322905,96
binary_base,chunk_9,95,MC,3.656293706347545,96
binary_base,chunk_9,95,cosine_similarity,0.9999998509883881,96
binary_base,chunk_9,95,kl_to_gaussian,0.0,96
binary_base,chunk_9,95,wt_mean,0.00227304690633895,96
binary_base,chunk_9,96,GR,5.194589529186487,96
binary_base,chunk_9,96,IPC,6.499438404899035,96
binary_base,chunk_9,96,KR,3.114860308667024,96
binary_base,chunk_9,96,MC,3.619005543490251,96
binary_base,chunk_9,96,cosine_similarity,0.9999998509883881,96
binary_base,chunk_9,96,kl_to_gaussian,0.0,96
binary_base,chunk_9,96,wt_mean,0.00227304690633895,96
binary_base,chunk_9,97,GR,5.352980765203635,96
binary_base,chunk_9,97,IPC,6.616122058219269,96
binary_base,chunk_9,97,KR,3.271047710130612,96
binary_base,chunk_9,97,MC,3.676945305118958,96
binary_base,chunk_9,97,cosine_similarity,0.9999998509883881,96
binary_base,chunk_9,97,kl_to_gaussian,0.0,96
binary_base,chunk_9,97,wt_mean,0.00227304690633895,96
binary_base,chunk_9,98,GR,5.019698386391004,96
binary_base,chunk_9,98,IPC,6.840378596452024,96
binary_base,chunk_9,98,KR,3.0967300857106843,96
binary_base,chunk_9,98,MC,3.95775356143713,96
binary_base,chunk_9,98,cosine_similarity,0.9999998509883881,96
binary_base,chunk_9,98,kl_to_gaussian,0.0,96
binary_base,chunk_9,98,wt_mean,0.00227304690633895,96
binary_base,chunk_9,99,GR,5.077501489470403,96
binary_base,chunk_9,99,IPC,6.732079808620255,96
binary_base,chunk_9,99,KR,3.233220665405194,96
binary_base,chunk_9,99,MC,3.9828107406695685,96
binary_base,chunk_9,99,cosine_similarity,0.9999998509883881,96
binary_base,chunk_9,99,kl_to_gaussian,0.0,96
binary_base,chunk_9,99,wt_mean,0.00227304690633895,96
binary_base_topology_shuffle,chunk_0,0,GR,4.770871348679066,96
binary_base_topology_shuffle,chunk_0,0,IPC,7.009544758750497,96
binary_base_topology_shuffle,chunk_0,0,KR,2.8926127701997757,96
binary_base_topology_shuffle,chunk_0,0,MC,3.871975882599751,96
binary_base_topology_shuffle,chunk_0,0,cosine_similarity,0.05299666896462438,96
binary_base_topology_shuffle,chunk_0,0,kl_to_gaussian,0.0,96
binary_base_topology_shuffle,chunk_0,0,wt_mean,0.002244867268018375,96
binary_base_topology_shuffle,chunk_0,1,GR,4.152546466638644,96
binary_base_topology_shuffle,chunk_0,1,IPC,7.0284044706262065,96
binary_base_topology_shuffle,chunk_0,1,KR,2.519376097867886,96
binary_base_topology_shuffle,chunk_0,1,MC,3.6518494772414365,96
binary_base_topology_shuffle,chunk_0,1,cosine_similarity,0.04994451254606239,96
binary_base_topology_shuffle,chunk_0,1,kl_to_gaussian,0.0,96
binary_base_topology_shuffle,chunk_0,1,wt_mean,0.0022538774355779748,96
binary_base_topology_shuffle,chunk_0,2,GR,4.551752846688032,96
binary_base_topology_shuffle,chunk_0,2,IPC,6.990801071007024,96
binary_base_topology_shuffle,chunk_0,2,KR,2.76209269836545,96
binary_base_topology_shuffle,chunk_0,2,MC,3.9420597491165004,96
binary_base_topology_shuffle,chunk_0,2,cosine_similarity,0.05160931032150982,96
binary_base_topology_shuffle,chunk_0,2,kl_to_gaussian,0.0,96
binary_base_topology_shuffle,chunk_0,2,wt_mean,0.002253213489893775,96
binary_base_topology_shuffle,chunk_0,3,GR,4.568351379285256,96
binary_base_topology_shuffle,chunk_0,3,IPC,7.077473187701165,96
binary_base_topology_shuffle,chunk_0,3,KR,2.7307685328026614,96
binary_base_topology_shuffle,chunk_0,3,MC,3.918700153628985,96
binary_base_topology_shuffle,chunk_0,3,cosine_similarity,0.05133185442537063,96
binary_base_topology_shuffle,chunk_0,3,kl_to_gaussian,0.0,96
binary_base_topology_shuffle,chunk_0,3,wt_mean,0.002243242925032925,96
binary_base_topology_shuffle,chunk_0,4,GR,4.3929674451549845,96
binary_base_topology_shuffle,chunk_0,4,IPC,6.755464738994374,96
binary_base_topology_shuffle,chunk_0,4,KR,2.676383097966512,96
binary_base_topology_shuffle,chunk_0,4,MC,3.638157813499371,96
binary_base_topology_shuffle,chunk_0,4,cosine_similarity,0.053829082287847975,96
binary_base_topology_shuffle,chunk_0,4,kl_to_gaussian,0.0,96
binary_base_topology_shuffle,chunk_0,4,wt_mean,0.002242363552795675,96
binary_base_topology_shuffle,chunk_0,5,GR,4.099002429594596,96
binary_base_topology_shuffle,chunk_0,5,IPC,7.062135702634351,96
binary_base_topology_shuffle,chunk_0,5,KR,2.616292003542185,96
binary_base_topology_shuffle,chunk_0,5,MC,3.9235798145333924,96
binary_base_topology_shuffle,chunk_0,5,cosine_similarity,0.04772476013749832,96
binary_base_topology_shuffle,chunk_0,5,kl_to_gaussian,0.0,96
binary_base_topology_shuffle,chunk_0,5,wt_mean,0.0022610820597037252,96
binary_base_topology_shuffle,chunk_0,6,GR,4.407589218268792,96
binary_base_topology_shuffle,chunk_0,6,IPC,6.859148091605115,96
binary_base_topology_shuffle,chunk_0,6,KR,2.7423318326473236,96
binary_base_topology_shuffle,chunk_0,6,MC,3.7253561491767564,96
binary_base_topology_shuffle,chunk_0,6,cosine_similarity,0.049389563500881146,96
binary_base_topology_shuffle,chunk_0,6,kl_to_gaussian,0.0,96
binary_base_topology_shuffle,chunk_0,6,wt_mean,0.0022378755093086,96
binary_base_topology_shuffle,chunk_0,7,GR,4.88010535761714,96
binary_base_topology_shuffle,chunk_0,7,IPC,7.184208555587143,96
binary_base_topology_shuffle,chunk_0,7,KR,2.8665859661996365,96
binary_base_topology_shuffle,chunk_0,7,MC,3.802157372236252,96
binary_base_topology_shuffle,chunk_0,7,cosine_similarity,0.04744727723300455,96
binary_base_topology_shuffle,chunk_0,7,kl_to_gaussian,0.0,96
binary_base_topology_shuffle,chunk_0,7,wt_mean,0.002266430499730575,96
binary_base_topology_shuffle,chunk_0,8,GR,4.158168725669384,96
binary_base_topology_shuffle,chunk_0,8,IPC,6.814896207479934,96
binary_base_topology_shuffle,chunk_0,8,KR,2.541091745098432,96
binary_base_topology_shuffle,chunk_0,8,MC,3.667366807659467,96
binary_base_topology_shuffle,chunk_0,8,cosine_similarity,0.049389576539397205,96
binary_base_topology_shuffle,chunk_0,8,kl_to_gaussian,0.0,96
binary_base_topology_shuffle,chunk_0,8,wt_mean,0.002263005881104575,96
binary_base_topology_shuffle,chunk_0,9,GR,4.1016883216798306,96
binary_base_topology_shuffle,chunk_0,9,IPC,6.980790297764146,96
binary_base_topology_shuffle,chunk_0,9,KR,2.502768206099669,96
binary_base_topology_shuffle,chunk_0,9,MC,3.5546067555745444,96
binary_base_topology_shuffle,chunk_0,9,cosine_similarity,0.050221977755427354,96
binary_base_topology_shuffle,chunk_0,9,kl_to_gaussian,0.0,96
binary_base_topology_shuffle,chunk_0,9,wt_mean,0.0022171409800648,96
binary_base_topology_shuffle,chunk_1,10,GR,4.22483117878437,96
binary_base_topology_shuffle,chunk_1,10,IPC,7.049984754010175,96
binary_base_topology_shuffle,chunk_1,10,KR,2.5877153389155865,96
binary_base_topology_shuffle,chunk_1,10,MC,3.7571662502984204,96
binary_base_topology_shuffle,chunk_1,10,cosine_similarity,0.05521642696112392,96
binary_base_topology_shuffle,chunk_1,10,kl_to_gaussian,0.0,96
binary_base_topology_shuffle,chunk_1,10,wt_mean,0.002244231844087975,96
binary_base_topology_shuffle,chunk_1,11,GR,4.181067048261563,96
binary_base_topology_shuffle,chunk_1,11,IPC,7.562198359662901,96
binary_base_topology_shuffle,chunk_1,11,KR,2.644743620107571,96
binary_base_topology_shuffle,chunk_1,11,MC,4.110744779308637,96
binary_base_topology_shuffle,chunk_1,11,cosine_similarity,0.0416204202920198,96
binary_base_topology_shuffle,chunk_1,11,kl_to_gaussian,0.0,96
binary_base_topology_shuffle,chunk_1,11,wt_mean,0.002270639583002725,96
binary_base_topology_shuffle,chunk_1,12,GR,5.4322368912398815,96
binary_base_topology_shuffle,chunk_1,12,IPC,6.6549538095576795,96
binary_base_topology_shuffle,chunk_1,12,KR,3.2387849713365235,96
binary_base_topology_shuffle,chunk_1,12,MC,3.543715041130781,96
binary_base_topology_shuffle,chunk_1,12,cosine_similarity,0.052164266817271626,96
binary_base_topology_shuffle,chunk_1,12,kl_to_gaussian,0.0,96
binary_base_topology_shuffle,chunk_1,12,wt_mean,0.002218843379523575,96
binary_base_topology_shuffle,chunk_1,13,GR,5.271613052735726,96
binary_base_topology_shuffle,chunk_1,13,IPC,6.739134803412351,96
binary_base_topology_shuffle,chunk_1,13,KR,3.2168656066060066,96
binary_base_topology_shuffle,chunk_1,13,MC,3.821462651093801,96
binary_base_topology_shuffle,chunk_1,13,cosine_similarity,0.05271921027451748,96
binary_base_topology_shuffle,chunk_1,13,kl_to_gaussian,0.0,96
binary_base_topology_shuffle,chunk_1,13,wt_mean,0.002229061239631825,96
binary_base_topology_shuffle,chunk_1,14,GR,4.2306521981954575,96
binary_base_topology_shuffle,chunk_1,14,IPC,6.638379092865061,96
binary_base_topology_shuffle,chunk_1,14,KR,2.6536411506434283,96
binary_base_topology_shuffle,chunk_1,14,MC,3.65440330033501,96
binary_base_topology_shuffle,chunk_1,14,cosine_similarity,0.04938957002013914,96
binary_base_topology_shuffle,chunk_1,14,kl_to_gaussian,0.0,96
binary_base_topology_shuffle,chunk_1,14,wt_mean,0.002216284541645975,96
binary_base_topology_shuffle,chunk_1,15,GR,4.1652742102742195,96
binary_base_topology_shuffle,chunk_1,15,IPC,6.984309415056359,96
binary_base_topology_shuffle,chunk_1,15,KR,2.603091904272636,96
binary_base_topology_shuffle,chunk_1,15,MC,3.8369785882532597,96
binary_base_topology_shuffle,chunk_1,15,cosine_similarity,0.061043292284011806,96
binary_base_topology_shuffle,chunk_1,15,kl_to_gaussian,0.0,96
binary_base_topology_shuffle,chunk_1,15,wt_mean,0.0022231214970815497,96
binary_base_topology_shuffle,chunk_1,16,GR,5.758900026480357,96
binary_base_topology_shuffle,chunk_1,16,IPC,6.646749595049009,96
binary_base_topology_shuffle,chunk_1,16,KR,3.4568626979986825,96
binary_base_topology_shuffle,chunk_1,16,MC,3.784437458962202,96
binary_base_topology_shuffle,chunk_1,16,cosine_similarity,0.048279694281518425,96
binary_base_topology_shuffle,chunk_1,16,kl_to_gaussian,0.0,96
binary_base_topology_shuffle,chunk_1,16,wt_mean,0.002253397658932925,96
binary_base_topology_shuffle,chunk_1,17,GR,4.511677227914333,96
binary_base_topology_shuffle,chunk_1,17,IPC,6.782664911931541,96
binary_base_topology_shuffle,chunk_1,17,KR,2.7682338493565717,96
binary_base_topology_shuffle,chunk_1,17,MC,3.5081732124090195,96
binary_base_topology_shuffle,chunk_1,17,cosine_similarity,0.0496670268476009,96
binary_base_topology_shuffle,chunk_1,17,kl_to_gaussian,0.0,96
binary_base_topology_shuffle,chunk_1,17,wt_mean,0.0022513568110297997,96
binary_base_topology_shuffle,chunk_1,18,GR,5.306920918325583,96
binary_base_topology_shuffle,chunk_1,18,IPC,6.988798813139888,96
binary_base_topology_shuffle,chunk_1,18,KR,3.2148335836827755,96
binary_base_topology_shuffle,chunk_1,18,MC,3.807165668656429,96
binary_base_topology_shuffle,chunk_1,18,cosine_similarity,0.05299666896462438,96
binary_base_topology_shuffle,chunk_1,18,kl_to_gaussian,0.0,96
binary_base_topology_shuffle,chunk_1,18,wt_mean,0.002248063974548075,96
binary_base_topology_shuffle,chunk_1,19,GR,5.0688450410962105,96
binary_base_topology_shuffle,chunk_1,19,IPC,6.9945681347672926,96
binary_base_topology_shuffle,chunk_1,19,KR,3.09350964675347,96
binary_base_topology_shuffle,chunk_1,19,MC,3.83055205270648,96
binary_base_topology_shuffle,chunk_1,19,cosine_similarity,0.05049944389611477,96
binary_base_topology_shuffle,chunk_1,19,kl_to_gaussian,0.0,96
binary_base_topology_shuffle,chunk_1,19,wt_mean,0.00225790860713455,96
binary_base_topology_shuffle,chunk_10,100,GR,5.076240811496973,96
binary_base_topology_shuffle,chunk_10,100,IPC,6.460638747140586,96
binary_base_topology_shuffle,chunk_10,100,KR,3.074769670764605,96
binary_base_topology_shuffle,chunk_10,100,MC,3.657157709201177,96
binary_base_topology_shuffle,chunk_10,100,cosine_similarity,0.04273030068725343,96
binary_base_topology_shuffle,chunk_10,100,kl_to_gaussian,0.0,96
binary_base_topology_shuffle,chunk_10,100,wt_mean,0.002249629702419,96
binary_base_topology_shuffle,chunk_10,101,GR,5.113878736893336,96
binary_base_topology_shuffle,chunk_10,101,IPC,6.074769738310889,96
binary_base_topology_shuffle,chunk_10,101,KR,3.197459558645884,96
binary_base_topology_shuffle,chunk_10,101,MC,3.6587908503909907,96
binary_base_topology_shuffle,chunk_10,101,cosine_similarity,0.048834623768925646,96
binary_base_topology_shuffle,chunk_10,101,kl_to_gaussian,0.0,96
binary_base_topology_shuffle,chunk_10,101,wt_mean,0.002272515092045025,96
binary_base_topology_shuffle,chunk_10,102,GR,5.190896215538184,96
binary_base_topology_shuffle,chunk_10,102,IPC,6.018350286873233,96
binary_base_topology_shuffle,chunk_10,102,KR,3.251468683282534,96
binary_base_topology_shuffle,chunk_10,102,MC,3.4028913925091424,96
binary_base_topology_shuffle,chunk_10,102,cosine_similarity,0.0524417348206043,96
binary_base_topology_shuffle,chunk_10,102,kl_to_gaussian,0.0,96
binary_base_topology_shuffle,chunk_10,102,wt_mean,0.002251364261610375,96
binary_base_topology_shuffle,chunk_10,103,GR,5.2604244612157345,96
binary_base_topology_shuffle,chunk_10,103,IPC,6.199790576327817,96
binary_base_topology_shuffle,chunk_10,103,KR,3.2667243468264737,96
binary_base_topology_shuffle,chunk_10,103,MC,3.6196346866587796,96
binary_base_topology_shuffle,chunk_10,103,cosine_similarity,0.04883461911231277,96
binary_base_topology_shuffle,chunk_10,103,kl_to_gaussian,0.0,96
binary_base_topology_shuffle,chunk_10,103,wt_mean,0.002242635964648725,96
binary_base_topology_shuffle,chunk_10,104,GR,4.922771513462067,96
binary_base_topology_shuffle,chunk_10,104,IPC,6.308547215872561,96
binary_base_topology_shuffle,chunk_10,104,KR,2.9610008584956327,96
binary_base_topology_shuffle,chunk_10,104,MC,3.5690986874202886,96
binary_base_topology_shuffle,chunk_10,104,cosine_similarity,0.04938956815749398,96
binary_base_topology_shuffle,chunk_10,104,kl_to_gaussian,0.0,96
binary_base_topology_shuffle,chunk_10,104,wt_mean,0.002237751410575525,96
binary_base_topology_shuffle,chunk_10,105,GR,4.719963365544875,96
binary_base_topology_shuffle,chunk_10,105,IPC,6.280292443510908,96
binary_base_topology_shuffle,chunk_10,105,KR,2.908646081884702,96
binary_base_topology_shuffle,chunk_10,105,MC,3.6004299856722355,96
binary_base_topology_shuffle,chunk_10,105,cosine_similarity,0.04938955791294573,96
binary_base_topology_shuffle,chunk_10,105,kl_to_gaussian,0.0,96
binary_base_topology_shuffle,chunk_10,105,wt_mean,0.0022676525986753,96
binary_base_topology_shuffle,chunk_10,106,GR,4.327962441990773,96
binary_base_topology_shuffle,chunk_10,106,IPC,6.450765047112955,96
binary_base_topology_shuffle,chunk_10,106,KR,2.7628565654158592,96
binary_base_topology_shuffle,chunk_10,106,MC,3.4558249662319818,96
binary_base_topology_shuffle,chunk_10,106,cosine_similarity,0.0499444976449012,96
binary_base_topology_shuffle,chunk_10,106,kl_to_gaussian,0.0,96
binary_base_topology_shuffle,chunk_10,106,wt_mean,0.00225089868763455,96
binary_base_topology_shuffle,chunk_10,107,GR,5.361384369432926,96
binary_base_topology_shuffle,chunk_10,107,IPC,5.89387740778614,96
binary_base_topology_shuffle,chunk_10,107,KR,3.3257328756153584,96
binary_base_topology_shuffle,chunk_10,107,MC,3.585486203432083,96
binary_base_topology_shuffle,chunk_10,107,cosine_similarity,0.052719204686582026,96
binary_base_topology_shuffle,chunk_10,107,kl_to_gaussian,0.0,96
binary_base_topology_shuffle,chunk_10,107,wt_mean,0.00224147186963815,96
binary_base_topology_shuffle,chunk_10,108,GR,4.1146739684045315,96
binary_base_topology_shuffle,chunk_10,108,IPC,6.986863950951815,96
binary_base_topology_shuffle,chunk_10,108,KR,2.583951378862063,96
binary_base_topology_shuffle,chunk_10,108,MC,4.035385290781657,96
binary_base_topology_shuffle,chunk_10,108,cosine_similarity,0.048557171598076744,96
binary_base_topology_shuffle,chunk_10,108,kl_to_gaussian,0.0,96
binary_base_topology_shuffle,chunk_10,108,wt_mean,0.00224930208059955,96
binary_base_topology_shuffle,chunk_10,109,GR,4.511966736366351,96
binary_base_topology_shuffle,chunk_10,109,IPC,6.77167020638417,96
binary_base_topology_shuffle,chunk_10,109,KR,2.7722913126150766,96
binary_base_topology_shuffle,chunk_10,109,MC,3.671178334703048,96
binary_base_topology_shuffle,chunk_10,109,cosine_similarity,0.042452837340533726,96
binary_base_topology_shuffle,chunk_10,109,kl_to_gaussian,0.0,96
binary_base_topology_shuffle,chunk_10,109,wt_mean,0.0022484417422674,96
binary_base_topology_shuffle,chunk_11,110,GR,4.386485259979963,96
binary_base_topology_shuffle,chunk_11,110,IPC,6.476260454966411,96
binary_base_topology_shuffle,chunk_11,110,KR,2.7183009907603264,96
binary_base_topology_shuffle,chunk_11,110,MC,3.709830983231465,96
binary_base_topology_shuffle,chunk_11,110,cosine_similarity,0.05216426774859423,96
binary_base_topology_shuffle,chunk_11,110,kl_to_gaussian,0.0,96
binary_base_topology_shuffle,chunk_11,110,wt_mean,0.00223923227167685,96
binary_base_topology_shuffle,chunk_11,111,GR,4.5623347821335,96
binary_base_topology_shuffle,chunk_11,111,IPC,6.7684088790058015,96
binary_base_topology_shuffle,chunk_11,111,KR,2.8642041136821113,96
binary_base_topology_shuffle,chunk_11,111,MC,3.777511683603128,96
binary_base_topology_shuffle,chunk_11,111,cosine_similarity,0.054661475121974896,96
binary_base_topology_shuffle,chunk_11,111,kl_to_gaussian,0.0,96
binary_base_topology_shuffle,chunk_11,111,wt_mean,0.0022595246846321498,96
binary_base_topology_shuffle,chunk_11,112,GR,5.171439902236064,96
binary_base_topology_shuffle,chunk_11,112,IPC,6.527094365720717,96
binary_base_topology_shuffle,chunk_11,112,KR,3.130519171555837,96
binary_base_topology_shuffle,chunk_11,112,MC,3.741292905062437,96
binary_base_topology_shuffle,chunk_11,112,cosine_similarity,0.0493895625695586,96
binary_base_topology_shuffle,chunk_11,112,kl_to_gaussian,0.0,96
binary_base_topology_shuffle,chunk_11,112,wt_mean,0.0022462289198301503,96
binary_base_topology_shuffle,chunk_11,113,GR,4.0839224470158415,96
binary_base_topology_shuffle,chunk_11,113,IPC,6.509895667351748,96
binary_base_topology_shuffle,chunk_11,113,KR,2.5262892059981823,96
binary_base_topology_shuffle,chunk_11,113,MC,3.4780926890671253,96
binary_base_topology_shuffle,chunk_11,113,cosine_similarity,0.04716981388628475,96
binary_base_topology_shuffle,chunk_11,113,kl_to_gaussian,0.0,96
binary_base_topology_shuffle,chunk_11,113,wt_mean,0.0022213540214579,96
binary_base_topology_shuffle,chunk_11,114,GR,4.0698171854019165,96
binary_base_topology_shuffle,chunk_11,114,IPC,6.7261279575386945,96
binary_base_topology_shuffle,chunk_11,114,KR,2.5150997042655945,96
binary_base_topology_shuffle,chunk_11,114,MC,3.5662559581299624,96
binary_base_topology_shuffle,chunk_11,114,cosine_similarity,0.04827968962490555,96
binary_base_topology_shuffle,chunk_11,114,kl_to_gaussian,0.0,96
binary_base_topology_shuffle,chunk_11,114,wt_mean,0.0022484268993139002,96
binary_base_topology_shuffle,chunk_11,115,GR,5.242171221723159,96
binary_base_topology_shuffle,chunk_11,115,IPC,6.056937078362032,96
binary_base_topology_shuffle,chunk_11,115,KR,3.219035046796004,96
binary_base_topology_shuffle,chunk_11,115,MC,3.592401508241892,96
binary_base_topology_shuffle,chunk_11,115,cosine_similarity,0.05299667175859207,96
binary_base_topology_shuffle,chunk_11,115,kl_to_gaussian,0.0,96
binary_base_topology_shuffle,chunk_11,115,wt_mean,0.0022536668402608003,96
binary_base_topology_shuffle,chunk_11,116,GR,4.679017040878534,96
binary_base_topology_shuffle,chunk_11,116,IPC,6.415060239773303,96
binary_base_topology_shuffle,chunk_11,116,KR,2.9449949376285076,96
binary_base_topology_shuffle,chunk_11,116,MC,3.605382946630319,96
binary_base_topology_shuffle,chunk_11,116,cosine_similarity,0.052996676415204974,96
binary_base_topology_shuffle,chunk_11,116,kl_to_gaussian,0.0,96
binary_base_topology_shuffle,chunk_11,116,wt_mean,0.0022360972652677,96
binary_base_topology_shuffle,chunk_11,117,GR,4.672513818989198,96
binary_base_topology_shuffle,chunk_11,117,IPC,6.717657649883454,96
binary_base_topology_shuffle,chunk_11,117,KR,2.8517189708848796,96
binary_base_topology_shuffle,chunk_11,117,MC,3.841065473854542,96
binary_base_topology_shuffle,chunk_11,117,cosine_similarity,0.04883463121950624,96
binary_base_topology_shuffle,chunk_11,117,kl_to_gaussian,0.0,96
binary_base_topology_shuffle,chunk_11,117,wt_mean,0.00221932536805975,96
binary_base_topology_shuffle,chunk_11,118,GR,4.192052520811558,96
binary_base_topology_shuffle,chunk_11,118,IPC,6.232755360753642,96
binary_base_topology_shuffle,chunk_11,118,KR,2.625778983036677,96
binary_base_topology_shuffle,chunk_11,118,MC,3.5808934420347214,96
binary_base_topology_shuffle,chunk_11,118,cosine_similarity,0.051331849768757744,96
binary_base_topology_shuffle,chunk_11,118,kl_to_gaussian,0.0,96
binary_base_topology_shuffle,chunk_11,118,wt_mean,0.002272094396175775,96
binary_base_topology_shuffle,chunk_11,119,GR,4.716603487730026,96
binary_base_topology_shuffle,chunk_11,119,IPC,6.962647488056459,96
binary_base_topology_shuffle,chunk_11,119,KR,2.897239572058121,96
binary_base_topology_shuffle,chunk_11,119,MC,3.745651453733444,96
binary_base_topology_shuffle,chunk_11,119,cosine_similarity,0.051054385490715476,96
binary_base_topology_shuffle,chunk_11,119,kl_to_gaussian,0.0,96
binary_base_topology_shuffle,chunk_11,119,wt_mean,0.002269394375616625,96
binary_base_topology_shuffle,chunk_12,120,GR,4.027385467042525,96
binary_base_topology_shuffle,chunk_12,120,IPC,6.537693002580663,96
binary_base_topology_shuffle,chunk_12,120,KR,2.530726739515861,96
binary_base_topology_shuffle,chunk_12,120,MC,3.4602288715541363,96
binary_base_topology_shuffle,chunk_12,120,cosine_similarity,0.043840182013809674,96
binary_base_topology_shuffle,chunk_12,120,kl_to_gaussian,0.0,96
binary_base_topology_shuffle,chunk_12,120,wt_mean,0.002256222360301725,96
binary_base_topology_shuffle,chunk_12,121,GR,5.332821021477382,96
binary_base_topology_shuffle,chunk_12,121,IPC,6.1930865220598506,96
binary_base_topology_shuffle,chunk_12,121,KR,3.2215565467874208,96
binary_base_topology_shuffle,chunk_12,121,MC,3.317796867340803,96
binary_base_topology_shuffle,chunk_12,121,cosine_similarity,0.0477247536182403,96
binary_base_topology_shuffle,chunk_12,121,kl_to_gaussian,0.0,96
binary_base_topology_shuffle,chunk_12,121,wt_mean,0.0022569807770195997,96
binary_base_topology_shuffle,chunk_12,122,GR,4.009794220328331,96
binary_base_topology_shuffle,chunk_12,122,IPC,6.775177959195772,96
binary_base_topology_shuffle,chunk_12,122,KR,2.492272033045689,96
binary_base_topology_shuffle,chunk_12,122,MC,3.75824007516106,96
binary_base_topology_shuffle,chunk_12,122,cosine_similarity,0.05022197868674993,96
binary_base_topology_shuffle,chunk_12,122,kl_to_gaussian,0.0,96
binary_base_topology_shuffle,chunk_12,122,wt_mean,0.0022317546245176003,96
binary_base_topology_shuffle,chunk_12,123,GR,4.131659210970004,96
binary_base_topology_shuffle,chunk_12,123,IPC,6.765595786737678,96
binary_base_topology_shuffle,chunk_12,123,KR,2.5834306043883166,96
binary_base_topology_shuffle,chunk_12,123,MC,3.9178490514556565,96
binary_base_topology_shuffle,chunk_12,123,cosine_similarity,0.0460599437355995,96
binary_base_topology_shuffle,chunk_12,123,kl_to_gaussian,0.0,96
binary_base_topology_shuffle,chunk_12,123,wt_mean,0.00226924559683535,96
binary_base_topology_shuffle,chunk_12,124,GR,4.280133909235398,96
binary_base_topology_shuffle,chunk_12,124,IPC,6.644171648627548,96
binary_base_topology_shuffle,chunk_12,124,KR,2.675044866899649,96
binary_base_topology_shuffle,chunk_12,124,MC,3.7136112190783024,96
binary_base_topology_shuffle,chunk_12,124,cosine_similarity,0.049389571882784304,96
binary_base_topology_shuffle,chunk_12,124,kl_to_gaussian,0.0,96
binary_base_topology_shuffle,chunk_12,124,wt_mean,0.002229004574473875,96
binary_base_topology_shuffle,chunk_12,125,GR,4.324477693686883,96
binary_base_topology_shuffle,chunk_12,125,IPC,6.609839019606114,96
binary_base_topology_shuffle,chunk_12,125,KR,2.7179080645243325,96
binary_base_topology_shuffle,chunk_12,125,MC,3.775933723896742,96
binary_base_topology_shuffle,chunk_12,125,cosine_similarity,0.0485571473836898,96
binary_base_topology_shuffle,chunk_12,125,kl_to_gaussian,0.0,96
binary_base_topology_shuffle,chunk_12,125,wt_mean,0.002249034820124475,96
binary_base_topology_shuffle,chunk_12,126,GR,5.138279803097248,96
binary_base_topology_shuffle,chunk_12,126,IPC,6.382544893359779,96
binary_base_topology_shuffle,chunk_12,126,KR,3.0487105809152126,96
binary_base_topology_shuffle,chunk_12,126,MC,3.657658881197373,96
binary_base_topology_shuffle,chunk_12,126,cosine_similarity,0.042175353504717274,96
binary_base_topology_shuffle,chunk_12,126,kl_to_gaussian,0.0,96
binary_base_topology_shuffle,chunk_12,126,wt_mean,0.0022345736215356247,96
binary_base_topology_shuffle,chunk_12,127,GR,4.033464123805364,96
binary_base_topology_shuffle,chunk_12,127,IPC,7.135849277403287,96
binary_base_topology_shuffle,chunk_12,127,KR,2.5199293171366057,96
binary_base_topology_shuffle,chunk_12,127,MC,3.9507507172723613,96
binary_base_topology_shuffle,chunk_12,127,cosine_similarity,0.05049944855272765,96
binary_base_topology_shuffle,chunk_12,127,kl_to_gaussian,0.0,96
binary_base_topology_shuffle,chunk_12,127,wt_mean,0.002220468217274125,96
binary_base_topology_shuffle,chunk_12,128,GR,4.5264222758511705,96
binary_base_topology_shuffle,chunk_12,128,IPC,6.200123203336564,96
binary_base_topology_shuffle,chunk_12,128,KR,2.8998353791733584,96
binary_base_topology_shuffle,chunk_12,128,MC,3.6752231356998286,96
binary_base_topology_shuffle,chunk_12,128,cosine_similarity,0.051609316840767853,96
binary_base_topology_shuffle,chunk_12,128,kl_to_gaussian,0.0,96
binary_base_topology_shuffle,chunk_12,128,wt_mean,0.00221863199840295,96
binary_base_topology_shuffle,chunk_12,129,GR,5.142795033752918,96
binary_base_topology_shuffle,chunk_12,129,IPC,6.275227589061803,96
binary_base_topology_shuffle,chunk_12,129,KR,3.176974999407927,96
binary_base_topology_shuffle,chunk_12,129,MC,3.5571450951198735,96
binary_base_topology_shuffle,chunk_12,129,cosine_similarity,0.045504993759095634,96
binary_base_topology_shuffle,chunk_12,129,kl_to_gaussian,0.0,96
binary_base_topology_shuffle,chunk_12,129,wt_mean,0.002239869878394475,96
binary_base_topology_shuffle,chunk_13,130,GR,4.187253472705682,96
binary_base_topology_shuffle,chunk_13,130,IPC,6.502113930244255,96
binary_base_topology_shuffle,chunk_13,130,KR,2.687576503803333,96
binary_base_topology_shuffle,chunk_13,130,MC,3.7741225697100163,96
binary_base_topology_shuffle,chunk_13,130,cosine_similarity,0.04550499655306336,96
binary_base_topology_shuffle,chunk_13,130,kl_to_gaussian,0.0,96
binary_base_topology_shuffle,chunk_13,130,wt_mean,0.0022214945056475252,96
binary_base_topology_shuffle,chunk_13,131,GR,4.653858982026577,96
binary_base_topology_shuffle,chunk_13,131,IPC,5.958249225877097,96
binary_base_topology_shuffle,chunk_13,131,KR,2.8536141365766525,96
binary_base_topology_shuffle,chunk_13,131,MC,3.3430664030214152,96
binary_base_topology_shuffle,chunk_13,131,cosine_similarity,0.0468923524022102,96
binary_base_topology_shuffle,chunk_13,131,kl_to_gaussian,0.0,96
binary_base_topology_shuffle,chunk_13,131,wt_mean,0.002239109220681675,96
binary_base_topology_shuffle,chunk_13,132,GR,4.745765761782725,96
binary_base_topology_shuffle,chunk_13,132,IPC,6.884855849800041,96
binary_base_topology_shuffle,chunk_13,132,KR,2.8580486103892326,96
binary_base_topology_shuffle,chunk_13,132,MC,3.7873175169030824,96
binary_base_topology_shuffle,chunk_13,132,cosine_similarity,0.051886798813939046,96
binary_base_topology_shuffle,chunk_13,132,kl_to_gaussian,0.0,96
binary_base_topology_shuffle,chunk_13,132,wt_mean,0.002242652466520625,96
binary_base_topology_shuffle,chunk_13,133,GR,4.821535090605418,96
binary_base_topology_shuffle,chunk_13,133,IPC,6.483023169672655,96
binary_base_topology_shuffle,chunk_13,133,KR,3.0127080976963043,96
binary_base_topology_shuffle,chunk_13,133,MC,3.4419445085028806,96
binary_base_topology_shuffle,chunk_13,133,cosine_similarity,0.0521642565727233,96
binary_base_topology_shuffle,chunk_13,133,kl_to_gaussian,0.0,96
binary_base_topology_shuffle,chunk_13,133,wt_mean,0.0022450627875514003,96
binary_base_topology_shuffle,chunk_13,134,GR,5.7621529524525,96
binary_base_topology_shuffle,chunk_13,134,IPC,6.353172223276457,96
binary_base_topology_shuffle,chunk_13,134,KR,3.5733192103604474,96
binary_base_topology_shuffle,chunk_13,134,MC,3.7666709584494433,96
binary_base_topology_shuffle,chunk_13,134,cosine_similarity,0.04855716321617357,96
binary_base_topology_shuffle,chunk_13,134,kl_to_gaussian,0.0,96
binary_base_topology_shuffle,chunk_13,134,wt_mean,0.002251523750601275,96
binary_base_topology_shuffle,chunk_13,135,GR,4.332312393933535,96
binary_base_topology_shuffle,chunk_13,135,IPC,6.714604219132234,96
binary_base_topology_shuffle,chunk_13,135,KR,2.6740973877410092,96
binary_base_topology_shuffle,chunk_13,135,MC,3.6514308924476304,96
binary_base_topology_shuffle,chunk_13,135,cosine_similarity,0.0452275304123759,96
binary_base_topology_shuffle,chunk_13,135,kl_to_gaussian,0.0,96
binary_base_topology_shuffle,chunk_13,135,wt_mean,0.002259572444017925,96
binary_base_topology_shuffle,chunk_13,136,GR,4.081224994113048,96
binary_base_topology_shuffle,chunk_13,136,IPC,6.6141751343087725,96
binary_base_topology_shuffle,chunk_13,136,KR,2.567520972341299,96
binary_base_topology_shuffle,chunk_13,136,MC,3.765167374163866,96
binary_base_topology_shuffle,chunk_13,136,cosine_similarity,0.050776902586221646,96
binary_base_topology_shuffle,chunk_13,136,kl_to_gaussian,0.0,96
binary_base_topology_shuffle,chunk_13,136,wt_mean,0.002243935450678625,96
binary_base_topology_shuffle,chunk_13,137,GR,4.297887197385232,96
binary_base_topology_shuffle,chunk_13,137,IPC,6.821307763142986,96
binary_base_topology_shuffle,chunk_13,137,KR,2.6629269321759543,96
binary_base_topology_shuffle,chunk_13,137,MC,3.7236068956553936,96
binary_base_topology_shuffle,chunk_13,137,cosine_similarity,0.05216425005346532,96
binary_base_topology_shuffle,chunk_13,137,kl_to_gaussian,0.0,96
binary_base_topology_shuffle,chunk_13,137,wt_mean,0.0022743449080734747,96
binary_base_topology_shuffle,chunk_13,138,GR,5.6785752313832445,96
binary_base_topology_shuffle,chunk_13,138,IPC,5.727996219856144,96
binary_base_topology_shuffle,chunk_13,138,KR,3.4332396388053894,96
binary_base_topology_shuffle,chunk_13,138,MC,3.4172449273367724,96
binary_base_topology_shuffle,chunk_13,138,cosine_similarity,0.050776917487382806,96
binary_base_topology_shuffle,chunk_13,138,kl_to_gaussian,0.0,96
binary_base_topology_shuffle,chunk_13,138,wt_mean,0.002237271401099825,96
binary_base_topology_shuffle,chunk_13,139,GR,4.292494411269824,96
binary_base_topology_shuffle,chunk_13,139,IPC,6.691947925332379,96
binary_base_topology_shuffle,chunk_13,139,KR,2.6397954896092415,96
binary_base_topology_shuffle,chunk_13,139,MC,3.676398776471615,96
binary_base_topology_shuffle,chunk_13,139,cosine_similarity,0.052719185128807945,96
binary_base_topology_shuffle,chunk_13,139,kl_to_gaussian,0.0,96
binary_base_topology_shuffle,chunk_13,139,wt_mean,0.002237599226646075,96
binary_base_topology_shuffle,chunk_14,140,GR,4.690156703193982,96
binary_base_topology_shuffle,chunk_14,140,IPC,6.401326014148615,96
binary_base_topology_shuffle,chunk_14,140,KR,2.991661069293817,96
binary_base_topology_shuffle,chunk_14,140,MC,3.76882703602314,96
binary_base_topology_shuffle,chunk_14,140,cosine_similarity,0.053551594726741224,96
binary_base_topology_shuffle,chunk_14,140,kl_to_gaussian,0.0,96
binary_base_topology_shuffle,chunk_14,140,wt_mean,0.0022501827334053498,96
binary_base_topology_shuffle,chunk_14,141,GR,3.966567659129699,96
binary_base_topology_shuffle,chunk_14,141,IPC,6.365150797863748,96
binary_base_topology_shuffle,chunk_14,141,KR,2.4949569491048655,96
binary_base_topology_shuffle,chunk_14,141,MC,3.5686652225752673,96
binary_base_topology_shuffle,chunk_14,141,cosine_similarity,0.05993340071290725,96
binary_base_topology_shuffle,chunk_14,141,kl_to_gaussian,0.0,96
binary_base_topology_shuffle,chunk_14,141,wt_mean,0.002234782092273175,96
binary_base_topology_shuffle,chunk_14,142,GR,4.255479821314414,96
binary_base_topology_shuffle,chunk_14,142,IPC,6.938194840749408,96
binary_base_topology_shuffle,chunk_14,142,KR,2.665310493359963,96
binary_base_topology_shuffle,chunk_14,142,MC,3.7932248413562775,96
binary_base_topology_shuffle,chunk_14,142,cosine_similarity,0.04689233098179097,96
binary_base_topology_shuffle,chunk_14,142,kl_to_gaussian,0.0,96
binary_base_topology_shuffle,chunk_14,142,wt_mean,0.0022302254510577248,96
binary_base_topology_shuffle,chunk_14,143,GR,5.365267363687356,96
binary_base_topology_shuffle,chunk_14,143,IPC,5.963647596760189,96
binary_base_topology_shuffle,chunk_14,143,KR,3.302727305640777,96
binary_base_topology_shuffle,chunk_14,143,MC,3.395334992557764,96
binary_base_topology_shuffle,chunk_14,143,cosine_similarity,0.0529966708272695,96
binary_base_topology_shuffle,chunk_14,143,kl_to_gaussian,0.0,96
binary_base_topology_shuffle,chunk_14,143,wt_mean,0.002240237168734825,96
binary_base_topology_shuffle,chunk_14,144,GR,4.162994589656591,96
binary_base_topology_shuffle,chunk_14,144,IPC,6.321464222645337,96
binary_base_topology_shuffle,chunk_14,144,KR,2.6467637022336326,96
binary_base_topology_shuffle,chunk_14,144,MC,3.597001021107038,96
binary_base_topology_shuffle,chunk_14,144,cosine_similarity,0.04300777148455375,96
binary_base_topology_shuffle,chunk_14,144,kl_to_gaussian,0.0,96
binary_base_topology_shuffle,chunk_14,144,wt_mean,0.0022669870231765746,96
binary_base_topology_shuffle,chunk_14,145,GR,4.69773639117678,96
binary_base_topology_shuffle,chunk_14,145,IPC,6.094635593499407,96
binary_base_topology_shuffle,chunk_14,145,KR,2.941086853543917,96
binary_base_topology_shuffle,chunk_14,145,MC,3.482321826120218,96
binary_base_topology_shuffle,chunk_14,145,cosine_similarity,0.04994451720267528,96
binary_base_topology_shuffle,chunk_14,145,kl_to_gaussian,0.0,96
binary_base_topology_shuffle,chunk_14,145,wt_mean,0.0022424486232921,96
binary_base_topology_shuffle,chunk_14,146,GR,4.324108709891637,96
binary_base_topology_shuffle,chunk_14,146,IPC,6.375587916849425,96
binary_base_topology_shuffle,chunk_14,146,KR,2.677577432245016,96
binary_base_topology_shuffle,chunk_14,146,MC,3.6687315106391907,96
binary_base_topology_shuffle,chunk_14,146,cosine_similarity,0.0449500568211078,96
binary_base_topology_shuffle,chunk_14,146,kl_to_gaussian,0.0,96
binary_base_topology_shuffle,chunk_14,146,wt_mean,0.002287344977958075,96
binary_base_topology_shuffle,chunk_14,147,GR,4.675782684236765,96
binary_base_topology_shuffle,chunk_14,147,IPC,6.697590775013537,96
binary_base_topology_shuffle,chunk_14,147,KR,2.8076609087487063,96
binary_base_topology_shuffle,chunk_14,147,MC,3.6761606385310492,96
binary_base_topology_shuffle,chunk_14,147,cosine_similarity,0.049112097360193674,96
binary_base_topology_shuffle,chunk_14,147,kl_to_gaussian,0.0,96
binary_base_topology_shuffle,chunk_14,147,wt_mean,0.00226116209523745,96
binary_base_topology_shuffle,chunk_14,148,GR,4.303874533623457,96
binary_base_topology_shuffle,chunk_14,148,IPC,6.464769947594889,96
binary_base_topology_shuffle,chunk_14,148,KR,2.7278670643766723,96
binary_base_topology_shuffle,chunk_14,148,MC,3.760434569170078,96
binary_base_topology_shuffle,chunk_14,148,cosine_similarity,0.05244172550737855,96
binary_base_topology_shuffle,chunk_14,148,kl_to_gaussian,0.0,96
binary_base_topology_shuffle,chunk_14,148,wt_mean,0.002222187118604725,96
binary_base_topology_shuffle,chunk_14,149,GR,3.8996140075226626,96
binary_base_topology_shuffle,chunk_14,149,IPC,6.540162951478494,96
binary_base_topology_shuffle,chunk_14,149,KR,2.4440778866410255,96
binary_base_topology_shuffle,chunk_14,149,MC,3.551321342587471,96
binary_base_topology_shuffle,chunk_14,149,cosine_similarity,0.04911208804696793,96
binary_base_topology_shuffle,chunk_14,149,kl_to_gaussian,0.0,96
binary_base_topology_shuffle,chunk_14,149,wt_mean,0.0022369363286997503,96
binary_base_topology_shuffle,chunk_15,150,GR,5.564386568963528,96
binary_base_topology_shuffle,chunk_15,150,IPC,6.304068515445284,96
binary_base_topology_shuffle,chunk_15,150,KR,3.3821817437807717,96
binary_base_topology_shuffle,chunk_15,150,MC,3.448379065220555,96
binary_base_topology_shuffle,chunk_15,150,cosine_similarity,0.0513318367302417,96
binary_base_topology_shuffle,chunk_15,150,kl_to_gaussian,0.0,96
binary_base_topology_shuffle,chunk_15,150,wt_mean,0.0022505447850562003,96
binary_base_topology_shuffle,chunk_15,151,GR,4.240645051002502,96
binary_base_topology_shuffle,chunk_15,151,IPC,6.676324293482412,96
binary_base_topology_shuffle,chunk_15,151,KR,2.6195649107297263,96
binary_base_topology_shuffle,chunk_15,151,MC,3.6462876511116824,96
binary_base_topology_shuffle,chunk_15,151,cosine_similarity,0.05133184138685457,96
binary_base_topology_shuffle,chunk_15,151,kl_to_gaussian,0.0,96
binary_base_topology_shuffle,chunk_15,151,wt_mean,0.0022493246942758,96
binary_base_topology_shuffle,chunk_15,152,GR,5.189439345151186,96
binary_base_topology_shuffle,chunk_15,152,IPC,6.304070110208401,96
binary_base_topology_shuffle,chunk_15,152,KR,3.1451566591858864,96
binary_base_topology_shuffle,chunk_15,152,MC,3.501448748012384,96
binary_base_topology_shuffle,chunk_15,152,cosine_similarity,0.04550498630851502,96
binary_base_topology_shuffle,chunk_15,152,kl_to_gaussian,0.0,96
binary_base_topology_shuffle,chunk_15,152,wt_mean,0.0022621962707489248,96
binary_base_topology_shuffle,chunk_15,153,GR,4.709555968642235,96
binary_base_topology_shuffle,chunk_15,153,IPC,6.33236431228987,96
binary_base_topology_shuffle,chunk_15,153,KR,2.9298439299066863,96
binary_base_topology_shuffle,chunk_15,153,MC,3.65483765800794,96
binary_base_topology_shuffle,chunk_15,153,cosine_similarity,0.051609314978122704,96
binary_base_topology_shuffle,chunk_15,153,kl_to_gaussian,0.0,96
binary_base_topology_shuffle,chunk_15,153,wt_mean,0.002261674759210975,96
binary_base_topology_shuffle,chunk_15,154,GR,5.030387277404468,96
binary_base_topology_shuffle,chunk_15,154,IPC,6.332455963182501,96
binary_base_topology_shuffle,chunk_15,154,KR,3.10289237399896,96
binary_base_topology_shuffle,chunk_15,154,MC,3.57450145855546,96
binary_base_topology_shuffle,chunk_15,154,cosine_similarity,0.051331846043467445,96
binary_base_topology_shuffle,chunk_15,154,kl_to_gaussian,0.0,96
binary_base_topology_shuffle,chunk_15,154,wt_mean,0.00224232749314975,96
binary_base_topology_shuffle,chunk_15,155,GR,5.224496806661288,96
binary_base_topology_shuffle,chunk_15,155,IPC,6.208881694499904,96
binary_base_topology_shuffle,chunk_15,155,KR,3.1990448174377284,96
binary_base_topology_shuffle,chunk_15,155,MC,3.6764540610214076,96
binary_base_topology_shuffle,chunk_15,155,cosine_similarity,0.0491120927035808,96
binary_base_topology_shuffle,chunk_15,155,kl_to_gaussian,0.0,96
binary_base_topology_shuffle,chunk_15,155,wt_mean,0.00225146400043735,96
binary_base_topology_shuffle,chunk_15,156,GR,5.237333081662655,96
binary_base_topology_shuffle,chunk_15,156,IPC,6.039096213509866,96
binary_base_topology_shuffle,chunk_15,156,KR,3.1801842972636223,96
binary_base_topology_shuffle,chunk_15,156,MC,3.5130852895478406,96
binary_base_topology_shuffle,chunk_15,156,cosine_similarity,0.04772475548088545,96
binary_base_topology_shuffle,chunk_15,156,kl_to_gaussian,0.0,96
binary_base_topology_shuffle,chunk_15,156,wt_mean,0.002236274507595175,96
binary_base_topology_shuffle,chunk_15,157,GR,4.999720693876346,96
binary_base_topology_shuffle,chunk_15,157,IPC,6.412671882113358,96
binary_base_topology_shuffle,chunk_15,157,KR,3.134865775704384,96
binary_base_topology_shuffle,chunk_15,157,MC,3.6697454638779163,96
binary_base_topology_shuffle,chunk_15,157,cosine_similarity,0.0507769249379634,96
binary_base_topology_shuffle,chunk_15,157,kl_to_gaussian,0.0,96
binary_base_topology_shuffle,chunk_15,157,wt_mean,0.0022149888973217,96
binary_base_topology_shuffle,chunk_15,158,GR,5.232020689795415,96
binary_base_topology_shuffle,chunk_15,158,IPC,6.21793270325778,96
binary_base_topology_shuffle,chunk_15,158,KR,3.2223097967604795,96
binary_base_topology_shuffle,chunk_15,158,MC,3.5290682539343834,96
binary_base_topology_shuffle,chunk_15,158,cosine_similarity,0.04938955884426827,96
binary_base_topology_shuffle,chunk_15,158,kl_to_gaussian,0.0,96
binary_base_topology_shuffle,chunk_15,158,wt_mean,0.002226497483206875,96
binary_base_topology_shuffle,chunk_15,159,GR,4.152904375145833,96
binary_base_topology_shuffle,chunk_15,159,IPC,6.769498421085683,96
binary_base_topology_shuffle,chunk_15,159,KR,2.611606892198324,96
binary_base_topology_shuffle,chunk_15,159,MC,3.8143084421753883,96
binary_base_topology_shuffle,chunk_15,159,cosine_similarity,0.044117664918303455,96
binary_base_topology_shuffle,chunk_15,159,kl_to_gaussian,0.0,96
binary_base_topology_shuffle,chunk_15,159,wt_mean,0.002249433193355775,96
binary_base_topology_shuffle,chunk_16,160,GR,4.054256349802017,96
binary_base_topology_shuffle,chunk_16,160,IPC,6.714740280690649,96
binary_base_topology_shuffle,chunk_16,160,KR,2.530664186924696,96
binary_base_topology_shuffle,chunk_16,160,MC,3.7689163784186044,96
binary_base_topology_shuffle,chunk_16,160,cosine_similarity,0.04605993069708345,96
binary_base_topology_shuffle,chunk_16,160,kl_to_gaussian,0.0,96
binary_base_topology_shuffle,chunk_16,160,wt_mean,0.002244988892925875,96
binary_base_topology_shuffle,chunk_16,161,GR,4.771402258425951,96
binary_base_topology_shuffle,chunk_16,161,IPC,6.347397096848868,96
binary_base_topology_shuffle,chunk_16,161,KR,2.94412195806702,96
binary_base_topology_shuffle,chunk_16,161,MC,3.576170383642117,96
binary_base_topology_shuffle,chunk_16,161,cosine_similarity,0.051054374314844574,96
binary_base_topology_shuffle,chunk_16,161,kl_to_gaussian,0.0,96
binary_base_topology_shuffle,chunk_16,161,wt_mean,0.002237532811705,96
binary_base_topology_shuffle,chunk_16,162,GR,4.387976857523124,96
binary_base_topology_shuffle,chunk_16,162,IPC,6.732600344669026,96
binary_base_topology_shuffle,chunk_16,162,KR,2.7795881194372973,96
binary_base_topology_shuffle,chunk_16,162,MC,3.6914873148004212,96
binary_base_topology_shuffle,chunk_16,162,cosine_similarity,0.047724744305014555,96
binary_base_topology_shuffle,chunk_16,162,kl_to_gaussian,0.0,96
binary_base_topology_shuffle,chunk_16,162,wt_mean,0.002222400536993475,96
binary_base_topology_shuffle,chunk_16,163,GR,4.938791863620281,96
binary_base_topology_shuffle,chunk_16,163,IPC,6.1313370997587135,96
binary_base_topology_shuffle,chunk_16,163,KR,3.1151319978137813,96
binary_base_topology_shuffle,chunk_16,163,MC,3.3233362870911756,96
binary_base_topology_shuffle,chunk_16,163,cosine_similarity,0.0510543920099735,96
binary_base_topology_shuffle,chunk_16,163,kl_to_gaussian,0.0,96
binary_base_topology_shuffle,chunk_16,163,wt_mean,0.002224508119979825,96
binary_base_topology_shuffle,chunk_16,164,GR,4.245304477711518,96
binary_base_topology_shuffle,chunk_16,164,IPC,6.710378432438783,96
binary_base_topology_shuffle,chunk_16,164,KR,2.5894770647088685,96
binary_base_topology_shuffle,chunk_16,164,MC,3.557864730556806,96
binary_base_topology_shuffle,chunk_16,164,cosine_similarity,0.05133185442537063,96
binary_base_topology_shuffle,chunk_16,164,kl_to_gaussian,0.0,96
binary_base_topology_shuffle,chunk_16,164,wt_mean,0.002215000858996025,96
binary_base_topology_shuffle,chunk_16,165,GR,4.5063752594093485,96
binary_base_topology_shuffle,chunk_16,165,IPC,6.353185436729397,96
binary_base_topology_shuffle,chunk_16,165,KR,2.772792192796866,96
binary_base_topology_shuffle,chunk_16,165,MC,3.6720699978371463,96
binary_base_topology_shuffle,chunk_16,165,cosine_similarity,0.04911209084093565,96
binary_base_topology_shuffle,chunk_16,165,kl_to_gaussian,0.0,96
binary_base_topology_shuffle,chunk_16,165,wt_mean,0.002280953252920825,96
binary_base_topology_shuffle,chunk_16,166,GR,5.335025690495968,96
binary_base_topology_shuffle,chunk_16,166,IPC,6.548486121524946,96
binary_base_topology_shuffle,chunk_16,166,KR,3.27076588695248,96
binary_base_topology_shuffle,chunk_16,166,MC,3.7616277001798153,96
binary_base_topology_shuffle,chunk_16,166,cosine_similarity,0.049112091772258226,96
binary_base_topology_shuffle,chunk_16,166,kl_to_gaussian,0.0,96
binary_base_topology_shuffle,chunk_16,166,wt_mean,0.002240566740510925,96
binary_base_topology_shuffle,chunk_16,167,GR,4.8901026248931885,96
binary_base_topology_shuffle,chunk_16,167,IPC,6.280880059432456,96
binary_base_topology_shuffle,chunk_16,167,KR,3.0377289367218814,96
binary_base_topology_shuffle,chunk_16,167,MC,3.603884305804968,96
binary_base_topology_shuffle,chunk_16,167,cosine_similarity,0.047447276301681975,96
binary_base_topology_shuffle,chunk_16,167,kl_to_gaussian,0.0,96
binary_base_topology_shuffle,chunk_16,167,wt_mean,0.002234873449197,96
binary_base_topology_shuffle,chunk_16,168,GR,5.015210352838039,96
binary_base_topology_shuffle,chunk_16,168,IPC,6.603347735794935,96
binary_base_topology_shuffle,chunk_16,168,KR,2.994551128397385,96
binary_base_topology_shuffle,chunk_16,168,MC,3.7160499145587287,96
binary_base_topology_shuffle,chunk_16,168,cosine_similarity,0.04827968124300238,96
binary_base_topology_shuffle,chunk_16,168,kl_to_gaussian,0.0,96
binary_base_topology_shuffle,chunk_16,168,wt_mean,0.002264567592646875,96
binary_base_topology_shuffle,chunk_16,169,GR,4.116841283937295,96
binary_base_topology_shuffle,chunk_16,169,IPC,6.480322056741166,96
binary_base_topology_shuffle,chunk_16,169,KR,2.6221246533095837,96
binary_base_topology_shuffle,chunk_16,169,MC,3.7307303672035537,96
binary_base_topology_shuffle,chunk_16,169,cosine_similarity,0.05493894778192035,96
binary_base_topology_shuffle,chunk_16,169,kl_to_gaussian,0.0,96
binary_base_topology_shuffle,chunk_16,169,wt_mean,0.00225089112063865,96
binary_base_topology_shuffle,chunk_17,170,GR,4.861780025064945,96
binary_base_topology_shuffle,chunk_17,170,IPC,6.661259137681868,96
binary_base_topology_shuffle,chunk_17,170,KR,3.0238535093764463,96
binary_base_topology_shuffle,chunk_17,170,MC,3.777172784010569,96
binary_base_topology_shuffle,chunk_17,170,cosine_similarity,0.05160931590944528,96
binary_base_topology_shuffle,chunk_17,170,kl_to_gaussian,0.0,96
binary_base_topology_shuffle,chunk_17,170,wt_mean,0.002262456575408525,96
binary_base_topology_shuffle,chunk_17,171,GR,4.967121010025342,96
binary_base_topology_shuffle,chunk_17,171,IPC,6.567971750609697,96
binary_base_topology_shuffle,chunk_17,171,KR,3.079603855808576,96
binary_base_topology_shuffle,chunk_17,171,MC,3.580433525145054,96
binary_base_topology_shuffle,chunk_17,171,cosine_similarity,0.051886792294681024,96
binary_base_topology_shuffle,chunk_17,171,kl_to_gaussian,0.0,96
binary_base_topology_shuffle,chunk_17,171,wt_mean,0.002241922105895325,96
binary_base_topology_shuffle,chunk_17,172,GR,5.057190625617902,96
binary_base_topology_shuffle,chunk_17,172,IPC,6.180725518180238,96
binary_base_topology_shuffle,chunk_17,172,KR,3.1831338852643967,96
binary_base_topology_shuffle,chunk_17,172,MC,3.4198519674440226,96
binary_base_topology_shuffle,chunk_17,172,cosine_similarity,0.04495005588978523,96
binary_base_topology_shuffle,chunk_17,172,kl_to_gaussian,0.0,96
binary_base_topology_shuffle,chunk_17,172,wt_mean,0.00224739455734375,96
binary_base_topology_shuffle,chunk_17,173,GR,4.41497802734375,96
binary_base_topology_shuffle,chunk_17,173,IPC,6.82491790727859,96
binary_base_topology_shuffle,chunk_17,173,KR,2.759055948505799,96
binary_base_topology_shuffle,chunk_17,173,MC,3.7433906520406404,96
binary_base_topology_shuffle,chunk_17,173,cosine_similarity,0.03940067719668142,96
binary_base_topology_shuffle,chunk_17,173,kl_to_gaussian,0.0,96
binary_base_topology_shuffle,chunk_17,173,wt_mean,0.002265751623781375,96
binary_base_topology_shuffle,chunk_17,174,GR,4.60445445900162,96
binary_base_topology_shuffle,chunk_17,174,IPC,6.631943166793998,96
binary_base_topology_shuffle,chunk_17,174,KR,2.877141121774912,96
binary_base_topology_shuffle,chunk_17,174,MC,3.9000233287612596,96
binary_base_topology_shuffle,chunk_17,174,cosine_similarity,0.044395127333700574,96
binary_base_topology_shuffle,chunk_17,174,kl_to_gaussian,0.0,96
binary_base_topology_shuffle,chunk_17,174,wt_mean,0.0022427851217798503,96
binary_base_topology_shuffle,chunk_17,175,GR,5.356582745909691,96
binary_base_topology_shuffle,chunk_17,175,IPC,6.1699937398888,96
binary_base_topology_shuffle,chunk_17,175,KR,3.2509800841410956,96
binary_base_topology_shuffle,chunk_17,175,MC,3.5293295669058957,96
binary_base_topology_shuffle,chunk_17,175,cosine_similarity,0.049667033366858925,96
binary_base_topology_shuffle,chunk_17,175,kl_to_gaussian,0.0,96
binary_base_topology_shuffle,chunk_17,175,wt_mean,0.002255354396766025,96
binary_base_topology_shuffle,chunk_17,176,GR,4.297511013845603,96
binary_base_topology_shuffle,chunk_17,176,IPC,6.514763406051458,96
binary_base_topology_shuffle,chunk_17,176,KR,2.672412872314453,96
binary_base_topology_shuffle,chunk_17,176,MC,3.5467283564309278,96
binary_base_topology_shuffle,chunk_17,176,cosine_similarity,0.05077692307531825,96
binary_base_topology_shuffle,chunk_17,176,kl_to_gaussian,0.0,96
binary_base_topology_shuffle,chunk_17,176,wt_mean,0.002247619297122525,96
binary_base_topology_shuffle,chunk_17,177,GR,5.223967204491298,96
binary_base_topology_shuffle,chunk_17,177,IPC,5.715002133488414,96
binary_base_topology_shuffle,chunk_17,177,KR,3.3065651742120585,96
binary_base_topology_shuffle,chunk_17,177,MC,3.4597392988701663,96
binary_base_topology_shuffle,chunk_17,177,cosine_similarity,0.04716979619115583,96
binary_base_topology_shuffle,chunk_17,177,kl_to_gaussian,0.0,96
binary_base_topology_shuffle,chunk_17,177,wt_mean,0.002224718191428075,96
binary_base_topology_shuffle,chunk_17,178,GR,4.554515438775222,96
binary_base_topology_shuffle,chunk_17,178,IPC,6.629878189830392,96
binary_base_topology_shuffle,chunk_17,178,KR,2.7155172986288867,96
binary_base_topology_shuffle,chunk_17,178,MC,3.4483643881976604,96
binary_base_topology_shuffle,chunk_17,178,cosine_similarity,0.04716980271041385,96
binary_base_topology_shuffle,chunk_17,178,kl_to_gaussian,0.0,96
binary_base_topology_shuffle,chunk_17,178,wt_mean,0.0022526496031786748,96
binary_base_topology_shuffle,chunk_17,179,GR,4.059857996801536,96
binary_base_topology_shuffle,chunk_17,179,IPC,6.8872791402238205,96
binary_base_topology_shuffle,chunk_17,179,KR,2.480476401746273,96
binary_base_topology_shuffle,chunk_17,179,MC,3.7639635081092515,96
binary_base_topology_shuffle,chunk_17,179,cosine_similarity,0.05244172178208825,96
binary_base_topology_shuffle,chunk_17,179,kl_to_gaussian,0.0,96
binary_base_topology_shuffle,chunk_17,179,wt_mean,0.002239011315396025,96
binary_base_topology_shuffle,chunk_18,180,GR,3.9416458097596965,96
binary_base_topology_shuffle,chunk_18,180,IPC,6.44491219915211,96
binary_base_topology_shuffle,chunk_18,180,KR,2.52362081160148,96
binary_base_topology_shuffle,chunk_18,180,MC,3.6076871318121753,96
binary_base_topology_shuffle,chunk_18,180,cosine_similarity,0.05327413417398925,96
binary_base_topology_shuffle,chunk_18,180,kl_to_gaussian,0.0,96
binary_base_topology_shuffle,chunk_18,180,wt_mean,0.002250236284453375,96
binary_base_topology_shuffle,chunk_18,181,GR,4.765254872540633,96
binary_base_topology_shuffle,chunk_18,181,IPC,6.685161525005948,96
binary_base_topology_shuffle,chunk_18,181,KR,2.8102476807932057,96
binary_base_topology_shuffle,chunk_18,181,MC,3.7100900610287986,96
binary_base_topology_shuffle,chunk_18,181,cosine_similarity,0.04522752016782758,96
binary_base_topology_shuffle,chunk_18,181,kl_to_gaussian,0.0,96
binary_base_topology_shuffle,chunk_18,181,wt_mean,0.002259602653793925,96
binary_base_topology_shuffle,chunk_18,182,GR,4.532406045744817,96
binary_base_topology_shuffle,chunk_18,182,IPC,6.661068228587339,96
binary_base_topology_shuffle,chunk_18,182,KR,2.8763628924886384,96
binary_base_topology_shuffle,chunk_18,182,MC,3.8196003499130406,96
binary_base_topology_shuffle,chunk_18,182,cosine_similarity,0.052996674552559825,96
binary_base_topology_shuffle,chunk_18,182,kl_to_gaussian,0.0,96
binary_base_topology_shuffle,chunk_18,182,wt_mean,0.002240507717942775,96
binary_base_topology_shuffle,chunk_18,183,GR,4.841335958490769,96
binary_base_topology_shuffle,chunk_18,183,IPC,6.265963701557137,96
binary_base_topology_shuffle,chunk_18,183,KR,3.0101707292099795,96
binary_base_topology_shuffle,chunk_18,183,MC,3.557822776337465,96
binary_base_topology_shuffle,chunk_18,183,cosine_similarity,0.04800221510231495,96
binary_base_topology_shuffle,chunk_18,183,kl_to_gaussian,0.0,96
binary_base_topology_shuffle,chunk_18,183,wt_mean,0.002270979835884625,96
binary_base_topology_shuffle,chunk_18,184,GR,5.2397972283264,96
binary_base_topology_shuffle,chunk_18,184,IPC,5.933495778794846,96
binary_base_topology_shuffle,chunk_18,184,KR,3.18046136200428,96
binary_base_topology_shuffle,chunk_18,184,MC,3.3726363914708295,96
binary_base_topology_shuffle,chunk_18,184,cosine_similarity,0.0504994504153728,96
binary_base_topology_shuffle,chunk_18,184,kl_to_gaussian,0.0,96
binary_base_topology_shuffle,chunk_18,184,wt_mean,0.00224644280388015,96
binary_base_topology_shuffle,chunk_18,185,GR,4.591227134068807,96
binary_base_topology_shuffle,chunk_18,185,IPC,6.688475213320125,96
binary_base_topology_shuffle,chunk_18,185,KR,2.7828671485185623,96
binary_base_topology_shuffle,chunk_18,185,MC,3.6643076414863267,96
binary_base_topology_shuffle,chunk_18,185,cosine_similarity,0.051609331741929027,96
binary_base_topology_shuffle,chunk_18,185,kl_to_gaussian,0.0,96
binary_base_topology_shuffle,chunk_18,185,wt_mean,0.0022765885223634,96
binary_base_topology_shuffle,chunk_18,186,GR,5.08444008231163,96
binary_base_topology_shuffle,chunk_18,186,IPC,6.305364687550239,96
binary_base_topology_shuffle,chunk_18,186,KR,3.1495096931854882,96
binary_base_topology_shuffle,chunk_18,186,MC,3.6211037735144296,96
binary_base_topology_shuffle,chunk_18,186,cosine_similarity,0.05438400153070685,96
binary_base_topology_shuffle,chunk_18,186,kl_to_gaussian,0.0,96
binary_base_topology_shuffle,chunk_18,186,wt_mean,0.0022521520440932,96
binary_base_topology_shuffle,chunk_18,187,GR,4.306528713554144,96
binary_base_topology_shuffle,chunk_18,187,IPC,6.6279058275968294,96
binary_base_topology_shuffle,chunk_18,187,KR,2.714816396435102,96
binary_base_topology_shuffle,chunk_18,187,MC,3.612134567151467,96
binary_base_topology_shuffle,chunk_18,187,cosine_similarity,0.05188679415732617,96
binary_base_topology_shuffle,chunk_18,187,kl_to_gaussian,0.0,96
binary_base_topology_shuffle,chunk_18,187,wt_mean,0.0022573829919565,96
binary_base_topology_shuffle,chunk_18,188,GR,4.632646979143222,96
binary_base_topology_shuffle,chunk_18,188,IPC,6.0948119038903235,96
binary_base_topology_shuffle,chunk_18,188,KR,2.9073969361682734,96
binary_base_topology_shuffle,chunk_18,188,MC,3.4694740902632475,96
binary_base_topology_shuffle,chunk_18,188,cosine_similarity,0.0449500568211078,96
binary_base_topology_shuffle,chunk_18,188,kl_to_gaussian,0.0,96
binary_base_topology_shuffle,chunk_18,188,wt_mean,0.0022670002363156003,96
binary_base_topology_shuffle,chunk_18,189,GR,4.3955621384084225,96
binary_base_topology_shuffle,chunk_18,189,IPC,6.785458709193805,96
binary_base_topology_shuffle,chunk_18,189,KR,2.7846099163095155,96
binary_base_topology_shuffle,chunk_18,189,MC,3.929723006983598,96
binary_base_topology_shuffle,chunk_18,189,cosine_similarity,0.0493895588442683,96
binary_base_topology_shuffle,chunk_18,189,kl_to_gaussian,0.0,96
binary_base_topology_shuffle,chunk_18,189,wt_mean,0.002265998366055975,96
binary_base_topology_shuffle,chunk_19,190,GR,4.316556166857481,96
binary_base_topology_shuffle,chunk_19,190,IPC,6.713504630744918,96
binary_base_topology_shuffle,chunk_19,190,KR,2.659001355369886,96
binary_base_topology_shuffle,chunk_19,190,MC,3.6955716038743653,96
binary_base_topology_shuffle,chunk_19,190,cosine_similarity,0.05299665965139865,96
binary_base_topology_shuffle,chunk_19,190,kl_to_gaussian,0.0,96
binary_base_topology_shuffle,chunk_19,190,wt_mean,0.00226831200416195,96
binary_base_topology_shuffle,chunk_19,191,GR,4.419590907792251,96
binary_base_topology_shuffle,chunk_19,191,IPC,6.588498587145892,96
binary_base_topology_shuffle,chunk_19,191,KR,2.623778849840164,96
binary_base_topology_shuffle,chunk_19,191,MC,3.4037698917090893,96
binary_base_topology_shuffle,chunk_19,191,cosine_similarity,0.0502219833433628,96
binary_base_topology_shuffle,chunk_19,191,kl_to_gaussian,0.0,96
binary_base_topology_shuffle,chunk_19,191,wt_mean,0.002241939713712725,96
binary_base_topology_shuffle,chunk_19,192,GR,4.59347540512681,96
binary_base_topology_shuffle,chunk_19,192,IPC,6.76124823245256,96
binary_base_topology_shuffle,chunk_19,192,KR,2.6487421691417694,96
binary_base_topology_shuffle,chunk_19,192,MC,3.544109407812357,96
binary_base_topology_shuffle,chunk_19,192,cosine_similarity,0.04578245710581533,96
binary_base_topology_shuffle,chunk_19,192,kl_to_gaussian,0.0,96
binary_base_topology_shuffle,chunk_19,192,wt_mean,0.002264687092974725,96
binary_base_topology_shuffle,chunk_19,193,GR,4.188633363693953,96
binary_base_topology_shuffle,chunk_19,193,IPC,6.739583012339549,96
binary_base_topology_shuffle,chunk_19,193,KR,2.6787547593315444,96
binary_base_topology_shuffle,chunk_19,193,MC,3.730978342394034,96
binary_base_topology_shuffle,chunk_19,193,cosine_similarity,0.0466148732230067,96
binary_base_topology_shuffle,chunk_19,193,kl_to_gaussian,0.0,96
binary_base_topology_shuffle,chunk_19,193,wt_mean,0.0022397485445253,96
binary_base_topology_shuffle,chunk_19,194,GR,5.242718865474065,96
binary_base_topology_shuffle,chunk_19,194,IPC,6.471017822789158,96
binary_base_topology_shuffle,chunk_19,194,KR,3.2406908894578614,96
binary_base_topology_shuffle,chunk_19,194,MC,3.475192920615276,96
binary_base_topology_shuffle,chunk_19,194,cosine_similarity,0.05355160869657985,96
binary_base_topology_shuffle,chunk_19,194,kl_to_gaussian,0.0,96
binary_base_topology_shuffle,chunk_19,194,wt_mean,0.00224443300976415,96
binary_base_topology_shuffle,chunk_19,195,GR,3.8172828604777655,96
binary_base_topology_shuffle,chunk_19,195,IPC,6.8271699552838365,96
binary_base_topology_shuffle,chunk_19,195,KR,2.4453804095586142,96
binary_base_topology_shuffle,chunk_19,195,MC,3.6138870728512607,96
binary_base_topology_shuffle,chunk_19,195,cosine_similarity,0.05022197682410478,96
binary_base_topology_shuffle,chunk_19,195,kl_to_gaussian,0.0,96
binary_base_topology_shuffle,chunk_19,195,wt_mean,0.0022444812348112,96
binary_base_topology_shuffle,chunk_19,196,GR,5.3544515532751875,96
binary_base_topology_shuffle,chunk_19,196,IPC,5.901232410970398,96
binary_base_topology_shuffle,chunk_19,196,KR,3.3385456316173077,96
binary_base_topology_shuffle,chunk_19,196,MC,3.62581850339969,96
binary_base_topology_shuffle,chunk_19,196,cosine_similarity,0.04772476293146605,96
binary_base_topology_shuffle,chunk_19,196,kl_to_gaussian,0.0,96
binary_base_topology_shuffle,chunk_19,196,wt_mean,0.002255337894894125,96
binary_base_topology_shuffle,chunk_19,197,GR,5.076796039938927,96
binary_base_topology_shuffle,chunk_19,197,IPC,6.634348173741984,96
binary_base_topology_shuffle,chunk_19,197,KR,2.9940282652775445,96
binary_base_topology_shuffle,chunk_19,197,MC,3.7791667679945626,96
binary_base_topology_shuffle,chunk_19,197,cosine_similarity,0.039400673471391125,96
binary_base_topology_shuffle,chunk_19,197,kl_to_gaussian,0.0,96
binary_base_topology_shuffle,chunk_19,197,wt_mean,0.00223940744763235,96
binary_base_topology_shuffle,chunk_19,198,GR,5.70983683069547,96
binary_base_topology_shuffle,chunk_19,198,IPC,6.160186342003734,96
binary_base_topology_shuffle,chunk_19,198,KR,3.4261652069787183,96
binary_base_topology_shuffle,chunk_19,198,MC,3.465194158256054,96
binary_base_topology_shuffle,chunk_19,198,cosine_similarity,0.05410654004663223,96
binary_base_topology_shuffle,chunk_19,198,kl_to_gaussian,0.0,96
binary_base_topology_shuffle,chunk_19,198,wt_mean,0.002247657423140425,96
binary_base_topology_shuffle,chunk_19,199,GR,4.891245594869058,96
binary_base_topology_shuffle,chunk_19,199,IPC,6.209137917813224,96
binary_base_topology_shuffle,chunk_19,199,KR,2.9972847836712995,96
binary_base_topology_shuffle,chunk_19,199,MC,3.5479130086799464,96
binary_base_topology_shuffle,chunk_19,199,cosine_similarity,0.049389551393687725,96
binary_base_topology_shuffle,chunk_19,199,kl_to_gaussian,0.0,96
binary_base_topology_shuffle,chunk_19,199,wt_mean,0.0022599828080273753,96
binary_base_topology_shuffle,chunk_2,20,GR,5.374530588587125,96
binary_base_topology_shuffle,chunk_2,20,IPC,6.968950319041553,96
binary_base_topology_shuffle,chunk_2,20,KR,3.2607964475949607,96
binary_base_topology_shuffle,chunk_2,20,MC,3.7562927193939686,96
binary_base_topology_shuffle,chunk_2,20,cosine_similarity,0.050776927731931126,96
binary_base_topology_shuffle,chunk_2,20,kl_to_gaussian,0.0,96
binary_base_topology_shuffle,chunk_2,20,wt_mean,0.00225075034541075,96
binary_base_topology_shuffle,chunk_2,21,GR,4.096015055974324,96
binary_base_topology_shuffle,chunk_2,21,IPC,6.863232707488909,96
binary_base_topology_shuffle,chunk_2,21,KR,2.527806190152963,96
binary_base_topology_shuffle,chunk_2,21,MC,3.515722999970118,96
binary_base_topology_shuffle,chunk_2,21,cosine_similarity,0.04966703895479438,96
binary_base_topology_shuffle,chunk_2,21,kl_to_gaussian,0.0,96
binary_base_topology_shuffle,chunk_2,21,wt_mean,0.0022460570035036,96
binary_base_topology_shuffle,chunk_2,22,GR,4.0434650008877115,96
binary_base_topology_shuffle,chunk_2,22,IPC,7.2306997956540116,96
binary_base_topology_shuffle,chunk_2,22,KR,2.54078171774745,96
binary_base_topology_shuffle,chunk_2,22,MC,3.7099101580679417,96
binary_base_topology_shuffle,chunk_2,22,cosine_similarity,0.04162042122334235,96
binary_base_topology_shuffle,chunk_2,22,kl_to_gaussian,0.0,96
binary_base_topology_shuffle,chunk_2,22,wt_mean,0.00225834100274365,96
binary_base_topology_shuffle,chunk_2,23,GR,4.179394476115704,96
binary_base_topology_shuffle,chunk_2,23,IPC,7.604459015593551,96
binary_base_topology_shuffle,chunk_2,23,KR,2.5720280446112156,96
binary_base_topology_shuffle,chunk_2,23,MC,3.888254329562187,96
binary_base_topology_shuffle,chunk_2,23,cosine_similarity,0.047447290271520594,96
binary_base_topology_shuffle,chunk_2,23,kl_to_gaussian,0.0,96
binary_base_topology_shuffle,chunk_2,23,wt_mean,0.002268956479383575,96
binary_base_topology_shuffle,chunk_2,24,GR,4.308652598410845,96
binary_base_topology_shuffle,chunk_2,24,IPC,6.928458814919771,96
binary_base_topology_shuffle,chunk_2,24,KR,2.655615040411552,96
binary_base_topology_shuffle,chunk_2,24,MC,3.663614336401224,96
binary_base_topology_shuffle,chunk_2,24,cosine_similarity,0.0493895784020423,96
binary_base_topology_shuffle,chunk_2,24,kl_to_gaussian,0.0,96
binary_base_topology_shuffle,chunk_2,24,wt_mean,0.002250948949949775,96
binary_base_topology_shuffle,chunk_2,25,GR,4.221285281081994,96
binary_base_topology_shuffle,chunk_2,25,IPC,7.157905815842997,96
binary_base_topology_shuffle,chunk_2,25,KR,2.6228847689926624,96
binary_base_topology_shuffle,chunk_2,25,MC,3.769963998347521,96
binary_base_topology_shuffle,chunk_2,25,cosine_similarity,0.0477247461676597,96
binary_base_topology_shuffle,chunk_2,25,kl_to_gaussian,0.0,96
binary_base_topology_shuffle,chunk_2,25,wt_mean,0.00224639216321515,96
binary_base_topology_shuffle,chunk_2,26,GR,5.068356595933437,96
binary_base_topology_shuffle,chunk_2,26,IPC,6.962034206557874,96
binary_base_topology_shuffle,chunk_2,26,KR,3.1135110780596733,96
binary_base_topology_shuffle,chunk_2,26,MC,3.814671120295922,96
binary_base_topology_shuffle,chunk_2,26,cosine_similarity,0.05327415186911818,96
binary_base_topology_shuffle,chunk_2,26,kl_to_gaussian,0.0,96
binary_base_topology_shuffle,chunk_2,26,wt_mean,0.0022482212516478747,96
binary_base_topology_shuffle,chunk_2,27,GR,4.7512634210288525,96
binary_base_topology_shuffle,chunk_2,27,IPC,6.829208099225273,96
binary_base_topology_shuffle,chunk_2,27,KR,2.898684768627087,96
binary_base_topology_shuffle,chunk_2,27,MC,3.6818571699162326,96
binary_base_topology_shuffle,chunk_2,27,cosine_similarity,0.0463373996317386,96
binary_base_topology_shuffle,chunk_2,27,kl_to_gaussian,0.0,96
binary_base_topology_shuffle,chunk_2,27,wt_mean,0.002252196311019325,96
binary_base_topology_shuffle,chunk_2,28,GR,4.211577328542869,96
binary_base_topology_shuffle,chunk_2,28,IPC,7.153502588719715,96
binary_base_topology_shuffle,chunk_2,28,KR,2.6580084760983786,96
binary_base_topology_shuffle,chunk_2,28,MC,3.895187127093474,96
binary_base_topology_shuffle,chunk_2,28,cosine_similarity,0.050499451346695375,96
binary_base_topology_shuffle,chunk_2,28,kl_to_gaussian,0.0,96
binary_base_topology_shuffle,chunk_2,28,wt_mean,0.002255713567137675,96
binary_base_topology_shuffle,chunk_2,29,GR,4.564197224875291,96
binary_base_topology_shuffle,chunk_2,29,IPC,7.008027285872932,96
binary_base_topology_shuffle,chunk_2,29,KR,2.761525694280863,96
binary_base_topology_shuffle,chunk_2,29,MC,3.6466087214648724,96
binary_base_topology_shuffle,chunk_2,29,cosine_similarity,0.05216426309198135,96
binary_base_topology_shuffle,chunk_2,29,kl_to_gaussian,0.0,96
binary_base_topology_shuffle,chunk_2,29,wt_mean,0.002206335484515825,96
binary_base_topology_shuffle,chunk_3,30,GR,4.590141459057729,96
binary_base_topology_shuffle,chunk_3,30,IPC,7.172458436525459,96
binary_base_topology_shuffle,chunk_3,30,KR,2.8736902102828026,96
binary_base_topology_shuffle,chunk_3,30,MC,3.683082381884257,96
binary_base_topology_shuffle,chunk_3,30,cosine_similarity,0.045504982583224725,96
binary_base_topology_shuffle,chunk_3,30,kl_to_gaussian,0.0,96
binary_base_topology_shuffle,chunk_3,30,wt_mean,0.0022526498360093,96
binary_base_topology_shuffle,chunk_3,31,GR,4.251444557060798,96
binary_base_topology_shuffle,chunk_3,31,IPC,7.409946337613122,96
binary_base_topology_shuffle,chunk_3,31,KR,2.6394136945406594,96
binary_base_topology_shuffle,chunk_3,31,MC,4.099541341265042,96
binary_base_topology_shuffle,chunk_3,31,cosine_similarity,0.047447286546230295,96
binary_base_topology_shuffle,chunk_3,31,kl_to_gaussian,0.0,96
binary_base_topology_shuffle,chunk_3,31,wt_mean,0.002268137293867725,96
binary_base_topology_shuffle,chunk_3,32,GR,5.179354190826416,96
binary_base_topology_shuffle,chunk_3,32,IPC,6.669658689647783,96
binary_base_topology_shuffle,chunk_3,32,KR,3.2330144631365934,96
binary_base_topology_shuffle,chunk_3,32,MC,3.7404800131917,96
binary_base_topology_shuffle,chunk_3,32,cosine_similarity,0.04716980643570415,96
binary_base_topology_shuffle,chunk_3,32,kl_to_gaussian,0.0,96
binary_base_topology_shuffle,chunk_3,32,wt_mean,0.002246830466901825,96
binary_base_topology_shuffle,chunk_3,33,GR,5.233868629982074,96
binary_base_topology_shuffle,chunk_3,33,IPC,6.966420546560369,96
binary_base_topology_shuffle,chunk_3,33,KR,3.1786268266538777,96
binary_base_topology_shuffle,chunk_3,33,MC,3.879511988411347,96
binary_base_topology_shuffle,chunk_3,33,cosine_similarity,0.048279684036970104,96
binary_base_topology_shuffle,chunk_3,33,kl_to_gaussian,0.0,96
binary_base_topology_shuffle,chunk_3,33,wt_mean,0.002239544963231275,96
binary_base_topology_shuffle,chunk_3,34,GR,4.428603671491146,96
binary_base_topology_shuffle,chunk_3,34,IPC,7.062868977844466,96
binary_base_topology_shuffle,chunk_3,34,KR,2.6940622366964817,96
binary_base_topology_shuffle,chunk_3,34,MC,3.7413040536145368,96
binary_base_topology_shuffle,chunk_3,34,cosine_similarity,0.04883464239537715,96
binary_base_topology_shuffle,chunk_3,34,kl_to_gaussian,0.0,96
binary_base_topology_shuffle,chunk_3,34,wt_mean,0.0022648571466561,96
binary_base_topology_shuffle,chunk_3,35,GR,4.461843760063251,96
binary_base_topology_shuffle,chunk_3,35,IPC,6.883576206032845,96
binary_base_topology_shuffle,chunk_3,35,KR,2.7868917199472585,96
binary_base_topology_shuffle,chunk_3,35,MC,3.789526858677467,96
binary_base_topology_shuffle,chunk_3,35,cosine_similarity,0.051331859081983504,96
binary_base_topology_shuffle,chunk_3,35,kl_to_gaussian,0.0,96
binary_base_topology_shuffle,chunk_3,35,wt_mean,0.00224838714348145,96
binary_base_topology_shuffle,chunk_3,36,GR,4.632324984918038,96
binary_base_topology_shuffle,chunk_3,36,IPC,6.841980776972502,96
binary_base_topology_shuffle,chunk_3,36,KR,2.8620642522970834,96
binary_base_topology_shuffle,chunk_3,36,MC,3.7894942921896777,96
binary_base_topology_shuffle,chunk_3,36,cosine_similarity,0.04328523389995095,96
binary_base_topology_shuffle,chunk_3,36,kl_to_gaussian,0.0,96
binary_base_topology_shuffle,chunk_3,36,wt_mean,0.002224730938905775,96
binary_base_topology_shuffle,chunk_3,37,GR,4.436875632653634,96
binary_base_topology_shuffle,chunk_3,37,IPC,7.336170587728834,96
binary_base_topology_shuffle,chunk_3,37,KR,2.7525544626017413,96
binary_base_topology_shuffle,chunk_3,37,MC,3.8903735677401223,96
binary_base_topology_shuffle,chunk_3,37,cosine_similarity,0.052441736683249446,96
binary_base_topology_shuffle,chunk_3,37,kl_to_gaussian,0.0,96
binary_base_topology_shuffle,chunk_3,37,wt_mean,0.00222405951353715,96
binary_base_topology_shuffle,chunk_3,38,GR,4.538091268390417,96
binary_base_topology_shuffle,chunk_3,38,IPC,6.749557066617577,96
binary_base_topology_shuffle,chunk_3,38,KR,2.839760803927978,96
binary_base_topology_shuffle,chunk_3,38,MC,3.794314677516619,96
binary_base_topology_shuffle,chunk_3,38,cosine_similarity,0.052441728301346274,96
binary_base_topology_shuffle,chunk_3,38,kl_to_gaussian,0.0,96
binary_base_topology_shuffle,chunk_3,38,wt_mean,0.0022534980962518,96
binary_base_topology_shuffle,chunk_3,39,GR,4.556816101074219,96
binary_base_topology_shuffle,chunk_3,39,IPC,6.803015991126064,96
binary_base_topology_shuffle,chunk_3,39,KR,2.8294402013222375,96
binary_base_topology_shuffle,chunk_3,39,MC,3.89520558839043,96
binary_base_topology_shuffle,chunk_3,39,cosine_similarity,0.05049944855272765,96
binary_base_topology_shuffle,chunk_3,39,kl_to_gaussian,0.0,96
binary_base_topology_shuffle,chunk_3,39,wt_mean,0.002262855530716425,96
binary_base_topology_shuffle,chunk_4,40,GR,5.034975056846936,96
binary_base_topology_shuffle,chunk_4,40,IPC,6.568665888684083,96
binary_base_topology_shuffle,chunk_4,40,KR,3.099728467563788,96
binary_base_topology_shuffle,chunk_4,40,MC,3.483496124545733,96
binary_base_topology_shuffle,chunk_4,40,cosine_similarity,0.049389549531042576,96
binary_base_topology_shuffle,chunk_4,40,kl_to_gaussian,0.0,96
binary_base_topology_shuffle,chunk_4,40,wt_mean,0.0022386484197340502,96
binary_base_topology_shuffle,chunk_4,41,GR,4.201924468080203,96
binary_base_topology_shuffle,chunk_4,41,IPC,7.112997822204203,96
binary_base_topology_shuffle,chunk_4,41,KR,2.5244137421250343,96
binary_base_topology_shuffle,chunk_4,41,MC,3.7277269462744393,96
binary_base_topology_shuffle,chunk_4,41,cosine_similarity,0.0502219572663307,96
binary_base_topology_shuffle,chunk_4,41,kl_to_gaussian,0.0,96
binary_base_topology_shuffle,chunk_4,41,wt_mean,0.00222916240454645,96
binary_base_topology_shuffle,chunk_4,42,GR,4.478023404876391,96
binary_base_topology_shuffle,chunk_4,42,IPC,7.168794447632102,96
binary_base_topology_shuffle,chunk_4,42,KR,2.8444285231331983,96
binary_base_topology_shuffle,chunk_4,42,MC,4.044241476804018,96
binary_base_topology_shuffle,chunk_4,42,cosine_similarity,0.054384025745093774,96
binary_base_topology_shuffle,chunk_4,42,kl_to_gaussian,0.0,96
binary_base_topology_shuffle,chunk_4,42,wt_mean,0.0022286756429820997,96
binary_base_topology_shuffle,chunk_4,43,GR,5.026123045633237,96
binary_base_topology_shuffle,chunk_4,43,IPC,6.649148548628361,96
binary_base_topology_shuffle,chunk_4,43,KR,3.1435656771063805,96
binary_base_topology_shuffle,chunk_4,43,MC,3.792611966530482,96
binary_base_topology_shuffle,chunk_4,43,cosine_similarity,0.04855716042220585,96
binary_base_topology_shuffle,chunk_4,43,kl_to_gaussian,0.0,96
binary_base_topology_shuffle,chunk_4,43,wt_mean,0.002247831667773375,96
binary_base_topology_shuffle,chunk_4,44,GR,4.218321587890387,96
binary_base_topology_shuffle,chunk_4,44,IPC,6.9267690583853705,96
binary_base_topology_shuffle,chunk_4,44,KR,2.690436606605848,96
binary_base_topology_shuffle,chunk_4,44,MC,3.775434455523888,96
binary_base_topology_shuffle,chunk_4,44,cosine_similarity,0.04800222255289547,96
binary_base_topology_shuffle,chunk_4,44,kl_to_gaussian,0.0,96
binary_base_topology_shuffle,chunk_4,44,wt_mean,0.002248154516564625,96
binary_base_topology_shuffle,chunk_4,45,GR,4.93039554854234,96
binary_base_topology_shuffle,chunk_4,45,IPC,6.9927445642032495,96
binary_base_topology_shuffle,chunk_4,45,KR,3.0681475326418877,96
binary_base_topology_shuffle,chunk_4,45,MC,3.905470977226893,96
binary_base_topology_shuffle,chunk_4,45,cosine_similarity,0.04356270562857382,96
binary_base_topology_shuffle,chunk_4,45,kl_to_gaussian,0.0,96
binary_base_topology_shuffle,chunk_4,45,wt_mean,0.00224405070184725,96
binary_base_topology_shuffle,chunk_4,46,GR,5.259921848773956,96
binary_base_topology_shuffle,chunk_4,46,IPC,6.492586241568724,96
binary_base_topology_shuffle,chunk_4,46,KR,3.2748916844526925,96
binary_base_topology_shuffle,chunk_4,46,MC,3.9120318417747817,96
binary_base_topology_shuffle,chunk_4,46,cosine_similarity,0.04605993069708345,96
binary_base_topology_shuffle,chunk_4,46,kl_to_gaussian,0.0,96
binary_base_topology_shuffle,chunk_4,46,wt_mean,0.00224808859638865,96
binary_base_topology_shuffle,chunk_4,47,GR,4.6422359347343445,96
binary_base_topology_shuffle,chunk_4,47,IPC,6.757121799505676,96
binary_base_topology_shuffle,chunk_4,47,KR,2.8701308021942773,96
binary_base_topology_shuffle,chunk_4,47,MC,3.7849001151820025,96
binary_base_topology_shuffle,chunk_4,47,cosine_similarity,0.048557157628238125,96
binary_base_topology_shuffle,chunk_4,47,kl_to_gaussian,0.0,96
binary_base_topology_shuffle,chunk_4,47,wt_mean,0.0022573667520191,96
binary_base_topology_shuffle,chunk_4,48,GR,4.452050055066745,96
binary_base_topology_shuffle,chunk_4,48,IPC,7.07169740299032,96
binary_base_topology_shuffle,chunk_4,48,KR,2.8279468504091105,96
binary_base_topology_shuffle,chunk_4,48,MC,3.814998888721069,96
binary_base_topology_shuffle,chunk_4,48,cosine_similarity,0.0504994392395019,96
binary_base_topology_shuffle,chunk_4,48,kl_to_gaussian,0.0,96
binary_base_topology_shuffle,chunk_4,48,wt_mean,0.002264200884383125,96
binary_base_topology_shuffle,chunk_4,49,GR,4.32984255750974,96
binary_base_topology_shuffle,chunk_4,49,IPC,7.185130545148668,96
binary_base_topology_shuffle,chunk_4,49,KR,2.732383274783691,96
binary_base_topology_shuffle,chunk_4,49,MC,4.026853021234274,96
binary_base_topology_shuffle,chunk_4,49,cosine_similarity,0.049112095497548525,96
binary_base_topology_shuffle,chunk_4,49,kl_to_gaussian,0.0,96
binary_base_topology_shuffle,chunk_4,49,wt_mean,0.0022469765390269,96
binary_base_topology_shuffle,chunk_5,50,GR,4.587345118323962,96
binary_base_topology_shuffle,chunk_5,50,IPC,6.950155944756257,96
binary_base_topology_shuffle,chunk_5,50,KR,2.931930928180615,96
binary_base_topology_shuffle,chunk_5,50,MC,3.8533637759586177,96
binary_base_topology_shuffle,chunk_5,50,cosine_similarity,0.05244172178208825,96
binary_base_topology_shuffle,chunk_5,50,kl_to_gaussian,0.0,96
binary_base_topology_shuffle,chunk_5,50,wt_mean,0.0022453888086601498,96
binary_base_topology_shuffle,chunk_5,51,GR,4.757415764033794,96
binary_base_topology_shuffle,chunk_5,51,IPC,6.898323508780929,96
binary_base_topology_shuffle,chunk_5,51,KR,2.894549485296011,96
binary_base_topology_shuffle,chunk_5,51,MC,3.775452885776758,96
binary_base_topology_shuffle,chunk_5,51,cosine_similarity,0.05244173202663657,96
binary_base_topology_shuffle,chunk_5,51,kl_to_gaussian,0.0,96
binary_base_topology_shuffle,chunk_5,51,wt_mean,0.002268809359520625,96
binary_base_topology_shuffle,chunk_5,52,GR,3.9972558033963046,96
binary_base_topology_shuffle,chunk_5,52,IPC,6.813553272777636,96
binary_base_topology_shuffle,chunk_5,52,KR,2.5153012946248055,96
binary_base_topology_shuffle,chunk_5,52,MC,3.7663882772127786,96
binary_base_topology_shuffle,chunk_5,52,cosine_similarity,0.04495006520301097,96
binary_base_topology_shuffle,chunk_5,52,kl_to_gaussian,0.0,96
binary_base_topology_shuffle,chunk_5,52,wt_mean,0.002249242388643275,96
binary_base_topology_shuffle,chunk_5,53,GR,4.219745187709729,96
binary_base_topology_shuffle,chunk_5,53,IPC,7.051929640590489,96
binary_base_topology_shuffle,chunk_5,53,KR,2.6131423289577165,96
binary_base_topology_shuffle,chunk_5,53,MC,3.8745486748715243,96
binary_base_topology_shuffle,chunk_5,53,cosine_similarity,0.053551609627902425,96
binary_base_topology_shuffle,chunk_5,53,kl_to_gaussian,0.0,96
binary_base_topology_shuffle,chunk_5,53,wt_mean,0.002227657416369725,96
binary_base_topology_shuffle,chunk_5,54,GR,4.237910526494185,96
binary_base_topology_shuffle,chunk_5,54,IPC,7.217471121470574,96
binary_base_topology_shuffle,chunk_5,54,KR,2.6827185998360314,96
binary_base_topology_shuffle,chunk_5,54,MC,4.053289510309696,96
binary_base_topology_shuffle,chunk_5,54,cosine_similarity,0.04827968962490555,96
binary_base_topology_shuffle,chunk_5,54,kl_to_gaussian,0.0,96
binary_base_topology_shuffle,chunk_5,54,wt_mean,0.0022359646682161,96
binary_base_topology_shuffle,chunk_5,55,GR,4.8501245851318044,96
binary_base_topology_shuffle,chunk_5,55,IPC,7.225189860943079,96
binary_base_topology_shuffle,chunk_5,55,KR,2.9851731893916926,96
binary_base_topology_shuffle,chunk_5,55,MC,4.001140466580789,96
binary_base_topology_shuffle,chunk_5,55,cosine_similarity,0.049389576539397205,96
binary_base_topology_shuffle,chunk_5,55,kl_to_gaussian,0.0,96
binary_base_topology_shuffle,chunk_5,55,wt_mean,0.002240834408439625,96
binary_base_topology_shuffle,chunk_5,56,GR,4.098130752642949,96
binary_base_topology_shuffle,chunk_5,56,IPC,7.038202863156017,96
binary_base_topology_shuffle,chunk_5,56,KR,2.5604353869954743,96
binary_base_topology_shuffle,chunk_5,56,MC,3.674713426580032,96
binary_base_topology_shuffle,chunk_5,56,cosine_similarity,0.05022198148071765,96
binary_base_topology_shuffle,chunk_5,56,kl_to_gaussian,0.0,96
binary_base_topology_shuffle,chunk_5,56,wt_mean,0.00224352083750995,96
binary_base_topology_shuffle,chunk_5,57,GR,4.473942657311757,96
binary_base_topology_shuffle,chunk_5,57,IPC,7.1525963839003355,96
binary_base_topology_shuffle,chunk_5,57,KR,2.649470573912064,96
binary_base_topology_shuffle,chunk_5,57,MC,3.6916027329862118,96
binary_base_topology_shuffle,chunk_5,57,cosine_similarity,0.0463373996317386,96
binary_base_topology_shuffle,chunk_5,57,kl_to_gaussian,0.0,96
binary_base_topology_shuffle,chunk_5,57,wt_mean,0.0022461403859778497,96
binary_base_topology_shuffle,chunk_5,58,GR,4.731616787612438,96
binary_base_topology_shuffle,chunk_5,58,IPC,6.748093966226146,96
binary_base_topology_shuffle,chunk_5,58,KR,2.8714337907731533,96
binary_base_topology_shuffle,chunk_5,58,MC,3.574168206502994,96
binary_base_topology_shuffle,chunk_5,58,cosine_similarity,0.04744728188961742,96
binary_base_topology_shuffle,chunk_5,58,kl_to_gaussian,0.0,96
binary_base_topology_shuffle,chunk_5,58,wt_mean,0.0022487945680040498,96
binary_base_topology_shuffle,chunk_5,59,GR,4.224124764402707,96
binary_base_topology_shuffle,chunk_5,59,IPC,6.691764246079803,96
binary_base_topology_shuffle,chunk_5,59,KR,2.682100538164377,96
binary_base_topology_shuffle,chunk_5,59,MC,3.7175767769416175,96
binary_base_topology_shuffle,chunk_5,59,cosine_similarity,0.05077691562473765,96
binary_base_topology_shuffle,chunk_5,59,kl_to_gaussian,0.0,96
binary_base_topology_shuffle,chunk_5,59,wt_mean,0.002258727035950825,96
binary_base_topology_shuffle,chunk_6,60,GR,4.489962266137202,96
binary_base_topology_shuffle,chunk_6,60,IPC,7.020250370123322,96
binary_base_topology_shuffle,chunk_6,60,KR,2.7273067769904933,96
binary_base_topology_shuffle,chunk_6,60,MC,3.5393801257014275,96
binary_base_topology_shuffle,chunk_6,60,cosine_similarity,0.04855715669691555,96
binary_base_topology_shuffle,chunk_6,60,kl_to_gaussian,0.0,96
binary_base_topology_shuffle,chunk_6,60,wt_mean,0.0022538678022100997,96
binary_base_topology_shuffle,chunk_6,61,GR,4.836652262757222,96
binary_base_topology_shuffle,chunk_6,61,IPC,7.084081920501059,96
binary_base_topology_shuffle,chunk_6,61,KR,2.8805323292811713,96
binary_base_topology_shuffle,chunk_6,61,MC,3.6275335835913816,96
binary_base_topology_shuffle,chunk_6,61,cosine_similarity,0.04938955884426827,96
binary_base_topology_shuffle,chunk_6,61,kl_to_gaussian,0.0,96
binary_base_topology_shuffle,chunk_6,61,wt_mean,0.002217386092524925,96
binary_base_topology_shuffle,chunk_6,62,GR,4.236578665673733,96
binary_base_topology_shuffle,chunk_6,62,IPC,7.638512142286392,96
binary_base_topology_shuffle,chunk_6,62,KR,2.626170647641023,96
binary_base_topology_shuffle,chunk_6,62,MC,4.028821714222431,96
binary_base_topology_shuffle,chunk_6,62,cosine_similarity,0.0485571548342704,96
binary_base_topology_shuffle,chunk_6,62,kl_to_gaussian,0.0,96
binary_base_topology_shuffle,chunk_6,62,wt_mean,0.00226676961756305,96
binary_base_topology_shuffle,chunk_6,63,GR,4.923422345270713,96
binary_base_topology_shuffle,chunk_6,63,IPC,7.174431687841742,96
binary_base_topology_shuffle,chunk_6,63,KR,3.0144703462719917,96
binary_base_topology_shuffle,chunk_6,63,MC,3.7797466615835824,96
binary_base_topology_shuffle,chunk_6,63,cosine_similarity,0.045782456174492774,96
binary_base_topology_shuffle,chunk_6,63,kl_to_gaussian,0.0,96
binary_base_topology_shuffle,chunk_6,63,wt_mean,0.002261190937133475,96
binary_base_topology_shuffle,chunk_6,64,GR,4.486699899037679,96
binary_base_topology_shuffle,chunk_6,64,IPC,6.843211135823728,96
binary_base_topology_shuffle,chunk_6,64,KR,2.7662136827905974,96
binary_base_topology_shuffle,chunk_6,64,MC,3.783148940652609,96
binary_base_topology_shuffle,chunk_6,64,cosine_similarity,0.04966705106198785,96
binary_base_topology_shuffle,chunk_6,64,kl_to_gaussian,0.0,96
binary_base_topology_shuffle,chunk_6,64,wt_mean,0.002221678674686625,96
binary_base_topology_shuffle,chunk_6,65,GR,4.234212389836709,96
binary_base_topology_shuffle,chunk_6,65,IPC,6.732326554672125,96
binary_base_topology_shuffle,chunk_6,65,KR,2.6342394463717937,96
binary_base_topology_shuffle,chunk_6,65,MC,3.4317161024858556,96
binary_base_topology_shuffle,chunk_6,65,cosine_similarity,0.0557713573798537,96
binary_base_topology_shuffle,chunk_6,65,kl_to_gaussian,0.0,96
binary_base_topology_shuffle,chunk_6,65,wt_mean,0.0022435267455875253,96
binary_base_topology_shuffle,chunk_6,66,GR,4.346403352916241,96
binary_base_topology_shuffle,chunk_6,66,IPC,6.945787941590397,96
binary_base_topology_shuffle,chunk_6,66,KR,2.718392168482145,96
binary_base_topology_shuffle,chunk_6,66,MC,3.5954546251644692,96
binary_base_topology_shuffle,chunk_6,66,cosine_similarity,0.047169804573059,96
binary_base_topology_shuffle,chunk_6,66,kl_to_gaussian,0.0,96
binary_base_topology_shuffle,chunk_6,66,wt_mean,0.002272284531500125,96
binary_base_topology_shuffle,chunk_6,67,GR,4.117586734394233,96
binary_base_topology_shuffle,chunk_6,67,IPC,6.991171594703751,96
binary_base_topology_shuffle,chunk_6,67,KR,2.581790796170632,96
binary_base_topology_shuffle,chunk_6,67,MC,3.748661085963249,96
binary_base_topology_shuffle,chunk_6,67,cosine_similarity,0.050221974030137055,96
binary_base_topology_shuffle,chunk_6,67,kl_to_gaussian,0.0,96
binary_base_topology_shuffle,chunk_6,67,wt_mean,0.002270727592986,96
binary_base_topology_shuffle,chunk_6,68,GR,3.953005271653334,96
binary_base_topology_shuffle,chunk_6,68,IPC,6.918927293920131,96
binary_base_topology_shuffle,chunk_6,68,KR,2.4800533652305603,96
binary_base_topology_shuffle,chunk_6,68,MC,3.6497336787482104,96
binary_base_topology_shuffle,chunk_6,68,cosine_similarity,0.05049944855272765,96
binary_base_topology_shuffle,chunk_6,68,kl_to_gaussian,0.0,96
binary_base_topology_shuffle,chunk_6,68,wt_mean,0.002272765792440575,96
binary_base_topology_shuffle,chunk_6,69,GR,4.169963384668033,96
binary_base_topology_shuffle,chunk_6,69,IPC,7.120177816915525,96
binary_base_topology_shuffle,chunk_6,69,KR,2.58061495795846,96
binary_base_topology_shuffle,chunk_6,69,MC,3.846855651587248,96
binary_base_topology_shuffle,chunk_6,69,cosine_similarity,0.04994450975209467,96
binary_base_topology_shuffle,chunk_6,69,kl_to_gaussian,0.0,96
binary_base_topology_shuffle,chunk_6,69,wt_mean,0.00222538251546205,96
binary_base_topology_shuffle,chunk_7,70,GR,4.734350834041834,96
binary_base_topology_shuffle,chunk_7,70,IPC,6.5703351229559805,96
binary_base_topology_shuffle,chunk_7,70,KR,2.954937394708395,96
binary_base_topology_shuffle,chunk_7,70,MC,3.7320442870259285,96
binary_base_topology_shuffle,chunk_7,70,cosine_similarity,0.053829080425202826,96
binary_base_topology_shuffle,chunk_7,70,kl_to_gaussian,0.0,96
binary_base_topology_shuffle,chunk_7,70,wt_mean,0.00224279076792295,96
binary_base_topology_shuffle,chunk_7,71,GR,4.4390919009844465,96
binary_base_topology_shuffle,chunk_7,71,IPC,6.936426037612314,96
binary_base_topology_shuffle,chunk_7,71,KR,2.7741496562957764,96
binary_base_topology_shuffle,chunk_7,71,MC,3.7035649915536246,96
binary_base_topology_shuffle,chunk_7,71,cosine_similarity,0.0516093214973807,96
binary_base_topology_shuffle,chunk_7,71,kl_to_gaussian,0.0,96
binary_base_topology_shuffle,chunk_7,71,wt_mean,0.0022468710376415,96
binary_base_topology_shuffle,chunk_7,72,GR,3.93752001474301,96
binary_base_topology_shuffle,chunk_7,72,IPC,7.257649754412033,96
binary_base_topology_shuffle,chunk_7,72,KR,2.5532910153269768,96
binary_base_topology_shuffle,chunk_7,72,MC,4.099184873203437,96
binary_base_topology_shuffle,chunk_7,72,cosine_similarity,0.047447286546230295,96
binary_base_topology_shuffle,chunk_7,72,kl_to_gaussian,0.0,96
binary_base_topology_shuffle,chunk_7,72,wt_mean,0.00223145872587335,96
binary_base_topology_shuffle,chunk_7,73,GR,3.8281617276370525,96
binary_base_topology_shuffle,chunk_7,73,IPC,7.299918000941658,96
binary_base_topology_shuffle,chunk_7,73,KR,2.429989743977785,96
binary_base_topology_shuffle,chunk_7,73,MC,3.863687480489413,96
binary_base_topology_shuffle,chunk_7,73,cosine_similarity,0.051054368726909126,96
binary_base_topology_shuffle,chunk_7,73,kl_to_gaussian,0.0,96
binary_base_topology_shuffle,chunk_7,73,wt_mean,0.0022568005661014,96
binary_base_topology_shuffle,chunk_7,74,GR,4.2714575082063675,96
binary_base_topology_shuffle,chunk_7,74,IPC,7.192873292070882,96
binary_base_topology_shuffle,chunk_7,74,KR,2.564229376614094,96
binary_base_topology_shuffle,chunk_7,74,MC,3.7778090151647725,96
binary_base_topology_shuffle,chunk_7,74,cosine_similarity,0.05077692307531825,96
binary_base_topology_shuffle,chunk_7,74,kl_to_gaussian,0.0,96
binary_base_topology_shuffle,chunk_7,74,wt_mean,0.002238237706478625,96
binary_base_topology_shuffle,chunk_7,75,GR,4.611375094701846,96
binary_base_topology_shuffle,chunk_7,75,IPC,6.7707133205933046,96
binary_base_topology_shuffle,chunk_7,75,KR,2.894905112683773,96
binary_base_topology_shuffle,chunk_7,75,MC,3.9912794567644596,96
binary_base_topology_shuffle,chunk_7,75,cosine_similarity,0.051886775530874674,96
binary_base_topology_shuffle,chunk_7,75,kl_to_gaussian,0.0,96
binary_base_topology_shuffle,chunk_7,75,wt_mean,0.002215156011516175,96
binary_base_topology_shuffle,chunk_7,76,GR,4.224292806039254,96
binary_base_topology_shuffle,chunk_7,76,IPC,7.0774933599416086,96
binary_base_topology_shuffle,chunk_7,76,KR,2.636370610445738,96
binary_base_topology_shuffle,chunk_7,76,MC,3.8865164232750735,96
binary_base_topology_shuffle,chunk_7,76,cosine_similarity,0.057436174713075126,96
binary_base_topology_shuffle,chunk_7,76,kl_to_gaussian,0.0,96
binary_base_topology_shuffle,chunk_7,76,wt_mean,0.002261648041894625,96
binary_base_topology_shuffle,chunk_7,77,GR,4.894183772305648,96
binary_base_topology_shuffle,chunk_7,77,IPC,6.6551665590896,96
binary_base_topology_shuffle,chunk_7,77,KR,3.0698267134527364,96
binary_base_topology_shuffle,chunk_7,77,MC,3.7473250664770603,96
binary_base_topology_shuffle,chunk_7,77,cosine_similarity,0.0485571585595607,96
binary_base_topology_shuffle,chunk_7,77,kl_to_gaussian,0.0,96
binary_base_topology_shuffle,chunk_7,77,wt_mean,0.00224827195052055,96
binary_base_topology_shuffle,chunk_7,78,GR,4.3836462286611395,96
binary_base_topology_shuffle,chunk_7,78,IPC,7.148453397505748,96
binary_base_topology_shuffle,chunk_7,78,KR,2.594854060560465,96
binary_base_topology_shuffle,chunk_7,78,MC,3.753683834026257,96
binary_base_topology_shuffle,chunk_7,78,cosine_similarity,0.05493896268308155,96
binary_base_topology_shuffle,chunk_7,78,kl_to_gaussian,0.0,96
binary_base_topology_shuffle,chunk_7,78,wt_mean,0.0022409533557947252,96
binary_base_topology_shuffle,chunk_7,79,GR,4.5922465187807875,96
binary_base_topology_shuffle,chunk_7,79,IPC,7.009542416836404,96
binary_base_topology_shuffle,chunk_7,79,KR,2.810646223525206,96
binary_base_topology_shuffle,chunk_7,79,MC,3.798610044643283,96
binary_base_topology_shuffle,chunk_7,79,cosine_similarity,0.0471698157489299,96
binary_base_topology_shuffle,chunk_7,79,kl_to_gaussian,0.0,96
binary_base_topology_shuffle,chunk_7,79,wt_mean,0.0022682859562336752,96
binary_base_topology_shuffle,chunk_8,80,GR,4.512880875418584,96
binary_base_topology_shuffle,chunk_8,80,IPC,6.551173520361644,96
binary_base_topology_shuffle,chunk_8,80,KR,2.8674501279989877,96
binary_base_topology_shuffle,chunk_8,80,MC,3.9012467811505,96
binary_base_topology_shuffle,chunk_8,80,cosine_similarity,0.050221972167491906,96
binary_base_topology_shuffle,chunk_8,80,kl_to_gaussian,0.0,96
binary_base_topology_shuffle,chunk_8,80,wt_mean,0.00223529673530715,96
binary_base_topology_shuffle,chunk_8,81,GR,5.099000446498394,96
binary_base_topology_shuffle,chunk_8,81,IPC,6.266573983435554,96
binary_base_topology_shuffle,chunk_8,81,KR,3.131012514233589,96
binary_base_topology_shuffle,chunk_8,81,MC,3.6558956479032836,96
binary_base_topology_shuffle,chunk_8,81,cosine_similarity,0.0535516142845153,96
binary_base_topology_shuffle,chunk_8,81,kl_to_gaussian,0.0,96
binary_base_topology_shuffle,chunk_8,81,wt_mean,0.0022151441662571747,96
binary_base_topology_shuffle,chunk_8,82,GR,4.74064668143789,96
binary_base_topology_shuffle,chunk_8,82,IPC,6.393486239462226,96
binary_base_topology_shuffle,chunk_8,82,KR,2.985678239415089,96
binary_base_topology_shuffle,chunk_8,82,MC,3.625789612531662,96
binary_base_topology_shuffle,chunk_8,82,cosine_similarity,0.04938955325633285,96
binary_base_topology_shuffle,chunk_8,82,kl_to_gaussian,0.0,96
binary_base_topology_shuffle,chunk_8,82,wt_mean,0.0022383544419426,96
binary_base_topology_shuffle,chunk_8,83,GR,4.4192503814895945,96
binary_base_topology_shuffle,chunk_8,83,IPC,6.399076881915248,96
binary_base_topology_shuffle,chunk_8,83,KR,2.635940618813038,96
binary_base_topology_shuffle,chunk_8,83,MC,3.482440115263065,96
binary_base_topology_shuffle,chunk_8,83,cosine_similarity,0.0518867932260036,96
binary_base_topology_shuffle,chunk_8,83,kl_to_gaussian,0.0,96
binary_base_topology_shuffle,chunk_8,83,wt_mean,0.0022615755151491252,96
binary_base_topology_shuffle,chunk_8,84,GR,4.730738691985607,96
binary_base_topology_shuffle,chunk_8,84,IPC,6.734444126109866,96
binary_base_topology_shuffle,chunk_8,84,KR,2.9338205394645533,96
binary_base_topology_shuffle,chunk_8,84,MC,3.77095777541399,96
binary_base_topology_shuffle,chunk_8,84,cosine_similarity,0.04883463773876425,96
binary_base_topology_shuffle,chunk_8,84,kl_to_gaussian,0.0,96
binary_base_topology_shuffle,chunk_8,84,wt_mean,0.0022620862000621252,96
binary_base_topology_shuffle,chunk_8,85,GR,4.526595424860716,96
binary_base_topology_shuffle,chunk_8,85,IPC,6.505876712051162,96
binary_base_topology_shuffle,chunk_8,85,KR,2.7674901063243547,96
binary_base_topology_shuffle,chunk_8,85,MC,3.694142202536265,96
binary_base_topology_shuffle,chunk_8,85,cosine_similarity,0.04744726512581107,96
binary_base_topology_shuffle,chunk_8,85,kl_to_gaussian,0.0,96
binary_base_topology_shuffle,chunk_8,85,wt_mean,0.0022872127010486747,96
binary_base_topology_shuffle,chunk_8,86,GR,3.940866142511368,96
binary_base_topology_shuffle,chunk_8,86,IPC,6.531178456490859,96
binary_base_topology_shuffle,chunk_8,86,KR,2.484206943462292,96
binary_base_topology_shuffle,chunk_8,86,MC,3.656711980700493,96
binary_base_topology_shuffle,chunk_8,86,cosine_similarity,0.043562724255025324,96
binary_base_topology_shuffle,chunk_8,86,kl_to_gaussian,0.0,96
binary_base_topology_shuffle,chunk_8,86,wt_mean,0.002252856967970675,96
binary_base_topology_shuffle,chunk_8,87,GR,4.20104284832875,96
binary_base_topology_shuffle,chunk_8,87,IPC,6.751325549466311,96
binary_base_topology_shuffle,chunk_8,87,KR,2.5592992852131524,96
binary_base_topology_shuffle,chunk_8,87,MC,3.6030325576042137,96
binary_base_topology_shuffle,chunk_8,87,cosine_similarity,0.05160931777209043,96
binary_base_topology_shuffle,chunk_8,87,kl_to_gaussian,0.0,96
binary_base_topology_shuffle,chunk_8,87,wt_mean,0.002256619773106625,96
binary_base_topology_shuffle,chunk_8,88,GR,4.863169755786657,96
binary_base_topology_shuffle,chunk_8,88,IPC,6.556014757859294,96
binary_base_topology_shuffle,chunk_8,88,KR,2.9167909349004426,96
binary_base_topology_shuffle,chunk_8,88,MC,3.551657891521851,96
binary_base_topology_shuffle,chunk_8,88,cosine_similarity,0.04994451254606239,96
binary_base_topology_shuffle,chunk_8,88,kl_to_gaussian,0.0,96
binary_base_topology_shuffle,chunk_8,88,wt_mean,0.002239487745100575,96
binary_base_topology_shuffle,chunk_8,89,GR,4.173951297998428,96
binary_base_topology_shuffle,chunk_8,89,IPC,6.500889104709981,96
binary_base_topology_shuffle,chunk_8,89,KR,2.6560156357785067,96
binary_base_topology_shuffle,chunk_8,89,MC,3.7430884850521884,96
binary_base_topology_shuffle,chunk_8,89,cosine_similarity,0.049667035229504074,96
binary_base_topology_shuffle,chunk_8,89,kl_to_gaussian,0.0,96
binary_base_topology_shuffle,chunk_8,89,wt_mean,0.0022203797707333497,96
binary_base_topology_shuffle,chunk_9,90,GR,5.800296814491351,96
binary_base_topology_shuffle,chunk_9,90,IPC,6.260998005506835,96
binary_base_topology_shuffle,chunk_9,90,KR,3.453691146026055,96
binary_base_topology_shuffle,chunk_9,90,MC,3.558999639004469,96
binary_base_topology_shuffle,chunk_9,90,cosine_similarity,0.04994450788944952,96
binary_base_topology_shuffle,chunk_9,90,kl_to_gaussian,0.0,96
binary_base_topology_shuffle,chunk_9,90,wt_mean,0.002256250299978975,96
binary_base_topology_shuffle,chunk_9,91,GR,4.513598853101333,96
binary_base_topology_shuffle,chunk_9,91,IPC,6.406786065234567,96
binary_base_topology_shuffle,chunk_9,91,KR,2.7711629706124463,96
binary_base_topology_shuffle,chunk_9,91,MC,3.368138153105974,96
binary_base_topology_shuffle,chunk_9,91,cosine_similarity,0.0468923486769199,96
binary_base_topology_shuffle,chunk_9,91,kl_to_gaussian,0.0,96
binary_base_topology_shuffle,chunk_9,91,wt_mean,0.002226722863269925,96
binary_base_topology_shuffle,chunk_9,92,GR,4.642110695441564,96
binary_base_topology_shuffle,chunk_9,92,IPC,6.373623070667584,96
binary_base_topology_shuffle,chunk_9,92,KR,2.916558270653089,96
binary_base_topology_shuffle,chunk_9,92,MC,3.5175089997549853,96
binary_base_topology_shuffle,chunk_9,92,cosine_similarity,0.04550498537719245,96
binary_base_topology_shuffle,chunk_9,92,kl_to_gaussian,0.0,96
binary_base_topology_shuffle,chunk_9,92,wt_mean,0.0022468684474005753,96
binary_base_topology_shuffle,chunk_9,93,GR,4.473502301921447,96
binary_base_topology_shuffle,chunk_9,93,IPC,6.541396383219457,96
binary_base_topology_shuffle,chunk_9,93,KR,2.8446466475725174,96
binary_base_topology_shuffle,chunk_9,93,MC,3.8467572716375193,96
binary_base_topology_shuffle,chunk_9,93,cosine_similarity,0.05133183486759655,96
binary_base_topology_shuffle,chunk_9,93,kl_to_gaussian,0.0,96
binary_base_topology_shuffle,chunk_9,93,wt_mean,0.002269741788040775,96
binary_base_topology_shuffle,chunk_9,94,GR,4.94882241760691,96
binary_base_topology_shuffle,chunk_9,94,IPC,6.62564948290589,96
binary_base_topology_shuffle,chunk_9,94,KR,3.067345197002093,96
binary_base_topology_shuffle,chunk_9,94,MC,3.714145621905724,96
binary_base_topology_shuffle,chunk_9,94,cosine_similarity,0.05160931963473555,96
binary_base_topology_shuffle,chunk_9,94,kl_to_gaussian,0.0,96
binary_base_topology_shuffle,chunk_9,94,wt_mean,0.0022553101589436997,96
binary_base_topology_shuffle,chunk_9,95,GR,4.245616770039002,96
binary_base_topology_shuffle,chunk_9,95,IPC,6.783575521427065,96
binary_base_topology_shuffle,chunk_9,95,KR,2.6414536448816457,96
binary_base_topology_shuffle,chunk_9,95,MC,3.675301779061556,96
binary_base_topology_shuffle,chunk_9,95,cosine_similarity,0.05549389589577908,96
binary_base_topology_shuffle,chunk_9,95,kl_to_gaussian,0.0,96
binary_base_topology_shuffle,chunk_9,95,wt_mean,0.00223528689821245,96
binary_base_topology_shuffle,chunk_9,96,GR,5.233807314187288,96
binary_base_topology_shuffle,chunk_9,96,IPC,6.603668905617262,96
binary_base_topology_shuffle,chunk_9,96,KR,3.128487734744946,96
binary_base_topology_shuffle,chunk_9,96,MC,3.6841020422677198,96
binary_base_topology_shuffle,chunk_9,96,cosine_similarity,0.0457824543118476,96
binary_base_topology_shuffle,chunk_9,96,kl_to_gaussian,0.0,96
binary_base_topology_shuffle,chunk_9,96,wt_mean,0.00223460298730055,96
binary_base_topology_shuffle,chunk_9,97,GR,4.9221182987093925,96
binary_base_topology_shuffle,chunk_9,97,IPC,6.634980760940099,96
binary_base_topology_shuffle,chunk_9,97,KR,3.0116014517843723,96
binary_base_topology_shuffle,chunk_9,97,MC,3.602896990875403,96
binary_base_topology_shuffle,chunk_9,97,cosine_similarity,0.04911208711564535,96
binary_base_topology_shuffle,chunk_9,97,kl_to_gaussian,0.0,96
binary_base_topology_shuffle,chunk_9,97,wt_mean,0.0022404420014936,96
binary_base_topology_shuffle,chunk_9,98,GR,4.192411517103513,96
binary_base_topology_shuffle,chunk_9,98,IPC,6.8197267748071155,96
binary_base_topology_shuffle,chunk_9,98,KR,2.594202714661757,96
binary_base_topology_shuffle,chunk_9,98,MC,3.7969001457095146,96
binary_base_topology_shuffle,chunk_9,98,cosine_similarity,0.05521641019731757,96
binary_base_topology_shuffle,chunk_9,98,kl_to_gaussian,0.0,96
binary_base_topology_shuffle,chunk_9,98,wt_mean,0.00224759484990495,96
binary_base_topology_shuffle,chunk_9,99,GR,4.922771017998457,96
binary_base_topology_shuffle,chunk_9,99,IPC,6.455334245973638,96
binary_base_topology_shuffle,chunk_9,99,KR,3.131557739029328,96
binary_base_topology_shuffle,chunk_9,99,MC,3.6478963208695254,96
binary_base_topology_shuffle,chunk_9,99,cosine_similarity,0.04744729492813347,96
binary_base_topology_shuffle,chunk_9,99,kl_to_gaussian,0.0,96
binary_base_topology_shuffle,chunk_9,99,wt_mean,0.002245341485831825,96
celW+connShuf,chunk_0,0,GR,14.922067694365978,96
celW+connShuf,chunk_0,0,IPC,11.74764802707613,96
celW+connShuf,chunk_0,0,KR,7.229399777948856,96
celW+connShuf,chunk_0,0,MC,6.549491569399834,96
celW+connShuf,chunk_0,0,cosine_similarity,0.020487686153501248,96
celW+connShuf,chunk_0,0,kl_to_gaussian,1.1599981958582564,96
celW+connShuf,chunk_0,0,wt_mean,0.0021672553266397997,96
celW+connShuf,chunk_0,1,GR,15.547750398516655,96
celW+connShuf,chunk_0,1,IPC,11.90053176780407,96
celW+connShuf,chunk_0,1,KR,7.753784726063411,96
celW+connShuf,chunk_0,1,MC,6.646735938886802,96
celW+connShuf,chunk_0,1,cosine_similarity,0.019065826665610026,96
celW+connShuf,chunk_0,1,kl_to_gaussian,1.1599982258822943,96
celW+connShuf,chunk_0,1,wt_mean,0.00208504189504305,96
celW+connShuf,chunk_0,2,GR,14.398648855586847,96
celW+connShuf,chunk_0,2,IPC,11.505878419082961,96
celW+connShuf,chunk_0,2,KR,7.012580424547195,96
celW+connShuf,chunk_0,2,MC,6.489679973572493,96
celW+connShuf,chunk_0,2,cosine_similarity,0.022620473057031576,96
celW+connShuf,chunk_0,2,kl_to_gaussian,1.1599982517869956,96
celW+connShuf,chunk_0,2,wt_mean,0.00216707936488085,96
celW+connShuf,chunk_0,3,GR,15.600342730681101,96
celW+connShuf,chunk_0,3,IPC,12.16740784781915,96
celW+connShuf,chunk_0,3,KR,7.421103785435359,96
celW+connShuf,chunk_0,3,MC,6.569374933838844,96
celW+connShuf,chunk_0,3,cosine_similarity,0.013927748659625601,96
celW+connShuf,chunk_0,3,kl_to_gaussian,1.1599982012040198,96
celW+connShuf,chunk_0,3,wt_mean,0.0022196835197973498,96
celW+connShuf,chunk_0,4,GR,16.51977554212014,96
celW+connShuf,chunk_0,4,IPC,11.326895949603326,96
celW+connShuf,chunk_0,4,KR,8.124450773000717,96
celW+connShuf,chunk_0,4,MC,6.408107608556747,96
celW+connShuf,chunk_0,4,cosine_similarity,0.015737385954707826,96
celW+connShuf,chunk_0,4,kl_to_gaussian,1.1599982007830076,96
celW+connShuf,chunk_0,4,wt_mean,0.0021017200779169247,96
celW+connShuf,chunk_0,5,GR,15.97131642450889,96
celW+connShuf,chunk_0,5,IPC,12.675581032527894,96
celW+connShuf,chunk_0,5,KR,8.138528044025103,96
celW+connShuf,chunk_0,5,MC,7.367655616253614,96
celW+connShuf,chunk_0,5,cosine_similarity,0.024171593133360123,96
celW+connShuf,chunk_0,5,kl_to_gaussian,1.1599982582245183,96
celW+connShuf,chunk_0,5,wt_mean,0.00221964414231475,96
celW+connShuf,chunk_0,6,GR,15.37809665252765,96
celW+connShuf,chunk_0,6,IPC,12.059272684822119,96
celW+connShuf,chunk_0,6,KR,7.830957191685836,96
celW+connShuf,chunk_0,6,MC,6.771499079962571,96
celW+connShuf,chunk_0,6,cosine_similarity,0.013087558792903976,96
celW+connShuf,chunk_0,6,kl_to_gaussian,1.1599981766404077,96
celW+connShuf,chunk_0,6,wt_mean,0.0022023242199793003,96
celW+connShuf,chunk_0,7,GR,15.100300125777721,96
celW+connShuf,chunk_0,7,IPC,12.108301749718132,96
celW+connShuf,chunk_0,7,KR,7.102383069694042,96
celW+connShuf,chunk_0,7,MC,6.386118606974681,96
celW+connShuf,chunk_0,7,cosine_similarity,0.021877229679375873,96
celW+connShuf,chunk_0,7,kl_to_gaussian,1.1599981159871156,96
celW+connShuf,chunk_0,7,wt_mean,0.0022426556970458,96
celW+connShuf,chunk_0,8,GR,14.584882174928984,96
celW+connShuf,chunk_0,8,IPC,11.291864147654943,96
celW+connShuf,chunk_0,8,KR,7.2084492444992065,96
celW+connShuf,chunk_0,8,MC,6.432863901058833,96
celW+connShuf,chunk_0,8,cosine_similarity,0.009759119246154975,96
celW+connShuf,chunk_0,8,kl_to_gaussian,1.1599982262110993,96
celW+connShuf,chunk_0,8,wt_mean,0.002151808352209575,96
celW+connShuf,chunk_0,9,GR,13.787554800510406,96
celW+connShuf,chunk_0,9,IPC,11.132002197394735,96
celW+connShuf,chunk_0,9,KR,6.973793879151344,96
celW+connShuf,chunk_0,9,MC,6.172700888166825,96
celW+connShuf,chunk_0,9,cosine_similarity,0.01641599973663685,96
celW+connShuf,chunk_0,9,kl_to_gaussian,1.1599981197148275,96
celW+connShuf,chunk_0,9,wt_mean,0.00210639060242095,96
celW+connShuf,chunk_1,10,GR,20.624040864408016,96
celW+connShuf,chunk_1,10,IPC,12.247725368440976,96
celW+connShuf,chunk_1,10,KR,10.036372082928816,96
celW+connShuf,chunk_1,10,MC,6.956601334114869,96
celW+connShuf,chunk_1,10,cosine_similarity,0.017450080718845077,96
celW+connShuf,chunk_1,10,kl_to_gaussian,1.159998184478795,96
celW+connShuf,chunk_1,10,wt_mean,0.0024506395566277,96
celW+connShuf,chunk_1,11,GR,16.1155572856466,96
celW+connShuf,chunk_1,11,IPC,12.831182238560187,96
celW+connShuf,chunk_1,11,KR,8.044968888163567,96
celW+connShuf,chunk_1,11,MC,7.150640832881133,96
celW+connShuf,chunk_1,11,cosine_similarity,0.021360191516578125,96
celW+connShuf,chunk_1,11,kl_to_gaussian,1.1599980712934288,96
celW+connShuf,chunk_1,11,wt_mean,0.0021041402651462,96
celW+connShuf,chunk_1,12,GR,18.12302649517854,96
celW+connShuf,chunk_1,12,IPC,11.285979286394939,96
celW+connShuf,chunk_1,12,KR,8.782836164037386,96
celW+connShuf,chunk_1,12,MC,6.271239732702573,96
celW+connShuf,chunk_1,12,cosine_similarity,0.0160928512923419,96
celW+connShuf,chunk_1,12,kl_to_gaussian,1.1599981932462793,96
celW+connShuf,chunk_1,12,wt_mean,0.00224342729779885,96
celW+connShuf,chunk_1,13,GR,17.461812242865562,96
celW+connShuf,chunk_1,13,IPC,11.206327210519541,96
celW+connShuf,chunk_1,13,KR,8.586820383866629,96
celW+connShuf,chunk_1,13,MC,6.673619392017524,96
celW+connShuf,chunk_1,13,cosine_similarity,0.024882521945983126,96
celW+connShuf,chunk_1,13,kl_to_gaussian,1.1599981938486315,96
celW+connShuf,chunk_1,13,wt_mean,0.0022023332130629253,96
celW+connShuf,chunk_1,14,GR,27.016884845991928,96
celW+connShuf,chunk_1,14,IPC,14.795318341862675,96
celW+connShuf,chunk_1,14,KR,13.188875709970793,96
celW+connShuf,chunk_1,14,MC,8.498654246330261,96
celW+connShuf,chunk_1,14,cosine_similarity,0.020649260375648675,96
celW+connShuf,chunk_1,14,kl_to_gaussian,1.1599981295749424,96
celW+connShuf,chunk_1,14,wt_mean,0.002674789750017175,96
celW+connShuf,chunk_1,15,GR,16.555638988812763,96
celW+connShuf,chunk_1,15,IPC,12.517262834632987,96
celW+connShuf,chunk_1,15,KR,8.265707701444626,96
celW+connShuf,chunk_1,15,MC,7.316945823530356,96
celW+connShuf,chunk_1,15,cosine_similarity,0.024462425149977176,96
celW+connShuf,chunk_1,15,kl_to_gaussian,1.1599982436308252,96
celW+connShuf,chunk_1,15,wt_mean,0.002341066021472175,96
celW+connShuf,chunk_1,16,GR,21.203319162130356,96
celW+connShuf,chunk_1,16,IPC,12.463230039050755,96
celW+connShuf,chunk_1,16,KR,10.218638176719347,96
celW+connShuf,chunk_1,16,MC,7.29173228641351,96
celW+connShuf,chunk_1,16,cosine_similarity,0.0147679378278553,96
celW+connShuf,chunk_1,16,kl_to_gaussian,1.1599982057904357,96
celW+connShuf,chunk_1,16,wt_mean,0.00236272803158495,96
celW+connShuf,chunk_1,17,GR,19.841153534750145,96
celW+connShuf,chunk_1,17,IPC,12.31090100307761,96
celW+connShuf,chunk_1,17,KR,9.600195763011774,96
celW+connShuf,chunk_1,17,MC,6.946562208235264,96
celW+connShuf,chunk_1,17,cosine_similarity,0.022911308798938948,96
celW+connShuf,chunk_1,17,kl_to_gaussian,1.159998171344541,96
celW+connShuf,chunk_1,17,wt_mean,0.002450107160257125,96
celW+connShuf,chunk_1,18,GR,13.66496480256319,96
celW+connShuf,chunk_1,18,IPC,11.141369678453595,96
celW+connShuf,chunk_1,18,KR,6.809857361018658,96
celW+connShuf,chunk_1,18,MC,6.061343225340049,96
celW+connShuf,chunk_1,18,cosine_similarity,0.016642205882817476,96
celW+connShuf,chunk_1,18,kl_to_gaussian,1.1599981421790158,96
celW+connShuf,chunk_1,18,wt_mean,0.002050132665317475,96
celW+connShuf,chunk_1,19,GR,21.581453427672386,96
celW+connShuf,chunk_1,19,IPC,14.024081398450408,96
celW+connShuf,chunk_1,19,KR,10.481709261735281,96
celW+connShuf,chunk_1,19,MC,7.732552402963241,96
celW+connShuf,chunk_1,19,cosine_similarity,0.018742677289992498,96
celW+connShuf,chunk_1,19,kl_to_gaussian,1.1599981340878536,96
celW+connShuf,chunk_1,19,wt_mean,0.002451219683280175,96
celW+connShuf,chunk_10,100,GR,27.632777174313862,96
celW+connShuf,chunk_10,100,IPC,13.26184877472256,96
celW+connShuf,chunk_10,100,KR,13.479608309765657,96
celW+connShuf,chunk_10,100,MC,7.853018661340077,96
celW+connShuf,chunk_10,100,cosine_similarity,0.020326111931353776,96
celW+connShuf,chunk_10,100,kl_to_gaussian,1.1599981966545674,96
celW+connShuf,chunk_10,100,wt_mean,0.0027522480813785503,96
celW+connShuf,chunk_10,101,GR,21.508744686841965,96
celW+connShuf,chunk_10,101,IPC,11.306642165400893,96
celW+connShuf,chunk_10,101,KR,10.658394694328308,96
celW+connShuf,chunk_10,101,MC,7.085794610281785,96
celW+connShuf,chunk_10,101,cosine_similarity,0.022361954208463375,96
celW+connShuf,chunk_10,101,kl_to_gaussian,1.15999819770813,96
celW+connShuf,chunk_10,101,wt_mean,0.002516446838853825,96
celW+connShuf,chunk_10,102,GR,18.097133641441662,96
celW+connShuf,chunk_10,102,IPC,9.975424668101203,96
celW+connShuf,chunk_10,102,KR,9.079327983160814,96
celW+connShuf,chunk_10,102,MC,5.9416565982004,96
celW+connShuf,chunk_10,102,cosine_similarity,0.013087559957057201,96
celW+connShuf,chunk_10,102,kl_to_gaussian,1.1599981486431117,96
celW+connShuf,chunk_10,102,wt_mean,0.002282988134538725,96
celW+connShuf,chunk_10,103,GR,17.11391681432724,96
celW+connShuf,chunk_10,103,IPC,10.339679872094656,96
celW+connShuf,chunk_10,103,KR,8.715225405991077,96
celW+connShuf,chunk_10,103,MC,6.379264918466409,96
celW+connShuf,chunk_10,103,cosine_similarity,0.015026457840576749,96
celW+connShuf,chunk_10,103,kl_to_gaussian,1.1599981465460953,96
celW+connShuf,chunk_10,103,wt_mean,0.002167616010410675,96
celW+connShuf,chunk_10,104,GR,16.47327416886886,96
celW+connShuf,chunk_10,104,IPC,10.529401893891913,96
celW+connShuf,chunk_10,104,KR,8.049476797382036,96
celW+connShuf,chunk_10,104,MC,6.2270604111254215,96
celW+connShuf,chunk_10,104,cosine_similarity,0.018419528845697624,96
celW+connShuf,chunk_10,104,kl_to_gaussian,1.1599982992247604,96
celW+connShuf,chunk_10,104,wt_mean,0.002094938798109025,96
celW+connShuf,chunk_10,105,GR,13.92721521606048,96
celW+connShuf,chunk_10,105,IPC,8.862597667598752,96
celW+connShuf,chunk_10,105,KR,7.074801656107108,96
celW+connShuf,chunk_10,105,MC,5.645697406182687,96
celW+connShuf,chunk_10,105,cosine_similarity,0.016383686568587973,96
celW+connShuf,chunk_10,105,kl_to_gaussian,1.1599981276336806,96
celW+connShuf,chunk_10,105,wt_mean,0.0020084120042156,96
celW+connShuf,chunk_10,106,GR,15.087395305434862,96
celW+connShuf,chunk_10,106,IPC,10.084180305911369,96
celW+connShuf,chunk_10,106,KR,7.737948608895143,96
celW+connShuf,chunk_10,106,MC,5.746064105381568,96
celW+connShuf,chunk_10,106,cosine_similarity,0.0171269299462437,96
celW+connShuf,chunk_10,106,kl_to_gaussian,1.1599982310954406,96
celW+connShuf,chunk_10,106,wt_mean,0.0021869308839086,96
celW+connShuf,chunk_10,107,GR,17.195725833376247,96
celW+connShuf,chunk_10,107,IPC,9.663102593652729,96
celW+connShuf,chunk_10,107,KR,8.568279318511486,96
celW+connShuf,chunk_10,107,MC,6.065817179779212,96
celW+connShuf,chunk_10,107,cosine_similarity,0.023008254356682276,96
celW+connShuf,chunk_10,107,kl_to_gaussian,1.159998135848806,96
celW+connShuf,chunk_10,107,wt_mean,0.002239030989585425,96
celW+connShuf,chunk_10,108,GR,16.854850247502327,96
celW+connShuf,chunk_10,108,IPC,10.684387660640901,96
celW+connShuf,chunk_10,108,KR,8.30693444609642,96
celW+connShuf,chunk_10,108,MC,6.612731071809928,96
celW+connShuf,chunk_10,108,cosine_similarity,0.018678048625588375,96
celW+connShuf,chunk_10,108,kl_to_gaussian,1.159998099447529,96
celW+connShuf,chunk_10,108,wt_mean,0.00229467960889445,96
celW+connShuf,chunk_10,109,GR,19.87693400681019,96
celW+connShuf,chunk_10,109,IPC,11.460382712034507,96
celW+connShuf,chunk_10,109,KR,9.648975024620691,96
celW+connShuf,chunk_10,109,MC,6.848366178572178,96
celW+connShuf,chunk_10,109,cosine_similarity,0.022814362775534325,96
celW+connShuf,chunk_10,109,kl_to_gaussian,1.1599982355414908,96
celW+connShuf,chunk_10,109,wt_mean,0.0023744906065985,96
celW+connShuf,chunk_11,110,GR,16.567595899105072,96
celW+connShuf,chunk_11,110,IPC,9.92937954142088,96
celW+connShuf,chunk_11,110,KR,8.12389778594176,96
celW+connShuf,chunk_11,110,MC,6.089000495771567,96
celW+connShuf,chunk_11,110,cosine_similarity,0.023072883952408973,96
celW+connShuf,chunk_11,110,kl_to_gaussian,1.159998213030511,96
celW+connShuf,chunk_11,110,wt_mean,0.0022321082360576253,96
celW+connShuf,chunk_11,111,GR,19.685237981379032,96
celW+connShuf,chunk_11,111,IPC,11.898035367981512,96
celW+connShuf,chunk_11,111,KR,9.587625662485758,96
celW+connShuf,chunk_11,111,MC,6.798502489924431,96
celW+connShuf,chunk_11,111,cosine_similarity,0.01696535618975755,96
celW+connShuf,chunk_11,111,kl_to_gaussian,1.159998106425659,96
celW+connShuf,chunk_11,111,wt_mean,0.0023168806510511252,96
celW+connShuf,chunk_11,112,GR,16.84027981509765,96
celW+connShuf,chunk_11,112,IPC,10.752466234859002,96
celW+connShuf,chunk_11,112,KR,8.178133182227612,96
celW+connShuf,chunk_11,112,MC,6.178003170837958,96
celW+connShuf,chunk_11,112,cosine_similarity,0.017223877366632175,96
celW+connShuf,chunk_11,112,kl_to_gaussian,1.1599981419646666,96
celW+connShuf,chunk_11,112,wt_mean,0.002265578135848025,96
celW+connShuf,chunk_11,113,GR,16.482196850081284,96
celW+connShuf,chunk_11,113,IPC,9.450071813439333,96
celW+connShuf,chunk_11,113,KR,8.261357203125954,96
celW+connShuf,chunk_11,113,MC,5.669954087585211,96
celW+connShuf,chunk_11,113,cosine_similarity,0.020293796900659748,96
celW+connShuf,chunk_11,113,kl_to_gaussian,1.1599981409101148,96
celW+connShuf,chunk_11,113,wt_mean,0.002131435729097525,96
celW+connShuf,chunk_11,114,GR,13.396237092713514,96
celW+connShuf,chunk_11,114,IPC,9.84034953956928,96
celW+connShuf,chunk_11,114,KR,6.692139133810997,96
celW+connShuf,chunk_11,114,MC,5.799010179936886,96
celW+connShuf,chunk_11,114,cosine_similarity,0.0177732296288013,96
celW+connShuf,chunk_11,114,kl_to_gaussian,1.1599981304605993,96
celW+connShuf,chunk_11,114,wt_mean,0.002073222160106475,96
celW+connShuf,chunk_11,115,GR,17.16866008689006,96
celW+connShuf,chunk_11,115,IPC,9.963576600880227,96
celW+connShuf,chunk_11,115,KR,8.581467899183432,96
celW+connShuf,chunk_11,115,MC,6.121401651451985,96
celW+connShuf,chunk_11,115,cosine_similarity,0.017740914132445974,96
celW+connShuf,chunk_11,115,kl_to_gaussian,1.1599981711866627,96
celW+connShuf,chunk_11,115,wt_mean,0.0022658528760075,96
celW+connShuf,chunk_11,116,GR,18.338398749629658,96
celW+connShuf,chunk_11,116,IPC,11.07664603432904,96
celW+connShuf,chunk_11,116,KR,9.114782529572645,96
celW+connShuf,chunk_11,116,MC,6.45552704979976,96
celW+connShuf,chunk_11,116,cosine_similarity,0.017547025810927073,96
celW+connShuf,chunk_11,116,kl_to_gaussian,1.1599982107169524,96
celW+connShuf,chunk_11,116,wt_mean,0.00241191219538445,96
celW+connShuf,chunk_11,117,GR,12.415222401420275,96
celW+connShuf,chunk_11,117,IPC,9.76752338669874,96
celW+connShuf,chunk_11,117,KR,6.278521455824375,96
celW+connShuf,chunk_11,117,MC,5.555129849662383,96
celW+connShuf,chunk_11,117,cosine_similarity,0.01987370243296025,96
celW+connShuf,chunk_11,117,kl_to_gaussian,1.1599982014101053,96
celW+connShuf,chunk_11,117,wt_mean,0.001958764391019875,96
celW+connShuf,chunk_11,118,GR,18.812013717989128,96
celW+connShuf,chunk_11,118,IPC,10.61255687774818,96
celW+connShuf,chunk_11,118,KR,9.50576283534368,96
celW+connShuf,chunk_11,118,MC,6.524734133233626,96
celW+connShuf,chunk_11,118,cosine_similarity,0.01344302366487675,96
celW+connShuf,chunk_11,118,kl_to_gaussian,1.1599982234378559,96
celW+connShuf,chunk_11,118,wt_mean,0.002422344026854225,96
celW+connShuf,chunk_11,119,GR,15.703922095398108,96
celW+connShuf,chunk_11,119,IPC,10.767330358159962,96
celW+connShuf,chunk_11,119,KR,8.074955150485039,96
celW+connShuf,chunk_11,119,MC,6.392283458262682,96
celW+connShuf,chunk_11,119,cosine_similarity,0.014121637912467101,96
celW+connShuf,chunk_11,119,kl_to_gaussian,1.1599982124477315,96
celW+connShuf,chunk_11,119,wt_mean,0.002135628223186325,96
celW+connShuf,chunk_12,120,GR,17.01699007799228,96
celW+connShuf,chunk_12,120,IPC,10.499496704560652,96
celW+connShuf,chunk_12,120,KR,8.676882088184357,96
celW+connShuf,chunk_12,120,MC,6.4114389928678674,96
celW+connShuf,chunk_12,120,cosine_similarity,0.021263244561851,96
celW+connShuf,chunk_12,120,kl_to_gaussian,1.1599982166911502,96
celW+connShuf,chunk_12,120,wt_mean,0.0022676523949484747,96
celW+connShuf,chunk_12,121,GR,18.051268483201664,96
celW+connShuf,chunk_12,121,IPC,10.883401244354092,96
celW+connShuf,chunk_12,121,KR,8.88159646342198,96
celW+connShuf,chunk_12,121,MC,6.365445621311665,96
celW+connShuf,chunk_12,121,cosine_similarity,0.020455370657145974,96
celW+connShuf,chunk_12,121,kl_to_gaussian,1.1599982645514884,96
celW+connShuf,chunk_12,121,wt_mean,0.0022427866060752,96
celW+connShuf,chunk_12,122,GR,15.718272211651007,96
celW+connShuf,chunk_12,122,IPC,9.684423748845687,96
celW+connShuf,chunk_12,122,KR,7.9065137679378195,96
celW+connShuf,chunk_12,122,MC,5.8918094746768475,96
celW+connShuf,chunk_12,122,cosine_similarity,0.01922740275040265,96
celW+connShuf,chunk_12,122,kl_to_gaussian,1.1599981723772153,96
celW+connShuf,chunk_12,122,wt_mean,0.0022357225825544,96
celW+connShuf,chunk_12,123,GR,18.750621542334557,96
celW+connShuf,chunk_12,123,IPC,11.27049844605587,96
celW+connShuf,chunk_12,123,KR,9.267080379029116,96
celW+connShuf,chunk_12,123,MC,7.062086686491966,96
celW+connShuf,chunk_12,123,cosine_similarity,0.0261428053490817,96
celW+connShuf,chunk_12,123,kl_to_gaussian,1.1599982211611042,96
celW+connShuf,chunk_12,123,wt_mean,0.002371698268689175,96
celW+connShuf,chunk_12,124,GR,26.811007887125015,96
celW+connShuf,chunk_12,124,IPC,12.718908514901193,96
celW+connShuf,chunk_12,124,KR,13.660693933566412,96
celW+connShuf,chunk_12,124,MC,8.33554575840632,96
celW+connShuf,chunk_12,124,cosine_similarity,0.015058773104101376,96
celW+connShuf,chunk_12,124,kl_to_gaussian,1.159998166630465,96
celW+connShuf,chunk_12,124,wt_mean,0.002616966579807875,96
celW+connShuf,chunk_12,125,GR,17.681239657104015,96
celW+connShuf,chunk_12,125,IPC,10.766752966216478,96
celW+connShuf,chunk_12,125,KR,8.932189859449863,96
celW+connShuf,chunk_12,125,MC,6.678156333665053,96
celW+connShuf,chunk_12,125,cosine_similarity,0.020035277586430273,96
celW+connShuf,chunk_12,125,kl_to_gaussian,1.1599981706884086,96
celW+connShuf,chunk_12,125,wt_mean,0.002399156277533575,96
celW+connShuf,chunk_12,126,GR,18.458638531466324,96
celW+connShuf,chunk_12,126,IPC,10.26378332764073,96
celW+connShuf,chunk_12,126,KR,8.849714005986849,96
celW+connShuf,chunk_12,126,MC,6.02160469442606,96
celW+connShuf,chunk_12,126,cosine_similarity,0.021392505615949575,96
celW+connShuf,chunk_12,126,kl_to_gaussian,1.15999817339881,96
celW+connShuf,chunk_12,126,wt_mean,0.0023698425793554,96
celW+connShuf,chunk_12,127,GR,18.58652390787999,96
celW+connShuf,chunk_12,127,IPC,11.686525412803391,96
celW+connShuf,chunk_12,127,KR,9.365762727955977,96
celW+connShuf,chunk_12,127,MC,7.096034787595272,96
celW+connShuf,chunk_12,127,cosine_similarity,0.0240100161172449,96
celW+connShuf,chunk_12,127,kl_to_gaussian,1.1599981244391107,96
celW+connShuf,chunk_12,127,wt_mean,0.002378415520070075,96
celW+connShuf,chunk_12,128,GR,17.721319643159706,96
celW+connShuf,chunk_12,128,IPC,10.499996940673489,96
celW+connShuf,chunk_12,128,KR,8.962474450469017,96
celW+connShuf,chunk_12,128,MC,6.663487379749616,96
celW+connShuf,chunk_12,128,cosine_similarity,0.014638678170740575,96
celW+connShuf,chunk_12,128,kl_to_gaussian,1.1599982160665687,96
celW+connShuf,chunk_12,128,wt_mean,0.00220030581112945,96
celW+connShuf,chunk_12,129,GR,14.431380194922289,96
celW+connShuf,chunk_12,129,IPC,9.523010642634665,96
celW+connShuf,chunk_12,129,KR,7.305613761146863,96
celW+connShuf,chunk_12,129,MC,5.756646495312452,96
celW+connShuf,chunk_12,129,cosine_similarity,0.015769703313708274,96
celW+connShuf,chunk_12,129,kl_to_gaussian,1.1599982640198856,96
celW+connShuf,chunk_12,129,wt_mean,0.001981228357180925,96
celW+connShuf,chunk_13,130,GR,17.142430474360783,96
celW+connShuf,chunk_13,130,IPC,11.204645402108419,96
celW+connShuf,chunk_13,130,KR,8.637552924454212,96
celW+connShuf,chunk_13,130,MC,6.65038263425231,96
celW+connShuf,chunk_13,130,cosine_similarity,0.020746205933392,96
celW+connShuf,chunk_13,130,kl_to_gaussian,1.159998261659512,96
celW+connShuf,chunk_13,130,wt_mean,0.00224128123954865,96
celW+connShuf,chunk_13,131,GR,14.396436167260012,96
celW+connShuf,chunk_13,131,IPC,9.405125329921448,96
celW+connShuf,chunk_13,131,KR,7.206410323580106,96
celW+connShuf,chunk_13,131,MC,5.489538157979648,96
celW+connShuf,chunk_13,131,cosine_similarity,0.01625442644581195,96
celW+connShuf,chunk_13,131,kl_to_gaussian,1.1599982750359261,96
celW+connShuf,chunk_13,131,wt_mean,0.0021494552493095,96
celW+connShuf,chunk_13,132,GR,21.4954873919487,96
celW+connShuf,chunk_13,132,IPC,12.305756721300119,96
celW+connShuf,chunk_13,132,KR,10.60411603997151,96
celW+connShuf,chunk_13,132,MC,7.557744385053714,96
celW+connShuf,chunk_13,132,cosine_similarity,0.01625442691147325,96
celW+connShuf,chunk_13,132,kl_to_gaussian,1.1599982014890668,96
celW+connShuf,chunk_13,132,wt_mean,0.002344440814340425,96
celW+connShuf,chunk_13,133,GR,16.549294270575047,96
celW+connShuf,chunk_13,133,IPC,10.745689366599832,96
celW+connShuf,chunk_13,133,KR,8.301981143653393,96
celW+connShuf,chunk_13,133,MC,5.9961727286378546,96
celW+connShuf,chunk_13,133,cosine_similarity,0.01512340200133615,96
celW+connShuf,chunk_13,133,kl_to_gaussian,1.1599982432809857,96
celW+connShuf,chunk_13,133,wt_mean,0.002213464293163225,96
celW+connShuf,chunk_13,134,GR,19.239783788720768,96
celW+connShuf,chunk_13,134,IPC,11.32669339762773,96
celW+connShuf,chunk_13,134,KR,9.622191126147905,96
celW+connShuf,chunk_13,134,MC,6.887178746362527,96
celW+connShuf,chunk_13,134,cosine_similarity,0.017320820130407776,96
celW+connShuf,chunk_13,134,kl_to_gaussian,1.159998199206851,96
celW+connShuf,chunk_13,134,wt_mean,0.002362144063226825,96
celW+connShuf,chunk_13,135,GR,17.8644935687383,96
celW+connShuf,chunk_13,135,IPC,10.582023697182272,96
celW+connShuf,chunk_13,135,KR,8.921790587405363,96
celW+connShuf,chunk_13,135,MC,6.234877285857995,96
celW+connShuf,chunk_13,135,cosine_similarity,0.0243008504621684,96
celW+connShuf,chunk_13,135,kl_to_gaussian,1.159998258735725,96
celW+connShuf,chunk_13,135,wt_mean,0.00221433848491865,96
celW+connShuf,chunk_13,136,GR,18.497615814208984,96
celW+connShuf,chunk_13,136,IPC,11.58159011020058,96
celW+connShuf,chunk_13,136,KR,9.42781296869119,96
celW+connShuf,chunk_13,136,MC,6.924437654515107,96
celW+connShuf,chunk_13,136,cosine_similarity,0.01948592206463215,96
celW+connShuf,chunk_13,136,kl_to_gaussian,1.15999819267368,96
celW+connShuf,chunk_13,136,wt_mean,0.0023380550264846,96
celW+connShuf,chunk_13,137,GR,15.837366625666618,96
celW+connShuf,chunk_13,137,IPC,10.770173997860093,96
celW+connShuf,chunk_13,137,KR,7.8416709924737615,96
celW+connShuf,chunk_13,137,MC,6.385114101072152,96
celW+connShuf,chunk_13,137,cosine_similarity,0.019195088185369875,96
celW+connShuf,chunk_13,137,kl_to_gaussian,1.1599981668098984,96
celW+connShuf,chunk_13,137,wt_mean,0.0022054890869185003,96
celW+connShuf,chunk_13,138,GR,14.657611387471357,96
celW+connShuf,chunk_13,138,IPC,8.837087274835564,96
celW+connShuf,chunk_13,138,KR,7.345611721277237,96
celW+connShuf,chunk_13,138,MC,5.447663856049378,96
celW+connShuf,chunk_13,138,cosine_similarity,0.0200029611587524,96
celW+connShuf,chunk_13,138,kl_to_gaussian,1.1599982305502097,96
celW+connShuf,chunk_13,138,wt_mean,0.002039593644440125,96
celW+connShuf,chunk_13,139,GR,16.28840169062217,96
celW+connShuf,chunk_13,139,IPC,10.397527135647648,96
celW+connShuf,chunk_13,139,KR,8.040917930503687,96
celW+connShuf,chunk_13,139,MC,6.028752081096172,96
celW+connShuf,chunk_13,139,cosine_similarity,0.020778519101440875,96
celW+connShuf,chunk_13,139,kl_to_gaussian,1.159998264040722,96
celW+connShuf,chunk_13,139,wt_mean,0.002080601145280475,96
celW+connShuf,chunk_14,140,GR,16.25431837638219,96
celW+connShuf,chunk_14,140,IPC,10.135483041943322,96
celW+connShuf,chunk_14,140,KR,8.451858604947725,96
celW+connShuf,chunk_14,140,MC,6.397972037394841,96
celW+connShuf,chunk_14,140,cosine_similarity,0.017579339444637274,96
celW+connShuf,chunk_14,140,kl_to_gaussian,1.1599981465785585,96
celW+connShuf,chunk_14,140,wt_mean,0.002144149388186575,96
celW+connShuf,chunk_14,141,GR,12.569768205285072,96
celW+connShuf,chunk_14,141,IPC,9.151312488433852,96
celW+connShuf,chunk_14,141,KR,6.4397290498018265,96
celW+connShuf,chunk_14,141,MC,5.6309770581622915,96
celW+connShuf,chunk_14,141,cosine_similarity,0.0205199988558888,96
celW+connShuf,chunk_14,141,kl_to_gaussian,1.1599981544667826,96
celW+connShuf,chunk_14,141,wt_mean,0.002037165308138325,96
celW+connShuf,chunk_14,142,GR,12.839502456287542,96
celW+connShuf,chunk_14,142,IPC,10.246956664291334,96
celW+connShuf,chunk_14,142,KR,6.802495521803697,96
celW+connShuf,chunk_14,142,MC,6.196919038891792,96
celW+connShuf,chunk_14,142,cosine_similarity,0.01841952791437505,96
celW+connShuf,chunk_14,142,kl_to_gaussian,1.1599982212406903,96
celW+connShuf,chunk_14,142,wt_mean,0.002084739418933125,96
celW+connShuf,chunk_14,143,GR,14.5872035647432,96
celW+connShuf,chunk_14,143,IPC,9.445883757296096,96
celW+connShuf,chunk_14,143,KR,7.321333979566892,96
celW+connShuf,chunk_14,143,MC,5.604244348903497,96
celW+connShuf,chunk_14,143,cosine_similarity,0.018354899249970826,96
celW+connShuf,chunk_14,143,kl_to_gaussian,1.1599981124615943,96
celW+connShuf,chunk_14,143,wt_mean,0.0020132302597630253,96
celW+connShuf,chunk_14,144,GR,14.684493174155554,96
celW+connShuf,chunk_14,144,IPC,9.73727712203564,96
celW+connShuf,chunk_14,144,KR,7.384822264313698,96
celW+connShuf,chunk_14,144,MC,5.827620284010966,96
celW+connShuf,chunk_14,144,cosine_similarity,0.02255584439262745,96
celW+connShuf,chunk_14,144,kl_to_gaussian,1.1599982302618514,96
celW+connShuf,chunk_14,144,wt_mean,0.002285707829287225,96
celW+connShuf,chunk_14,145,GR,14.788784347474575,96
celW+connShuf,chunk_14,145,IPC,9.577431124516036,96
celW+connShuf,chunk_14,145,KR,7.555731805662314,96
celW+connShuf,chunk_14,145,MC,5.7354842983186245,96
celW+connShuf,chunk_14,145,cosine_similarity,0.014347842894494476,96
celW+connShuf,chunk_14,145,kl_to_gaussian,1.1599981635904142,96
celW+connShuf,chunk_14,145,wt_mean,0.00222433480666945,96
celW+connShuf,chunk_14,146,GR,13.64155271401008,96
celW+connShuf,chunk_14,146,IPC,9.532086834825325,96
celW+connShuf,chunk_14,146,KR,6.790161964794,96
celW+connShuf,chunk_14,146,MC,5.725835916896661,96
celW+connShuf,chunk_14,146,cosine_similarity,0.016480632126331274,96
celW+connShuf,chunk_14,146,kl_to_gaussian,1.159998130238046,96
celW+connShuf,chunk_14,146,wt_mean,0.0021012786892241997,96
celW+connShuf,chunk_14,147,GR,22.242428839206696,96
celW+connShuf,chunk_14,147,IPC,10.99744279224081,96
celW+connShuf,chunk_14,147,KR,10.731779210269451,96
celW+connShuf,chunk_14,147,MC,6.703505008171002,96
celW+connShuf,chunk_14,147,cosine_similarity,0.021747968625277225,96
celW+connShuf,chunk_14,147,kl_to_gaussian,1.1599981678138838,96
celW+connShuf,chunk_14,147,wt_mean,0.002479857270372975,96
celW+connShuf,chunk_14,148,GR,14.489991915722689,96
celW+connShuf,chunk_14,148,IPC,10.233535972371508,96
celW+connShuf,chunk_14,148,KR,7.347100834051768,96
celW+connShuf,chunk_14,148,MC,6.30247142414252,96
celW+connShuf,chunk_14,148,cosine_similarity,0.019001198001205876,96
celW+connShuf,chunk_14,148,kl_to_gaussian,1.1599981860236055,96
celW+connShuf,chunk_14,148,wt_mean,0.00219430285505945,96
celW+connShuf,chunk_14,149,GR,12.372497600813707,96
celW+connShuf,chunk_14,149,IPC,9.956371699654401,96
celW+connShuf,chunk_14,149,KR,6.312277294695377,96
celW+connShuf,chunk_14,149,MC,6.010408607621987,96
celW+connShuf,chunk_14,149,cosine_similarity,0.01906582573428745,96
celW+connShuf,chunk_14,149,kl_to_gaussian,1.1599981835369926,96
celW+connShuf,chunk_14,149,wt_mean,0.0021680574573110247,96
celW+connShuf,chunk_15,150,GR,21.625059102972347,96
celW+connShuf,chunk_15,150,IPC,11.130682696413174,96
celW+connShuf,chunk_15,150,KR,10.783222864071528,96
celW+connShuf,chunk_15,150,MC,6.719447227815787,96
celW+connShuf,chunk_15,150,cosine_similarity,0.02349297981709235,96
celW+connShuf,chunk_15,150,kl_to_gaussian,1.1599981178298093,96
celW+connShuf,chunk_15,150,wt_mean,0.00241157048731105,96
celW+connShuf,chunk_15,151,GR,19.318754489223164,96
celW+connShuf,chunk_15,151,IPC,11.334448547789068,96
celW+connShuf,chunk_15,151,KR,9.69435267150402,96
celW+connShuf,chunk_15,151,MC,6.733054441710313,96
celW+connShuf,chunk_15,151,cosine_similarity,0.018257951829582425,96
celW+connShuf,chunk_15,151,kl_to_gaussian,1.1599981361197556,96
celW+connShuf,chunk_15,151,wt_mean,0.00238015092327255,96
celW+connShuf,chunk_15,152,GR,14.516599203149477,96
celW+connShuf,chunk_15,152,IPC,9.339634676014976,96
celW+connShuf,chunk_15,152,KR,7.235793637732665,96
celW+connShuf,chunk_15,152,MC,5.717772374550502,96
celW+connShuf,chunk_15,152,cosine_similarity,0.020229166839271725,96
celW+connShuf,chunk_15,152,kl_to_gaussian,1.159998191779339,96
celW+connShuf,chunk_15,152,wt_mean,0.002125279570463975,96
celW+connShuf,chunk_15,153,GR,21.137136936187744,96
celW+connShuf,chunk_15,153,IPC,11.248588009104274,96
celW+connShuf,chunk_15,153,KR,10.427729107439518,96
celW+connShuf,chunk_15,153,MC,6.929827361057202,96
celW+connShuf,chunk_15,153,cosine_similarity,0.017094615381211,96
celW+connShuf,chunk_15,153,kl_to_gaussian,1.1599982045113246,96
celW+connShuf,chunk_15,153,wt_mean,0.002455297857522925,96
celW+connShuf,chunk_15,154,GR,21.24907752374808,96
celW+connShuf,chunk_15,154,IPC,11.574110136320792,96
celW+connShuf,chunk_15,154,KR,10.311296800772348,96
celW+connShuf,chunk_15,154,MC,6.86258381108443,96
celW+connShuf,chunk_15,154,cosine_similarity,0.01528497692197555,96
celW+connShuf,chunk_15,154,kl_to_gaussian,1.159998248728794,96
celW+connShuf,chunk_15,154,wt_mean,0.002439611736917825,96
celW+connShuf,chunk_15,155,GR,15.065224893391132,96
celW+connShuf,chunk_15,155,IPC,9.41416437234477,96
celW+connShuf,chunk_15,155,KR,7.632773081461589,96
celW+connShuf,chunk_15,155,MC,5.609833339850108,96
celW+connShuf,chunk_15,155,cosine_similarity,0.017740913666784677,96
celW+connShuf,chunk_15,155,kl_to_gaussian,1.159998209225584,96
celW+connShuf,chunk_15,155,wt_mean,0.002085437852656425,96
celW+connShuf,chunk_15,156,GR,17.08551314721505,96
celW+connShuf,chunk_15,156,IPC,10.395527305814419,96
celW+connShuf,chunk_15,156,KR,8.293874780337015,96
celW+connShuf,chunk_15,156,MC,6.353679609795411,96
celW+connShuf,chunk_15,156,cosine_similarity,0.017547024879604526,96
celW+connShuf,chunk_15,156,kl_to_gaussian,1.1599981810232585,96
celW+connShuf,chunk_15,156,wt_mean,0.002333048410946475,96
celW+connShuf,chunk_15,157,GR,16.120521071056526,96
celW+connShuf,chunk_15,157,IPC,10.598136099777728,96
celW+connShuf,chunk_15,157,KR,8.260546835760275,96
celW+connShuf,chunk_15,157,MC,6.23990510776639,96
celW+connShuf,chunk_15,157,cosine_similarity,0.02116629993543025,96
celW+connShuf,chunk_15,157,kl_to_gaussian,1.159998198100418,96
celW+connShuf,chunk_15,157,wt_mean,0.002300417865626475,96
celW+connShuf,chunk_15,158,GR,12.574247809747854,96
celW+connShuf,chunk_15,158,IPC,9.637033921285616,96
celW+connShuf,chunk_15,158,KR,6.57381392767032,96
celW+connShuf,chunk_15,158,MC,5.739829213668902,96
celW+connShuf,chunk_15,158,cosine_similarity,0.014121638378128349,96
celW+connShuf,chunk_15,158,kl_to_gaussian,1.1599982424044069,96
celW+connShuf,chunk_15,158,wt_mean,0.0019526209798641,96
celW+connShuf,chunk_15,159,GR,14.313693076372147,96
celW+connShuf,chunk_15,159,IPC,10.112278685624743,96
celW+connShuf,chunk_15,159,KR,7.2881244868040085,96
celW+connShuf,chunk_15,159,MC,5.97694073120753,96
celW+connShuf,chunk_15,159,cosine_similarity,0.017967119812965327,96
celW+connShuf,chunk_15,159,kl_to_gaussian,1.1599981774441501,96
celW+connShuf,chunk_15,159,wt_mean,0.002031373936915725,96
celW+connShuf,chunk_16,160,GR,12.816752893229326,96
celW+connShuf,chunk_16,160,IPC,10.536154018343781,96
celW+connShuf,chunk_16,160,KR,6.5798614000280695,96
celW+connShuf,chunk_16,160,MC,6.184287469834089,96
celW+connShuf,chunk_16,160,cosine_similarity,0.019970647990703524,96
celW+connShuf,chunk_16,160,kl_to_gaussian,1.159998186461328,96
celW+connShuf,chunk_16,160,wt_mean,0.001983112451853175,96
celW+connShuf,chunk_16,161,GR,25.38954086601734,96
celW+connShuf,chunk_16,161,IPC,11.052304496131883,96
celW+connShuf,chunk_16,161,KR,12.448951452970505,96
celW+connShuf,chunk_16,161,MC,6.929796760280927,96
celW+connShuf,chunk_16,161,cosine_similarity,0.014864882919937325,96
celW+connShuf,chunk_16,161,kl_to_gaussian,1.1599982229976797,96
celW+connShuf,chunk_16,161,wt_mean,0.002602884924272025,96
celW+connShuf,chunk_16,162,GR,13.31496195246776,96
celW+connShuf,chunk_16,162,IPC,10.258695418276703,96
celW+connShuf,chunk_16,162,KR,6.889421445628007,96
celW+connShuf,chunk_16,162,MC,5.911543528238933,96
celW+connShuf,chunk_16,162,cosine_similarity,0.020390741527080477,96
celW+connShuf,chunk_16,162,kl_to_gaussian,1.1599981845755385,96
celW+connShuf,chunk_16,162,wt_mean,0.002130107546690775,96
celW+connShuf,chunk_16,163,GR,16.694035698970158,96
celW+connShuf,chunk_16,163,IPC,10.569771437573634,96
celW+connShuf,chunk_16,163,KR,8.6292831103007,96
celW+connShuf,chunk_16,163,MC,6.198457265893619,96
celW+connShuf,chunk_16,163,cosine_similarity,0.017450078390538627,96
celW+connShuf,chunk_16,163,kl_to_gaussian,1.1599981170443647,96
celW+connShuf,chunk_16,163,wt_mean,0.0021856712410226,96
celW+connShuf,chunk_16,164,GR,18.016285988191765,96
celW+connShuf,chunk_16,164,IPC,10.179694531936994,96
celW+connShuf,chunk_16,164,KR,8.924923154215017,96
celW+connShuf,chunk_16,164,MC,6.114966923991839,96
celW+connShuf,chunk_16,164,cosine_similarity,0.01631905650719995,96
celW+connShuf,chunk_16,164,kl_to_gaussian,1.1599982518572654,96
celW+connShuf,chunk_16,164,wt_mean,0.002304219320649225,96
celW+connShuf,chunk_16,165,GR,17.28825346628825,96
celW+connShuf,chunk_16,165,IPC,9.712682152493313,96
celW+connShuf,chunk_16,165,KR,8.670242408911387,96
celW+connShuf,chunk_16,165,MC,5.979701819519202,96
celW+connShuf,chunk_16,165,cosine_similarity,0.020843151025474026,96
celW+connShuf,chunk_16,165,kl_to_gaussian,1.1599982574293497,96
celW+connShuf,chunk_16,165,wt_mean,0.00224572996376075,96
celW+connShuf,chunk_16,166,GR,18.71443112442891,96
celW+connShuf,chunk_16,166,IPC,10.965471190893538,96
celW+connShuf,chunk_16,166,KR,9.352194113035997,96
celW+connShuf,chunk_16,166,MC,6.781481077273686,96
celW+connShuf,chunk_16,166,cosine_similarity,0.01677146507427095,96
celW+connShuf,chunk_16,166,kl_to_gaussian,1.159998211175343,96
celW+connShuf,chunk_16,166,wt_mean,0.0023473161272704,96
celW+connShuf,chunk_16,167,GR,12.916280910372734,96
celW+connShuf,chunk_16,167,IPC,9.426309572426915,96
celW+connShuf,chunk_16,167,KR,6.572534869114558,96
celW+connShuf,chunk_16,167,MC,5.7060286191602545,96
celW+connShuf,chunk_16,167,cosine_similarity,0.020649259909987398,96
celW+connShuf,chunk_16,167,kl_to_gaussian,1.1599981412379372,96
celW+connShuf,chunk_16,167,wt_mean,0.001962778129382,96
celW+connShuf,chunk_16,168,GR,17.17438093572855,96
celW+connShuf,chunk_16,168,IPC,10.100498791989605,96
celW+connShuf,chunk_16,168,KR,8.432956499358019,96
celW+connShuf,chunk_16,168,MC,5.988106807072957,96
celW+connShuf,chunk_16,168,cosine_similarity,0.02501178300008175,96
celW+connShuf,chunk_16,168,kl_to_gaussian,1.1599982290871658,96
celW+connShuf,chunk_16,168,wt_mean,0.002196654328145025,96
celW+connShuf,chunk_16,169,GR,15.791222505271435,96
celW+connShuf,chunk_16,169,IPC,10.564275093536844,96
celW+connShuf,chunk_16,169,KR,8.014415621757507,96
celW+connShuf,chunk_16,169,MC,6.348195890585582,96
celW+connShuf,chunk_16,169,cosine_similarity,0.018581103067845026,96
celW+connShuf,chunk_16,169,kl_to_gaussian,1.1599980932224407,96
celW+connShuf,chunk_16,169,wt_mean,0.0022385081974789,96
celW+connShuf,chunk_17,170,GR,18.03796810408433,96
celW+connShuf,chunk_17,170,IPC,11.306117227067126,96
celW+connShuf,chunk_17,170,KR,8.91041448712349,96
celW+connShuf,chunk_17,170,MC,6.697109823425611,96
celW+connShuf,chunk_17,170,cosine_similarity,0.018645734060555676,96
celW+connShuf,chunk_17,170,kl_to_gaussian,1.159998098608803,96
celW+connShuf,chunk_17,170,wt_mean,0.00226554539403875,96
celW+connShuf,chunk_17,171,GR,20.706654434402783,96
celW+connShuf,chunk_17,171,IPC,12.185753613888737,96
celW+connShuf,chunk_17,171,KR,10.229296249647936,96
celW+connShuf,chunk_17,171,MC,7.243941968927781,96
celW+connShuf,chunk_17,171,cosine_similarity,0.021069355309009524,96
celW+connShuf,chunk_17,171,kl_to_gaussian,1.1599982495942711,96
celW+connShuf,chunk_17,171,wt_mean,0.00247810431756075,96
celW+connShuf,chunk_17,172,GR,17.92064357797305,96
celW+connShuf,chunk_17,172,IPC,10.21472934376237,96
celW+connShuf,chunk_17,172,KR,9.127405673265457,96
celW+connShuf,chunk_17,172,MC,6.166233371943235,96
celW+connShuf,chunk_17,172,cosine_similarity,0.020196852739900274,96
celW+connShuf,chunk_17,172,kl_to_gaussian,1.159998288562339,96
celW+connShuf,chunk_17,172,wt_mean,0.002248089585918875,96
celW+connShuf,chunk_17,173,GR,20.85306817293167,96
celW+connShuf,chunk_17,173,IPC,12.023933795396333,96
celW+connShuf,chunk_17,173,KR,10.362037767966589,96
celW+connShuf,chunk_17,173,MC,7.06722554564476,96
celW+connShuf,chunk_17,173,cosine_similarity,0.018936567474156573,96
celW+connShuf,chunk_17,173,kl_to_gaussian,1.1599982289718322,96
celW+connShuf,chunk_17,173,wt_mean,0.002380341116804575,96
celW+connShuf,chunk_17,174,GR,16.804540815452736,96
celW+connShuf,chunk_17,174,IPC,10.801858820909297,96
celW+connShuf,chunk_17,174,KR,8.517462499439716,96
celW+connShuf,chunk_17,174,MC,6.683928405245145,96
celW+connShuf,chunk_17,174,cosine_similarity,0.023589923046529224,96
celW+connShuf,chunk_17,174,kl_to_gaussian,1.1599981696296549,96
celW+connShuf,chunk_17,174,wt_mean,0.0023041684180497503,96
celW+connShuf,chunk_17,175,GR,20.607565872371197,96
celW+connShuf,chunk_17,175,IPC,10.099887718910972,96
celW+connShuf,chunk_17,175,KR,9.991824015974998,96
celW+connShuf,chunk_17,175,MC,5.959242727607489,96
celW+connShuf,chunk_17,175,cosine_similarity,0.012505891034379551,96
celW+connShuf,chunk_17,175,kl_to_gaussian,1.15999825238524,96
celW+connShuf,chunk_17,175,wt_mean,0.0024014362134039,96
celW+connShuf,chunk_17,176,GR,17.24952649573485,96
celW+connShuf,chunk_17,176,IPC,9.852895360855271,96
celW+connShuf,chunk_17,176,KR,8.740391564865908,96
celW+connShuf,chunk_17,176,MC,5.946743537982305,96
celW+connShuf,chunk_17,176,cosine_similarity,0.02546418970450755,96
celW+connShuf,chunk_17,176,kl_to_gaussian,1.1599981886141426,96
celW+connShuf,chunk_17,176,wt_mean,0.002102905564242925,96
celW+connShuf,chunk_17,177,GR,20.217823567489784,96
celW+connShuf,chunk_17,177,IPC,10.545386772052776,96
celW+connShuf,chunk_17,177,KR,10.277869875232378,96
celW+connShuf,chunk_17,177,MC,6.427108570933342,96
celW+connShuf,chunk_17,177,cosine_similarity,0.028598741162568275,96
celW+connShuf,chunk_17,177,kl_to_gaussian,1.1599982352664864,96
celW+connShuf,chunk_17,177,wt_mean,0.002447297418257175,96
celW+connShuf,chunk_17,178,GR,13.184434155623117,96
celW+connShuf,chunk_17,178,IPC,10.167054213993115,96
celW+connShuf,chunk_17,178,KR,6.499804029862086,96
celW+connShuf,chunk_17,178,MC,5.743326667696238,96
celW+connShuf,chunk_17,178,cosine_similarity,0.019615183118730724,96
celW+connShuf,chunk_17,178,kl_to_gaussian,1.1599981397673818,96
celW+connShuf,chunk_17,178,wt_mean,0.0020147151954006,96
celW+connShuf,chunk_17,179,GR,18.961620566745598,96
celW+connShuf,chunk_17,179,IPC,11.047441050670765,96
celW+connShuf,chunk_17,179,KR,9.398473672568798,96
celW+connShuf,chunk_17,179,MC,6.643729603538911,96
celW+connShuf,chunk_17,179,cosine_similarity,0.016771464608609652,96
celW+connShuf,chunk_17,179,kl_to_gaussian,1.1599981652373081,96
celW+connShuf,chunk_17,179,wt_mean,0.00236843398306515,96
celW+connShuf,chunk_18,180,GR,15.705041927595934,96
celW+connShuf,chunk_18,180,IPC,9.8142227078672,96
celW+connShuf,chunk_18,180,KR,7.95078324029843,96
celW+connShuf,chunk_18,180,MC,6.007610035439332,96
celW+connShuf,chunk_18,180,cosine_similarity,0.020843152422457874,96
celW+connShuf,chunk_18,180,kl_to_gaussian,1.1599982553494899,96
celW+connShuf,chunk_18,180,wt_mean,0.0023223075841087497,96
celW+connShuf,chunk_18,181,GR,15.329197585582733,96
celW+connShuf,chunk_18,181,IPC,9.931190662560978,96
celW+connShuf,chunk_18,181,KR,7.527254164218903,96
celW+connShuf,chunk_18,181,MC,5.8051568778852625,96
celW+connShuf,chunk_18,181,cosine_similarity,0.021715654525905823,96
celW+connShuf,chunk_18,181,kl_to_gaussian,1.1599982199293841,96
celW+connShuf,chunk_18,181,wt_mean,0.00209339687717145,96
celW+connShuf,chunk_18,182,GR,15.68465126057466,96
celW+connShuf,chunk_18,182,IPC,10.858170533964547,96
celW+connShuf,chunk_18,182,KR,8.094616072873274,96
celW+connShuf,chunk_18,182,MC,6.382273572186629,96
celW+connShuf,chunk_18,182,cosine_similarity,0.019744442775845476,96
celW+connShuf,chunk_18,182,kl_to_gaussian,1.1599981702789786,96
celW+connShuf,chunk_18,182,wt_mean,0.002176755806431125,96
celW+connShuf,chunk_18,183,GR,19.714789296189945,96
celW+connShuf,chunk_18,183,IPC,11.021384186032341,96
celW+connShuf,chunk_18,183,KR,9.919082596898079,96
celW+connShuf,chunk_18,183,MC,6.6772147218386335,96
celW+connShuf,chunk_18,183,cosine_similarity,0.02026148280128835,96
celW+connShuf,chunk_18,183,kl_to_gaussian,1.1599981335334768,96
celW+connShuf,chunk_18,183,wt_mean,0.0023710081586614,96
celW+connShuf,chunk_18,184,GR,19.76115629573663,96
celW+connShuf,chunk_18,184,IPC,10.958897728438458,96
celW+connShuf,chunk_18,184,KR,9.85580109556516,96
celW+connShuf,chunk_18,184,MC,6.919549809147914,96
celW+connShuf,chunk_18,184,cosine_similarity,0.02022916637361045,96
celW+connShuf,chunk_18,184,kl_to_gaussian,1.159998215201131,96
celW+connShuf,chunk_18,184,wt_mean,0.00240934055182145,96
celW+connShuf,chunk_18,185,GR,15.819059289991856,96
celW+connShuf,chunk_18,185,IPC,10.168981387248607,96
celW+connShuf,chunk_18,185,KR,7.760444184144338,96
celW+connShuf,chunk_18,185,MC,6.002209580192964,96
celW+connShuf,chunk_18,185,cosine_similarity,0.018645735457539527,96
celW+connShuf,chunk_18,185,kl_to_gaussian,1.1599981807139264,96
celW+connShuf,chunk_18,185,wt_mean,0.002173770189983725,96
celW+connShuf,chunk_18,186,GR,16.904997060696285,96
celW+connShuf,chunk_18,186,IPC,10.702759675794944,96
celW+connShuf,chunk_18,186,KR,8.505579248070717,96
celW+connShuf,chunk_18,186,MC,6.348373031864564,96
celW+connShuf,chunk_18,186,cosine_similarity,0.019647497218102175,96
celW+connShuf,chunk_18,186,kl_to_gaussian,1.1599982116332026,96
celW+connShuf,chunk_18,186,wt_mean,0.002365083491895325,96
celW+connShuf,chunk_18,187,GR,20.23868538190921,96
celW+connShuf,chunk_18,187,IPC,10.86878653105444,96
celW+connShuf,chunk_18,187,KR,10.290078642467657,96
celW+connShuf,chunk_18,187,MC,6.56351820876201,96
celW+connShuf,chunk_18,187,cosine_similarity,0.017579338978975973,96
celW+connShuf,chunk_18,187,kl_to_gaussian,1.1599981983809264,96
celW+connShuf,chunk_18,187,wt_mean,0.0023605110472998997,96
celW+connShuf,chunk_18,188,GR,18.159127506117027,96
celW+connShuf,chunk_18,188,IPC,10.545653205486966,96
celW+connShuf,chunk_18,188,KR,9.313905109961828,96
celW+connShuf,chunk_18,188,MC,6.3155540600419044,96
celW+connShuf,chunk_18,188,cosine_similarity,0.022071118000894726,96
celW+connShuf,chunk_18,188,kl_to_gaussian,1.159998180525516,96
celW+connShuf,chunk_18,188,wt_mean,0.002188335609389425,96
celW+connShuf,chunk_18,189,GR,18.48064225912094,96
celW+connShuf,chunk_18,189,IPC,10.957388484191277,96
celW+connShuf,chunk_18,189,KR,9.178272219995657,96
celW+connShuf,chunk_18,189,MC,6.696090665956338,96
celW+connShuf,chunk_18,189,cosine_similarity,0.014961827546358076,96
celW+connShuf,chunk_18,189,kl_to_gaussian,1.1599982400996083,96
celW+connShuf,chunk_18,189,wt_mean,0.0023694497358519,96
celW+connShuf,chunk_19,190,GR,15.658341010411581,96
celW+connShuf,chunk_19,190,IPC,10.872409197849306,96
celW+connShuf,chunk_19,190,KR,7.856338155766328,96
celW+connShuf,chunk_19,190,MC,6.372793051103751,96
celW+connShuf,chunk_19,190,cosine_similarity,0.020229166839271725,96
celW+connShuf,chunk_19,190,kl_to_gaussian,1.1599981591774913,96
celW+connShuf,chunk_19,190,wt_mean,0.00223700847709545,96
celW+connShuf,chunk_19,191,GR,16.110225843886536,96
celW+connShuf,chunk_19,191,IPC,10.623032681396465,96
celW+connShuf,chunk_19,191,KR,7.790974346299966,96
celW+connShuf,chunk_19,191,MC,6.0415938422083855,96
celW+connShuf,chunk_19,191,cosine_similarity,0.022491212934255548,96
celW+connShuf,chunk_19,191,kl_to_gaussian,1.1599981989967434,96
celW+connShuf,chunk_19,191,wt_mean,0.002122354839229925,96
celW+connShuf,chunk_19,192,GR,19.341586098074913,96
celW+connShuf,chunk_19,192,IPC,10.929560220562644,96
celW+connShuf,chunk_19,192,KR,9.10896148532629,96
celW+connShuf,chunk_19,192,MC,6.377888400107622,96
celW+connShuf,chunk_19,192,cosine_similarity,0.019518237095326126,96
celW+connShuf,chunk_19,192,kl_to_gaussian,1.1599982482081337,96
celW+connShuf,chunk_19,192,wt_mean,0.00235309416893865,96
celW+connShuf,chunk_19,193,GR,17.644672100742657,96
celW+connShuf,chunk_19,193,IPC,10.983512518692885,96
celW+connShuf,chunk_19,193,KR,9.001522670189539,96
celW+connShuf,chunk_19,193,MC,6.536370662351449,96
celW+connShuf,chunk_19,193,cosine_similarity,0.01389543339610095,96
celW+connShuf,chunk_19,193,kl_to_gaussian,1.1599982084102705,96
celW+connShuf,chunk_19,193,wt_mean,0.0022744738380424,96
celW+connShuf,chunk_19,194,GR,17.464718875785668,96
celW+connShuf,chunk_19,194,IPC,10.856686946846866,96
celW+connShuf,chunk_19,194,KR,8.727954362829527,96
celW+connShuf,chunk_19,194,MC,6.227312013506889,96
celW+connShuf,chunk_19,194,cosine_similarity,0.01434784266166385,96
celW+connShuf,chunk_19,194,kl_to_gaussian,1.1599981613246115,96
celW+connShuf,chunk_19,194,wt_mean,0.002289692318299725,96
celW+connShuf,chunk_19,195,GR,15.093316366275152,96
celW+connShuf,chunk_19,195,IPC,10.782533091534582,96
celW+connShuf,chunk_19,195,KR,7.711425349116325,96
celW+connShuf,chunk_19,195,MC,6.315284572541714,96
celW+connShuf,chunk_19,195,cosine_similarity,0.010631621815264199,96
celW+connShuf,chunk_19,195,kl_to_gaussian,1.1599981553021137,96
celW+connShuf,chunk_19,195,wt_mean,0.0022369856596924,96
celW+connShuf,chunk_19,196,GR,15.106802654763063,96
celW+connShuf,chunk_19,196,IPC,9.694846259533685,96
celW+connShuf,chunk_19,196,KR,7.729619026184082,96
celW+connShuf,chunk_19,196,MC,5.948702494303386,96
celW+connShuf,chunk_19,196,cosine_similarity,0.020035277586430273,96
celW+connShuf,chunk_19,196,kl_to_gaussian,1.159998178491701,96
celW+connShuf,chunk_19,196,wt_mean,0.0020751940028275752,96
celW+connShuf,chunk_19,197,GR,20.259690575301647,96
celW+connShuf,chunk_19,197,IPC,11.60679716335175,96
celW+connShuf,chunk_19,197,KR,9.680396099885305,96
celW+connShuf,chunk_19,197,MC,6.835566331942876,96
celW+connShuf,chunk_19,197,cosine_similarity,0.014477103250101151,96
celW+connShuf,chunk_19,197,kl_to_gaussian,1.159998201875732,96
celW+connShuf,chunk_19,197,wt_mean,0.002409810840617825,96
celW+connShuf,chunk_19,198,GR,24.097581416368484,96
celW+connShuf,chunk_19,198,IPC,11.303004752198582,96
celW+connShuf,chunk_19,198,KR,11.771901689469814,96
celW+connShuf,chunk_19,198,MC,6.929977436860402,96
celW+connShuf,chunk_19,198,cosine_similarity,0.017320818267762623,96
celW+connShuf,chunk_19,198,kl_to_gaussian,1.1599981921367057,96
celW+connShuf,chunk_19,198,wt_mean,0.00250057390076105,96
celW+connShuf,chunk_19,199,GR,16.00686929623286,96
celW+connShuf,chunk_19,199,IPC,10.04109493764931,96
celW+connShuf,chunk_19,199,KR,8.113851370910803,96
celW+connShuf,chunk_19,199,MC,6.257630964120229,96
celW+connShuf,chunk_19,199,cosine_similarity,0.022297323681414075,96
celW+connShuf,chunk_19,199,kl_to_gaussian,1.1599982059881075,96
celW+connShuf,chunk_19,199,wt_mean,0.0021639663900713747,96
celW+connShuf,chunk_2,20,GR,15.121590855220953,96
celW+connShuf,chunk_2,20,IPC,12.270396291460367,96
celW+connShuf,chunk_2,20,KR,7.349963230391343,96
celW+connShuf,chunk_2,20,MC,6.7353896001974745,96
celW+connShuf,chunk_2,20,cosine_similarity,0.015931277070194424,96
celW+connShuf,chunk_2,20,kl_to_gaussian,1.1599981617170292,96
celW+connShuf,chunk_2,20,wt_mean,0.002088488603476375,96
celW+connShuf,chunk_2,21,GR,13.936062398056189,96
celW+connShuf,chunk_2,21,IPC,11.252061748310945,96
celW+connShuf,chunk_2,21,KR,6.888143981496493,96
celW+connShuf,chunk_2,21,MC,6.100647177547216,96
celW+connShuf,chunk_2,21,cosine_similarity,0.013636913150548874,96
celW+connShuf,chunk_2,21,kl_to_gaussian,1.1599981932369767,96
celW+connShuf,chunk_2,21,wt_mean,0.002182918600738,96
celW+connShuf,chunk_2,22,GR,20.177478663623333,96
celW+connShuf,chunk_2,22,IPC,13.503952974421738,96
celW+connShuf,chunk_2,22,KR,10.130610739191374,96
celW+connShuf,chunk_2,22,MC,7.3252236768603325,96
celW+connShuf,chunk_2,22,cosine_similarity,0.015898961573839125,96
celW+connShuf,chunk_2,22,kl_to_gaussian,1.1599981650094333,96
celW+connShuf,chunk_2,22,wt_mean,0.00247230299282815,96
celW+connShuf,chunk_2,23,GR,14.360206755499044,96
celW+connShuf,chunk_2,23,IPC,12.623332190613624,96
celW+connShuf,chunk_2,23,KR,7.329236149787903,96
celW+connShuf,chunk_2,23,MC,7.0601458959281445,96
celW+connShuf,chunk_2,23,cosine_similarity,0.018322585150599424,96
celW+connShuf,chunk_2,23,kl_to_gaussian,1.1599982343104525,96
celW+connShuf,chunk_2,23,wt_mean,0.0021198340982663748,96
celW+connShuf,chunk_2,24,GR,21.414974369108677,96
celW+connShuf,chunk_2,24,IPC,13.419936521544441,96
celW+connShuf,chunk_2,24,KR,10.512626280387243,96
celW+connShuf,chunk_2,24,MC,7.612438860038917,96
celW+connShuf,chunk_2,24,cosine_similarity,0.01635137153789395,96
celW+connShuf,chunk_2,24,kl_to_gaussian,1.159998133916041,96
celW+connShuf,chunk_2,24,wt_mean,0.0024747833376749747,96
celW+connShuf,chunk_2,25,GR,16.21151656160752,96
celW+connShuf,chunk_2,25,IPC,12.201986553439397,96
celW+connShuf,chunk_2,25,KR,8.133813711504141,96
celW+connShuf,chunk_2,25,MC,6.93110163261493,96
celW+connShuf,chunk_2,25,cosine_similarity,0.0201322212815284,96
celW+connShuf,chunk_2,25,kl_to_gaussian,1.1599982804282771,96
celW+connShuf,chunk_2,25,wt_mean,0.00224551148130555,96
celW+connShuf,chunk_2,26,GR,18.111323145528633,96
celW+connShuf,chunk_2,26,IPC,12.420401847162962,96
celW+connShuf,chunk_2,26,KR,8.885487973690033,96
celW+connShuf,chunk_2,26,MC,6.8091593732436495,96
celW+connShuf,chunk_2,26,cosine_similarity,0.015866646543145124,96
celW+connShuf,chunk_2,26,kl_to_gaussian,1.1599981351634923,96
celW+connShuf,chunk_2,26,wt_mean,0.0023184004530776,96
celW+connShuf,chunk_2,27,GR,17.05124193181594,96
celW+connShuf,chunk_2,27,IPC,11.553506254385063,96
celW+connShuf,chunk_2,27,KR,8.33592364937067,96
celW+connShuf,chunk_2,27,MC,6.608063555012147,96
celW+connShuf,chunk_2,27,cosine_similarity,0.017611653078347427,96
celW+connShuf,chunk_2,27,kl_to_gaussian,1.159998270029999,96
celW+connShuf,chunk_2,27,wt_mean,0.00215761395520525,96
celW+connShuf,chunk_2,28,GR,15.920777042706808,96
celW+connShuf,chunk_2,28,IPC,12.497533999583526,96
celW+connShuf,chunk_2,28,KR,7.784426897764206,96
celW+connShuf,chunk_2,28,MC,6.83398275077343,96
celW+connShuf,chunk_2,28,cosine_similarity,0.021295560058206275,96
celW+connShuf,chunk_2,28,kl_to_gaussian,1.159998148380921,96
celW+connShuf,chunk_2,28,wt_mean,0.002427496248856125,96
celW+connShuf,chunk_2,29,GR,15.975117541849613,96
celW+connShuf,chunk_2,29,IPC,11.488056712148124,96
celW+connShuf,chunk_2,29,KR,7.837744943797588,96
celW+connShuf,chunk_2,29,MC,6.671012178063393,96
celW+connShuf,chunk_2,29,cosine_similarity,0.020196850877255125,96
celW+connShuf,chunk_2,29,kl_to_gaussian,1.15999814456446,96
celW+connShuf,chunk_2,29,wt_mean,0.002205756609328075,96
celW+connShuf,chunk_3,30,GR,14.698140042523542,96
celW+connShuf,chunk_3,30,IPC,11.87196159154901,96
celW+connShuf,chunk_3,30,KR,7.326276709636052,96
celW+connShuf,chunk_3,30,MC,6.592393413186073,96
celW+connShuf,chunk_3,30,cosine_similarity,0.016545261256396725,96
celW+connShuf,chunk_3,30,kl_to_gaussian,1.1599981931575838,96
celW+connShuf,chunk_3,30,wt_mean,0.002163020428270075,96
celW+connShuf,chunk_3,31,GR,16.403462069729965,96
celW+connShuf,chunk_3,31,IPC,12.324279740042455,96
celW+connShuf,chunk_3,31,KR,8.225012173255285,96
celW+connShuf,chunk_3,31,MC,7.2539095257719355,96
celW+connShuf,chunk_3,31,cosine_similarity,0.022814362309873024,96
celW+connShuf,chunk_3,31,kl_to_gaussian,1.1599982288255355,96
celW+connShuf,chunk_3,31,wt_mean,0.0023171394714153752,96
celW+connShuf,chunk_3,32,GR,14.076787317792574,96
celW+connShuf,chunk_3,32,IPC,12.351489618981896,96
celW+connShuf,chunk_3,32,KR,7.158659336467584,96
celW+connShuf,chunk_3,32,MC,6.6951714605093,96
celW+connShuf,chunk_3,32,cosine_similarity,0.011407182086259099,96
celW+connShuf,chunk_3,32,kl_to_gaussian,1.1599982465313652,96
celW+connShuf,chunk_3,32,wt_mean,0.00213528014137405,96
celW+connShuf,chunk_3,33,GR,33.36761902769407,96
celW+connShuf,chunk_3,33,IPC,15.413143023804437,96
celW+connShuf,chunk_3,33,KR,16.51552993307511,96
celW+connShuf,chunk_3,33,MC,9.444453626871109,96
celW+connShuf,chunk_3,33,cosine_similarity,0.018031748943030824,96
celW+connShuf,chunk_3,33,kl_to_gaussian,1.1599982216970763,96
celW+connShuf,chunk_3,33,wt_mean,0.00282225199043745,96
celW+connShuf,chunk_3,34,GR,21.913045302033424,96
celW+connShuf,chunk_3,34,IPC,13.05308970224313,96
celW+connShuf,chunk_3,34,KR,10.520425046483675,96
celW+connShuf,chunk_3,34,MC,7.324594132602215,96
celW+connShuf,chunk_3,34,cosine_similarity,0.01615748042240735,96
celW+connShuf,chunk_3,34,kl_to_gaussian,1.1599982107510105,96
celW+connShuf,chunk_3,34,wt_mean,0.002318255632417225,96
celW+connShuf,chunk_3,35,GR,17.41641942411661,96
celW+connShuf,chunk_3,35,IPC,12.082180086448135,96
celW+connShuf,chunk_3,35,KR,8.903981067240238,96
celW+connShuf,chunk_3,35,MC,7.153921147187551,96
celW+connShuf,chunk_3,35,cosine_similarity,0.019324347842484674,96
celW+connShuf,chunk_3,35,kl_to_gaussian,1.1599982257707804,96
celW+connShuf,chunk_3,35,wt_mean,0.002364354848395975,96
celW+connShuf,chunk_3,36,GR,17.891849890351295,96
celW+connShuf,chunk_3,36,IPC,11.599130432740528,96
celW+connShuf,chunk_3,36,KR,8.869584585229555,96
celW+connShuf,chunk_3,36,MC,6.720051971574624,96
celW+connShuf,chunk_3,36,cosine_similarity,0.011116346810013,96
celW+connShuf,chunk_3,36,kl_to_gaussian,1.1599982256732926,96
celW+connShuf,chunk_3,36,wt_mean,0.0022601882519665503,96
celW+connShuf,chunk_3,37,GR,16.16471982995669,96
celW+connShuf,chunk_3,37,IPC,11.428753313157145,96
celW+connShuf,chunk_3,37,KR,8.244190466900667,96
celW+connShuf,chunk_3,37,MC,6.542292146633069,96
celW+connShuf,chunk_3,37,cosine_similarity,0.0166098889894783,96
celW+connShuf,chunk_3,37,kl_to_gaussian,1.159998160432146,96
celW+connShuf,chunk_3,37,wt_mean,0.00217927742050955,96
celW+connShuf,chunk_3,38,GR,22.866377870241802,96
celW+connShuf,chunk_3,38,IPC,12.277961366071397,96
celW+connShuf,chunk_3,38,KR,11.345869692663351,96
celW+connShuf,chunk_3,38,MC,7.382025959591071,96
celW+connShuf,chunk_3,38,cosine_similarity,0.014735621865838698,96
celW+connShuf,chunk_3,38,kl_to_gaussian,1.1599982439457022,96
celW+connShuf,chunk_3,38,wt_mean,0.0023926781723275,96
celW+connShuf,chunk_3,39,GR,25.889646920065086,96
celW+connShuf,chunk_3,39,IPC,12.520943892960664,96
celW+connShuf,chunk_3,39,KR,12.444471850991249,96
celW+connShuf,chunk_3,39,MC,7.736749251683553,96
celW+connShuf,chunk_3,39,cosine_similarity,0.0207138904370367,96
celW+connShuf,chunk_3,39,kl_to_gaussian,1.1599981682199276,96
celW+connShuf,chunk_3,39,wt_mean,0.002581534005003,96
celW+connShuf,chunk_4,40,GR,19.257379124561947,96
celW+connShuf,chunk_4,40,IPC,11.539040880036213,96
celW+connShuf,chunk_4,40,KR,9.399956812461218,96
celW+connShuf,chunk_4,40,MC,6.577437832951546,96
celW+connShuf,chunk_4,40,cosine_similarity,0.015543496469035701,96
celW+connShuf,chunk_4,40,kl_to_gaussian,1.1599982216180498,96
celW+connShuf,chunk_4,40,wt_mean,0.002159525436581975,96
celW+connShuf,chunk_4,41,GR,16.34037437538306,96
celW+connShuf,chunk_4,41,IPC,12.382278414630361,96
celW+connShuf,chunk_4,41,KR,7.962213610609372,96
celW+connShuf,chunk_4,41,MC,6.895119073490302,96
celW+connShuf,chunk_4,41,cosine_similarity,0.017514707054942777,96
celW+connShuf,chunk_4,41,kl_to_gaussian,1.1599981524175462,96
celW+connShuf,chunk_4,41,wt_mean,0.002175955160055225,96
celW+connShuf,chunk_4,42,GR,16.64497187982003,96
celW+connShuf,chunk_4,42,IPC,13.024128593674504,96
celW+connShuf,chunk_4,42,KR,8.419166261951128,96
celW+connShuf,chunk_4,42,MC,7.382902110616366,96
celW+connShuf,chunk_4,42,cosine_similarity,0.022038804367184573,96
celW+connShuf,chunk_4,42,kl_to_gaussian,1.1599982074379935,96
celW+connShuf,chunk_4,42,wt_mean,0.0023147544125094502,96
celW+connShuf,chunk_4,43,GR,18.26908877491951,96
celW+connShuf,chunk_4,43,IPC,11.76356969205605,96
celW+connShuf,chunk_4,43,KR,9.15621784577767,96
celW+connShuf,chunk_4,43,MC,6.91452877347668,96
celW+connShuf,chunk_4,43,cosine_similarity,0.021618709433823772,96
celW+connShuf,chunk_4,43,kl_to_gaussian,1.1599982561761604,96
celW+connShuf,chunk_4,43,wt_mean,0.0024106475466396248,96
celW+connShuf,chunk_4,44,GR,14.497720152139664,96
celW+connShuf,chunk_4,44,IPC,11.191667890804318,96
celW+connShuf,chunk_4,44,KR,7.347399731477101,96
celW+connShuf,chunk_4,44,MC,6.424298219382763,96
celW+connShuf,chunk_4,44,cosine_similarity,0.016577574890106875,96
celW+connShuf,chunk_4,44,kl_to_gaussian,1.159998149440875,96
celW+connShuf,chunk_4,44,wt_mean,0.002056151977740175,96
celW+connShuf,chunk_4,45,GR,22.377802908420563,96
celW+connShuf,chunk_4,45,IPC,13.340399642890143,96
celW+connShuf,chunk_4,45,KR,11.033324457705021,96
celW+connShuf,chunk_4,45,MC,7.797625727951527,96
celW+connShuf,chunk_4,45,cosine_similarity,0.019065827596932625,96
celW+connShuf,chunk_4,45,kl_to_gaussian,1.1599982049569513,96
celW+connShuf,chunk_4,45,wt_mean,0.0024825880536809247,96
celW+connShuf,chunk_4,46,GR,18.380156385401886,96
celW+connShuf,chunk_4,46,IPC,12.278012766931463,96
celW+connShuf,chunk_4,46,KR,8.978899406890074,96
celW+connShuf,chunk_4,46,MC,7.246049831310908,96
celW+connShuf,chunk_4,46,cosine_similarity,0.01793480478227135,96
celW+connShuf,chunk_4,46,kl_to_gaussian,1.159998200954481,96
celW+connShuf,chunk_4,46,wt_mean,0.0023423072707373,96
celW+connShuf,chunk_4,47,GR,19.03331818928321,96
celW+connShuf,chunk_4,47,IPC,12.580026163246258,96
celW+connShuf,chunk_4,47,KR,9.33500487357378,96
celW+connShuf,chunk_4,47,MC,7.12326696763436,96
celW+connShuf,chunk_4,47,cosine_similarity,0.021618709899485052,96
celW+connShuf,chunk_4,47,kl_to_gaussian,1.1599981478946442,96
celW+connShuf,chunk_4,47,wt_mean,0.0023569586337543248,96
celW+connShuf,chunk_4,48,GR,16.535578501721222,96
celW+connShuf,chunk_4,48,IPC,13.180436375629329,96
celW+connShuf,chunk_4,48,KR,8.266625521083673,96
celW+connShuf,chunk_4,48,MC,7.349601450065772,96
celW+connShuf,chunk_4,48,cosine_similarity,0.020519999787211377,96
celW+connShuf,chunk_4,48,kl_to_gaussian,1.1599982349960196,96
celW+connShuf,chunk_4,48,wt_mean,0.002301763306604625,96
celW+connShuf,chunk_4,49,GR,14.050506157179674,96
celW+connShuf,chunk_4,49,IPC,12.34409272153056,96
celW+connShuf,chunk_4,49,KR,7.183436686793963,96
celW+connShuf,chunk_4,49,MC,7.013023907939593,96
celW+connShuf,chunk_4,49,cosine_similarity,0.021230930928140823,96
celW+connShuf,chunk_4,49,kl_to_gaussian,1.1599981991079908,96
celW+connShuf,chunk_4,49,wt_mean,0.00206723716109985,96
celW+connShuf,chunk_5,50,GR,16.933063462376595,96
celW+connShuf,chunk_5,50,IPC,11.586762443517337,96
celW+connShuf,chunk_5,50,KR,8.79076042274634,96
celW+connShuf,chunk_5,50,MC,6.780421736339728,96
celW+connShuf,chunk_5,50,cosine_similarity,0.018871939741075,96
celW+connShuf,chunk_5,50,kl_to_gaussian,1.1599981949995393,96
celW+connShuf,chunk_5,50,wt_mean,0.0022478248574770497,96
celW+connShuf,chunk_5,51,GR,15.706391625106335,96
celW+connShuf,chunk_5,51,IPC,12.209388649628345,96
celW+connShuf,chunk_5,51,KR,8.006143227219582,96
celW+connShuf,chunk_5,51,MC,6.848325428863366,96
celW+connShuf,chunk_5,51,cosine_similarity,0.0160605353303253,96
celW+connShuf,chunk_5,51,kl_to_gaussian,1.1599981636494585,96
celW+connShuf,chunk_5,51,wt_mean,0.00217443233123045,96
celW+connShuf,chunk_5,52,GR,14.030945080022017,96
celW+connShuf,chunk_5,52,IPC,11.434753166414268,96
celW+connShuf,chunk_5,52,KR,7.074299591283004,96
celW+connShuf,chunk_5,52,MC,6.652237080037594,96
celW+connShuf,chunk_5,52,cosine_similarity,0.01864573173224925,96
celW+connShuf,chunk_5,52,kl_to_gaussian,1.1599982670595992,96
celW+connShuf,chunk_5,52,wt_mean,0.002294408623129075,96
celW+connShuf,chunk_5,53,GR,16.636142117281754,96
celW+connShuf,chunk_5,53,IPC,12.246644701972102,96
celW+connShuf,chunk_5,53,KR,8.310657354692617,96
celW+connShuf,chunk_5,53,MC,7.113071503738563,96
celW+connShuf,chunk_5,53,cosine_similarity,0.01418626727536315,96
celW+connShuf,chunk_5,53,kl_to_gaussian,1.1599982696525568,96
celW+connShuf,chunk_5,53,wt_mean,0.00222290342207995,96
celW+connShuf,chunk_5,54,GR,17.808160898586113,96
celW+connShuf,chunk_5,54,IPC,13.121106921174304,96
celW+connShuf,chunk_5,54,KR,8.633030479152998,96
celW+connShuf,chunk_5,54,MC,7.369416472812493,96
celW+connShuf,chunk_5,54,cosine_similarity,0.0252703023143112,96
celW+connShuf,chunk_5,54,kl_to_gaussian,1.1599981283231577,96
celW+connShuf,chunk_5,54,wt_mean,0.0024861396523192,96
celW+connShuf,chunk_5,55,GR,16.484010942280293,96
celW+connShuf,chunk_5,55,IPC,13.118736381947253,96
celW+connShuf,chunk_5,55,KR,8.155183456838131,96
celW+connShuf,chunk_5,55,MC,7.209634326398373,96
celW+connShuf,chunk_5,55,cosine_similarity,0.020002961158752375,96
celW+connShuf,chunk_5,55,kl_to_gaussian,1.1599981787297247,96
celW+connShuf,chunk_5,55,wt_mean,0.002288874413352425,96
celW+connShuf,chunk_5,56,GR,18.425671915213268,96
celW+connShuf,chunk_5,56,IPC,12.541025451260262,96
celW+connShuf,chunk_5,56,KR,9.274131576220194,96
celW+connShuf,chunk_5,56,MC,7.189955659210682,96
celW+connShuf,chunk_5,56,cosine_similarity,0.015898961108177824,96
celW+connShuf,chunk_5,56,kl_to_gaussian,1.1599981802902384,96
celW+connShuf,chunk_5,56,wt_mean,0.00234152833581895,96
celW+connShuf,chunk_5,57,GR,16.507254575689633,96
celW+connShuf,chunk_5,57,IPC,12.650656625014017,96
celW+connShuf,chunk_5,57,KR,8.007054788370928,96
celW+connShuf,chunk_5,57,MC,6.940097858508428,96
celW+connShuf,chunk_5,57,cosine_similarity,0.019388977438211375,96
celW+connShuf,chunk_5,57,kl_to_gaussian,1.1599981778184607,96
celW+connShuf,chunk_5,57,wt_mean,0.0022898678143973747,96
celW+connShuf,chunk_5,58,GR,23.027102328836918,96
celW+connShuf,chunk_5,58,IPC,12.926498311149999,96
celW+connShuf,chunk_5,58,KR,11.2568873539567,96
celW+connShuf,chunk_5,58,MC,7.515997995932897,96
celW+connShuf,chunk_5,58,cosine_similarity,0.02058462984859935,96
celW+connShuf,chunk_5,58,kl_to_gaussian,1.1599981897909462,96
celW+connShuf,chunk_5,58,wt_mean,0.0025300348934251,96
celW+connShuf,chunk_5,59,GR,15.741394015649954,96
celW+connShuf,chunk_5,59,IPC,11.85636385422012,96
celW+connShuf,chunk_5,59,KR,7.912718792756398,96
celW+connShuf,chunk_5,59,MC,6.639066730936368,96
celW+connShuf,chunk_5,59,cosine_similarity,0.02029379736632105,96
celW+connShuf,chunk_5,59,kl_to_gaussian,1.1599982443361925,96
celW+connShuf,chunk_5,59,wt_mean,0.00222389400005335,96
celW+connShuf,chunk_6,60,GR,16.64424179494381,96
celW+connShuf,chunk_6,60,IPC,11.996105826580644,96
celW+connShuf,chunk_6,60,KR,8.460637715955576,96
celW+connShuf,chunk_6,60,MC,6.659981864194076,96
celW+connShuf,chunk_6,60,cosine_similarity,0.0214571352116763,96
celW+connShuf,chunk_6,60,kl_to_gaussian,1.15999813956795,96
celW+connShuf,chunk_6,60,wt_mean,0.00221721219713795,96
celW+connShuf,chunk_6,61,GR,18.640827861924965,96
celW+connShuf,chunk_6,61,IPC,12.40294260122989,96
celW+connShuf,chunk_6,61,KR,9.074560443560282,96
celW+connShuf,chunk_6,61,MC,6.880881293366353,96
celW+connShuf,chunk_6,61,cosine_similarity,0.019938329700380526,96
celW+connShuf,chunk_6,61,kl_to_gaussian,1.1599982000904971,96
celW+connShuf,chunk_6,61,wt_mean,0.00220238676411095,96
celW+connShuf,chunk_6,62,GR,12.828899641831716,96
celW+connShuf,chunk_6,62,IPC,11.193795264947285,96
celW+connShuf,chunk_6,62,KR,6.614646668235461,96
celW+connShuf,chunk_6,62,MC,6.316533197959264,96
celW+connShuf,chunk_6,62,cosine_similarity,0.01799943530932065,96
celW+connShuf,chunk_6,62,kl_to_gaussian,1.1599981076402157,96
celW+connShuf,chunk_6,62,wt_mean,0.00206241480191235,96
celW+connShuf,chunk_6,63,GR,14.026719823479652,96
celW+connShuf,chunk_6,63,IPC,11.828520659856482,96
celW+connShuf,chunk_6,63,KR,7.006254596014817,96
celW+connShuf,chunk_6,63,MC,6.44712612281243,96
celW+connShuf,chunk_6,63,cosine_similarity,0.01929203281179065,96
celW+connShuf,chunk_6,63,kl_to_gaussian,1.1599981751563229,96
celW+connShuf,chunk_6,63,wt_mean,0.002130924520315575,96
celW+connShuf,chunk_6,64,GR,17.13767545670271,96
celW+connShuf,chunk_6,64,IPC,11.97004051901534,96
celW+connShuf,chunk_6,64,KR,8.361075873176256,96
celW+connShuf,chunk_6,64,MC,6.778705922265847,96
celW+connShuf,chunk_6,64,cosine_similarity,0.02207111893221732,96
celW+connShuf,chunk_6,64,kl_to_gaussian,1.159998145593126,96
celW+connShuf,chunk_6,64,wt_mean,0.002336131175979925,96
celW+connShuf,chunk_6,65,GR,21.05201234916846,96
celW+connShuf,chunk_6,65,IPC,12.845231342588233,96
celW+connShuf,chunk_6,65,KR,10.452483961979548,96
celW+connShuf,chunk_6,65,MC,6.986232516666253,96
celW+connShuf,chunk_6,65,cosine_similarity,0.01570507278665895,96
celW+connShuf,chunk_6,65,kl_to_gaussian,1.1599981672266055,96
celW+connShuf,chunk_6,65,wt_mean,0.002445854654069925,96
celW+connShuf,chunk_6,66,GR,17.045453516145546,96
celW+connShuf,chunk_6,66,IPC,12.075112841182431,96
celW+connShuf,chunk_6,66,KR,8.41935010254383,96
celW+connShuf,chunk_6,66,MC,6.792861580848694,96
celW+connShuf,chunk_6,66,cosine_similarity,0.027079938910901522,96
celW+connShuf,chunk_6,66,kl_to_gaussian,1.1599981760819147,96
celW+connShuf,chunk_6,66,wt_mean,0.002442062133923125,96
celW+connShuf,chunk_6,67,GR,22.124884118636448,96
celW+connShuf,chunk_6,67,IPC,13.235442998442666,96
celW+connShuf,chunk_6,67,KR,11.04429709414641,96
celW+connShuf,chunk_6,67,MC,7.683513201773167,96
celW+connShuf,chunk_6,67,cosine_similarity,0.015026457607746076,96
celW+connShuf,chunk_6,67,kl_to_gaussian,1.1599982292924635,96
celW+connShuf,chunk_6,67,wt_mean,0.0024545510823372253,96
celW+connShuf,chunk_6,68,GR,22.168307294448216,96
celW+connShuf,chunk_6,68,IPC,12.881896220887382,96
celW+connShuf,chunk_6,68,KR,10.84497773895661,96
celW+connShuf,chunk_6,68,MC,7.483069618542989,96
celW+connShuf,chunk_6,68,cosine_similarity,0.0194212929345667,96
celW+connShuf,chunk_6,68,kl_to_gaussian,1.159998189242783,96
celW+connShuf,chunk_6,68,wt_mean,0.0024693680461495503,96
celW+connShuf,chunk_6,69,GR,13.81261432170868,96
celW+connShuf,chunk_6,69,IPC,11.844884452666571,96
celW+connShuf,chunk_6,69,KR,6.865454378227393,96
celW+connShuf,chunk_6,69,MC,6.669347288707892,96
celW+connShuf,chunk_6,69,cosine_similarity,0.012085796799510676,96
celW+connShuf,chunk_6,69,kl_to_gaussian,1.159998236153163,96
celW+connShuf,chunk_6,69,wt_mean,0.002071307273581575,96
celW+connShuf,chunk_7,70,GR,15.838743569950262,96
celW+connShuf,chunk_7,70,IPC,11.241466868608887,96
celW+connShuf,chunk_7,70,KR,7.9840066730976105,96
celW+connShuf,chunk_7,70,MC,6.6078649908304214,96
celW+connShuf,chunk_7,70,cosine_similarity,0.024236222729086824,96
celW+connShuf,chunk_7,70,kl_to_gaussian,1.1599981887039665,96
celW+connShuf,chunk_7,70,wt_mean,0.0022917212627362,96
celW+connShuf,chunk_7,71,GR,18.187672061224777,96
celW+connShuf,chunk_7,71,IPC,12.666726463308708,96
celW+connShuf,chunk_7,71,KR,8.956730790436268,96
celW+connShuf,chunk_7,71,MC,6.881604241828124,96
celW+connShuf,chunk_7,71,cosine_similarity,0.014477103250101151,96
celW+connShuf,chunk_7,71,kl_to_gaussian,1.1599982032747633,96
celW+connShuf,chunk_7,71,wt_mean,0.002360954036703275,96
celW+connShuf,chunk_7,72,GR,15.453910994033018,96
celW+connShuf,chunk_7,72,IPC,11.886252854628692,96
celW+connShuf,chunk_7,72,KR,7.981139612694581,96
celW+connShuf,chunk_7,72,MC,7.022385599712531,96
celW+connShuf,chunk_7,72,cosine_similarity,0.0180640635080635,96
celW+connShuf,chunk_7,72,kl_to_gaussian,1.1599982246042324,96
celW+connShuf,chunk_7,72,wt_mean,0.0021791147883049498,96
celW+connShuf,chunk_7,73,GR,13.969647414982319,96
celW+connShuf,chunk_7,73,IPC,12.315050204020702,96
celW+connShuf,chunk_7,73,KR,7.235244286557038,96
celW+connShuf,chunk_7,73,MC,7.055884907643001,96
celW+connShuf,chunk_7,73,cosine_similarity,0.016189796850085224,96
celW+connShuf,chunk_7,73,kl_to_gaussian,1.1599982271534175,96
celW+connShuf,chunk_7,73,wt_mean,0.002159350260626475,96
celW+connShuf,chunk_7,74,GR,14.938604104022184,96
celW+connShuf,chunk_7,74,IPC,11.8533636431119,96
celW+connShuf,chunk_7,74,KR,7.180951704581578,96
celW+connShuf,chunk_7,74,MC,6.335104912519455,96
celW+connShuf,chunk_7,74,cosine_similarity,0.009403654607012825,96
celW+connShuf,chunk_7,74,kl_to_gaussian,1.159998137510446,96
celW+connShuf,chunk_7,74,wt_mean,0.0022187691356520497,96
celW+connShuf,chunk_7,75,GR,13.908494549492994,96
celW+connShuf,chunk_7,75,IPC,11.53650029416527,96
celW+connShuf,chunk_7,75,KR,7.08539317548275,96
celW+connShuf,chunk_7,75,MC,6.706181791921456,96
celW+connShuf,chunk_7,75,cosine_similarity,0.0192597173154354,96
celW+connShuf,chunk_7,75,kl_to_gaussian,1.1599981766733551,96
celW+connShuf,chunk_7,75,wt_mean,0.00209136027842755,96
celW+connShuf,chunk_7,76,GR,20.467314066986244,96
celW+connShuf,chunk_7,76,IPC,13.744449515488553,96
celW+connShuf,chunk_7,76,KR,10.315428584814072,96
celW+connShuf,chunk_7,76,MC,8.077474224070707,96
celW+connShuf,chunk_7,76,cosine_similarity,0.01900119846686715,96
celW+connShuf,chunk_7,76,kl_to_gaussian,1.1599982012159147,96
celW+connShuf,chunk_7,76,wt_mean,0.0023813634179532003,96
celW+connShuf,chunk_7,77,GR,17.17566425104936,96
celW+connShuf,chunk_7,77,IPC,11.578941697448967,96
celW+connShuf,chunk_7,77,KR,8.836150534451008,96
celW+connShuf,chunk_7,77,MC,6.5952351205050945,96
celW+connShuf,chunk_7,77,cosine_similarity,0.015672757290303624,96
celW+connShuf,chunk_7,77,kl_to_gaussian,1.1599982328280094,96
celW+connShuf,chunk_7,77,wt_mean,0.0022717716637998503,96
celW+connShuf,chunk_7,78,GR,15.892316001156965,96
celW+connShuf,chunk_7,78,IPC,11.888756935973667,96
celW+connShuf,chunk_7,78,KR,7.891668076316516,96
celW+connShuf,chunk_7,78,MC,6.6986487085620565,96
celW+connShuf,chunk_7,78,cosine_similarity,0.02252352656796573,96
celW+connShuf,chunk_7,78,kl_to_gaussian,1.159998185695221,96
celW+connShuf,chunk_7,78,wt_mean,0.002151311549823675,96
celW+connShuf,chunk_7,79,GR,16.671716764569283,96
celW+connShuf,chunk_7,79,IPC,11.957052906206831,96
celW+connShuf,chunk_7,79,KR,8.285536656777063,96
celW+connShuf,chunk_7,79,MC,6.58880503103137,96
celW+connShuf,chunk_7,79,cosine_similarity,0.013830803334712925,96
celW+connShuf,chunk_7,79,kl_to_gaussian,1.1599981924764666,96
celW+connShuf,chunk_7,79,wt_mean,0.0022850133827887003,96
celW+connShuf,chunk_8,80,GR,16.977746173739433,96
celW+connShuf,chunk_8,80,IPC,11.03413858434156,96
celW+connShuf,chunk_8,80,KR,8.59844363729159,96
celW+connShuf,chunk_8,80,MC,6.914972859124343,96
celW+connShuf,chunk_8,80,cosine_similarity,0.025431877002119976,96
celW+connShuf,chunk_8,80,kl_to_gaussian,1.1599980871254365,96
celW+connShuf,chunk_8,80,wt_mean,0.0024271665606646997,96
celW+connShuf,chunk_8,81,GR,17.97019302099943,96
celW+connShuf,chunk_8,81,IPC,10.847264800470185,96
celW+connShuf,chunk_8,81,KR,8.807814938326677,96
celW+connShuf,chunk_8,81,MC,6.424903526902199,96
celW+connShuf,chunk_8,81,cosine_similarity,0.0189688839018344,96
celW+connShuf,chunk_8,81,kl_to_gaussian,1.1599982003360385,96
celW+connShuf,chunk_8,81,wt_mean,0.002336532634217225,96
celW+connShuf,chunk_8,82,GR,34.65652917325497,96
celW+connShuf,chunk_8,82,IPC,13.207611777869147,96
celW+connShuf,chunk_8,82,KR,17.36395413428545,96
celW+connShuf,chunk_8,82,MC,8.505192081133524,96
celW+connShuf,chunk_8,82,cosine_similarity,0.016157479956746077,96
celW+connShuf,chunk_8,82,kl_to_gaussian,1.1599980949057227,96
celW+connShuf,chunk_8,82,wt_mean,0.002973943192046075,96
celW+connShuf,chunk_8,83,GR,15.913737831016382,96
celW+connShuf,chunk_8,83,IPC,9.250238513948332,96
celW+connShuf,chunk_8,83,KR,7.4624075045188265,96
celW+connShuf,chunk_8,83,MC,5.469489894807339,96
celW+connShuf,chunk_8,83,cosine_similarity,0.021715656854212274,96
celW+connShuf,chunk_8,83,kl_to_gaussian,1.159998289573893,96
celW+connShuf,chunk_8,83,wt_mean,0.002114936767611625,96
celW+connShuf,chunk_8,84,GR,18.24163994938135,96
celW+connShuf,chunk_8,84,IPC,11.685106106688265,96
celW+connShuf,chunk_8,84,KR,9.04430645952622,96
celW+connShuf,chunk_8,84,MC,6.8494675407807035,96
celW+connShuf,chunk_8,84,cosine_similarity,0.013152189319953274,96
celW+connShuf,chunk_8,84,kl_to_gaussian,1.1599981437021556,96
celW+connShuf,chunk_8,84,wt_mean,0.0023916646023280246,96
celW+connShuf,chunk_8,85,GR,16.49525901923577,96
celW+connShuf,chunk_8,85,IPC,10.587524694704099,96
celW+connShuf,chunk_8,85,KR,8.005384989082813,96
celW+connShuf,chunk_8,85,MC,6.1643766822914285,96
celW+connShuf,chunk_8,85,cosine_similarity,0.01754702348262065,96
celW+connShuf,chunk_8,85,kl_to_gaussian,1.1599982226443453,96
celW+connShuf,chunk_8,85,wt_mean,0.0022975931060500248,96
celW+connShuf,chunk_8,86,GR,20.09959219644467,96
celW+connShuf,chunk_8,86,IPC,10.742439711130187,96
celW+connShuf,chunk_8,86,KR,9.861242239673933,96
celW+connShuf,chunk_8,86,MC,6.753265085319678,96
celW+connShuf,chunk_8,86,cosine_similarity,0.0155434976331889,96
celW+connShuf,chunk_8,86,kl_to_gaussian,1.1599981714797014,96
celW+connShuf,chunk_8,86,wt_mean,0.0024052377557381498,96
celW+connShuf,chunk_8,87,GR,15.657660129169622,96
celW+connShuf,chunk_8,87,IPC,10.778508620505368,96
celW+connShuf,chunk_8,87,KR,7.723149485886097,96
celW+connShuf,chunk_8,87,MC,6.221990212798119,96
celW+connShuf,chunk_8,87,cosine_similarity,0.018807311076670826,96
celW+connShuf,chunk_8,87,kl_to_gaussian,1.1599982347917968,96
celW+connShuf,chunk_8,87,wt_mean,0.00228235253598535,96
celW+connShuf,chunk_8,88,GR,19.30020698408286,96
celW+connShuf,chunk_8,88,IPC,10.516844259812848,96
celW+connShuf,chunk_8,88,KR,9.193219502766928,96
celW+connShuf,chunk_8,88,MC,6.267365880310535,96
celW+connShuf,chunk_8,88,cosine_similarity,0.016836094669997626,96
celW+connShuf,chunk_8,88,kl_to_gaussian,1.1599981626838713,96
celW+connShuf,chunk_8,88,wt_mean,0.002239921508589725,96
celW+connShuf,chunk_8,89,GR,16.30997218688329,96
celW+connShuf,chunk_8,89,IPC,10.2822541392428,96
celW+connShuf,chunk_8,89,KR,7.971653419236342,96
celW+connShuf,chunk_8,89,MC,6.2212545077006025,96
celW+connShuf,chunk_8,89,cosine_similarity,0.020875465124845477,96
celW+connShuf,chunk_8,89,kl_to_gaussian,1.15999815324855,96
celW+connShuf,chunk_8,89,wt_mean,0.0022731158533133,96
celW+connShuf,chunk_9,90,GR,23.414489917457104,96
celW+connShuf,chunk_9,90,IPC,12.317473083819564,96
celW+connShuf,chunk_9,90,KR,11.44154380261898,96
celW+connShuf,chunk_9,90,MC,7.468437631924947,96
celW+connShuf,chunk_9,90,cosine_similarity,0.01861341856420035,96
celW+connShuf,chunk_9,90,kl_to_gaussian,1.159998116529919,96
celW+connShuf,chunk_9,90,wt_mean,0.0025044044887181,96
celW+connShuf,chunk_9,91,GR,18.829970076680183,96
celW+connShuf,chunk_9,91,IPC,11.303537366117888,96
celW+connShuf,chunk_9,91,KR,9.171533554792404,96
celW+connShuf,chunk_9,91,MC,6.4928189516067505,96
celW+connShuf,chunk_9,91,cosine_similarity,0.01793480431661005,96
celW+connShuf,chunk_9,91,kl_to_gaussian,1.1599981595622,96
celW+connShuf,chunk_9,91,wt_mean,0.00245701184030615,96
celW+connShuf,chunk_9,92,GR,17.21199843287468,96
celW+connShuf,chunk_9,92,IPC,11.010656433394722,96
celW+connShuf,chunk_9,92,KR,8.634535394608974,96
celW+connShuf,chunk_9,92,MC,6.448173988610506,96
celW+connShuf,chunk_9,92,cosine_similarity,0.02310519712045785,96
celW+connShuf,chunk_9,92,kl_to_gaussian,1.1599981761959113,96
celW+connShuf,chunk_9,92,wt_mean,0.0024261724320240002,96
celW+connShuf,chunk_9,93,GR,13.701548144221306,96
celW+connShuf,chunk_9,93,IPC,9.937005215124321,96
celW+connShuf,chunk_9,93,KR,7.014083643754323,96
celW+connShuf,chunk_9,93,MC,5.984386540949345,96
celW+connShuf,chunk_9,93,cosine_similarity,0.02155407983809705,96
celW+connShuf,chunk_9,93,kl_to_gaussian,1.1599982191963878,96
celW+connShuf,chunk_9,93,wt_mean,0.002149945590645025,96
celW+connShuf,chunk_9,94,GR,17.306773262719314,96
celW+connShuf,chunk_9,94,IPC,11.279011442093905,96
celW+connShuf,chunk_9,94,KR,8.649903456370035,96
celW+connShuf,chunk_9,94,MC,6.508185456196467,96
celW+connShuf,chunk_9,94,cosine_similarity,0.017967119812965327,96
celW+connShuf,chunk_9,94,kl_to_gaussian,1.1599981628104783,96
celW+connShuf,chunk_9,94,wt_mean,0.002137020637746825,96
celW+connShuf,chunk_9,95,GR,16.251503492395084,96
celW+connShuf,chunk_9,95,IPC,10.689486685554046,96
celW+connShuf,chunk_9,95,KR,7.886286447445552,96
celW+connShuf,chunk_9,95,MC,6.242690626531839,96
celW+connShuf,chunk_9,95,cosine_similarity,0.017870173323899476,96
celW+connShuf,chunk_9,95,kl_to_gaussian,1.1599981992857549,96
celW+connShuf,chunk_9,95,wt_mean,0.002287269540829525,96
celW+connShuf,chunk_9,96,GR,18.07064427683751,96
celW+connShuf,chunk_9,96,IPC,10.528020737889628,96
celW+connShuf,chunk_9,96,KR,8.839085986216864,96
celW+connShuf,chunk_9,96,MC,6.447693273425102,96
celW+connShuf,chunk_9,96,cosine_similarity,0.010308473603799875,96
celW+connShuf,chunk_9,96,kl_to_gaussian,1.1599982187687115,96
celW+connShuf,chunk_9,96,wt_mean,0.002162200660677575,96
celW+connShuf,chunk_9,97,GR,19.77330795675516,96
celW+connShuf,chunk_9,97,IPC,11.961200513788429,96
celW+connShuf,chunk_9,97,KR,9.781595021486282,96
celW+connShuf,chunk_9,97,MC,6.907930634915829,96
celW+connShuf,chunk_9,97,cosine_similarity,0.0156081274617463,96
celW+connShuf,chunk_9,97,kl_to_gaussian,1.159998243829036,96
celW+connShuf,chunk_9,97,wt_mean,0.00241565308533605,96
celW+connShuf,chunk_9,98,GR,15.665704945723215,96
celW+connShuf,chunk_9,98,IPC,9.735665907112827,96
celW+connShuf,chunk_9,98,KR,7.954024610420068,96
celW+connShuf,chunk_9,98,MC,5.955722413957119,96
celW+connShuf,chunk_9,98,cosine_similarity,0.0200352766551077,96
celW+connShuf,chunk_9,98,kl_to_gaussian,1.159998172325085,96
celW+connShuf,chunk_9,98,wt_mean,0.0021836628147866,96
celW+connShuf,chunk_9,99,GR,14.415284437437853,96
celW+connShuf,chunk_9,99,IPC,9.674046474430982,96
celW+connShuf,chunk_9,99,KR,7.491557784378529,96
celW+connShuf,chunk_9,99,MC,5.657828672478597,96
celW+connShuf,chunk_9,99,cosine_similarity,0.022361954208463375,96
celW+connShuf,chunk_9,99,kl_to_gaussian,1.159998186059653,96
celW+connShuf,chunk_9,99,wt_mean,0.002109501685481475,96
conn_shuf_only,chunk_0,0,GR,17.35348553210497,96
conn_shuf_only,chunk_0,0,IPC,12.326290108406432,96
conn_shuf_only,chunk_0,0,KR,8.50726124147574,96
conn_shuf_only,chunk_0,0,MC,7.26025449236234,96
conn_shuf_only,chunk_0,0,cosine_similarity,0.0173531360924243,96
conn_shuf_only,chunk_0,0,kl_to_gaussian,1.159998097112707,96
conn_shuf_only,chunk_0,0,wt_mean,0.002398748532868875,96
conn_shuf_only,chunk_0,1,GR,20.412448205053806,96
conn_shuf_only,chunk_0,1,IPC,13.089205936943308,96
conn_shuf_only,chunk_0,1,KR,9.99962472418944,96
conn_shuf_only,chunk_0,1,MC,7.278711083034675,96
conn_shuf_only,chunk_0,1,cosine_similarity,0.0191304576583206,96
conn_shuf_only,chunk_0,1,kl_to_gaussian,1.1599981790139011,96
conn_shuf_only,chunk_0,1,wt_mean,0.00245107314549385,96
conn_shuf_only,chunk_0,2,GR,22.348439735670883,96
conn_shuf_only,chunk_0,2,IPC,13.208096352477392,96
conn_shuf_only,chunk_0,2,KR,10.878787636756897,96
conn_shuf_only,chunk_0,2,MC,7.6640279951194925,96
conn_shuf_only,chunk_0,2,cosine_similarity,0.015769700985401824,96
conn_shuf_only,chunk_0,2,kl_to_gaussian,1.159998276890127,96
conn_shuf_only,chunk_0,2,wt_mean,0.002447943930746925,96
conn_shuf_only,chunk_0,3,GR,26.455543505648773,96
conn_shuf_only,chunk_0,3,IPC,13.86298052563866,96
conn_shuf_only,chunk_0,3,KR,12.41780623793602,96
conn_shuf_only,chunk_0,3,MC,7.988721253971259,96
conn_shuf_only,chunk_0,3,cosine_similarity,0.0153172917198389,96
conn_shuf_only,chunk_0,3,kl_to_gaussian,1.1599982451429913,96
conn_shuf_only,chunk_0,3,wt_mean,0.0026764078938867498,96
conn_shuf_only,chunk_0,4,GR,26.154323786497116,96
conn_shuf_only,chunk_0,4,IPC,13.589794819234866,96
conn_shuf_only,chunk_0,4,KR,12.733337429662546,96
conn_shuf_only,chunk_0,4,MC,8.154090089102587,96
conn_shuf_only,chunk_0,4,cosine_similarity,0.01673915050923815,96
conn_shuf_only,chunk_0,4,kl_to_gaussian,1.1599981533843275,96
conn_shuf_only,chunk_0,4,wt_mean,0.0028038212913087997,96
conn_shuf_only,chunk_0,5,GR,17.81958034137885,96
conn_shuf_only,chunk_0,5,IPC,13.155644073251166,96
conn_shuf_only,chunk_0,5,KR,8.952753459413847,96
conn_shuf_only,chunk_0,5,MC,7.703623130917549,96
conn_shuf_only,chunk_0,5,cosine_similarity,0.02539955964311955,96
conn_shuf_only,chunk_0,5,kl_to_gaussian,1.1599982183761288,96
conn_shuf_only,chunk_0,5,wt_mean,0.0023957248486112252,96
conn_shuf_only,chunk_0,6,GR,42.75320482254028,96
conn_shuf_only,chunk_0,6,IPC,15.086865393821435,96
conn_shuf_only,chunk_0,6,KR,21.93951973815759,96
conn_shuf_only,chunk_0,6,MC,9.334208528200785,96
conn_shuf_only,chunk_0,6,cosine_similarity,0.0164160006679594,96
conn_shuf_only,chunk_0,6,kl_to_gaussian,1.159998207716732,96
conn_shuf_only,chunk_0,6,wt_mean,0.0033749290741979248,96
conn_shuf_only,chunk_0,7,GR,16.186924698452156,96
conn_shuf_only,chunk_0,7,IPC,12.30402058170879,96
conn_shuf_only,chunk_0,7,KR,7.677057740588983,96
conn_shuf_only,chunk_0,7,MC,6.476709758241971,96
conn_shuf_only,chunk_0,7,cosine_similarity,0.022426582407206224,96
conn_shuf_only,chunk_0,7,kl_to_gaussian,1.1599981927226757,96
conn_shuf_only,chunk_0,7,wt_mean,0.0022688309836666498,96
conn_shuf_only,chunk_0,8,GR,20.308831982314587,96
conn_shuf_only,chunk_0,8,IPC,12.910991025316084,96
conn_shuf_only,chunk_0,8,KR,9.936210292081038,96
conn_shuf_only,chunk_0,8,MC,7.279562537868817,96
conn_shuf_only,chunk_0,8,cosine_similarity,0.015284978086128775,96
conn_shuf_only,chunk_0,8,kl_to_gaussian,1.159998209369471,96
conn_shuf_only,chunk_0,8,wt_mean,0.00233153381850565,96
conn_shuf_only,chunk_0,9,GR,25.63741195946932,96
conn_shuf_only,chunk_0,9,IPC,13.21411930059575,96
conn_shuf_only,chunk_0,9,KR,12.450788507858912,96
conn_shuf_only,chunk_0,9,MC,7.458734820286433,96
conn_shuf_only,chunk_0,9,cosine_similarity,0.019162770826369475,96
conn_shuf_only,chunk_0,9,kl_to_gaussian,1.1599982275549974,96
conn_shuf_only,chunk_0,9,wt_mean,0.00275370062445285,96
conn_shuf_only,chunk_1,10,GR,18.923112417260807,96
conn_shuf_only,chunk_1,10,IPC,12.610412990765282,96
conn_shuf_only,chunk_1,10,KR,9.389055209855238,96
conn_shuf_only,chunk_1,10,MC,7.173422413567702,96
conn_shuf_only,chunk_1,10,cosine_similarity,0.01166570116765795,96
conn_shuf_only,chunk_1,10,kl_to_gaussian,1.1599981379384048,96
conn_shuf_only,chunk_1,10,wt_mean,0.0024712550803086997,96
conn_shuf_only,chunk_1,11,GR,30.368950178225834,96
conn_shuf_only,chunk_1,11,IPC,14.448357356110941,96
conn_shuf_only,chunk_1,11,KR,15.126629096766314,96
conn_shuf_only,chunk_1,11,MC,8.80218538393577,96
conn_shuf_only,chunk_1,11,cosine_similarity,0.0183548964560031,96
conn_shuf_only,chunk_1,11,kl_to_gaussian,1.159998176071612,96
conn_shuf_only,chunk_1,11,wt_mean,0.0028948226245119496,96
conn_shuf_only,chunk_1,12,GR,21.571847689648468,96
conn_shuf_only,chunk_1,12,IPC,11.639087599110631,96
conn_shuf_only,chunk_1,12,KR,10.411333081622919,96
conn_shuf_only,chunk_1,12,MC,6.606823734939098,96
conn_shuf_only,chunk_1,12,cosine_similarity,0.01796711795032015,96
conn_shuf_only,chunk_1,12,kl_to_gaussian,1.1599981127157255,96
conn_shuf_only,chunk_1,12,wt_mean,0.0024100787122733253,96
conn_shuf_only,chunk_1,13,GR,17.4064321393768,96
conn_shuf_only,chunk_1,13,IPC,11.067793304050179,96
conn_shuf_only,chunk_1,13,KR,8.579170475403467,96
conn_shuf_only,chunk_1,13,MC,6.511015421400468,96
conn_shuf_only,chunk_1,13,cosine_similarity,0.023719181772321424,96
conn_shuf_only,chunk_1,13,kl_to_gaussian,1.159998143085376,96
conn_shuf_only,chunk_1,13,wt_mean,0.0023270820674952002,96
conn_shuf_only,chunk_1,14,GR,14.611835064987341,96
conn_shuf_only,chunk_1,14,IPC,11.919407357687014,96
conn_shuf_only,chunk_1,14,KR,7.16975914935271,96
conn_shuf_only,chunk_1,14,MC,6.484276247521241,96
conn_shuf_only,chunk_1,14,cosine_similarity,0.0126674647908657,96
conn_shuf_only,chunk_1,14,kl_to_gaussian,1.1599982221405603,96
conn_shuf_only,chunk_1,14,wt_mean,0.0021679455530829,96
conn_shuf_only,chunk_1,15,GR,21.834818618992966,96
conn_shuf_only,chunk_1,15,IPC,13.170660545001631,96
conn_shuf_only,chunk_1,15,KR,10.661443926393986,96
conn_shuf_only,chunk_1,15,MC,7.632182449102402,96
conn_shuf_only,chunk_1,15,cosine_similarity,0.019550551194697573,96
conn_shuf_only,chunk_1,15,kl_to_gaussian,1.1599981459146527,96
conn_shuf_only,chunk_1,15,wt_mean,0.00261255941586565,96
conn_shuf_only,chunk_1,16,GR,19.707304425537586,96
conn_shuf_only,chunk_1,16,IPC,12.190100942308227,96
conn_shuf_only,chunk_1,16,KR,9.469309714933237,96
conn_shuf_only,chunk_1,16,MC,7.001365241905053,96
conn_shuf_only,chunk_1,16,cosine_similarity,0.0207785181701183,96
conn_shuf_only,chunk_1,16,kl_to_gaussian,1.159998241336278,96
conn_shuf_only,chunk_1,16,wt_mean,0.00224909186363215,96
conn_shuf_only,chunk_1,17,GR,25.063219517469406,96
conn_shuf_only,chunk_1,17,IPC,13.197573662588846,96
conn_shuf_only,chunk_1,17,KR,12.091961490611235,96
conn_shuf_only,chunk_1,17,MC,7.5061046803991,96
conn_shuf_only,chunk_1,17,cosine_similarity,0.01438015815801915,96
conn_shuf_only,chunk_1,17,kl_to_gaussian,1.1599981948514395,96
conn_shuf_only,chunk_1,17,wt_mean,0.0027348551084287,96
conn_shuf_only,chunk_1,18,GR,27.122678687175114,96
conn_shuf_only,chunk_1,18,IPC,12.569605127870444,96
conn_shuf_only,chunk_1,18,KR,13.007247385879358,96
conn_shuf_only,chunk_1,18,MC,7.512553458412488,96
conn_shuf_only,chunk_1,18,cosine_similarity,0.0171269299462437,96
conn_shuf_only,chunk_1,18,kl_to_gaussian,1.1599982106628366,96
conn_shuf_only,chunk_1,18,wt_mean,0.0026936287176795005,96
conn_shuf_only,chunk_1,19,GR,16.189820431172848,96
conn_shuf_only,chunk_1,19,IPC,12.253253425889687,96
conn_shuf_only,chunk_1,19,KR,8.036202602088451,96
conn_shuf_only,chunk_1,19,MC,6.682438533753157,96
conn_shuf_only,chunk_1,19,cosine_similarity,0.020067590754479152,96
conn_shuf_only,chunk_1,19,kl_to_gaussian,1.1599982215674889,96
conn_shuf_only,chunk_1,19,wt_mean,0.00217067223275075,96
conn_shuf_only,chunk_10,100,GR,18.528789552549522,96
conn_shuf_only,chunk_10,100,IPC,11.193583967237885,96
conn_shuf_only,chunk_10,100,KR,9.22725367297729,96
conn_shuf_only,chunk_10,100,MC,6.669267376263936,96
conn_shuf_only,chunk_10,100,cosine_similarity,0.01244126074016085,96
conn_shuf_only,chunk_10,100,kl_to_gaussian,1.1599982129951263,96
conn_shuf_only,chunk_10,100,wt_mean,0.0022844761551823003,96
conn_shuf_only,chunk_10,101,GR,22.647731112937134,96
conn_shuf_only,chunk_10,101,IPC,10.142534035231924,96
conn_shuf_only,chunk_10,101,KR,11.33945565422376,96
conn_shuf_only,chunk_10,101,MC,6.355980434765418,96
conn_shuf_only,chunk_10,101,cosine_similarity,0.02349297655746335,96
conn_shuf_only,chunk_10,101,kl_to_gaussian,1.1599982127648094,96
conn_shuf_only,chunk_10,101,wt_mean,0.002469244354870125,96
conn_shuf_only,chunk_10,102,GR,12.959532712896666,96
conn_shuf_only,chunk_10,102,IPC,8.871506838020819,96
conn_shuf_only,chunk_10,102,KR,6.620593577623367,96
conn_shuf_only,chunk_10,102,MC,5.34537756194671,96
conn_shuf_only,chunk_10,102,cosine_similarity,0.01599590387195345,96
conn_shuf_only,chunk_10,102,kl_to_gaussian,1.1599981292067676,96
conn_shuf_only,chunk_10,102,wt_mean,0.00202899350551885,96
conn_shuf_only,chunk_10,103,GR,14.247302000721296,96
conn_shuf_only,chunk_10,103,IPC,10.453218536064286,96
conn_shuf_only,chunk_10,103,KR,7.470778909822305,96
conn_shuf_only,chunk_10,103,MC,6.186030197888613,96
conn_shuf_only,chunk_10,103,cosine_similarity,0.019744442310184174,96
conn_shuf_only,chunk_10,103,kl_to_gaussian,1.159998201655587,96
conn_shuf_only,chunk_10,103,wt_mean,0.002099867211654725,96
conn_shuf_only,chunk_10,104,GR,23.274363515277702,96
conn_shuf_only,chunk_10,104,IPC,11.59581830950305,96
conn_shuf_only,chunk_10,104,KR,11.16181123505036,96
conn_shuf_only,chunk_10,104,MC,6.848791313668092,96
conn_shuf_only,chunk_10,104,cosine_similarity,0.0221357503905892,96
conn_shuf_only,chunk_10,104,kl_to_gaussian,1.1599981792489842,96
conn_shuf_only,chunk_10,104,wt_mean,0.00261851688264865,96
conn_shuf_only,chunk_10,105,GR,18.042482413351536,96
conn_shuf_only,chunk_10,105,IPC,10.43865921243867,96
conn_shuf_only,chunk_10,105,KR,8.915370563666025,96
conn_shuf_only,chunk_10,105,MC,6.099037725478411,96
conn_shuf_only,chunk_10,105,cosine_similarity,0.013281448511406701,96
conn_shuf_only,chunk_10,105,kl_to_gaussian,1.1599981852737176,96
conn_shuf_only,chunk_10,105,wt_mean,0.00227814243407915,96
conn_shuf_only,chunk_10,106,GR,23.631601346035797,96
conn_shuf_only,chunk_10,106,IPC,11.90770729384989,96
conn_shuf_only,chunk_10,106,KR,11.685690154631933,96
conn_shuf_only,chunk_10,106,MC,7.147231828421354,96
conn_shuf_only,chunk_10,106,cosine_similarity,0.020326111931353776,96
conn_shuf_only,chunk_10,106,kl_to_gaussian,1.159998228701117,96
conn_shuf_only,chunk_10,106,wt_mean,0.0026170548517256502,96
conn_shuf_only,chunk_10,107,GR,17.599423448244732,96
conn_shuf_only,chunk_10,107,IPC,10.170503773001316,96
conn_shuf_only,chunk_10,107,KR,8.828828354676565,96
conn_shuf_only,chunk_10,107,MC,6.216968561212222,96
conn_shuf_only,chunk_10,107,cosine_similarity,0.018968883901834425,96
conn_shuf_only,chunk_10,107,kl_to_gaussian,1.1599981183518484,96
conn_shuf_only,chunk_10,107,wt_mean,0.0023501299147028,96
conn_shuf_only,chunk_10,108,GR,26.321674317121506,96
conn_shuf_only,chunk_10,108,IPC,12.72652602791777,96
conn_shuf_only,chunk_10,108,KR,12.671845401326815,96
conn_shuf_only,chunk_10,108,MC,7.8697134504715605,96
conn_shuf_only,chunk_10,108,cosine_similarity,0.01874267961829895,96
conn_shuf_only,chunk_10,108,kl_to_gaussian,1.1599981952302376,96
conn_shuf_only,chunk_10,108,wt_mean,0.0028357945848255747,96
conn_shuf_only,chunk_10,109,GR,26.461681711177032,96
conn_shuf_only,chunk_10,109,IPC,13.330911080003256,96
conn_shuf_only,chunk_10,109,KR,12.633421403666338,96
conn_shuf_only,chunk_10,109,MC,7.583576949934165,96
conn_shuf_only,chunk_10,109,cosine_similarity,0.011698016198351925,96
conn_shuf_only,chunk_10,109,kl_to_gaussian,1.1599982435876925,96
conn_shuf_only,chunk_10,109,wt_mean,0.00272351806052025,96
conn_shuf_only,chunk_11,110,GR,23.816157748301823,96
conn_shuf_only,chunk_11,110,IPC,10.936514584969137,96
conn_shuf_only,chunk_11,110,KR,11.743868425488472,96
conn_shuf_only,chunk_11,110,MC,7.021478645503521,96
conn_shuf_only,chunk_11,110,cosine_similarity,0.018516473006457024,96
conn_shuf_only,chunk_11,110,kl_to_gaussian,1.1599982324159466,96
conn_shuf_only,chunk_11,110,wt_mean,0.002602582855615725,96
conn_shuf_only,chunk_11,111,GR,21.56224999576807,96
conn_shuf_only,chunk_11,111,IPC,11.831481673079907,96
conn_shuf_only,chunk_11,111,KR,10.825116857886314,96
conn_shuf_only,chunk_11,111,MC,7.086897837618987,96
conn_shuf_only,chunk_11,111,cosine_similarity,0.016868410166352925,96
conn_shuf_only,chunk_11,111,kl_to_gaussian,1.1599981772946533,96
conn_shuf_only,chunk_11,111,wt_mean,0.0025164537073578248,96
conn_shuf_only,chunk_11,112,GR,21.066961353023846,96
conn_shuf_only,chunk_11,112,IPC,11.034672362924058,96
conn_shuf_only,chunk_11,112,KR,10.320223405957222,96
conn_shuf_only,chunk_11,112,MC,6.50260004401207,96
conn_shuf_only,chunk_11,112,cosine_similarity,0.010987086221575675,96
conn_shuf_only,chunk_11,112,kl_to_gaussian,1.1599982218347569,96
conn_shuf_only,chunk_11,112,wt_mean,0.00263291498413305,96
conn_shuf_only,chunk_11,113,GR,27.213095468779404,96
conn_shuf_only,chunk_11,113,IPC,11.403387928688039,96
conn_shuf_only,chunk_11,113,KR,13.196850344538689,96
conn_shuf_only,chunk_11,113,MC,7.164060806234677,96
conn_shuf_only,chunk_11,113,cosine_similarity,0.0160605357959866,96
conn_shuf_only,chunk_11,113,kl_to_gaussian,1.1599981836396271,96
conn_shuf_only,chunk_11,113,wt_mean,0.0027877428219653002,96
conn_shuf_only,chunk_11,114,GR,18.333063470820587,96
conn_shuf_only,chunk_11,114,IPC,10.67497906942001,96
conn_shuf_only,chunk_11,114,KR,9.146858458717665,96
conn_shuf_only,chunk_11,114,MC,6.520211203644673,96
conn_shuf_only,chunk_11,114,cosine_similarity,0.01628674147650595,96
conn_shuf_only,chunk_11,114,kl_to_gaussian,1.159998193018291,96
conn_shuf_only,chunk_11,114,wt_mean,0.002329838549485375,96
conn_shuf_only,chunk_11,115,GR,19.535671092569828,96
conn_shuf_only,chunk_11,115,IPC,10.607013999576228,96
conn_shuf_only,chunk_11,115,KR,9.59166772911946,96
conn_shuf_only,chunk_11,115,MC,6.496881706019242,96
conn_shuf_only,chunk_11,115,cosine_similarity,0.02368686906993385,96
conn_shuf_only,chunk_11,115,kl_to_gaussian,1.1599982461167682,96
conn_shuf_only,chunk_11,115,wt_mean,0.002453410445014,96
conn_shuf_only,chunk_11,116,GR,14.943755698700746,96
conn_shuf_only,chunk_11,116,IPC,10.621001438513657,96
conn_shuf_only,chunk_11,116,KR,7.6481062571207685,96
conn_shuf_only,chunk_11,116,MC,6.282205964128177,96
conn_shuf_only,chunk_11,116,cosine_similarity,0.018904252909123825,96
conn_shuf_only,chunk_11,116,kl_to_gaussian,1.159998231943445,96
conn_shuf_only,chunk_11,116,wt_mean,0.00220845613512205,96
conn_shuf_only,chunk_11,117,GR,20.524636353055637,96
conn_shuf_only,chunk_11,117,IPC,11.216382926440959,96
conn_shuf_only,chunk_11,117,KR,10.13160174091657,96
conn_shuf_only,chunk_11,117,MC,6.567120676239331,96
conn_shuf_only,chunk_11,117,cosine_similarity,0.01735313562676305,96
conn_shuf_only,chunk_11,117,kl_to_gaussian,1.1599982063944219,96
conn_shuf_only,chunk_11,117,wt_mean,0.00250340742059045,96
conn_shuf_only,chunk_11,118,GR,21.461230871578056,96
conn_shuf_only,chunk_11,118,IPC,10.407001244871237,96
conn_shuf_only,chunk_11,118,KR,10.655230450133482,96
conn_shuf_only,chunk_11,118,MC,6.5810034821430845,96
conn_shuf_only,chunk_11,118,cosine_similarity,0.014994142111390775,96
conn_shuf_only,chunk_11,118,kl_to_gaussian,1.1599981715126229,96
conn_shuf_only,chunk_11,118,wt_mean,0.002606543042929775,96
conn_shuf_only,chunk_11,119,GR,20.01278894642989,96
conn_shuf_only,chunk_11,119,IPC,11.49791217020644,96
conn_shuf_only,chunk_11,119,KR,10.133994047840437,96
conn_shuf_only,chunk_11,119,MC,6.775790532430013,96
conn_shuf_only,chunk_11,119,cosine_similarity,0.018419527448713748,96
conn_shuf_only,chunk_11,119,kl_to_gaussian,1.1599982718629784,96
conn_shuf_only,chunk_11,119,wt_mean,0.0024304125981870254,96
conn_shuf_only,chunk_12,120,GR,21.324814207851887,96
conn_shuf_only,chunk_12,120,IPC,12.022064980240224,96
conn_shuf_only,chunk_12,120,KR,10.67502369483312,96
conn_shuf_only,chunk_12,120,MC,7.383893859883149,96
conn_shuf_only,chunk_12,120,cosine_similarity,0.018968883901834425,96
conn_shuf_only,chunk_12,120,kl_to_gaussian,1.1599982256520782,96
conn_shuf_only,chunk_12,120,wt_mean,0.0026163173897657,96
conn_shuf_only,chunk_12,121,GR,14.58245279888312,96
conn_shuf_only,chunk_12,121,IPC,9.735559681313765,96
conn_shuf_only,chunk_12,121,KR,7.359420138100783,96
conn_shuf_only,chunk_12,121,MC,5.677292396624883,96
conn_shuf_only,chunk_12,121,cosine_similarity,0.02304056752473112,96
conn_shuf_only,chunk_12,121,kl_to_gaussian,1.159998192893711,96
conn_shuf_only,chunk_12,121,wt_mean,0.002006927505135475,96
conn_shuf_only,chunk_12,122,GR,26.708527473111946,96
conn_shuf_only,chunk_12,122,IPC,11.74399019336095,96
conn_shuf_only,chunk_12,122,KR,13.23670630902052,96
conn_shuf_only,chunk_12,122,MC,7.313915401697159,96
conn_shuf_only,chunk_12,122,cosine_similarity,0.0112456066999584,96
conn_shuf_only,chunk_12,122,kl_to_gaussian,1.1599981656207137,96
conn_shuf_only,chunk_12,122,wt_mean,0.00279332074569535,96
conn_shuf_only,chunk_12,123,GR,16.534311356643837,96
conn_shuf_only,chunk_12,123,IPC,10.712054214575458,96
conn_shuf_only,chunk_12,123,KR,8.202725852529207,96
conn_shuf_only,chunk_12,123,MC,6.485004682093859,96
conn_shuf_only,chunk_12,123,cosine_similarity,0.019259717781096676,96
conn_shuf_only,chunk_12,123,kl_to_gaussian,1.1599982257131376,96
conn_shuf_only,chunk_12,123,wt_mean,0.002313768200110575,96
conn_shuf_only,chunk_12,124,GR,22.95216912527879,96
conn_shuf_only,chunk_12,124,IPC,12.157474940707727,96
conn_shuf_only,chunk_12,124,KR,11.372660145163536,96
conn_shuf_only,chunk_12,124,MC,7.285285145044327,96
conn_shuf_only,chunk_12,124,cosine_similarity,0.017740914598107276,96
conn_shuf_only,chunk_12,124,kl_to_gaussian,1.1599981283586982,96
conn_shuf_only,chunk_12,124,wt_mean,0.0026538314414209997,96
conn_shuf_only,chunk_12,125,GR,28.1843852425615,96
conn_shuf_only,chunk_12,125,IPC,11.429192460147206,96
conn_shuf_only,chunk_12,125,KR,13.822831268111864,96
conn_shuf_only,chunk_12,125,MC,7.16549988463521,96
conn_shuf_only,chunk_12,125,cosine_similarity,0.02220037812367075,96
conn_shuf_only,chunk_12,125,kl_to_gaussian,1.159998285982202,96
conn_shuf_only,chunk_12,125,wt_mean,0.00277114339405665,96
conn_shuf_only,chunk_12,126,GR,27.453988887369633,96
conn_shuf_only,chunk_12,126,IPC,11.666923163619998,96
conn_shuf_only,chunk_12,126,KR,13.090128247936567,96
conn_shuf_only,chunk_12,126,MC,7.2444339754680795,96
conn_shuf_only,chunk_12,126,cosine_similarity,0.01434784312732515,96
conn_shuf_only,chunk_12,126,kl_to_gaussian,1.1599981760279692,96
conn_shuf_only,chunk_12,126,wt_mean,0.0027466901519801,96
conn_shuf_only,chunk_12,127,GR,30.085190152128536,96
conn_shuf_only,chunk_12,127,IPC,13.843503402447867,96
conn_shuf_only,chunk_12,127,KR,15.094059164325396,96
conn_shuf_only,chunk_12,127,MC,8.514811931798855,96
conn_shuf_only,chunk_12,127,cosine_similarity,0.0188719406723976,96
conn_shuf_only,chunk_12,127,kl_to_gaussian,1.1599981924895937,96
conn_shuf_only,chunk_12,127,wt_mean,0.003069912316277575,96
conn_shuf_only,chunk_12,128,GR,29.820758293072384,96
conn_shuf_only,chunk_12,128,IPC,12.491403508669721,96
conn_shuf_only,chunk_12,128,KR,15.011694965263208,96
conn_shuf_only,chunk_12,128,MC,8.004580927391848,96
conn_shuf_only,chunk_12,128,cosine_similarity,0.014186268672347025,96
conn_shuf_only,chunk_12,128,kl_to_gaussian,1.1599981792968228,96
conn_shuf_only,chunk_12,128,wt_mean,0.00301094434689725,96
conn_shuf_only,chunk_12,129,GR,29.53711647291978,96
conn_shuf_only,chunk_12,129,IPC,12.171879233812414,96
conn_shuf_only,chunk_12,129,KR,14.501427859067917,96
conn_shuf_only,chunk_12,129,MC,7.425124985476335,96
conn_shuf_only,chunk_12,129,cosine_similarity,0.011988851008936726,96
conn_shuf_only,chunk_12,129,kl_to_gaussian,1.1599981990429182,96
conn_shuf_only,chunk_12,129,wt_mean,0.0027517707203514497,96
conn_shuf_only,chunk_13,130,GR,29.24029774715503,96
conn_shuf_only,chunk_13,130,IPC,12.533040139486227,96
conn_shuf_only,chunk_13,130,KR,14.81702172011137,96
conn_shuf_only,chunk_13,130,MC,7.936286153892676,96
conn_shuf_only,chunk_13,130,cosine_similarity,0.019388977903872676,96
conn_shuf_only,chunk_13,130,kl_to_gaussian,1.159998158579406,96
conn_shuf_only,chunk_13,130,wt_mean,0.0026747750816866252,96
conn_shuf_only,chunk_13,131,GR,21.300237802167732,96
conn_shuf_only,chunk_13,131,IPC,10.268402341947253,96
conn_shuf_only,chunk_13,131,KR,10.208057972292105,96
conn_shuf_only,chunk_13,131,MC,6.096888276437919,96
conn_shuf_only,chunk_13,131,cosine_similarity,0.014218583703041026,96
conn_shuf_only,chunk_13,131,kl_to_gaussian,1.1599981812319522,96
conn_shuf_only,chunk_13,131,wt_mean,0.0023930903698783,96
conn_shuf_only,chunk_13,132,GR,21.30421828230222,96
conn_shuf_only,chunk_13,132,IPC,11.902531307980531,96
conn_shuf_only,chunk_13,132,KR,10.098695181310177,96
conn_shuf_only,chunk_13,132,MC,6.825707825521628,96
conn_shuf_only,chunk_13,132,cosine_similarity,0.01124560646712775,96
conn_shuf_only,chunk_13,132,kl_to_gaussian,1.1599982275645044,96
conn_shuf_only,chunk_13,132,wt_mean,0.002418595104245425,96
conn_shuf_only,chunk_13,133,GR,21.52209139118592,96
conn_shuf_only,chunk_13,133,IPC,12.104866247733577,96
conn_shuf_only,chunk_13,133,KR,10.690681248903275,96
conn_shuf_only,chunk_13,133,MC,6.995725844055414,96
conn_shuf_only,chunk_13,133,cosine_similarity,0.017805545125156624,96
conn_shuf_only,chunk_13,133,kl_to_gaussian,1.159998199605979,96
conn_shuf_only,chunk_13,133,wt_mean,0.002672017493750825,96
conn_shuf_only,chunk_13,134,GR,18.34336558232705,96
conn_shuf_only,chunk_13,134,IPC,10.90392957896546,96
conn_shuf_only,chunk_13,134,KR,9.326544823745886,96
conn_shuf_only,chunk_13,134,MC,6.659684471786022,96
conn_shuf_only,chunk_13,134,cosine_similarity,0.013733858708292199,96
conn_shuf_only,chunk_13,134,kl_to_gaussian,1.159998237120684,96
conn_shuf_only,chunk_13,134,wt_mean,0.0023488623555749,96
conn_shuf_only,chunk_13,135,GR,18.66003022591273,96
conn_shuf_only,chunk_13,135,IPC,10.89174691633771,96
conn_shuf_only,chunk_13,135,KR,9.17596480747064,96
conn_shuf_only,chunk_13,135,MC,6.365425322204828,96
conn_shuf_only,chunk_13,135,cosine_similarity,0.022265009582042625,96
conn_shuf_only,chunk_13,135,kl_to_gaussian,1.1599981980485643,96
conn_shuf_only,chunk_13,135,wt_mean,0.002332740172278075,96
conn_shuf_only,chunk_13,136,GR,16.137919624646504,96
conn_shuf_only,chunk_13,136,IPC,9.747550143966984,96
conn_shuf_only,chunk_13,136,KR,8.155384403963884,96
conn_shuf_only,chunk_13,136,MC,5.8542841002345085,96
conn_shuf_only,chunk_13,136,cosine_similarity,0.018904252443462576,96
conn_shuf_only,chunk_13,136,kl_to_gaussian,1.1599981445062182,96
conn_shuf_only,chunk_13,136,wt_mean,0.0021910207287873748,96
conn_shuf_only,chunk_13,137,GR,26.683423675596714,96
conn_shuf_only,chunk_13,137,IPC,12.211013058761694,96
conn_shuf_only,chunk_13,137,KR,13.225425144036612,96
conn_shuf_only,chunk_13,137,MC,7.5316706870992975,96
conn_shuf_only,chunk_13,137,cosine_similarity,0.010922457091510225,96
conn_shuf_only,chunk_13,137,kl_to_gaussian,1.1599981893404905,96
conn_shuf_only,chunk_13,137,wt_mean,0.002731294633122125,96
conn_shuf_only,chunk_13,138,GR,25.315329442421596,96
conn_shuf_only,chunk_13,138,IPC,10.658460526981521,96
conn_shuf_only,chunk_13,138,KR,12.261166560153166,96
conn_shuf_only,chunk_13,138,MC,6.693564299494028,96
conn_shuf_only,chunk_13,138,cosine_similarity,0.0139923780225217,96
conn_shuf_only,chunk_13,138,kl_to_gaussian,1.1599982322989664,96
conn_shuf_only,chunk_13,138,wt_mean,0.0026475580525584,96
conn_shuf_only,chunk_13,139,GR,15.685876503586769,96
conn_shuf_only,chunk_13,139,IPC,9.718142700557005,96
conn_shuf_only,chunk_13,139,KR,7.814278185367584,96
conn_shuf_only,chunk_13,139,MC,5.8182604884107905,96
conn_shuf_only,chunk_13,139,cosine_similarity,0.01105171698145565,96
conn_shuf_only,chunk_13,139,kl_to_gaussian,1.159998144606832,96
conn_shuf_only,chunk_13,139,wt_mean,0.0021321882086339753,96
conn_shuf_only,chunk_14,140,GR,18.541158338387806,96
conn_shuf_only,chunk_14,140,IPC,10.676902417806119,96
conn_shuf_only,chunk_14,140,KR,9.393538328508535,96
conn_shuf_only,chunk_14,140,MC,6.504186152170102,96
conn_shuf_only,chunk_14,140,cosine_similarity,0.0158020174130797,96
conn_shuf_only,chunk_14,140,kl_to_gaussian,1.1599981269494624,96
conn_shuf_only,chunk_14,140,wt_mean,0.00237311987439165,96
conn_shuf_only,chunk_14,141,GR,11.967214671274027,96
conn_shuf_only,chunk_14,141,IPC,8.936698142928305,96
conn_shuf_only,chunk_14,141,KR,5.9957127422094345,96
conn_shuf_only,chunk_14,141,MC,5.311711346109708,96
conn_shuf_only,chunk_14,141,cosine_similarity,0.0224588997662067,96
conn_shuf_only,chunk_14,141,kl_to_gaussian,1.1599982022384188,96
conn_shuf_only,chunk_14,141,wt_mean,0.00208441415452395,96
conn_shuf_only,chunk_14,142,GR,18.105511397123337,96
conn_shuf_only,chunk_14,142,IPC,11.228603004930891,96
conn_shuf_only,chunk_14,142,KR,9.142751251657804,96
conn_shuf_only,chunk_14,142,MC,6.6544187019268675,96
conn_shuf_only,chunk_14,142,cosine_similarity,0.021812601014971674,96
conn_shuf_only,chunk_14,142,kl_to_gaussian,1.1599982350915006,96
conn_shuf_only,chunk_14,142,wt_mean,0.00242709377198475,96
conn_shuf_only,chunk_14,143,GR,17.618041805922985,96
conn_shuf_only,chunk_14,143,IPC,9.784271827837513,96
conn_shuf_only,chunk_14,143,KR,8.85283663123846,96
conn_shuf_only,chunk_14,143,MC,6.012600642939408,96
conn_shuf_only,chunk_14,143,cosine_similarity,0.01880730735138055,96
conn_shuf_only,chunk_14,143,kl_to_gaussian,1.159998173916815,96
conn_shuf_only,chunk_14,143,wt_mean,0.002192953746998625,96
conn_shuf_only,chunk_14,144,GR,18.93797676016887,96
conn_shuf_only,chunk_14,144,IPC,10.43776729167811,96
conn_shuf_only,chunk_14,144,KR,9.361281394958496,96
conn_shuf_only,chunk_14,144,MC,6.548494561264913,96
conn_shuf_only,chunk_14,144,cosine_similarity,0.015252662589773501,96
conn_shuf_only,chunk_14,144,kl_to_gaussian,1.15999823901911,96
conn_shuf_only,chunk_14,144,wt_mean,0.00260839951806695,96
conn_shuf_only,chunk_14,145,GR,24.592062160372734,96
conn_shuf_only,chunk_14,145,IPC,10.798684643334928,96
conn_shuf_only,chunk_14,145,KR,12.131031135718027,96
conn_shuf_only,chunk_14,145,MC,6.616626061499119,96
conn_shuf_only,chunk_14,145,cosine_similarity,0.0190335134975612,96
conn_shuf_only,chunk_14,145,kl_to_gaussian,1.1599981917421844,96
conn_shuf_only,chunk_14,145,wt_mean,0.0026409080601297002,96
conn_shuf_only,chunk_14,146,GR,18.791353317598503,96
conn_shuf_only,chunk_14,146,IPC,10.366896649077326,96
conn_shuf_only,chunk_14,146,KR,9.386800058186054,96
conn_shuf_only,chunk_14,146,MC,6.265416264533997,96
conn_shuf_only,chunk_14,146,cosine_similarity,0.01366922957822675,96
conn_shuf_only,chunk_14,146,kl_to_gaussian,1.1599981749546855,96
conn_shuf_only,chunk_14,146,wt_mean,0.002435881324345175,96
conn_shuf_only,chunk_14,147,GR,19.674458203216393,96
conn_shuf_only,chunk_14,147,IPC,10.229304194176047,96
conn_shuf_only,chunk_14,147,KR,9.30763378739357,96
conn_shuf_only,chunk_14,147,MC,6.040454840908448,96
conn_shuf_only,chunk_14,147,cosine_similarity,0.0157373864203691,96
conn_shuf_only,chunk_14,147,kl_to_gaussian,1.159998245659146,96
conn_shuf_only,chunk_14,147,wt_mean,0.002333296753931725,96
conn_shuf_only,chunk_14,148,GR,22.153232095142204,96
conn_shuf_only,chunk_14,148,IPC,11.586671866915273,96
conn_shuf_only,chunk_14,148,KR,10.806598256031672,96
conn_shuf_only,chunk_14,148,MC,7.047034910569589,96
conn_shuf_only,chunk_14,148,cosine_similarity,0.018354898318648276,96
conn_shuf_only,chunk_14,148,kl_to_gaussian,1.1599982090008838,96
conn_shuf_only,chunk_14,148,wt_mean,0.002652912313351375,96
conn_shuf_only,chunk_14,149,GR,29.79846654832363,96
conn_shuf_only,chunk_14,149,IPC,13.041849464502006,96
conn_shuf_only,chunk_14,149,KR,15.073785148561,96
conn_shuf_only,chunk_14,149,MC,8.514923598617315,96
conn_shuf_only,chunk_14,149,cosine_similarity,0.014703306835144701,96
conn_shuf_only,chunk_14,149,kl_to_gaussian,1.159998233545201,96
conn_shuf_only,chunk_14,149,wt_mean,0.0029843153897672497,96
conn_shuf_only,chunk_15,150,GR,21.899408203860123,96
conn_shuf_only,chunk_15,150,IPC,11.883869522274003,96
conn_shuf_only,chunk_15,150,KR,10.815373164912065,96
conn_shuf_only,chunk_15,150,MC,6.90225953857104,96
conn_shuf_only,chunk_15,150,cosine_similarity,0.015737385954707826,96
conn_shuf_only,chunk_15,150,kl_to_gaussian,1.1599982336084522,96
conn_shuf_only,chunk_15,150,wt_mean,0.002544559945818,96
conn_shuf_only,chunk_15,151,GR,11.409789271652699,96
conn_shuf_only,chunk_15,151,IPC,9.602333034518313,96
conn_shuf_only,chunk_15,151,KR,5.970785891016324,96
conn_shuf_only,chunk_15,151,MC,5.579318540791671,96
conn_shuf_only,chunk_15,151,cosine_similarity,0.01948592113330955,96
conn_shuf_only,chunk_15,151,kl_to_gaussian,1.159998237392404,96
conn_shuf_only,chunk_15,151,wt_mean,0.0019282970752101001,96
conn_shuf_only,chunk_15,152,GR,19.514934939642746,96
conn_shuf_only,chunk_15,152,IPC,10.64639129162101,96
conn_shuf_only,chunk_15,152,KR,9.572619669139385,96
conn_shuf_only,chunk_15,152,MC,6.501378530015548,96
conn_shuf_only,chunk_15,152,cosine_similarity,0.01518803276121615,96
conn_shuf_only,chunk_15,152,kl_to_gaussian,1.1599981434534785,96
conn_shuf_only,chunk_15,152,wt_mean,0.0024752972531131997,96
conn_shuf_only,chunk_15,153,GR,16.17135492215554,96
conn_shuf_only,chunk_15,153,IPC,10.438196235957003,96
conn_shuf_only,chunk_15,153,KR,8.013214814166227,96
conn_shuf_only,chunk_15,153,MC,6.1382802700002985,96
conn_shuf_only,chunk_15,153,cosine_similarity,0.0127644105814397,96
conn_shuf_only,chunk_15,153,kl_to_gaussian,1.159998170834341,96
conn_shuf_only,chunk_15,153,wt_mean,0.0021763921540695753,96
conn_shuf_only,chunk_15,154,GR,29.31967716664076,96
conn_shuf_only,chunk_15,154,IPC,11.75543423595716,96
conn_shuf_only,chunk_15,154,KR,14.556048472722372,96
conn_shuf_only,chunk_15,154,MC,7.571152885754903,96
conn_shuf_only,chunk_15,154,cosine_similarity,0.014121639076620299,96
conn_shuf_only,chunk_15,154,kl_to_gaussian,1.1599982344192212,96
conn_shuf_only,chunk_15,154,wt_mean,0.0027587146323639253,96
conn_shuf_only,chunk_15,155,GR,18.31780832260847,96
conn_shuf_only,chunk_15,155,IPC,10.696107368494516,96
conn_shuf_only,chunk_15,155,KR,9.091546478370825,96
conn_shuf_only,chunk_15,155,MC,6.666797036925952,96
conn_shuf_only,chunk_15,155,cosine_similarity,0.0163836861029267,96
conn_shuf_only,chunk_15,155,kl_to_gaussian,1.15999819742625,96
conn_shuf_only,chunk_15,155,wt_mean,0.00247820129152385,96
conn_shuf_only,chunk_15,156,GR,22.279306101302307,96
conn_shuf_only,chunk_15,156,IPC,10.819936468439112,96
conn_shuf_only,chunk_15,156,KR,10.74288627008597,96
conn_shuf_only,chunk_15,156,MC,6.657622349758943,96
conn_shuf_only,chunk_15,156,cosine_similarity,0.0190658275969326,96
conn_shuf_only,chunk_15,156,kl_to_gaussian,1.1599981194272069,96
conn_shuf_only,chunk_15,156,wt_mean,0.0025930564734153003,96
conn_shuf_only,chunk_15,157,GR,18.65604341030121,96
conn_shuf_only,chunk_15,157,IPC,10.897481888098419,96
conn_shuf_only,chunk_15,157,KR,9.413250558078289,96
conn_shuf_only,chunk_15,157,MC,6.687702253460884,96
conn_shuf_only,chunk_15,157,cosine_similarity,0.0154142370447516,96
conn_shuf_only,chunk_15,157,kl_to_gaussian,1.1599982207515624,96
conn_shuf_only,chunk_15,157,wt_mean,0.00235563621390605,96
conn_shuf_only,chunk_15,158,GR,18.906172042091686,96
conn_shuf_only,chunk_15,158,IPC,10.104414027503159,96
conn_shuf_only,chunk_15,158,KR,9.47641729315122,96
conn_shuf_only,chunk_15,158,MC,6.0988213283320265,96
conn_shuf_only,chunk_15,158,cosine_similarity,0.014961827313527425,96
conn_shuf_only,chunk_15,158,kl_to_gaussian,1.1599981976607838,96
conn_shuf_only,chunk_15,158,wt_mean,0.002314908808330025,96
conn_shuf_only,chunk_15,159,GR,34.20561855038007,96
conn_shuf_only,chunk_15,159,IPC,12.92760915101342,96
conn_shuf_only,chunk_15,159,KR,17.156147715946037,96
conn_shuf_only,chunk_15,159,MC,8.174193758517504,96
conn_shuf_only,chunk_15,159,cosine_similarity,0.019098142161965325,96
conn_shuf_only,chunk_15,159,kl_to_gaussian,1.159998147480623,96
conn_shuf_only,chunk_15,159,wt_mean,0.0029709446826018,96
conn_shuf_only,chunk_16,160,GR,29.87273194392522,96
conn_shuf_only,chunk_16,160,IPC,13.038756059136666,96
conn_shuf_only,chunk_16,160,KR,15.194770177205404,96
conn_shuf_only,chunk_16,160,MC,8.291091680526733,96
conn_shuf_only,chunk_16,160,cosine_similarity,0.01761165447533125,96
conn_shuf_only,chunk_16,160,kl_to_gaussian,1.159998252952712,96
conn_shuf_only,chunk_16,160,wt_mean,0.002770939841866425,96
conn_shuf_only,chunk_16,161,GR,21.41740778585275,96
conn_shuf_only,chunk_16,161,IPC,10.46244303116604,96
conn_shuf_only,chunk_16,161,KR,10.616816182931265,96
conn_shuf_only,chunk_16,161,MC,6.315415890266498,96
conn_shuf_only,chunk_16,161,cosine_similarity,0.018387214280664848,96
conn_shuf_only,chunk_16,161,kl_to_gaussian,1.1599982088627194,96
conn_shuf_only,chunk_16,161,wt_mean,0.00243686678004445,96
conn_shuf_only,chunk_16,162,GR,26.193864844739437,96
conn_shuf_only,chunk_16,162,IPC,12.502018205779033,96
conn_shuf_only,chunk_16,162,KR,13.186340610186258,96
conn_shuf_only,chunk_16,162,MC,7.759299273292224,96
conn_shuf_only,chunk_16,162,cosine_similarity,0.017159244511276425,96
conn_shuf_only,chunk_16,162,kl_to_gaussian,1.1599981247875284,96
conn_shuf_only,chunk_16,162,wt_mean,0.0027335504419170003,96
conn_shuf_only,chunk_16,163,GR,18.760445500413578,96
conn_shuf_only,chunk_16,163,IPC,11.884465250587192,96
conn_shuf_only,chunk_16,163,KR,9.585988802214464,96
conn_shuf_only,chunk_16,163,MC,6.834210404505332,96
conn_shuf_only,chunk_16,163,cosine_similarity,0.017482395283877825,96
conn_shuf_only,chunk_16,163,kl_to_gaussian,1.1599980954893476,96
conn_shuf_only,chunk_16,163,wt_mean,0.002530042576836375,96
conn_shuf_only,chunk_16,164,GR,23.059862345457077,96
conn_shuf_only,chunk_16,164,IPC,12.226764644296418,96
conn_shuf_only,chunk_16,164,KR,11.186894369622072,96
conn_shuf_only,chunk_16,164,MC,7.0784324668347836,96
conn_shuf_only,chunk_16,164,cosine_similarity,0.018871937878429876,96
conn_shuf_only,chunk_16,164,kl_to_gaussian,1.159998238602173,96
conn_shuf_only,chunk_16,164,wt_mean,0.0027688785339705,96
conn_shuf_only,chunk_16,165,GR,41.20421473681927,96
conn_shuf_only,chunk_16,165,IPC,13.093534343245159,96
conn_shuf_only,chunk_16,165,KR,21.23273444424073,96
conn_shuf_only,chunk_16,165,MC,8.537468925118446,96
conn_shuf_only,chunk_16,165,cosine_similarity,0.013863119063898874,96
conn_shuf_only,chunk_16,165,kl_to_gaussian,1.15999832934717,96
conn_shuf_only,chunk_16,165,wt_mean,0.0033317016786895254,96
conn_shuf_only,chunk_16,166,GR,31.089740465084713,96
conn_shuf_only,chunk_16,166,IPC,13.555147128737785,96
conn_shuf_only,chunk_16,166,KR,15.10766327381134,96
conn_shuf_only,chunk_16,166,MC,8.12734716385603,96
conn_shuf_only,chunk_16,166,cosine_similarity,0.014832567190751399,96
conn_shuf_only,chunk_16,166,kl_to_gaussian,1.1599981826440136,96
conn_shuf_only,chunk_16,166,wt_mean,0.002882752043660725,96
conn_shuf_only,chunk_16,167,GR,15.255223338802656,96
conn_shuf_only,chunk_16,167,IPC,9.929324930700977,96
conn_shuf_only,chunk_16,167,KR,7.493469188610713,96
conn_shuf_only,chunk_16,167,MC,5.995266901950042,96
conn_shuf_only,chunk_16,167,cosine_similarity,0.0151234022341668,96
conn_shuf_only,chunk_16,167,kl_to_gaussian,1.1599980992677397,96
conn_shuf_only,chunk_16,167,wt_mean,0.0022941446804906752,96
conn_shuf_only,chunk_16,168,GR,23.71554648131132,96
conn_shuf_only,chunk_16,168,IPC,12.124841148489521,96
conn_shuf_only,chunk_16,168,KR,11.597885926564535,96
conn_shuf_only,chunk_16,168,MC,7.257145096858342,96
conn_shuf_only,chunk_16,168,cosine_similarity,0.019421293865889276,96
conn_shuf_only,chunk_16,168,kl_to_gaussian,1.1599981895491436,96
conn_shuf_only,chunk_16,168,wt_mean,0.002657447214005475,96
conn_shuf_only,chunk_16,169,GR,17.5531686420242,96
conn_shuf_only,chunk_16,169,IPC,10.22691147449749,96
conn_shuf_only,chunk_16,169,KR,8.734089136123657,96
conn_shuf_only,chunk_16,169,MC,6.200902104377747,96
conn_shuf_only,chunk_16,169,cosine_similarity,0.01654526032507415,96
conn_shuf_only,chunk_16,169,kl_to_gaussian,1.1599981773264512,96
conn_shuf_only,chunk_16,169,wt_mean,0.002271900302730475,96
conn_shuf_only,chunk_17,170,GR,20.675724657873314,96
conn_shuf_only,chunk_17,170,IPC,11.156556552048697,96
conn_shuf_only,chunk_17,170,KR,10.188522184888521,96
conn_shuf_only,chunk_17,170,MC,6.6294574700295925,96
conn_shuf_only,chunk_17,170,cosine_similarity,0.011988851474597974,96
conn_shuf_only,chunk_17,170,kl_to_gaussian,1.1599981896060125,96
conn_shuf_only,chunk_17,170,wt_mean,0.00245129916584115,96
conn_shuf_only,chunk_17,171,GR,16.46991464247306,96
conn_shuf_only,chunk_17,171,IPC,10.264868473049107,96
conn_shuf_only,chunk_17,171,KR,8.16580960402886,96
conn_shuf_only,chunk_17,171,MC,6.0615524885555105,96
conn_shuf_only,chunk_17,171,cosine_similarity,0.023363721556961477,96
conn_shuf_only,chunk_17,171,kl_to_gaussian,1.1599981713365526,96
conn_shuf_only,chunk_17,171,wt_mean,0.002326065761735625,96
conn_shuf_only,chunk_17,172,GR,15.90804210305214,96
conn_shuf_only,chunk_17,172,IPC,9.362412885063426,96
conn_shuf_only,chunk_17,172,KR,8.247207261621952,96
conn_shuf_only,chunk_17,172,MC,5.666702878971894,96
conn_shuf_only,chunk_17,172,cosine_similarity,0.011924221413209974,96
conn_shuf_only,chunk_17,172,kl_to_gaussian,1.1599982194870193,96
conn_shuf_only,chunk_17,172,wt_mean,0.00213675040868105,96
conn_shuf_only,chunk_17,173,GR,22.639425367116928,96
conn_shuf_only,chunk_17,173,IPC,12.221799697609214,96
conn_shuf_only,chunk_17,173,KR,11.268662435313066,96
conn_shuf_only,chunk_17,173,MC,7.402253461380799,96
conn_shuf_only,chunk_17,173,cosine_similarity,0.016577573958784324,96
conn_shuf_only,chunk_17,173,kl_to_gaussian,1.1599981950173033,96
conn_shuf_only,chunk_17,173,wt_mean,0.00254100153688335,96
conn_shuf_only,chunk_17,174,GR,20.22862445314725,96
conn_shuf_only,chunk_17,174,IPC,11.243378351397057,96
conn_shuf_only,chunk_17,174,KR,9.789269663393497,96
conn_shuf_only,chunk_17,174,MC,6.949830976625283,96
conn_shuf_only,chunk_17,174,cosine_similarity,0.015608126763254349,96
conn_shuf_only,chunk_17,174,kl_to_gaussian,1.159998224776612,96
conn_shuf_only,chunk_17,174,wt_mean,0.00261530987336295,96
conn_shuf_only,chunk_17,175,GR,14.046617259581884,96
conn_shuf_only,chunk_17,175,IPC,9.061496093084811,96
conn_shuf_only,chunk_17,175,KR,7.107738224168618,96
conn_shuf_only,chunk_17,175,MC,5.387666915853818,96
conn_shuf_only,chunk_17,175,cosine_similarity,0.010954771656542975,96
conn_shuf_only,chunk_17,175,kl_to_gaussian,1.159998169139416,96
conn_shuf_only,chunk_17,175,wt_mean,0.002124859194736875,96
conn_shuf_only,chunk_17,176,GR,22.892273118098576,96
conn_shuf_only,chunk_17,176,IPC,10.750716369441207,96
conn_shuf_only,chunk_17,176,KR,11.403245463967323,96
conn_shuf_only,chunk_17,176,MC,6.794154932101567,96
conn_shuf_only,chunk_17,176,cosine_similarity,0.017837858293205448,96
conn_shuf_only,chunk_17,176,kl_to_gaussian,1.1599982599416303,96
conn_shuf_only,chunk_17,176,wt_mean,0.00250891604810015,96
conn_shuf_only,chunk_17,177,GR,16.4967203065753,96
conn_shuf_only,chunk_17,177,IPC,9.679546062214804,96
conn_shuf_only,chunk_17,177,KR,8.463754159708818,96
conn_shuf_only,chunk_17,177,MC,6.049997471272945,96
conn_shuf_only,chunk_17,177,cosine_similarity,0.01848415797576305,96
conn_shuf_only,chunk_17,177,kl_to_gaussian,1.159998282895903,96
conn_shuf_only,chunk_17,177,wt_mean,0.002288366522407125,96
conn_shuf_only,chunk_17,178,GR,17.613386149207752,96
conn_shuf_only,chunk_17,178,IPC,10.928681659594412,96
conn_shuf_only,chunk_17,178,KR,8.238110189636549,96
conn_shuf_only,chunk_17,178,MC,6.111149960507949,96
conn_shuf_only,chunk_17,178,cosine_similarity,0.020099907182156974,96
conn_shuf_only,chunk_17,178,kl_to_gaussian,1.1599982284361168,96
conn_shuf_only,chunk_17,178,wt_mean,0.002300491265486875,96
conn_shuf_only,chunk_17,179,GR,31.984483249485493,96
conn_shuf_only,chunk_17,179,IPC,13.74195900982921,96
conn_shuf_only,chunk_17,179,KR,15.627962313592434,96
conn_shuf_only,chunk_17,179,MC,8.488560842971006,96
conn_shuf_only,chunk_17,179,cosine_similarity,0.0161251658573746,96
conn_shuf_only,chunk_17,179,kl_to_gaussian,1.159998287620946,96
conn_shuf_only,chunk_17,179,wt_mean,0.0030482283327728002,96
conn_shuf_only,chunk_18,180,GR,14.399829459687075,96
conn_shuf_only,chunk_18,180,IPC,9.657419815489728,96
conn_shuf_only,chunk_18,180,KR,7.304777440925439,96
conn_shuf_only,chunk_18,180,MC,5.76267942537864,96
conn_shuf_only,chunk_18,180,cosine_similarity,0.015995906665921177,96
conn_shuf_only,chunk_18,180,kl_to_gaussian,1.1599981551076912,96
conn_shuf_only,chunk_18,180,wt_mean,0.002199745649704675,96
conn_shuf_only,chunk_18,181,GR,20.8464352786541,96
conn_shuf_only,chunk_18,181,IPC,11.253835868292706,96
conn_shuf_only,chunk_18,181,KR,10.001189962029457,96
conn_shuf_only,chunk_18,181,MC,6.639968665937583,96
conn_shuf_only,chunk_18,181,cosine_similarity,0.0199706456623971,96
conn_shuf_only,chunk_18,181,kl_to_gaussian,1.159998159229689,96
conn_shuf_only,chunk_18,181,wt_mean,0.002395756804617075,96
conn_shuf_only,chunk_18,182,GR,22.905732661485672,96
conn_shuf_only,chunk_18,182,IPC,11.431472160521244,96
conn_shuf_only,chunk_18,182,KR,11.343435061474642,96
conn_shuf_only,chunk_18,182,MC,6.884298215309779,96
conn_shuf_only,chunk_18,182,cosine_similarity,0.016803781036287525,96
conn_shuf_only,chunk_18,182,kl_to_gaussian,1.1599981853072108,96
conn_shuf_only,chunk_18,182,wt_mean,0.002547834330471175,96
conn_shuf_only,chunk_18,183,GR,24.758736714720726,96
conn_shuf_only,chunk_18,183,IPC,12.070735741174916,96
conn_shuf_only,chunk_18,183,KR,12.402292932073275,96
conn_shuf_only,chunk_18,183,MC,7.410654450456302,96
conn_shuf_only,chunk_18,183,cosine_similarity,0.020390741992741775,96
conn_shuf_only,chunk_18,183,kl_to_gaussian,1.1599981407871265,96
conn_shuf_only,chunk_18,183,wt_mean,0.002652515569934575,96
conn_shuf_only,chunk_18,184,GR,28.391547441482544,96
conn_shuf_only,chunk_18,184,IPC,11.353681041118087,96
conn_shuf_only,chunk_18,184,KR,13.761545839409033,96
conn_shuf_only,chunk_18,184,MC,7.182577438652515,96
conn_shuf_only,chunk_18,184,cosine_similarity,0.016997668892145098,96
conn_shuf_only,chunk_18,184,kl_to_gaussian,1.1599982177728254,96
conn_shuf_only,chunk_18,184,wt_mean,0.0028752445359713752,96
conn_shuf_only,chunk_18,185,GR,28.523552931845188,96
conn_shuf_only,chunk_18,185,IPC,12.490306906062324,96
conn_shuf_only,chunk_18,185,KR,14.039523907005787,96
conn_shuf_only,chunk_18,185,MC,7.788469687104225,96
conn_shuf_only,chunk_18,185,cosine_similarity,0.018322585150599452,96
conn_shuf_only,chunk_18,185,kl_to_gaussian,1.159998128205128,96
conn_shuf_only,chunk_18,185,wt_mean,0.0028228559531271002,96
conn_shuf_only,chunk_18,186,GR,21.183775775134563,96
conn_shuf_only,chunk_18,186,IPC,11.25088184374705,96
conn_shuf_only,chunk_18,186,KR,10.666662462055683,96
conn_shuf_only,chunk_18,186,MC,6.974427320063114,96
conn_shuf_only,chunk_18,186,cosine_similarity,0.025334930978715375,96
conn_shuf_only,chunk_18,186,kl_to_gaussian,1.1599981730584663,96
conn_shuf_only,chunk_18,186,wt_mean,0.002593776880530575,96
conn_shuf_only,chunk_18,187,GR,17.030092373490334,96
conn_shuf_only,chunk_18,187,IPC,10.72064357820591,96
conn_shuf_only,chunk_18,187,KR,8.567480891942978,96
conn_shuf_only,chunk_18,187,MC,6.137707594782114,96
conn_shuf_only,chunk_18,187,cosine_similarity,0.019033513963222472,96
conn_shuf_only,chunk_18,187,kl_to_gaussian,1.1599981930939738,96
conn_shuf_only,chunk_18,187,wt_mean,0.0021855988306924497,96
conn_shuf_only,chunk_18,188,GR,29.170463353395462,96
conn_shuf_only,chunk_18,188,IPC,12.327457413238657,96
conn_shuf_only,chunk_18,188,KR,14.619686014950275,96
conn_shuf_only,chunk_18,188,MC,7.56831690420707,96
conn_shuf_only,chunk_18,188,cosine_similarity,0.017967118881642725,96
conn_shuf_only,chunk_18,188,kl_to_gaussian,1.159998215264976,96
conn_shuf_only,chunk_18,188,wt_mean,0.0027723562088794503,96
conn_shuf_only,chunk_18,189,GR,31.46411337206761,96
conn_shuf_only,chunk_18,189,IPC,12.743459974789474,96
conn_shuf_only,chunk_18,189,KR,15.55122156192859,96
conn_shuf_only,chunk_18,189,MC,8.183215782046318,96
conn_shuf_only,chunk_18,189,cosine_similarity,0.012473576003685524,96
conn_shuf_only,chunk_18,189,kl_to_gaussian,1.1599981345508041,96
conn_shuf_only,chunk_18,189,wt_mean,0.0029216650291345497,96
conn_shuf_only,chunk_19,190,GR,16.431668890019257,96
conn_shuf_only,chunk_19,190,IPC,10.949226918385,96
conn_shuf_only,chunk_19,190,KR,8.082385321458181,96
conn_shuf_only,chunk_19,190,MC,6.112977077563603,96
conn_shuf_only,chunk_19,190,cosine_similarity,0.020196848548948675,96
conn_shuf_only,chunk_19,190,kl_to_gaussian,1.1599982078500084,96
conn_shuf_only,chunk_19,190,wt_mean,0.00238439132226625,96
conn_shuf_only,chunk_19,191,GR,20.366151099403698,96
conn_shuf_only,chunk_19,191,IPC,11.044081739165113,96
conn_shuf_only,chunk_19,191,KR,9.968311180671057,96
conn_shuf_only,chunk_19,191,MC,6.6617695813377695,96
conn_shuf_only,chunk_19,191,cosine_similarity,0.0143155278638005,96
conn_shuf_only,chunk_19,191,kl_to_gaussian,1.1599982517070513,96
conn_shuf_only,chunk_19,191,wt_mean,0.0024171251570805252,96
conn_shuf_only,chunk_19,192,GR,15.834218146900335,96
conn_shuf_only,chunk_19,192,IPC,10.329160726606565,96
conn_shuf_only,chunk_19,192,KR,7.598353194693725,96
conn_shuf_only,chunk_19,192,MC,5.934421909352143,96
conn_shuf_only,chunk_19,192,cosine_similarity,0.017256187740713327,96
conn_shuf_only,chunk_19,192,kl_to_gaussian,1.1599981914141206,96
conn_shuf_only,chunk_19,192,wt_mean,0.002237288019387,96
conn_shuf_only,chunk_19,193,GR,17.948411611219246,96
conn_shuf_only,chunk_19,193,IPC,10.721344831793294,96
conn_shuf_only,chunk_19,193,KR,9.040996206303438,96
conn_shuf_only,chunk_19,193,MC,6.306021085629861,96
conn_shuf_only,chunk_19,193,cosine_similarity,0.015220347326248823,96
conn_shuf_only,chunk_19,193,kl_to_gaussian,1.1599982100775168,96
conn_shuf_only,chunk_19,193,wt_mean,0.002446041704388275,96
conn_shuf_only,chunk_19,194,GR,33.85296405851841,96
conn_shuf_only,chunk_19,194,IPC,11.577292755344182,96
conn_shuf_only,chunk_19,194,KR,16.689372166991234,96
conn_shuf_only,chunk_19,194,MC,7.2325274633864565,96
conn_shuf_only,chunk_19,194,cosine_similarity,0.020972411613911324,96
conn_shuf_only,chunk_19,194,kl_to_gaussian,1.1599982491932368,96
conn_shuf_only,chunk_19,194,wt_mean,0.0028557925834319753,96
conn_shuf_only,chunk_19,195,GR,20.41381960362196,96
conn_shuf_only,chunk_19,195,IPC,10.90120173848549,96
conn_shuf_only,chunk_19,195,KR,10.413808325926462,96
conn_shuf_only,chunk_19,195,MC,6.809530105441809,96
conn_shuf_only,chunk_19,195,cosine_similarity,0.012021166505291975,96
conn_shuf_only,chunk_19,195,kl_to_gaussian,1.15999822285785,96
conn_shuf_only,chunk_19,195,wt_mean,0.002461108029819975,96
conn_shuf_only,chunk_19,196,GR,22.8686814631025,96
conn_shuf_only,chunk_19,196,IPC,11.445370674739886,96
conn_shuf_only,chunk_19,196,KR,11.461278763910135,96
conn_shuf_only,chunk_19,196,MC,7.323024541139603,96
conn_shuf_only,chunk_19,196,cosine_similarity,0.0117949615232646,96
conn_shuf_only,chunk_19,196,kl_to_gaussian,1.1599982269955307,96
conn_shuf_only,chunk_19,196,wt_mean,0.00267440243624145,96
conn_shuf_only,chunk_19,197,GR,17.567904147009056,96
conn_shuf_only,chunk_19,197,IPC,10.817711226408056,96
conn_shuf_only,chunk_19,197,KR,8.400684334337711,96
conn_shuf_only,chunk_19,197,MC,6.47740130374829,96
conn_shuf_only,chunk_19,197,cosine_similarity,0.0190981430932879,96
conn_shuf_only,chunk_19,197,kl_to_gaussian,1.1599981769857066,96
conn_shuf_only,chunk_19,197,wt_mean,0.0021797124063595748,96
conn_shuf_only,chunk_19,198,GR,21.304704713324707,96
conn_shuf_only,chunk_19,198,IPC,11.31812140891455,96
conn_shuf_only,chunk_19,198,KR,10.46327910820643,96
conn_shuf_only,chunk_19,198,MC,6.654684695104758,96
conn_shuf_only,chunk_19,198,cosine_similarity,0.0142832135315984,96
conn_shuf_only,chunk_19,198,kl_to_gaussian,1.1599982538466413,96
conn_shuf_only,chunk_19,198,wt_mean,0.00250224999035705,96
conn_shuf_only,chunk_19,199,GR,28.850840126474697,96
conn_shuf_only,chunk_19,199,IPC,11.554307892838478,96
conn_shuf_only,chunk_19,199,KR,13.933879919350147,96
conn_shuf_only,chunk_19,199,MC,6.812166269868612,96
conn_shuf_only,chunk_19,199,cosine_similarity,0.015931278001517,96
conn_shuf_only,chunk_19,199,kl_to_gaussian,1.1599982251890928,96
conn_shuf_only,chunk_19,199,wt_mean,0.0027126381755806003,96
conn_shuf_only,chunk_2,20,GR,22.0276319856445,96
conn_shuf_only,chunk_2,20,IPC,13.788626161765135,96
conn_shuf_only,chunk_2,20,KR,10.408022413651148,96
conn_shuf_only,chunk_2,20,MC,7.6739548196395235,96
conn_shuf_only,chunk_2,20,cosine_similarity,0.015091087669134076,96
conn_shuf_only,chunk_2,20,kl_to_gaussian,1.1599981352603135,96
conn_shuf_only,chunk_2,20,wt_mean,0.002578000421635775,96
conn_shuf_only,chunk_2,21,GR,25.510205204288166,96
conn_shuf_only,chunk_2,21,IPC,14.540260109711411,96
conn_shuf_only,chunk_2,21,KR,12.467013329267502,96
conn_shuf_only,chunk_2,21,MC,8.44360780964295,96
conn_shuf_only,chunk_2,21,cosine_similarity,0.020972411613911324,96
conn_shuf_only,chunk_2,21,kl_to_gaussian,1.1599982413328511,96
conn_shuf_only,chunk_2,21,wt_mean,0.002814035397022925,96
conn_shuf_only,chunk_2,22,GR,23.385176328321297,96
conn_shuf_only,chunk_2,22,IPC,13.424372075446131,96
conn_shuf_only,chunk_2,22,KR,11.953812738259634,96
conn_shuf_only,chunk_2,22,MC,7.852623768150806,96
conn_shuf_only,chunk_2,22,cosine_similarity,0.010987087385728874,96
conn_shuf_only,chunk_2,22,kl_to_gaussian,1.1599981606440213,96
conn_shuf_only,chunk_2,22,wt_mean,0.0025920243933796254,96
conn_shuf_only,chunk_2,23,GR,20.448840223252773,96
conn_shuf_only,chunk_2,23,IPC,12.488904043319303,96
conn_shuf_only,chunk_2,23,KR,10.397215796013674,96
conn_shuf_only,chunk_2,23,MC,7.5063593710462255,96
conn_shuf_only,chunk_2,23,cosine_similarity,0.014767937362194025,96
conn_shuf_only,chunk_2,23,kl_to_gaussian,1.1599980979265883,96
conn_shuf_only,chunk_2,23,wt_mean,0.002408463624305975,96
conn_shuf_only,chunk_2,24,GR,29.91725069532792,96
conn_shuf_only,chunk_2,24,IPC,14.080346355775681,96
conn_shuf_only,chunk_2,24,KR,14.719633047779402,96
conn_shuf_only,chunk_2,24,MC,8.167183885971705,96
conn_shuf_only,chunk_2,24,cosine_similarity,0.012182742124423324,96
conn_shuf_only,chunk_2,24,kl_to_gaussian,1.159998202855666,96
conn_shuf_only,chunk_2,24,wt_mean,0.0028716655797324255,96
conn_shuf_only,chunk_2,25,GR,25.258368556698162,96
conn_shuf_only,chunk_2,25,IPC,13.714768453212224,96
conn_shuf_only,chunk_2,25,KR,12.428177242477735,96
conn_shuf_only,chunk_2,25,MC,8.133350845426321,96
conn_shuf_only,chunk_2,25,cosine_similarity,0.014283213531598374,96
conn_shuf_only,chunk_2,25,kl_to_gaussian,1.1599982328988954,96
conn_shuf_only,chunk_2,25,wt_mean,0.002679529512533875,96
conn_shuf_only,chunk_2,26,GR,20.289458942910034,96
conn_shuf_only,chunk_2,26,IPC,13.02510985629425,96
conn_shuf_only,chunk_2,26,KR,10.057821000615755,96
conn_shuf_only,chunk_2,26,MC,7.277737264831861,96
conn_shuf_only,chunk_2,26,cosine_similarity,0.013669228181242875,96
conn_shuf_only,chunk_2,26,kl_to_gaussian,1.1599981563263988,96
conn_shuf_only,chunk_2,26,wt_mean,0.002451614040182825,96
conn_shuf_only,chunk_2,27,GR,17.523918966452282,96
conn_shuf_only,chunk_2,27,IPC,11.287986176908381,96
conn_shuf_only,chunk_2,27,KR,8.584816885491213,96
conn_shuf_only,chunk_2,27,MC,6.175110459327698,96
conn_shuf_only,chunk_2,27,cosine_similarity,0.02016453631222245,96
conn_shuf_only,chunk_2,27,kl_to_gaussian,1.1599981107339619,96
conn_shuf_only,chunk_2,27,wt_mean,0.002159412280889175,96
conn_shuf_only,chunk_2,28,GR,18.98422495027383,96
conn_shuf_only,chunk_2,28,IPC,12.814638171963955,96
conn_shuf_only,chunk_2,28,KR,9.25856270144383,96
conn_shuf_only,chunk_2,28,MC,7.139771983027458,96
conn_shuf_only,chunk_2,28,cosine_similarity,0.0229759369976818,96
conn_shuf_only,chunk_2,28,kl_to_gaussian,1.1599981720699277,96
conn_shuf_only,chunk_2,28,wt_mean,0.00237787896185175,96
conn_shuf_only,chunk_2,29,GR,24.728993852933247,96
conn_shuf_only,chunk_2,29,IPC,13.25863637984545,96
conn_shuf_only,chunk_2,29,KR,11.784920200705528,96
conn_shuf_only,chunk_2,29,MC,7.517201801141103,96
conn_shuf_only,chunk_2,29,cosine_similarity,0.013410709332674674,96
conn_shuf_only,chunk_2,29,kl_to_gaussian,1.1599981643202717,96
conn_shuf_only,chunk_2,29,wt_mean,0.0026915994531009,96
conn_shuf_only,chunk_3,30,GR,22.26153490692377,96
conn_shuf_only,chunk_3,30,IPC,13.984050619756092,96
conn_shuf_only,chunk_3,30,KR,10.935386046767235,96
conn_shuf_only,chunk_3,30,MC,8.05281143138806,96
conn_shuf_only,chunk_3,30,cosine_similarity,0.016125166323035876,96
conn_shuf_only,chunk_3,30,kl_to_gaussian,1.1599983019850206,96
conn_shuf_only,chunk_3,30,wt_mean,0.0026888904394581498,96
conn_shuf_only,chunk_3,31,GR,16.493900743623573,96
conn_shuf_only,chunk_3,31,IPC,12.442842576180155,96
conn_shuf_only,chunk_3,31,KR,8.21144582827886,96
conn_shuf_only,chunk_3,31,MC,7.107596193750699,96
conn_shuf_only,chunk_3,31,cosine_similarity,0.019906015135347774,96
conn_shuf_only,chunk_3,31,kl_to_gaussian,1.1599982121700447,96
conn_shuf_only,chunk_3,31,wt_mean,0.0022680348483844997,96
conn_shuf_only,chunk_3,32,GR,19.219843809803326,96
conn_shuf_only,chunk_3,32,IPC,12.609711192877015,96
conn_shuf_only,chunk_3,32,KR,9.642501185337702,96
conn_shuf_only,chunk_3,32,MC,7.369174122810364,96
conn_shuf_only,chunk_3,32,cosine_similarity,0.017773228697478702,96
conn_shuf_only,chunk_3,32,kl_to_gaussian,1.159998195371977,96
conn_shuf_only,chunk_3,32,wt_mean,0.002370300469919975,96
conn_shuf_only,chunk_3,33,GR,16.925800974170368,96
conn_shuf_only,chunk_3,33,IPC,12.692371680591428,96
conn_shuf_only,chunk_3,33,KR,8.23211519420147,96
conn_shuf_only,chunk_3,33,MC,7.116957763830821,96
conn_shuf_only,chunk_3,33,cosine_similarity,0.017385450657457075,96
conn_shuf_only,chunk_3,33,kl_to_gaussian,1.159998204470512,96
conn_shuf_only,chunk_3,33,wt_mean,0.002148474042769475,96
conn_shuf_only,chunk_3,34,GR,33.490354431172214,96
conn_shuf_only,chunk_3,34,IPC,14.15365231576885,96
conn_shuf_only,chunk_3,34,KR,16.121777872244518,96
conn_shuf_only,chunk_3,34,MC,8.24173783759276,96
conn_shuf_only,chunk_3,34,cosine_similarity,0.018290268257260274,96
conn_shuf_only,chunk_3,34,kl_to_gaussian,1.1599981473173793,96
conn_shuf_only,chunk_3,34,wt_mean,0.0029487013816832997,96
conn_shuf_only,chunk_3,35,GR,31.72020639727513,96
conn_shuf_only,chunk_3,35,IPC,14.303397261872101,96
conn_shuf_only,chunk_3,35,KR,15.8002270758152,96
conn_shuf_only,chunk_3,35,MC,8.781464830040932,96
conn_shuf_only,chunk_3,35,cosine_similarity,0.011988851241767325,96
conn_shuf_only,chunk_3,35,kl_to_gaussian,1.1599981836124356,96
conn_shuf_only,chunk_3,35,wt_mean,0.00287608033977445,96
conn_shuf_only,chunk_3,36,GR,11.253220528364182,96
conn_shuf_only,chunk_3,36,IPC,10.546861626152511,96
conn_shuf_only,chunk_3,36,KR,5.659442332883676,96
conn_shuf_only,chunk_3,36,MC,5.989782040317853,96
conn_shuf_only,chunk_3,36,cosine_similarity,0.012182740960270125,96
conn_shuf_only,chunk_3,36,kl_to_gaussian,1.159998145797511,96
conn_shuf_only,chunk_3,36,wt_mean,0.001925751275848525,96
conn_shuf_only,chunk_3,37,GR,17.995661941667397,96
conn_shuf_only,chunk_3,37,IPC,13.281049214220834,96
conn_shuf_only,chunk_3,37,KR,9.125655703246593,96
conn_shuf_only,chunk_3,37,MC,7.5186017863452435,96
conn_shuf_only,chunk_3,37,cosine_similarity,0.020616947207599826,96
conn_shuf_only,chunk_3,37,kl_to_gaussian,1.1599981429911874,96
conn_shuf_only,chunk_3,37,wt_mean,0.00245418844860975,96
conn_shuf_only,chunk_3,38,GR,21.975883183379967,96
conn_shuf_only,chunk_3,38,IPC,12.384535156207049,96
conn_shuf_only,chunk_3,38,KR,10.950466883679232,96
conn_shuf_only,chunk_3,38,MC,7.37162176022927,96
conn_shuf_only,chunk_3,38,cosine_similarity,0.013636914081871425,96
conn_shuf_only,chunk_3,38,kl_to_gaussian,1.1599981904670567,96
conn_shuf_only,chunk_3,38,wt_mean,0.0024146228388416753,96
conn_shuf_only,chunk_3,39,GR,30.553828567266464,96
conn_shuf_only,chunk_3,39,IPC,14.030388263425293,96
conn_shuf_only,chunk_3,39,KR,15.363237934807936,96
conn_shuf_only,chunk_3,39,MC,8.942846750219664,96
conn_shuf_only,chunk_3,39,cosine_similarity,0.023169828113168426,96
conn_shuf_only,chunk_3,39,kl_to_gaussian,1.1599981811235989,96
conn_shuf_only,chunk_3,39,wt_mean,0.00294370506890115,96
conn_shuf_only,chunk_4,40,GR,31.457892780502636,96
conn_shuf_only,chunk_4,40,IPC,13.787438328209658,96
conn_shuf_only,chunk_4,40,KR,15.701594188809395,96
conn_shuf_only,chunk_4,40,MC,8.344815846532583,96
conn_shuf_only,chunk_4,40,cosine_similarity,0.01580201648175715,96
conn_shuf_only,chunk_4,40,kl_to_gaussian,1.1599982359057315,96
conn_shuf_only,chunk_4,40,wt_mean,0.00284516648389395,96
conn_shuf_only,chunk_4,41,GR,15.731619745492935,96
conn_shuf_only,chunk_4,41,IPC,11.370350687716767,96
conn_shuf_only,chunk_4,41,KR,7.713177007933457,96
conn_shuf_only,chunk_4,41,MC,6.130620264758666,96
conn_shuf_only,chunk_4,41,cosine_similarity,0.019356661476194775,96
conn_shuf_only,chunk_4,41,kl_to_gaussian,1.159998261109734,96
conn_shuf_only,chunk_4,41,wt_mean,0.0020456459606066,96
conn_shuf_only,chunk_4,42,GR,19.164699564377468,96
conn_shuf_only,chunk_4,42,IPC,12.845826315379322,96
conn_shuf_only,chunk_4,42,KR,9.478088401257992,96
conn_shuf_only,chunk_4,42,MC,7.221638138095538,96
conn_shuf_only,chunk_4,42,cosine_similarity,0.019679812248796173,96
conn_shuf_only,chunk_4,42,kl_to_gaussian,1.159998209183094,96
conn_shuf_only,chunk_4,42,wt_mean,0.0023488865990657,96
conn_shuf_only,chunk_4,43,GR,25.14307032028834,96
conn_shuf_only,chunk_4,43,IPC,12.944605313592978,96
conn_shuf_only,chunk_4,43,KR,12.216894793013731,96
conn_shuf_only,chunk_4,43,MC,7.719245304663976,96
conn_shuf_only,chunk_4,43,cosine_similarity,0.017676284071057976,96
conn_shuf_only,chunk_4,43,kl_to_gaussian,1.1599982153382513,96
conn_shuf_only,chunk_4,43,wt_mean,0.002712773653911375,96
conn_shuf_only,chunk_4,44,GR,18.23621754348278,96
conn_shuf_only,chunk_4,44,IPC,12.771872757475277,96
conn_shuf_only,chunk_4,44,KR,9.213395784298578,96
conn_shuf_only,chunk_4,44,MC,7.470442146062851,96
conn_shuf_only,chunk_4,44,cosine_similarity,0.024623999837785928,96
conn_shuf_only,chunk_4,44,kl_to_gaussian,1.159998262359531,96
conn_shuf_only,chunk_4,44,wt_mean,0.00233016637503165,96
conn_shuf_only,chunk_4,45,GR,22.063841556509335,96
conn_shuf_only,chunk_4,45,IPC,13.180689027842442,96
conn_shuf_only,chunk_4,45,KR,10.664752970139185,96
conn_shuf_only,chunk_4,45,MC,7.6869711602727575,96
conn_shuf_only,chunk_4,45,cosine_similarity,0.016383684705942824,96
conn_shuf_only,chunk_4,45,kl_to_gaussian,1.1599982107775497,96
conn_shuf_only,chunk_4,45,wt_mean,0.0024501714506186003,96
conn_shuf_only,chunk_4,46,GR,32.54047555973133,96
conn_shuf_only,chunk_4,46,IPC,12.899356826523336,96
conn_shuf_only,chunk_4,46,KR,16.201234119633835,96
conn_shuf_only,chunk_4,46,MC,8.1932722479105,96
conn_shuf_only,chunk_4,46,cosine_similarity,0.016965355258434952,96
conn_shuf_only,chunk_4,46,kl_to_gaussian,1.1599981704622508,96
conn_shuf_only,chunk_4,46,wt_mean,0.002892036573030025,96
conn_shuf_only,chunk_4,47,GR,20.337877057492733,96
conn_shuf_only,chunk_4,47,IPC,13.045692997052901,96
conn_shuf_only,chunk_4,47,KR,9.96839420000712,96
conn_shuf_only,chunk_4,47,MC,7.346299059689045,96
conn_shuf_only,chunk_4,47,cosine_similarity,0.0157697019167244,96
conn_shuf_only,chunk_4,47,kl_to_gaussian,1.159998173985667,96
conn_shuf_only,chunk_4,47,wt_mean,0.002470951003488125,96
conn_shuf_only,chunk_4,48,GR,17.626099561651547,96
conn_shuf_only,chunk_4,48,IPC,13.397334561542337,96
conn_shuf_only,chunk_4,48,KR,8.991698938111464,96
conn_shuf_only,chunk_4,48,MC,7.588879086077213,96
conn_shuf_only,chunk_4,48,cosine_similarity,0.019098140764981477,96
conn_shuf_only,chunk_4,48,kl_to_gaussian,1.1599981376864528,96
conn_shuf_only,chunk_4,48,wt_mean,0.00234275698312555,96
conn_shuf_only,chunk_4,49,GR,21.676873492697876,96
conn_shuf_only,chunk_4,49,IPC,13.05529705042536,96
conn_shuf_only,chunk_4,49,KR,10.533903112014135,96
conn_shuf_only,chunk_4,49,MC,7.519476885596911,96
conn_shuf_only,chunk_4,49,cosine_similarity,0.0181933217681944,96
conn_shuf_only,chunk_4,49,kl_to_gaussian,1.1599982384702978,96
conn_shuf_only,chunk_4,49,wt_mean,0.00257136821164745,96
conn_shuf_only,chunk_5,50,GR,12.387948115666708,96
conn_shuf_only,chunk_5,50,IPC,11.145277987444059,96
conn_shuf_only,chunk_5,50,KR,6.548984828094642,96
conn_shuf_only,chunk_5,50,MC,6.414195479204257,96
conn_shuf_only,chunk_5,50,cosine_similarity,0.019259718712419226,96
conn_shuf_only,chunk_5,50,kl_to_gaussian,1.1599981404929025,96
conn_shuf_only,chunk_5,50,wt_mean,0.002051705669145975,96
conn_shuf_only,chunk_5,51,GR,20.870389091471832,96
conn_shuf_only,chunk_5,51,IPC,13.09472880465995,96
conn_shuf_only,chunk_5,51,KR,10.542663291096687,96
conn_shuf_only,chunk_5,51,MC,7.350403393308322,96
conn_shuf_only,chunk_5,51,cosine_similarity,0.013604599982500026,96
conn_shuf_only,chunk_5,51,kl_to_gaussian,1.1599982083789908,96
conn_shuf_only,chunk_5,51,wt_mean,0.00242799011175515,96
conn_shuf_only,chunk_5,52,GR,14.870607850452265,96
conn_shuf_only,chunk_5,52,IPC,11.79592134428953,96
conn_shuf_only,chunk_5,52,KR,7.677114528914292,96
conn_shuf_only,chunk_5,52,MC,6.946314675112565,96
conn_shuf_only,chunk_5,52,cosine_similarity,0.017159244511276425,96
conn_shuf_only,chunk_5,52,kl_to_gaussian,1.1599982109868878,96
conn_shuf_only,chunk_5,52,wt_mean,0.00229045419837345,96
conn_shuf_only,chunk_5,53,GR,30.008796378970146,96
conn_shuf_only,chunk_5,53,IPC,14.072404837812975,96
conn_shuf_only,chunk_5,53,KR,14.769771240651608,96
conn_shuf_only,chunk_5,53,MC,8.006900608539581,96
conn_shuf_only,chunk_5,53,cosine_similarity,0.014832567889243324,96
conn_shuf_only,chunk_5,53,kl_to_gaussian,1.1599982008827343,96
conn_shuf_only,chunk_5,53,wt_mean,0.0028889362001791002,96
conn_shuf_only,chunk_5,54,GR,19.660163931548595,96
conn_shuf_only,chunk_5,54,IPC,12.718412980457712,96
conn_shuf_only,chunk_5,54,KR,9.611380470295748,96
conn_shuf_only,chunk_5,54,MC,7.535146584113439,96
conn_shuf_only,chunk_5,54,cosine_similarity,0.01796711888164275,96
conn_shuf_only,chunk_5,54,kl_to_gaussian,1.1599981934277699,96
conn_shuf_only,chunk_5,54,wt_mean,0.0024672721920068748,96
conn_shuf_only,chunk_5,55,GR,22.72025595108668,96
conn_shuf_only,chunk_5,55,IPC,12.753704719004439,96
conn_shuf_only,chunk_5,55,KR,11.171281017363071,96
conn_shuf_only,chunk_5,55,MC,7.631839548548062,96
conn_shuf_only,chunk_5,55,cosine_similarity,0.01622211001813405,96
conn_shuf_only,chunk_5,55,kl_to_gaussian,1.1599982034166514,96
conn_shuf_only,chunk_5,55,wt_mean,0.0024857272219378002,96
conn_shuf_only,chunk_5,56,GR,20.54819190253814,96
conn_shuf_only,chunk_5,56,IPC,13.00538613381797,96
conn_shuf_only,chunk_5,56,KR,10.201294163862864,96
conn_shuf_only,chunk_5,56,MC,7.230839543044567,96
conn_shuf_only,chunk_5,56,cosine_similarity,0.01880730735138055,96
conn_shuf_only,chunk_5,56,kl_to_gaussian,1.1599982245524514,96
conn_shuf_only,chunk_5,56,wt_mean,0.0025386122870258497,96
conn_shuf_only,chunk_5,57,GR,16.424034411708515,96
conn_shuf_only,chunk_5,57,IPC,12.03283779341774,96
conn_shuf_only,chunk_5,57,KR,8.06357298543056,96
conn_shuf_only,chunk_5,57,MC,6.693952262401581,96
conn_shuf_only,chunk_5,57,cosine_similarity,0.018678046762943202,96
conn_shuf_only,chunk_5,57,kl_to_gaussian,1.1599982018401378,96
conn_shuf_only,chunk_5,57,wt_mean,0.00231365504441775,96
conn_shuf_only,chunk_5,58,GR,32.15876576056083,96
conn_shuf_only,chunk_5,58,IPC,13.833014112179612,96
conn_shuf_only,chunk_5,58,KR,15.503934067984423,96
conn_shuf_only,chunk_5,58,MC,8.236780179043611,96
conn_shuf_only,chunk_5,58,cosine_similarity,0.019518237560987427,96
conn_shuf_only,chunk_5,58,kl_to_gaussian,1.1599982251055154,96
conn_shuf_only,chunk_5,58,wt_mean,0.002794374886434475,96
conn_shuf_only,chunk_5,59,GR,20.25277054061492,96
conn_shuf_only,chunk_5,59,IPC,12.269117110194925,96
conn_shuf_only,chunk_5,59,KR,10.006748887399832,96
conn_shuf_only,chunk_5,59,MC,6.91621699432532,96
conn_shuf_only,chunk_5,59,cosine_similarity,0.017353133764117876,96
conn_shuf_only,chunk_5,59,kl_to_gaussian,1.1599981102313768,96
conn_shuf_only,chunk_5,59,wt_mean,0.0023286587675101747,96
conn_shuf_only,chunk_6,60,GR,19.275223198036354,96
conn_shuf_only,chunk_6,60,IPC,12.502316312511445,96
conn_shuf_only,chunk_6,60,KR,9.712199752529463,96
conn_shuf_only,chunk_6,60,MC,7.156650385508935,96
conn_shuf_only,chunk_6,60,cosine_similarity,0.02527030091732735,96
conn_shuf_only,chunk_6,60,kl_to_gaussian,1.159998235109016,96
conn_shuf_only,chunk_6,60,wt_mean,0.002338010905077625,96
conn_shuf_only,chunk_6,61,GR,21.05867824455102,96
conn_shuf_only,chunk_6,61,IPC,12.96901250803564,96
conn_shuf_only,chunk_6,61,KR,10.065228228767714,96
conn_shuf_only,chunk_6,61,MC,7.1916822493076324,96
conn_shuf_only,chunk_6,61,cosine_similarity,0.01922740275040265,96
conn_shuf_only,chunk_6,61,kl_to_gaussian,1.1599981748647512,96
conn_shuf_only,chunk_6,61,wt_mean,0.0024327520804945002,96
conn_shuf_only,chunk_6,62,GR,13.337533302605152,96
conn_shuf_only,chunk_6,62,IPC,11.511571643073994,96
conn_shuf_only,chunk_6,62,KR,6.8369647686680155,96
conn_shuf_only,chunk_6,62,MC,6.578876179953416,96
conn_shuf_only,chunk_6,62,cosine_similarity,0.017643969040364,96
conn_shuf_only,chunk_6,62,kl_to_gaussian,1.1599982369839683,96
conn_shuf_only,chunk_6,62,wt_mean,0.00215056139859365,96
conn_shuf_only,chunk_6,63,GR,20.291843362152576,96
conn_shuf_only,chunk_6,63,IPC,12.500430769517903,96
conn_shuf_only,chunk_6,63,KR,9.928880649308363,96
conn_shuf_only,chunk_6,63,MC,7.207641772925854,96
conn_shuf_only,chunk_6,63,cosine_similarity,0.020326110534369925,96
conn_shuf_only,chunk_6,63,kl_to_gaussian,1.1599980998933126,96
conn_shuf_only,chunk_6,63,wt_mean,0.0024897231196518497,96
conn_shuf_only,chunk_6,64,GR,13.361209347844124,96
conn_shuf_only,chunk_6,64,IPC,10.71197007812166,96
conn_shuf_only,chunk_6,64,KR,6.890040919184685,96
conn_shuf_only,chunk_6,64,MC,6.27252830316623,96
conn_shuf_only,chunk_6,64,cosine_similarity,0.0190011970698833,96
conn_shuf_only,chunk_6,64,kl_to_gaussian,1.1599981800992436,96
conn_shuf_only,chunk_6,64,wt_mean,0.0021798232919535998,96
conn_shuf_only,chunk_6,65,GR,26.951842377583187,96
conn_shuf_only,chunk_6,65,IPC,13.328241140428117,96
conn_shuf_only,chunk_6,65,KR,13.032944468160471,96
conn_shuf_only,chunk_6,65,MC,7.39101080596447,96
conn_shuf_only,chunk_6,65,cosine_similarity,0.019841387867927527,96
conn_shuf_only,chunk_6,65,kl_to_gaussian,1.1599981937520762,96
conn_shuf_only,chunk_6,65,wt_mean,0.00275499714189205,96
conn_shuf_only,chunk_6,66,GR,28.365242446462315,96
conn_shuf_only,chunk_6,66,IPC,13.77955679245485,96
conn_shuf_only,chunk_6,66,KR,14.012823591629664,96
conn_shuf_only,chunk_6,66,MC,7.997318198283513,96
conn_shuf_only,chunk_6,66,cosine_similarity,0.01832258468493815,96
conn_shuf_only,chunk_6,66,kl_to_gaussian,1.1599982212388427,96
conn_shuf_only,chunk_6,66,wt_mean,0.002823758753947875,96
conn_shuf_only,chunk_6,67,GR,25.30539641280969,96
conn_shuf_only,chunk_6,67,IPC,13.561490964985348,96
conn_shuf_only,chunk_6,67,KR,12.385791229705015,96
conn_shuf_only,chunk_6,67,MC,7.789550729095936,96
conn_shuf_only,chunk_6,67,cosine_similarity,0.019938331097364374,96
conn_shuf_only,chunk_6,67,kl_to_gaussian,1.1599981451697554,96
conn_shuf_only,chunk_6,67,wt_mean,0.0026117736706509753,96
conn_shuf_only,chunk_6,68,GR,19.854956567287445,96
conn_shuf_only,chunk_6,68,IPC,12.423426411884185,96
conn_shuf_only,chunk_6,68,KR,9.6402313982447,96
conn_shuf_only,chunk_6,68,MC,7.045145424703757,96
conn_shuf_only,chunk_6,68,cosine_similarity,0.0157373864203691,96
conn_shuf_only,chunk_6,68,kl_to_gaussian,1.1599982176330488,96
conn_shuf_only,chunk_6,68,wt_mean,0.002405805134912875,96
conn_shuf_only,chunk_6,69,GR,36.41122958809137,96
conn_shuf_only,chunk_6,69,IPC,14.993013238111773,96
conn_shuf_only,chunk_6,69,KR,18.1143927598993,96
conn_shuf_only,chunk_6,69,MC,9.267896940310797,96
conn_shuf_only,chunk_6,69,cosine_similarity,0.016512945760041402,96
conn_shuf_only,chunk_6,69,kl_to_gaussian,1.1599982183529958,96
conn_shuf_only,chunk_6,69,wt_mean,0.003193008829839475,96
conn_shuf_only,chunk_7,70,GR,32.144998110830784,96
conn_shuf_only,chunk_7,70,IPC,13.773693362529146,96
conn_shuf_only,chunk_7,70,KR,15.414178051054478,96
conn_shuf_only,chunk_7,70,MC,8.232244464258352,96
conn_shuf_only,chunk_7,70,cosine_similarity,0.01625442644581195,96
conn_shuf_only,chunk_7,70,kl_to_gaussian,1.1599981872702598,96
conn_shuf_only,chunk_7,70,wt_mean,0.003057350462768175,96
conn_shuf_only,chunk_7,71,GR,14.445179825027784,96
conn_shuf_only,chunk_7,71,IPC,12.233937131546753,96
conn_shuf_only,chunk_7,71,KR,7.358282307783763,96
conn_shuf_only,chunk_7,71,MC,6.720841596523921,96
conn_shuf_only,chunk_7,71,cosine_similarity,0.013378394534811324,96
conn_shuf_only,chunk_7,71,kl_to_gaussian,1.1599981653881264,96
conn_shuf_only,chunk_7,71,wt_mean,0.00218437646981325,96
conn_shuf_only,chunk_7,72,GR,16.684823028743267,96
conn_shuf_only,chunk_7,72,IPC,12.315219105724404,96
conn_shuf_only,chunk_7,72,KR,8.46377639224132,96
conn_shuf_only,chunk_7,72,MC,7.194260145227115,96
conn_shuf_only,chunk_7,72,cosine_similarity,0.016157480888068648,96
conn_shuf_only,chunk_7,72,kl_to_gaussian,1.1599982011803245,96
conn_shuf_only,chunk_7,72,wt_mean,0.0023909086012281,96
conn_shuf_only,chunk_7,73,GR,18.482550802330177,96
conn_shuf_only,chunk_7,73,IPC,12.786649303217068,96
conn_shuf_only,chunk_7,73,KR,9.462364450097084,96
conn_shuf_only,chunk_7,73,MC,7.431480643649896,96
conn_shuf_only,chunk_7,73,cosine_similarity,0.01399237941950555,96
conn_shuf_only,chunk_7,73,kl_to_gaussian,1.1599982289117265,96
conn_shuf_only,chunk_7,73,wt_mean,0.0024019312986638002,96
conn_shuf_only,chunk_7,74,GR,16.444713483254116,96
conn_shuf_only,chunk_7,74,IPC,12.436683862618963,96
conn_shuf_only,chunk_7,74,KR,8.090140327811241,96
conn_shuf_only,chunk_7,74,MC,6.996037361522515,96
conn_shuf_only,chunk_7,74,cosine_similarity,0.020713890902698002,96
conn_shuf_only,chunk_7,74,kl_to_gaussian,1.1599982279442098,96
conn_shuf_only,chunk_7,74,wt_mean,0.0023188580235,96
conn_shuf_only,chunk_7,75,GR,16.42790812253952,96
conn_shuf_only,chunk_7,75,IPC,11.741656830833115,96
conn_shuf_only,chunk_7,75,KR,8.212224078675112,96
conn_shuf_only,chunk_7,75,MC,6.705066130807002,96
conn_shuf_only,chunk_7,75,cosine_similarity,0.018419528845697624,96
conn_shuf_only,chunk_7,75,kl_to_gaussian,1.1599981160870025,96
conn_shuf_only,chunk_7,75,wt_mean,0.002364507265156075,96
conn_shuf_only,chunk_7,76,GR,12.047006199757258,96
conn_shuf_only,chunk_7,76,IPC,10.976792115880814,96
conn_shuf_only,chunk_7,76,KR,6.217530161142349,96
conn_shuf_only,chunk_7,76,MC,6.246219592789809,96
conn_shuf_only,chunk_7,76,cosine_similarity,0.0130875594913959,96
conn_shuf_only,chunk_7,76,kl_to_gaussian,1.1599981206224022,96
conn_shuf_only,chunk_7,76,wt_mean,0.001958590873982725,96
conn_shuf_only,chunk_7,77,GR,19.464807090659935,96
conn_shuf_only,chunk_7,77,IPC,12.62648299939123,96
conn_shuf_only,chunk_7,77,KR,9.89352119465669,96
conn_shuf_only,chunk_7,77,MC,7.166157148778439,96
conn_shuf_only,chunk_7,77,cosine_similarity,0.018387213349342273,96
conn_shuf_only,chunk_7,77,kl_to_gaussian,1.1599982924772176,96
conn_shuf_only,chunk_7,77,wt_mean,0.002446924743708175,96
conn_shuf_only,chunk_7,78,GR,30.44510271648566,96
conn_shuf_only,chunk_7,78,IPC,14.537824790094959,96
conn_shuf_only,chunk_7,78,KR,14.864746441443762,96
conn_shuf_only,chunk_7,78,MC,8.440075586239496,96
conn_shuf_only,chunk_7,78,cosine_similarity,0.016900724731385625,96
conn_shuf_only,chunk_7,78,kl_to_gaussian,1.1599982097688761,96
conn_shuf_only,chunk_7,78,wt_mean,0.00300340587273235,96
conn_shuf_only,chunk_7,79,GR,23.145023082693417,96
conn_shuf_only,chunk_7,79,IPC,13.199000551874564,96
conn_shuf_only,chunk_7,79,KR,11.250979704161486,96
conn_shuf_only,chunk_7,79,MC,7.510688071449597,96
conn_shuf_only,chunk_7,79,cosine_similarity,0.0128936695400625,96
conn_shuf_only,chunk_7,79,kl_to_gaussian,1.1599981143283191,96
conn_shuf_only,chunk_7,79,wt_mean,0.00258247301098885,96
conn_shuf_only,chunk_8,80,GR,19.767145196596783,96
conn_shuf_only,chunk_8,80,IPC,10.807793773261393,96
conn_shuf_only,chunk_8,80,KR,9.83945295214653,96
conn_shuf_only,chunk_8,80,MC,6.8730030457178755,96
conn_shuf_only,chunk_8,80,cosine_similarity,0.019033513031899926,96
conn_shuf_only,chunk_8,80,kl_to_gaussian,1.159998166533368,96
conn_shuf_only,chunk_8,80,wt_mean,0.002382179693086025,96
conn_shuf_only,chunk_8,81,GR,30.496931267281372,96
conn_shuf_only,chunk_8,81,IPC,12.647963730080022,96
conn_shuf_only,chunk_8,81,KR,15.178097948431969,96
conn_shuf_only,chunk_8,81,MC,7.762139841914177,96
conn_shuf_only,chunk_8,81,cosine_similarity,0.017514709383249224,96
conn_shuf_only,chunk_8,81,kl_to_gaussian,1.1599981996441406,96
conn_shuf_only,chunk_8,81,wt_mean,0.003000962489750175,96
conn_shuf_only,chunk_8,82,GR,33.43477935095628,96
conn_shuf_only,chunk_8,82,IPC,11.956319773862404,96
conn_shuf_only,chunk_8,82,KR,16.0513765240709,96
conn_shuf_only,chunk_8,82,MC,7.496774182965358,96
conn_shuf_only,chunk_8,82,cosine_similarity,0.015446551842614948,96
conn_shuf_only,chunk_8,82,kl_to_gaussian,1.15999820655582,96
conn_shuf_only,chunk_8,82,wt_mean,0.002745872276136625,96
conn_shuf_only,chunk_8,83,GR,18.635501352449257,96
conn_shuf_only,chunk_8,83,IPC,9.930055196498861,96
conn_shuf_only,chunk_8,83,KR,8.759085223078728,96
conn_shuf_only,chunk_8,83,MC,5.98532248288393,96
conn_shuf_only,chunk_8,83,cosine_similarity,0.012538205599412275,96
conn_shuf_only,chunk_8,83,kl_to_gaussian,1.1599982319189177,96
conn_shuf_only,chunk_8,83,wt_mean,0.002407025167485625,96
conn_shuf_only,chunk_8,84,GR,28.693977512419224,96
conn_shuf_only,chunk_8,84,IPC,13.11641286184593,96
conn_shuf_only,chunk_8,84,KR,15.008966068426767,96
conn_shuf_only,chunk_8,84,MC,8.636634382108847,96
conn_shuf_only,chunk_8,84,cosine_similarity,0.0163190551102161,96
conn_shuf_only,chunk_8,84,kl_to_gaussian,1.1599982661542971,96
conn_shuf_only,chunk_8,84,wt_mean,0.002799023699481025,96
conn_shuf_only,chunk_8,85,GR,21.96131221950054,96
conn_shuf_only,chunk_8,85,IPC,10.598019534354686,96
conn_shuf_only,chunk_8,85,KR,10.530888468027115,96
conn_shuf_only,chunk_8,85,MC,6.446476079523563,96
conn_shuf_only,chunk_8,85,cosine_similarity,0.02255584439262745,96
conn_shuf_only,chunk_8,85,kl_to_gaussian,1.1599981039334526,96
conn_shuf_only,chunk_8,85,wt_mean,0.0024978558067232,96
conn_shuf_only,chunk_8,86,GR,27.502968500057857,96
conn_shuf_only,chunk_8,86,IPC,12.346217359064156,96
conn_shuf_only,chunk_8,86,KR,13.589475882550081,96
conn_shuf_only,chunk_8,86,MC,7.917423337697983,96
conn_shuf_only,chunk_8,86,cosine_similarity,0.013992378953844226,96
conn_shuf_only,chunk_8,86,kl_to_gaussian,1.15999811877734,96
conn_shuf_only,chunk_8,86,wt_mean,0.002786704746540575,96
conn_shuf_only,chunk_8,87,GR,16.487029982109863,96
conn_shuf_only,chunk_8,87,IPC,10.215784048227652,96
conn_shuf_only,chunk_8,87,KR,8.295539538065592,96
conn_shuf_only,chunk_8,87,MC,6.015806683649619,96
conn_shuf_only,chunk_8,87,cosine_similarity,0.0155111830681562,96
conn_shuf_only,chunk_8,87,kl_to_gaussian,1.1599981030243052,96
conn_shuf_only,chunk_8,87,wt_mean,0.00221578293712805,96
conn_shuf_only,chunk_8,88,GR,39.65997707347075,96
conn_shuf_only,chunk_8,88,IPC,13.326848925427997,96
conn_shuf_only,chunk_8,88,KR,19.522915887335937,96
conn_shuf_only,chunk_8,88,MC,8.245198853313923,96
conn_shuf_only,chunk_8,88,cosine_similarity,0.0146386784035712,96
conn_shuf_only,chunk_8,88,kl_to_gaussian,1.1599981965179051,96
conn_shuf_only,chunk_8,88,wt_mean,0.003277642594184675,96
conn_shuf_only,chunk_8,89,GR,17.480487239857514,96
conn_shuf_only,chunk_8,89,IPC,9.933794938318764,96
conn_shuf_only,chunk_8,89,KR,8.744829786320528,96
conn_shuf_only,chunk_8,89,MC,6.274749600638946,96
conn_shuf_only,chunk_8,89,cosine_similarity,0.02342834509909145,96
conn_shuf_only,chunk_8,89,kl_to_gaussian,1.159998271088303,96
conn_shuf_only,chunk_8,89,wt_mean,0.002311757707502625,96
conn_shuf_only,chunk_9,90,GR,18.28060929228862,96
conn_shuf_only,chunk_9,90,IPC,10.918116221319018,96
conn_shuf_only,chunk_9,90,KR,9.00686701387167,96
conn_shuf_only,chunk_9,90,MC,6.30234810213248,96
conn_shuf_only,chunk_9,90,cosine_similarity,0.0185164739377796,96
conn_shuf_only,chunk_9,90,kl_to_gaussian,1.159998202336333,96
conn_shuf_only,chunk_9,90,wt_mean,0.002139892487320975,96
conn_shuf_only,chunk_9,91,GR,37.736048420270286,96
conn_shuf_only,chunk_9,91,IPC,13.330703138302203,96
conn_shuf_only,chunk_9,91,KR,18.89714418600003,96
conn_shuf_only,chunk_9,91,MC,8.4701441898942,96
conn_shuf_only,chunk_9,91,cosine_similarity,0.0134753410238772,96
conn_shuf_only,chunk_9,91,kl_to_gaussian,1.1599982425963469,96
conn_shuf_only,chunk_9,91,wt_mean,0.0030728391720912748,96
conn_shuf_only,chunk_9,92,GR,14.000732709964117,96
conn_shuf_only,chunk_9,92,IPC,10.326246629297403,96
conn_shuf_only,chunk_9,92,KR,7.256906189024448,96
conn_shuf_only,chunk_9,92,MC,6.131242036819458,96
conn_shuf_only,chunk_9,92,cosine_similarity,0.01586664607748385,96
conn_shuf_only,chunk_9,92,kl_to_gaussian,1.1599981456434187,96
conn_shuf_only,chunk_9,92,wt_mean,0.0022213572519831,96
conn_shuf_only,chunk_9,93,GR,21.371384573479492,96
conn_shuf_only,chunk_9,93,IPC,11.372900822447404,96
conn_shuf_only,chunk_9,93,KR,10.7507227708896,96
conn_shuf_only,chunk_9,93,MC,7.101133710394303,96
conn_shuf_only,chunk_9,93,cosine_similarity,0.020293796434998474,96
conn_shuf_only,chunk_9,93,kl_to_gaussian,1.1599981539125022,96
conn_shuf_only,chunk_9,93,wt_mean,0.0026611213106661497,96
conn_shuf_only,chunk_9,94,GR,28.914134792983532,96
conn_shuf_only,chunk_9,94,IPC,11.650115499001279,96
conn_shuf_only,chunk_9,94,KR,14.302551038563251,96
conn_shuf_only,chunk_9,94,MC,7.242152522007625,96
conn_shuf_only,chunk_9,94,cosine_similarity,0.014800252858549324,96
conn_shuf_only,chunk_9,94,kl_to_gaussian,1.159998147435802,96
conn_shuf_only,chunk_9,94,wt_mean,0.00256067240843545,96
conn_shuf_only,chunk_9,95,GR,19.035552519063156,96
conn_shuf_only,chunk_9,95,IPC,10.47966558360117,96
conn_shuf_only,chunk_9,95,KR,9.395795332888762,96
conn_shuf_only,chunk_9,95,MC,6.429883861293395,96
conn_shuf_only,chunk_9,95,cosine_similarity,0.019227401353418775,96
conn_shuf_only,chunk_9,95,kl_to_gaussian,1.1599981893216882,96
conn_shuf_only,chunk_9,95,wt_mean,0.00237162143457675,96
conn_shuf_only,chunk_9,96,GR,37.26698383440574,96
conn_shuf_only,chunk_9,96,IPC,12.752336707254365,96
conn_shuf_only,chunk_9,96,KR,17.862204857170582,96
conn_shuf_only,chunk_9,96,MC,7.868264399468899,96
conn_shuf_only,chunk_9,96,cosine_similarity,0.023686867672949974,96
conn_shuf_only,chunk_9,96,kl_to_gaussian,1.1599981675805957,96
conn_shuf_only,chunk_9,96,wt_mean,0.002898751641623625,96
conn_shuf_only,chunk_9,97,GR,17.43745892991622,96
conn_shuf_only,chunk_9,97,IPC,11.228709522223042,96
conn_shuf_only,chunk_9,97,KR,8.714121577640375,96
conn_shuf_only,chunk_9,97,MC,6.444598563015461,96
conn_shuf_only,chunk_9,97,cosine_similarity,0.0191304576583206,96
conn_shuf_only,chunk_9,97,kl_to_gaussian,1.1599981544552398,96
conn_shuf_only,chunk_9,97,wt_mean,0.0022979658970143,96
conn_shuf_only,chunk_9,98,GR,16.32012088596821,96
conn_shuf_only,chunk_9,98,IPC,11.039781341407343,96
conn_shuf_only,chunk_9,98,KR,8.139923945069313,96
conn_shuf_only,chunk_9,98,MC,6.3748913407325745,96
conn_shuf_only,chunk_9,98,cosine_similarity,0.0154142382089048,96
conn_shuf_only,chunk_9,98,kl_to_gaussian,1.1599981817183938,96
conn_shuf_only,chunk_9,98,wt_mean,0.0023631817020941252,96
conn_shuf_only,chunk_9,99,GR,22.762177099784214,96
conn_shuf_only,chunk_9,99,IPC,11.17162440118303,96
conn_shuf_only,chunk_9,99,KR,11.546947821974754,96
conn_shuf_only,chunk_9,99,MC,6.874955963343382,96
conn_shuf_only,chunk_9,99,cosine_similarity,0.017450078856199924,96
conn_shuf_only,chunk_9,99,kl_to_gaussian,1.1599981740227807,96
conn_shuf_only,chunk_9,99,wt_mean,0.002670982328709175,96
global_sign_pres,chunk_0,0,GR,7.634798243641853,96
global_sign_pres,chunk_0,0,IPC,8.951672489170788,96
global_sign_pres,chunk_0,0,KR,4.094497376432021,96
global_sign_pres,chunk_0,0,MC,4.958732068538666,96
global_sign_pres,chunk_0,0,cosine_similarity,0.5588234663009644,96
global_sign_pres,chunk_0,0,kl_to_gaussian,0.0,96
global_sign_pres,chunk_0,0,wt_mean,0.002148242550902025,96
global_sign_pres,chunk_0,1,GR,8.627954818308353,96
global_sign_pres,chunk_0,1,IPC,9.52930251354538,96
global_sign_pres,chunk_0,1,KR,4.67174535865585,96
global_sign_pres,chunk_0,1,MC,5.255092044671376,96
global_sign_pres,chunk_0,1,cosine_similarity,0.5588235110044479,96
global_sign_pres,chunk_0,1,kl_to_gaussian,0.0,96
global_sign_pres,chunk_0,1,wt_mean,0.0023259531881194002,96
global_sign_pres,chunk_0,2,GR,8.45288593073686,96
global_sign_pres,chunk_0,2,IPC,8.651037137643675,96
global_sign_pres,chunk_0,2,KR,4.549357467641433,96
global_sign_pres,chunk_0,2,MC,4.98051422337691,96
global_sign_pres,chunk_0,2,cosine_similarity,0.5588234961032867,96
global_sign_pres,chunk_0,2,kl_to_gaussian,0.0,96
global_sign_pres,chunk_0,2,wt_mean,0.0021829995384905,96
global_sign_pres,chunk_0,3,GR,8.385394969334206,96
global_sign_pres,chunk_0,3,IPC,9.1548074766875,96
global_sign_pres,chunk_0,3,KR,4.420081497480472,96
global_sign_pres,chunk_0,3,MC,5.015572372823954,96
global_sign_pres,chunk_0,3,cosine_similarity,0.5588235110044479,96
global_sign_pres,chunk_0,3,kl_to_gaussian,0.0,96
global_sign_pres,chunk_0,3,wt_mean,0.00221734205842945,96
global_sign_pres,chunk_0,4,GR,10.165919281542301,96
global_sign_pres,chunk_0,4,IPC,8.893410557014592,96
global_sign_pres,chunk_0,4,KR,5.32429139316082,96
global_sign_pres,chunk_0,4,MC,5.076087274899085,96
global_sign_pres,chunk_0,4,cosine_similarity,0.5588237196207047,96
global_sign_pres,chunk_0,4,kl_to_gaussian,0.0,96
global_sign_pres,chunk_0,4,wt_mean,0.002367690583923775,96
global_sign_pres,chunk_0,5,GR,8.434434286008278,96
global_sign_pres,chunk_0,5,IPC,9.630726028115213,96
global_sign_pres,chunk_0,5,KR,4.669271209587653,96
global_sign_pres,chunk_0,5,MC,5.501499526202679,96
global_sign_pres,chunk_0,5,cosine_similarity,0.5588236600160599,96
global_sign_pres,chunk_0,5,kl_to_gaussian,0.0,96
global_sign_pres,chunk_0,5,wt_mean,0.002294584264745875,96
global_sign_pres,chunk_0,6,GR,8.708529338240623,96
global_sign_pres,chunk_0,6,IPC,8.838600467206804,96
global_sign_pres,chunk_0,6,KR,4.80408326536417,96
global_sign_pres,chunk_0,6,MC,4.975722573697567,96
global_sign_pres,chunk_0,6,cosine_similarity,0.5588234812021255,96
global_sign_pres,chunk_0,6,kl_to_gaussian,0.0,96
global_sign_pres,chunk_0,6,wt_mean,0.0022697495878673747,96
global_sign_pres,chunk_0,7,GR,9.574448068936666,96
global_sign_pres,chunk_0,7,IPC,9.355150279795684,96
global_sign_pres,chunk_0,7,KR,4.893626430382331,96
global_sign_pres,chunk_0,7,MC,5.040299065411091,96
global_sign_pres,chunk_0,7,cosine_similarity,0.5588235855102539,96
global_sign_pres,chunk_0,7,kl_to_gaussian,0.0,96
global_sign_pres,chunk_0,7,wt_mean,0.0022630566381848997,96
global_sign_pres,chunk_0,8,GR,8.44026518985629,96
global_sign_pres,chunk_0,8,IPC,8.379172775977187,96
global_sign_pres,chunk_0,8,KR,4.548538954307635,96
global_sign_pres,chunk_0,8,MC,4.640455034871896,96
global_sign_pres,chunk_0,8,cosine_similarity,0.5588235110044479,96
global_sign_pres,chunk_0,8,kl_to_gaussian,0.0,96
global_sign_pres,chunk_0,8,wt_mean,0.0022833203547633503,96
global_sign_pres,chunk_0,9,GR,8.812851692239443,96
global_sign_pres,chunk_0,9,IPC,8.565414214951824,96
global_sign_pres,chunk_0,9,KR,4.762685564657052,96
global_sign_pres,chunk_0,9,MC,4.780907733986775,96
global_sign_pres,chunk_0,9,cosine_similarity,0.5588234066963196,96
global_sign_pres,chunk_0,9,kl_to_gaussian,0.0,96
global_sign_pres,chunk_0,9,wt_mean,0.0022699260443914252,96
global_sign_pres,chunk_1,10,GR,9.7565391138196,96
global_sign_pres,chunk_1,10,IPC,9.119806532901242,96
global_sign_pres,chunk_1,10,KR,5.1520791339377565,96
global_sign_pres,chunk_1,10,MC,5.13328239073356,96
global_sign_pres,chunk_1,10,cosine_similarity,0.5588234812021255,96
global_sign_pres,chunk_1,10,kl_to_gaussian,0.0,96
global_sign_pres,chunk_1,10,wt_mean,0.0023358322214334748,96
global_sign_pres,chunk_1,11,GR,8.394918068001667,96
global_sign_pres,chunk_1,11,IPC,9.458362666476663,96
global_sign_pres,chunk_1,11,KR,4.603565039734046,96
global_sign_pres,chunk_1,11,MC,5.347857347379128,96
global_sign_pres,chunk_1,11,cosine_similarity,0.5588234961032867,96
global_sign_pres,chunk_1,11,kl_to_gaussian,0.0,96
global_sign_pres,chunk_1,11,wt_mean,0.002284468821017025,96
global_sign_pres,chunk_1,12,GR,10.489845422406992,96
global_sign_pres,chunk_1,12,IPC,8.743501920985908,96
global_sign_pres,chunk_1,12,KR,5.376431631545226,96
global_sign_pres,chunk_1,12,MC,4.720777387420337,96
global_sign_pres,chunk_1,12,cosine_similarity,0.5588235557079315,96
global_sign_pres,chunk_1,12,kl_to_gaussian,0.0,96
global_sign_pres,chunk_1,12,wt_mean,0.0022390332014765,96
global_sign_pres,chunk_1,13,GR,9.086997675398985,96
global_sign_pres,chunk_1,13,IPC,8.63387137283438,96
global_sign_pres,chunk_1,13,KR,4.895468033850193,96
global_sign_pres,chunk_1,13,MC,4.965124645580848,96
global_sign_pres,chunk_1,13,cosine_similarity,0.5588236004114151,96
global_sign_pres,chunk_1,13,kl_to_gaussian,0.0,96
global_sign_pres,chunk_1,13,wt_mean,0.00222473978647025,96
global_sign_pres,chunk_1,14,GR,7.758845131844282,96
global_sign_pres,chunk_1,14,IPC,9.275511358031421,96
global_sign_pres,chunk_1,14,KR,4.15486312409242,96
global_sign_pres,chunk_1,14,MC,5.08775141214331,96
global_sign_pres,chunk_1,14,cosine_similarity,0.5588236898183823,96
global_sign_pres,chunk_1,14,kl_to_gaussian,0.0,96
global_sign_pres,chunk_1,14,wt_mean,0.0023147321189753247,96
global_sign_pres,chunk_1,15,GR,7.881938688457012,96
global_sign_pres,chunk_1,15,IPC,8.896175324976806,96
global_sign_pres,chunk_1,15,KR,4.339668704817693,96
global_sign_pres,chunk_1,15,MC,5.0041752097507315,96
global_sign_pres,chunk_1,15,cosine_similarity,0.5588235408067703,96
global_sign_pres,chunk_1,15,kl_to_gaussian,0.0,96
global_sign_pres,chunk_1,15,wt_mean,0.002191846986534025,96
global_sign_pres,chunk_1,16,GR,10.04837110141913,96
global_sign_pres,chunk_1,16,IPC,8.66392092192815,96
global_sign_pres,chunk_1,16,KR,5.333647872010867,96
global_sign_pres,chunk_1,16,MC,5.027221826215585,96
global_sign_pres,chunk_1,16,cosine_similarity,0.5588235408067703,96
global_sign_pres,chunk_1,16,kl_to_gaussian,0.0,96
global_sign_pres,chunk_1,16,wt_mean,0.0022683798742945747,96
global_sign_pres,chunk_1,17,GR,8.545490268617868,96
global_sign_pres,chunk_1,17,IPC,8.987704415801806,96
global_sign_pres,chunk_1,17,KR,4.516512719293435,96
global_sign_pres,chunk_1,17,MC,4.784264878680308,96
global_sign_pres,chunk_1,17,cosine_similarity,0.5588234961032867,96
global_sign_pres,chunk_1,17,kl_to_gaussian,0.0,96
global_sign_pres,chunk_1,17,wt_mean,0.00231384928338225,96
global_sign_pres,chunk_1,18,GR,9.693531202773253,96
global_sign_pres,chunk_1,18,IPC,8.94644013605984,96
global_sign_pres,chunk_1,18,KR,5.165760663648446,96
global_sign_pres,chunk_1,18,MC,4.96655959635973,96
global_sign_pres,chunk_1,18,cosine_similarity,0.5588236004114151,96
global_sign_pres,chunk_1,18,kl_to_gaussian,0.0,96
global_sign_pres,chunk_1,18,wt_mean,0.00215938128530975,96
global_sign_pres,chunk_1,19,GR,10.953594855964184,96
global_sign_pres,chunk_1,19,IPC,9.584794653312542,96
global_sign_pres,chunk_1,19,KR,5.766157850623131,96
global_sign_pres,chunk_1,19,MC,5.354826568315427,96
global_sign_pres,chunk_1,19,cosine_similarity,0.5588233917951584,96
global_sign_pres,chunk_1,19,kl_to_gaussian,0.0,96
global_sign_pres,chunk_1,19,wt_mean,0.0024177399463951254,96
global_sign_pres,chunk_10,100,GR,7.772810880094767,96
global_sign_pres,chunk_10,100,IPC,8.391003248233515,96
global_sign_pres,chunk_10,100,KR,4.174456160515547,96
global_sign_pres,chunk_10,100,MC,4.714195956786473,96
global_sign_pres,chunk_10,100,cosine_similarity,0.5588235557079315,96
global_sign_pres,chunk_10,100,kl_to_gaussian,0.0,96
global_sign_pres,chunk_10,100,wt_mean,0.0022156790655571503,96
global_sign_pres,chunk_10,101,GR,9.901069757839045,96
global_sign_pres,chunk_10,101,IPC,8.016285982732299,96
global_sign_pres,chunk_10,101,KR,5.381881150106589,96
global_sign_pres,chunk_10,101,MC,4.883528169244528,96
global_sign_pres,chunk_10,101,cosine_similarity,0.5588233917951584,96
global_sign_pres,chunk_10,101,kl_to_gaussian,0.0,96
global_sign_pres,chunk_10,101,wt_mean,0.0023820092901587248,96
global_sign_pres,chunk_10,102,GR,7.610581784198682,96
global_sign_pres,chunk_10,102,IPC,7.498304868458014,96
global_sign_pres,chunk_10,102,KR,4.351328066239755,96
global_sign_pres,chunk_10,102,MC,4.306866652021806,96
global_sign_pres,chunk_10,102,cosine_similarity,0.5588234961032867,96
global_sign_pres,chunk_10,102,kl_to_gaussian,0.0,96
global_sign_pres,chunk_10,102,wt_mean,0.002066819142783025,96
global_sign_pres,chunk_10,103,GR,9.104799387355646,96
global_sign_pres,chunk_10,103,IPC,7.869866234562234,96
global_sign_pres,chunk_10,103,KR,5.000671784083049,96
global_sign_pres,chunk_10,103,MC,4.6691035976012545,96
global_sign_pres,chunk_10,103,cosine_similarity,0.5588234961032867,96
global_sign_pres,chunk_10,103,kl_to_gaussian,0.0,96
global_sign_pres,chunk_10,103,wt_mean,0.002267699688672975,96
global_sign_pres,chunk_10,104,GR,8.43190540994207,96
global_sign_pres,chunk_10,104,IPC,7.9594130297039065,96
global_sign_pres,chunk_10,104,KR,4.431595120579004,96
global_sign_pres,chunk_10,104,MC,4.433191808561484,96
global_sign_pres,chunk_10,104,cosine_similarity,0.5588234961032867,96
global_sign_pres,chunk_10,104,kl_to_gaussian,0.0,96
global_sign_pres,chunk_10,104,wt_mean,0.0021414485527202,96
global_sign_pres,chunk_10,105,GR,9.157619841396809,96
global_sign_pres,chunk_10,105,IPC,7.5571111809719875,96
global_sign_pres,chunk_10,105,KR,4.965401325374842,96
global_sign_pres,chunk_10,105,MC,4.505724595238765,96
global_sign_pres,chunk_10,105,cosine_similarity,0.558823436498642,96
global_sign_pres,chunk_10,105,kl_to_gaussian,0.0,96
global_sign_pres,chunk_10,105,wt_mean,0.00217380185495125,96
global_sign_pres,chunk_10,106,GR,8.57380494227012,96
global_sign_pres,chunk_10,106,IPC,7.954864491113805,96
global_sign_pres,chunk_10,106,KR,4.7481742811699705,96
global_sign_pres,chunk_10,106,MC,4.5889734998345375,96
global_sign_pres,chunk_10,106,cosine_similarity,0.5588237643241882,96
global_sign_pres,chunk_10,106,kl_to_gaussian,0.0,96
global_sign_pres,chunk_10,106,wt_mean,0.00224569076090115,96
global_sign_pres,chunk_10,107,GR,9.358718569080034,96
global_sign_pres,chunk_10,107,IPC,7.210773502505976,96
global_sign_pres,chunk_10,107,KR,5.097504496574402,96
global_sign_pres,chunk_10,107,MC,4.459371282408635,96
global_sign_pres,chunk_10,107,cosine_similarity,0.5588237643241882,96
global_sign_pres,chunk_10,107,kl_to_gaussian,0.0,96
global_sign_pres,chunk_10,107,wt_mean,0.0022486894158646,96
global_sign_pres,chunk_10,108,GR,8.89774219195048,96
global_sign_pres,chunk_10,108,IPC,8.157294927329072,96
global_sign_pres,chunk_10,108,KR,4.831354939689239,96
global_sign_pres,chunk_10,108,MC,5.009359180927277,96
global_sign_pres,chunk_10,108,cosine_similarity,0.5588235557079315,96
global_sign_pres,chunk_10,108,kl_to_gaussian,0.0,96
global_sign_pres,chunk_10,108,wt_mean,0.0023260964953805753,96
global_sign_pres,chunk_10,109,GR,8.45220646634698,96
global_sign_pres,chunk_10,109,IPC,8.237339848741135,96
global_sign_pres,chunk_10,109,KR,4.541982700427373,96
global_sign_pres,chunk_10,109,MC,4.691653981804848,96
global_sign_pres,chunk_10,109,cosine_similarity,0.5588234663009644,96
global_sign_pres,chunk_10,109,kl_to_gaussian,0.0,96
global_sign_pres,chunk_10,109,wt_mean,0.0021364875719881997,96
global_sign_pres,chunk_11,110,GR,7.015775787333648,96
global_sign_pres,chunk_11,110,IPC,8.05110157242237,96
global_sign_pres,chunk_11,110,KR,3.933695185929537,96
global_sign_pres,chunk_11,110,MC,4.689931229998668,96
global_sign_pres,chunk_11,110,cosine_similarity,0.5588234513998032,96
global_sign_pres,chunk_11,110,kl_to_gaussian,0.0,96
global_sign_pres,chunk_11,110,wt_mean,0.002071650204015875,96
global_sign_pres,chunk_11,111,GR,9.436412019034227,96
global_sign_pres,chunk_11,111,IPC,8.735407733990517,96
global_sign_pres,chunk_11,111,KR,5.151971286783616,96
global_sign_pres,chunk_11,111,MC,5.054305112610261,96
global_sign_pres,chunk_11,111,cosine_similarity,0.5588234812021255,96
global_sign_pres,chunk_11,111,kl_to_gaussian,0.0,96
global_sign_pres,chunk_11,111,wt_mean,0.0022514704323839253,96
global_sign_pres,chunk_11,112,GR,9.960605847338835,96
global_sign_pres,chunk_11,112,IPC,8.05474025302168,96
global_sign_pres,chunk_11,112,KR,5.2345170850555105,96
global_sign_pres,chunk_11,112,MC,4.720883935689926,96
global_sign_pres,chunk_11,112,cosine_similarity,0.5588234812021255,96
global_sign_pres,chunk_11,112,kl_to_gaussian,0.0,96
global_sign_pres,chunk_11,112,wt_mean,0.0023058243095874253,96
global_sign_pres,chunk_11,113,GR,8.005210604518652,96
global_sign_pres,chunk_11,113,IPC,7.5559473680632765,96
global_sign_pres,chunk_11,113,KR,4.309037959824006,96
global_sign_pres,chunk_11,113,MC,4.301396785924832,96
global_sign_pres,chunk_11,113,cosine_similarity,0.5588235557079315,96
global_sign_pres,chunk_11,113,kl_to_gaussian,0.0,96
global_sign_pres,chunk_11,113,wt_mean,0.002261462941532925,96
global_sign_pres,chunk_11,114,GR,9.345764187475046,96
global_sign_pres,chunk_11,114,IPC,8.050760352797093,96
global_sign_pres,chunk_11,114,KR,5.023252916832765,96
global_sign_pres,chunk_11,114,MC,4.792326665172975,96
global_sign_pres,chunk_11,114,cosine_similarity,0.5588235408067703,96
global_sign_pres,chunk_11,114,kl_to_gaussian,0.0,96
global_sign_pres,chunk_11,114,wt_mean,0.002316154830623375,96
global_sign_pres,chunk_11,115,GR,11.39349594215552,96
global_sign_pres,chunk_11,115,IPC,7.782989766220617,96
global_sign_pres,chunk_11,115,KR,6.053716734051704,96
global_sign_pres,chunk_11,115,MC,4.743080468227466,96
global_sign_pres,chunk_11,115,cosine_similarity,0.5588234663009644,96
global_sign_pres,chunk_11,115,kl_to_gaussian,0.0,96
global_sign_pres,chunk_11,115,wt_mean,0.0023444972466677,96
global_sign_pres,chunk_11,116,GR,9.407582816978296,96
global_sign_pres,chunk_11,116,IPC,8.16707627316037,96
global_sign_pres,chunk_11,116,KR,5.231602006902297,96
global_sign_pres,chunk_11,116,MC,4.780774964640538,96
global_sign_pres,chunk_11,116,cosine_similarity,0.5588233172893524,96
global_sign_pres,chunk_11,116,kl_to_gaussian,0.0,96
global_sign_pres,chunk_11,116,wt_mean,0.00231986082508225,96
global_sign_pres,chunk_11,117,GR,7.162272567550342,96
global_sign_pres,chunk_11,117,IPC,8.281615814470317,96
global_sign_pres,chunk_11,117,KR,3.9005048908293247,96
global_sign_pres,chunk_11,117,MC,4.640979640185833,96
global_sign_pres,chunk_11,117,cosine_similarity,0.5588236898183823,96
global_sign_pres,chunk_11,117,kl_to_gaussian,0.0,96
global_sign_pres,chunk_11,117,wt_mean,0.00216123016434715,96
global_sign_pres,chunk_11,118,GR,7.74637824917833,96
global_sign_pres,chunk_11,118,IPC,7.532922992343653,96
global_sign_pres,chunk_11,118,KR,4.3134737846752005,96
global_sign_pres,chunk_11,118,MC,4.544009851912658,96
global_sign_pres,chunk_11,118,cosine_similarity,0.5588236153125763,96
global_sign_pres,chunk_11,118,kl_to_gaussian,0.0,96
global_sign_pres,chunk_11,118,wt_mean,0.0022180374944582,96
global_sign_pres,chunk_11,119,GR,9.323108196258545,96
global_sign_pres,chunk_11,119,IPC,8.434448288278043,96
global_sign_pres,chunk_11,119,KR,5.096359368413687,96
global_sign_pres,chunk_11,119,MC,4.90234437584877,96
global_sign_pres,chunk_11,119,cosine_similarity,0.5588234663009644,96
global_sign_pres,chunk_11,119,kl_to_gaussian,0.0,96
global_sign_pres,chunk_11,119,wt_mean,0.0022005830833222253,96
global_sign_pres,chunk_12,120,GR,8.296364426612854,96
global_sign_pres,chunk_12,120,IPC,7.791760461628773,96
global_sign_pres,chunk_12,120,KR,4.61415917177995,96
global_sign_pres,chunk_12,120,MC,4.543214072783788,96
global_sign_pres,chunk_12,120,cosine_similarity,0.5588237643241882,96
global_sign_pres,chunk_12,120,kl_to_gaussian,0.0,96
global_sign_pres,chunk_12,120,wt_mean,0.002266232942929425,96
global_sign_pres,chunk_12,121,GR,9.962482132017612,96
global_sign_pres,chunk_12,121,IPC,8.180653655571659,96
global_sign_pres,chunk_12,121,KR,5.227660730481148,96
global_sign_pres,chunk_12,121,MC,4.593607861548662,96
global_sign_pres,chunk_12,121,cosine_similarity,0.5588235557079315,96
global_sign_pres,chunk_12,121,kl_to_gaussian,0.0,96
global_sign_pres,chunk_12,121,wt_mean,0.00235023183631705,96
global_sign_pres,chunk_12,122,GR,8.664683451255163,96
global_sign_pres,chunk_12,122,IPC,8.519898616684811,96
global_sign_pres,chunk_12,122,KR,4.697453937182824,96
global_sign_pres,chunk_12,122,MC,4.917667465905349,96
global_sign_pres,chunk_12,122,cosine_similarity,0.5588235557079315,96
global_sign_pres,chunk_12,122,kl_to_gaussian,0.0,96
global_sign_pres,chunk_12,122,wt_mean,0.00235276354942465,96
global_sign_pres,chunk_12,123,GR,7.805848311632872,96
global_sign_pres,chunk_12,123,IPC,8.38154720760021,96
global_sign_pres,chunk_12,123,KR,4.276585190246503,96
global_sign_pres,chunk_12,123,MC,4.895716269810994,96
global_sign_pres,chunk_12,123,cosine_similarity,0.5588234663009644,96
global_sign_pres,chunk_12,123,kl_to_gaussian,0.0,96
global_sign_pres,chunk_12,123,wt_mean,0.002198191796196575,96
global_sign_pres,chunk_12,124,GR,7.867247837285201,96
global_sign_pres,chunk_12,124,IPC,8.155702725286632,96
global_sign_pres,chunk_12,124,KR,4.347906485199928,96
global_sign_pres,chunk_12,124,MC,4.735765606164932,96
global_sign_pres,chunk_12,124,cosine_similarity,0.5588236153125763,96
global_sign_pres,chunk_12,124,kl_to_gaussian,0.0,96
global_sign_pres,chunk_12,124,wt_mean,0.002236365631688325,96
global_sign_pres,chunk_12,125,GR,9.409347226222357,96
global_sign_pres,chunk_12,125,IPC,8.152348409009498,96
global_sign_pres,chunk_12,125,KR,5.132980900506179,96
global_sign_pres,chunk_12,125,MC,4.896786590417226,96
global_sign_pres,chunk_12,125,cosine_similarity,0.5588236302137375,96
global_sign_pres,chunk_12,125,kl_to_gaussian,0.0,96
global_sign_pres,chunk_12,125,wt_mean,0.002340778621146425,96
global_sign_pres,chunk_12,126,GR,7.961344463129838,96
global_sign_pres,chunk_12,126,IPC,7.900505213210095,96
global_sign_pres,chunk_12,126,KR,4.239991549402475,96
global_sign_pres,chunk_12,126,MC,4.5362043889860315,96
global_sign_pres,chunk_12,126,cosine_similarity,0.5588233470916748,96
global_sign_pres,chunk_12,126,kl_to_gaussian,0.0,96
global_sign_pres,chunk_12,126,wt_mean,0.0021306503913365,96
global_sign_pres,chunk_12,127,GR,8.52674749866128,96
global_sign_pres,chunk_12,127,IPC,9.11882957442933,96
global_sign_pres,chunk_12,127,KR,4.613501331458489,96
global_sign_pres,chunk_12,127,MC,5.233470180382331,96
global_sign_pres,chunk_12,127,cosine_similarity,0.5588234961032867,96
global_sign_pres,chunk_12,127,kl_to_gaussian,0.0,96
global_sign_pres,chunk_12,127,wt_mean,0.002357566991122375,96
global_sign_pres,chunk_12,128,GR,8.303031094372272,96
global_sign_pres,chunk_12,128,IPC,8.164398708356584,96
global_sign_pres,chunk_12,128,KR,4.6359369195997715,96
global_sign_pres,chunk_12,128,MC,4.838949830581744,96
global_sign_pres,chunk_12,128,cosine_similarity,0.5588235706090927,96
global_sign_pres,chunk_12,128,kl_to_gaussian,0.0,96
global_sign_pres,chunk_12,128,wt_mean,0.00232583729666655,96
global_sign_pres,chunk_12,129,GR,9.098900725444159,96
global_sign_pres,chunk_12,129,IPC,8.042138610218254,96
global_sign_pres,chunk_12,129,KR,4.912403016040723,96
global_sign_pres,chunk_12,129,MC,4.711744226515293,96
global_sign_pres,chunk_12,129,cosine_similarity,0.5588234513998032,96
global_sign_pres,chunk_12,129,kl_to_gaussian,0.0,96
global_sign_pres,chunk_12,129,wt_mean,0.0022579667565877748,96
global_sign_pres,chunk_13,130,GR,8.204985537876686,96
global_sign_pres,chunk_13,130,IPC,7.973210701641642,96
global_sign_pres,chunk_13,130,KR,4.63090039913853,96
global_sign_pres,chunk_13,130,MC,4.7475292173524695,96
global_sign_pres,chunk_13,130,cosine_similarity,0.5588235259056091,96
global_sign_pres,chunk_13,130,kl_to_gaussian,0.0,96
global_sign_pres,chunk_13,130,wt_mean,0.0023033171310089,96
global_sign_pres,chunk_13,131,GR,8.813778380552927,96
global_sign_pres,chunk_13,131,IPC,7.539258409550058,96
global_sign_pres,chunk_13,131,KR,4.806454032659531,96
global_sign_pres,chunk_13,131,MC,4.373607548574607,96
global_sign_pres,chunk_13,131,cosine_similarity,0.5588234066963196,96
global_sign_pres,chunk_13,131,kl_to_gaussian,0.0,96
global_sign_pres,chunk_13,131,wt_mean,0.00217449371120885,96
global_sign_pres,chunk_13,132,GR,9.940134209891161,96
global_sign_pres,chunk_13,132,IPC,8.740170830533922,96
global_sign_pres,chunk_13,132,KR,5.201883379369974,96
global_sign_pres,chunk_13,132,MC,5.0074847129484015,96
global_sign_pres,chunk_13,132,cosine_similarity,0.5588236600160599,96
global_sign_pres,chunk_13,132,kl_to_gaussian,0.0,96
global_sign_pres,chunk_13,132,wt_mean,0.00237333212862715,96
global_sign_pres,chunk_13,133,GR,8.32488227263093,96
global_sign_pres,chunk_13,133,IPC,7.911796444943865,96
global_sign_pres,chunk_13,133,KR,4.59987735748291,96
global_sign_pres,chunk_13,133,MC,4.4511800681551295,96
global_sign_pres,chunk_13,133,cosine_similarity,0.5588233470916748,96
global_sign_pres,chunk_13,133,kl_to_gaussian,0.0,96
global_sign_pres,chunk_13,133,wt_mean,0.0021408332395366748,96
global_sign_pres,chunk_13,134,GR,10.549951521058878,96
global_sign_pres,chunk_13,134,IPC,8.132417570689677,96
global_sign_pres,chunk_13,134,KR,5.753439404070377,96
global_sign_pres,chunk_13,134,MC,4.908186547458172,96
global_sign_pres,chunk_13,134,cosine_similarity,0.5588234066963196,96
global_sign_pres,chunk_13,134,kl_to_gaussian,0.0,96
global_sign_pres,chunk_13,134,wt_mean,0.00230227064457715,96
global_sign_pres,chunk_13,135,GR,8.44481044014295,96
global_sign_pres,chunk_13,135,IPC,8.076779324214387,96
global_sign_pres,chunk_13,135,KR,4.645007169495027,96
global_sign_pres,chunk_13,135,MC,4.723448446641366,96
global_sign_pres,chunk_13,135,cosine_similarity,0.5588235557079315,96
global_sign_pres,chunk_13,135,kl_to_gaussian,0.0,96
global_sign_pres,chunk_13,135,wt_mean,0.00216498787631275,96
global_sign_pres,chunk_13,136,GR,8.100674580782652,96
global_sign_pres,chunk_13,136,IPC,8.396578924400403,96
global_sign_pres,chunk_13,136,KR,4.429500326514244,96
global_sign_pres,chunk_13,136,MC,4.9303641356527805,96
global_sign_pres,chunk_13,136,cosine_similarity,0.5588235259056091,96
global_sign_pres,chunk_13,136,kl_to_gaussian,0.0,96
global_sign_pres,chunk_13,136,wt_mean,0.002290252916282,96
global_sign_pres,chunk_13,137,GR,9.103117991238832,96
global_sign_pres,chunk_13,137,IPC,8.200078576032078,96
global_sign_pres,chunk_13,137,KR,4.967129273960988,96
global_sign_pres,chunk_13,137,MC,4.741384405642748,96
global_sign_pres,chunk_13,137,cosine_similarity,0.5588233470916748,96
global_sign_pres,chunk_13,137,kl_to_gaussian,0.0,96
global_sign_pres,chunk_13,137,wt_mean,0.002312523080036025,96
global_sign_pres,chunk_13,138,GR,11.977877043187618,96
global_sign_pres,chunk_13,138,IPC,7.4639628285977695,96
global_sign_pres,chunk_13,138,KR,6.243223977585633,96
global_sign_pres,chunk_13,138,MC,4.64222851395607,96
global_sign_pres,chunk_13,138,cosine_similarity,0.5588234961032867,96
global_sign_pres,chunk_13,138,kl_to_gaussian,0.0,96
global_sign_pres,chunk_13,138,wt_mean,0.0023449238215107,96
global_sign_pres,chunk_13,139,GR,7.803101489941279,96
global_sign_pres,chunk_13,139,IPC,8.44045079843796,96
global_sign_pres,chunk_13,139,KR,4.208133142441511,96
global_sign_pres,chunk_13,139,MC,4.554794900119305,96
global_sign_pres,chunk_13,139,cosine_similarity,0.5588236451148987,96
global_sign_pres,chunk_13,139,kl_to_gaussian,0.0,96
global_sign_pres,chunk_13,139,wt_mean,0.002080974634736725,96
global_sign_pres,chunk_14,140,GR,7.738653769095738,96
global_sign_pres,chunk_14,140,IPC,8.102950366727091,96
global_sign_pres,chunk_14,140,KR,4.346571835378806,96
global_sign_pres,chunk_14,140,MC,4.805973728497823,96
global_sign_pres,chunk_14,140,cosine_similarity,0.5588234663009644,96
global_sign_pres,chunk_14,140,kl_to_gaussian,0.0,96
global_sign_pres,chunk_14,140,wt_mean,0.002307711954927025,96
global_sign_pres,chunk_14,141,GR,8.287950903177261,96
global_sign_pres,chunk_14,141,IPC,7.734422541753546,96
global_sign_pres,chunk_14,141,KR,4.602554449190696,96
global_sign_pres,chunk_14,141,MC,4.665475182235241,96
global_sign_pres,chunk_14,141,cosine_similarity,0.5588237643241882,96
global_sign_pres,chunk_14,141,kl_to_gaussian,0.0,96
global_sign_pres,chunk_14,141,wt_mean,0.0022537210315931,96
global_sign_pres,chunk_14,142,GR,8.478144789735476,96
global_sign_pres,chunk_14,142,IPC,8.89504724721147,96
global_sign_pres,chunk_14,142,KR,4.5567688544591265,96
global_sign_pres,chunk_14,142,MC,4.910906201849381,96
global_sign_pres,chunk_14,142,cosine_similarity,0.5588234812021255,96
global_sign_pres,chunk_14,142,kl_to_gaussian,0.0,96
global_sign_pres,chunk_14,142,wt_mean,0.002229346282547275,96
global_sign_pres,chunk_14,143,GR,9.225293171902498,96
global_sign_pres,chunk_14,143,IPC,7.928585861002084,96
global_sign_pres,chunk_14,143,KR,4.933417114118735,96
global_sign_pres,chunk_14,143,MC,4.758456195394198,96
global_sign_pres,chunk_14,143,cosine_similarity,0.5588234961032867,96
global_sign_pres,chunk_14,143,kl_to_gaussian,0.0,96
global_sign_pres,chunk_14,143,wt_mean,0.0023020966909825503,96
global_sign_pres,chunk_14,144,GR,8.342319479833046,96
global_sign_pres,chunk_14,144,IPC,7.916345337150787,96
global_sign_pres,chunk_14,144,KR,4.6441846924523515,96
global_sign_pres,chunk_14,144,MC,4.725118992229302,96
global_sign_pres,chunk_14,144,cosine_similarity,0.5588234513998032,96
global_sign_pres,chunk_14,144,kl_to_gaussian,0.0,96
global_sign_pres,chunk_14,144,wt_mean,0.002227581222541575,96
global_sign_pres,chunk_14,145,GR,9.990069704751173,96
global_sign_pres,chunk_14,145,IPC,7.750859467882351,96
global_sign_pres,chunk_14,145,KR,5.35723614692688,96
global_sign_pres,chunk_14,145,MC,4.61673413341244,96
global_sign_pres,chunk_14,145,cosine_similarity,0.5588234961032867,96
global_sign_pres,chunk_14,145,kl_to_gaussian,0.0,96
global_sign_pres,chunk_14,145,wt_mean,0.002323238208191425,96
global_sign_pres,chunk_14,146,GR,7.99087430909276,96
global_sign_pres,chunk_14,146,IPC,8.451038306930835,96
global_sign_pres,chunk_14,146,KR,4.378471001982689,96
global_sign_pres,chunk_14,146,MC,4.937878305713336,96
global_sign_pres,chunk_14,146,cosine_similarity,0.5588236451148987,96
global_sign_pres,chunk_14,146,kl_to_gaussian,0.0,96
global_sign_pres,chunk_14,146,wt_mean,0.00227285121218295,96
global_sign_pres,chunk_14,147,GR,8.570884471138319,96
global_sign_pres,chunk_14,147,IPC,8.0064647045139,96
global_sign_pres,chunk_14,147,KR,4.556796491146088,96
global_sign_pres,chunk_14,147,MC,4.609466448426247,96
global_sign_pres,chunk_14,147,cosine_similarity,0.5588237047195435,96
global_sign_pres,chunk_14,147,kl_to_gaussian,0.0,96
global_sign_pres,chunk_14,147,wt_mean,0.0021284154499880497,96
global_sign_pres,chunk_14,148,GR,9.018299050629139,96
global_sign_pres,chunk_14,148,IPC,8.10580721078121,96
global_sign_pres,chunk_14,148,KR,4.949649695307016,96
global_sign_pres,chunk_14,148,MC,4.941999044269323,96
global_sign_pres,chunk_14,148,cosine_similarity,0.5588236302137375,96
global_sign_pres,chunk_14,148,kl_to_gaussian,0.0,96
global_sign_pres,chunk_14,148,wt_mean,0.00219762060442005,96
global_sign_pres,chunk_14,149,GR,8.618173485000929,96
global_sign_pres,chunk_14,149,IPC,8.255489664089215,96
global_sign_pres,chunk_14,149,KR,4.726059762140115,96
global_sign_pres,chunk_14,149,MC,4.838849944372972,96
global_sign_pres,chunk_14,149,cosine_similarity,0.5588235855102539,96
global_sign_pres,chunk_14,149,kl_to_gaussian,0.0,96
global_sign_pres,chunk_14,149,wt_mean,0.0023058617662172,96
global_sign_pres,chunk_15,150,GR,9.123437983294329,96
global_sign_pres,chunk_15,150,IPC,7.748846932872451,96
global_sign_pres,chunk_15,150,KR,4.963075005759795,96
global_sign_pres,chunk_15,150,MC,4.447044872989257,96
global_sign_pres,chunk_15,150,cosine_similarity,0.5588234663009644,96
global_sign_pres,chunk_15,150,kl_to_gaussian,0.0,96
global_sign_pres,chunk_15,150,wt_mean,0.002160357194952625,96
global_sign_pres,chunk_15,151,GR,9.757051780819893,96
global_sign_pres,chunk_15,151,IPC,8.340752855092212,96
global_sign_pres,chunk_15,151,KR,5.298692761609952,96
global_sign_pres,chunk_15,151,MC,4.9649847994248075,96
global_sign_pres,chunk_15,151,cosine_similarity,0.5588235110044479,96
global_sign_pres,chunk_15,151,kl_to_gaussian,0.0,96
global_sign_pres,chunk_15,151,wt_mean,0.002295648620929525,96
global_sign_pres,chunk_15,152,GR,9.324262663722038,96
global_sign_pres,chunk_15,152,IPC,7.990032525792003,96
global_sign_pres,chunk_15,152,KR,4.95283871392409,96
global_sign_pres,chunk_15,152,MC,4.689213460932176,96
global_sign_pres,chunk_15,152,cosine_similarity,0.5588234066963196,96
global_sign_pres,chunk_15,152,kl_to_gaussian,0.0,96
global_sign_pres,chunk_15,152,wt_mean,0.002284902177052525,96
global_sign_pres,chunk_15,153,GR,7.942796852439642,96
global_sign_pres,chunk_15,153,IPC,8.363555047445052,96
global_sign_pres,chunk_15,153,KR,4.286556899547577,96
global_sign_pres,chunk_15,153,MC,4.8619562685489655,96
global_sign_pres,chunk_15,153,cosine_similarity,0.5588233321905136,96
global_sign_pres,chunk_15,153,kl_to_gaussian,0.0,96
global_sign_pres,chunk_15,153,wt_mean,0.00232674501603465,96
global_sign_pres,chunk_15,154,GR,8.528176493942738,96
global_sign_pres,chunk_15,154,IPC,7.779825494647262,96
global_sign_pres,chunk_15,154,KR,4.625848511854808,96
global_sign_pres,chunk_15,154,MC,4.629558872431517,96
global_sign_pres,chunk_15,154,cosine_similarity,0.5588234961032867,96
global_sign_pres,chunk_15,154,kl_to_gaussian,0.0,96
global_sign_pres,chunk_15,154,wt_mean,0.0021286958944983247,96
global_sign_pres,chunk_15,155,GR,11.535071484744549,96
global_sign_pres,chunk_15,155,IPC,8.646056419487257,96
global_sign_pres,chunk_15,155,KR,6.00341538588206,96
global_sign_pres,chunk_15,155,MC,5.150653435538213,96
global_sign_pres,chunk_15,155,cosine_similarity,0.5588236302137375,96
global_sign_pres,chunk_15,155,kl_to_gaussian,0.0,96
global_sign_pres,chunk_15,155,wt_mean,0.002564239461207725,96
global_sign_pres,chunk_15,156,GR,10.6094739412268,96
global_sign_pres,chunk_15,156,IPC,7.940465845671102,96
global_sign_pres,chunk_15,156,KR,5.622247472405434,96
global_sign_pres,chunk_15,156,MC,4.729971128205459,96
global_sign_pres,chunk_15,156,cosine_similarity,0.5588234961032867,96
global_sign_pres,chunk_15,156,kl_to_gaussian,0.0,96
global_sign_pres,chunk_15,156,wt_mean,0.0023139642726164003,96
global_sign_pres,chunk_15,157,GR,7.6931185238063335,96
global_sign_pres,chunk_15,157,IPC,8.391169915782198,96
global_sign_pres,chunk_15,157,KR,4.338550960024198,96
global_sign_pres,chunk_15,157,MC,4.88568136592706,96
global_sign_pres,chunk_15,157,cosine_similarity,0.5588233768939972,96
global_sign_pres,chunk_15,157,kl_to_gaussian,0.0,96
global_sign_pres,chunk_15,157,wt_mean,0.0021795532666146248,96
global_sign_pres,chunk_15,158,GR,9.877910820146402,96
global_sign_pres,chunk_15,158,IPC,7.7746776052372,96
global_sign_pres,chunk_15,158,KR,5.297367883225282,96
global_sign_pres,chunk_15,158,MC,4.564486405501763,96
global_sign_pres,chunk_15,158,cosine_similarity,0.5588234663009644,96
global_sign_pres,chunk_15,158,kl_to_gaussian,0.0,96
global_sign_pres,chunk_15,158,wt_mean,0.002380758902290775,96
global_sign_pres,chunk_15,159,GR,8.404070091744265,96
global_sign_pres,chunk_15,159,IPC,8.543777332552263,96
global_sign_pres,chunk_15,159,KR,4.611548033853372,96
global_sign_pres,chunk_15,159,MC,4.9278584358592825,96
global_sign_pres,chunk_15,159,cosine_similarity,0.5588235259056091,96
global_sign_pres,chunk_15,159,kl_to_gaussian,0.0,96
global_sign_pres,chunk_15,159,wt_mean,0.002327189897187025,96
global_sign_pres,chunk_16,160,GR,9.971490735809008,96
global_sign_pres,chunk_16,160,IPC,8.459047751009265,96
global_sign_pres,chunk_16,160,KR,5.198028727124135,96
global_sign_pres,chunk_16,160,MC,5.025804499785106,96
global_sign_pres,chunk_16,160,cosine_similarity,0.5588235110044479,96
global_sign_pres,chunk_16,160,kl_to_gaussian,0.0,96
global_sign_pres,chunk_16,160,wt_mean,0.002459339768392925,96
global_sign_pres,chunk_16,161,GR,10.295194076995054,96
global_sign_pres,chunk_16,161,IPC,8.011150940367033,96
global_sign_pres,chunk_16,161,KR,5.5364276220401125,96
global_sign_pres,chunk_16,161,MC,4.860999029129744,96
global_sign_pres,chunk_16,161,cosine_similarity,0.5588236600160599,96
global_sign_pres,chunk_16,161,kl_to_gaussian,0.0,96
global_sign_pres,chunk_16,161,wt_mean,0.0023900150554254248,96
global_sign_pres,chunk_16,162,GR,8.850550817946592,96
global_sign_pres,chunk_16,162,IPC,8.020560151950635,96
global_sign_pres,chunk_16,162,KR,4.902953900396824,96
global_sign_pres,chunk_16,162,MC,4.620683288822572,96
global_sign_pres,chunk_16,162,cosine_similarity,0.5588237047195435,96
global_sign_pres,chunk_16,162,kl_to_gaussian,0.0,96
global_sign_pres,chunk_16,162,wt_mean,0.0021734359906986,96
global_sign_pres,chunk_16,163,GR,10.405781596899033,96
global_sign_pres,chunk_16,163,IPC,7.997624141331943,96
global_sign_pres,chunk_16,163,KR,5.716486923396587,96
global_sign_pres,chunk_16,163,MC,4.564924977719784,96
global_sign_pres,chunk_16,163,cosine_similarity,0.558823436498642,96
global_sign_pres,chunk_16,163,kl_to_gaussian,0.0,96
global_sign_pres,chunk_16,163,wt_mean,0.0023542021808679752,96
global_sign_pres,chunk_16,164,GR,7.358608193695545,96
global_sign_pres,chunk_16,164,IPC,8.119759146913829,96
global_sign_pres,chunk_16,164,KR,4.021774445970853,96
global_sign_pres,chunk_16,164,MC,4.459222772469123,96
global_sign_pres,chunk_16,164,cosine_similarity,0.5588234215974808,96
global_sign_pres,chunk_16,164,kl_to_gaussian,0.0,96
global_sign_pres,chunk_16,164,wt_mean,0.002155227935872925,96
global_sign_pres,chunk_16,165,GR,9.728401124477386,96
global_sign_pres,chunk_16,165,IPC,7.9471161711110545,96
global_sign_pres,chunk_16,165,KR,5.271777311960856,96
global_sign_pres,chunk_16,165,MC,4.890342163542907,96
global_sign_pres,chunk_16,165,cosine_similarity,0.5588235408067703,96
global_sign_pres,chunk_16,165,kl_to_gaussian,0.0,96
global_sign_pres,chunk_16,165,wt_mean,0.0022519822523463,96
global_sign_pres,chunk_16,166,GR,10.682496984799704,96
global_sign_pres,chunk_16,166,IPC,7.868386950038396,96
global_sign_pres,chunk_16,166,KR,5.666190144916375,96
global_sign_pres,chunk_16,166,MC,4.784668025871118,96
global_sign_pres,chunk_16,166,cosine_similarity,0.5588234663009644,96
global_sign_pres,chunk_16,166,kl_to_gaussian,0.0,96
global_sign_pres,chunk_16,166,wt_mean,0.002275847306009325,96
global_sign_pres,chunk_16,167,GR,8.453409550090631,96
global_sign_pres,chunk_16,167,IPC,8.05256903908512,96
global_sign_pres,chunk_16,167,KR,4.592667485276858,96
global_sign_pres,chunk_16,167,MC,4.846751940126221,96
global_sign_pres,chunk_16,167,cosine_similarity,0.5588235110044479,96
global_sign_pres,chunk_16,167,kl_to_gaussian,0.0,96
global_sign_pres,chunk_16,167,wt_mean,0.002289998752530625,96
global_sign_pres,chunk_16,168,GR,8.976276211440563,96
global_sign_pres,chunk_16,168,IPC,8.290023331123546,96
global_sign_pres,chunk_16,168,KR,4.7165412691732245,96
global_sign_pres,chunk_16,168,MC,4.802700312187274,96
global_sign_pres,chunk_16,168,cosine_similarity,0.5588235110044479,96
global_sign_pres,chunk_16,168,kl_to_gaussian,0.0,96
global_sign_pres,chunk_16,168,wt_mean,0.0022996739717199752,96
global_sign_pres,chunk_16,169,GR,7.617857088645299,96
global_sign_pres,chunk_16,169,IPC,8.242130659729131,96
global_sign_pres,chunk_16,169,KR,4.223131732394298,96
global_sign_pres,chunk_16,169,MC,4.811666257679462,96
global_sign_pres,chunk_16,169,cosine_similarity,0.5588235706090927,96
global_sign_pres,chunk_16,169,kl_to_gaussian,0.0,96
global_sign_pres,chunk_16,169,wt_mean,0.002251191181130675,96
global_sign_pres,chunk_17,170,GR,9.176258201400438,96
global_sign_pres,chunk_17,170,IPC,8.490093434502663,96
global_sign_pres,chunk_17,170,KR,4.9683261687556906,96
global_sign_pres,chunk_17,170,MC,4.9276899347702665,96
global_sign_pres,chunk_17,170,cosine_similarity,0.5588233172893524,96
global_sign_pres,chunk_17,170,kl_to_gaussian,0.0,96
global_sign_pres,chunk_17,170,wt_mean,0.0023702989856246,96
global_sign_pres,chunk_17,171,GR,9.261658050119877,96
global_sign_pres,chunk_17,171,IPC,7.850975395534438,96
global_sign_pres,chunk_17,171,KR,5.057599097490311,96
global_sign_pres,chunk_17,171,MC,4.625679232180119,96
global_sign_pres,chunk_17,171,cosine_similarity,0.558823436498642,96
global_sign_pres,chunk_17,171,kl_to_gaussian,0.0,96
global_sign_pres,chunk_17,171,wt_mean,0.0021529034711420003,96
global_sign_pres,chunk_17,172,GR,8.858610880871614,96
global_sign_pres,chunk_17,172,IPC,7.678366073391895,96
global_sign_pres,chunk_17,172,KR,4.915748501817386,96
global_sign_pres,chunk_17,172,MC,4.4847058939437074,96
global_sign_pres,chunk_17,172,cosine_similarity,0.5588235706090927,96
global_sign_pres,chunk_17,172,kl_to_gaussian,0.0,96
global_sign_pres,chunk_17,172,wt_mean,0.002177722577471225,96
global_sign_pres,chunk_17,173,GR,8.766591927657524,96
global_sign_pres,chunk_17,173,IPC,8.844381886572743,96
global_sign_pres,chunk_17,173,KR,4.742274596045415,96
global_sign_pres,chunk_17,173,MC,4.969442506631215,96
global_sign_pres,chunk_17,173,cosine_similarity,0.5588235110044479,96
global_sign_pres,chunk_17,173,kl_to_gaussian,0.0,96
global_sign_pres,chunk_17,173,wt_mean,0.0023110391630325002,96
global_sign_pres,chunk_17,174,GR,8.804164374868074,96
global_sign_pres,chunk_17,174,IPC,8.091845552556364,96
global_sign_pres,chunk_17,174,KR,4.808447437981765,96
global_sign_pres,chunk_17,174,MC,4.835017589231332,96
global_sign_pres,chunk_17,174,cosine_similarity,0.5588234663009644,96
global_sign_pres,chunk_17,174,kl_to_gaussian,0.0,96
global_sign_pres,chunk_17,174,wt_mean,0.002212510007666375,96
global_sign_pres,chunk_17,175,GR,10.692123795549074,96
global_sign_pres,chunk_17,175,IPC,7.440471439494459,96
global_sign_pres,chunk_17,175,KR,5.579307903846105,96
global_sign_pres,chunk_17,175,MC,4.346778164307277,96
global_sign_pres,chunk_17,175,cosine_similarity,0.5588235706090927,96
global_sign_pres,chunk_17,175,kl_to_gaussian,0.0,96
global_sign_pres,chunk_17,175,wt_mean,0.0022809749934821753,96
global_sign_pres,chunk_17,176,GR,7.941661881903808,96
global_sign_pres,chunk_17,176,IPC,7.912521778410398,96
global_sign_pres,chunk_17,176,KR,4.38205436244607,96
global_sign_pres,chunk_17,176,MC,4.598370303710301,96
global_sign_pres,chunk_17,176,cosine_similarity,0.5588235557079315,96
global_sign_pres,chunk_17,176,kl_to_gaussian,0.0,96
global_sign_pres,chunk_17,176,wt_mean,0.00230081402696665,96
global_sign_pres,chunk_17,177,GR,9.882760430375734,96
global_sign_pres,chunk_17,177,IPC,7.184736247698642,96
global_sign_pres,chunk_17,177,KR,5.438455390433471,96
global_sign_pres,chunk_17,177,MC,4.438527957846721,96
global_sign_pres,chunk_17,177,cosine_similarity,0.5588235855102539,96
global_sign_pres,chunk_17,177,kl_to_gaussian,0.0,96
global_sign_pres,chunk_17,177,wt_mean,0.002282840228872325,96
global_sign_pres,chunk_17,178,GR,8.240610397110382,96
global_sign_pres,chunk_17,178,IPC,8.321970051417741,96
global_sign_pres,chunk_17,178,KR,4.381240886946519,96
global_sign_pres,chunk_17,178,MC,4.627719337741534,96
global_sign_pres,chunk_17,178,cosine_similarity,0.5588234663009644,96
global_sign_pres,chunk_17,178,kl_to_gaussian,0.0,96
global_sign_pres,chunk_17,178,wt_mean,0.00225787717499765,96
global_sign_pres,chunk_17,179,GR,9.320661398271719,96
global_sign_pres,chunk_17,179,IPC,8.346868883998875,96
global_sign_pres,chunk_17,179,KR,4.918991738309463,96
global_sign_pres,chunk_17,179,MC,4.971288189291954,96
global_sign_pres,chunk_17,179,cosine_similarity,0.5588235110044479,96
global_sign_pres,chunk_17,179,kl_to_gaussian,0.0,96
global_sign_pres,chunk_17,179,wt_mean,0.0023888603027443747,96
global_sign_pres,chunk_18,180,GR,7.282399947444598,96
global_sign_pres,chunk_18,180,IPC,8.270449254023797,96
global_sign_pres,chunk_18,180,KR,4.100746853897969,96
global_sign_pres,chunk_18,180,MC,4.8076460634668665,96
global_sign_pres,chunk_18,180,cosine_similarity,0.5588234663009644,96
global_sign_pres,chunk_18,180,kl_to_gaussian,0.0,96
global_sign_pres,chunk_18,180,wt_mean,0.0022140436340123003,96
global_sign_pres,chunk_18,181,GR,9.025462061166763,96
global_sign_pres,chunk_18,181,IPC,8.193698746164126,96
global_sign_pres,chunk_18,181,KR,4.586422412345807,96
global_sign_pres,chunk_18,181,MC,4.634067482004563,96
global_sign_pres,chunk_18,181,cosine_similarity,0.5588234663009644,96
global_sign_pres,chunk_18,181,kl_to_gaussian,0.0,96
global_sign_pres,chunk_18,181,wt_mean,0.002278524247230925,96
global_sign_pres,chunk_18,182,GR,7.910616971552372,96
global_sign_pres,chunk_18,182,IPC,8.616657254999629,96
global_sign_pres,chunk_18,182,KR,4.340200039247672,96
global_sign_pres,chunk_18,182,MC,4.865852239231269,96
global_sign_pres,chunk_18,182,cosine_similarity,0.5588235408067703,96
global_sign_pres,chunk_18,182,kl_to_gaussian,0.0,96
global_sign_pres,chunk_18,182,wt_mean,0.0022340922150760503,96
global_sign_pres,chunk_18,183,GR,8.063906401395798,96
global_sign_pres,chunk_18,183,IPC,7.706602448641003,96
global_sign_pres,chunk_18,183,KR,4.474402309705813,96
global_sign_pres,chunk_18,183,MC,4.494782185181975,96
global_sign_pres,chunk_18,183,cosine_similarity,0.5588235110044479,96
global_sign_pres,chunk_18,183,kl_to_gaussian,0.0,96
global_sign_pres,chunk_18,183,wt_mean,0.00207025781855915,96
global_sign_pres,chunk_18,184,GR,10.459193418423334,96
global_sign_pres,chunk_18,184,IPC,7.209554124714067,96
global_sign_pres,chunk_18,184,KR,5.533925399184227,96
global_sign_pres,chunk_18,184,MC,4.444505127767722,96
global_sign_pres,chunk_18,184,cosine_similarity,0.558823436498642,96
global_sign_pres,chunk_18,184,kl_to_gaussian,0.0,96
global_sign_pres,chunk_18,184,wt_mean,0.0022379563306457752,96
global_sign_pres,chunk_18,185,GR,8.753299017747244,96
global_sign_pres,chunk_18,185,IPC,8.303204322028591,96
global_sign_pres,chunk_18,185,KR,4.6274071497221785,96
global_sign_pres,chunk_18,185,MC,4.746235291163127,96
global_sign_pres,chunk_18,185,cosine_similarity,0.5588233470916748,96
global_sign_pres,chunk_18,185,kl_to_gaussian,0.0,96
global_sign_pres,chunk_18,185,wt_mean,0.0022385535703505753,96
global_sign_pres,chunk_18,186,GR,9.153313855330149,96
global_sign_pres,chunk_18,186,IPC,7.851550372106757,96
global_sign_pres,chunk_18,186,KR,5.070740684866905,96
global_sign_pres,chunk_18,186,MC,4.646301841984193,96
global_sign_pres,chunk_18,186,cosine_similarity,0.5588234663009644,96
global_sign_pres,chunk_18,186,kl_to_gaussian,0.0,96
global_sign_pres,chunk_18,186,wt_mean,0.00221077763126225,96
global_sign_pres,chunk_18,187,GR,8.016080935796102,96
global_sign_pres,chunk_18,187,IPC,7.931561920830691,96
global_sign_pres,chunk_18,187,KR,4.335615687072277,96
global_sign_pres,chunk_18,187,MC,4.460589894404014,96
global_sign_pres,chunk_18,187,cosine_similarity,0.558823436498642,96
global_sign_pres,chunk_18,187,kl_to_gaussian,0.0,96
global_sign_pres,chunk_18,187,wt_mean,0.0021501866285688503,96
global_sign_pres,chunk_18,188,GR,7.870252583175898,96
global_sign_pres,chunk_18,188,IPC,7.602163648804596,96
global_sign_pres,chunk_18,188,KR,4.427811777840058,96
global_sign_pres,chunk_18,188,MC,4.41532298674186,96
global_sign_pres,chunk_18,188,cosine_similarity,0.558823436498642,96
global_sign_pres,chunk_18,188,kl_to_gaussian,0.0,96
global_sign_pres,chunk_18,188,wt_mean,0.0021680971840396,96
global_sign_pres,chunk_18,189,GR,8.88300396874547,96
global_sign_pres,chunk_18,189,IPC,8.23001564494197,96
global_sign_pres,chunk_18,189,KR,4.805144567042589,96
global_sign_pres,chunk_18,189,MC,5.044554787377517,96
global_sign_pres,chunk_18,189,cosine_similarity,0.558823436498642,96
global_sign_pres,chunk_18,189,kl_to_gaussian,0.0,96
global_sign_pres,chunk_18,189,wt_mean,0.0023539557296316503,96
global_sign_pres,chunk_19,190,GR,9.509306848049164,96
global_sign_pres,chunk_19,190,IPC,8.373829696629238,96
global_sign_pres,chunk_19,190,KR,5.102042606721322,96
global_sign_pres,chunk_19,190,MC,4.772357889761527,96
global_sign_pres,chunk_19,190,cosine_similarity,0.5588234215974808,96
global_sign_pres,chunk_19,190,kl_to_gaussian,0.0,96
global_sign_pres,chunk_19,190,wt_mean,0.0023067110159899497,96
global_sign_pres,chunk_19,191,GR,8.995784519861141,96
global_sign_pres,chunk_19,191,IPC,8.098244887257918,96
global_sign_pres,chunk_19,191,KR,4.673512503504753,96
global_sign_pres,chunk_19,191,MC,4.435464513798554,96
global_sign_pres,chunk_19,191,cosine_similarity,0.5588234513998032,96
global_sign_pres,chunk_19,191,kl_to_gaussian,0.0,96
global_sign_pres,chunk_19,191,wt_mean,0.002313256700290325,96
global_sign_pres,chunk_19,192,GR,8.519505882014831,96
global_sign_pres,chunk_19,192,IPC,8.196565969262858,96
global_sign_pres,chunk_19,192,KR,4.493643776824077,96
global_sign_pres,chunk_19,192,MC,4.694900766015053,96
global_sign_pres,chunk_19,192,cosine_similarity,0.558823361992836,96
global_sign_pres,chunk_19,192,kl_to_gaussian,0.0,96
global_sign_pres,chunk_19,192,wt_mean,0.002172310603782475,96
global_sign_pres,chunk_19,193,GR,9.454760765035948,96
global_sign_pres,chunk_19,193,IPC,8.166291902957271,96
global_sign_pres,chunk_19,193,KR,5.097954623401165,96
global_sign_pres,chunk_19,193,MC,4.71207550726831,96
global_sign_pres,chunk_19,193,cosine_similarity,0.5588235855102539,96
global_sign_pres,chunk_19,193,kl_to_gaussian,0.0,96
global_sign_pres,chunk_19,193,wt_mean,0.0024363589764106503,96
global_sign_pres,chunk_19,194,GR,9.216842899719873,96
global_sign_pres,chunk_19,194,IPC,8.216443258986738,96
global_sign_pres,chunk_19,194,KR,4.970071945339441,96
global_sign_pres,chunk_19,194,MC,4.68641522154212,96
global_sign_pres,chunk_19,194,cosine_similarity,0.5588237196207047,96
global_sign_pres,chunk_19,194,kl_to_gaussian,0.0,96
global_sign_pres,chunk_19,194,wt_mean,0.002287722949404225,96
global_sign_pres,chunk_19,195,GR,7.785617299377918,96
global_sign_pres,chunk_19,195,IPC,8.184348726259783,96
global_sign_pres,chunk_19,195,KR,4.31018553674221,96
global_sign_pres,chunk_19,195,MC,4.648821536451578,96
global_sign_pres,chunk_19,195,cosine_similarity,0.5588236153125763,96
global_sign_pres,chunk_19,195,kl_to_gaussian,0.0,96
global_sign_pres,chunk_19,195,wt_mean,0.0022379762958734998,96
global_sign_pres,chunk_19,196,GR,9.800405338406563,96
global_sign_pres,chunk_19,196,IPC,7.295122588253353,96
global_sign_pres,chunk_19,196,KR,5.379084681471189,96
global_sign_pres,chunk_19,196,MC,4.622329213966926,96
global_sign_pres,chunk_19,196,cosine_similarity,0.5588237047195435,96
global_sign_pres,chunk_19,196,kl_to_gaussian,0.0,96
global_sign_pres,chunk_19,196,wt_mean,0.002294735342729775,96
global_sign_pres,chunk_19,197,GR,10.641291427115599,96
global_sign_pres,chunk_19,197,IPC,8.901738196187292,96
global_sign_pres,chunk_19,197,KR,5.406108940641086,96
global_sign_pres,chunk_19,197,MC,5.18215570350488,96
global_sign_pres,chunk_19,197,cosine_similarity,0.5588233768939972,96
global_sign_pres,chunk_19,197,kl_to_gaussian,0.0,96
global_sign_pres,chunk_19,197,wt_mean,0.002346971770748425,96
global_sign_pres,chunk_19,198,GR,11.704660455385843,96
global_sign_pres,chunk_19,198,IPC,8.247273788767595,96
global_sign_pres,chunk_19,198,KR,6.075266197323799,96
global_sign_pres,chunk_19,198,MC,4.871297461291154,96
global_sign_pres,chunk_19,198,cosine_similarity,0.5588234961032867,96
global_sign_pres,chunk_19,198,kl_to_gaussian,0.0,96
global_sign_pres,chunk_19,198,wt_mean,0.0024373461492359,96
global_sign_pres,chunk_19,199,GR,8.474021757642427,96
global_sign_pres,chunk_19,199,IPC,8.095102837262969,96
global_sign_pres,chunk_19,199,KR,4.497226191063722,96
global_sign_pres,chunk_19,199,MC,4.637041735152404,96
global_sign_pres,chunk_19,199,cosine_similarity,0.5588237047195435,96
global_sign_pres,chunk_19,199,kl_to_gaussian,0.0,96
global_sign_pres,chunk_19,199,wt_mean,0.0022674711945000503,96
global_sign_pres,chunk_2,20,GR,9.139444890121618,96
global_sign_pres,chunk_2,20,IPC,9.19171483899072,96
global_sign_pres,chunk_2,20,KR,4.83408238987128,96
global_sign_pres,chunk_2,20,MC,4.936214453230302,96
global_sign_pres,chunk_2,20,cosine_similarity,0.5588236749172211,96
global_sign_pres,chunk_2,20,kl_to_gaussian,0.0,96
global_sign_pres,chunk_2,20,wt_mean,0.0022097747714723503,96
global_sign_pres,chunk_2,21,GR,8.43922340621551,96
global_sign_pres,chunk_2,21,IPC,8.75094115669292,96
global_sign_pres,chunk_2,21,KR,4.532640393823385,96
global_sign_pres,chunk_2,21,MC,4.854527324438095,96
global_sign_pres,chunk_2,21,cosine_similarity,0.5588235110044479,96
global_sign_pres,chunk_2,21,kl_to_gaussian,0.0,96
global_sign_pres,chunk_2,21,wt_mean,0.0022914612782187252,96
global_sign_pres,chunk_2,22,GR,7.779795495172341,96
global_sign_pres,chunk_2,22,IPC,9.450158700619317,96
global_sign_pres,chunk_2,22,KR,4.3291492486993475,96
global_sign_pres,chunk_2,22,MC,5.124563253174226,96
global_sign_pres,chunk_2,22,cosine_similarity,0.5588237047195435,96
global_sign_pres,chunk_2,22,kl_to_gaussian,0.0,96
global_sign_pres,chunk_2,22,wt_mean,0.0022732934739906,96
global_sign_pres,chunk_2,23,GR,7.696788592884938,96
global_sign_pres,chunk_2,23,IPC,9.777645856927808,96
global_sign_pres,chunk_2,23,KR,4.24862863868475,96
global_sign_pres,chunk_2,23,MC,5.344420413176219,96
global_sign_pres,chunk_2,23,cosine_similarity,0.5588236451148987,96
global_sign_pres,chunk_2,23,kl_to_gaussian,0.0,96
global_sign_pres,chunk_2,23,wt_mean,0.002200168120907575,96
global_sign_pres,chunk_2,24,GR,9.545376025140285,96
global_sign_pres,chunk_2,24,IPC,8.949933577949343,96
global_sign_pres,chunk_2,24,KR,5.081698086112738,96
global_sign_pres,chunk_2,24,MC,5.048511014630397,96
global_sign_pres,chunk_2,24,cosine_similarity,0.5588237196207047,96
global_sign_pres,chunk_2,24,kl_to_gaussian,0.0,96
global_sign_pres,chunk_2,24,wt_mean,0.002313565229997,96
global_sign_pres,chunk_2,25,GR,9.098566343386969,96
global_sign_pres,chunk_2,25,IPC,9.03028159650855,96
global_sign_pres,chunk_2,25,KR,4.949157462765773,96
global_sign_pres,chunk_2,25,MC,5.05806224544843,96
global_sign_pres,chunk_2,25,cosine_similarity,0.5588237643241882,96
global_sign_pres,chunk_2,25,kl_to_gaussian,0.0,96
global_sign_pres,chunk_2,25,wt_mean,0.0022673832136206,96
global_sign_pres,chunk_2,26,GR,8.635338130096594,96
global_sign_pres,chunk_2,26,IPC,9.039816315647846,96
global_sign_pres,chunk_2,26,KR,4.68215415875117,96
global_sign_pres,chunk_2,26,MC,4.852236547817786,96
global_sign_pres,chunk_2,26,cosine_similarity,0.5588236153125763,96
global_sign_pres,chunk_2,26,kl_to_gaussian,0.0,96
global_sign_pres,chunk_2,26,wt_mean,0.0021981771860737002,96
global_sign_pres,chunk_2,27,GR,8.528760692725578,96
global_sign_pres,chunk_2,27,IPC,8.601307266076606,96
global_sign_pres,chunk_2,27,KR,4.576250866055489,96
global_sign_pres,chunk_2,27,MC,4.791813546170791,96
global_sign_pres,chunk_2,27,cosine_similarity,0.5588236153125763,96
global_sign_pres,chunk_2,27,kl_to_gaussian,0.0,96
global_sign_pres,chunk_2,27,wt_mean,0.00222887427662495,96
global_sign_pres,chunk_2,28,GR,9.203906760861477,96
global_sign_pres,chunk_2,28,IPC,9.347837339021831,96
global_sign_pres,chunk_2,28,KR,4.994533812006314,96
global_sign_pres,chunk_2,28,MC,5.235569612433513,96
global_sign_pres,chunk_2,28,cosine_similarity,0.5588233768939972,96
global_sign_pres,chunk_2,28,kl_to_gaussian,0.0,96
global_sign_pres,chunk_2,28,wt_mean,0.002391779649769825,96
global_sign_pres,chunk_2,29,GR,8.065433128426472,96
global_sign_pres,chunk_2,29,IPC,8.387310942607124,96
global_sign_pres,chunk_2,29,KR,4.31020591283838,96
global_sign_pres,chunk_2,29,MC,4.715254612267017,96
global_sign_pres,chunk_2,29,cosine_similarity,0.5588233321905136,96
global_sign_pres,chunk_2,29,kl_to_gaussian,0.0,96
global_sign_pres,chunk_2,29,wt_mean,0.002206331031629775,96
global_sign_pres,chunk_3,30,GR,7.053703291962544,96
global_sign_pres,chunk_3,30,IPC,8.97481473879792,96
global_sign_pres,chunk_3,30,KR,3.927951268851757,96
global_sign_pres,chunk_3,30,MC,4.8288919143378735,96
global_sign_pres,chunk_3,30,cosine_similarity,0.5588234961032867,96
global_sign_pres,chunk_3,30,kl_to_gaussian,0.0,96
global_sign_pres,chunk_3,30,wt_mean,0.0021447247418109002,96
global_sign_pres,chunk_3,31,GR,8.138149240364632,96
global_sign_pres,chunk_3,31,IPC,9.75775185131368,96
global_sign_pres,chunk_3,31,KR,4.349076795081298,96
global_sign_pres,chunk_3,31,MC,5.462313465774059,96
global_sign_pres,chunk_3,31,cosine_similarity,0.5588235110044479,96
global_sign_pres,chunk_3,31,kl_to_gaussian,0.0,96
global_sign_pres,chunk_3,31,wt_mean,0.002330254326807275,96
global_sign_pres,chunk_3,32,GR,9.376967412730059,96
global_sign_pres,chunk_3,32,IPC,9.196522622927386,96
global_sign_pres,chunk_3,32,KR,5.155644891162713,96
global_sign_pres,chunk_3,32,MC,5.316739372909069,96
global_sign_pres,chunk_3,32,cosine_similarity,0.5588233768939972,96
global_sign_pres,chunk_3,32,kl_to_gaussian,0.0,96
global_sign_pres,chunk_3,32,wt_mean,0.00227196241030465,96
global_sign_pres,chunk_3,33,GR,9.158412903547287,96
global_sign_pres,chunk_3,33,IPC,9.247089998193042,96
global_sign_pres,chunk_3,33,KR,4.946454235663016,96
global_sign_pres,chunk_3,33,MC,5.224641696860393,96
global_sign_pres,chunk_3,33,cosine_similarity,0.5588236302137375,96
global_sign_pres,chunk_3,33,kl_to_gaussian,0.0,96
global_sign_pres,chunk_3,33,wt_mean,0.002222698443802,96
global_sign_pres,chunk_3,34,GR,9.056684281677008,96
global_sign_pres,chunk_3,34,IPC,8.714569888777694,96
global_sign_pres,chunk_3,34,KR,4.7589320701857405,96
global_sign_pres,chunk_3,34,MC,5.13401339451472,96
global_sign_pres,chunk_3,34,cosine_similarity,0.5588235259056091,96
global_sign_pres,chunk_3,34,kl_to_gaussian,0.0,96
global_sign_pres,chunk_3,34,wt_mean,0.00226423071580935,96
global_sign_pres,chunk_3,35,GR,8.959930951396624,96
global_sign_pres,chunk_3,35,IPC,9.418918235791645,96
global_sign_pres,chunk_3,35,KR,4.818249527364969,96
global_sign_pres,chunk_3,35,MC,5.280458942055702,96
global_sign_pres,chunk_3,35,cosine_similarity,0.5588237345218658,96
global_sign_pres,chunk_3,35,kl_to_gaussian,0.0,96
global_sign_pres,chunk_3,35,wt_mean,0.00238074272056105,96
global_sign_pres,chunk_3,36,GR,8.074264854192734,96
global_sign_pres,chunk_3,36,IPC,8.752668394851575,96
global_sign_pres,chunk_3,36,KR,4.439033035188913,96
global_sign_pres,chunk_3,36,MC,4.962010165055593,96
global_sign_pres,chunk_3,36,cosine_similarity,0.5588234663009644,96
global_sign_pres,chunk_3,36,kl_to_gaussian,0.0,96
global_sign_pres,chunk_3,36,wt_mean,0.0021631189447361503,96
global_sign_pres,chunk_3,37,GR,8.016051868597666,96
global_sign_pres,chunk_3,37,IPC,9.51956909382334,96
global_sign_pres,chunk_3,37,KR,4.413384694606066,96
global_sign_pres,chunk_3,37,MC,5.069606011112531,96
global_sign_pres,chunk_3,37,cosine_similarity,0.5588236600160599,96
global_sign_pres,chunk_3,37,kl_to_gaussian,0.0,96
global_sign_pres,chunk_3,37,wt_mean,0.00219458664651025,96
global_sign_pres,chunk_3,38,GR,8.173514949778715,96
global_sign_pres,chunk_3,38,IPC,9.025771851055216,96
global_sign_pres,chunk_3,38,KR,4.456652419020732,96
global_sign_pres,chunk_3,38,MC,4.8272444022198515,96
global_sign_pres,chunk_3,38,cosine_similarity,0.5588236004114151,96
global_sign_pres,chunk_3,38,kl_to_gaussian,0.0,96
global_sign_pres,chunk_3,38,wt_mean,0.002242629008833275,96
global_sign_pres,chunk_3,39,GR,9.434835915764173,96
global_sign_pres,chunk_3,39,IPC,8.673702789364249,96
global_sign_pres,chunk_3,39,KR,5.005622252821922,96
global_sign_pres,chunk_3,39,MC,5.099111261467139,96
global_sign_pres,chunk_3,39,cosine_similarity,0.5588235110044479,96
global_sign_pres,chunk_3,39,kl_to_gaussian,0.0,96
global_sign_pres,chunk_3,39,wt_mean,0.002265415416331925,96
global_sign_pres,chunk_4,40,GR,9.68160996089379,96
global_sign_pres,chunk_4,40,IPC,8.556256656594817,96
global_sign_pres,chunk_4,40,KR,5.203933281203111,96
global_sign_pres,chunk_4,40,MC,4.718235861510038,96
global_sign_pres,chunk_4,40,cosine_similarity,0.5588236153125763,96
global_sign_pres,chunk_4,40,kl_to_gaussian,0.0,96
global_sign_pres,chunk_4,40,wt_mean,0.00221643381519235,96
global_sign_pres,chunk_4,41,GR,8.601169115553299,96
global_sign_pres,chunk_4,41,IPC,9.649939603260632,96
global_sign_pres,chunk_4,41,KR,4.534301641086738,96
global_sign_pres,chunk_4,41,MC,5.3040644737581415,96
global_sign_pres,chunk_4,41,cosine_similarity,0.5588237196207047,96
global_sign_pres,chunk_4,41,kl_to_gaussian,0.0,96
global_sign_pres,chunk_4,41,wt_mean,0.0023744133941363253,96
global_sign_pres,chunk_4,42,GR,9.666659077008566,96
global_sign_pres,chunk_4,42,IPC,8.872930387988374,96
global_sign_pres,chunk_4,42,KR,5.3697682445247965,96
global_sign_pres,chunk_4,42,MC,5.097420594344537,96
global_sign_pres,chunk_4,42,cosine_similarity,0.5588235110044479,96
global_sign_pres,chunk_4,42,kl_to_gaussian,0.0,96
global_sign_pres,chunk_4,42,wt_mean,0.0021694019378628248,96
global_sign_pres,chunk_4,43,GR,9.022276590267817,96
global_sign_pres,chunk_4,43,IPC,8.071965145306683,96
global_sign_pres,chunk_4,43,KR,4.987744954725106,96
global_sign_pres,chunk_4,43,MC,4.724277389546235,96
global_sign_pres,chunk_4,43,cosine_similarity,0.5588233470916748,96
global_sign_pres,chunk_4,43,kl_to_gaussian,0.0,96
global_sign_pres,chunk_4,43,wt_mean,0.0022098832414485,96
global_sign_pres,chunk_4,44,GR,8.97566632553935,96
global_sign_pres,chunk_4,44,IPC,9.45941723964718,96
global_sign_pres,chunk_4,44,KR,4.866585397471984,96
global_sign_pres,chunk_4,44,MC,5.420957391460736,96
global_sign_pres,chunk_4,44,cosine_similarity,0.5588235557079315,96
global_sign_pres,chunk_4,44,kl_to_gaussian,0.0,96
global_sign_pres,chunk_4,44,wt_mean,0.002404076367383775,96
global_sign_pres,chunk_4,45,GR,9.047415306170782,96
global_sign_pres,chunk_4,45,IPC,8.892034089426756,96
global_sign_pres,chunk_4,45,KR,4.944819071640571,96
global_sign_pres,chunk_4,45,MC,5.151734081407388,96
global_sign_pres,chunk_4,45,cosine_similarity,0.5588233917951584,96
global_sign_pres,chunk_4,45,kl_to_gaussian,0.0,96
global_sign_pres,chunk_4,45,wt_mean,0.0022244130377657247,96
global_sign_pres,chunk_4,46,GR,8.246944162994623,96
global_sign_pres,chunk_4,46,IPC,8.794938966388061,96
global_sign_pres,chunk_4,46,KR,4.564853170265754,96
global_sign_pres,chunk_4,46,MC,5.130554437637329,96
global_sign_pres,chunk_4,46,cosine_similarity,0.5588236004114151,96
global_sign_pres,chunk_4,46,kl_to_gaussian,0.0,96
global_sign_pres,chunk_4,46,wt_mean,0.0021363294217735,96
global_sign_pres,chunk_4,47,GR,7.782756209373474,96
global_sign_pres,chunk_4,47,IPC,8.619796220701243,96
global_sign_pres,chunk_4,47,KR,4.29571261877815,96
global_sign_pres,chunk_4,47,MC,4.836678913484017,96
global_sign_pres,chunk_4,47,cosine_similarity,0.5588236749172211,96
global_sign_pres,chunk_4,47,kl_to_gaussian,0.0,96
global_sign_pres,chunk_4,47,wt_mean,0.002118619653629075,96
global_sign_pres,chunk_4,48,GR,9.835591661433378,96
global_sign_pres,chunk_4,48,IPC,9.659380562803259,96
global_sign_pres,chunk_4,48,KR,5.392090251048406,96
global_sign_pres,chunk_4,48,MC,5.561843670904636,96
global_sign_pres,chunk_4,48,cosine_similarity,0.5588235110044479,96
global_sign_pres,chunk_4,48,kl_to_gaussian,0.0,96
global_sign_pres,chunk_4,48,wt_mean,0.0024479348212480003,96
global_sign_pres,chunk_4,49,GR,9.308705317477385,96
global_sign_pres,chunk_4,49,IPC,9.54312677176556,96
global_sign_pres,chunk_4,49,KR,5.053205829113722,96
global_sign_pres,chunk_4,49,MC,5.466423523922761,96
global_sign_pres,chunk_4,49,cosine_similarity,0.5588236004114151,96
global_sign_pres,chunk_4,49,kl_to_gaussian,0.0,96
global_sign_pres,chunk_4,49,wt_mean,0.0023174173838924252,96
global_sign_pres,chunk_5,50,GR,8.399770273516575,96
global_sign_pres,chunk_5,50,IPC,9.057829391303523,96
global_sign_pres,chunk_5,50,KR,4.670793714622657,96
global_sign_pres,chunk_5,50,MC,5.1822476871311665,96
global_sign_pres,chunk_5,50,cosine_similarity,0.5588236451148987,96
global_sign_pres,chunk_5,50,kl_to_gaussian,0.0,96
global_sign_pres,chunk_5,50,wt_mean,0.002353551361011275,96
global_sign_pres,chunk_5,51,GR,8.812239329020182,96
global_sign_pres,chunk_5,51,IPC,8.547185071348368,96
global_sign_pres,chunk_5,51,KR,4.82031474262476,96
global_sign_pres,chunk_5,51,MC,4.811731353402138,96
global_sign_pres,chunk_5,51,cosine_similarity,0.5588234066963196,96
global_sign_pres,chunk_5,51,kl_to_gaussian,0.0,96
global_sign_pres,chunk_5,51,wt_mean,0.002144833415513825,96
global_sign_pres,chunk_5,52,GR,7.080663571755092,96
global_sign_pres,chunk_5,52,IPC,8.63511316830845,96
global_sign_pres,chunk_5,52,KR,3.9434346184134483,96
global_sign_pres,chunk_5,52,MC,4.887934712072213,96
global_sign_pres,chunk_5,52,cosine_similarity,0.5588235706090927,96
global_sign_pres,chunk_5,52,kl_to_gaussian,0.0,96
global_sign_pres,chunk_5,52,wt_mean,0.002203032316174325,96
global_sign_pres,chunk_5,53,GR,7.46522119268775,96
global_sign_pres,chunk_5,53,IPC,9.403057038249662,96
global_sign_pres,chunk_5,53,KR,4.090998840828736,96
global_sign_pres,chunk_5,53,MC,5.211378770569961,96
global_sign_pres,chunk_5,53,cosine_similarity,0.5588235557079315,96
global_sign_pres,chunk_5,53,kl_to_gaussian,0.0,96
global_sign_pres,chunk_5,53,wt_mean,0.0022211284958757,96
global_sign_pres,chunk_5,54,GR,7.5257384317616625,96
global_sign_pres,chunk_5,54,IPC,9.137146000183973,96
global_sign_pres,chunk_5,54,KR,4.098708122968674,96
global_sign_pres,chunk_5,54,MC,5.22480974594752,96
global_sign_pres,chunk_5,54,cosine_similarity,0.5588235855102539,96
global_sign_pres,chunk_5,54,kl_to_gaussian,0.0,96
global_sign_pres,chunk_5,54,wt_mean,0.0022411564423236497,96
global_sign_pres,chunk_5,55,GR,9.418654729922613,96
global_sign_pres,chunk_5,55,IPC,9.221734481836767,96
global_sign_pres,chunk_5,55,KR,5.077160586913426,96
global_sign_pres,chunk_5,55,MC,5.108397091428439,96
global_sign_pres,chunk_5,55,cosine_similarity,0.5588234961032867,96
global_sign_pres,chunk_5,55,kl_to_gaussian,0.0,96
global_sign_pres,chunk_5,55,wt_mean,0.0022482303320429746,96
global_sign_pres,chunk_5,56,GR,7.897111690292756,96
global_sign_pres,chunk_5,56,IPC,9.42058176866511,96
global_sign_pres,chunk_5,56,KR,4.336961166312297,96
global_sign_pres,chunk_5,56,MC,4.997904332975547,96
global_sign_pres,chunk_5,56,cosine_similarity,0.5588232576847076,96
global_sign_pres,chunk_5,56,kl_to_gaussian,0.0,96
global_sign_pres,chunk_5,56,wt_mean,0.0022318429255391748,96
global_sign_pres,chunk_5,57,GR,8.273272114495436,96
global_sign_pres,chunk_5,57,IPC,9.4414302040916,96
global_sign_pres,chunk_5,57,KR,4.426959118495385,96
global_sign_pres,chunk_5,57,MC,5.114507485181093,96
global_sign_pres,chunk_5,57,cosine_similarity,0.5588235408067703,96
global_sign_pres,chunk_5,57,kl_to_gaussian,0.0,96
global_sign_pres,chunk_5,57,wt_mean,0.00220802801777605,96
global_sign_pres,chunk_5,58,GR,9.174024020632109,96
global_sign_pres,chunk_5,58,IPC,8.584328240210302,96
global_sign_pres,chunk_5,58,KR,4.886733944217364,96
global_sign_pres,chunk_5,58,MC,4.840628381818533,96
global_sign_pres,chunk_5,58,cosine_similarity,0.558823361992836,96
global_sign_pres,chunk_5,58,kl_to_gaussian,0.0,96
global_sign_pres,chunk_5,58,wt_mean,0.0021773566841147497,96
global_sign_pres,chunk_5,59,GR,8.572576832026243,96
global_sign_pres,chunk_5,59,IPC,9.410257759428836,96
global_sign_pres,chunk_5,59,KR,4.715761978179216,96
global_sign_pres,chunk_5,59,MC,5.039202865213156,96
global_sign_pres,chunk_5,59,cosine_similarity,0.5588234961032867,96
global_sign_pres,chunk_5,59,kl_to_gaussian,0.0,96
global_sign_pres,chunk_5,59,wt_mean,0.00230987984105005,96
global_sign_pres,chunk_6,60,GR,9.704653831819693,96
global_sign_pres,chunk_6,60,IPC,9.645446667608914,96
global_sign_pres,chunk_6,60,KR,5.21965200950702,96
global_sign_pres,chunk_6,60,MC,5.130253637830417,96
global_sign_pres,chunk_6,60,cosine_similarity,0.5588232576847076,96
global_sign_pres,chunk_6,60,kl_to_gaussian,0.0,96
global_sign_pres,chunk_6,60,wt_mean,0.002357166027650175,96
global_sign_pres,chunk_6,61,GR,8.688103246192137,96
global_sign_pres,chunk_6,61,IPC,9.042350812479588,96
global_sign_pres,chunk_6,61,KR,4.607411132504542,96
global_sign_pres,chunk_6,61,MC,4.851381956289212,96
global_sign_pres,chunk_6,61,cosine_similarity,0.558823436498642,96
global_sign_pres,chunk_6,61,kl_to_gaussian,0.0,96
global_sign_pres,chunk_6,61,wt_mean,0.0022073826694395,96
global_sign_pres,chunk_6,62,GR,8.251489044477543,96
global_sign_pres,chunk_6,62,IPC,9.742796012539918,96
global_sign_pres,chunk_6,62,KR,4.516130238771439,96
global_sign_pres,chunk_6,62,MC,5.293428686757882,96
global_sign_pres,chunk_6,62,cosine_similarity,0.5588236302137375,96
global_sign_pres,chunk_6,62,kl_to_gaussian,0.0,96
global_sign_pres,chunk_6,62,wt_mean,0.00223034826922225,96
global_sign_pres,chunk_6,63,GR,8.658389206975698,96
global_sign_pres,chunk_6,63,IPC,9.530235072367871,96
global_sign_pres,chunk_6,63,KR,4.592230139921109,96
global_sign_pres,chunk_6,63,MC,4.991698512186606,96
global_sign_pres,chunk_6,63,cosine_similarity,0.5588234066963196,96
global_sign_pres,chunk_6,63,kl_to_gaussian,0.0,96
global_sign_pres,chunk_6,63,wt_mean,0.002228507742984175,96
global_sign_pres,chunk_6,64,GR,9.979561125238737,96
global_sign_pres,chunk_6,64,IPC,9.242489479486933,96
global_sign_pres,chunk_6,64,KR,5.333320913215478,96
global_sign_pres,chunk_6,64,MC,5.251269611219565,96
global_sign_pres,chunk_6,64,cosine_similarity,0.5588236153125763,96
global_sign_pres,chunk_6,64,kl_to_gaussian,0.0,96
global_sign_pres,chunk_6,64,wt_mean,0.00239492274704385,96
global_sign_pres,chunk_6,65,GR,9.332713700830936,96
global_sign_pres,chunk_6,65,IPC,9.337825193506754,96
global_sign_pres,chunk_6,65,KR,5.074005480855703,96
global_sign_pres,chunk_6,65,MC,4.957525008668502,96
global_sign_pres,chunk_6,65,cosine_similarity,0.5588236451148987,96
global_sign_pres,chunk_6,65,kl_to_gaussian,0.0,96
global_sign_pres,chunk_6,65,wt_mean,0.002359050384256925,96
global_sign_pres,chunk_6,66,GR,7.8811417408287525,96
global_sign_pres,chunk_6,66,IPC,8.781198369429516,96
global_sign_pres,chunk_6,66,KR,4.298318623254697,96
global_sign_pres,chunk_6,66,MC,4.81836765135328,96
global_sign_pres,chunk_6,66,cosine_similarity,0.5588236302137375,96
global_sign_pres,chunk_6,66,kl_to_gaussian,0.0,96
global_sign_pres,chunk_6,66,wt_mean,0.0022423695481847247,96
global_sign_pres,chunk_6,67,GR,8.80234825114409,96
global_sign_pres,chunk_6,67,IPC,8.754386417705868,96
global_sign_pres,chunk_6,67,KR,4.861706331372261,96
global_sign_pres,chunk_6,67,MC,5.048858258873224,96
global_sign_pres,chunk_6,67,cosine_similarity,0.5588234663009644,96
global_sign_pres,chunk_6,67,kl_to_gaussian,0.0,96
global_sign_pres,chunk_6,67,wt_mean,0.0022384600306395,96
global_sign_pres,chunk_6,68,GR,8.772332755227884,96
global_sign_pres,chunk_6,68,IPC,9.514147259400646,96
global_sign_pres,chunk_6,68,KR,4.729307712366183,96
global_sign_pres,chunk_6,68,MC,5.388866938650608,96
global_sign_pres,chunk_6,68,cosine_similarity,0.5588235557079315,96
global_sign_pres,chunk_6,68,kl_to_gaussian,0.0,96
global_sign_pres,chunk_6,68,wt_mean,0.0024210709088947,96
global_sign_pres,chunk_6,69,GR,8.959858424961567,96
global_sign_pres,chunk_6,69,IPC,8.861576992541647,96
global_sign_pres,chunk_6,69,KR,4.830947019159794,96
global_sign_pres,chunk_6,69,MC,5.063828002661467,96
global_sign_pres,chunk_6,69,cosine_similarity,0.5588235855102539,96
global_sign_pres,chunk_6,69,kl_to_gaussian,0.0,96
global_sign_pres,chunk_6,69,wt_mean,0.0021906133915762997,96
global_sign_pres,chunk_7,70,GR,9.58371639251709,96
global_sign_pres,chunk_7,70,IPC,8.39318311645218,96
global_sign_pres,chunk_7,70,KR,5.15142556776603,96
global_sign_pres,chunk_7,70,MC,4.819871827960014,96
global_sign_pres,chunk_7,70,cosine_similarity,0.5588235259056091,96
global_sign_pres,chunk_7,70,kl_to_gaussian,0.0,96
global_sign_pres,chunk_7,70,wt_mean,0.0022864951170049248,96
global_sign_pres,chunk_7,71,GR,8.077203907072544,96
global_sign_pres,chunk_7,71,IPC,9.444122978317811,96
global_sign_pres,chunk_7,71,KR,4.501416849593322,96
global_sign_pres,chunk_7,71,MC,5.158917961021264,96
global_sign_pres,chunk_7,71,cosine_similarity,0.5588236898183823,96
global_sign_pres,chunk_7,71,kl_to_gaussian,0.0,96
global_sign_pres,chunk_7,71,wt_mean,0.0022143115638754503,96
global_sign_pres,chunk_7,72,GR,7.8786543644964695,96
global_sign_pres,chunk_7,72,IPC,9.77338314344309,96
global_sign_pres,chunk_7,72,KR,4.360713314265013,96
global_sign_pres,chunk_7,72,MC,5.490303282936414,96
global_sign_pres,chunk_7,72,cosine_similarity,0.5588233768939972,96
global_sign_pres,chunk_7,72,kl_to_gaussian,0.0,96
global_sign_pres,chunk_7,72,wt_mean,0.002322690008440925,96
global_sign_pres,chunk_7,73,GR,7.1442547750969725,96
global_sign_pres,chunk_7,73,IPC,9.779698263369335,96
global_sign_pres,chunk_7,73,KR,4.06633532171448,96
global_sign_pres,chunk_7,73,MC,5.4854487888515,96
global_sign_pres,chunk_7,73,cosine_similarity,0.5588235855102539,96
global_sign_pres,chunk_7,73,kl_to_gaussian,0.0,96
global_sign_pres,chunk_7,73,wt_mean,0.002279977139551175,96
global_sign_pres,chunk_7,74,GR,8.443479212621847,96
global_sign_pres,chunk_7,74,IPC,9.027786215008044,96
global_sign_pres,chunk_7,74,KR,4.377885762602091,96
global_sign_pres,chunk_7,74,MC,4.773251550892989,96
global_sign_pres,chunk_7,74,cosine_similarity,0.5588235855102539,96
global_sign_pres,chunk_7,74,kl_to_gaussian,0.0,96
global_sign_pres,chunk_7,74,wt_mean,0.00220769492443645,96
global_sign_pres,chunk_7,75,GR,9.76762301971515,96
global_sign_pres,chunk_7,75,IPC,8.703211391570358,96
global_sign_pres,chunk_7,75,KR,5.333492015798886,96
global_sign_pres,chunk_7,75,MC,5.191977766652902,96
global_sign_pres,chunk_7,75,cosine_similarity,0.558823436498642,96
global_sign_pres,chunk_7,75,kl_to_gaussian,0.0,96
global_sign_pres,chunk_7,75,wt_mean,0.002277813880937125,96
global_sign_pres,chunk_7,76,GR,7.741955290238063,96
global_sign_pres,chunk_7,76,IPC,9.225150507252396,96
global_sign_pres,chunk_7,76,KR,4.2778956070542336,96
global_sign_pres,chunk_7,76,MC,5.239235859364271,96
global_sign_pres,chunk_7,76,cosine_similarity,0.5588234215974808,96
global_sign_pres,chunk_7,76,kl_to_gaussian,0.0,96
global_sign_pres,chunk_7,76,wt_mean,0.0022209802118595,96
global_sign_pres,chunk_7,77,GR,8.820711560547352,96
global_sign_pres,chunk_7,77,IPC,8.962394228499166,96
global_sign_pres,chunk_7,77,KR,4.918961184720199,96
global_sign_pres,chunk_7,77,MC,4.91670594488581,96
global_sign_pres,chunk_7,77,cosine_similarity,0.5588235855102539,96
global_sign_pres,chunk_7,77,kl_to_gaussian,0.0,96
global_sign_pres,chunk_7,77,wt_mean,0.00225202558794985,96
global_sign_pres,chunk_7,78,GR,8.157684907317162,96
global_sign_pres,chunk_7,78,IPC,9.415774955569637,96
global_sign_pres,chunk_7,78,KR,4.309347542623679,96
global_sign_pres,chunk_7,78,MC,5.207770813256502,96
global_sign_pres,chunk_7,78,cosine_similarity,0.5588234961032867,96
global_sign_pres,chunk_7,78,kl_to_gaussian,0.0,96
global_sign_pres,chunk_7,78,wt_mean,0.002283231529872825,96
global_sign_pres,chunk_7,79,GR,9.559081894656023,96
global_sign_pres,chunk_7,79,IPC,9.310221354184657,96
global_sign_pres,chunk_7,79,KR,5.125083600481351,96
global_sign_pres,chunk_7,79,MC,5.345972381532192,96
global_sign_pres,chunk_7,79,cosine_similarity,0.5588237047195435,96
global_sign_pres,chunk_7,79,kl_to_gaussian,0.0,96
global_sign_pres,chunk_7,79,wt_mean,0.00229390957974825,96
global_sign_pres,chunk_8,80,GR,8.190969100842873,96
global_sign_pres,chunk_8,80,IPC,8.562373232607891,96
global_sign_pres,chunk_8,80,KR,4.490921041617791,96
global_sign_pres,chunk_8,80,MC,5.138543908794721,96
global_sign_pres,chunk_8,80,cosine_similarity,0.5588234513998032,96
global_sign_pres,chunk_8,80,kl_to_gaussian,0.0,96
global_sign_pres,chunk_8,80,wt_mean,0.0022350235958583,96
global_sign_pres,chunk_8,81,GR,9.595478822787603,96
global_sign_pres,chunk_8,81,IPC,7.7844391464684906,96
global_sign_pres,chunk_8,81,KR,5.1642511039972305,96
global_sign_pres,chunk_8,81,MC,4.649996228516102,96
global_sign_pres,chunk_8,81,cosine_similarity,0.5588236302137375,96
global_sign_pres,chunk_8,81,kl_to_gaussian,0.0,96
global_sign_pres,chunk_8,81,wt_mean,0.002249746641609775,96
global_sign_pres,chunk_8,82,GR,8.788340439399084,96
global_sign_pres,chunk_8,82,IPC,7.886920505834884,96
global_sign_pres,chunk_8,82,KR,4.776701619227727,96
global_sign_pres,chunk_8,82,MC,4.596099695811669,96
global_sign_pres,chunk_8,82,cosine_similarity,0.5588237047195435,96
global_sign_pres,chunk_8,82,kl_to_gaussian,0.0,96
global_sign_pres,chunk_8,82,wt_mean,0.0022737875406164,96
global_sign_pres,chunk_8,83,GR,8.910110571732124,96
global_sign_pres,chunk_8,83,IPC,7.9806868789414445,96
global_sign_pres,chunk_8,83,KR,4.616079329202573,96
global_sign_pres,chunk_8,83,MC,4.544463079422712,96
global_sign_pres,chunk_8,83,cosine_similarity,0.5588234513998032,96
global_sign_pres,chunk_8,83,kl_to_gaussian,0.0,96
global_sign_pres,chunk_8,83,wt_mean,0.002322133281268125,96
global_sign_pres,chunk_8,84,GR,8.701157938688993,96
global_sign_pres,chunk_8,84,IPC,8.764621119264579,96
global_sign_pres,chunk_8,84,KR,4.698197551071644,96
global_sign_pres,chunk_8,84,MC,4.989110119640827,96
global_sign_pres,chunk_8,84,cosine_similarity,0.5588236153125763,96
global_sign_pres,chunk_8,84,kl_to_gaussian,0.0,96
global_sign_pres,chunk_8,84,wt_mean,0.00234627994359465,96
global_sign_pres,chunk_8,85,GR,7.861184506366651,96
global_sign_pres,chunk_8,85,IPC,7.98124019008641,96
global_sign_pres,chunk_8,85,KR,4.128976197292407,96
global_sign_pres,chunk_8,85,MC,4.541855413466692,96
global_sign_pres,chunk_8,85,cosine_similarity,0.5588236302137375,96
global_sign_pres,chunk_8,85,kl_to_gaussian,0.0,96
global_sign_pres,chunk_8,85,wt_mean,0.002270044264150725,96
global_sign_pres,chunk_8,86,GR,9.007039042810598,96
global_sign_pres,chunk_8,86,IPC,8.415859341228305,96
global_sign_pres,chunk_8,86,KR,4.808890797197819,96
global_sign_pres,chunk_8,86,MC,5.189918042471011,96
global_sign_pres,chunk_8,86,cosine_similarity,0.5588235706090927,96
global_sign_pres,chunk_8,86,kl_to_gaussian,0.0,96
global_sign_pres,chunk_8,86,wt_mean,0.0024771260796114503,96
global_sign_pres,chunk_8,87,GR,8.841937155773243,96
global_sign_pres,chunk_8,87,IPC,8.439975579958293,96
global_sign_pres,chunk_8,87,KR,4.745298460125923,96
global_sign_pres,chunk_8,87,MC,4.773519404232502,96
global_sign_pres,chunk_8,87,cosine_similarity,0.5588235557079315,96
global_sign_pres,chunk_8,87,kl_to_gaussian,0.0,96
global_sign_pres,chunk_8,87,wt_mean,0.002235124004073425,96
global_sign_pres,chunk_8,88,GR,8.564452956120173,96
global_sign_pres,chunk_8,88,IPC,8.312867381572596,96
global_sign_pres,chunk_8,88,KR,4.520044705520074,96
global_sign_pres,chunk_8,88,MC,4.74533436819911,96
global_sign_pres,chunk_8,88,cosine_similarity,0.5588236451148987,96
global_sign_pres,chunk_8,88,kl_to_gaussian,0.0,96
global_sign_pres,chunk_8,88,wt_mean,0.0022201550891622498,96
global_sign_pres,chunk_8,89,GR,8.387599137922129,96
global_sign_pres,chunk_8,89,IPC,8.056418038362333,96
global_sign_pres,chunk_8,89,KR,4.604469860593478,96
global_sign_pres,chunk_8,89,MC,4.816870480775833,96
global_sign_pres,chunk_8,89,cosine_similarity,0.5588234812021255,96
global_sign_pres,chunk_8,89,kl_to_gaussian,0.0,96
global_sign_pres,chunk_8,89,wt_mean,0.0022854091948829,96
global_sign_pres,chunk_9,90,GR,10.957560737927755,96
global_sign_pres,chunk_9,90,IPC,8.193321732839564,96
global_sign_pres,chunk_9,90,KR,5.7107357655962305,96
global_sign_pres,chunk_9,90,MC,4.791172444820404,96
global_sign_pres,chunk_9,90,cosine_similarity,0.5588233917951584,96
global_sign_pres,chunk_9,90,kl_to_gaussian,0.0,96
global_sign_pres,chunk_9,90,wt_mean,0.00222653560922475,96
global_sign_pres,chunk_9,91,GR,9.068841081112623,96
global_sign_pres,chunk_9,91,IPC,8.307969332492883,96
global_sign_pres,chunk_9,91,KR,4.746228352189064,96
global_sign_pres,chunk_9,91,MC,4.628175918012857,96
global_sign_pres,chunk_9,91,cosine_similarity,0.5588236302137375,96
global_sign_pres,chunk_9,91,kl_to_gaussian,0.0,96
global_sign_pres,chunk_9,91,wt_mean,0.0023096140357665,96
global_sign_pres,chunk_9,92,GR,7.666110535462697,96
global_sign_pres,chunk_9,92,IPC,7.905138187507917,96
global_sign_pres,chunk_9,92,KR,4.2855573656658335,96
global_sign_pres,chunk_9,92,MC,4.427006268252929,96
global_sign_pres,chunk_9,92,cosine_similarity,0.5588236153125763,96
global_sign_pres,chunk_9,92,kl_to_gaussian,0.0,96
global_sign_pres,chunk_9,92,wt_mean,0.002156351285520875,96
global_sign_pres,chunk_9,93,GR,8.447645910084248,96
global_sign_pres,chunk_9,93,IPC,7.963670941344584,96
global_sign_pres,chunk_9,93,KR,4.697325970977545,96
global_sign_pres,chunk_9,93,MC,4.793966730435689,96
global_sign_pres,chunk_9,93,cosine_similarity,0.5588235557079315,96
global_sign_pres,chunk_9,93,kl_to_gaussian,0.0,96
global_sign_pres,chunk_9,93,wt_mean,0.002160667558200625,96
global_sign_pres,chunk_9,94,GR,10.529142744839191,96
global_sign_pres,chunk_9,94,IPC,8.198415793992018,96
global_sign_pres,chunk_9,94,KR,5.59004229058822,96
global_sign_pres,chunk_9,94,MC,4.765787827471892,96
global_sign_pres,chunk_9,94,cosine_similarity,0.5588237345218658,96
global_sign_pres,chunk_9,94,kl_to_gaussian,0.0,96
global_sign_pres,chunk_9,94,wt_mean,0.0023224480100907,96
global_sign_pres,chunk_9,95,GR,7.757543204973142,96
global_sign_pres,chunk_9,95,IPC,8.143197476891546,96
global_sign_pres,chunk_9,95,KR,4.226171975334485,96
global_sign_pres,chunk_9,95,MC,4.718459151685238,96
global_sign_pres,chunk_9,95,cosine_similarity,0.5588234215974808,96
global_sign_pres,chunk_9,95,kl_to_gaussian,0.0,96
global_sign_pres,chunk_9,95,wt_mean,0.002169657120248275,96
global_sign_pres,chunk_9,96,GR,8.168815482407808,96
global_sign_pres,chunk_9,96,IPC,8.166283681882428,96
global_sign_pres,chunk_9,96,KR,4.335630610585213,96
global_sign_pres,chunk_9,96,MC,4.633061073720455,96
global_sign_pres,chunk_9,96,cosine_similarity,0.5588234961032867,96
global_sign_pres,chunk_9,96,kl_to_gaussian,0.0,96
global_sign_pres,chunk_9,96,wt_mean,0.00219115076470185,96
global_sign_pres,chunk_9,97,GR,8.93746696660916,96
global_sign_pres,chunk_9,97,IPC,8.337726600308583,96
global_sign_pres,chunk_9,97,KR,4.848639541616042,96
global_sign_pres,chunk_9,97,MC,4.801988818993171,96
global_sign_pres,chunk_9,97,cosine_similarity,0.5588236451148987,96
global_sign_pres,chunk_9,97,kl_to_gaussian,0.0,96
global_sign_pres,chunk_9,97,wt_mean,0.002204092772444675,96
global_sign_pres,chunk_9,98,GR,8.705880812058846,96
global_sign_pres,chunk_9,98,IPC,8.525733056911855,96
global_sign_pres,chunk_9,98,KR,4.626157513509194,96
global_sign_pres,chunk_9,98,MC,4.941426895558834,96
global_sign_pres,chunk_9,98,cosine_similarity,0.5588236451148987,96
global_sign_pres,chunk_9,98,kl_to_gaussian,0.0,96
global_sign_pres,chunk_9,98,wt_mean,0.0023115969379432,96
global_sign_pres,chunk_9,99,GR,8.007755532860756,96
global_sign_pres,chunk_9,99,IPC,8.030854191279081,96
global_sign_pres,chunk_9,99,KR,4.558769958714644,96
global_sign_pres,chunk_9,99,MC,4.7613567498823,96
global_sign_pres,chunk_9,99,cosine_similarity,0.5588234663009644,96
global_sign_pres,chunk_9,99,kl_to_gaussian,0.0,96
global_sign_pres,chunk_9,99,wt_mean,0.002200641611125275,96
local_sign+binary,chunk_0,0,GR,13.516671205560366,96
local_sign+binary,chunk_0,0,IPC,10.971738239314261,96
local_sign+binary,chunk_0,0,KR,6.8185489649573965,96
local_sign+binary,chunk_0,0,MC,6.198341324925423,96
local_sign+binary,chunk_0,0,cosine_similarity,0.5588233768939972,96
local_sign+binary,chunk_0,0,kl_to_gaussian,0.0,96
local_sign+binary,chunk_0,0,wt_mean,0.002835706574842275,96
local_sign+binary,chunk_0,1,GR,14.672672068079313,96
local_sign+binary,chunk_0,1,IPC,11.034057360840144,96
local_sign+binary,chunk_0,1,KR,7.401094612975915,96
local_sign+binary,chunk_0,1,MC,6.145553148041169,96
local_sign+binary,chunk_0,1,cosine_similarity,0.5588234066963196,96
local_sign+binary,chunk_0,1,kl_to_gaussian,0.0,96
local_sign+binary,chunk_0,1,wt_mean,0.00287792098242785,96
local_sign+binary,chunk_0,2,GR,14.512250346442064,96
local_sign+binary,chunk_0,2,IPC,11.582131145838188,96
local_sign+binary,chunk_0,2,KR,7.13995336741209,96
local_sign+binary,chunk_0,2,MC,6.409381065517664,96
local_sign+binary,chunk_0,2,cosine_similarity,0.5588235408067703,96
local_sign+binary,chunk_0,2,kl_to_gaussian,0.0,96
local_sign+binary,chunk_0,2,wt_mean,0.002967316773720025,96
local_sign+binary,chunk_0,3,GR,15.847381996611754,96
local_sign+binary,chunk_0,3,IPC,10.762368183690114,96
local_sign+binary,chunk_0,3,KR,7.7189178963502245,96
local_sign+binary,chunk_0,3,MC,6.149225914229949,96
local_sign+binary,chunk_0,3,cosine_similarity,0.5588234066963196,96
local_sign+binary,chunk_0,3,kl_to_gaussian,0.0,96
local_sign+binary,chunk_0,3,wt_mean,0.0027061529108322498,96
local_sign+binary,chunk_0,4,GR,14.318959747751554,96
local_sign+binary,chunk_0,4,IPC,11.031159673885194,96
local_sign+binary,chunk_0,4,KR,6.9416480014721555,96
local_sign+binary,chunk_0,4,MC,6.05878700564305,96
local_sign+binary,chunk_0,4,cosine_similarity,0.558823436498642,96
local_sign+binary,chunk_0,4,kl_to_gaussian,0.0,96
local_sign+binary,chunk_0,4,wt_mean,0.00291079445742065,96
local_sign+binary,chunk_0,5,GR,11.028989287714163,96
local_sign+binary,chunk_0,5,IPC,11.113972060744537,96
local_sign+binary,chunk_0,5,KR,5.748998085657756,96
local_sign+binary,chunk_0,5,MC,6.2097602387269335,96
local_sign+binary,chunk_0,5,cosine_similarity,0.5588233768939972,96
local_sign+binary,chunk_0,5,kl_to_gaussian,0.0,96
local_sign+binary,chunk_0,5,wt_mean,0.002779994858428775,96
local_sign+binary,chunk_0,6,GR,13.995253319541613,96
local_sign+binary,chunk_0,6,IPC,11.040559697835901,96
local_sign+binary,chunk_0,6,KR,7.388948741058509,96
local_sign+binary,chunk_0,6,MC,6.313875446716945,96
local_sign+binary,chunk_0,6,cosine_similarity,0.5588235557079315,96
local_sign+binary,chunk_0,6,kl_to_gaussian,0.0,96
local_sign+binary,chunk_0,6,wt_mean,0.0028008433291688,96
local_sign+binary,chunk_0,7,GR,14.65889553974072,96
local_sign+binary,chunk_0,7,IPC,11.235880184360534,96
local_sign+binary,chunk_0,7,KR,7.15457571297884,96
local_sign+binary,chunk_0,7,MC,6.0354931727051735,96
local_sign+binary,chunk_0,7,cosine_similarity,0.5588236153125763,96
local_sign+binary,chunk_0,7,kl_to_gaussian,0.0,96
local_sign+binary,chunk_0,7,wt_mean,0.0027854890213347247,96
local_sign+binary,chunk_0,8,GR,13.359876920779547,96
local_sign+binary,chunk_0,8,IPC,10.260038679876718,96
local_sign+binary,chunk_0,8,KR,6.806249054769675,96
local_sign+binary,chunk_0,8,MC,5.867971273760001,96
local_sign+binary,chunk_0,8,cosine_similarity,0.5588236153125763,96
local_sign+binary,chunk_0,8,kl_to_gaussian,0.0,96
local_sign+binary,chunk_0,8,wt_mean,0.00272129022050645,96
local_sign+binary,chunk_0,9,GR,15.947970042626062,96
local_sign+binary,chunk_0,9,IPC,11.094677367524822,96
local_sign+binary,chunk_0,9,KR,7.938165677090486,96
local_sign+binary,chunk_0,9,MC,6.180602688342333,96
local_sign+binary,chunk_0,9,cosine_similarity,0.5588235557079315,96
local_sign+binary,chunk_0,9,kl_to_gaussian,0.0,96
local_sign+binary,chunk_0,9,wt_mean,0.0029895181651226747,96
local_sign+binary,chunk_1,10,GR,12.412129275500774,96
local_sign+binary,chunk_1,10,IPC,10.300104378648422,96
local_sign+binary,chunk_1,10,KR,6.442976281046867,96
local_sign+binary,chunk_1,10,MC,5.9748923654357595,96
local_sign+binary,chunk_1,10,cosine_similarity,0.5588235706090927,96
local_sign+binary,chunk_1,10,kl_to_gaussian,0.0,96
local_sign+binary,chunk_1,10,wt_mean,0.002721287251915725,96
local_sign+binary,chunk_1,11,GR,15.07512658337752,96
local_sign+binary,chunk_1,11,IPC,10.933900612416451,96
local_sign+binary,chunk_1,11,KR,7.870599577824275,96
local_sign+binary,chunk_1,11,MC,6.32855240503947,96
local_sign+binary,chunk_1,11,cosine_similarity,0.5588236004114151,96
local_sign+binary,chunk_1,11,kl_to_gaussian,0.0,96
local_sign+binary,chunk_1,11,wt_mean,0.002760413044597875,96
local_sign+binary,chunk_1,12,GR,14.989345468580723,96
local_sign+binary,chunk_1,12,IPC,9.895428365491528,96
local_sign+binary,chunk_1,12,KR,7.369590523342292,96
local_sign+binary,chunk_1,12,MC,5.638304474453132,96
local_sign+binary,chunk_1,12,cosine_similarity,0.5588233768939972,96
local_sign+binary,chunk_1,12,kl_to_gaussian,0.0,96
local_sign+binary,chunk_1,12,wt_mean,0.0026721207832451498,96
local_sign+binary,chunk_1,13,GR,12.329666751126448,96
local_sign+binary,chunk_1,13,IPC,9.636464636899108,96
local_sign+binary,chunk_1,13,KR,6.341593315203984,96
local_sign+binary,chunk_1,13,MC,5.708607691029708,96
local_sign+binary,chunk_1,13,cosine_similarity,0.5588235706090927,96
local_sign+binary,chunk_1,13,kl_to_gaussian,0.0,96
local_sign+binary,chunk_1,13,wt_mean,0.002643374842591525,96
local_sign+binary,chunk_1,14,GR,16.208253716429073,96
local_sign+binary,chunk_1,14,IPC,11.028110295969414,96
local_sign+binary,chunk_1,14,KR,8.189422515531382,96
local_sign+binary,chunk_1,14,MC,6.438156438370545,96
local_sign+binary,chunk_1,14,cosine_similarity,0.5588234812021255,96
local_sign+binary,chunk_1,14,kl_to_gaussian,0.0,96
local_sign+binary,chunk_1,14,wt_mean,0.00296869606245305,96
local_sign+binary,chunk_1,15,GR,13.216796144843102,96
local_sign+binary,chunk_1,15,IPC,10.205870497697346,96
local_sign+binary,chunk_1,15,KR,6.902036656936009,96
local_sign+binary,chunk_1,15,MC,5.844646529604991,96
local_sign+binary,chunk_1,15,cosine_similarity,0.558823361992836,96
local_sign+binary,chunk_1,15,kl_to_gaussian,0.0,96
local_sign+binary,chunk_1,15,wt_mean,0.002817482047248575,96
local_sign+binary,chunk_1,16,GR,18.159683105846245,96
local_sign+binary,chunk_1,16,IPC,11.294936234466087,96
local_sign+binary,chunk_1,16,KR,8.916728039582571,96
local_sign+binary,chunk_1,16,MC,6.541714541614056,96
local_sign+binary,chunk_1,16,cosine_similarity,0.5588235110044479,96
local_sign+binary,chunk_1,16,kl_to_gaussian,0.0,96
local_sign+binary,chunk_1,16,wt_mean,0.002977932570502125,96
local_sign+binary,chunk_1,17,GR,12.499734066426754,96
local_sign+binary,chunk_1,17,IPC,9.946991869570486,96
local_sign+binary,chunk_1,17,KR,6.2975882813334465,96
local_sign+binary,chunk_1,17,MC,5.481517169003685,96
local_sign+binary,chunk_1,17,cosine_similarity,0.5588236302137375,96
local_sign+binary,chunk_1,17,kl_to_gaussian,0.0,96
local_sign+binary,chunk_1,17,wt_mean,0.0027655654121189997,96
local_sign+binary,chunk_1,18,GR,18.516232669353485,96
local_sign+binary,chunk_1,18,IPC,10.915347108587008,96
local_sign+binary,chunk_1,18,KR,9.135969703396162,96
local_sign+binary,chunk_1,18,MC,6.240983363240957,96
local_sign+binary,chunk_1,18,cosine_similarity,0.5588236004114151,96
local_sign+binary,chunk_1,18,kl_to_gaussian,0.0,96
local_sign+binary,chunk_1,18,wt_mean,0.0029104390414431253,96
local_sign+binary,chunk_1,19,GR,13.046274776260057,96
local_sign+binary,chunk_1,19,IPC,11.183886818315772,96
local_sign+binary,chunk_1,19,KR,6.583193177978198,96
local_sign+binary,chunk_1,19,MC,6.328414514660835,96
local_sign+binary,chunk_1,19,cosine_similarity,0.5588235259056091,96
local_sign+binary,chunk_1,19,kl_to_gaussian,0.0,96
local_sign+binary,chunk_1,19,wt_mean,0.0028856985154561,96
local_sign+binary,chunk_10,100,GR,16.197175679107506,96
local_sign+binary,chunk_10,100,IPC,9.511732059020362,96
local_sign+binary,chunk_10,100,KR,8.120264468093714,96
local_sign+binary,chunk_10,100,MC,5.799020413309336,96
local_sign+binary,chunk_10,100,cosine_similarity,0.5588233768939972,96
local_sign+binary,chunk_10,100,kl_to_gaussian,0.0,96
local_sign+binary,chunk_10,100,wt_mean,0.0029509597807191,96
local_sign+binary,chunk_10,101,GR,13.739779760440191,96
local_sign+binary,chunk_10,101,IPC,8.838121507791225,96
local_sign+binary,chunk_10,101,KR,7.193141755958398,96
local_sign+binary,chunk_10,101,MC,5.5459249665339785,96
local_sign+binary,chunk_10,101,cosine_similarity,0.5588233917951584,96
local_sign+binary,chunk_10,101,kl_to_gaussian,0.0,96
local_sign+binary,chunk_10,101,wt_mean,0.0026464122929609753,96
local_sign+binary,chunk_10,102,GR,15.239653035998344,96
local_sign+binary,chunk_10,102,IPC,9.433681391627896,96
local_sign+binary,chunk_10,102,KR,7.739800276855628,96
local_sign+binary,chunk_10,102,MC,5.626734959582488,96
local_sign+binary,chunk_10,102,cosine_similarity,0.5588237643241882,96
local_sign+binary,chunk_10,102,kl_to_gaussian,0.0,96
local_sign+binary,chunk_10,102,wt_mean,0.002918478858191475,96
local_sign+binary,chunk_10,103,GR,18.44551908969879,96
local_sign+binary,chunk_10,103,IPC,9.95079283184856,96
local_sign+binary,chunk_10,103,KR,9.371244634191195,96
local_sign+binary,chunk_10,103,MC,6.058403508116801,96
local_sign+binary,chunk_10,103,cosine_similarity,0.5588233917951584,96
local_sign+binary,chunk_10,103,kl_to_gaussian,0.0,96
local_sign+binary,chunk_10,103,wt_mean,0.0031057730084284745,96
local_sign+binary,chunk_10,104,GR,15.01934232811133,96
local_sign+binary,chunk_10,104,IPC,9.218293327762044,96
local_sign+binary,chunk_10,104,KR,7.408426567912102,96
local_sign+binary,chunk_10,104,MC,5.546784574786822,96
local_sign+binary,chunk_10,104,cosine_similarity,0.5588233768939972,96
local_sign+binary,chunk_10,104,kl_to_gaussian,0.0,96
local_sign+binary,chunk_10,104,wt_mean,0.0029512076871468997,96
local_sign+binary,chunk_10,105,GR,20.028831909100216,96
local_sign+binary,chunk_10,105,IPC,10.25453966337349,96
local_sign+binary,chunk_10,105,KR,9.912127668658892,96
local_sign+binary,chunk_10,105,MC,6.213858774552743,96
local_sign+binary,chunk_10,105,cosine_similarity,0.5588235855102539,96
local_sign+binary,chunk_10,105,kl_to_gaussian,0.0,96
local_sign+binary,chunk_10,105,wt_mean,0.0032495070481672246,96
local_sign+binary,chunk_10,106,GR,14.077014001707235,96
local_sign+binary,chunk_10,106,IPC,9.392563434924874,96
local_sign+binary,chunk_10,106,KR,7.2750232095519705,96
local_sign+binary,chunk_10,106,MC,5.562502026557922,96
local_sign+binary,chunk_10,106,cosine_similarity,0.5588235557079315,96
local_sign+binary,chunk_10,106,kl_to_gaussian,0.0,96
local_sign+binary,chunk_10,106,wt_mean,0.00299511937191705,96
local_sign+binary,chunk_10,107,GR,17.805796874066193,96
local_sign+binary,chunk_10,107,IPC,9.072910348821404,96
local_sign+binary,chunk_10,107,KR,8.940974270304045,96
local_sign+binary,chunk_10,107,MC,5.674319042513768,96
local_sign+binary,chunk_10,107,cosine_similarity,0.5588235110044479,96
local_sign+binary,chunk_10,107,kl_to_gaussian,0.0,96
local_sign+binary,chunk_10,107,wt_mean,0.003078709705732725,96
local_sign+binary,chunk_10,108,GR,13.020044369002184,96
local_sign+binary,chunk_10,108,IPC,8.899894450388055,96
local_sign+binary,chunk_10,108,KR,6.651990766326587,96
local_sign+binary,chunk_10,108,MC,5.553706216315429,96
local_sign+binary,chunk_10,108,cosine_similarity,0.5588234812021255,96
local_sign+binary,chunk_10,108,kl_to_gaussian,0.0,96
local_sign+binary,chunk_10,108,wt_mean,0.0027919714921153496,96
local_sign+binary,chunk_10,109,GR,15.962902853886286,96
local_sign+binary,chunk_10,109,IPC,9.197428702958826,96
local_sign+binary,chunk_10,109,KR,8.026872731745243,96
local_sign+binary,chunk_10,109,MC,5.4701406843960285,96
local_sign+binary,chunk_10,109,cosine_similarity,0.5588234961032867,96
local_sign+binary,chunk_10,109,kl_to_gaussian,0.0,96
local_sign+binary,chunk_10,109,wt_mean,0.0028211280587129,96
local_sign+binary,chunk_11,110,GR,12.582339252034823,96
local_sign+binary,chunk_11,110,IPC,9.186928626068847,96
local_sign+binary,chunk_11,110,KR,6.386504578093688,96
local_sign+binary,chunk_11,110,MC,5.556820310652256,96
local_sign+binary,chunk_11,110,cosine_similarity,0.5588234513998032,96
local_sign+binary,chunk_11,110,kl_to_gaussian,0.0,96
local_sign+binary,chunk_11,110,wt_mean,0.0028451111866161,96
local_sign+binary,chunk_11,111,GR,13.776067289213339,96
local_sign+binary,chunk_11,111,IPC,9.953256105304638,96
local_sign+binary,chunk_11,111,KR,7.160326649745305,96
local_sign+binary,chunk_11,111,MC,5.679020373771588,96
local_sign+binary,chunk_11,111,cosine_similarity,0.5588236898183823,96
local_sign+binary,chunk_11,111,kl_to_gaussian,0.0,96
local_sign+binary,chunk_11,111,wt_mean,0.0027704359963535746,96
local_sign+binary,chunk_11,112,GR,14.430426900585493,96
local_sign+binary,chunk_11,112,IPC,9.009980293447661,96
local_sign+binary,chunk_11,112,KR,7.284030896921952,96
local_sign+binary,chunk_11,112,MC,5.470903442551692,96
local_sign+binary,chunk_11,112,cosine_similarity,0.558823361992836,96
local_sign+binary,chunk_11,112,kl_to_gaussian,0.0,96
local_sign+binary,chunk_11,112,wt_mean,0.0027387045265640495,96
local_sign+binary,chunk_11,113,GR,25.069940800468128,96
local_sign+binary,chunk_11,113,IPC,10.022458632859905,96
local_sign+binary,chunk_11,113,KR,12.57990462332964,96
local_sign+binary,chunk_11,113,MC,6.311429914087057,96
local_sign+binary,chunk_11,113,cosine_similarity,0.5588235110044479,96
local_sign+binary,chunk_11,113,kl_to_gaussian,0.0,96
local_sign+binary,chunk_11,113,wt_mean,0.003464346926193625,96
local_sign+binary,chunk_11,114,GR,10.890989129741987,96
local_sign+binary,chunk_11,114,IPC,8.63375586186489,96
local_sign+binary,chunk_11,114,KR,5.773005401094754,96
local_sign+binary,chunk_11,114,MC,5.153464067727327,96
local_sign+binary,chunk_11,114,cosine_similarity,0.5588234513998032,96
local_sign+binary,chunk_11,114,kl_to_gaussian,0.0,96
local_sign+binary,chunk_11,114,wt_mean,0.002588382223620975,96
local_sign+binary,chunk_11,115,GR,15.991255387663841,96
local_sign+binary,chunk_11,115,IPC,9.31595926320927,96
local_sign+binary,chunk_11,115,KR,8.112496341268221,96
local_sign+binary,chunk_11,115,MC,5.8661153241992,96
local_sign+binary,chunk_11,115,cosine_similarity,0.5588234066963196,96
local_sign+binary,chunk_11,115,kl_to_gaussian,0.0,96
local_sign+binary,chunk_11,115,wt_mean,0.0030026002787053,96
local_sign+binary,chunk_11,116,GR,11.270373133321604,96
local_sign+binary,chunk_11,116,IPC,8.742447426665823,96
local_sign+binary,chunk_11,116,KR,6.090270238618056,96
local_sign+binary,chunk_11,116,MC,5.264596991240978,96
local_sign+binary,chunk_11,116,cosine_similarity,0.5588235259056091,96
local_sign+binary,chunk_11,116,kl_to_gaussian,0.0,96
local_sign+binary,chunk_11,116,wt_mean,0.00260115956189105,96
local_sign+binary,chunk_11,117,GR,11.933501275877157,96
local_sign+binary,chunk_11,117,IPC,9.173375932024806,96
local_sign+binary,chunk_11,117,KR,6.075292227168878,96
local_sign+binary,chunk_11,117,MC,5.4329332622389,96
local_sign+binary,chunk_11,117,cosine_similarity,0.5588235855102539,96
local_sign+binary,chunk_11,117,kl_to_gaussian,0.0,96
local_sign+binary,chunk_11,117,wt_mean,0.0027329143194946997,96
local_sign+binary,chunk_11,118,GR,13.284499468902746,96
local_sign+binary,chunk_11,118,IPC,8.47467546714022,96
local_sign+binary,chunk_11,118,KR,6.996513172984123,96
local_sign+binary,chunk_11,118,MC,5.403957935671012,96
local_sign+binary,chunk_11,118,cosine_similarity,0.5588234663009644,96
local_sign+binary,chunk_11,118,kl_to_gaussian,0.0,96
local_sign+binary,chunk_11,118,wt_mean,0.0027726780972443248,96
local_sign+binary,chunk_11,119,GR,13.072806919614473,96
local_sign+binary,chunk_11,119,IPC,10.031124704993646,96
local_sign+binary,chunk_11,119,KR,6.65174068013827,96
local_sign+binary,chunk_11,119,MC,5.688456819703181,96
local_sign+binary,chunk_11,119,cosine_similarity,0.5588234961032867,96
local_sign+binary,chunk_11,119,kl_to_gaussian,0.0,96
local_sign+binary,chunk_11,119,wt_mean,0.002795369247905875,96
local_sign+binary,chunk_12,120,GR,15.815590903162956,96
local_sign+binary,chunk_12,120,IPC,8.916327778550993,96
local_sign+binary,chunk_12,120,KR,8.118092241386572,96
local_sign+binary,chunk_12,120,MC,5.2864737600709,96
local_sign+binary,chunk_12,120,cosine_similarity,0.5588234066963196,96
local_sign+binary,chunk_12,120,kl_to_gaussian,0.0,96
local_sign+binary,chunk_12,120,wt_mean,0.0030043657170608254,96
local_sign+binary,chunk_12,121,GR,20.390309661626816,96
local_sign+binary,chunk_12,121,IPC,10.558183533503955,96
local_sign+binary,chunk_12,121,KR,9.792806093891462,96
local_sign+binary,chunk_12,121,MC,6.035736288875341,96
local_sign+binary,chunk_12,121,cosine_similarity,0.5588236004114151,96
local_sign+binary,chunk_12,121,kl_to_gaussian,0.0,96
local_sign+binary,chunk_12,121,wt_mean,0.0032395040034316,96
local_sign+binary,chunk_12,122,GR,12.194594629108906,96
local_sign+binary,chunk_12,122,IPC,8.75151401652675,96
local_sign+binary,chunk_12,122,KR,6.347783277432124,96
local_sign+binary,chunk_12,122,MC,5.218639954924583,96
local_sign+binary,chunk_12,122,cosine_similarity,0.5588234513998032,96
local_sign+binary,chunk_12,122,kl_to_gaussian,0.0,96
local_sign+binary,chunk_12,122,wt_mean,0.0027262534713372254,96
local_sign+binary,chunk_12,123,GR,13.911259641249975,96
local_sign+binary,chunk_12,123,IPC,9.28992617016816,96
local_sign+binary,chunk_12,123,KR,7.079260145624478,96
local_sign+binary,chunk_12,123,MC,5.710840767870347,96
local_sign+binary,chunk_12,123,cosine_similarity,0.5588237196207047,96
local_sign+binary,chunk_12,123,kl_to_gaussian,0.0,96
local_sign+binary,chunk_12,123,wt_mean,0.00288031843956555,96
local_sign+binary,chunk_12,124,GR,9.643418582777182,96
local_sign+binary,chunk_12,124,IPC,8.416991880440866,96
local_sign+binary,chunk_12,124,KR,5.102766127636035,96
local_sign+binary,chunk_12,124,MC,5.045371739814679,96
local_sign+binary,chunk_12,124,cosine_similarity,0.5588233470916748,96
local_sign+binary,chunk_12,124,kl_to_gaussian,0.0,96
local_sign+binary,chunk_12,124,wt_mean,0.0025149669381789503,96
local_sign+binary,chunk_12,125,GR,15.262604333460331,96
local_sign+binary,chunk_12,125,IPC,9.029867265019949,96
local_sign+binary,chunk_12,125,KR,7.754919370015462,96
local_sign+binary,chunk_12,125,MC,5.564543752620618,96
local_sign+binary,chunk_12,125,cosine_similarity,0.5588234961032867,96
local_sign+binary,chunk_12,125,kl_to_gaussian,0.0,96
local_sign+binary,chunk_12,125,wt_mean,0.0028272474301047,96
local_sign+binary,chunk_12,126,GR,14.996072282393774,96
local_sign+binary,chunk_12,126,IPC,9.103738663812692,96
local_sign+binary,chunk_12,126,KR,7.456231539448102,96
local_sign+binary,chunk_12,126,MC,5.528396584093571,96
local_sign+binary,chunk_12,126,cosine_similarity,0.558823436498642,96
local_sign+binary,chunk_12,126,kl_to_gaussian,0.0,96
local_sign+binary,chunk_12,126,wt_mean,0.002889542316552225,96
local_sign+binary,chunk_12,127,GR,13.492524738113085,96
local_sign+binary,chunk_12,127,IPC,10.458713077099693,96
local_sign+binary,chunk_12,127,KR,6.928786439200242,96
local_sign+binary,chunk_12,127,MC,6.321023213366668,96
local_sign+binary,chunk_12,127,cosine_similarity,0.5588234961032867,96
local_sign+binary,chunk_12,127,kl_to_gaussian,0.0,96
local_sign+binary,chunk_12,127,wt_mean,0.0027608293166849255,96
local_sign+binary,chunk_12,128,GR,11.317810741563639,96
local_sign+binary,chunk_12,128,IPC,8.874013523070408,96
local_sign+binary,chunk_12,128,KR,6.133150252203147,96
local_sign+binary,chunk_12,128,MC,5.629516353209813,96
local_sign+binary,chunk_12,128,cosine_similarity,0.5588236004114151,96
local_sign+binary,chunk_12,128,kl_to_gaussian,0.0,96
local_sign+binary,chunk_12,128,wt_mean,0.0026976994995493004,96
local_sign+binary,chunk_12,129,GR,13.242139667272568,96
local_sign+binary,chunk_12,129,IPC,9.220420500814996,96
local_sign+binary,chunk_12,129,KR,6.810188315808773,96
local_sign+binary,chunk_12,129,MC,5.311729613691568,96
local_sign+binary,chunk_12,129,cosine_similarity,0.5588235259056091,96
local_sign+binary,chunk_12,129,kl_to_gaussian,0.0,96
local_sign+binary,chunk_12,129,wt_mean,0.002669699984835425,96
local_sign+binary,chunk_13,130,GR,11.855573659141859,96
local_sign+binary,chunk_13,130,IPC,9.092652312378888,96
local_sign+binary,chunk_13,130,KR,6.2781940425435705,96
local_sign+binary,chunk_13,130,MC,5.542277624209722,96
local_sign+binary,chunk_13,130,cosine_similarity,0.5588234663009644,96
local_sign+binary,chunk_13,130,kl_to_gaussian,0.0,96
local_sign+binary,chunk_13,130,wt_mean,0.0028159363428130247,96
local_sign+binary,chunk_13,131,GR,14.111276353398958,96
local_sign+binary,chunk_13,131,IPC,8.897500279428465,96
local_sign+binary,chunk_13,131,KR,7.078982904553413,96
local_sign+binary,chunk_13,131,MC,5.249507817129294,96
local_sign+binary,chunk_13,131,cosine_similarity,0.5588236302137375,96
local_sign+binary,chunk_13,131,kl_to_gaussian,0.0,96
local_sign+binary,chunk_13,131,wt_mean,0.0027505925681907003,96
local_sign+binary,chunk_13,132,GR,17.18596812089284,96
local_sign+binary,chunk_13,132,IPC,10.062646762120384,96
local_sign+binary,chunk_13,132,KR,8.459260508418083,96
local_sign+binary,chunk_13,132,MC,5.794885619233052,96
local_sign+binary,chunk_13,132,cosine_similarity,0.5588235557079315,96
local_sign+binary,chunk_13,132,kl_to_gaussian,0.0,96
local_sign+binary,chunk_13,132,wt_mean,0.0030375421047210247,96
local_sign+binary,chunk_13,133,GR,15.76980618139108,96
local_sign+binary,chunk_13,133,IPC,10.137814182502328,96
local_sign+binary,chunk_13,133,KR,8.106495137015978,96
local_sign+binary,chunk_13,133,MC,5.869818119953076,96
local_sign+binary,chunk_13,133,cosine_similarity,0.5588234961032867,96
local_sign+binary,chunk_13,133,kl_to_gaussian,0.0,96
local_sign+binary,chunk_13,133,wt_mean,0.0029623948503285247,96
local_sign+binary,chunk_13,134,GR,15.392271655301252,96
local_sign+binary,chunk_13,134,IPC,9.778514970934104,96
local_sign+binary,chunk_13,134,KR,7.816185836990674,96
local_sign+binary,chunk_13,134,MC,5.684211913496256,96
local_sign+binary,chunk_13,134,cosine_similarity,0.5588235557079315,96
local_sign+binary,chunk_13,134,kl_to_gaussian,0.0,96
local_sign+binary,chunk_13,134,wt_mean,0.0029312143451533748,96
local_sign+binary,chunk_13,135,GR,11.46867210417986,96
local_sign+binary,chunk_13,135,IPC,9.081602400221131,96
local_sign+binary,chunk_13,135,KR,5.918240735928218,96
local_sign+binary,chunk_13,135,MC,5.498231702794631,96
local_sign+binary,chunk_13,135,cosine_similarity,0.5588233172893524,96
local_sign+binary,chunk_13,135,kl_to_gaussian,0.0,96
local_sign+binary,chunk_13,135,wt_mean,0.0026612041692714752,96
local_sign+binary,chunk_13,136,GR,15.184012127419313,96
local_sign+binary,chunk_13,136,IPC,8.831640738139908,96
local_sign+binary,chunk_13,136,KR,7.872576239208381,96
local_sign+binary,chunk_13,136,MC,5.56759250164032,96
local_sign+binary,chunk_13,136,cosine_similarity,0.5588236451148987,96
local_sign+binary,chunk_13,136,kl_to_gaussian,0.0,96
local_sign+binary,chunk_13,136,wt_mean,0.002782466588541825,96
local_sign+binary,chunk_13,137,GR,11.407316014170647,96
local_sign+binary,chunk_13,137,IPC,9.040469424526307,96
local_sign+binary,chunk_13,137,KR,5.916393928229809,96
local_sign+binary,chunk_13,137,MC,5.297014032800992,96
local_sign+binary,chunk_13,137,cosine_similarity,0.55882328748703,96
local_sign+binary,chunk_13,137,kl_to_gaussian,0.0,96
local_sign+binary,chunk_13,137,wt_mean,0.00267730071209365,96
local_sign+binary,chunk_13,138,GR,21.508665524423122,96
local_sign+binary,chunk_13,138,IPC,8.776425582880384,96
local_sign+binary,chunk_13,138,KR,10.413300931453705,96
local_sign+binary,chunk_13,138,MC,5.675121708462636,96
local_sign+binary,chunk_13,138,cosine_similarity,0.558823361992836,96
local_sign+binary,chunk_13,138,kl_to_gaussian,0.0,96
local_sign+binary,chunk_13,138,wt_mean,0.003031733271200175,96
local_sign+binary,chunk_13,139,GR,13.841447149713835,96
local_sign+binary,chunk_13,139,IPC,9.35897161323594,96
local_sign+binary,chunk_13,139,KR,7.011297273139159,96
local_sign+binary,chunk_13,139,MC,5.459563157210748,96
local_sign+binary,chunk_13,139,cosine_similarity,0.5588234812021255,96
local_sign+binary,chunk_13,139,kl_to_gaussian,0.0,96
local_sign+binary,chunk_13,139,wt_mean,0.0028703082934953,96
local_sign+binary,chunk_14,140,GR,14.042181186378002,96
local_sign+binary,chunk_14,140,IPC,9.081259555220411,96
local_sign+binary,chunk_14,140,KR,7.363657593727112,96
local_sign+binary,chunk_14,140,MC,5.613834958523512,96
local_sign+binary,chunk_14,140,cosine_similarity,0.5588236600160599,96
local_sign+binary,chunk_14,140,kl_to_gaussian,0.0,96
local_sign+binary,chunk_14,140,wt_mean,0.0026996300730388247,96
local_sign+binary,chunk_14,141,GR,14.495850165685018,96
local_sign+binary,chunk_14,141,IPC,8.704812833875478,96
local_sign+binary,chunk_14,141,KR,7.399124180277188,96
local_sign+binary,chunk_14,141,MC,5.34391513094306,96
local_sign+binary,chunk_14,141,cosine_similarity,0.5588234812021255,96
local_sign+binary,chunk_14,141,kl_to_gaussian,0.0,96
local_sign+binary,chunk_14,141,wt_mean,0.00287847628351295,96
local_sign+binary,chunk_14,142,GR,13.701812078555426,96
local_sign+binary,chunk_14,142,IPC,9.801440897250004,96
local_sign+binary,chunk_14,142,KR,7.024000855783622,96
local_sign+binary,chunk_14,142,MC,5.578801311552525,96
local_sign+binary,chunk_14,142,cosine_similarity,0.5588236302137375,96
local_sign+binary,chunk_14,142,kl_to_gaussian,0.0,96
local_sign+binary,chunk_14,142,wt_mean,0.00288379465928295,96
local_sign+binary,chunk_14,143,GR,18.48596789439519,96
local_sign+binary,chunk_14,143,IPC,9.828577838765634,96
local_sign+binary,chunk_14,143,KR,9.29286677390337,96
local_sign+binary,chunk_14,143,MC,5.8439665374656515,96
local_sign+binary,chunk_14,143,cosine_similarity,0.5588234812021255,96
local_sign+binary,chunk_14,143,kl_to_gaussian,0.0,96
local_sign+binary,chunk_14,143,wt_mean,0.0030816834769211,96
local_sign+binary,chunk_14,144,GR,13.468513506154219,96
local_sign+binary,chunk_14,144,IPC,8.838462333703836,96
local_sign+binary,chunk_14,144,KR,6.917677770058314,96
local_sign+binary,chunk_14,144,MC,5.455252107232809,96
local_sign+binary,chunk_14,144,cosine_similarity,0.5588235110044479,96
local_sign+binary,chunk_14,144,kl_to_gaussian,0.0,96
local_sign+binary,chunk_14,144,wt_mean,0.00278477137908335,96
local_sign+binary,chunk_14,145,GR,14.81925736864408,96
local_sign+binary,chunk_14,145,IPC,8.957212880937751,96
local_sign+binary,chunk_14,145,KR,7.622973906497161,96
local_sign+binary,chunk_14,145,MC,5.456082959969838,96
local_sign+binary,chunk_14,145,cosine_similarity,0.5588236451148987,96
local_sign+binary,chunk_14,145,kl_to_gaussian,0.0,96
local_sign+binary,chunk_14,145,wt_mean,0.0028864252381026246,96
local_sign+binary,chunk_14,146,GR,11.230296902358532,96
local_sign+binary,chunk_14,146,IPC,8.880018908332062,96
local_sign+binary,chunk_14,146,KR,5.829304804404576,96
local_sign+binary,chunk_14,146,MC,5.2984574269503355,96
local_sign+binary,chunk_14,146,cosine_similarity,0.5588235110044479,96
local_sign+binary,chunk_14,146,kl_to_gaussian,0.0,96
local_sign+binary,chunk_14,146,wt_mean,0.002682702237507275,96
local_sign+binary,chunk_14,147,GR,16.64601865162452,96
local_sign+binary,chunk_14,147,IPC,9.471859587834052,96
local_sign+binary,chunk_14,147,KR,8.263063771029314,96
local_sign+binary,chunk_14,147,MC,5.712757933884859,96
local_sign+binary,chunk_14,147,cosine_similarity,0.558823436498642,96
local_sign+binary,chunk_14,147,kl_to_gaussian,0.0,96
local_sign+binary,chunk_14,147,wt_mean,0.0030095831607467997,96
local_sign+binary,chunk_14,148,GR,14.703376096983751,96
local_sign+binary,chunk_14,148,IPC,9.670979489710891,96
local_sign+binary,chunk_14,148,KR,7.468716397881508,96
local_sign+binary,chunk_14,148,MC,5.942725760241349,96
local_sign+binary,chunk_14,148,cosine_similarity,0.5588236153125763,96
local_sign+binary,chunk_14,148,kl_to_gaussian,0.0,96
local_sign+binary,chunk_14,148,wt_mean,0.0029325805953703504,96
local_sign+binary,chunk_14,149,GR,16.246716643373173,96
local_sign+binary,chunk_14,149,IPC,10.51412086979162,96
local_sign+binary,chunk_14,149,KR,8.359072861572107,96
local_sign+binary,chunk_14,149,MC,6.430078017214934,96
local_sign+binary,chunk_14,149,cosine_similarity,0.5588235110044479,96
local_sign+binary,chunk_14,149,kl_to_gaussian,0.0,96
local_sign+binary,chunk_14,149,wt_mean,0.003293234272859925,96
local_sign+binary,chunk_15,150,GR,14.64543085793654,96
local_sign+binary,chunk_15,150,IPC,9.113698100919043,96
local_sign+binary,chunk_15,150,KR,7.432409085333347,96
local_sign+binary,chunk_15,150,MC,5.22722053155303,96
local_sign+binary,chunk_15,150,cosine_similarity,0.5588235557079315,96
local_sign+binary,chunk_15,150,kl_to_gaussian,0.0,96
local_sign+binary,chunk_15,150,wt_mean,0.0028246580041013,96
local_sign+binary,chunk_15,151,GR,12.027683687706789,96
local_sign+binary,chunk_15,151,IPC,8.854355878257113,96
local_sign+binary,chunk_15,151,KR,6.306366560359796,96
local_sign+binary,chunk_15,151,MC,5.227802621821563,96
local_sign+binary,chunk_15,151,cosine_similarity,0.5588235408067703,96
local_sign+binary,chunk_15,151,kl_to_gaussian,0.0,96
local_sign+binary,chunk_15,151,wt_mean,0.002573586854850825,96
local_sign+binary,chunk_15,152,GR,14.356626930336157,96
local_sign+binary,chunk_15,152,IPC,9.070914040206222,96
local_sign+binary,chunk_15,152,KR,7.209649316966534,96
local_sign+binary,chunk_15,152,MC,5.422379086414973,96
local_sign+binary,chunk_15,152,cosine_similarity,0.5588236153125763,96
local_sign+binary,chunk_15,152,kl_to_gaussian,0.0,96
local_sign+binary,chunk_15,152,wt_mean,0.0028688882011919502,96
local_sign+binary,chunk_15,153,GR,11.715799706677595,96
local_sign+binary,chunk_15,153,IPC,8.968549667149173,96
local_sign+binary,chunk_15,153,KR,6.059368342161179,96
local_sign+binary,chunk_15,153,MC,5.381197323401769,96
local_sign+binary,chunk_15,153,cosine_similarity,0.5588234961032867,96
local_sign+binary,chunk_15,153,kl_to_gaussian,0.0,96
local_sign+binary,chunk_15,153,wt_mean,0.0026257710414938247,96
local_sign+binary,chunk_15,154,GR,14.932561732828617,96
local_sign+binary,chunk_15,154,IPC,9.229000115220428,96
local_sign+binary,chunk_15,154,KR,7.45462832103173,96
local_sign+binary,chunk_15,154,MC,5.616071871171395,96
local_sign+binary,chunk_15,154,cosine_similarity,0.5588234961032867,96
local_sign+binary,chunk_15,154,kl_to_gaussian,0.0,96
local_sign+binary,chunk_15,154,wt_mean,0.00297544762725005,96
local_sign+binary,chunk_15,155,GR,19.2732972279191,96
local_sign+binary,chunk_15,155,IPC,9.59011873846554,96
local_sign+binary,chunk_15,155,KR,9.455523038903872,96
local_sign+binary,chunk_15,155,MC,5.729820171991984,96
local_sign+binary,chunk_15,155,cosine_similarity,0.5588234066963196,96
local_sign+binary,chunk_15,155,kl_to_gaussian,0.0,96
local_sign+binary,chunk_15,155,wt_mean,0.0031828741193748503,96
local_sign+binary,chunk_15,156,GR,15.960530740519365,96
local_sign+binary,chunk_15,156,IPC,9.212662578052981,96
local_sign+binary,chunk_15,156,KR,7.95796862244606,96
local_sign+binary,chunk_15,156,MC,5.544739643732707,96
local_sign+binary,chunk_15,156,cosine_similarity,0.5588234066963196,96
local_sign+binary,chunk_15,156,kl_to_gaussian,0.0,96
local_sign+binary,chunk_15,156,wt_mean,0.002853546815458625,96
local_sign+binary,chunk_15,157,GR,12.400252583126226,96
local_sign+binary,chunk_15,157,IPC,9.645620499425203,96
local_sign+binary,chunk_15,157,KR,6.434638696412246,96
local_sign+binary,chunk_15,157,MC,5.714774218698342,96
local_sign+binary,chunk_15,157,cosine_similarity,0.5588234961032867,96
local_sign+binary,chunk_15,157,kl_to_gaussian,0.0,96
local_sign+binary,chunk_15,157,wt_mean,0.0028414300759322503,96
local_sign+binary,chunk_15,158,GR,13.683407994608084,96
local_sign+binary,chunk_15,158,IPC,9.024715327388478,96
local_sign+binary,chunk_15,158,KR,6.989739375809829,96
local_sign+binary,chunk_15,158,MC,5.335641251256068,96
local_sign+binary,chunk_15,158,cosine_similarity,0.5588236153125763,96
local_sign+binary,chunk_15,158,kl_to_gaussian,0.0,96
local_sign+binary,chunk_15,158,wt_mean,0.0028463790658860753,96
local_sign+binary,chunk_15,159,GR,11.603828109800816,96
local_sign+binary,chunk_15,159,IPC,9.069140152893846,96
local_sign+binary,chunk_15,159,KR,6.209063209593296,96
local_sign+binary,chunk_15,159,MC,5.473364653686683,96
local_sign+binary,chunk_15,159,cosine_similarity,0.5588236004114151,96
local_sign+binary,chunk_15,159,kl_to_gaussian,0.0,96
local_sign+binary,chunk_15,159,wt_mean,0.0026854208263102503,96
local_sign+binary,chunk_16,160,GR,12.878752482434114,96
local_sign+binary,chunk_16,160,IPC,8.619896466143443,96
local_sign+binary,chunk_16,160,KR,6.744427514572938,96
local_sign+binary,chunk_16,160,MC,5.345996453116338,96
local_sign+binary,chunk_16,160,cosine_similarity,0.5588235408067703,96
local_sign+binary,chunk_16,160,kl_to_gaussian,0.0,96
local_sign+binary,chunk_16,160,wt_mean,0.0026135254884138252,96
local_sign+binary,chunk_16,161,GR,14.336014161507288,96
local_sign+binary,chunk_16,161,IPC,9.001524467830327,96
local_sign+binary,chunk_16,161,KR,7.317685718337695,96
local_sign+binary,chunk_16,161,MC,5.471732545644045,96
local_sign+binary,chunk_16,161,cosine_similarity,0.5588233917951584,96
local_sign+binary,chunk_16,161,kl_to_gaussian,0.0,96
local_sign+binary,chunk_16,161,wt_mean,0.002841705398168375,96
local_sign+binary,chunk_16,162,GR,14.762301802635193,96
local_sign+binary,chunk_16,162,IPC,9.037187378551975,96
local_sign+binary,chunk_16,162,KR,7.610090764860312,96
local_sign+binary,chunk_16,162,MC,5.375700321048498,96
local_sign+binary,chunk_16,162,cosine_similarity,0.5588236153125763,96
local_sign+binary,chunk_16,162,kl_to_gaussian,0.0,96
local_sign+binary,chunk_16,162,wt_mean,0.0027540107839740253,96
local_sign+binary,chunk_16,163,GR,15.063070113460222,96
local_sign+binary,chunk_16,163,IPC,9.504885826951371,96
local_sign+binary,chunk_16,163,KR,7.922544680535793,96
local_sign+binary,chunk_16,163,MC,5.5835979723682,96
local_sign+binary,chunk_16,163,cosine_similarity,0.5588234961032867,96
local_sign+binary,chunk_16,163,kl_to_gaussian,0.0,96
local_sign+binary,chunk_16,163,wt_mean,0.0030157318687997,96
local_sign+binary,chunk_16,164,GR,13.670165002346039,96
local_sign+binary,chunk_16,164,IPC,9.566678441206564,96
local_sign+binary,chunk_16,164,KR,6.90024088571469,96
local_sign+binary,chunk_16,164,MC,5.461741951604684,96
local_sign+binary,chunk_16,164,cosine_similarity,0.5588235408067703,96
local_sign+binary,chunk_16,164,kl_to_gaussian,0.0,96
local_sign+binary,chunk_16,164,wt_mean,0.002858901920262675,96
local_sign+binary,chunk_16,165,GR,15.432028830051422,96
local_sign+binary,chunk_16,165,IPC,8.529031445991508,96
local_sign+binary,chunk_16,165,KR,7.873370856046677,96
local_sign+binary,chunk_16,165,MC,5.3685184593002,96
local_sign+binary,chunk_16,165,cosine_similarity,0.5588234663009644,96
local_sign+binary,chunk_16,165,kl_to_gaussian,0.0,96
local_sign+binary,chunk_16,165,wt_mean,0.0028138798661529497,96
local_sign+binary,chunk_16,166,GR,17.253010873993237,96
local_sign+binary,chunk_16,166,IPC,10.654747721401268,96
local_sign+binary,chunk_16,166,KR,8.539670556783676,96
local_sign+binary,chunk_16,166,MC,6.235889424880345,96
local_sign+binary,chunk_16,166,cosine_similarity,0.5588234066963196,96
local_sign+binary,chunk_16,166,kl_to_gaussian,0.0,96
local_sign+binary,chunk_16,166,wt_mean,0.00318971282104025,96
local_sign+binary,chunk_16,167,GR,15.872223871449629,96
local_sign+binary,chunk_16,167,IPC,9.258817089814773,96
local_sign+binary,chunk_16,167,KR,8.160875474413237,96
local_sign+binary,chunk_16,167,MC,5.772782715658347,96
local_sign+binary,chunk_16,167,cosine_similarity,0.5588236749172211,96
local_sign+binary,chunk_16,167,kl_to_gaussian,0.0,96
local_sign+binary,chunk_16,167,wt_mean,0.0028986893012187998,96
local_sign+binary,chunk_16,168,GR,13.926744612554709,96
local_sign+binary,chunk_16,168,IPC,9.705418531076262,96
local_sign+binary,chunk_16,168,KR,7.064903361101945,96
local_sign+binary,chunk_16,168,MC,5.750827755779028,96
local_sign+binary,chunk_16,168,cosine_similarity,0.5588236153125763,96
local_sign+binary,chunk_16,168,kl_to_gaussian,0.0,96
local_sign+binary,chunk_16,168,wt_mean,0.00292284239549185,96
local_sign+binary,chunk_16,169,GR,16.09851300964753,96
local_sign+binary,chunk_16,169,IPC,9.80977085175974,96
local_sign+binary,chunk_16,169,KR,8.143662102520466,96
local_sign+binary,chunk_16,169,MC,5.734160276750724,96
local_sign+binary,chunk_16,169,cosine_similarity,0.5588233917951584,96
local_sign+binary,chunk_16,169,kl_to_gaussian,0.0,96
local_sign+binary,chunk_16,169,wt_mean,0.0030963896424509,96
local_sign+binary,chunk_17,170,GR,12.984398990869522,96
local_sign+binary,chunk_17,170,IPC,8.520267921321327,96
local_sign+binary,chunk_17,170,KR,6.74328488856554,96
local_sign+binary,chunk_17,170,MC,5.250138608117898,96
local_sign+binary,chunk_17,170,cosine_similarity,0.5588235408067703,96
local_sign+binary,chunk_17,170,kl_to_gaussian,0.0,96
local_sign+binary,chunk_17,170,wt_mean,0.002633527386933475,96
local_sign+binary,chunk_17,171,GR,14.366136764486631,96
local_sign+binary,chunk_17,171,IPC,9.055536531221795,96
local_sign+binary,chunk_17,171,KR,7.274880054096381,96
local_sign+binary,chunk_17,171,MC,5.281146881481011,96
local_sign+binary,chunk_17,171,cosine_similarity,0.5588235110044479,96
local_sign+binary,chunk_17,171,kl_to_gaussian,0.0,96
local_sign+binary,chunk_17,171,wt_mean,0.0028619487420655496,96
local_sign+binary,chunk_17,172,GR,14.007444051404795,96
local_sign+binary,chunk_17,172,IPC,8.719171985386987,96
local_sign+binary,chunk_17,172,KR,7.284251019358635,96
local_sign+binary,chunk_17,172,MC,5.177779049923022,96
local_sign+binary,chunk_17,172,cosine_similarity,0.5588235110044479,96
local_sign+binary,chunk_17,172,kl_to_gaussian,0.0,96
local_sign+binary,chunk_17,172,wt_mean,0.002887791197281275,96
local_sign+binary,chunk_17,173,GR,14.855357411007086,96
local_sign+binary,chunk_17,173,IPC,10.053180363726435,96
local_sign+binary,chunk_17,173,KR,7.721920058131218,96
local_sign+binary,chunk_17,173,MC,5.8334975863496465,96
local_sign+binary,chunk_17,173,cosine_similarity,0.5588236302137375,96
local_sign+binary,chunk_17,173,kl_to_gaussian,0.0,96
local_sign+binary,chunk_17,173,wt_mean,0.0028483924106694,96
local_sign+binary,chunk_17,174,GR,21.737129184106987,96
local_sign+binary,chunk_17,174,IPC,10.87381674195543,96
local_sign+binary,chunk_17,174,KR,10.648305977384249,96
local_sign+binary,chunk_17,174,MC,6.581921972334385,96
local_sign+binary,chunk_17,174,cosine_similarity,0.5588235706090927,96
local_sign+binary,chunk_17,174,kl_to_gaussian,0.0,96
local_sign+binary,chunk_17,174,wt_mean,0.0035747230285778,96
local_sign+binary,chunk_17,175,GR,15.606157675385475,96
local_sign+binary,chunk_17,175,IPC,9.029571287155624,96
local_sign+binary,chunk_17,175,KR,7.888579085469246,96
local_sign+binary,chunk_17,175,MC,5.399843530108531,96
local_sign+binary,chunk_17,175,cosine_similarity,0.5588235408067703,96
local_sign+binary,chunk_17,175,kl_to_gaussian,0.0,96
local_sign+binary,chunk_17,175,wt_mean,0.002878133847843825,96
local_sign+binary,chunk_17,176,GR,13.418706042071184,96
local_sign+binary,chunk_17,176,IPC,9.21338585453667,96
local_sign+binary,chunk_17,176,KR,6.847619352241357,96
local_sign+binary,chunk_17,176,MC,5.4651805988202495,96
local_sign+binary,chunk_17,176,cosine_similarity,0.5588236451148987,96
local_sign+binary,chunk_17,176,kl_to_gaussian,0.0,96
local_sign+binary,chunk_17,176,wt_mean,0.002854107529856225,96
local_sign+binary,chunk_17,177,GR,14.790052150686583,96
local_sign+binary,chunk_17,177,IPC,8.183448766843393,96
local_sign+binary,chunk_17,177,KR,7.619885079562664,96
local_sign+binary,chunk_17,177,MC,5.3197967285911245,96
local_sign+binary,chunk_17,177,cosine_similarity,0.558823823928833,96
local_sign+binary,chunk_17,177,kl_to_gaussian,0.0,96
local_sign+binary,chunk_17,177,wt_mean,0.002766642166534375,96
local_sign+binary,chunk_17,178,GR,12.321812917788824,96
local_sign+binary,chunk_17,178,IPC,8.809349162278478,96
local_sign+binary,chunk_17,178,KR,6.1518942440549536,96
local_sign+binary,chunk_17,178,MC,5.1301260478794575,96
local_sign+binary,chunk_17,178,cosine_similarity,0.5588235855102539,96
local_sign+binary,chunk_17,178,kl_to_gaussian,0.0,96
local_sign+binary,chunk_17,178,wt_mean,0.002665747306309575,96
local_sign+binary,chunk_17,179,GR,13.663055310646692,96
local_sign+binary,chunk_17,179,IPC,9.653869073559838,96
local_sign+binary,chunk_17,179,KR,6.8769638414184255,96
local_sign+binary,chunk_17,179,MC,5.720276140918334,96
local_sign+binary,chunk_17,179,cosine_similarity,0.5588235110044479,96
local_sign+binary,chunk_17,179,kl_to_gaussian,0.0,96
local_sign+binary,chunk_17,179,wt_mean,0.0028936612070537752,96
local_sign+binary,chunk_18,180,GR,13.808425433933735,96
local_sign+binary,chunk_18,180,IPC,9.089143648596856,96
local_sign+binary,chunk_18,180,KR,7.232973034183185,96
local_sign+binary,chunk_18,180,MC,5.567545976489782,96
local_sign+binary,chunk_18,180,cosine_similarity,0.5588236302137375,96
local_sign+binary,chunk_18,180,kl_to_gaussian,0.0,96
local_sign+binary,chunk_18,180,wt_mean,0.0028546788962557253,96
local_sign+binary,chunk_18,181,GR,14.140530832111835,96
local_sign+binary,chunk_18,181,IPC,9.251130102886462,96
local_sign+binary,chunk_18,181,KR,7.093792237341404,96
local_sign+binary,chunk_18,181,MC,5.4468402316172915,96
local_sign+binary,chunk_18,181,cosine_similarity,0.5588235408067703,96
local_sign+binary,chunk_18,181,kl_to_gaussian,0.0,96
local_sign+binary,chunk_18,181,wt_mean,0.0027674237499013,96
local_sign+binary,chunk_18,182,GR,14.25003003080686,96
local_sign+binary,chunk_18,182,IPC,9.785552164186578,96
local_sign+binary,chunk_18,182,KR,7.355592625836532,96
local_sign+binary,chunk_18,182,MC,5.740168636664748,96
local_sign+binary,chunk_18,182,cosine_similarity,0.5588236451148987,96
local_sign+binary,chunk_18,182,kl_to_gaussian,0.0,96
local_sign+binary,chunk_18,182,wt_mean,0.0028992348816245252,96
local_sign+binary,chunk_18,183,GR,13.695691838860512,96
local_sign+binary,chunk_18,183,IPC,9.045752540232114,96
local_sign+binary,chunk_18,183,KR,7.054290637373924,96
local_sign+binary,chunk_18,183,MC,5.502132909993331,96
local_sign+binary,chunk_18,183,cosine_similarity,0.5588235408067703,96
local_sign+binary,chunk_18,183,kl_to_gaussian,0.0,96
local_sign+binary,chunk_18,183,wt_mean,0.0027639052132144,96
local_sign+binary,chunk_18,184,GR,14.565459142128626,96
local_sign+binary,chunk_18,184,IPC,8.204949700046077,96
local_sign+binary,chunk_18,184,KR,7.371886029839516,96
local_sign+binary,chunk_18,184,MC,5.04533830160896,96
local_sign+binary,chunk_18,184,cosine_similarity,0.5588234961032867,96
local_sign+binary,chunk_18,184,kl_to_gaussian,0.0,96
local_sign+binary,chunk_18,184,wt_mean,0.0026674653636291,96
local_sign+binary,chunk_18,185,GR,11.621560581028461,96
local_sign+binary,chunk_18,185,IPC,9.147491053941074,96
local_sign+binary,chunk_18,185,KR,5.981073076526324,96
local_sign+binary,chunk_18,185,MC,5.437252186238766,96
local_sign+binary,chunk_18,185,cosine_similarity,0.5588235855102539,96
local_sign+binary,chunk_18,185,kl_to_gaussian,0.0,96
local_sign+binary,chunk_18,185,wt_mean,0.0027867803582921247,96
local_sign+binary,chunk_18,186,GR,20.732419699430466,96
local_sign+binary,chunk_18,186,IPC,10.657461926647068,96
local_sign+binary,chunk_18,186,KR,10.420204070707163,96
local_sign+binary,chunk_18,186,MC,6.730009352167447,96
local_sign+binary,chunk_18,186,cosine_similarity,0.5588233321905136,96
local_sign+binary,chunk_18,186,kl_to_gaussian,0.0,96
local_sign+binary,chunk_18,186,wt_mean,0.0034853483666664998,96
local_sign+binary,chunk_18,187,GR,15.94297439356645,96
local_sign+binary,chunk_18,187,IPC,9.630855155452148,96
local_sign+binary,chunk_18,187,KR,7.890145959953467,96
local_sign+binary,chunk_18,187,MC,5.651234248032172,96
local_sign+binary,chunk_18,187,cosine_similarity,0.5588236302137375,96
local_sign+binary,chunk_18,187,kl_to_gaussian,0.0,96
local_sign+binary,chunk_18,187,wt_mean,0.003154754871502475,96
local_sign+binary,chunk_18,188,GR,12.775540456175804,96
local_sign+binary,chunk_18,188,IPC,9.025786412718547,96
local_sign+binary,chunk_18,188,KR,6.64211538930734,96
local_sign+binary,chunk_18,188,MC,5.368034210366507,96
local_sign+binary,chunk_18,188,cosine_similarity,0.5588234066963196,96
local_sign+binary,chunk_18,188,kl_to_gaussian,0.0,96
local_sign+binary,chunk_18,188,wt_mean,0.002955436066258675,96
local_sign+binary,chunk_18,189,GR,10.140240537623564,96
local_sign+binary,chunk_18,189,IPC,8.81852957267199,96
local_sign+binary,chunk_18,189,KR,5.345712042103211,96
local_sign+binary,chunk_18,189,MC,5.336248022814591,96
local_sign+binary,chunk_18,189,cosine_similarity,0.5588234961032867,96
local_sign+binary,chunk_18,189,kl_to_gaussian,0.0,96
local_sign+binary,chunk_18,189,wt_mean,0.002645280881551975,96
local_sign+binary,chunk_19,190,GR,15.64642200867335,96
local_sign+binary,chunk_19,190,IPC,9.459946456041628,96
local_sign+binary,chunk_19,190,KR,8.011850381890932,96
local_sign+binary,chunk_19,190,MC,5.558519201974074,96
local_sign+binary,chunk_19,190,cosine_similarity,0.5588236153125763,96
local_sign+binary,chunk_19,190,kl_to_gaussian,0.0,96
local_sign+binary,chunk_19,190,wt_mean,0.00277469906723125,96
local_sign+binary,chunk_19,191,GR,10.567031875252724,96
local_sign+binary,chunk_19,191,IPC,8.497616991816319,96
local_sign+binary,chunk_19,191,KR,5.555532954633236,96
local_sign+binary,chunk_19,191,MC,5.010740550855796,96
local_sign+binary,chunk_19,191,cosine_similarity,0.5588235259056091,96
local_sign+binary,chunk_19,191,kl_to_gaussian,0.0,96
local_sign+binary,chunk_19,191,wt_mean,0.00251357397064565,96
local_sign+binary,chunk_19,192,GR,13.934025411804518,96
local_sign+binary,chunk_19,192,IPC,10.041408702590928,96
local_sign+binary,chunk_19,192,KR,6.797746288279693,96
local_sign+binary,chunk_19,192,MC,5.81202423820893,96
local_sign+binary,chunk_19,192,cosine_similarity,0.5588233768939972,96
local_sign+binary,chunk_19,192,kl_to_gaussian,0.0,96
local_sign+binary,chunk_19,192,wt_mean,0.0029904892435297,96
local_sign+binary,chunk_19,193,GR,14.487035865585009,96
local_sign+binary,chunk_19,193,IPC,9.801367707347069,96
local_sign+binary,chunk_19,193,KR,7.557488905886809,96
local_sign+binary,chunk_19,193,MC,5.865040925641854,96
local_sign+binary,chunk_19,193,cosine_similarity,0.5588233470916748,96
local_sign+binary,chunk_19,193,kl_to_gaussian,0.0,96
local_sign+binary,chunk_19,193,wt_mean,0.0029398137121460746,96
local_sign+binary,chunk_19,194,GR,13.62910412500302,96
local_sign+binary,chunk_19,194,IPC,9.678083466412401,96
local_sign+binary,chunk_19,194,KR,7.056554200748603,96
local_sign+binary,chunk_19,194,MC,5.474208425730467,96
local_sign+binary,chunk_19,194,cosine_similarity,0.5588234663009644,96
local_sign+binary,chunk_19,194,kl_to_gaussian,0.0,96
local_sign+binary,chunk_19,194,wt_mean,0.002778368012513925,96
local_sign+binary,chunk_19,195,GR,18.858743357161682,96
local_sign+binary,chunk_19,195,IPC,10.477504374764678,96
local_sign+binary,chunk_19,195,KR,9.469975608090559,96
local_sign+binary,chunk_19,195,MC,6.290654920041561,96
local_sign+binary,chunk_19,195,cosine_similarity,0.5588234961032867,96
local_sign+binary,chunk_19,195,kl_to_gaussian,0.0,96
local_sign+binary,chunk_19,195,wt_mean,0.003445263660978475,96
local_sign+binary,chunk_19,196,GR,11.090189797182878,96
local_sign+binary,chunk_19,196,IPC,7.9801820494026785,96
local_sign+binary,chunk_19,196,KR,5.950315872828166,96
local_sign+binary,chunk_19,196,MC,5.080806529770295,96
local_sign+binary,chunk_19,196,cosine_similarity,0.5588236451148987,96
local_sign+binary,chunk_19,196,kl_to_gaussian,0.0,96
local_sign+binary,chunk_19,196,wt_mean,0.002566661278251475,96
local_sign+binary,chunk_19,197,GR,15.390470795333385,96
local_sign+binary,chunk_19,197,IPC,10.388570745176965,96
local_sign+binary,chunk_19,197,KR,7.358621587355931,96
local_sign+binary,chunk_19,197,MC,6.040940097222726,96
local_sign+binary,chunk_19,197,cosine_similarity,0.558823749423027,96
local_sign+binary,chunk_19,197,kl_to_gaussian,0.0,96
local_sign+binary,chunk_19,197,wt_mean,0.0028727459139190003,96
local_sign+binary,chunk_19,198,GR,13.232571857670942,96
local_sign+binary,chunk_19,198,IPC,9.21410807308367,96
local_sign+binary,chunk_19,198,KR,6.6126566131909685,96
local_sign+binary,chunk_19,198,MC,5.303319570918878,96
local_sign+binary,chunk_19,198,cosine_similarity,0.5588235855102539,96
local_sign+binary,chunk_19,198,kl_to_gaussian,0.0,96
local_sign+binary,chunk_19,198,wt_mean,0.0027052589284721,96
local_sign+binary,chunk_19,199,GR,20.58004144579172,96
local_sign+binary,chunk_19,199,IPC,9.531282467658725,96
local_sign+binary,chunk_19,199,KR,10.209231726825237,96
local_sign+binary,chunk_19,199,MC,5.738627654810746,96
local_sign+binary,chunk_19,199,cosine_similarity,0.5588235408067703,96
local_sign+binary,chunk_19,199,kl_to_gaussian,0.0,96
local_sign+binary,chunk_19,199,wt_mean,0.0032165774027816747,96
local_sign+binary,chunk_2,20,GR,14.723061919212341,96
local_sign+binary,chunk_2,20,IPC,11.781802292013596,96
local_sign+binary,chunk_2,20,KR,7.354523072640101,96
local_sign+binary,chunk_2,20,MC,6.441337309777737,96
local_sign+binary,chunk_2,20,cosine_similarity,0.5588235855102539,96
local_sign+binary,chunk_2,20,kl_to_gaussian,0.0,96
local_sign+binary,chunk_2,20,wt_mean,0.0029414084856398,96
local_sign+binary,chunk_2,21,GR,13.436498321592808,96
local_sign+binary,chunk_2,21,IPC,10.035453026084872,96
local_sign+binary,chunk_2,21,KR,7.006455125908057,96
local_sign+binary,chunk_2,21,MC,5.800536344448726,96
local_sign+binary,chunk_2,21,cosine_similarity,0.5588233768939972,96
local_sign+binary,chunk_2,21,kl_to_gaussian,0.0,96
local_sign+binary,chunk_2,21,wt_mean,0.0027889529592357,96
local_sign+binary,chunk_2,22,GR,14.347515642642975,96
local_sign+binary,chunk_2,22,IPC,11.701644722865987,96
local_sign+binary,chunk_2,22,KR,7.406769861777623,96
local_sign+binary,chunk_2,22,MC,6.449324208001296,96
local_sign+binary,chunk_2,22,cosine_similarity,0.5588234513998032,96
local_sign+binary,chunk_2,22,kl_to_gaussian,0.0,96
local_sign+binary,chunk_2,22,wt_mean,0.0030169615638442004,96
local_sign+binary,chunk_2,23,GR,12.605372038980326,96
local_sign+binary,chunk_2,23,IPC,11.56531868184991,96
local_sign+binary,chunk_2,23,KR,6.4960577338933945,96
local_sign+binary,chunk_2,23,MC,6.321826495230198,96
local_sign+binary,chunk_2,23,cosine_similarity,0.5588234961032867,96
local_sign+binary,chunk_2,23,kl_to_gaussian,0.0,96
local_sign+binary,chunk_2,23,wt_mean,0.0029087709845043003,96
local_sign+binary,chunk_2,24,GR,17.18733276675145,96
local_sign+binary,chunk_2,24,IPC,11.561750341005464,96
local_sign+binary,chunk_2,24,KR,8.561128042638302,96
local_sign+binary,chunk_2,24,MC,6.525597803294659,96
local_sign+binary,chunk_2,24,cosine_similarity,0.5588235408067703,96
local_sign+binary,chunk_2,24,kl_to_gaussian,0.0,96
local_sign+binary,chunk_2,24,wt_mean,0.0030854723299853,96
local_sign+binary,chunk_2,25,GR,14.309459095199903,96
local_sign+binary,chunk_2,25,IPC,11.22332088427494,96
local_sign+binary,chunk_2,25,KR,7.244972152014573,96
local_sign+binary,chunk_2,25,MC,6.14422204097112,96
local_sign+binary,chunk_2,25,cosine_similarity,0.5588234513998032,96
local_sign+binary,chunk_2,25,kl_to_gaussian,0.0,96
local_sign+binary,chunk_2,25,wt_mean,0.0029708280344492998,96
local_sign+binary,chunk_2,26,GR,15.610319825510183,96
local_sign+binary,chunk_2,26,IPC,11.27340040290592,96
local_sign+binary,chunk_2,26,KR,8.066052364806334,96
local_sign+binary,chunk_2,26,MC,6.460154714683692,96
local_sign+binary,chunk_2,26,cosine_similarity,0.5588234812021255,96
local_sign+binary,chunk_2,26,kl_to_gaussian,0.0,96
local_sign+binary,chunk_2,26,wt_mean,0.0030168864759616255,96
local_sign+binary,chunk_2,27,GR,15.787014635900656,96
local_sign+binary,chunk_2,27,IPC,11.00019474222866,96
local_sign+binary,chunk_2,27,KR,7.998386822640896,96
local_sign+binary,chunk_2,27,MC,6.1786800275246305,96
local_sign+binary,chunk_2,27,cosine_similarity,0.5588237345218658,96
local_sign+binary,chunk_2,27,kl_to_gaussian,0.0,96
local_sign+binary,chunk_2,27,wt_mean,0.0030221783090382246,96
local_sign+binary,chunk_2,28,GR,13.416534468531609,96
local_sign+binary,chunk_2,28,IPC,11.362695451190733,96
local_sign+binary,chunk_2,28,KR,6.961562432348728,96
local_sign+binary,chunk_2,28,MC,6.370266906917095,96
local_sign+binary,chunk_2,28,cosine_similarity,0.5588235706090927,96
local_sign+binary,chunk_2,28,kl_to_gaussian,0.0,96
local_sign+binary,chunk_2,28,wt_mean,0.0028592370799742,96
local_sign+binary,chunk_2,29,GR,21.437132105231285,96
local_sign+binary,chunk_2,29,IPC,11.154141643195203,96
local_sign+binary,chunk_2,29,KR,10.330586788554987,96
local_sign+binary,chunk_2,29,MC,6.3593014776706696,96
local_sign+binary,chunk_2,29,cosine_similarity,0.5588234663009644,96
local_sign+binary,chunk_2,29,kl_to_gaussian,0.0,96
local_sign+binary,chunk_2,29,wt_mean,0.0031575289322063,96
local_sign+binary,chunk_3,30,GR,15.30332718292872,96
local_sign+binary,chunk_3,30,IPC,11.422102217918807,96
local_sign+binary,chunk_3,30,KR,7.94398361692826,96
local_sign+binary,chunk_3,30,MC,6.388397812843323,96
local_sign+binary,chunk_3,30,cosine_similarity,0.558823436498642,96
local_sign+binary,chunk_3,30,kl_to_gaussian,0.0,96
local_sign+binary,chunk_3,30,wt_mean,0.00296292942948635,96
local_sign+binary,chunk_3,31,GR,13.172752196590105,96
local_sign+binary,chunk_3,31,IPC,11.545646132338545,96
local_sign+binary,chunk_3,31,KR,6.794420262177785,96
local_sign+binary,chunk_3,31,MC,6.738001279532909,96
local_sign+binary,chunk_3,31,cosine_similarity,0.5588234215974808,96
local_sign+binary,chunk_3,31,kl_to_gaussian,0.0,96
local_sign+binary,chunk_3,31,wt_mean,0.0028420085436664,96
local_sign+binary,chunk_3,32,GR,11.539579893151918,96
local_sign+binary,chunk_3,32,IPC,9.198430665195813,96
local_sign+binary,chunk_3,32,KR,6.1628175502022104,96
local_sign+binary,chunk_3,32,MC,5.2811352995534735,96
local_sign+binary,chunk_3,32,cosine_similarity,0.5588234812021255,96
local_sign+binary,chunk_3,32,kl_to_gaussian,0.0,96
local_sign+binary,chunk_3,32,wt_mean,0.0023621558211743498,96
local_sign+binary,chunk_3,33,GR,11.919772394001484,96
local_sign+binary,chunk_3,33,IPC,10.955698198084141,96
local_sign+binary,chunk_3,33,KR,6.133305030564467,96
local_sign+binary,chunk_3,33,MC,6.182011265307665,96
local_sign+binary,chunk_3,33,cosine_similarity,0.5588236302137375,96
local_sign+binary,chunk_3,33,kl_to_gaussian,0.0,96
local_sign+binary,chunk_3,33,wt_mean,0.0027233781875110503,96
local_sign+binary,chunk_3,34,GR,12.704653725028038,96
local_sign+binary,chunk_3,34,IPC,10.144619021871621,96
local_sign+binary,chunk_3,34,KR,6.477575910588105,96
local_sign+binary,chunk_3,34,MC,5.86067911485831,96
local_sign+binary,chunk_3,34,cosine_similarity,0.5588232725858688,96
local_sign+binary,chunk_3,34,kl_to_gaussian,0.0,96
local_sign+binary,chunk_3,34,wt_mean,0.00263133121188725,96
local_sign+binary,chunk_3,35,GR,13.010064440468947,96
local_sign+binary,chunk_3,35,IPC,10.799811379680328,96
local_sign+binary,chunk_3,35,KR,6.845624469220638,96
local_sign+binary,chunk_3,35,MC,6.144597488145034,96
local_sign+binary,chunk_3,35,cosine_similarity,0.5588235855102539,96
local_sign+binary,chunk_3,35,kl_to_gaussian,0.0,96
local_sign+binary,chunk_3,35,wt_mean,0.0026549783360677996,96
local_sign+binary,chunk_3,36,GR,11.28320416311423,96
local_sign+binary,chunk_3,36,IPC,10.294596129329754,96
local_sign+binary,chunk_3,36,KR,5.839337249596913,96
local_sign+binary,chunk_3,36,MC,6.018473739425342,96
local_sign+binary,chunk_3,36,cosine_similarity,0.5588235557079315,96
local_sign+binary,chunk_3,36,kl_to_gaussian,0.0,96
local_sign+binary,chunk_3,36,wt_mean,0.00255570645094845,96
local_sign+binary,chunk_3,37,GR,12.71007880816857,96
local_sign+binary,chunk_3,37,IPC,11.01835172471361,96
local_sign+binary,chunk_3,37,KR,6.527635499835014,96
local_sign+binary,chunk_3,37,MC,6.058010121186574,96
local_sign+binary,chunk_3,37,cosine_similarity,0.5588234961032867,96
local_sign+binary,chunk_3,37,kl_to_gaussian,0.0,96
local_sign+binary,chunk_3,37,wt_mean,0.0028207545401527996,96
local_sign+binary,chunk_3,38,GR,14.24301482240359,96
local_sign+binary,chunk_3,38,IPC,10.569649753587745,96
local_sign+binary,chunk_3,38,KR,7.354523455103238,96
local_sign+binary,chunk_3,38,MC,6.059954029818376,96
local_sign+binary,chunk_3,38,cosine_similarity,0.5588236153125763,96
local_sign+binary,chunk_3,38,kl_to_gaussian,0.0,96
local_sign+binary,chunk_3,38,wt_mean,0.00281111861113455,96
local_sign+binary,chunk_3,39,GR,18.899454293151695,96
local_sign+binary,chunk_3,39,IPC,11.58659687701178,96
local_sign+binary,chunk_3,39,KR,9.204666937390963,96
local_sign+binary,chunk_3,39,MC,6.910126764327288,96
local_sign+binary,chunk_3,39,cosine_similarity,0.5588234812021255,96
local_sign+binary,chunk_3,39,kl_to_gaussian,0.0,96
local_sign+binary,chunk_3,39,wt_mean,0.0033411881886422252,96
local_sign+binary,chunk_4,40,GR,22.223126632471878,96
local_sign+binary,chunk_4,40,IPC,11.93737854411048,96
local_sign+binary,chunk_4,40,KR,10.863742793599764,96
local_sign+binary,chunk_4,40,MC,6.647480803231399,96
local_sign+binary,chunk_4,40,cosine_similarity,0.5588236302137375,96
local_sign+binary,chunk_4,40,kl_to_gaussian,0.0,96
local_sign+binary,chunk_4,40,wt_mean,0.003487054549623225,96
local_sign+binary,chunk_4,41,GR,12.917898339529833,96
local_sign+binary,chunk_4,41,IPC,10.80436779081198,96
local_sign+binary,chunk_4,41,KR,6.488757466276486,96
local_sign+binary,chunk_4,41,MC,5.843571338802576,96
local_sign+binary,chunk_4,41,cosine_similarity,0.5588235855102539,96
local_sign+binary,chunk_4,41,kl_to_gaussian,0.0,96
local_sign+binary,chunk_4,41,wt_mean,0.002808881341479675,96
local_sign+binary,chunk_4,42,GR,14.689155258238316,96
local_sign+binary,chunk_4,42,IPC,10.713881640821361,96
local_sign+binary,chunk_4,42,KR,7.706131080786387,96
local_sign+binary,chunk_4,42,MC,6.287234495083491,96
local_sign+binary,chunk_4,42,cosine_similarity,0.5588233768939972,96
local_sign+binary,chunk_4,42,kl_to_gaussian,0.0,96
local_sign+binary,chunk_4,42,wt_mean,0.002671490598004275,96
local_sign+binary,chunk_4,43,GR,16.405328166981537,96
local_sign+binary,chunk_4,43,IPC,10.056224793192158,96
local_sign+binary,chunk_4,43,KR,8.199333598216375,96
local_sign+binary,chunk_4,43,MC,5.891016694406669,96
local_sign+binary,chunk_4,43,cosine_similarity,0.5588236451148987,96
local_sign+binary,chunk_4,43,kl_to_gaussian,0.0,96
local_sign+binary,chunk_4,43,wt_mean,0.0028132266015745504,96
local_sign+binary,chunk_4,44,GR,13.281852280100187,96
local_sign+binary,chunk_4,44,IPC,10.641771971231188,96
local_sign+binary,chunk_4,44,KR,6.93282392124335,96
local_sign+binary,chunk_4,44,MC,6.051122213403384,96
local_sign+binary,chunk_4,44,cosine_similarity,0.5588236004114151,96
local_sign+binary,chunk_4,44,kl_to_gaussian,0.0,96
local_sign+binary,chunk_4,44,wt_mean,0.0026922226534224496,96
local_sign+binary,chunk_4,45,GR,13.882500037550926,96
local_sign+binary,chunk_4,45,IPC,10.39435764732108,96
local_sign+binary,chunk_4,45,KR,7.024220774571101,96
local_sign+binary,chunk_4,45,MC,5.789204088350137,96
local_sign+binary,chunk_4,45,cosine_similarity,0.5588235557079315,96
local_sign+binary,chunk_4,45,kl_to_gaussian,0.0,96
local_sign+binary,chunk_4,45,wt_mean,0.00273486098740245,96
local_sign+binary,chunk_4,46,GR,22.960137257973354,96
local_sign+binary,chunk_4,46,IPC,11.600340646675475,96
local_sign+binary,chunk_4,46,KR,11.152348111073175,96
local_sign+binary,chunk_4,46,MC,7.011659110585849,96
local_sign+binary,chunk_4,46,cosine_similarity,0.5588236600160599,96
local_sign+binary,chunk_4,46,kl_to_gaussian,0.0,96
local_sign+binary,chunk_4,46,wt_mean,0.00355256965849545,96
local_sign+binary,chunk_4,47,GR,13.13780033091704,96
local_sign+binary,chunk_4,47,IPC,10.341206835203002,96
local_sign+binary,chunk_4,47,KR,6.745708107948303,96
local_sign+binary,chunk_4,47,MC,5.7694750018417835,96
local_sign+binary,chunk_4,47,cosine_similarity,0.5588234812021255,96
local_sign+binary,chunk_4,47,kl_to_gaussian,0.0,96
local_sign+binary,chunk_4,47,wt_mean,0.00280618143733585,96
local_sign+binary,chunk_4,48,GR,14.38195768247048,96
local_sign+binary,chunk_4,48,IPC,11.364221332041444,96
local_sign+binary,chunk_4,48,KR,7.496165402233601,96
local_sign+binary,chunk_4,48,MC,6.44580032179753,96
local_sign+binary,chunk_4,48,cosine_similarity,0.5588234663009644,96
local_sign+binary,chunk_4,48,kl_to_gaussian,0.0,96
local_sign+binary,chunk_4,48,wt_mean,0.0028647050494327747,96
local_sign+binary,chunk_4,49,GR,13.295022768278917,96
local_sign+binary,chunk_4,49,IPC,11.28051810025496,96
local_sign+binary,chunk_4,49,KR,6.889849029481411,96
local_sign+binary,chunk_4,49,MC,6.384295761585236,96
local_sign+binary,chunk_4,49,cosine_similarity,0.5588234812021255,96
local_sign+binary,chunk_4,49,kl_to_gaussian,0.0,96
local_sign+binary,chunk_4,49,wt_mean,0.0028929113177582253,96
local_sign+binary,chunk_5,50,GR,11.400858372449875,96
local_sign+binary,chunk_5,50,IPC,9.987446764210288,96
local_sign+binary,chunk_5,50,KR,6.24286578843991,96
local_sign+binary,chunk_5,50,MC,5.821887952586015,96
local_sign+binary,chunk_5,50,cosine_similarity,0.5588235706090927,96
local_sign+binary,chunk_5,50,kl_to_gaussian,0.0,96
local_sign+binary,chunk_5,50,wt_mean,0.002574230893514975,96
local_sign+binary,chunk_5,51,GR,13.14606317381064,96
local_sign+binary,chunk_5,51,IPC,10.652793213351222,96
local_sign+binary,chunk_5,51,KR,6.801429805656274,96
local_sign+binary,chunk_5,51,MC,5.961252558976412,96
local_sign+binary,chunk_5,51,cosine_similarity,0.5588236302137375,96
local_sign+binary,chunk_5,51,kl_to_gaussian,0.0,96
local_sign+binary,chunk_5,51,wt_mean,0.0027703460655174503,96
local_sign+binary,chunk_5,52,GR,9.63788386558493,96
local_sign+binary,chunk_5,52,IPC,9.758112560176363,96
local_sign+binary,chunk_5,52,KR,5.0734818788866205,96
local_sign+binary,chunk_5,52,MC,5.596703077356021,96
local_sign+binary,chunk_5,52,cosine_similarity,0.5588236302137375,96
local_sign+binary,chunk_5,52,kl_to_gaussian,0.0,96
local_sign+binary,chunk_5,52,wt_mean,0.0026232832169625505,96
local_sign+binary,chunk_5,53,GR,13.039137974381447,96
local_sign+binary,chunk_5,53,IPC,10.379293318244502,96
local_sign+binary,chunk_5,53,KR,6.7170775557557745,96
local_sign+binary,chunk_5,53,MC,5.993195857852697,96
local_sign+binary,chunk_5,53,cosine_similarity,0.5588235110044479,96
local_sign+binary,chunk_5,53,kl_to_gaussian,0.0,96
local_sign+binary,chunk_5,53,wt_mean,0.0026788717950694003,96
local_sign+binary,chunk_5,54,GR,10.225539209942022,96
local_sign+binary,chunk_5,54,IPC,10.414551437596034,96
local_sign+binary,chunk_5,54,KR,5.474519282579422,96
local_sign+binary,chunk_5,54,MC,6.329124690343936,96
local_sign+binary,chunk_5,54,cosine_similarity,0.5588234812021255,96
local_sign+binary,chunk_5,54,kl_to_gaussian,0.0,96
local_sign+binary,chunk_5,54,wt_mean,0.0026522948173805746,96
local_sign+binary,chunk_5,55,GR,15.102988754709562,96
local_sign+binary,chunk_5,55,IPC,10.186498244495922,96
local_sign+binary,chunk_5,55,KR,7.659473210573196,96
local_sign+binary,chunk_5,55,MC,5.862498675783475,96
local_sign+binary,chunk_5,55,cosine_similarity,0.5588234215974808,96
local_sign+binary,chunk_5,55,kl_to_gaussian,0.0,96
local_sign+binary,chunk_5,55,wt_mean,0.00263183153583665,96
local_sign+binary,chunk_5,56,GR,12.827090645829836,96
local_sign+binary,chunk_5,56,IPC,10.792988017797255,96
local_sign+binary,chunk_5,56,KR,6.76128929356734,96
local_sign+binary,chunk_5,56,MC,6.012263465672731,96
local_sign+binary,chunk_5,56,cosine_similarity,0.5588235259056091,96
local_sign+binary,chunk_5,56,kl_to_gaussian,0.0,96
local_sign+binary,chunk_5,56,wt_mean,0.0028398941503836998,96
local_sign+binary,chunk_5,57,GR,11.610159680247307,96
local_sign+binary,chunk_5,57,IPC,11.070414041515901,96
local_sign+binary,chunk_5,57,KR,5.784996862212817,96
local_sign+binary,chunk_5,57,MC,6.0345003840823965,96
local_sign+binary,chunk_5,57,cosine_similarity,0.5588237792253494,96
local_sign+binary,chunk_5,57,kl_to_gaussian,0.0,96
local_sign+binary,chunk_5,57,wt_mean,0.002686596795683675,96
local_sign+binary,chunk_5,58,GR,13.80591587225596,96
local_sign+binary,chunk_5,58,IPC,10.12531169509816,96
local_sign+binary,chunk_5,58,KR,6.787716475625833,96
local_sign+binary,chunk_5,58,MC,5.613909386098385,96
local_sign+binary,chunk_5,58,cosine_similarity,0.5588234961032867,96
local_sign+binary,chunk_5,58,kl_to_gaussian,0.0,96
local_sign+binary,chunk_5,58,wt_mean,0.002667639957508025,96
local_sign+binary,chunk_5,59,GR,18.629371357460816,96
local_sign+binary,chunk_5,59,IPC,11.439231997236265,96
local_sign+binary,chunk_5,59,KR,9.376059579352537,96
local_sign+binary,chunk_5,59,MC,6.239258207380772,96
local_sign+binary,chunk_5,59,cosine_similarity,0.5588235557079315,96
local_sign+binary,chunk_5,59,kl_to_gaussian,0.0,96
local_sign+binary,chunk_5,59,wt_mean,0.00304953090380875,96
local_sign+binary,chunk_6,60,GR,11.402108589808146,96
local_sign+binary,chunk_6,60,IPC,9.68504440664759,96
local_sign+binary,chunk_6,60,KR,6.067721165716648,96
local_sign+binary,chunk_6,60,MC,5.358527281632026,96
local_sign+binary,chunk_6,60,cosine_similarity,0.5588236153125763,96
local_sign+binary,chunk_6,60,kl_to_gaussian,0.0,96
local_sign+binary,chunk_6,60,wt_mean,0.00255211844341825,96
local_sign+binary,chunk_6,61,GR,11.34482990950346,96
local_sign+binary,chunk_6,61,IPC,10.733391385895523,96
local_sign+binary,chunk_6,61,KR,5.882401707271735,96
local_sign+binary,chunk_6,61,MC,5.924186001221339,96
local_sign+binary,chunk_6,61,cosine_similarity,0.5588235110044479,96
local_sign+binary,chunk_6,61,kl_to_gaussian,0.0,96
local_sign+binary,chunk_6,61,wt_mean,0.0026714803243521254,96
local_sign+binary,chunk_6,62,GR,10.998635523021221,96
local_sign+binary,chunk_6,62,IPC,10.590061700699696,96
local_sign+binary,chunk_6,62,KR,5.69369200617075,96
local_sign+binary,chunk_6,62,MC,5.727001719176769,96
local_sign+binary,chunk_6,62,cosine_similarity,0.55882328748703,96
local_sign+binary,chunk_6,62,kl_to_gaussian,0.0,96
local_sign+binary,chunk_6,62,wt_mean,0.0026996726810466,96
local_sign+binary,chunk_6,63,GR,20.075263356169064,96
local_sign+binary,chunk_6,63,IPC,12.077368326594254,96
local_sign+binary,chunk_6,63,KR,10.083334719141325,96
local_sign+binary,chunk_6,63,MC,6.833315211037795,96
local_sign+binary,chunk_6,63,cosine_similarity,0.5588236451148987,96
local_sign+binary,chunk_6,63,kl_to_gaussian,0.0,96
local_sign+binary,chunk_6,63,wt_mean,0.00322402996243905,96
local_sign+binary,chunk_6,64,GR,23.074565877517063,96
local_sign+binary,chunk_6,64,IPC,11.694739331628368,96
local_sign+binary,chunk_6,64,KR,11.229901939630508,96
local_sign+binary,chunk_6,64,MC,6.758288850386937,96
local_sign+binary,chunk_6,64,cosine_similarity,0.558823749423027,96
local_sign+binary,chunk_6,64,kl_to_gaussian,0.0,96
local_sign+binary,chunk_6,64,wt_mean,0.0034347985638305003,96
local_sign+binary,chunk_6,65,GR,14.587072844306627,96
local_sign+binary,chunk_6,65,IPC,10.911826491898934,96
local_sign+binary,chunk_6,65,KR,7.580235026776791,96
local_sign+binary,chunk_6,65,MC,6.093716190507014,96
local_sign+binary,chunk_6,65,cosine_similarity,0.5588235408067703,96
local_sign+binary,chunk_6,65,kl_to_gaussian,0.0,96
local_sign+binary,chunk_6,65,wt_mean,0.002835077932104425,96
local_sign+binary,chunk_6,66,GR,15.441092240313688,96
local_sign+binary,chunk_6,66,IPC,10.798773277112753,96
local_sign+binary,chunk_6,66,KR,7.797105508546035,96
local_sign+binary,chunk_6,66,MC,6.059115159014861,96
local_sign+binary,chunk_6,66,cosine_similarity,0.5588235259056091,96
local_sign+binary,chunk_6,66,kl_to_gaussian,0.0,96
local_sign+binary,chunk_6,66,wt_mean,0.0029457857017404754,96
local_sign+binary,chunk_6,67,GR,15.690156223873297,96
local_sign+binary,chunk_6,67,IPC,10.728736339226158,96
local_sign+binary,chunk_6,67,KR,8.09752864887317,96
local_sign+binary,chunk_6,67,MC,6.219811048358679,96
local_sign+binary,chunk_6,67,cosine_similarity,0.5588235855102539,96
local_sign+binary,chunk_6,67,kl_to_gaussian,0.0,96
local_sign+binary,chunk_6,67,wt_mean,0.002943872532341575,96
local_sign+binary,chunk_6,68,GR,14.129257375995318,96
local_sign+binary,chunk_6,68,IPC,10.854213760668065,96
local_sign+binary,chunk_6,68,KR,7.211715213954449,96
local_sign+binary,chunk_6,68,MC,6.049931953350703,96
local_sign+binary,chunk_6,68,cosine_similarity,0.5588234215974808,96
local_sign+binary,chunk_6,68,kl_to_gaussian,0.0,96
local_sign+binary,chunk_6,68,wt_mean,0.0028896833537146254,96
local_sign+binary,chunk_6,69,GR,15.460024771591028,96
local_sign+binary,chunk_6,69,IPC,11.522624356070034,96
local_sign+binary,chunk_6,69,KR,7.723642960190773,96
local_sign+binary,chunk_6,69,MC,6.639380866040786,96
local_sign+binary,chunk_6,69,cosine_similarity,0.5588236153125763,96
local_sign+binary,chunk_6,69,kl_to_gaussian,0.0,96
local_sign+binary,chunk_6,69,wt_mean,0.0030648893443866996,96
local_sign+binary,chunk_7,70,GR,12.51665174216032,96
local_sign+binary,chunk_7,70,IPC,9.936454389550754,96
local_sign+binary,chunk_7,70,KR,6.479401141405106,96
local_sign+binary,chunk_7,70,MC,5.772447777291139,96
local_sign+binary,chunk_7,70,cosine_similarity,0.558823361992836,96
local_sign+binary,chunk_7,70,kl_to_gaussian,0.0,96
local_sign+binary,chunk_7,70,wt_mean,0.0027475939423311,96
local_sign+binary,chunk_7,71,GR,14.788051838676134,96
local_sign+binary,chunk_7,71,IPC,11.461392467831159,96
local_sign+binary,chunk_7,71,KR,7.485894960661729,96
local_sign+binary,chunk_7,71,MC,6.18058646718661,96
local_sign+binary,chunk_7,71,cosine_similarity,0.5588236153125763,96
local_sign+binary,chunk_7,71,kl_to_gaussian,0.0,96
local_sign+binary,chunk_7,71,wt_mean,0.002991898567415725,96
local_sign+binary,chunk_7,72,GR,13.886845223605633,96
local_sign+binary,chunk_7,72,IPC,11.438527917139302,96
local_sign+binary,chunk_7,72,KR,7.249592718978723,96
local_sign+binary,chunk_7,72,MC,6.761166873077552,96
local_sign+binary,chunk_7,72,cosine_similarity,0.5588235259056091,96
local_sign+binary,chunk_7,72,kl_to_gaussian,0.0,96
local_sign+binary,chunk_7,72,wt_mean,0.0028874798445030496,96
local_sign+binary,chunk_7,73,GR,9.61721401164929,96
local_sign+binary,chunk_7,73,IPC,10.799812130572057,96
local_sign+binary,chunk_7,73,KR,5.290942183385293,96
local_sign+binary,chunk_7,73,MC,6.267979174852371,96
local_sign+binary,chunk_7,73,cosine_similarity,0.5588236600160599,96
local_sign+binary,chunk_7,73,kl_to_gaussian,0.0,96
local_sign+binary,chunk_7,73,wt_mean,0.002688385837245675,96
local_sign+binary,chunk_7,74,GR,12.730764058729013,96
local_sign+binary,chunk_7,74,IPC,10.68368126495058,96
local_sign+binary,chunk_7,74,KR,6.378445928295453,96
local_sign+binary,chunk_7,74,MC,5.988394151131312,96
local_sign+binary,chunk_7,74,cosine_similarity,0.5588237196207047,96
local_sign+binary,chunk_7,74,kl_to_gaussian,0.0,96
local_sign+binary,chunk_7,74,wt_mean,0.0026961264666169253,96
local_sign+binary,chunk_7,75,GR,19.179721700648468,96
local_sign+binary,chunk_7,75,IPC,11.14433797006856,96
local_sign+binary,chunk_7,75,KR,9.720969446003437,96
local_sign+binary,chunk_7,75,MC,6.770197960237662,96
local_sign+binary,chunk_7,75,cosine_similarity,0.5588236749172211,96
local_sign+binary,chunk_7,75,kl_to_gaussian,0.0,96
local_sign+binary,chunk_7,75,wt_mean,0.0030111313099041004,96
local_sign+binary,chunk_7,76,GR,13.875147389868895,96
local_sign+binary,chunk_7,76,IPC,11.1796115909949,96
local_sign+binary,chunk_7,76,KR,7.133345892031987,96
local_sign+binary,chunk_7,76,MC,6.517034217715263,96
local_sign+binary,chunk_7,76,cosine_similarity,0.5588233768939972,96
local_sign+binary,chunk_7,76,kl_to_gaussian,0.0,96
local_sign+binary,chunk_7,76,wt_mean,0.002920978644397075,96
local_sign+binary,chunk_7,77,GR,15.192941879232725,96
local_sign+binary,chunk_7,77,IPC,11.260048559864662,96
local_sign+binary,chunk_7,77,KR,7.908743314445019,96
local_sign+binary,chunk_7,77,MC,6.193868423501651,96
local_sign+binary,chunk_7,77,cosine_similarity,0.5588235557079315,96
local_sign+binary,chunk_7,77,kl_to_gaussian,0.0,96
local_sign+binary,chunk_7,77,wt_mean,0.00298249541083345,96
local_sign+binary,chunk_7,78,GR,12.230724635223547,96
local_sign+binary,chunk_7,78,IPC,10.435515187628686,96
local_sign+binary,chunk_7,78,KR,6.107842490077019,96
local_sign+binary,chunk_7,78,MC,5.774494702617328,96
local_sign+binary,chunk_7,78,cosine_similarity,0.5588235706090927,96
local_sign+binary,chunk_7,78,kl_to_gaussian,0.0,96
local_sign+binary,chunk_7,78,wt_mean,0.002773263084236475,96
local_sign+binary,chunk_7,79,GR,17.734576721986134,96
local_sign+binary,chunk_7,79,IPC,11.755770879074957,96
local_sign+binary,chunk_7,79,KR,8.935047931969166,96
local_sign+binary,chunk_7,79,MC,6.771230953435103,96
local_sign+binary,chunk_7,79,cosine_similarity,0.5588236153125763,96
local_sign+binary,chunk_7,79,kl_to_gaussian,0.0,96
local_sign+binary,chunk_7,79,wt_mean,0.0031868973164818747,96
local_sign+binary,chunk_8,80,GR,12.454837369422117,96
local_sign+binary,chunk_8,80,IPC,9.3685501874906,96
local_sign+binary,chunk_8,80,KR,6.32430528352658,96
local_sign+binary,chunk_8,80,MC,5.722754701972008,96
local_sign+binary,chunk_8,80,cosine_similarity,0.5588235259056091,96
local_sign+binary,chunk_8,80,kl_to_gaussian,0.0,96
local_sign+binary,chunk_8,80,wt_mean,0.002827129559591375,96
local_sign+binary,chunk_8,81,GR,16.399911604821682,96
local_sign+binary,chunk_8,81,IPC,9.35141284719307,96
local_sign+binary,chunk_8,81,KR,8.165619482596716,96
local_sign+binary,chunk_8,81,MC,5.597951316585143,96
local_sign+binary,chunk_8,81,cosine_similarity,0.5588234513998032,96
local_sign+binary,chunk_8,81,kl_to_gaussian,0.0,96
local_sign+binary,chunk_8,81,wt_mean,0.0030174020212143248,96
local_sign+binary,chunk_8,82,GR,12.407426158587137,96
local_sign+binary,chunk_8,82,IPC,8.751976539889098,96
local_sign+binary,chunk_8,82,KR,6.431137762963772,96
local_sign+binary,chunk_8,82,MC,5.371963780373335,96
local_sign+binary,chunk_8,82,cosine_similarity,0.5588235408067703,96
local_sign+binary,chunk_8,82,kl_to_gaussian,0.0,96
local_sign+binary,chunk_8,82,wt_mean,0.002739629999268725,96
local_sign+binary,chunk_8,83,GR,13.446802529195944,96
local_sign+binary,chunk_8,83,IPC,8.635379355876873,96
local_sign+binary,chunk_8,83,KR,6.66734146575133,96
local_sign+binary,chunk_8,83,MC,5.136963906387488,96
local_sign+binary,chunk_8,83,cosine_similarity,0.5588233768939972,96
local_sign+binary,chunk_8,83,kl_to_gaussian,0.0,96
local_sign+binary,chunk_8,83,wt_mean,0.0027936327969655,96
local_sign+binary,chunk_8,84,GR,11.477140029271444,96
local_sign+binary,chunk_8,84,IPC,9.710203584846182,96
local_sign+binary,chunk_8,84,KR,6.018143015603225,96
local_sign+binary,chunk_8,84,MC,5.839833351473014,96
local_sign+binary,chunk_8,84,cosine_similarity,0.5588234961032867,96
local_sign+binary,chunk_8,84,kl_to_gaussian,0.0,96
local_sign+binary,chunk_8,84,wt_mean,0.0026810317940544003,96
local_sign+binary,chunk_8,85,GR,17.234333132704098,96
local_sign+binary,chunk_8,85,IPC,9.20934525138831,96
local_sign+binary,chunk_8,85,KR,8.641075837115446,96
local_sign+binary,chunk_8,85,MC,5.597598232328892,96
local_sign+binary,chunk_8,85,cosine_similarity,0.5588236004114151,96
local_sign+binary,chunk_8,85,kl_to_gaussian,0.0,96
local_sign+binary,chunk_8,85,wt_mean,0.002942500112112575,96
local_sign+binary,chunk_8,86,GR,11.996606449286142,96
local_sign+binary,chunk_8,86,IPC,9.12472138074727,96
local_sign+binary,chunk_8,86,KR,6.24864233781894,96
local_sign+binary,chunk_8,86,MC,5.607624548176925,96
local_sign+binary,chunk_8,86,cosine_similarity,0.5588236600160599,96
local_sign+binary,chunk_8,86,kl_to_gaussian,0.0,96
local_sign+binary,chunk_8,86,wt_mean,0.0028274194337427005,96
local_sign+binary,chunk_8,87,GR,14.511179822186628,96
local_sign+binary,chunk_8,87,IPC,8.992556692731275,96
local_sign+binary,chunk_8,87,KR,7.351751235624154,96
local_sign+binary,chunk_8,87,MC,5.23813974733154,96
local_sign+binary,chunk_8,87,cosine_similarity,0.5588235408067703,96
local_sign+binary,chunk_8,87,kl_to_gaussian,0.0,96
local_sign+binary,chunk_8,87,wt_mean,0.002753536711679725,96
local_sign+binary,chunk_8,88,GR,15.364452516039213,96
local_sign+binary,chunk_8,88,IPC,9.60615279566971,96
local_sign+binary,chunk_8,88,KR,7.773608485857646,96
local_sign+binary,chunk_8,88,MC,5.685200991729896,96
local_sign+binary,chunk_8,88,cosine_similarity,0.5588235706090927,96
local_sign+binary,chunk_8,88,kl_to_gaussian,0.0,96
local_sign+binary,chunk_8,88,wt_mean,0.0029285243363119003,96
local_sign+binary,chunk_8,89,GR,18.859780371189117,96
local_sign+binary,chunk_8,89,IPC,10.864057448468534,96
local_sign+binary,chunk_8,89,KR,9.253646411001682,96
local_sign+binary,chunk_8,89,MC,6.614851646125317,96
local_sign+binary,chunk_8,89,cosine_similarity,0.5588235110044479,96
local_sign+binary,chunk_8,89,kl_to_gaussian,0.0,96
local_sign+binary,chunk_8,89,wt_mean,0.003368430247064625,96
local_sign+binary,chunk_9,90,GR,14.460742572943369,96
local_sign+binary,chunk_9,90,IPC,9.496799194710517,96
local_sign+binary,chunk_9,90,KR,7.4117067356904345,96
local_sign+binary,chunk_9,90,MC,5.560781183342139,96
local_sign+binary,chunk_9,90,cosine_similarity,0.5588234812021255,96
local_sign+binary,chunk_9,90,kl_to_gaussian,0.0,96
local_sign+binary,chunk_9,90,wt_mean,0.0026816912577486748,96
local_sign+binary,chunk_9,91,GR,17.358886316418648,96
local_sign+binary,chunk_9,91,IPC,10.240261892154054,96
local_sign+binary,chunk_9,91,KR,8.793650942544142,96
local_sign+binary,chunk_9,91,MC,5.891478346039851,96
local_sign+binary,chunk_9,91,cosine_similarity,0.5588235557079315,96
local_sign+binary,chunk_9,91,kl_to_gaussian,0.0,96
local_sign+binary,chunk_9,91,wt_mean,0.003186152142006875,96
local_sign+binary,chunk_9,92,GR,11.987905450165272,96
local_sign+binary,chunk_9,92,IPC,9.56539237338678,96
local_sign+binary,chunk_9,92,KR,6.303001902997494,96
local_sign+binary,chunk_9,92,MC,5.659402335683505,96
local_sign+binary,chunk_9,92,cosine_similarity,0.5588233470916748,96
local_sign+binary,chunk_9,92,kl_to_gaussian,0.0,96
local_sign+binary,chunk_9,92,wt_mean,0.0028468012460507,96
local_sign+binary,chunk_9,93,GR,14.868118986487389,96
local_sign+binary,chunk_9,93,IPC,8.779590716543888,96
local_sign+binary,chunk_9,93,KR,7.63844798753659,96
local_sign+binary,chunk_9,93,MC,5.3028020312388735,96
local_sign+binary,chunk_9,93,cosine_similarity,0.5588235110044479,96
local_sign+binary,chunk_9,93,kl_to_gaussian,0.0,96
local_sign+binary,chunk_9,93,wt_mean,0.002815618528984425,96
local_sign+binary,chunk_9,94,GR,15.629191810886065,96
local_sign+binary,chunk_9,94,IPC,10.57749631688432,96
local_sign+binary,chunk_9,94,KR,7.94282000263532,96
local_sign+binary,chunk_9,94,MC,6.172929832090934,96
local_sign+binary,chunk_9,94,cosine_similarity,0.5588234812021255,96
local_sign+binary,chunk_9,94,kl_to_gaussian,0.0,96
local_sign+binary,chunk_9,94,wt_mean,0.003001934499479775,96
local_sign+binary,chunk_9,95,GR,15.984096184372902,96
local_sign+binary,chunk_9,95,IPC,9.552625447805953,96
local_sign+binary,chunk_9,95,KR,7.892698374887307,96
local_sign+binary,chunk_9,95,MC,5.666232652962208,96
local_sign+binary,chunk_9,95,cosine_similarity,0.5588234812021255,96
local_sign+binary,chunk_9,95,kl_to_gaussian,0.0,96
local_sign+binary,chunk_9,95,wt_mean,0.00297303561819715,96
local_sign+binary,chunk_9,96,GR,11.94732520232598,96
local_sign+binary,chunk_9,96,IPC,8.81301914247332,96
local_sign+binary,chunk_9,96,KR,5.9175819257895155,96
local_sign+binary,chunk_9,96,MC,5.079497578243415,96
local_sign+binary,chunk_9,96,cosine_similarity,0.5588234663009644,96
local_sign+binary,chunk_9,96,kl_to_gaussian,0.0,96
local_sign+binary,chunk_9,96,wt_mean,0.002682919148355675,96
local_sign+binary,chunk_9,97,GR,14.256373713413874,96
local_sign+binary,chunk_9,97,IPC,9.285782643516125,96
local_sign+binary,chunk_9,97,KR,7.206023819744587,96
local_sign+binary,chunk_9,97,MC,5.317961577326059,96
local_sign+binary,chunk_9,97,cosine_similarity,0.5588233917951584,96
local_sign+binary,chunk_9,97,kl_to_gaussian,0.0,96
local_sign+binary,chunk_9,97,wt_mean,0.0027803882840089253,96
local_sign+binary,chunk_9,98,GR,23.81101868549983,96
local_sign+binary,chunk_9,98,IPC,10.426772270715858,96
local_sign+binary,chunk_9,98,KR,11.561452314257622,96
local_sign+binary,chunk_9,98,MC,6.252294642229875,96
local_sign+binary,chunk_9,98,cosine_similarity,0.5588233917951584,96
local_sign+binary,chunk_9,98,kl_to_gaussian,0.0,96
local_sign+binary,chunk_9,98,wt_mean,0.003561203309800425,96
local_sign+binary,chunk_9,99,GR,18.781632197399933,96
local_sign+binary,chunk_9,99,IPC,9.649270195115124,96
local_sign+binary,chunk_9,99,KR,9.587942190468311,96
local_sign+binary,chunk_9,99,MC,6.029809669901927,96
local_sign+binary,chunk_9,99,cosine_similarity,0.5588233768939972,96
local_sign+binary,chunk_9,99,kl_to_gaussian,0.0,96
local_sign+binary,chunk_9,99,wt_mean,0.0031200764351524,96
real,chunk_0,0,GR,7.608200178792079,96
real,chunk_0,0,IPC,9.451583774790175,96
real,chunk_0,0,KR,4.272060447682937,96
real,chunk_0,0,MC,5.716911666095257,96
real,chunk_0,0,cosine_similarity,0.3826737999916076,96
real,chunk_0,0,kl_to_gaussian,1.1599981977255307,96
real,chunk_0,0,wt_mean,0.00155810706201005,96
real,chunk_0,1,GR,9.51433376967907,96
real,chunk_0,1,IPC,9.307329492926366,96
real,chunk_0,1,KR,5.330224710206191,96
real,chunk_0,1,MC,5.255419141302506,96
real,chunk_0,1,cosine_similarity,0.3674211427569389,96
real,chunk_0,1,kl_to_gaussian,1.1599981744046475,96
real,chunk_0,1,wt_mean,0.00154160172678525,96
real,chunk_0,2,GR,9.211698231597742,96
real,chunk_0,2,IPC,8.963855733087103,96
real,chunk_0,2,KR,5.085970093806584,96
real,chunk_0,2,MC,5.467107369254033,96
real,chunk_0,2,cosine_similarity,0.36994175612926483,96
real,chunk_0,2,kl_to_gaussian,1.1599982143597674,96
real,chunk_0,2,wt_mean,0.0016354885592590749,96
real,chunk_0,3,GR,10.2338902130723,96
real,chunk_0,3,IPC,9.24769056707692,96
real,chunk_0,3,KR,5.446165941655636,96
real,chunk_0,3,MC,5.326662510633469,96
real,chunk_0,3,cosine_similarity,0.3703294172883034,96
real,chunk_0,3,kl_to_gaussian,1.1599981892222913,96
real,chunk_0,3,wt_mean,0.001572608278365725,96
real,chunk_0,4,GR,9.358655296266079,96
real,chunk_0,4,IPC,8.855824531792164,96
real,chunk_0,4,KR,5.076830290257931,96
real,chunk_0,4,MC,5.204175585259994,96
real,chunk_0,4,cosine_similarity,0.36864911019802094,96
real,chunk_0,4,kl_to_gaussian,1.159998253415448,96
real,chunk_0,4,wt_mean,0.00157422581105485,96
real,chunk_0,5,GR,8.082077478369078,96
real,chunk_0,5,IPC,9.903141602498861,96
real,chunk_0,5,KR,4.747366813321908,96
real,chunk_0,5,MC,6.193145339687665,96
real,chunk_0,5,cosine_similarity,0.36024726927280426,96
real,chunk_0,5,kl_to_gaussian,1.1599982756952567,96
real,chunk_0,5,wt_mean,0.0015106130158528,96
real,chunk_0,6,GR,8.442159958183765,96
real,chunk_0,6,IPC,9.233780730444286,96
real,chunk_0,6,KR,4.960896036277215,96
real,chunk_0,6,MC,5.8413942232728004,96
real,chunk_0,6,cosine_similarity,0.3725268915295601,96
real,chunk_0,6,kl_to_gaussian,1.1599982188184528,96
real,chunk_0,6,wt_mean,0.00155404405086295,96
real,chunk_0,7,GR,9.940340541303158,96
real,chunk_0,7,IPC,9.463490807558914,96
real,chunk_0,7,KR,5.3449532315135,96
real,chunk_0,7,MC,5.383474825570981,96
real,chunk_0,7,cosine_similarity,0.3714282065629959,96
real,chunk_0,7,kl_to_gaussian,1.1599981306506948,96
real,chunk_0,7,wt_mean,0.0016226614243350253,96
real,chunk_0,8,GR,9.201579295098782,96
real,chunk_0,8,IPC,9.298305988828082,96
real,chunk_0,8,KR,5.082170136272907,96
real,chunk_0,8,MC,5.52087099229296,96
real,chunk_0,8,cosine_similarity,0.3603118732571602,96
real,chunk_0,8,kl_to_gaussian,1.1599981738895715,96
real,chunk_0,8,wt_mean,0.001546763902297225,96
real,chunk_0,9,GR,9.769747696816921,96
real,chunk_0,9,IPC,9.612356810456829,96
real,chunk_0,9,KR,5.406776547431946,96
real,chunk_0,9,MC,5.526911290983359,96
real,chunk_0,9,cosine_similarity,0.3746597170829773,96
real,chunk_0,9,kl_to_gaussian,1.1599982197116547,96
real,chunk_0,9,wt_mean,0.001701580680673875,96
real,chunk_1,10,GR,9.907130690912405,96
real,chunk_1,10,IPC,9.526439124072962,96
real,chunk_1,10,KR,5.555888519932826,96
real,chunk_1,10,MC,5.814869900544484,96
real,chunk_1,10,cosine_similarity,0.3690369054675102,96
real,chunk_1,10,kl_to_gaussian,1.1599982488854972,96
real,chunk_1,10,wt_mean,0.0016960141365416,96
real,chunk_1,11,GR,9.894436148305735,96
real,chunk_1,11,IPC,9.498864459257709,96
real,chunk_1,11,KR,5.687617522974809,96
real,chunk_1,11,MC,5.84443270911773,96
real,chunk_1,11,cosine_similarity,0.3599240854382515,96
real,chunk_1,11,kl_to_gaussian,1.1599982640848474,96
real,chunk_1,11,wt_mean,0.001575010275701,96
real,chunk_1,12,GR,10.885761305689812,96
real,chunk_1,12,IPC,8.5838819754603,96
real,chunk_1,12,KR,5.670733660459518,96
real,chunk_1,12,MC,5.019775129854679,96
real,chunk_1,12,cosine_similarity,0.3778912201523781,96
real,chunk_1,12,kl_to_gaussian,1.159998277011849,96
real,chunk_1,12,wt_mean,0.001717552135232775,96
real,chunk_1,13,GR,10.849203469852606,96
real,chunk_1,13,IPC,9.144731979882467,96
real,chunk_1,13,KR,6.036218690375487,96
real,chunk_1,13,MC,5.720836937427521,96
real,chunk_1,13,cosine_similarity,0.3791838213801384,96
real,chunk_1,13,kl_to_gaussian,1.1599982775722175,96
real,chunk_1,13,wt_mean,0.001682738307863425,96
real,chunk_1,14,GR,8.392423085868359,96
real,chunk_1,14,IPC,9.00921714183478,96
real,chunk_1,14,KR,4.832775592803955,96
real,chunk_1,14,MC,5.456075524290402,96
real,chunk_1,14,cosine_similarity,0.3610873743891716,96
real,chunk_1,14,kl_to_gaussian,1.159998272531967,96
real,chunk_1,14,wt_mean,0.0015150321123655502,96
real,chunk_1,15,GR,9.657167688012123,96
real,chunk_1,15,IPC,9.04354142711991,96
real,chunk_1,15,KR,5.3899394770463305,96
real,chunk_1,15,MC,5.604911251614491,96
real,chunk_1,15,cosine_similarity,0.36800285428762436,96
real,chunk_1,15,kl_to_gaussian,1.1599982358806809,96
real,chunk_1,15,wt_mean,0.00163865936337965,96
real,chunk_1,16,GR,9.743309897681078,96
real,chunk_1,16,IPC,9.235657070136043,96
real,chunk_1,16,KR,5.1926417499780655,96
real,chunk_1,16,MC,5.38323254386584,96
real,chunk_1,16,cosine_similarity,0.36425429582595825,96
real,chunk_1,16,kl_to_gaussian,1.1599981629642404,96
real,chunk_1,16,wt_mean,0.0016450610710307498,96
real,chunk_1,17,GR,9.926732634504637,96
real,chunk_1,17,IPC,8.91035194835951,96
real,chunk_1,17,KR,5.572962549825509,96
real,chunk_1,17,MC,5.487016975879669,96
real,chunk_1,17,cosine_similarity,0.3726562112569809,96
real,chunk_1,17,kl_to_gaussian,1.159998165402681,96
real,chunk_1,17,wt_mean,0.0017021894163917002,96
real,chunk_1,18,GR,12.371405102312565,96
real,chunk_1,18,IPC,9.376028777054367,96
real,chunk_1,18,KR,6.70408113549153,96
real,chunk_1,18,MC,5.568758226931095,96
real,chunk_1,18,cosine_similarity,0.3736902698874473,96
real,chunk_1,18,kl_to_gaussian,1.1599982486286384,96
real,chunk_1,18,wt_mean,0.001667278032982675,96
real,chunk_1,19,GR,8.938026756048203,96
real,chunk_1,19,IPC,9.855220808825967,96
real,chunk_1,19,KR,4.9290337190032005,96
real,chunk_1,19,MC,5.910704125960668,96
real,chunk_1,19,cosine_similarity,0.36244463175535196,96
real,chunk_1,19,kl_to_gaussian,1.1599982036252723,96
real,chunk_1,19,wt_mean,0.0015884365129749751,96
real,chunk_10,100,GR,8.83414439111948,96
real,chunk_10,100,IPC,8.545258138053477,96
real,chunk_10,100,KR,5.007971127827962,96
real,chunk_10,100,MC,5.2877242267131805,96
real,chunk_10,100,cosine_similarity,0.3670333474874496,96
real,chunk_10,100,kl_to_gaussian,1.1599981562518589,96
real,chunk_10,100,wt_mean,0.0015156065928749,96
real,chunk_10,101,GR,9.977765376369158,96
real,chunk_10,101,IPC,8.659321346246026,96
real,chunk_10,101,KR,5.544097262124221,96
real,chunk_10,101,MC,5.381360303610563,96
real,chunk_10,101,cosine_similarity,0.3749828413128853,96
real,chunk_10,101,kl_to_gaussian,1.1599981326833528,96
real,chunk_10,101,wt_mean,0.0017704752972349002,96
real,chunk_10,102,GR,8.457650102674961,96
real,chunk_10,102,IPC,8.351612469401333,96
real,chunk_10,102,KR,4.936297873655955,96
real,chunk_10,102,MC,5.04850157101949,96
real,chunk_10,102,cosine_similarity,0.36916615813970566,96
real,chunk_10,102,kl_to_gaussian,1.1599981811864977,96
real,chunk_10,102,wt_mean,0.00154172957991245,96
real,chunk_10,103,GR,10.735078891118368,96
real,chunk_10,103,IPC,8.995148897681068,96
real,chunk_10,103,KR,6.000156976282597,96
real,chunk_10,103,MC,5.515662580728531,96
real,chunk_10,103,cosine_similarity,0.36238002032041544,96
real,chunk_10,103,kl_to_gaussian,1.1599982456371944,96
real,chunk_10,103,wt_mean,0.001628561731195025,96
real,chunk_10,104,GR,9.36177242298921,96
real,chunk_10,104,IPC,8.949328107011674,96
real,chunk_10,104,KR,4.999460962911447,96
real,chunk_10,104,MC,5.2390481407443685,96
real,chunk_10,104,cosine_similarity,0.36431893706321716,96
real,chunk_10,104,kl_to_gaussian,1.1599981577654008,96
real,chunk_10,104,wt_mean,0.00169277098029845,96
real,chunk_10,105,GR,9.801293678581715,96
real,chunk_10,105,IPC,8.24448315640743,96
real,chunk_10,105,KR,5.554135166108608,96
real,chunk_10,105,MC,5.212430783857902,96
real,chunk_10,105,cosine_similarity,0.36076429486274714,96
real,chunk_10,105,kl_to_gaussian,1.1599982027541769,96
real,chunk_10,105,wt_mean,0.0015884101158007752,96
real,chunk_10,106,GR,9.718579570452372,96
real,chunk_10,106,IPC,8.782387539121702,96
real,chunk_10,106,KR,5.5951054990291595,96
real,chunk_10,106,MC,5.354519260426362,96
real,chunk_10,106,cosine_similarity,0.3722037971019745,96
real,chunk_10,106,kl_to_gaussian,1.159998168706109,96
real,chunk_10,106,wt_mean,0.001738019229378525,96
real,chunk_10,107,GR,9.373787303765615,96
real,chunk_10,107,IPC,8.451207657651915,96
real,chunk_10,107,KR,5.205090381205082,96
real,chunk_10,107,MC,5.447253927588463,96
real,chunk_10,107,cosine_similarity,0.3823506757616997,96
real,chunk_10,107,kl_to_gaussian,1.1599981943648658,96
real,chunk_10,107,wt_mean,0.0016950805438681752,96
real,chunk_10,108,GR,7.764956183731556,96
real,chunk_10,108,IPC,8.712999376536569,96
real,chunk_10,108,KR,4.4153615434964495,96
real,chunk_10,108,MC,5.355081185698509,96
real,chunk_10,108,cosine_similarity,0.3692953959107399,96
real,chunk_10,108,kl_to_gaussian,1.1599982351576301,96
real,chunk_10,108,wt_mean,0.0015195230953395,96
real,chunk_10,109,GR,10.104938266177973,96
real,chunk_10,109,IPC,9.160745516099498,96
real,chunk_10,109,KR,5.539939314126968,96
real,chunk_10,109,MC,5.725249886512756,96
real,chunk_10,109,cosine_similarity,0.3605057671666145,96
real,chunk_10,109,kl_to_gaussian,1.1599981474339134,96
real,chunk_10,109,wt_mean,0.001659491506870775,96
real,chunk_11,110,GR,9.043645595510801,96
real,chunk_11,110,IPC,8.410124471975113,96
real,chunk_11,110,KR,5.03488402813673,96
real,chunk_11,110,MC,5.2756611841420336,96
real,chunk_11,110,cosine_similarity,0.37562912702560425,96
real,chunk_11,110,kl_to_gaussian,1.1599982131017448,96
real,chunk_11,110,wt_mean,0.0016445741348433752,96
real,chunk_11,111,GR,10.098900591333708,96
real,chunk_11,111,IPC,9.103690917447452,96
real,chunk_11,111,KR,5.772362346450488,96
real,chunk_11,111,MC,5.770466634382804,96
real,chunk_11,111,cosine_similarity,0.3671626001596451,96
real,chunk_11,111,kl_to_gaussian,1.1599982437052418,96
real,chunk_11,111,wt_mean,0.00155283216736275,96
real,chunk_11,112,GR,10.646358025570711,96
real,chunk_11,112,IPC,8.817991408293352,96
real,chunk_11,112,KR,5.904696993529797,96
real,chunk_11,112,MC,5.370624882479508,96
real,chunk_11,112,cosine_similarity,0.37614620476961136,96
real,chunk_11,112,kl_to_gaussian,1.1599981786147402,96
real,chunk_11,112,wt_mean,0.0016821273311506749,96
real,chunk_11,113,GR,10.246829224129518,96
real,chunk_11,113,IPC,8.085061899989661,96
real,chunk_11,113,KR,5.700677399833997,96
real,chunk_11,113,MC,5.041695186247428,96
real,chunk_11,113,cosine_similarity,0.3791837841272354,96
real,chunk_11,113,kl_to_gaussian,1.1599981869613738,96
real,chunk_11,113,wt_mean,0.0016544361133127752,96
real,chunk_11,114,GR,8.725069758792719,96
real,chunk_11,114,IPC,8.55768909035562,96
real,chunk_11,114,KR,4.94764765103658,96
real,chunk_11,114,MC,5.394831149528424,96
real,chunk_11,114,cosine_similarity,0.3687783479690552,96
real,chunk_11,114,kl_to_gaussian,1.1599982215053477,96
real,chunk_11,114,wt_mean,0.001636684435652525,96
real,chunk_11,115,GR,9.974152910212675,96
real,chunk_11,115,IPC,8.340979160388573,96
real,chunk_11,115,KR,5.495146152873834,96
real,chunk_11,115,MC,5.219664193689823,96
real,chunk_11,115,cosine_similarity,0.3758230581879616,96
real,chunk_11,115,kl_to_gaussian,1.1599982692218418,96
real,chunk_11,115,wt_mean,0.00169891401310445,96
real,chunk_11,116,GR,10.179052829742432,96
real,chunk_11,116,IPC,8.890449050162662,96
real,chunk_11,116,KR,5.766858691970508,96
real,chunk_11,116,MC,5.467036283264558,96
real,chunk_11,116,cosine_similarity,0.3706526309251785,96
real,chunk_11,116,kl_to_gaussian,1.1599982023567774,96
real,chunk_11,116,wt_mean,0.001638995454413775,96
real,chunk_11,117,GR,9.7499266838034,96
real,chunk_11,117,IPC,9.308143898881982,96
real,chunk_11,117,KR,5.3357589816053705,96
real,chunk_11,117,MC,5.613377382357915,96
real,chunk_11,117,cosine_similarity,0.3774387687444687,96
real,chunk_11,117,kl_to_gaussian,1.1599982319905633,96
real,chunk_11,117,wt_mean,0.001741418382152875,96
real,chunk_11,118,GR,9.503765555719534,96
real,chunk_11,118,IPC,8.216275255662113,96
real,chunk_11,118,KR,5.351241176327069,96
real,chunk_11,118,MC,5.222717920939128,96
real,chunk_11,118,cosine_similarity,0.3736256211996078,96
real,chunk_11,118,kl_to_gaussian,1.1599981722981794,96
real,chunk_11,118,wt_mean,0.0017273584089707251,96
real,chunk_11,119,GR,11.69572994361321,96
real,chunk_11,119,IPC,9.37975225138632,96
real,chunk_11,119,KR,6.465217279891173,96
real,chunk_11,119,MC,5.548811996976535,96
real,chunk_11,119,cosine_similarity,0.37970082461833954,96
real,chunk_11,119,kl_to_gaussian,1.1599981457640445,96
real,chunk_11,119,wt_mean,0.001757285004714475,96
real,chunk_12,120,GR,8.880499432484308,96
real,chunk_12,120,IPC,8.919523229112121,96
real,chunk_12,120,KR,5.176066488027573,96
real,chunk_12,120,MC,5.536488672097524,96
real,chunk_12,120,cosine_similarity,0.35876073688268656,96
real,chunk_12,120,kl_to_gaussian,1.1599981711404352,96
real,chunk_12,120,wt_mean,0.0015824293077457,96
real,chunk_12,121,GR,9.902510431905588,96
real,chunk_12,121,IPC,8.429529841082685,96
real,chunk_12,121,KR,5.3079230437676115,96
real,chunk_12,121,MC,4.843815776209037,96
real,chunk_12,121,cosine_similarity,0.3664517179131508,96
real,chunk_12,121,kl_to_gaussian,1.1599982362183827,96
real,chunk_12,121,wt_mean,0.00162106685456815,96
real,chunk_12,122,GR,9.162199405332407,96
real,chunk_12,122,IPC,8.796629586918547,96
real,chunk_12,122,KR,5.24830179164807,96
real,chunk_12,122,MC,5.468802931408088,96
real,chunk_12,122,cosine_similarity,0.3747243359684944,96
real,chunk_12,122,kl_to_gaussian,1.1599981924097966,96
real,chunk_12,122,wt_mean,0.0015864124288782,96
real,chunk_12,123,GR,10.783949725329876,96
real,chunk_12,123,IPC,8.970765686304581,96
real,chunk_12,123,KR,5.9714121495683985,96
real,chunk_12,123,MC,5.620184275011222,96
real,chunk_12,123,cosine_similarity,0.3763401210308075,96
real,chunk_12,123,kl_to_gaussian,1.159998203130163,96
real,chunk_12,123,wt_mean,0.0016173697367775752,96
real,chunk_12,124,GR,8.291562241812548,96
real,chunk_12,124,IPC,8.930584697661542,96
real,chunk_12,124,KR,4.7868298043807345,96
real,chunk_12,124,MC,5.545569797356923,96
real,chunk_12,124,cosine_similarity,0.3678735867142677,96
real,chunk_12,124,kl_to_gaussian,1.1599981847124294,96
real,chunk_12,124,wt_mean,0.0016208162414840998,96
real,chunk_12,125,GR,9.071840343376001,96
real,chunk_12,125,IPC,8.818205060733606,96
real,chunk_12,125,KR,5.18705578148365,96
real,chunk_12,125,MC,5.523931324481964,96
real,chunk_12,125,cosine_similarity,0.365352988243103,96
real,chunk_12,125,kl_to_gaussian,1.1599981812695763,96
real,chunk_12,125,wt_mean,0.0015020052960607502,96
real,chunk_12,126,GR,11.10070763528347,96
real,chunk_12,126,IPC,8.52184093264013,96
real,chunk_12,126,KR,6.140546167890231,96
real,chunk_12,126,MC,5.509466834366322,96
real,chunk_12,126,cosine_similarity,0.3688429892063141,96
real,chunk_12,126,kl_to_gaussian,1.1599981708702793,96
real,chunk_12,126,wt_mean,0.0016079416382125998,96
real,chunk_12,127,GR,8.625107397635778,96
real,chunk_12,127,IPC,9.254630511619409,96
real,chunk_12,127,KR,4.898081130037705,96
real,chunk_12,127,MC,5.693106686075528,96
real,chunk_12,127,cosine_similarity,0.3749181926250458,96
real,chunk_12,127,kl_to_gaussian,1.1599982307898593,96
real,chunk_12,127,wt_mean,0.001674846629612075,96
real,chunk_12,128,GR,8.509586518009504,96
real,chunk_12,128,IPC,8.719805482465668,96
real,chunk_12,128,KR,4.927396131058534,96
real,chunk_12,128,MC,5.471721361080806,96
real,chunk_12,128,cosine_similarity,0.37188060581684107,96
real,chunk_12,128,kl_to_gaussian,1.1599982147692047,96
real,chunk_12,128,wt_mean,0.0016529429703950249,96
real,chunk_12,129,GR,9.648816573123137,96
real,chunk_12,129,IPC,8.529828344981674,96
real,chunk_12,129,KR,5.229928635060787,96
real,chunk_12,129,MC,5.04272282247742,96
real,chunk_12,129,cosine_similarity,0.3614751473069191,96
real,chunk_12,129,kl_to_gaussian,1.1599982025090176,96
real,chunk_12,129,wt_mean,0.001584696437930625,96
real,chunk_13,130,GR,11.02597756932179,96
real,chunk_13,130,IPC,9.030063696506662,96
real,chunk_13,130,KR,6.191591466466586,96
real,chunk_13,130,MC,5.830552838742733,96
real,chunk_13,130,cosine_similarity,0.35035885125398636,96
real,chunk_13,130,kl_to_gaussian,1.1599982014879422,96
real,chunk_13,130,wt_mean,0.001606177480425625,96
real,chunk_13,131,GR,10.31369306643804,96
real,chunk_13,131,IPC,7.429784147408388,96
real,chunk_13,131,KR,5.633650705218315,96
real,chunk_13,131,MC,4.66439230615894,96
real,chunk_13,131,cosine_similarity,0.37995934486389155,96
real,chunk_13,131,kl_to_gaussian,1.159998218684852,96
real,chunk_13,131,wt_mean,0.00151783789624455,96
real,chunk_13,132,GR,9.385680896540483,96
real,chunk_13,132,IPC,8.452028237424253,96
real,chunk_13,132,KR,5.134474113583565,96
real,chunk_13,132,MC,5.167870008697112,96
real,chunk_13,132,cosine_similarity,0.34997107088565826,96
real,chunk_13,132,kl_to_gaussian,1.1599981434169488,96
real,chunk_13,132,wt_mean,0.00146415841300035,96
real,chunk_13,133,GR,9.162685563166937,96
real,chunk_13,133,IPC,9.060920096228514,96
real,chunk_13,133,KR,5.332649680475394,96
real,chunk_13,133,MC,5.266203301648299,96
real,chunk_13,133,cosine_similarity,0.37860211730003357,96
real,chunk_13,133,kl_to_gaussian,1.1599982562502895,96
real,chunk_13,133,wt_mean,0.00160421282635065,96
real,chunk_13,134,GR,10.301143497228622,96
real,chunk_13,134,IPC,9.641694734570558,96
real,chunk_13,134,KR,5.876760949691136,96
real,chunk_13,134,MC,5.7694493134816485,96
real,chunk_13,134,cosine_similarity,0.3672919124364853,96
real,chunk_13,134,kl_to_gaussian,1.1599981534094217,96
real,chunk_13,134,wt_mean,0.0016586910933255499,96
real,chunk_13,135,GR,7.90491293122371,96
real,chunk_13,135,IPC,8.460020461791647,96
real,chunk_13,135,KR,4.511378472050031,96
real,chunk_13,135,MC,5.108377261087298,96
real,chunk_13,135,cosine_similarity,0.3636079803109169,96
real,chunk_13,135,kl_to_gaussian,1.1599981707912124,96
real,chunk_13,135,wt_mean,0.0015082073223311252,96
real,chunk_13,136,GR,9.418690373500189,96
real,chunk_13,136,IPC,8.645923309865735,96
real,chunk_13,136,KR,5.35437994201978,96
real,chunk_13,136,MC,5.359700704614322,96
real,chunk_13,136,cosine_similarity,0.3639311194419861,96
real,chunk_13,136,kl_to_gaussian,1.1599981820165621,96
real,chunk_13,136,wt_mean,0.0016596785280853,96
real,chunk_13,137,GR,9.57503379881382,96
real,chunk_13,137,IPC,8.610840394461741,96
real,chunk_13,137,KR,5.374556054671605,96
real,chunk_13,137,MC,5.292843761543433,96
real,chunk_13,137,cosine_similarity,0.37045876681804657,96
real,chunk_13,137,kl_to_gaussian,1.1599981654195013,96
real,chunk_13,137,wt_mean,0.001654085877817075,96
real,chunk_13,138,GR,9.253321501115957,96
real,chunk_13,138,IPC,8.149736337249411,96
real,chunk_13,138,KR,5.197942294180393,96
real,chunk_13,138,MC,5.186528138816357,96
real,chunk_13,138,cosine_similarity,0.37905454635620117,96
real,chunk_13,138,kl_to_gaussian,1.1599982170134668,96
real,chunk_13,138,wt_mean,0.001554744143504625,96
real,chunk_13,139,GR,9.879999327162901,96
real,chunk_13,139,IPC,8.875317010479955,96
real,chunk_13,139,KR,5.402590833604336,96
real,chunk_13,139,MC,5.253536343574524,96
real,chunk_13,139,cosine_similarity,0.3751121461391449,96
real,chunk_13,139,kl_to_gaussian,1.1599982164028801,96
real,chunk_13,139,wt_mean,0.001677889056736575,96
real,chunk_14,140,GR,7.860105351855357,96
real,chunk_14,140,IPC,8.636958560253495,96
real,chunk_14,140,KR,4.574789730211099,96
real,chunk_14,140,MC,5.377062503248453,96
real,chunk_14,140,cosine_similarity,0.36386652290821075,96
real,chunk_14,140,kl_to_gaussian,1.1599981375718287,96
real,chunk_14,140,wt_mean,0.0014972208300605,96
real,chunk_14,141,GR,8.502251471082369,96
real,chunk_14,141,IPC,8.233106372421906,96
real,chunk_14,141,KR,4.863919955988725,96
real,chunk_14,141,MC,5.243761200457811,96
real,chunk_14,141,cosine_similarity,0.3780850917100906,96
real,chunk_14,141,kl_to_gaussian,1.15999813842752,96
real,chunk_14,141,wt_mean,0.0016595472407061,96
real,chunk_14,142,GR,8.390610886116823,96
real,chunk_14,142,IPC,9.454100740760476,96
real,chunk_14,142,KR,4.788171514868736,96
real,chunk_14,142,MC,5.462877747913201,96
real,chunk_14,142,cosine_similarity,0.37711562216281885,96
real,chunk_14,142,kl_to_gaussian,1.1599981805784436,96
real,chunk_14,142,wt_mean,0.001680414628935925,96
real,chunk_14,143,GR,10.117912518481413,96
real,chunk_14,143,IPC,8.221713898707234,96
real,chunk_14,143,KR,5.7093540752927465,96
real,chunk_14,143,MC,5.090189943710963,96
real,chunk_14,143,cosine_similarity,0.35598161816596985,96
real,chunk_14,143,kl_to_gaussian,1.159998241021628,96
real,chunk_14,143,wt_mean,0.0015141411859076251,96
real,chunk_14,144,GR,10.451433377961317,96
real,chunk_14,144,IPC,7.397788713281721,96
real,chunk_14,144,KR,5.8664875874916715,96
real,chunk_14,144,MC,4.863338523854812,96
real,chunk_14,144,cosine_similarity,0.37285007536411285,96
real,chunk_14,144,kl_to_gaussian,1.1599981860192494,96
real,chunk_14,144,wt_mean,0.001596152433194175,96
real,chunk_14,145,GR,8.716671124100685,96
real,chunk_14,145,IPC,8.44280032261081,96
real,chunk_14,145,KR,4.886549927294254,96
real,chunk_14,145,MC,5.068975844730933,96
real,chunk_14,145,cosine_similarity,0.37524138391017914,96
real,chunk_14,145,kl_to_gaussian,1.1599981736567753,96
real,chunk_14,145,wt_mean,0.001618944574147425,96
real,chunk_14,146,GR,7.771727150926988,96
real,chunk_14,146,IPC,9.10562395648911,96
real,chunk_14,146,KR,4.4605454330643015,96
real,chunk_14,146,MC,5.5098903477191925,96
real,chunk_14,146,cosine_similarity,0.372139111161232,96
real,chunk_14,146,kl_to_gaussian,1.1599981498033107,96
real,chunk_14,146,wt_mean,0.0015605847002006501,96
real,chunk_14,147,GR,11.005961562196413,96
real,chunk_14,147,IPC,8.716682533467687,96
real,chunk_14,147,KR,5.943334927161534,96
real,chunk_14,147,MC,5.217609480023384,96
real,chunk_14,147,cosine_similarity,0.37155746668577194,96
real,chunk_14,147,kl_to_gaussian,1.1599982381486762,96
real,chunk_14,147,wt_mean,0.001709204516373525,96
real,chunk_14,148,GR,10.035305639108023,96
real,chunk_14,148,IPC,8.802628395875045,96
real,chunk_14,148,KR,5.735503643751144,96
real,chunk_14,148,MC,5.825225951770942,96
real,chunk_14,148,cosine_similarity,0.37407806515693665,96
real,chunk_14,148,kl_to_gaussian,1.159998169192377,96
real,chunk_14,148,wt_mean,0.0017037592187989,96
real,chunk_14,149,GR,9.064893076817194,96
real,chunk_14,149,IPC,8.097029775023994,96
real,chunk_14,149,KR,5.28862664103508,96
real,chunk_14,149,MC,5.1176290313402815,96
real,chunk_14,149,cosine_similarity,0.37343172729015345,96
real,chunk_14,149,kl_to_gaussian,1.1599981740493435,96
real,chunk_14,149,wt_mean,0.0017029858136083252,96
real,chunk_15,150,GR,8.693591001133123,96
real,chunk_15,150,IPC,8.608082658784985,96
real,chunk_15,150,KR,4.882531934728225,96
real,chunk_15,150,MC,5.305868698904912,96
real,chunk_15,150,cosine_similarity,0.3658053874969482,96
real,chunk_15,150,kl_to_gaussian,1.1599982102079252,96
real,chunk_15,150,wt_mean,0.0015375961083918248,96
real,chunk_15,151,GR,9.895599111914635,96
real,chunk_15,151,IPC,9.284995188298902,96
real,chunk_15,151,KR,5.601451610525449,96
real,chunk_15,151,MC,5.780531393984954,96
real,chunk_15,151,cosine_similarity,0.37246226519346237,96
real,chunk_15,151,kl_to_gaussian,1.1599981072046919,96
real,chunk_15,151,wt_mean,0.0016972033772617,96
real,chunk_15,152,GR,8.758074335753918,96
real,chunk_15,152,IPC,8.05874055596126,96
real,chunk_15,152,KR,4.799790502836307,96
real,chunk_15,152,MC,4.8106893102327986,96
real,chunk_15,152,cosine_similarity,0.373173214495182,96
real,chunk_15,152,kl_to_gaussian,1.159998196635325,96
real,chunk_15,152,wt_mean,0.0016533978632650751,96
real,chunk_15,153,GR,8.399872096876303,96
real,chunk_15,153,IPC,8.558678370009735,96
real,chunk_15,153,KR,4.7557922167082625,96
real,chunk_15,153,MC,5.147970726092656,96
real,chunk_15,153,cosine_similarity,0.36102280020713806,96
real,chunk_15,153,kl_to_gaussian,1.1599982008844574,96
real,chunk_15,153,wt_mean,0.001544060069136275,96
real,chunk_15,154,GR,10.02453904847304,96
real,chunk_15,154,IPC,8.87982505987779,96
real,chunk_15,154,KR,5.7303046981493635,96
real,chunk_15,154,MC,5.7753348996241884,96
real,chunk_15,154,cosine_similarity,0.36755041778087616,96
real,chunk_15,154,kl_to_gaussian,1.1599982062425873,96
real,chunk_15,154,wt_mean,0.001696192048257175,96
real,chunk_15,155,GR,8.228074585398039,96
real,chunk_15,155,IPC,9.165286908735473,96
real,chunk_15,155,KR,4.658542261769374,96
real,chunk_15,155,MC,5.756506823003292,96
real,chunk_15,155,cosine_similarity,0.3803471624851227,96
real,chunk_15,155,kl_to_gaussian,1.1599981457941493,96
real,chunk_15,155,wt_mean,0.001726179878460175,96
real,chunk_15,156,GR,9.961279816925526,96
real,chunk_15,156,IPC,8.338380027739642,96
real,chunk_15,156,KR,5.357081428170204,96
real,chunk_15,156,MC,5.229606029887994,96
real,chunk_15,156,cosine_similarity,0.37957157194614405,96
real,chunk_15,156,kl_to_gaussian,1.1599981232945662,96
real,chunk_15,156,wt_mean,0.001797367061953925,96
real,chunk_15,157,GR,9.274519433577856,96
real,chunk_15,157,IPC,9.223810780197663,96
real,chunk_15,157,KR,5.332181103527546,96
real,chunk_15,157,MC,5.7432311574618025,96
real,chunk_15,157,cosine_similarity,0.3832554668188095,96
real,chunk_15,157,kl_to_gaussian,1.1599981311217502,96
real,chunk_15,157,wt_mean,0.001782133243977975,96
real,chunk_15,158,GR,8.880338142315546,96
real,chunk_15,158,IPC,8.306007730313274,96
real,chunk_15,158,KR,4.9930863579114275,96
real,chunk_15,158,MC,4.969768666972716,96
real,chunk_15,158,cosine_similarity,0.37304397672414774,96
real,chunk_15,158,kl_to_gaussian,1.1599981610366246,96
real,chunk_15,158,wt_mean,0.0016625423741061,96
real,chunk_15,159,GR,8.909477489689985,96
real,chunk_15,159,IPC,8.854508606160461,96
real,chunk_15,159,KR,4.99988354742527,96
real,chunk_15,159,MC,5.1870135851204395,96
real,chunk_15,159,cosine_similarity,0.37039411813020706,96
real,chunk_15,159,kl_to_gaussian,1.1599982471170998,96
real,chunk_15,159,wt_mean,0.0016560739022679,96
real,chunk_16,160,GR,9.888847634196281,96
real,chunk_16,160,IPC,8.838191036581762,96
real,chunk_16,160,KR,5.623495556414127,96
real,chunk_16,160,MC,5.744195086260636,96
real,chunk_16,160,cosine_similarity,0.3555292785167694,96
real,chunk_16,160,kl_to_gaussian,1.159998198594446,96
real,chunk_16,160,wt_mean,0.00146570071228775,96
real,chunk_16,161,GR,10.077532969415188,96
real,chunk_16,161,IPC,8.670537549150252,96
real,chunk_16,161,KR,5.701966596146424,96
real,chunk_16,161,MC,5.4931160261233645,96
real,chunk_16,161,cosine_similarity,0.37427193671464914,96
real,chunk_16,161,kl_to_gaussian,1.159998260932073,96
real,chunk_16,161,wt_mean,0.0016646061558276,96
real,chunk_16,162,GR,9.989457624653975,96
real,chunk_16,162,IPC,8.915576164382308,96
real,chunk_16,162,KR,5.506029322743416,96
real,chunk_16,162,MC,5.1897619267304735,96
real,chunk_16,162,cosine_similarity,0.36141058057546616,96
real,chunk_16,162,kl_to_gaussian,1.1599981974562692,96
real,chunk_16,162,wt_mean,0.0016312899533658751,96
real,chunk_16,163,GR,8.455426732699076,96
real,chunk_16,163,IPC,8.724475860269296,96
real,chunk_16,163,KR,4.995131059239308,96
real,chunk_16,163,MC,5.379397255678971,96
real,chunk_16,163,cosine_similarity,0.37433655560016627,96
real,chunk_16,163,kl_to_gaussian,1.1599981998913547,96
real,chunk_16,163,wt_mean,0.0016228360473177748,96
real,chunk_16,164,GR,10.600469854970774,96
real,chunk_16,164,IPC,8.600715929435001,96
real,chunk_16,164,KR,5.719621265927951,96
real,chunk_16,164,MC,4.943321733425061,96
real,chunk_16,164,cosine_similarity,0.3765985742211342,96
real,chunk_16,164,kl_to_gaussian,1.1599981907646604,96
real,chunk_16,164,wt_mean,0.001713900361210075,96
real,chunk_16,165,GR,10.765128950277964,96
real,chunk_16,165,IPC,8.606110542556301,96
real,chunk_16,165,KR,6.124736237029235,96
real,chunk_16,165,MC,5.5711806789040565,96
real,chunk_16,165,cosine_similarity,0.37317325174808497,96
real,chunk_16,165,kl_to_gaussian,1.159998164588449,96
real,chunk_16,165,wt_mean,0.001652978506172025,96
real,chunk_16,166,GR,9.518891210357348,96
real,chunk_16,166,IPC,8.958348973030816,96
real,chunk_16,166,KR,5.2751424213250475,96
real,chunk_16,166,MC,5.223163823286693,96
real,chunk_16,166,cosine_similarity,0.36134591698646545,96
real,chunk_16,166,kl_to_gaussian,1.1599982898980818,96
real,chunk_16,166,wt_mean,0.001590174244483875,96
real,chunk_16,167,GR,9.779477449754873,96
real,chunk_16,167,IPC,8.268170398981665,96
real,chunk_16,167,KR,5.538268528878689,96
real,chunk_16,167,MC,5.353723944475253,96
real,chunk_16,167,cosine_similarity,0.37142819911241526,96
real,chunk_16,167,kl_to_gaussian,1.15999822337462,96
real,chunk_16,167,wt_mean,0.0015259508800226501,96
real,chunk_16,168,GR,8.71137610822916,96
real,chunk_16,168,IPC,8.984867247305603,96
real,chunk_16,168,KR,4.760653884460528,96
real,chunk_16,168,MC,5.294137631853421,96
real,chunk_16,168,cosine_similarity,0.37058800458908076,96
real,chunk_16,168,kl_to_gaussian,1.1599981618987099,96
real,chunk_16,168,wt_mean,0.0016594292246736003,96
real,chunk_16,169,GR,10.138925363620123,96
real,chunk_16,169,IPC,9.138329406574776,96
real,chunk_16,169,KR,5.685851104557514,96
real,chunk_16,169,MC,5.706525042653084,96
real,chunk_16,169,cosine_similarity,0.369230754673481,96
real,chunk_16,169,kl_to_gaussian,1.1599981966673685,96
real,chunk_16,169,wt_mean,0.001673815102549225,96
real,chunk_17,170,GR,9.340508257349333,96
real,chunk_17,170,IPC,8.84362342949471,96
real,chunk_17,170,KR,5.371684106687705,96
real,chunk_17,170,MC,5.573652371764183,96
real,chunk_17,170,cosine_similarity,0.35546460747718805,96
real,chunk_17,170,kl_to_gaussian,1.1599982492062961,96
real,chunk_17,170,wt_mean,0.001472081727115375,96
real,chunk_17,171,GR,8.595797419548035,96
real,chunk_17,171,IPC,8.629888130661127,96
real,chunk_17,171,KR,4.761432742079099,96
real,chunk_17,171,MC,4.96351433545351,96
real,chunk_17,171,cosine_similarity,0.36903692781925196,96
real,chunk_17,171,kl_to_gaussian,1.1599981976223979,96
real,chunk_17,171,wt_mean,0.001546435611089625,96
real,chunk_17,172,GR,7.8323085481921835,96
real,chunk_17,172,IPC,8.54510379680284,96
real,chunk_17,172,KR,4.588853163023789,96
real,chunk_17,172,MC,5.188900399953127,96
real,chunk_17,172,cosine_similarity,0.36406039446592325,96
real,chunk_17,172,kl_to_gaussian,1.159998096335874,96
real,chunk_17,172,wt_mean,0.001519769633887275,96
real,chunk_17,173,GR,9.47029066334168,96
real,chunk_17,173,IPC,8.861284876272133,96
real,chunk_17,173,KR,5.499465435743332,96
real,chunk_17,173,MC,5.328714268902938,96
real,chunk_17,173,cosine_similarity,0.36567614227533335,96
real,chunk_17,173,kl_to_gaussian,1.1599982305317666,96
real,chunk_17,173,wt_mean,0.001481483690440575,96
real,chunk_17,174,GR,11.53583543250958,96
real,chunk_17,174,IPC,8.750160693291088,96
real,chunk_17,174,KR,6.4318985268473625,96
real,chunk_17,174,MC,5.584001369774342,96
real,chunk_17,174,cosine_similarity,0.3749182000756264,96
real,chunk_17,174,kl_to_gaussian,1.1599981818396758,96
real,chunk_17,174,wt_mean,0.001706527604255775,96
real,chunk_17,175,GR,8.294762797653675,96
real,chunk_17,175,IPC,8.395923452367473,96
real,chunk_17,175,KR,4.715642953912417,96
real,chunk_17,175,MC,5.03972655783097,96
real,chunk_17,175,cosine_similarity,0.3778911903500557,96
real,chunk_17,175,kl_to_gaussian,1.1599982032792129,96
real,chunk_17,175,wt_mean,0.001571767206769375,96
real,chunk_17,176,GR,8.25634579360485,96
real,chunk_17,176,IPC,8.692550766555668,96
real,chunk_17,176,KR,4.627816755324602,96
real,chunk_17,176,MC,5.032466744383176,96
real,chunk_17,176,cosine_similarity,0.36393114924430847,96
real,chunk_17,176,kl_to_gaussian,1.15999813893748,96
real,chunk_17,176,wt_mean,0.0015605605149175501,96
real,chunk_17,177,GR,9.250166850785414,96
real,chunk_17,177,IPC,8.350964631797007,96
real,chunk_17,177,KR,5.374173805117607,96
real,chunk_17,177,MC,5.476936489343643,96
real,chunk_17,177,cosine_similarity,0.37207449972629547,96
real,chunk_17,177,kl_to_gaussian,1.1599982516131033,96
real,chunk_17,177,wt_mean,0.0016620414971839248,96
real,chunk_17,178,GR,9.237283955017725,96
real,chunk_17,178,IPC,8.459063469527223,96
real,chunk_17,178,KR,4.835854910314083,96
real,chunk_17,178,MC,4.757053238650163,96
real,chunk_17,178,cosine_similarity,0.3719452396035194,96
real,chunk_17,178,kl_to_gaussian,1.15999818754908,96
real,chunk_17,178,wt_mean,0.0016329133359248998,96
real,chunk_17,179,GR,8.621287432809671,96
real,chunk_17,179,IPC,8.636544038768982,96
real,chunk_17,179,KR,4.757682003080845,96
real,chunk_17,179,MC,5.219721291214228,96
real,chunk_17,179,cosine_similarity,0.37427190691232676,96
real,chunk_17,179,kl_to_gaussian,1.1599982058407612,96
real,chunk_17,179,wt_mean,0.001529710134491275,96
real,chunk_18,180,GR,8.77230200668176,96
real,chunk_18,180,IPC,8.501009256696115,96
real,chunk_18,180,KR,5.052075115342935,96
real,chunk_18,180,MC,5.280591911325852,96
real,chunk_18,180,cosine_similarity,0.3757583945989609,96
real,chunk_18,180,kl_to_gaussian,1.1599981647992805,96
real,chunk_18,180,wt_mean,0.0017131569329649,96
real,chunk_18,181,GR,10.632085554301739,96
real,chunk_18,181,IPC,8.659956105289474,96
real,chunk_18,181,KR,5.798274564246337,96
real,chunk_18,181,MC,5.248313474158446,96
real,chunk_18,181,cosine_similarity,0.37246228009462357,96
real,chunk_18,181,kl_to_gaussian,1.1599982171273384,96
real,chunk_18,181,wt_mean,0.0016670861223246252,96
real,chunk_18,182,GR,7.847632584472497,96
real,chunk_18,182,IPC,8.93801743439945,96
real,chunk_18,182,KR,4.429474573582411,96
real,chunk_18,182,MC,5.059244327247143,96
real,chunk_18,182,cosine_similarity,0.3725269213318825,96
real,chunk_18,182,kl_to_gaussian,1.1599981841238196,96
real,chunk_18,182,wt_mean,0.00153165307710875,96
real,chunk_18,183,GR,11.146027954916159,96
real,chunk_18,183,IPC,8.474009582420344,96
real,chunk_18,183,KR,6.231622397899628,96
real,chunk_18,183,MC,5.328811639298995,96
real,chunk_18,183,cosine_similarity,0.37084653973579407,96
real,chunk_18,183,kl_to_gaussian,1.1599981516518645,96
real,chunk_18,183,wt_mean,0.0016676841769366999,96
real,chunk_18,184,GR,8.939225040376186,96
real,chunk_18,184,IPC,7.750883656769287,96
real,chunk_18,184,KR,4.946681370337804,96
real,chunk_18,184,MC,4.741746916125218,96
real,chunk_18,184,cosine_similarity,0.37278543412685394,96
real,chunk_18,184,kl_to_gaussian,1.1599982054976052,96
real,chunk_18,184,wt_mean,0.001533982896944475,96
real,chunk_18,185,GR,9.98731903731823,96
real,chunk_18,185,IPC,8.658934257189754,96
real,chunk_18,185,KR,5.538768388330936,96
real,chunk_18,185,MC,5.323903746902943,96
real,chunk_18,185,cosine_similarity,0.3676149994134903,96
real,chunk_18,185,kl_to_gaussian,1.1599981809514692,96
real,chunk_18,185,wt_mean,0.001623678545001875,96
real,chunk_18,186,GR,7.0494579039514065,96
real,chunk_18,186,IPC,8.759422137269897,96
real,chunk_18,186,KR,4.205185558646917,96
real,chunk_18,186,MC,5.575392427543799,96
real,chunk_18,186,cosine_similarity,0.37149283289909363,96
real,chunk_18,186,kl_to_gaussian,1.1599981775837898,96
real,chunk_18,186,wt_mean,0.001483250409364675,96
real,chunk_18,187,GR,10.442890333632628,96
real,chunk_18,187,IPC,9.070329242348388,96
real,chunk_18,187,KR,5.952593962351481,96
real,chunk_18,187,MC,5.533808472255866,96
real,chunk_18,187,cosine_similarity,0.3742719069123268,96
real,chunk_18,187,kl_to_gaussian,1.1599981116209674,96
real,chunk_18,187,wt_mean,0.00172649067826565,96
real,chunk_18,188,GR,9.048614588876566,96
real,chunk_18,188,IPC,7.873824620650744,96
real,chunk_18,188,KR,5.21525052189827,96
real,chunk_18,188,MC,4.958871580660343,96
real,chunk_18,188,cosine_similarity,0.3546890318393707,96
real,chunk_18,188,kl_to_gaussian,1.1599982047764934,96
real,chunk_18,188,wt_mean,0.0014931345649528752,96
real,chunk_18,189,GR,7.702371923873822,96
real,chunk_18,189,IPC,9.008521098977514,96
real,chunk_18,189,KR,4.437814382215341,96
real,chunk_18,189,MC,5.566391096760829,96
real,chunk_18,189,cosine_similarity,0.36283240467309946,96
real,chunk_18,189,kl_to_gaussian,1.1599982603166927,96
real,chunk_18,189,wt_mean,0.00161395390750835,96
real,chunk_19,190,GR,9.176022499799728,96
real,chunk_19,190,IPC,9.091829941248543,96
real,chunk_19,190,KR,5.154123516132434,96
real,chunk_19,190,MC,5.395042556027572,96
real,chunk_19,190,cosine_similarity,0.3786667510867119,96
real,chunk_19,190,kl_to_gaussian,1.159998137007896,96
real,chunk_19,190,wt_mean,0.0016077026666606999,96
real,chunk_19,191,GR,8.827880039811134,96
real,chunk_19,191,IPC,9.177210210499984,96
real,chunk_19,191,KR,5.013329980274041,96
real,chunk_19,191,MC,5.60725308706363,96
real,chunk_19,191,cosine_similarity,0.36548221856355667,96
real,chunk_19,191,kl_to_gaussian,1.1599982296200777,96
real,chunk_19,191,wt_mean,0.00152876466745505,96
real,chunk_19,192,GR,8.43923264493545,96
real,chunk_19,192,IPC,9.088991510477443,96
real,chunk_19,192,KR,4.539872780442238,96
real,chunk_19,192,MC,5.198806365331014,96
real,chunk_19,192,cosine_similarity,0.36574074625968933,96
real,chunk_19,192,kl_to_gaussian,1.1599981879760768,96
real,chunk_19,192,wt_mean,0.00161274822312405,96
real,chunk_19,193,GR,8.925955273211002,96
real,chunk_19,193,IPC,8.715442567561485,96
real,chunk_19,193,KR,5.097641545037429,96
real,chunk_19,193,MC,5.359145311017831,96
real,chunk_19,193,cosine_similarity,0.3716221451759338,96
real,chunk_19,193,kl_to_gaussian,1.15999822864444,96
real,chunk_19,193,wt_mean,0.001603586133569425,96
real,chunk_19,194,GR,10.196023310224215,96
real,chunk_19,194,IPC,8.828189410603105,96
real,chunk_19,194,KR,5.706342913210392,96
real,chunk_19,194,MC,5.222080715000629,96
real,chunk_19,194,cosine_similarity,0.3665163293480873,96
real,chunk_19,194,kl_to_gaussian,1.1599982415855836,96
real,chunk_19,194,wt_mean,0.001665859657805375,96
real,chunk_19,195,GR,7.512411670138438,96
real,chunk_19,195,IPC,8.934439554170542,96
real,chunk_19,195,KR,4.387386166801055,96
real,chunk_19,195,MC,5.413557291030884,96
real,chunk_19,195,cosine_similarity,0.3668394759297371,96
real,chunk_19,195,kl_to_gaussian,1.1599982381944998,96
real,chunk_19,195,wt_mean,0.001553140638861775,96
real,chunk_19,196,GR,8.695760980248451,96
real,chunk_19,196,IPC,8.37538927496687,96
real,chunk_19,196,KR,4.9842329906920595,96
real,chunk_19,196,MC,5.278470139950514,96
real,chunk_19,196,cosine_similarity,0.3606349825859069,96
real,chunk_19,196,kl_to_gaussian,1.1599981934901582,96
real,chunk_19,196,wt_mean,0.0015594877186231,96
real,chunk_19,197,GR,11.138517382244268,96
real,chunk_19,197,IPC,8.775397257598758,96
real,chunk_19,197,KR,5.9128015240033465,96
real,chunk_19,197,MC,5.506845464309056,96
real,chunk_19,197,cosine_similarity,0.36690411716699595,96
real,chunk_19,197,kl_to_gaussian,1.1599982364175812,96
real,chunk_19,197,wt_mean,0.001648796838708175,96
real,chunk_19,198,GR,9.547650640209516,96
real,chunk_19,198,IPC,8.850494569068992,96
real,chunk_19,198,KR,5.265421410401662,96
real,chunk_19,198,MC,5.310980965693791,96
real,chunk_19,198,cosine_similarity,0.37200990319252014,96
real,chunk_19,198,kl_to_gaussian,1.1599982623550338,96
real,chunk_19,198,wt_mean,0.0015630818379576748,96
real,chunk_19,199,GR,9.215458832681179,96
real,chunk_19,199,IPC,8.583978695504953,96
real,chunk_19,199,KR,5.038223151117563,96
real,chunk_19,199,MC,5.241605253269275,96
real,chunk_19,199,cosine_similarity,0.3669041097164154,96
real,chunk_19,199,kl_to_gaussian,1.1599982344254667,96
real,chunk_19,199,wt_mean,0.0016614807536825,96
real,chunk_2,20,GR,9.663813886543116,96
real,chunk_2,20,IPC,10.059331401839113,96
real,chunk_2,20,KR,5.151124972850084,96
real,chunk_2,20,MC,5.553865239024162,96
real,chunk_2,20,cosine_similarity,0.37181599438190455,96
real,chunk_2,20,kl_to_gaussian,1.1599982839202914,96
real,chunk_2,20,wt_mean,0.001745342917274625,96
real,chunk_2,21,GR,9.138666761418184,96
real,chunk_2,21,IPC,8.767206734080307,96
real,chunk_2,21,KR,5.157194159924984,96
real,chunk_2,21,MC,5.35628243163228,96
real,chunk_2,21,cosine_similarity,0.3766632229089737,96
real,chunk_2,21,kl_to_gaussian,1.1599982350151594,96
real,chunk_2,21,wt_mean,0.0015961635508574,96
real,chunk_2,22,GR,8.067915603518486,96
real,chunk_2,22,IPC,9.95834123595951,96
real,chunk_2,22,KR,4.57848709076643,96
real,chunk_2,22,MC,5.601192491749923,96
real,chunk_2,22,cosine_similarity,0.36412501335144043,96
real,chunk_2,22,kl_to_gaussian,1.1599981449737125,96
real,chunk_2,22,wt_mean,0.0015966599748935002,96
real,chunk_2,23,GR,9.487182142833868,96
real,chunk_2,23,IPC,10.21242455306133,96
real,chunk_2,23,KR,5.535099138816197,96
real,chunk_2,23,MC,6.200610712170601,96
real,chunk_2,23,cosine_similarity,0.36457739025354385,96
real,chunk_2,23,kl_to_gaussian,1.1599981491191513,96
real,chunk_2,23,wt_mean,0.0016593719483352749,96
real,chunk_2,24,GR,9.440296036501726,96
real,chunk_2,24,IPC,9.394822875509371,96
real,chunk_2,24,KR,5.417264091471831,96
real,chunk_2,24,MC,5.640441204110782,96
real,chunk_2,24,cosine_similarity,0.36024721711874,96
real,chunk_2,24,kl_to_gaussian,1.159998164213329,96
real,chunk_2,24,wt_mean,0.001633873471291675,96
real,chunk_2,25,GR,8.769011120001474,96
real,chunk_2,25,IPC,9.622331501138765,96
real,chunk_2,25,KR,4.9639058982332545,96
real,chunk_2,25,MC,5.586512832591931,96
real,chunk_2,25,cosine_similarity,0.36309096962213516,96
real,chunk_2,25,kl_to_gaussian,1.159998158423846,96
real,chunk_2,25,wt_mean,0.00157624454004685,96
real,chunk_2,26,GR,8.369237599273523,96
real,chunk_2,26,IPC,9.64522301139404,96
real,chunk_2,26,KR,4.776315639416377,96
real,chunk_2,26,MC,5.57145681232214,96
real,chunk_2,26,cosine_similarity,0.3725269138813019,96
real,chunk_2,26,kl_to_gaussian,1.1599980661587543,96
real,chunk_2,26,wt_mean,0.00156901529408055,96
real,chunk_2,27,GR,11.53787668546041,96
real,chunk_2,27,IPC,8.721599191700992,96
real,chunk_2,27,KR,6.225568071007729,96
real,chunk_2,27,MC,5.027620367705822,96
real,chunk_2,27,cosine_similarity,0.36677490174770355,96
real,chunk_2,27,kl_to_gaussian,1.1599981475729413,96
real,chunk_2,27,wt_mean,0.001621100731426825,96
real,chunk_2,28,GR,12.114737922946611,96
real,chunk_2,28,IPC,9.492325492271643,96
real,chunk_2,28,KR,6.625629223883152,96
real,chunk_2,28,MC,5.80477603028218,96
real,chunk_2,28,cosine_similarity,0.37265616655349726,96
real,chunk_2,28,kl_to_gaussian,1.1599982025562339,96
real,chunk_2,28,wt_mean,0.0016850900137796501,96
real,chunk_2,29,GR,9.106424055993557,96
real,chunk_2,29,IPC,9.74049479740259,96
real,chunk_2,29,KR,4.954550039023161,96
real,chunk_2,29,MC,5.613350103298823,96
real,chunk_2,29,cosine_similarity,0.3721391633152962,96
real,chunk_2,29,kl_to_gaussian,1.1599982449924464,96
real,chunk_2,29,wt_mean,0.0016858939779922,96
real,chunk_3,30,GR,8.757041809459528,96
real,chunk_3,30,IPC,9.565260124144425,96
real,chunk_3,30,KR,5.042174852142732,96
real,chunk_3,30,MC,5.812400462726752,96
real,chunk_3,30,cosine_similarity,0.37084655463695526,96
real,chunk_3,30,kl_to_gaussian,1.1599982121399388,96
real,chunk_3,30,wt_mean,0.0016864541976246248,96
real,chunk_3,31,GR,10.390017775197824,96
real,chunk_3,31,IPC,10.437048051702503,96
real,chunk_3,31,KR,5.799395581086476,96
real,chunk_3,31,MC,6.408238306641579,96
real,chunk_3,31,cosine_similarity,0.37020022422075266,96
real,chunk_3,31,kl_to_gaussian,1.1599980802592584,96
real,chunk_3,31,wt_mean,0.00172028335509815,96
real,chunk_3,32,GR,9.760376858214537,96
real,chunk_3,32,IPC,9.508046382430178,96
real,chunk_3,32,KR,5.562889263033867,96
real,chunk_3,32,MC,5.820911558965842,96
real,chunk_3,32,cosine_similarity,0.35727423429489136,96
real,chunk_3,32,kl_to_gaussian,1.1599981746741832,96
real,chunk_3,32,wt_mean,0.0016343875613529,96
real,chunk_3,33,GR,10.48960142582655,96
real,chunk_3,33,IPC,9.924138536414313,96
real,chunk_3,33,KR,5.772331063946088,96
real,chunk_3,33,MC,5.860628093282382,96
real,chunk_3,33,cosine_similarity,0.3545598238706589,96
real,chunk_3,33,kl_to_gaussian,1.1599981418157934,96
real,chunk_3,33,wt_mean,0.001601250725798275,96
real,chunk_3,34,GR,8.755583129823208,96
real,chunk_3,34,IPC,9.992295060562162,96
real,chunk_3,34,KR,4.801399406045675,96
real,chunk_3,34,MC,5.800839655101299,96
real,chunk_3,34,cosine_similarity,0.36322019994258875,96
real,chunk_3,34,kl_to_gaussian,1.1599982085417155,96
real,chunk_3,34,wt_mean,0.0016131864977068499,96
real,chunk_3,35,GR,9.30525404959917,96
real,chunk_3,35,IPC,9.413207132695515,96
real,chunk_3,35,KR,5.244155543545882,96
real,chunk_3,35,MC,5.519076940913995,96
real,chunk_3,35,cosine_similarity,0.3734317198395729,96
real,chunk_3,35,kl_to_gaussian,1.1599982221123866,96
real,chunk_3,35,wt_mean,0.0016366413910872749,96
real,chunk_3,36,GR,8.651181807120642,96
real,chunk_3,36,IPC,9.299892847367841,96
real,chunk_3,36,KR,4.886486594875653,96
real,chunk_3,36,MC,5.630141733835141,96
real,chunk_3,36,cosine_similarity,0.37446579337120056,96
real,chunk_3,36,kl_to_gaussian,1.1599982749981617,96
real,chunk_3,36,wt_mean,0.001539896940812425,96
real,chunk_3,37,GR,9.255927274624506,96
real,chunk_3,37,IPC,10.206463838681227,96
real,chunk_3,37,KR,5.283058860649665,96
real,chunk_3,37,MC,6.023457658787568,96
real,chunk_3,37,cosine_similarity,0.37200987339019775,96
real,chunk_3,37,kl_to_gaussian,1.1599981797415226,96
real,chunk_3,37,wt_mean,0.001672612357651775,96
real,chunk_3,38,GR,9.186569129427275,96
real,chunk_3,38,IPC,9.47749090254518,96
real,chunk_3,38,KR,5.2046375299493475,96
real,chunk_3,38,MC,5.60369939605395,96
real,chunk_3,38,cosine_similarity,0.35733888298273087,96
real,chunk_3,38,kl_to_gaussian,1.1599981572799836,96
real,chunk_3,38,wt_mean,0.001564057456562225,96
real,chunk_3,39,GR,8.619815816481909,96
real,chunk_3,39,IPC,8.728957477557902,96
real,chunk_3,39,KR,4.804205495864153,96
real,chunk_3,39,MC,5.427952042470376,96
real,chunk_3,39,cosine_similarity,0.3631555661559105,96
real,chunk_3,39,kl_to_gaussian,1.1599981579302912,96
real,chunk_3,39,wt_mean,0.00157538498751815,96
real,chunk_4,40,GR,10.427805595099926,96
real,chunk_4,40,IPC,8.611637848814672,96
real,chunk_4,40,KR,5.774092343946298,96
real,chunk_4,40,MC,5.272983856499195,96
real,chunk_4,40,cosine_similarity,0.3599887192249298,96
real,chunk_4,40,kl_to_gaussian,1.159998148905189,96
real,chunk_4,40,wt_mean,0.0016181026876438,96
real,chunk_4,41,GR,9.78996206074953,96
real,chunk_4,41,IPC,9.531426646547795,96
real,chunk_4,41,KR,5.288994329671065,96
real,chunk_4,41,MC,5.416395808259646,96
real,chunk_4,41,cosine_similarity,0.37446580827236176,96
real,chunk_4,41,kl_to_gaussian,1.1599982448877089,96
real,chunk_4,41,wt_mean,0.001682113739661825,96
real,chunk_4,42,GR,8.963443721334139,96
real,chunk_4,42,IPC,9.48190011111292,96
real,chunk_4,42,KR,4.965717713038127,96
real,chunk_4,42,MC,5.4712959950168925,96
real,chunk_4,42,cosine_similarity,0.3727854490280151,96
real,chunk_4,42,kl_to_gaussian,1.1599982229439934,96
real,chunk_4,42,wt_mean,0.0016266646853181999,96
real,chunk_4,43,GR,9.762442968785763,96
real,chunk_4,43,IPC,8.705388526006153,96
real,chunk_4,43,KR,5.419164439042409,96
real,chunk_4,43,MC,5.2305686896046,96
real,chunk_4,43,cosine_similarity,0.3765985891222954,96
real,chunk_4,43,kl_to_gaussian,1.1599981826563999,96
real,chunk_4,43,wt_mean,0.0015519195876549502,96
real,chunk_4,44,GR,9.617033330102762,96
real,chunk_4,44,IPC,9.780540046057698,96
real,chunk_4,44,KR,5.4721029077967005,96
real,chunk_4,44,MC,5.975976777573426,96
real,chunk_4,44,cosine_similarity,0.36490060389041895,96
real,chunk_4,44,kl_to_gaussian,1.1599981869546547,96
real,chunk_4,44,wt_mean,0.001648729521548325,96
real,chunk_4,45,GR,9.444523061315218,96
real,chunk_4,45,IPC,9.506176808082698,96
real,chunk_4,45,KR,5.212343215942383,96
real,chunk_4,45,MC,5.485273679097493,96
real,chunk_4,45,cosine_similarity,0.36121668666601175,96
real,chunk_4,45,kl_to_gaussian,1.1599982055396194,96
real,chunk_4,45,wt_mean,0.0015529926458839,96
real,chunk_4,46,GR,10.529962033033371,96
real,chunk_4,46,IPC,9.773707913149122,96
real,chunk_4,46,KR,5.837055501838525,96
real,chunk_4,46,MC,6.07020861407121,96
real,chunk_4,46,cosine_similarity,0.36858452856540674,96
real,chunk_4,46,kl_to_gaussian,1.1599982763110162,96
real,chunk_4,46,wt_mean,0.001712563855107825,96
real,chunk_4,47,GR,9.27716772009929,96
real,chunk_4,47,IPC,9.038002373349642,96
real,chunk_4,47,KR,5.324539924661319,96
real,chunk_4,47,MC,5.406780893603961,96
real,chunk_4,47,cosine_similarity,0.3629616871476173,96
real,chunk_4,47,kl_to_gaussian,1.1599982248190537,96
real,chunk_4,47,wt_mean,0.0016267358441837,96
real,chunk_4,48,GR,7.921997143576543,96
real,chunk_4,48,IPC,9.685074645060412,96
real,chunk_4,48,KR,4.664834244797627,96
real,chunk_4,48,MC,5.750291034579277,96
real,chunk_4,48,cosine_similarity,0.3692953884601593,96
real,chunk_4,48,kl_to_gaussian,1.1599981913307527,96
real,chunk_4,48,wt_mean,0.001527517713839125,96
real,chunk_4,49,GR,9.160337537527084,96
real,chunk_4,49,IPC,9.450406068667498,96
real,chunk_4,49,KR,5.209673345088959,96
real,chunk_4,49,MC,5.575127836316824,96
real,chunk_4,49,cosine_similarity,0.37149284034967417,96
real,chunk_4,49,kl_to_gaussian,1.1599982417374193,96
real,chunk_4,49,wt_mean,0.001661884802160725,96
real,chunk_5,50,GR,8.86444267630577,96
real,chunk_5,50,IPC,9.32771306984777,96
real,chunk_5,50,KR,4.979841681818168,96
real,chunk_5,50,MC,5.3639779922862845,96
real,chunk_5,50,cosine_similarity,0.36800283193588257,96
real,chunk_5,50,kl_to_gaussian,1.159998152820943,96
real,chunk_5,50,wt_mean,0.0016484913649037001,96
real,chunk_5,51,GR,9.00613564501206,96
real,chunk_5,51,IPC,8.68301671560453,96
real,chunk_5,51,KR,5.109270129352808,96
real,chunk_5,51,MC,5.26237802952528,96
real,chunk_5,51,cosine_similarity,0.3636080175638199,96
real,chunk_5,51,kl_to_gaussian,1.1599981094132514,96
real,chunk_5,51,wt_mean,0.0015315119526348251,96
real,chunk_5,52,GR,9.508348387976488,96
real,chunk_5,52,IPC,9.636002717131605,96
real,chunk_5,52,KR,5.325655704985063,96
real,chunk_5,52,MC,5.828505211820205,96
real,chunk_5,52,cosine_similarity,0.3738840967416763,96
real,chunk_5,52,kl_to_gaussian,1.159998184834302,96
real,chunk_5,52,wt_mean,0.0017427517741452501,96
real,chunk_5,53,GR,9.931647869447866,96
real,chunk_5,53,IPC,9.585503493887604,96
real,chunk_5,53,KR,5.672177443901698,96
real,chunk_5,53,MC,5.951232237120469,96
real,chunk_5,53,cosine_similarity,0.3702002540230751,96
real,chunk_5,53,kl_to_gaussian,1.1599982919373377,96
real,chunk_5,53,wt_mean,0.0016304584569297499,96
real,chunk_5,54,GR,7.733719161401193,96
real,chunk_5,54,IPC,9.413188686115832,96
real,chunk_5,54,KR,4.489133507013321,96
real,chunk_5,54,MC,5.752917182942231,96
real,chunk_5,54,cosine_similarity,0.3754352480173111,96
real,chunk_5,54,kl_to_gaussian,1.159998105560918,96
real,chunk_5,54,wt_mean,0.0015639519260729998,96
real,chunk_5,55,GR,11.175825213392576,96
real,chunk_5,55,IPC,9.017116234763293,96
real,chunk_5,55,KR,6.109270965059598,96
real,chunk_5,55,MC,5.277207193275292,96
real,chunk_5,55,cosine_similarity,0.3689076527953148,96
real,chunk_5,55,kl_to_gaussian,1.1599981853591388,96
real,chunk_5,55,wt_mean,0.00162922547315245,96
real,chunk_5,56,GR,9.39252708107233,96
real,chunk_5,56,IPC,9.279749894032278,96
real,chunk_5,56,KR,5.3935853491226835,96
real,chunk_5,56,MC,5.34044877315561,96
real,chunk_5,56,cosine_similarity,0.3734963610768318,96
real,chunk_5,56,kl_to_gaussian,1.1599981546158813,96
real,chunk_5,56,wt_mean,0.0016279404808301,96
real,chunk_5,57,GR,8.833173642555872,96
real,chunk_5,57,IPC,10.10286724910592,96
real,chunk_5,57,KR,4.765041006108125,96
real,chunk_5,57,MC,5.731485515832901,96
real,chunk_5,57,cosine_similarity,0.37530599534511566,96
real,chunk_5,57,kl_to_gaussian,1.1599981929212593,96
real,chunk_5,57,wt_mean,0.001739874569466275,96
real,chunk_5,58,GR,9.4481779585282,96
real,chunk_5,58,IPC,8.878035428264479,96
real,chunk_5,58,KR,5.156245370705922,96
real,chunk_5,58,MC,5.2249567446609335,96
real,chunk_5,58,cosine_similarity,0.36470671743154526,96
real,chunk_5,58,kl_to_gaussian,1.1599982555943291,96
real,chunk_5,58,wt_mean,0.0014776636380701752,96
real,chunk_5,59,GR,8.983811095356941,96
real,chunk_5,59,IPC,9.09941959059128,96
real,chunk_5,59,KR,5.070775501430035,96
real,chunk_5,59,MC,5.211799445251624,96
real,chunk_5,59,cosine_similarity,0.3703295141458511,96
real,chunk_5,59,kl_to_gaussian,1.1599982088778944,96
real,chunk_5,59,wt_mean,0.0015186107484623501,96
real,chunk_6,60,GR,8.325810350477695,96
real,chunk_6,60,IPC,9.50548282012411,96
real,chunk_6,60,KR,4.738744825124741,96
real,chunk_6,60,MC,5.3993649159868555,96
real,chunk_6,60,cosine_similarity,0.3680674657225609,96
real,chunk_6,60,kl_to_gaussian,1.159998183659442,96
real,chunk_6,60,wt_mean,0.001551815279526575,96
real,chunk_6,61,GR,8.43696317076683,96
real,chunk_6,61,IPC,9.662258045925652,96
real,chunk_6,61,KR,4.695144612342119,96
real,chunk_6,61,MC,5.556432284414768,96
real,chunk_6,61,cosine_similarity,0.3640603721141815,96
real,chunk_6,61,kl_to_gaussian,1.1599981247612188,96
real,chunk_6,61,wt_mean,0.001536438096081775,96
real,chunk_6,62,GR,7.524334862828255,96
real,chunk_6,62,IPC,9.311366637339473,96
real,chunk_6,62,KR,4.272730020185311,96
real,chunk_6,62,MC,5.362068309138219,96
real,chunk_6,62,cosine_similarity,0.3775034099817276,96
real,chunk_6,62,kl_to_gaussian,1.1599981771450454,96
real,chunk_6,62,wt_mean,0.0016124103858600497,96
real,chunk_6,63,GR,10.29351041217645,96
real,chunk_6,63,IPC,9.74820461861246,96
real,chunk_6,63,KR,5.6966109946370125,96
real,chunk_6,63,MC,5.905311209460099,96
real,chunk_6,63,cosine_similarity,0.3733671084046364,96
real,chunk_6,63,kl_to_gaussian,1.1599982626339358,96
real,chunk_6,63,wt_mean,0.001695233368081925,96
real,chunk_6,64,GR,9.997868649661541,96
real,chunk_6,64,IPC,9.450839149812653,96
real,chunk_6,64,KR,5.562923866013686,96
real,chunk_6,64,MC,5.421718839555979,96
real,chunk_6,64,cosine_similarity,0.38519440591335297,96
real,chunk_6,64,kl_to_gaussian,1.1599981171797014,96
real,chunk_6,64,wt_mean,0.001760337065206775,96
real,chunk_6,65,GR,9.088002649446329,96
real,chunk_6,65,IPC,9.43979383422535,96
real,chunk_6,65,KR,5.078421468536059,96
real,chunk_6,65,MC,5.476947495092948,96
real,chunk_6,65,cosine_similarity,0.37110508233308787,96
real,chunk_6,65,kl_to_gaussian,1.1599982227155332,96
real,chunk_6,65,wt_mean,0.001673679129453325,96
real,chunk_6,66,GR,8.659622599681219,96
real,chunk_6,66,IPC,9.314808261664409,96
real,chunk_6,66,KR,4.96207095310092,96
real,chunk_6,66,MC,5.465066651503245,96
real,chunk_6,66,cosine_similarity,0.37730954587459564,96
real,chunk_6,66,kl_to_gaussian,1.159998176275954,96
real,chunk_6,66,wt_mean,0.001602199161425175,96
real,chunk_6,67,GR,9.408397614955902,96
real,chunk_6,67,IPC,9.10952298470406,96
real,chunk_6,67,KR,5.334514411787192,96
real,chunk_6,67,MC,5.503835119307041,96
real,chunk_6,67,cosine_similarity,0.3580498024821281,96
real,chunk_6,67,kl_to_gaussian,1.1599982477069368,96
real,chunk_6,67,wt_mean,0.0016068757104221252,96
real,chunk_6,68,GR,10.964503958821297,96
real,chunk_6,68,IPC,8.859553809133063,96
real,chunk_6,68,KR,5.95849222689867,96
real,chunk_6,68,MC,5.46020008251071,96
real,chunk_6,68,cosine_similarity,0.3665163367986679,96
real,chunk_6,68,kl_to_gaussian,1.1599981982027643,96
real,chunk_6,68,wt_mean,0.001639691123273175,96
real,chunk_6,69,GR,8.45285800844431,96
real,chunk_6,69,IPC,9.286117269308482,96
real,chunk_6,69,KR,4.766945822785298,96
real,chunk_6,69,MC,5.420655312637488,96
real,chunk_6,69,cosine_similarity,0.3691015392541885,96
real,chunk_6,69,kl_to_gaussian,1.1599981520462206,96
real,chunk_6,69,wt_mean,0.001568398845847625,96
real,chunk_7,70,GR,8.90945407996575,96
real,chunk_7,70,IPC,8.613453315437882,96
real,chunk_7,70,KR,5.00470798710982,96
real,chunk_7,70,MC,5.2467040332655115,96
real,chunk_7,70,cosine_similarity,0.380864180624485,96
real,chunk_7,70,kl_to_gaussian,1.1599981701210091,96
real,chunk_7,70,wt_mean,0.001680702058365525,96
real,chunk_7,71,GR,8.237927061816057,96
real,chunk_7,71,IPC,9.67798248716793,96
real,chunk_7,71,KR,4.806278298298518,96
real,chunk_7,71,MC,5.689759944876035,96
real,chunk_7,71,cosine_similarity,0.37285009026527405,96
real,chunk_7,71,kl_to_gaussian,1.1599982889607345,96
real,chunk_7,71,wt_mean,0.001658878143643925,96
real,chunk_7,72,GR,9.89774276316166,96
real,chunk_7,72,IPC,10.018780278698824,96
real,chunk_7,72,KR,5.759912235041459,96
real,chunk_7,72,MC,6.1802114471793175,96
real,chunk_7,72,cosine_similarity,0.37297937273979187,96
real,chunk_7,72,kl_to_gaussian,1.1599981832274198,96
real,chunk_7,72,wt_mean,0.001682824717136075,96
real,chunk_7,73,GR,9.053466456631819,96
real,chunk_7,73,IPC,9.794598278176585,96
real,chunk_7,73,KR,5.434135350088279,96
real,chunk_7,73,MC,6.15685470153888,96
real,chunk_7,73,cosine_similarity,0.3659346476197243,96
real,chunk_7,73,kl_to_gaussian,1.1599981489590807,96
real,chunk_7,73,wt_mean,0.0015688355197198002,96
real,chunk_7,74,GR,9.982558307548365,96
real,chunk_7,74,IPC,9.471174145812135,96
real,chunk_7,74,KR,5.482383814950784,96
real,chunk_7,74,MC,5.517569062610467,96
real,chunk_7,74,cosine_similarity,0.3731085807085037,96
real,chunk_7,74,kl_to_gaussian,1.1599982182814128,96
real,chunk_7,74,wt_mean,0.001623439777176775,96
real,chunk_7,75,GR,9.013356238603592,96
real,chunk_7,75,IPC,9.1731470357346,96
real,chunk_7,75,KR,5.253649127980073,96
real,chunk_7,75,MC,5.716547593474388,96
real,chunk_7,75,cosine_similarity,0.37168673425912857,96
real,chunk_7,75,kl_to_gaussian,1.159998176546469,96
real,chunk_7,75,wt_mean,0.0015420180279761,96
real,chunk_7,76,GR,8.801062556604544,96
real,chunk_7,76,IPC,8.752717610336921,96
real,chunk_7,76,KR,5.034226047496001,96
real,chunk_7,76,MC,5.379381482799848,96
real,chunk_7,76,cosine_similarity,0.3557877540588379,96
real,chunk_7,76,kl_to_gaussian,1.1599982811469052,96
real,chunk_7,76,wt_mean,0.0014230313245206499,96
real,chunk_7,77,GR,9.432818363110224,96
real,chunk_7,77,IPC,9.126595372055208,96
real,chunk_7,77,KR,5.375960084299247,96
real,chunk_7,77,MC,5.368218816816807,96
real,chunk_7,77,cosine_similarity,0.3754999041557312,96
real,chunk_7,77,kl_to_gaussian,1.1599982210931115,96
real,chunk_7,77,wt_mean,0.001695031824056,96
real,chunk_7,78,GR,8.057791121304035,96
real,chunk_7,78,IPC,9.919324827835654,96
real,chunk_7,78,KR,4.522638221581777,96
real,chunk_7,78,MC,5.775370183090369,96
real,chunk_7,78,cosine_similarity,0.3726562038064003,96
real,chunk_7,78,kl_to_gaussian,1.1599980625541029,96
real,chunk_7,78,wt_mean,0.0015221171197481,96
real,chunk_7,79,GR,10.220271525283655,96
real,chunk_7,79,IPC,9.549619906226024,96
real,chunk_7,79,KR,5.631032362580299,96
real,chunk_7,79,MC,5.742940741280715,96
real,chunk_7,79,cosine_similarity,0.3852590247988701,96
real,chunk_7,79,kl_to_gaussian,1.1599982603280585,96
real,chunk_7,79,wt_mean,0.0016830357490107,96
real,chunk_8,80,GR,9.963528705139955,96
real,chunk_8,80,IPC,8.752549488754202,96
real,chunk_8,80,KR,5.503555327653885,96
real,chunk_8,80,MC,5.512105440100034,96
real,chunk_8,80,cosine_similarity,0.37659864127635956,96
real,chunk_8,80,kl_to_gaussian,1.159998114890945,96
real,chunk_8,80,wt_mean,0.0016898190369829,96
real,chunk_8,81,GR,10.618768063684305,96
real,chunk_8,81,IPC,8.606768263522332,96
real,chunk_8,81,KR,5.891844826440017,96
real,chunk_8,81,MC,5.360245597859223,96
real,chunk_8,81,cosine_similarity,0.3780205026268959,96
real,chunk_8,81,kl_to_gaussian,1.1599981888081443,96
real,chunk_8,81,wt_mean,0.00168672174913805,96
real,chunk_8,82,GR,8.62878626336654,96
real,chunk_8,82,IPC,8.604115818655478,96
real,chunk_8,82,KR,4.89989510178566,96
real,chunk_8,82,MC,5.334241319447756,96
real,chunk_8,82,cosine_similarity,0.3583729937672615,96
real,chunk_8,82,kl_to_gaussian,1.1599982167200402,96
real,chunk_8,82,wt_mean,0.001597733702510525,96
real,chunk_8,83,GR,8.73170643299818,96
real,chunk_8,83,IPC,8.026768916841808,96
real,chunk_8,83,KR,4.647541825970014,96
real,chunk_8,83,MC,4.633285827934742,96
real,chunk_8,83,cosine_similarity,0.37362559884786606,96
real,chunk_8,83,kl_to_gaussian,1.1599981243348771,96
real,chunk_8,83,wt_mean,0.00158164327149275,96
real,chunk_8,84,GR,8.355043145517508,96
real,chunk_8,84,IPC,9.144534676065073,96
real,chunk_8,84,KR,4.841845203191042,96
real,chunk_8,84,MC,5.532649060090383,96
real,chunk_8,84,cosine_similarity,0.3631555885076523,96
real,chunk_8,84,kl_to_gaussian,1.1599982099973,96
real,chunk_8,84,wt_mean,0.00150344017310995,96
real,chunk_8,85,GR,10.108232234915098,96
real,chunk_8,85,IPC,9.356685084948916,96
real,chunk_8,85,KR,5.525726487239202,96
real,chunk_8,85,MC,5.761838562786579,96
real,chunk_8,85,cosine_similarity,0.3661932200193405,96
real,chunk_8,85,kl_to_gaussian,1.1599982247290372,96
real,chunk_8,85,wt_mean,0.0016536558687220502,96
real,chunk_8,86,GR,7.07723010952274,96
real,chunk_8,86,IPC,8.783921430417946,96
real,chunk_8,86,KR,4.107008638481299,96
real,chunk_8,86,MC,5.535939036558072,96
real,chunk_8,86,cosine_similarity,0.37065264582633967,96
real,chunk_8,86,kl_to_gaussian,1.1599981851698484,96
real,chunk_8,86,wt_mean,0.0015948182845022,96
real,chunk_8,87,GR,9.625957518815994,96
real,chunk_8,87,IPC,9.06105520572723,96
real,chunk_8,87,KR,5.4018759950995445,96
real,chunk_8,87,MC,5.357122263560693,96
real,chunk_8,87,cosine_similarity,0.3801532462239265,96
real,chunk_8,87,kl_to_gaussian,1.1599982236685864,96
real,chunk_8,87,wt_mean,0.0017039286030921502,96
real,chunk_8,88,GR,11.221503483752409,96
real,chunk_8,88,IPC,8.465837799783005,96
real,chunk_8,88,KR,6.048665401836236,96
real,chunk_8,88,MC,5.2212357098857565,96
real,chunk_8,88,cosine_similarity,0.37336714565753937,96
real,chunk_8,88,kl_to_gaussian,1.1599981196227518,96
real,chunk_8,88,wt_mean,0.001628865749808,96
real,chunk_8,89,GR,9.16629284620285,96
real,chunk_8,89,IPC,8.837801269342487,96
real,chunk_8,89,KR,5.156823453803857,96
real,chunk_8,89,MC,5.669344169398149,96
real,chunk_8,89,cosine_similarity,0.37123434990644455,96
real,chunk_8,89,kl_to_gaussian,1.1599981640552317,96
real,chunk_8,89,wt_mean,0.001598573930095825,96
real,chunk_9,90,GR,10.404247269034386,96
real,chunk_9,90,IPC,8.78840154349089,96
real,chunk_9,90,KR,5.570587997635205,96
real,chunk_9,90,MC,5.162336868544419,96
real,chunk_9,90,cosine_similarity,0.36819672584533686,96
real,chunk_9,90,kl_to_gaussian,1.1599981777914499,96
real,chunk_9,90,wt_mean,0.00163515764870675,96
real,chunk_9,91,GR,10.745667919516563,96
real,chunk_9,91,IPC,8.873721204230504,96
real,chunk_9,91,KR,5.940218468507131,96
real,chunk_9,91,MC,5.164736679444711,96
real,chunk_9,91,cosine_similarity,0.370717279613018,96
real,chunk_9,91,kl_to_gaussian,1.1599981507513126,96
real,chunk_9,91,wt_mean,0.001723263063468,96
real,chunk_9,92,GR,9.614996552467346,96
real,chunk_9,92,IPC,8.892557401663149,96
real,chunk_9,92,KR,5.513834568361442,96
real,chunk_9,92,MC,5.505811062951882,96
real,chunk_9,92,cosine_similarity,0.37821435183286667,96
real,chunk_9,92,kl_to_gaussian,1.1599982030600264,96
real,chunk_9,92,wt_mean,0.001720241270959325,96
real,chunk_9,93,GR,10.444227017462254,96
real,chunk_9,93,IPC,8.581000183251396,96
real,chunk_9,93,KR,5.8662273560961085,96
real,chunk_9,93,MC,5.433423238495986,96
real,chunk_9,93,cosine_similarity,0.37498287856578827,96
real,chunk_9,93,kl_to_gaussian,1.1599981761950773,96
real,chunk_9,93,wt_mean,0.0016962893132585748,96
real,chunk_9,94,GR,8.39782194669048,96
real,chunk_9,94,IPC,9.685920760109575,96
real,chunk_9,94,KR,4.879315352688233,96
real,chunk_9,94,MC,5.939716977377732,96
real,chunk_9,94,cosine_similarity,0.3578559383749962,96
real,chunk_9,94,kl_to_gaussian,1.1599981999284934,96
real,chunk_9,94,wt_mean,0.001537622942123525,96
real,chunk_9,95,GR,9.156417037049929,96
real,chunk_9,95,IPC,8.824293649096004,96
real,chunk_9,95,KR,5.090878921250503,96
real,chunk_9,95,MC,5.3461673979957895,96
real,chunk_9,95,cosine_similarity,0.3722037374973297,96
real,chunk_9,95,kl_to_gaussian,1.1599981983180634,96
real,chunk_9,95,wt_mean,0.00158240669406945,96
real,chunk_9,96,GR,9.204981344441572,96
real,chunk_9,96,IPC,8.392485362582955,96
real,chunk_9,96,KR,4.981542802105348,96
real,chunk_9,96,MC,5.162724170833826,96
real,chunk_9,96,cosine_similarity,0.36212147027254105,96
real,chunk_9,96,kl_to_gaussian,1.1599981648914792,96
real,chunk_9,96,wt_mean,0.0015314327320083499,96
real,chunk_9,97,GR,7.929832562804222,96
real,chunk_9,97,IPC,8.813485552213251,96
real,chunk_9,97,KR,4.434275945027669,96
real,chunk_9,97,MC,5.02504800260067,96
real,chunk_9,97,cosine_similarity,0.3669041022658348,96
real,chunk_9,97,kl_to_gaussian,1.1599982434998757,96
real,chunk_9,97,wt_mean,0.0014833418827037749,96
real,chunk_9,98,GR,8.220967623094717,96
real,chunk_9,98,IPC,8.75245370321988,96
real,chunk_9,98,KR,4.593429575363795,96
real,chunk_9,98,MC,5.137776027123134,96
real,chunk_9,98,cosine_similarity,0.36884303390979767,96
real,chunk_9,98,kl_to_gaussian,1.159998222303336,96
real,chunk_9,98,wt_mean,0.001576534326886675,96
real,chunk_9,99,GR,7.774260275065899,96
real,chunk_9,99,IPC,9.117272501580453,96
real,chunk_9,99,KR,4.606417796264092,96
real,chunk_9,99,MC,5.687053985893726,96
real,chunk_9,99,cosine_similarity,0.37679247558116913,96
real,chunk_9,99,kl_to_gaussian,1.1599982145393457,96
real,chunk_9,99,wt_mean,0.001553239562781475,96
shuffle,chunk_0,0,GR,13.876454122364521,96
shuffle,chunk_0,0,IPC,10.86607332718634,96
shuffle,chunk_0,0,KR,6.979145745436351,96
shuffle,chunk_0,0,MC,6.177991698185603,96
shuffle,chunk_0,0,cosine_similarity,0.38267380744218826,96
shuffle,chunk_0,0,kl_to_gaussian,1.1599982696393956,96
shuffle,chunk_0,0,wt_mean,0.00211385509464885,96
shuffle,chunk_0,1,GR,17.830385496218998,96
shuffle,chunk_0,1,IPC,12.09059907053985,96
shuffle,chunk_0,1,KR,8.855715620021025,96
shuffle,chunk_0,1,MC,6.850828031698863,96
shuffle,chunk_0,1,cosine_similarity,0.36742112785577774,96
shuffle,chunk_0,1,kl_to_gaussian,1.1599981631517653,96
shuffle,chunk_0,1,wt_mean,0.002265178540255825,96
shuffle,chunk_0,2,GR,12.505448582271734,96
shuffle,chunk_0,2,IPC,10.740416217211667,96
shuffle,chunk_0,2,KR,6.311238132417202,96
shuffle,chunk_0,2,MC,6.045810629924138,96
shuffle,chunk_0,2,cosine_similarity,0.369941771030426,96
shuffle,chunk_0,2,kl_to_gaussian,1.1599982742577337,96
shuffle,chunk_0,2,wt_mean,0.0020396434701979,96
shuffle,chunk_0,3,GR,21.799376373489697,96
shuffle,chunk_0,3,IPC,13.62920215856736,96
shuffle,chunk_0,3,KR,10.413843736052513,96
shuffle,chunk_0,3,MC,7.898549556732178,96
shuffle,chunk_0,3,cosine_similarity,0.37032949179410934,96
shuffle,chunk_0,3,kl_to_gaussian,1.1599982081758808,96
shuffle,chunk_0,3,wt_mean,0.0024976196000352,96
shuffle,chunk_0,4,GR,17.547639715174835,96
shuffle,chunk_0,4,IPC,11.222599444019174,96
shuffle,chunk_0,4,KR,8.617957865198454,96
shuffle,chunk_0,4,MC,6.507095632453759,96
shuffle,chunk_0,4,cosine_similarity,0.36864911764860153,96
shuffle,chunk_0,4,kl_to_gaussian,1.159998206786488,96
shuffle,chunk_0,4,wt_mean,0.002135018585249725,96
shuffle,chunk_0,5,GR,23.061356984078884,96
shuffle,chunk_0,5,IPC,13.939667217043285,96
shuffle,chunk_0,5,KR,11.932792142033577,96
shuffle,chunk_0,5,MC,8.192511248091856,96
shuffle,chunk_0,5,cosine_similarity,0.3602472394704818,96
shuffle,chunk_0,5,kl_to_gaussian,1.1599982240964595,96
shuffle,chunk_0,5,wt_mean,0.002497317618690375,96
shuffle,chunk_0,6,GR,20.664949451883633,96
shuffle,chunk_0,6,IPC,12.450069081014107,96
shuffle,chunk_0,6,KR,10.387117045621077,96
shuffle,chunk_0,6,MC,7.141242612153292,96
shuffle,chunk_0,6,cosine_similarity,0.3725269138813019,96
shuffle,chunk_0,6,kl_to_gaussian,1.1599981823772756,96
shuffle,chunk_0,6,wt_mean,0.00256829010322685,96
shuffle,chunk_0,7,GR,17.26079471160968,96
shuffle,chunk_0,7,IPC,11.513203245608269,96
shuffle,chunk_0,7,KR,8.24641397347053,96
shuffle,chunk_0,7,MC,6.309263963252306,96
shuffle,chunk_0,7,cosine_similarity,0.37142821401357645,96
shuffle,chunk_0,7,kl_to_gaussian,1.1599981405282782,96
shuffle,chunk_0,7,wt_mean,0.0021127185900695,96
shuffle,chunk_0,8,GR,16.799879151086014,96
shuffle,chunk_0,8,IPC,11.491864388970159,96
shuffle,chunk_0,8,KR,8.303750862677893,96
shuffle,chunk_0,8,MC,6.441217402617137,96
shuffle,chunk_0,8,cosine_similarity,0.3603118658065796,96
shuffle,chunk_0,8,kl_to_gaussian,1.1599981184392842,96
shuffle,chunk_0,8,wt_mean,0.0021757041686214,96
shuffle,chunk_0,9,GR,19.73929617802302,96
shuffle,chunk_0,9,IPC,12.997442732593024,96
shuffle,chunk_0,9,KR,9.76645814627409,96
shuffle,chunk_0,9,MC,7.346041577557723,96
shuffle,chunk_0,9,cosine_similarity,0.37465970218181605,96
shuffle,chunk_0,9,kl_to_gaussian,1.1599981636334586,96
shuffle,chunk_0,9,wt_mean,0.002416243805782825,96
shuffle,chunk_1,10,GR,21.00421267747879,96
shuffle,chunk_1,10,IPC,13.048400044733482,96
shuffle,chunk_1,10,KR,10.508501403033733,96
shuffle,chunk_1,10,MC,7.619032147030036,96
shuffle,chunk_1,10,cosine_similarity,0.36903690546751017,96
shuffle,chunk_1,10,kl_to_gaussian,1.1599982074376312,96
shuffle,chunk_1,10,wt_mean,0.002445534657454075,96
shuffle,chunk_1,11,GR,17.7384247854352,96
shuffle,chunk_1,11,IPC,12.748852882029263,96
shuffle,chunk_1,11,KR,8.82938987761736,96
shuffle,chunk_1,11,MC,7.1156975117822485,96
shuffle,chunk_1,11,cosine_similarity,0.3599240630865097,96
shuffle,chunk_1,11,kl_to_gaussian,1.1599981675591218,96
shuffle,chunk_1,11,wt_mean,0.002388537686783775,96
shuffle,chunk_1,12,GR,22.730268319447834,96
shuffle,chunk_1,12,IPC,11.81642880161673,96
shuffle,chunk_1,12,KR,10.745133345325788,96
shuffle,chunk_1,12,MC,6.701706650356452,96
shuffle,chunk_1,12,cosine_similarity,0.3778911978006363,96
shuffle,chunk_1,12,kl_to_gaussian,1.1599982183199025,96
shuffle,chunk_1,12,wt_mean,0.002441652526613275,96
shuffle,chunk_1,13,GR,17.03404289732377,96
shuffle,chunk_1,13,IPC,11.072124080334069,96
shuffle,chunk_1,13,KR,8.394522545238337,96
shuffle,chunk_1,13,MC,6.471773972113927,96
shuffle,chunk_1,13,cosine_similarity,0.379183754324913,96
shuffle,chunk_1,13,kl_to_gaussian,1.159998189638885,96
shuffle,chunk_1,13,wt_mean,0.002300292719155475,96
shuffle,chunk_1,14,GR,13.737483692665895,96
shuffle,chunk_1,14,IPC,11.830523945708899,96
shuffle,chunk_1,14,KR,6.919334950546424,96
shuffle,chunk_1,14,MC,6.5343993455171585,96
shuffle,chunk_1,14,cosine_similarity,0.361087441444397,96
shuffle,chunk_1,14,kl_to_gaussian,1.1599982059545648,96
shuffle,chunk_1,14,wt_mean,0.00206473027355965,96
shuffle,chunk_1,15,GR,17.158097473283608,96
shuffle,chunk_1,15,IPC,13.059933541564808,96
shuffle,chunk_1,15,KR,8.654216008881727,96
shuffle,chunk_1,15,MC,7.4108286028107,96
shuffle,chunk_1,15,cosine_similarity,0.36800283193588257,96
shuffle,chunk_1,15,kl_to_gaussian,1.159998213979494,96
shuffle,chunk_1,15,wt_mean,0.002282820933032725,96
shuffle,chunk_1,16,GR,19.080084813137848,96
shuffle,chunk_1,16,IPC,11.465028399004844,96
shuffle,chunk_1,16,KR,9.32984892030557,96
shuffle,chunk_1,16,MC,6.6804152602950735,96
shuffle,chunk_1,16,cosine_similarity,0.3642543032765388,96
shuffle,chunk_1,16,kl_to_gaussian,1.1599982806939517,96
shuffle,chunk_1,16,wt_mean,0.002214942709542775,96
shuffle,chunk_1,17,GR,13.53710830459992,96
shuffle,chunk_1,17,IPC,11.036402942641596,96
shuffle,chunk_1,17,KR,6.839158629377683,96
shuffle,chunk_1,17,MC,6.252818524837494,96
shuffle,chunk_1,17,cosine_similarity,0.37265615910291666,96
shuffle,chunk_1,17,kl_to_gaussian,1.1599982123249042,96
shuffle,chunk_1,17,wt_mean,0.002121750701917275,96
shuffle,chunk_1,18,GR,17.1408730049928,96
shuffle,chunk_1,18,IPC,12.079610762627693,96
shuffle,chunk_1,18,KR,8.434213824570179,96
shuffle,chunk_1,18,MC,6.708732490738233,96
shuffle,chunk_1,18,cosine_similarity,0.37369026243686676,96
shuffle,chunk_1,18,kl_to_gaussian,1.1599981651650606,96
shuffle,chunk_1,18,wt_mean,0.0022530986752826248,96
shuffle,chunk_1,19,GR,17.096472308039665,96
shuffle,chunk_1,19,IPC,12.437521710522164,96
shuffle,chunk_1,19,KR,8.516706551114718,96
shuffle,chunk_1,19,MC,7.079259566962719,96
shuffle,chunk_1,19,cosine_similarity,0.3624446839094162,96
shuffle,chunk_1,19,kl_to_gaussian,1.15999814555626,96
shuffle,chunk_1,19,wt_mean,0.002303765824763025,96
shuffle,chunk_10,100,GR,21.012927872439224,96
shuffle,chunk_10,100,IPC,10.92804102462871,96
shuffle,chunk_10,100,KR,10.338708271582922,96
shuffle,chunk_10,100,MC,6.702071022242308,96
shuffle,chunk_10,100,cosine_similarity,0.36703336238861084,96
shuffle,chunk_10,100,kl_to_gaussian,1.1599981929984537,96
shuffle,chunk_10,100,wt_mean,0.002449462597724,96
shuffle,chunk_10,101,GR,13.73375110824903,96
shuffle,chunk_10,101,IPC,10.191368210101695,96
shuffle,chunk_10,101,KR,7.0177973707516985,96
shuffle,chunk_10,101,MC,6.152833886444569,96
shuffle,chunk_10,101,cosine_similarity,0.3749828636646271,96
shuffle,chunk_10,101,kl_to_gaussian,1.1599981064254286,96
shuffle,chunk_10,101,wt_mean,0.002171656175050825,96
shuffle,chunk_10,102,GR,16.589749217033386,96
shuffle,chunk_10,102,IPC,10.20335740734882,96
shuffle,chunk_10,102,KR,8.325295858085155,96
shuffle,chunk_10,102,MC,5.9819829513629275,96
shuffle,chunk_10,102,cosine_similarity,0.36916615813970566,96
shuffle,chunk_10,102,kl_to_gaussian,1.1599982398032116,96
shuffle,chunk_10,102,wt_mean,0.002190380619140275,96
shuffle,chunk_10,103,GR,17.626089086135227,96
shuffle,chunk_10,103,IPC,10.335545081350086,96
shuffle,chunk_10,103,KR,8.940518317123255,96
shuffle,chunk_10,103,MC,6.516098227351904,96
shuffle,chunk_10,103,cosine_similarity,0.3623799979686737,96
shuffle,chunk_10,103,kl_to_gaussian,1.1599982689012356,96
shuffle,chunk_10,103,wt_mean,0.002114526170771525,96
shuffle,chunk_10,104,GR,24.7733334004879,96
shuffle,chunk_10,104,IPC,10.834458600233903,96
shuffle,chunk_10,104,KR,12.08913109699885,96
shuffle,chunk_10,104,MC,6.646611509223779,96
shuffle,chunk_10,104,cosine_similarity,0.36431892216205597,96
shuffle,chunk_10,104,kl_to_gaussian,1.1599981810317124,96
shuffle,chunk_10,104,wt_mean,0.0025391747476532747,96
shuffle,chunk_10,105,GR,16.42905357480049,96
shuffle,chunk_10,105,IPC,10.097158710588152,96
shuffle,chunk_10,105,KR,8.081869058310986,96
shuffle,chunk_10,105,MC,6.123674901823203,96
shuffle,chunk_10,105,cosine_similarity,0.360764317214489,96
shuffle,chunk_10,105,kl_to_gaussian,1.159998130394213,96
shuffle,chunk_10,105,wt_mean,0.002254206337966,96
shuffle,chunk_10,106,GR,13.904698813954989,96
shuffle,chunk_10,106,IPC,9.937386062607336,96
shuffle,chunk_10,106,KR,7.249368024369081,96
shuffle,chunk_10,106,MC,5.97708323597908,96
shuffle,chunk_10,106,cosine_similarity,0.3722037896513939,96
shuffle,chunk_10,106,kl_to_gaussian,1.1599982581546175,96
shuffle,chunk_10,106,wt_mean,0.002218977373558975,96
shuffle,chunk_10,107,GR,18.090669095516205,96
shuffle,chunk_10,107,IPC,9.375254868746518,96
shuffle,chunk_10,107,KR,9.040928274393082,96
shuffle,chunk_10,107,MC,5.803425540526708,96
shuffle,chunk_10,107,cosine_similarity,0.3823506757616997,96
shuffle,chunk_10,107,kl_to_gaussian,1.159998153468823,96
shuffle,chunk_10,107,wt_mean,0.00224998791236425,96
shuffle,chunk_10,108,GR,23.809396500388782,96
shuffle,chunk_10,108,IPC,11.186549320981355,96
shuffle,chunk_10,108,KR,11.769006689389547,96
shuffle,chunk_10,108,MC,7.058886221299569,96
shuffle,chunk_10,108,cosine_similarity,0.3692954480648041,96
shuffle,chunk_10,108,kl_to_gaussian,1.1599981909075174,96
shuffle,chunk_10,108,wt_mean,0.0026130387850571003,96
shuffle,chunk_10,109,GR,16.988919464250404,96
shuffle,chunk_10,109,IPC,10.581742471354644,96
shuffle,chunk_10,109,KR,8.446351443727812,96
shuffle,chunk_10,109,MC,6.3373316923777265,96
shuffle,chunk_10,109,cosine_similarity,0.36050571501255035,96
shuffle,chunk_10,109,kl_to_gaussian,1.1599982026230642,96
shuffle,chunk_10,109,wt_mean,0.002216173888882575,96
shuffle,chunk_11,110,GR,15.487843938171864,96
shuffle,chunk_11,110,IPC,9.771151533393772,96
shuffle,chunk_11,110,KR,7.68076678365469,96
shuffle,chunk_11,110,MC,5.953161232173443,96
shuffle,chunk_11,110,cosine_similarity,0.37562910467386246,96
shuffle,chunk_11,110,kl_to_gaussian,1.1599981496603735,96
shuffle,chunk_11,110,wt_mean,0.002207726793130825,96
shuffle,chunk_11,111,GR,15.001416305700937,96
shuffle,chunk_11,111,IPC,10.835484375932305,96
shuffle,chunk_11,111,KR,7.6524574135740595,96
shuffle,chunk_11,111,MC,6.1967705215017,96
shuffle,chunk_11,111,cosine_similarity,0.36716258525848383,96
shuffle,chunk_11,111,kl_to_gaussian,1.1599981745979524,96
shuffle,chunk_11,111,wt_mean,0.00207959220279005,96
shuffle,chunk_11,112,GR,18.060654123624165,96
shuffle,chunk_11,112,IPC,10.221038620754522,96
shuffle,chunk_11,112,KR,8.8124018907547,96
shuffle,chunk_11,112,MC,6.001319281756878,96
shuffle,chunk_11,112,cosine_similarity,0.37614621222019196,96
shuffle,chunk_11,112,kl_to_gaussian,1.1599982318170763,96
shuffle,chunk_11,112,wt_mean,0.00230106021626845,96
shuffle,chunk_11,113,GR,19.034961444636185,96
shuffle,chunk_11,113,IPC,10.333529851224654,96
shuffle,chunk_11,113,KR,9.309791957338652,96
shuffle,chunk_11,113,MC,6.144499427328507,96
shuffle,chunk_11,113,cosine_similarity,0.37918379157781595,96
shuffle,chunk_11,113,kl_to_gaussian,1.1599981936297465,96
shuffle,chunk_11,113,wt_mean,0.002461743715684825,96
shuffle,chunk_11,114,GR,18.112278910974663,96
shuffle,chunk_11,114,IPC,10.629018802800095,96
shuffle,chunk_11,114,KR,8.972697714964548,96
shuffle,chunk_11,114,MC,6.351554608593385,96
shuffle,chunk_11,114,cosine_similarity,0.36877840012311935,96
shuffle,chunk_11,114,kl_to_gaussian,1.159998140248375,96
shuffle,chunk_11,114,wt_mean,0.002346823021071,96
shuffle,chunk_11,115,GR,20.479576480885346,96
shuffle,chunk_11,115,IPC,9.825373416032734,96
shuffle,chunk_11,115,KR,10.19745697081089,96
shuffle,chunk_11,115,MC,6.065232927600543,96
shuffle,chunk_11,115,cosine_similarity,0.375823050737381,96
shuffle,chunk_11,115,kl_to_gaussian,1.1599981933870374,96
shuffle,chunk_11,115,wt_mean,0.002392359718214675,96
shuffle,chunk_11,116,GR,16.13873850554228,96
shuffle,chunk_11,116,IPC,10.990012984658618,96
shuffle,chunk_11,116,KR,8.288029653330645,96
shuffle,chunk_11,116,MC,6.584059501687686,96
shuffle,chunk_11,116,cosine_similarity,0.3706526607275009,96
shuffle,chunk_11,116,kl_to_gaussian,1.1599981545119349,96
shuffle,chunk_11,116,wt_mean,0.002261758636450375,96
shuffle,chunk_11,117,GR,18.719984685381252,96
shuffle,chunk_11,117,IPC,11.025090774971902,96
shuffle,chunk_11,117,KR,9.372161400814852,96
shuffle,chunk_11,117,MC,6.559696229795615,96
shuffle,chunk_11,117,cosine_similarity,0.3774387612938881,96
shuffle,chunk_11,117,kl_to_gaussian,1.1599981441322644,96
shuffle,chunk_11,117,wt_mean,0.002502279705367925,96
shuffle,chunk_11,118,GR,21.5952458952864,96
shuffle,chunk_11,118,IPC,10.251596172023348,96
shuffle,chunk_11,118,KR,10.906105962892374,96
shuffle,chunk_11,118,MC,6.580412544310093,96
shuffle,chunk_11,118,cosine_similarity,0.37362566590309143,96
shuffle,chunk_11,118,kl_to_gaussian,1.1599981964077963,96
shuffle,chunk_11,118,wt_mean,0.00246128209982995,96
shuffle,chunk_11,119,GR,17.122195112208527,96
shuffle,chunk_11,119,IPC,10.420833198558432,96
shuffle,chunk_11,119,KR,8.603621378540993,96
shuffle,chunk_11,119,MC,6.039264204601447,96
shuffle,chunk_11,119,cosine_similarity,0.37970083951950073,96
shuffle,chunk_11,119,kl_to_gaussian,1.1599982158952034,96
shuffle,chunk_11,119,wt_mean,0.002192774467403025,96
shuffle,chunk_12,120,GR,14.922796328862509,96
shuffle,chunk_12,120,IPC,10.208436763500975,96
shuffle,chunk_12,120,KR,7.775929505626361,96
shuffle,chunk_12,120,MC,6.094219699501991,96
shuffle,chunk_12,120,cosine_similarity,0.3587607741355896,96
shuffle,chunk_12,120,kl_to_gaussian,1.1599981437502647,96
shuffle,chunk_12,120,wt_mean,0.00206594588235015,96
shuffle,chunk_12,121,GR,15.422508915265402,96
shuffle,chunk_12,121,IPC,9.762026676438873,96
shuffle,chunk_12,121,KR,7.679012944300969,96
shuffle,chunk_12,121,MC,5.619833818326394,96
shuffle,chunk_12,121,cosine_similarity,0.366451695561409,96
shuffle,chunk_12,121,kl_to_gaussian,1.1599982171575378,96
shuffle,chunk_12,121,wt_mean,0.0021575727150774998,96
shuffle,chunk_12,122,GR,16.725050024688244,96
shuffle,chunk_12,122,IPC,9.81241641542199,96
shuffle,chunk_12,122,KR,8.359183112780253,96
shuffle,chunk_12,122,MC,5.879000140974919,96
shuffle,chunk_12,122,cosine_similarity,0.374724343419075,96
shuffle,chunk_12,122,kl_to_gaussian,1.159998169837456,96
shuffle,chunk_12,122,wt_mean,0.0023036443453747497,96
shuffle,chunk_12,123,GR,16.800582674642403,96
shuffle,chunk_12,123,IPC,11.18102398940234,96
shuffle,chunk_12,123,KR,8.413931861519814,96
shuffle,chunk_12,123,MC,6.79312814027071,96
shuffle,chunk_12,123,cosine_similarity,0.3763401135802269,96
shuffle,chunk_12,123,kl_to_gaussian,1.1599982844582486,96
shuffle,chunk_12,123,wt_mean,0.002351925795664975,96
shuffle,chunk_12,124,GR,14.807928569614887,96
shuffle,chunk_12,124,IPC,9.664121018120971,96
shuffle,chunk_12,124,KR,7.6446834380428,96
shuffle,chunk_12,124,MC,6.026363015174866,96
shuffle,chunk_12,124,cosine_similarity,0.3678735718131065,96
shuffle,chunk_12,124,kl_to_gaussian,1.1599981653964178,96
shuffle,chunk_12,124,wt_mean,0.00209699457627715,96
shuffle,chunk_12,125,GR,17.850502046446007,96
shuffle,chunk_12,125,IPC,10.842907437102065,96
shuffle,chunk_12,125,KR,8.828001593550047,96
shuffle,chunk_12,125,MC,6.653037700802088,96
shuffle,chunk_12,125,cosine_similarity,0.36535298079252243,96
shuffle,chunk_12,125,kl_to_gaussian,1.159998232340275,96
shuffle,chunk_12,125,wt_mean,0.0022897236049174746,96
shuffle,chunk_12,126,GR,12.140909825762114,96
shuffle,chunk_12,126,IPC,9.711791703900962,96
shuffle,chunk_12,126,KR,6.0114863614241285,96
shuffle,chunk_12,126,MC,5.623506979395946,96
shuffle,chunk_12,126,cosine_similarity,0.3688430041074753,96
shuffle,chunk_12,126,kl_to_gaussian,1.159998205295163,96
shuffle,chunk_12,126,wt_mean,0.001896575762657375,96
shuffle,chunk_12,127,GR,11.76759698241949,96
shuffle,chunk_12,127,IPC,10.477204327328085,96
shuffle,chunk_12,127,KR,6.080982975661755,96
shuffle,chunk_12,127,MC,6.175623531763752,96
shuffle,chunk_12,127,cosine_similarity,0.37491823732852936,96
shuffle,chunk_12,127,kl_to_gaussian,1.1599981752753963,96
shuffle,chunk_12,127,wt_mean,0.00198960988200265,96
shuffle,chunk_12,128,GR,19.88795445114374,96
shuffle,chunk_12,128,IPC,10.471655749801654,96
shuffle,chunk_12,128,KR,10.19510784993569,96
shuffle,chunk_12,128,MC,6.737132914364338,96
shuffle,chunk_12,128,cosine_similarity,0.3718806281685829,96
shuffle,chunk_12,128,kl_to_gaussian,1.1599982242826117,96
shuffle,chunk_12,128,wt_mean,0.002370861795498,96
shuffle,chunk_12,129,GR,21.417850996057194,96
shuffle,chunk_12,129,IPC,10.36575905100511,96
shuffle,chunk_12,129,KR,10.368510700762272,96
shuffle,chunk_12,129,MC,6.1787377546230955,96
shuffle,chunk_12,129,cosine_similarity,0.36147525906562805,96
shuffle,chunk_12,129,kl_to_gaussian,1.1599981616908206,96
shuffle,chunk_12,129,wt_mean,0.00238182826433325,96
shuffle,chunk_13,130,GR,17.880835217734177,96
shuffle,chunk_13,130,IPC,10.391935319021218,96
shuffle,chunk_13,130,KR,9.098442204296589,96
shuffle,chunk_13,130,MC,6.526649193217357,96
shuffle,chunk_13,130,cosine_similarity,0.3503588587045669,96
shuffle,chunk_13,130,kl_to_gaussian,1.1599982165427662,96
shuffle,chunk_13,130,wt_mean,0.00219921043026255,96
shuffle,chunk_13,131,GR,14.80001837015152,96
shuffle,chunk_13,131,IPC,9.802870132157826,96
shuffle,chunk_13,131,KR,7.4740955630938215,96
shuffle,chunk_13,131,MC,5.763047778358062,96
shuffle,chunk_13,131,cosine_similarity,0.3799593821167946,96
shuffle,chunk_13,131,kl_to_gaussian,1.1599981850159213,96
shuffle,chunk_13,131,wt_mean,0.002085766085656325,96
shuffle,chunk_13,132,GR,17.057521104812622,96
shuffle,chunk_13,132,IPC,11.015638372937852,96
shuffle,chunk_13,132,KR,8.412004724144936,96
shuffle,chunk_13,132,MC,6.454193231960137,96
shuffle,chunk_13,132,cosine_similarity,0.34997110068798065,96
shuffle,chunk_13,132,kl_to_gaussian,1.1599981963975659,96
shuffle,chunk_13,132,wt_mean,0.002152006374672,96
shuffle,chunk_13,133,GR,23.034757951895397,96
shuffle,chunk_13,133,IPC,11.67030497496098,96
shuffle,chunk_13,133,KR,11.756457664072514,96
shuffle,chunk_13,133,MC,6.888091068714857,96
shuffle,chunk_13,133,cosine_similarity,0.37860213965177536,96
shuffle,chunk_13,133,kl_to_gaussian,1.1599982269997962,96
shuffle,chunk_13,133,wt_mean,0.00259060508687975,96
shuffle,chunk_13,134,GR,17.558894279102486,96
shuffle,chunk_13,134,IPC,10.92389281510588,96
shuffle,chunk_13,134,KR,8.951698762675127,96
shuffle,chunk_13,134,MC,6.62774886439244,96
shuffle,chunk_13,134,cosine_similarity,0.36729189753532404,96
shuffle,chunk_13,134,kl_to_gaussian,1.159998146093076,96
shuffle,chunk_13,134,wt_mean,0.002183991688070775,96
shuffle,chunk_13,135,GR,13.318338513374329,96
shuffle,chunk_13,135,IPC,9.849574566334647,96
shuffle,chunk_13,135,KR,6.7026326060295105,96
shuffle,chunk_13,135,MC,5.947390591104825,96
shuffle,chunk_13,135,cosine_similarity,0.3636080473661423,96
shuffle,chunk_13,135,kl_to_gaussian,1.1599981842685596,96
shuffle,chunk_13,135,wt_mean,0.002040058141574225,96
shuffle,chunk_13,136,GR,12.88340333600839,96
shuffle,chunk_13,136,IPC,9.473534427859699,96
shuffle,chunk_13,136,KR,6.659873182574908,96
shuffle,chunk_13,136,MC,5.604692121346791,96
shuffle,chunk_13,136,cosine_similarity,0.36393110454082483,96
shuffle,chunk_13,136,kl_to_gaussian,1.1599981624966007,96
shuffle,chunk_13,136,wt_mean,0.0020282708574086,96
shuffle,chunk_13,137,GR,15.74627917011579,96
shuffle,chunk_13,137,IPC,9.808046026903247,96
shuffle,chunk_13,137,KR,8.017351545393467,96
shuffle,chunk_13,137,MC,5.8313780178626375,96
shuffle,chunk_13,137,cosine_similarity,0.3704587444663048,96
shuffle,chunk_13,137,kl_to_gaussian,1.1599981873524043,96
shuffle,chunk_13,137,wt_mean,0.002062549756374175,96
shuffle,chunk_13,138,GR,14.979008120795092,96
shuffle,chunk_13,138,IPC,9.536293049477152,96
shuffle,chunk_13,138,KR,7.534131156901519,96
shuffle,chunk_13,138,MC,5.825616002082825,96
shuffle,chunk_13,138,cosine_similarity,0.37905453145504,96
shuffle,chunk_13,138,kl_to_gaussian,1.1599981443245502,96
shuffle,chunk_13,138,wt_mean,0.0021950317313894252,96
shuffle,chunk_13,139,GR,14.891321885089079,96
shuffle,chunk_13,139,IPC,10.149174937365773,96
shuffle,chunk_13,139,KR,7.323303488393624,96
shuffle,chunk_13,139,MC,5.697750888764858,96
shuffle,chunk_13,139,cosine_similarity,0.37511211633682245,96
shuffle,chunk_13,139,kl_to_gaussian,1.1599981904437162,96
shuffle,chunk_13,139,wt_mean,0.0021500097354873247,96
shuffle,chunk_14,140,GR,14.691655583679676,96
shuffle,chunk_14,140,IPC,10.03422891035593,96
shuffle,chunk_14,140,KR,7.635871750613053,96
shuffle,chunk_14,140,MC,6.152317290504773,96
shuffle,chunk_14,140,cosine_similarity,0.36386654525995255,96
shuffle,chunk_14,140,kl_to_gaussian,1.1599982762027503,96
shuffle,chunk_14,140,wt_mean,0.002137628413038275,96
shuffle,chunk_14,141,GR,17.482823090006907,96
shuffle,chunk_14,141,IPC,9.768830201466942,96
shuffle,chunk_14,141,KR,8.833143507440886,96
shuffle,chunk_14,141,MC,6.119022145867348,96
shuffle,chunk_14,141,cosine_similarity,0.37808505445718765,96
shuffle,chunk_14,141,kl_to_gaussian,1.159998152426885,96
shuffle,chunk_14,141,wt_mean,0.0022020115284248497,96
shuffle,chunk_14,142,GR,18.80668620268504,96
shuffle,chunk_14,142,IPC,10.335326651242903,96
shuffle,chunk_14,142,KR,9.369524367153645,96
shuffle,chunk_14,142,MC,6.1420462268094225,96
shuffle,chunk_14,142,cosine_similarity,0.3771156519651413,96
shuffle,chunk_14,142,kl_to_gaussian,1.1599982180428112,96
shuffle,chunk_14,142,wt_mean,0.002390052599366675,96
shuffle,chunk_14,143,GR,14.47327028711637,96
shuffle,chunk_14,143,IPC,9.480998493486554,96
shuffle,chunk_14,143,KR,7.319107574721177,96
shuffle,chunk_14,143,MC,5.525382279107968,96
shuffle,chunk_14,143,cosine_similarity,0.3559816554188728,96
shuffle,chunk_14,143,kl_to_gaussian,1.159998100024093,96
shuffle,chunk_14,143,wt_mean,0.001884610945125975,96
shuffle,chunk_14,144,GR,12.298054218292236,96
shuffle,chunk_14,144,IPC,8.638421762178622,96
shuffle,chunk_14,144,KR,6.287552488346894,96
shuffle,chunk_14,144,MC,5.281444477538268,96
shuffle,chunk_14,144,cosine_similarity,0.37285009771585464,96
shuffle,chunk_14,144,kl_to_gaussian,1.1599982476429653,96
shuffle,chunk_14,144,wt_mean,0.0019816306303254753,96
shuffle,chunk_14,145,GR,15.999926301340262,96
shuffle,chunk_14,145,IPC,9.80871740403492,96
shuffle,chunk_14,145,KR,7.945140786468983,96
shuffle,chunk_14,145,MC,5.907506952683131,96
shuffle,chunk_14,145,cosine_similarity,0.3752413988113403,96
shuffle,chunk_14,145,kl_to_gaussian,1.1599982014672037,96
shuffle,chunk_14,145,wt_mean,0.002348646317841425,96
shuffle,chunk_14,146,GR,14.650694452226162,96
shuffle,chunk_14,146,IPC,10.097286478585115,96
shuffle,chunk_14,146,KR,7.280840657651424,96
shuffle,chunk_14,146,MC,5.887953242907922,96
shuffle,chunk_14,146,cosine_similarity,0.3721391409635544,96
shuffle,chunk_14,146,kl_to_gaussian,1.159998191261769,96
shuffle,chunk_14,146,wt_mean,0.0021925550536252,96
shuffle,chunk_14,147,GR,12.744437836110592,96
shuffle,chunk_14,147,IPC,9.6677606161266,96
shuffle,chunk_14,147,KR,6.493977854649226,96
shuffle,chunk_14,147,MC,5.635556469360988,96
shuffle,chunk_14,147,cosine_similarity,0.37155747413635254,96
shuffle,chunk_14,147,kl_to_gaussian,1.1599982369369088,96
shuffle,chunk_14,147,wt_mean,0.001934845757204975,96
shuffle,chunk_14,148,GR,12.890493181844553,96
shuffle,chunk_14,148,IPC,9.29484410339019,96
shuffle,chunk_14,148,KR,6.7078738287091255,96
shuffle,chunk_14,148,MC,5.720250676075618,96
shuffle,chunk_14,148,cosine_similarity,0.37407805025577545,96
shuffle,chunk_14,148,kl_to_gaussian,1.159998199569739,96
shuffle,chunk_14,148,wt_mean,0.0019200480601284247,96
shuffle,chunk_14,149,GR,17.447305997212727,96
shuffle,chunk_14,149,IPC,10.735786291304601,96
shuffle,chunk_14,149,KR,8.817218517263731,96
shuffle,chunk_14,149,MC,6.627331962188085,96
shuffle,chunk_14,149,cosine_similarity,0.3734317496418953,96
shuffle,chunk_14,149,kl_to_gaussian,1.1599981884997643,96
shuffle,chunk_14,149,wt_mean,0.0023627601913176,96
shuffle,chunk_15,150,GR,22.51963288585345,96
shuffle,chunk_15,150,IPC,10.615184143354298,96
shuffle,chunk_15,150,KR,11.17393682897091,96
shuffle,chunk_15,150,MC,6.301651789496343,96
shuffle,chunk_15,150,cosine_similarity,0.36580542474985117,96
shuffle,chunk_15,150,kl_to_gaussian,1.1599982248651928,96
shuffle,chunk_15,150,wt_mean,0.002382293198024825,96
shuffle,chunk_15,151,GR,23.153531057139237,96
shuffle,chunk_15,151,IPC,11.661554365989389,96
shuffle,chunk_15,151,KR,11.759130428234736,96
shuffle,chunk_15,151,MC,7.198232854406039,96
shuffle,chunk_15,151,cosine_similarity,0.37246228754520416,96
shuffle,chunk_15,151,kl_to_gaussian,1.1599981556357,96
shuffle,chunk_15,151,wt_mean,0.002505542535800425,96
shuffle,chunk_15,152,GR,18.397657446563244,96
shuffle,chunk_15,152,IPC,10.667015265317703,96
shuffle,chunk_15,152,KR,9.026381000876427,96
shuffle,chunk_15,152,MC,6.43712317943573,96
shuffle,chunk_15,152,cosine_similarity,0.37317319959402084,96
shuffle,chunk_15,152,kl_to_gaussian,1.1599980798247154,96
shuffle,chunk_15,152,wt_mean,0.0023378313053398748,96
shuffle,chunk_15,153,GR,17.269768692553043,96
shuffle,chunk_15,153,IPC,10.165378882353679,96
shuffle,chunk_15,153,KR,8.63559408734242,96
shuffle,chunk_15,153,MC,6.095813398559888,96
shuffle,chunk_15,153,cosine_similarity,0.361022800207138,96
shuffle,chunk_15,153,kl_to_gaussian,1.159998117244514,96
shuffle,chunk_15,153,wt_mean,0.0021987613290548,96
shuffle,chunk_15,154,GR,18.46605386584997,96
shuffle,chunk_15,154,IPC,10.970722238387784,96
shuffle,chunk_15,154,KR,9.344232392807802,96
shuffle,chunk_15,154,MC,6.6902061800162,96
shuffle,chunk_15,154,cosine_similarity,0.36755041778087616,96
shuffle,chunk_15,154,kl_to_gaussian,1.159998204478278,96
shuffle,chunk_15,154,wt_mean,0.002363600127864575,96
shuffle,chunk_15,155,GR,16.96687602500121,96
shuffle,chunk_15,155,IPC,10.119225325820997,96
shuffle,chunk_15,155,KR,8.563061820964018,96
shuffle,chunk_15,155,MC,6.228545673191547,96
shuffle,chunk_15,155,cosine_similarity,0.3803471103310585,96
shuffle,chunk_15,155,kl_to_gaussian,1.1599980966182744,96
shuffle,chunk_15,155,wt_mean,0.0022087706602178,96
shuffle,chunk_15,156,GR,24.870271327594917,96
shuffle,chunk_15,156,IPC,10.830331085455022,96
shuffle,chunk_15,156,KR,11.981458216905594,96
shuffle,chunk_15,156,MC,6.709322067598502,96
shuffle,chunk_15,156,cosine_similarity,0.3795716017484665,96
shuffle,chunk_15,156,kl_to_gaussian,1.1599981365499108,96
shuffle,chunk_15,156,wt_mean,0.00264310519560235,96
shuffle,chunk_15,157,GR,20.80698513487975,96
shuffle,chunk_15,157,IPC,11.424121622136264,96
shuffle,chunk_15,157,KR,10.49713441481193,96
shuffle,chunk_15,157,MC,6.738152210911115,96
shuffle,chunk_15,157,cosine_similarity,0.3832554966211319,96
shuffle,chunk_15,157,kl_to_gaussian,1.1599981510904132,96
shuffle,chunk_15,157,wt_mean,0.0025278687535319,96
shuffle,chunk_15,158,GR,19.91272909939289,96
shuffle,chunk_15,158,IPC,10.963415010205317,96
shuffle,chunk_15,158,KR,10.055873329440752,96
shuffle,chunk_15,158,MC,6.7921244104703264,96
shuffle,chunk_15,158,cosine_similarity,0.3730439618229866,96
shuffle,chunk_15,158,kl_to_gaussian,1.159998085457088,96
shuffle,chunk_15,158,wt_mean,0.002376261021709025,96
shuffle,chunk_15,159,GR,14.909259356558323,96
shuffle,chunk_15,159,IPC,10.400075656108081,96
shuffle,chunk_15,159,KR,7.601072981953621,96
shuffle,chunk_15,159,MC,6.308050698290269,96
shuffle,chunk_15,159,cosine_similarity,0.37039415538311,96
shuffle,chunk_15,159,kl_to_gaussian,1.1599981922112177,96
shuffle,chunk_15,159,wt_mean,0.002219607617007525,96
shuffle,chunk_16,160,GR,26.825699215133984,96
shuffle,chunk_16,160,IPC,11.825565326410848,96
shuffle,chunk_16,160,KR,13.67826205243667,96
shuffle,chunk_16,160,MC,7.574517001708348,96
shuffle,chunk_16,160,cosine_similarity,0.3555292710661888,96
shuffle,chunk_16,160,kl_to_gaussian,1.1599980790542437,96
shuffle,chunk_16,160,wt_mean,0.00249161638203075,96
shuffle,chunk_16,161,GR,12.271786140898863,96
shuffle,chunk_16,161,IPC,9.326062150623573,96
shuffle,chunk_16,161,KR,6.26258680721124,96
shuffle,chunk_16,161,MC,5.638629806538423,96
shuffle,chunk_16,161,cosine_similarity,0.37427189946174616,96
shuffle,chunk_16,161,kl_to_gaussian,1.159998218113415,96
shuffle,chunk_16,161,wt_mean,0.0019773915119003,96
shuffle,chunk_16,162,GR,14.951608888804913,96
shuffle,chunk_16,162,IPC,9.81052828633496,96
shuffle,chunk_16,162,KR,7.657511346042156,96
shuffle,chunk_16,162,MC,5.7826734110713005,96
shuffle,chunk_16,162,cosine_similarity,0.36141056567430496,96
shuffle,chunk_16,162,kl_to_gaussian,1.1599982254237997,96
shuffle,chunk_16,162,wt_mean,0.002058832731563575,96
shuffle,chunk_16,163,GR,15.968109232683977,96
shuffle,chunk_16,163,IPC,10.193625439773983,96
shuffle,chunk_16,163,KR,8.326697011788687,96
shuffle,chunk_16,163,MC,5.923659677306811,96
shuffle,chunk_16,163,cosine_similarity,0.37433652579784393,96
shuffle,chunk_16,163,kl_to_gaussian,1.1599982777441713,96
shuffle,chunk_16,163,wt_mean,0.002217924280557725,96
shuffle,chunk_16,164,GR,14.44591953853766,96
shuffle,chunk_16,164,IPC,9.501923726632908,96
shuffle,chunk_16,164,KR,7.36350055038929,96
shuffle,chunk_16,164,MC,5.636031601577997,96
shuffle,chunk_16,164,cosine_similarity,0.3765985816717147,96
shuffle,chunk_16,164,kl_to_gaussian,1.1599982013158379,96
shuffle,chunk_16,164,wt_mean,0.002160337957320675,96
shuffle,chunk_16,165,GR,21.72307150562604,96
shuffle,chunk_16,165,IPC,10.766691824839183,96
shuffle,chunk_16,165,KR,10.767626114189625,96
shuffle,chunk_16,165,MC,6.544284413258235,96
shuffle,chunk_16,165,cosine_similarity,0.3731732293963432,96
shuffle,chunk_16,165,kl_to_gaussian,1.1599981868133318,96
shuffle,chunk_16,165,wt_mean,0.002546350879128975,96
shuffle,chunk_16,166,GR,19.12961173057556,96
shuffle,chunk_16,166,IPC,10.70020737947369,96
shuffle,chunk_16,166,KR,9.6027830367287,96
shuffle,chunk_16,166,MC,6.550947772959868,96
shuffle,chunk_16,166,cosine_similarity,0.3613459318876266,96
shuffle,chunk_16,166,kl_to_gaussian,1.1599982178661128,96
shuffle,chunk_16,166,wt_mean,0.00221923785284155,96
shuffle,chunk_16,167,GR,15.739630026121935,96
shuffle,chunk_16,167,IPC,9.88382551891907,96
shuffle,chunk_16,167,KR,7.795540737609069,96
shuffle,chunk_16,167,MC,6.0918594027558965,96
shuffle,chunk_16,167,cosine_similarity,0.3714282512664795,96
shuffle,chunk_16,167,kl_to_gaussian,1.1599982800249713,96
shuffle,chunk_16,167,wt_mean,0.00207802094519135,96
shuffle,chunk_16,168,GR,23.04719692716996,96
shuffle,chunk_16,168,IPC,10.585056965918513,96
shuffle,chunk_16,168,KR,11.453744108478228,96
shuffle,chunk_16,168,MC,6.465597198655208,96
shuffle,chunk_16,168,cosine_similarity,0.3705880343914032,96
shuffle,chunk_16,168,kl_to_gaussian,1.1599981592680162,96
shuffle,chunk_16,168,wt_mean,0.0024708663404453,96
shuffle,chunk_16,169,GR,14.348831802606583,96
shuffle,chunk_16,169,IPC,9.843581557043853,96
shuffle,chunk_16,169,KR,7.297770005961259,96
shuffle,chunk_16,169,MC,5.971528383592765,96
shuffle,chunk_16,169,cosine_similarity,0.36923079937696457,96
shuffle,chunk_16,169,kl_to_gaussian,1.159998189287162,96
shuffle,chunk_16,169,wt_mean,0.00216395920142525,96
shuffle,chunk_17,170,GR,18.30469487855832,96
shuffle,chunk_17,170,IPC,10.4374320544971,96
shuffle,chunk_17,170,KR,9.112678622206053,96
shuffle,chunk_17,170,MC,6.318887539207935,96
shuffle,chunk_17,170,cosine_similarity,0.35546455532312393,96
shuffle,chunk_17,170,kl_to_gaussian,1.1599981827895844,96
shuffle,chunk_17,170,wt_mean,0.00212808244395995,96
shuffle,chunk_17,171,GR,19.727423732479412,96
shuffle,chunk_17,171,IPC,10.62388231455778,96
shuffle,chunk_17,171,KR,9.70304841051499,96
shuffle,chunk_17,171,MC,6.501119147986174,96
shuffle,chunk_17,171,cosine_similarity,0.36903692036867136,96
shuffle,chunk_17,171,kl_to_gaussian,1.1599982675003586,96
shuffle,chunk_17,171,wt_mean,0.0024291495210490752,96
shuffle,chunk_17,172,GR,17.132103798290093,96
shuffle,chunk_17,172,IPC,9.885346852813818,96
shuffle,chunk_17,172,KR,8.543046412368616,96
shuffle,chunk_17,172,MC,5.753360862533252,96
shuffle,chunk_17,172,cosine_similarity,0.36406041681766504,96
shuffle,chunk_17,172,kl_to_gaussian,1.1599982285407742,96
shuffle,chunk_17,172,wt_mean,0.0022356720583047,96
shuffle,chunk_17,173,GR,16.41742951174577,96
shuffle,chunk_17,173,IPC,11.182003211801373,96
shuffle,chunk_17,173,KR,8.507824828227362,96
shuffle,chunk_17,173,MC,6.827220931649208,96
shuffle,chunk_17,173,cosine_similarity,0.3656761422753334,96
shuffle,chunk_17,173,kl_to_gaussian,1.1599982217693992,96
shuffle,chunk_17,173,wt_mean,0.002214722684584525,96
shuffle,chunk_17,174,GR,17.56796599427859,96
shuffle,chunk_17,174,IPC,10.457011798153692,96
shuffle,chunk_17,174,KR,8.794523989160856,96
shuffle,chunk_17,174,MC,6.312118510405223,96
shuffle,chunk_17,174,cosine_similarity,0.37491823732852936,96
shuffle,chunk_17,174,kl_to_gaussian,1.1599982499129002,96
shuffle,chunk_17,174,wt_mean,0.002261465182527875,96
shuffle,chunk_17,175,GR,15.570270930727323,96
shuffle,chunk_17,175,IPC,9.694172611673043,96
shuffle,chunk_17,175,KR,7.601849988102913,96
shuffle,chunk_17,175,MC,5.653018084665139,96
shuffle,chunk_17,175,cosine_similarity,0.3778911903500557,96
shuffle,chunk_17,175,kl_to_gaussian,1.1599982032125427,96
shuffle,chunk_17,175,wt_mean,0.002211290120612775,96
shuffle,chunk_17,176,GR,24.527018437782925,96
shuffle,chunk_17,176,IPC,10.793093171049634,96
shuffle,chunk_17,176,KR,12.285385854542255,96
shuffle,chunk_17,176,MC,6.778132535517216,96
shuffle,chunk_17,176,cosine_similarity,0.3639311268925667,96
shuffle,chunk_17,176,kl_to_gaussian,1.1599982004464038,96
shuffle,chunk_17,176,wt_mean,0.0027420130791141997,96
shuffle,chunk_17,177,GR,19.514213524758816,96
shuffle,chunk_17,177,IPC,9.591900988247794,96
shuffle,chunk_17,177,KR,9.988743533690771,96
shuffle,chunk_17,177,MC,6.075164044896762,96
shuffle,chunk_17,177,cosine_similarity,0.37207451462745667,96
shuffle,chunk_17,177,kl_to_gaussian,1.1599982512672888,96
shuffle,chunk_17,177,wt_mean,0.002441472373902725,96
shuffle,chunk_17,178,GR,17.331826058526833,96
shuffle,chunk_17,178,IPC,10.854742637360026,96
shuffle,chunk_17,178,KR,8.314575500786304,96
shuffle,chunk_17,178,MC,6.327430176238219,96
shuffle,chunk_17,178,cosine_similarity,0.37194523215293884,96
shuffle,chunk_17,178,kl_to_gaussian,1.1599982080598987,96
shuffle,chunk_17,178,wt_mean,0.00232051816419695,96
shuffle,chunk_17,179,GR,11.175725559393564,96
shuffle,chunk_17,179,IPC,9.384586723001627,96
shuffle,chunk_17,179,KR,5.754042237997055,96
shuffle,chunk_17,179,MC,5.706423738350471,96
shuffle,chunk_17,179,cosine_similarity,0.37427192181348795,96
shuffle,chunk_17,179,kl_to_gaussian,1.159998145257851,96
shuffle,chunk_17,179,wt_mean,0.00182676385156805,96
shuffle,chunk_18,180,GR,11.619256240626177,96
shuffle,chunk_18,180,IPC,9.39958338332622,96
shuffle,chunk_18,180,KR,6.078171839316686,96
shuffle,chunk_18,180,MC,5.565132572005193,96
shuffle,chunk_18,180,cosine_similarity,0.37575842440128326,96
shuffle,chunk_18,180,kl_to_gaussian,1.159998198661614,96
shuffle,chunk_18,180,wt_mean,0.00200372084509575,96
shuffle,chunk_18,181,GR,19.437611550092697,96
shuffle,chunk_18,181,IPC,10.214695533318196,96
shuffle,chunk_18,181,KR,9.35455784201622,96
shuffle,chunk_18,181,MC,6.094303337236245,96
shuffle,chunk_18,181,cosine_similarity,0.37246230989694595,96
shuffle,chunk_18,181,kl_to_gaussian,1.159998215693877,96
shuffle,chunk_18,181,wt_mean,0.002332879783352775,96
shuffle,chunk_18,182,GR,15.351066631575426,96
shuffle,chunk_18,182,IPC,10.011397311188997,96
shuffle,chunk_18,182,KR,7.711722418665886,96
shuffle,chunk_18,182,MC,5.892603660623233,96
shuffle,chunk_18,182,cosine_similarity,0.37252695113420486,96
shuffle,chunk_18,182,kl_to_gaussian,1.1599981364379375,96
shuffle,chunk_18,182,wt_mean,0.002184149081585875,96
shuffle,chunk_18,183,GR,20.367354311048985,96
shuffle,chunk_18,183,IPC,10.887880002129172,96
shuffle,chunk_18,183,KR,10.3896375199159,96
shuffle,chunk_18,183,MC,6.763656629870336,96
shuffle,chunk_18,183,cosine_similarity,0.37084653228521347,96
shuffle,chunk_18,183,kl_to_gaussian,1.1599982400163125,96
shuffle,chunk_18,183,wt_mean,0.002480639319401175,96
shuffle,chunk_18,184,GR,14.713484674692154,96
shuffle,chunk_18,184,IPC,9.307177183781915,96
shuffle,chunk_18,184,KR,7.183792062103748,96
shuffle,chunk_18,184,MC,5.574421496440967,96
shuffle,chunk_18,184,cosine_similarity,0.3727854564785957,96
shuffle,chunk_18,184,kl_to_gaussian,1.1599982823449866,96
shuffle,chunk_18,184,wt_mean,0.00213438228820445,96
shuffle,chunk_18,185,GR,21.256537792583305,96
shuffle,chunk_18,185,IPC,11.10978764916834,96
shuffle,chunk_18,185,KR,10.381772148112455,96
shuffle,chunk_18,185,MC,6.771883567174275,96
shuffle,chunk_18,185,cosine_similarity,0.36761508136987686,96
shuffle,chunk_18,185,kl_to_gaussian,1.1599981657778173,96
shuffle,chunk_18,185,wt_mean,0.002546910080127375,96
shuffle,chunk_18,186,GR,12.735786683857441,96
shuffle,chunk_18,186,IPC,9.025133038336294,96
shuffle,chunk_18,186,KR,6.6925142630934715,96
shuffle,chunk_18,186,MC,5.4069079260031385,96
shuffle,chunk_18,186,cosine_similarity,0.3714928478002548,96
shuffle,chunk_18,186,kl_to_gaussian,1.159998088079749,96
shuffle,chunk_18,186,wt_mean,0.00198175455443555,96
shuffle,chunk_18,187,GR,12.367908154924711,96
shuffle,chunk_18,187,IPC,9.970590620332496,96
shuffle,chunk_18,187,KR,6.429079852998257,96
shuffle,chunk_18,187,MC,5.699401747435331,96
shuffle,chunk_18,187,cosine_similarity,0.37427191436290735,96
shuffle,chunk_18,187,kl_to_gaussian,1.1599982991912665,96
shuffle,chunk_18,187,wt_mean,0.002039987884927475,96
shuffle,chunk_18,188,GR,13.463276363909245,96
shuffle,chunk_18,188,IPC,9.483947346214478,96
shuffle,chunk_18,188,KR,7.025819721321265,96
shuffle,chunk_18,188,MC,5.694818104306857,96
shuffle,chunk_18,188,cosine_similarity,0.35468906164169306,96
shuffle,chunk_18,188,kl_to_gaussian,1.1599981280805034,96
shuffle,chunk_18,188,wt_mean,0.0020497498335316,96
shuffle,chunk_18,189,GR,15.422988476852575,96
shuffle,chunk_18,189,IPC,9.812642943842611,96
shuffle,chunk_18,189,KR,7.60964834690094,96
shuffle,chunk_18,189,MC,5.929467707872391,96
shuffle,chunk_18,189,cosine_similarity,0.3628324344754219,96
shuffle,chunk_18,189,kl_to_gaussian,1.1599981782889568,96
shuffle,chunk_18,189,wt_mean,0.002133742586011025,96
shuffle,chunk_19,190,GR,17.131673748294514,96
shuffle,chunk_19,190,IPC,10.367514427022142,96
shuffle,chunk_19,190,KR,8.672926331559816,96
shuffle,chunk_19,190,MC,5.9841564285258455,96
shuffle,chunk_19,190,cosine_similarity,0.3786667287349701,96
shuffle,chunk_19,190,kl_to_gaussian,1.15999825391721,96
shuffle,chunk_19,190,wt_mean,0.00223729704157445,96
shuffle,chunk_19,191,GR,12.962611382206282,96
shuffle,chunk_19,191,IPC,9.889614749730876,96
shuffle,chunk_19,191,KR,6.442144118249416,96
shuffle,chunk_19,191,MC,5.644862305372953,96
shuffle,chunk_19,191,cosine_similarity,0.36548229306936264,96
shuffle,chunk_19,191,kl_to_gaussian,1.159998185421745,96
shuffle,chunk_19,191,wt_mean,0.00196779915131625,96
shuffle,chunk_19,192,GR,20.2210829158624,96
shuffle,chunk_19,192,IPC,11.760663158469852,96
shuffle,chunk_19,192,KR,9.649762732287249,96
shuffle,chunk_19,192,MC,6.871536870797475,96
shuffle,chunk_19,192,cosine_similarity,0.36574079096317286,96
shuffle,chunk_19,192,kl_to_gaussian,1.1599981150244933,96
shuffle,chunk_19,192,wt_mean,0.00245172937866295,96
shuffle,chunk_19,193,GR,17.672268090148766,96
shuffle,chunk_19,193,IPC,11.02592370529369,96
shuffle,chunk_19,193,KR,9.012263417243958,96
shuffle,chunk_19,193,MC,6.423361541082461,96
shuffle,chunk_19,193,cosine_similarity,0.37162212282419205,96
shuffle,chunk_19,193,kl_to_gaussian,1.1599982210366375,96
shuffle,chunk_19,193,wt_mean,0.002343666390515825,96
shuffle,chunk_19,194,GR,19.57192641745011,96
shuffle,chunk_19,194,IPC,11.06294010842739,96
shuffle,chunk_19,194,KR,9.727783342202505,96
shuffle,chunk_19,194,MC,6.297158446162939,96
shuffle,chunk_19,194,cosine_similarity,0.3665163367986679,96
shuffle,chunk_19,194,kl_to_gaussian,1.1599981026987918,96
shuffle,chunk_19,194,wt_mean,0.002316745260031825,96
shuffle,chunk_19,195,GR,15.618436535199484,96
shuffle,chunk_19,195,IPC,10.562912400429616,96
shuffle,chunk_19,195,KR,8.062533867855867,96
shuffle,chunk_19,195,MC,6.3185738027095795,96
shuffle,chunk_19,195,cosine_similarity,0.36683948338031763,96
shuffle,chunk_19,195,kl_to_gaussian,1.1599981419502978,96
shuffle,chunk_19,195,wt_mean,0.00222920108353715,96
shuffle,chunk_19,196,GR,16.855390332639217,96
shuffle,chunk_19,196,IPC,9.545183892085435,96
shuffle,chunk_19,196,KR,8.525425367057323,96
shuffle,chunk_19,196,MC,5.917746160179377,96
shuffle,chunk_19,196,cosine_similarity,0.36063502728939056,96
shuffle,chunk_19,196,kl_to_gaussian,1.1599981788404359,96
shuffle,chunk_19,196,wt_mean,0.0021824454015586,96
shuffle,chunk_19,197,GR,18.632199709614117,96
shuffle,chunk_19,197,IPC,10.252820248993869,96
shuffle,chunk_19,197,KR,8.86909314741691,96
shuffle,chunk_19,197,MC,5.97962170590957,96
shuffle,chunk_19,197,cosine_similarity,0.3669041097164154,96
shuffle,chunk_19,197,kl_to_gaussian,1.159998222030955,96
shuffle,chunk_19,197,wt_mean,0.0021977328578941,96
shuffle,chunk_19,198,GR,18.723854765295982,96
shuffle,chunk_19,198,IPC,10.170632885933655,96
shuffle,chunk_19,198,KR,9.262533334394297,96
shuffle,chunk_19,198,MC,6.0848571583628654,96
shuffle,chunk_19,198,cosine_similarity,0.37200987339019775,96
shuffle,chunk_19,198,kl_to_gaussian,1.1599981854683648,96
shuffle,chunk_19,198,wt_mean,0.002200661314418475,96
shuffle,chunk_19,199,GR,19.8532668898503,96
shuffle,chunk_19,199,IPC,10.166465201199435,96
shuffle,chunk_19,199,KR,9.795068584382534,96
shuffle,chunk_19,199,MC,6.222528576850891,96
shuffle,chunk_19,199,cosine_similarity,0.366904117166996,96
shuffle,chunk_19,199,kl_to_gaussian,1.159998212973693,96
shuffle,chunk_19,199,wt_mean,0.00239926631911655,96
shuffle,chunk_2,20,GR,16.454065049688023,96
shuffle,chunk_2,20,IPC,11.710431914201399,96
shuffle,chunk_2,20,KR,8.214446465174357,96
shuffle,chunk_2,20,MC,6.670635238289833,96
shuffle,chunk_2,20,cosine_similarity,0.3718160167336464,96
shuffle,chunk_2,20,kl_to_gaussian,1.1599981877664733,96
shuffle,chunk_2,20,wt_mean,0.0021385588916018002,96
shuffle,chunk_2,21,GR,13.800746050973734,96
shuffle,chunk_2,21,IPC,10.179258702686225,96
shuffle,chunk_2,21,KR,6.870469758907954,96
shuffle,chunk_2,21,MC,5.856758678952853,96
shuffle,chunk_2,21,cosine_similarity,0.3766631782054901,96
shuffle,chunk_2,21,kl_to_gaussian,1.1599982018140924,96
shuffle,chunk_2,21,wt_mean,0.0021382906124926752,96
shuffle,chunk_2,22,GR,21.685820502539475,96
shuffle,chunk_2,22,IPC,12.365040156527577,96
shuffle,chunk_2,22,KR,10.928950818876425,96
shuffle,chunk_2,22,MC,6.944463315109412,96
shuffle,chunk_2,22,cosine_similarity,0.3641250282526016,96
shuffle,chunk_2,22,kl_to_gaussian,1.1599981877137662,96
shuffle,chunk_2,22,wt_mean,0.002480671362718525,96
shuffle,chunk_2,23,GR,14.740439561506113,96
shuffle,chunk_2,23,IPC,11.311787865548036,96
shuffle,chunk_2,23,KR,7.648312499125798,96
shuffle,chunk_2,23,MC,6.478670487801234,96
shuffle,chunk_2,23,cosine_similarity,0.36457740515470505,96
shuffle,chunk_2,23,kl_to_gaussian,1.1599981525089016,96
shuffle,chunk_2,23,wt_mean,0.0020954529754817,96
shuffle,chunk_2,24,GR,18.033212629457314,96
shuffle,chunk_2,24,IPC,11.927567292968009,96
shuffle,chunk_2,24,KR,8.969431961576143,96
shuffle,chunk_2,24,MC,6.919796361277501,96
shuffle,chunk_2,24,cosine_similarity,0.36024726182222366,96
shuffle,chunk_2,24,kl_to_gaussian,1.1599982225559982,96
shuffle,chunk_2,24,wt_mean,0.002188091282732725,96
shuffle,chunk_2,25,GR,13.778501143058142,96
shuffle,chunk_2,25,IPC,10.548769165631706,96
shuffle,chunk_2,25,KR,7.1226629962523775,96
shuffle,chunk_2,25,MC,6.094004166622956,96
shuffle,chunk_2,25,cosine_similarity,0.36309095472097397,96
shuffle,chunk_2,25,kl_to_gaussian,1.1599982657842982,96
shuffle,chunk_2,25,wt_mean,0.001949266152223525,96
shuffle,chunk_2,26,GR,17.92526358862718,96
shuffle,chunk_2,26,IPC,11.477431243132797,96
shuffle,chunk_2,26,KR,9.028899985055128,96
shuffle,chunk_2,26,MC,6.524192882080873,96
shuffle,chunk_2,26,cosine_similarity,0.3725269287824631,96
shuffle,chunk_2,26,kl_to_gaussian,1.1599981663591856,96
shuffle,chunk_2,26,wt_mean,0.00225841984502035,96
shuffle,chunk_2,27,GR,30.99860769013564,96
shuffle,chunk_2,27,IPC,13.294932496102641,96
shuffle,chunk_2,27,KR,15.324384515484175,96
shuffle,chunk_2,27,MC,7.891628873844941,96
shuffle,chunk_2,27,cosine_similarity,0.36677488684654236,96
shuffle,chunk_2,27,kl_to_gaussian,1.1599981798485122,96
shuffle,chunk_2,27,wt_mean,0.0028337455587461,96
shuffle,chunk_2,28,GR,15.688075537482897,96
shuffle,chunk_2,28,IPC,11.733514715794305,96
shuffle,chunk_2,28,KR,7.975362241268158,96
shuffle,chunk_2,28,MC,6.68454822152853,96
shuffle,chunk_2,28,cosine_similarity,0.3726561740040779,96
shuffle,chunk_2,28,kl_to_gaussian,1.1599981049122816,96
shuffle,chunk_2,28,wt_mean,0.002244869305286475,96
shuffle,chunk_2,29,GR,18.02093133330345,96
shuffle,chunk_2,29,IPC,11.173128324653211,96
shuffle,chunk_2,29,KR,8.917439808448156,96
shuffle,chunk_2,29,MC,6.321357548236847,96
shuffle,chunk_2,29,cosine_similarity,0.3721391186118126,96
shuffle,chunk_2,29,kl_to_gaussian,1.1599981540039244,96
shuffle,chunk_2,29,wt_mean,0.0022654106141999,96
shuffle,chunk_3,30,GR,21.127821209530037,96
shuffle,chunk_3,30,IPC,13.619793074186916,96
shuffle,chunk_3,30,KR,10.536937403182188,96
shuffle,chunk_3,30,MC,7.632987166444461,96
shuffle,chunk_3,30,cosine_similarity,0.37084656953811646,96
shuffle,chunk_3,30,kl_to_gaussian,1.1599982175799022,96
shuffle,chunk_3,30,wt_mean,0.002691438625333775,96
shuffle,chunk_3,31,GR,15.426194317638874,96
shuffle,chunk_3,31,IPC,12.288678264634145,96
shuffle,chunk_3,31,KR,7.678096987307072,96
shuffle,chunk_3,31,MC,6.9607633476456,96
shuffle,chunk_3,31,cosine_similarity,0.3702002316713333,96
shuffle,chunk_3,31,kl_to_gaussian,1.1599982309838663,96
shuffle,chunk_3,31,wt_mean,0.002216069231508275,96
shuffle,chunk_3,32,GR,16.972012122472126,96
shuffle,chunk_3,32,IPC,11.4824642902364,96
shuffle,chunk_3,32,KR,8.488343099753061,96
shuffle,chunk_3,32,MC,6.685849013427894,96
shuffle,chunk_3,32,cosine_similarity,0.35727426409721375,96
shuffle,chunk_3,32,kl_to_gaussian,1.1599982284373451,96
shuffle,chunk_3,32,wt_mean,0.00208450495847495,96
shuffle,chunk_3,33,GR,14.401041020949682,96
shuffle,chunk_3,33,IPC,12.542014597973086,96
shuffle,chunk_3,33,KR,7.293320859471957,96
shuffle,chunk_3,33,MC,7.097304416199525,96
shuffle,chunk_3,33,cosine_similarity,0.35455980151891703,96
shuffle,chunk_3,33,kl_to_gaussian,1.1599982397294546,96
shuffle,chunk_3,33,wt_mean,0.002059357851976475,96
shuffle,chunk_3,34,GR,16.282564714550972,96
shuffle,chunk_3,34,IPC,11.586881611629858,96
shuffle,chunk_3,34,KR,7.863614524404208,96
shuffle,chunk_3,34,MC,6.321143726507823,96
shuffle,chunk_3,34,cosine_similarity,0.3632201626896858,96
shuffle,chunk_3,34,kl_to_gaussian,1.1599982249113714,96
shuffle,chunk_3,34,wt_mean,0.002115439710905725,96
shuffle,chunk_3,35,GR,20.677341821293037,96
shuffle,chunk_3,35,IPC,12.14185085342202,96
shuffle,chunk_3,35,KR,10.45118405421575,96
shuffle,chunk_3,35,MC,7.165963634848595,96
shuffle,chunk_3,35,cosine_similarity,0.3734317496418953,96
shuffle,chunk_3,35,kl_to_gaussian,1.159998188902449,96
shuffle,chunk_3,35,wt_mean,0.0024350415915250253,96
shuffle,chunk_3,36,GR,16.802743847171467,96
shuffle,chunk_3,36,IPC,11.495666350455068,96
shuffle,chunk_3,36,KR,8.236581760148207,96
shuffle,chunk_3,36,MC,6.593200011799733,96
shuffle,chunk_3,36,cosine_similarity,0.37446581572294235,96
shuffle,chunk_3,36,kl_to_gaussian,1.159998242545089,96
shuffle,chunk_3,36,wt_mean,0.0022782770392950247,96
shuffle,chunk_3,37,GR,15.352840607364973,96
shuffle,chunk_3,37,IPC,12.428512885569441,96
shuffle,chunk_3,37,KR,7.821035807331403,96
shuffle,chunk_3,37,MC,6.815508638819058,96
shuffle,chunk_3,37,cosine_similarity,0.37200988084077835,96
shuffle,chunk_3,37,kl_to_gaussian,1.1599981905257444,96
shuffle,chunk_3,37,wt_mean,0.002230234997114125,96
shuffle,chunk_3,38,GR,23.032499887049198,96
shuffle,chunk_3,38,IPC,12.50645094463095,96
shuffle,chunk_3,38,KR,11.570173958937326,96
shuffle,chunk_3,38,MC,7.196347678701083,96
shuffle,chunk_3,38,cosine_similarity,0.35733888298273087,96
shuffle,chunk_3,38,kl_to_gaussian,1.159998269254514,96
shuffle,chunk_3,38,wt_mean,0.0024623656936455,96
shuffle,chunk_3,39,GR,13.073887504637241,96
shuffle,chunk_3,39,IPC,10.81832783679885,96
shuffle,chunk_3,39,KR,6.605015128850937,96
shuffle,chunk_3,39,MC,6.428276845564445,96
shuffle,chunk_3,39,cosine_similarity,0.3631556034088135,96
shuffle,chunk_3,39,kl_to_gaussian,1.159998144981763,96
shuffle,chunk_3,39,wt_mean,0.0020341290219221,96
shuffle,chunk_4,40,GR,16.77329162756602,96
shuffle,chunk_4,40,IPC,11.145900318214814,96
shuffle,chunk_4,40,KR,8.354278914630413,96
shuffle,chunk_4,40,MC,6.149561228851478,96
shuffle,chunk_4,40,cosine_similarity,0.35998869687318796,96
shuffle,chunk_4,40,kl_to_gaussian,1.159998224930512,96
shuffle,chunk_4,40,wt_mean,0.002103706647176225,96
shuffle,chunk_4,41,GR,16.594733928640682,96
shuffle,chunk_4,41,IPC,11.6156535628008,96
shuffle,chunk_4,41,KR,8.203635675211748,96
shuffle,chunk_4,41,MC,6.7046677594383555,96
shuffle,chunk_4,41,cosine_similarity,0.37446580082178116,96
shuffle,chunk_4,41,kl_to_gaussian,1.1599982076689839,96
shuffle,chunk_4,41,wt_mean,0.002232313592685325,96
shuffle,chunk_4,42,GR,20.995452523231506,96
shuffle,chunk_4,42,IPC,13.08804939485538,96
shuffle,chunk_4,42,KR,10.549457189937433,96
shuffle,chunk_4,42,MC,7.526413061966498,96
shuffle,chunk_4,42,cosine_similarity,0.37278541922569275,96
shuffle,chunk_4,42,kl_to_gaussian,1.159998247785,96
shuffle,chunk_4,42,wt_mean,0.002467812097165675,96
shuffle,chunk_4,43,GR,24.987658818562824,96
shuffle,chunk_4,43,IPC,12.079010235552815,96
shuffle,chunk_4,43,KR,12.262975193560123,96
shuffle,chunk_4,43,MC,7.291755738357703,96
shuffle,chunk_4,43,cosine_similarity,0.37659861147403717,96
shuffle,chunk_4,43,kl_to_gaussian,1.159998151540605,96
shuffle,chunk_4,43,wt_mean,0.0026264115585945005,96
shuffle,chunk_4,44,GR,16.098802546660107,96
shuffle,chunk_4,44,IPC,11.95393320701586,96
shuffle,chunk_4,44,KR,8.079227112233639,96
shuffle,chunk_4,44,MC,6.579724888006846,96
shuffle,chunk_4,44,cosine_similarity,0.3649005740880966,96
shuffle,chunk_4,44,kl_to_gaussian,1.1599981752465107,96
shuffle,chunk_4,44,wt_mean,0.0022688286844640498,96
shuffle,chunk_4,45,GR,18.19675423949957,96
shuffle,chunk_4,45,IPC,12.158142313406971,96
shuffle,chunk_4,45,KR,9.120740803579489,96
shuffle,chunk_4,45,MC,7.083758157988389,96
shuffle,chunk_4,45,cosine_similarity,0.36121666431426996,96
shuffle,chunk_4,45,kl_to_gaussian,1.159998248310712,96
shuffle,chunk_4,45,wt_mean,0.0022229491441975997,96
shuffle,chunk_4,46,GR,14.165829129517078,96
shuffle,chunk_4,46,IPC,11.278904833033925,96
shuffle,chunk_4,46,KR,7.176894043882688,96
shuffle,chunk_4,46,MC,6.658657014369965,96
shuffle,chunk_4,46,cosine_similarity,0.36858443915843964,96
shuffle,chunk_4,46,kl_to_gaussian,1.1599982218382239,96
shuffle,chunk_4,46,wt_mean,0.002056114142760575,96
shuffle,chunk_4,47,GR,18.15914119531711,96
shuffle,chunk_4,47,IPC,12.000904197193234,96
shuffle,chunk_4,47,KR,9.129704780876637,96
shuffle,chunk_4,47,MC,6.786456233511369,96
shuffle,chunk_4,47,cosine_similarity,0.3629617094993591,96
shuffle,chunk_4,47,kl_to_gaussian,1.1599981624769655,96
shuffle,chunk_4,47,wt_mean,0.0022768094495404,96
shuffle,chunk_4,48,GR,14.943819398681322,96
shuffle,chunk_4,48,IPC,11.438723392951523,96
shuffle,chunk_4,48,KR,7.8019023810823755,96
shuffle,chunk_4,48,MC,6.770360118399064,96
shuffle,chunk_4,48,cosine_similarity,0.3692954331636429,96
shuffle,chunk_4,48,kl_to_gaussian,1.159998208251359,96
shuffle,chunk_4,48,wt_mean,0.002140886703273225,96
shuffle,chunk_4,49,GR,21.169184853633244,96
shuffle,chunk_4,49,IPC,13.023940458861455,96
shuffle,chunk_4,49,KR,10.667696769038836,96
shuffle,chunk_4,49,MC,7.597006152073543,96
shuffle,chunk_4,49,cosine_similarity,0.37149287015199656,96
shuffle,chunk_4,49,kl_to_gaussian,1.159998222666063,96
shuffle,chunk_4,49,wt_mean,0.0025049995456356,96
shuffle,chunk_5,50,GR,19.85691988716523,96
shuffle,chunk_5,50,IPC,12.486704440540954,96
shuffle,chunk_5,50,KR,10.225836353997389,96
shuffle,chunk_5,50,MC,7.385463019212087,96
shuffle,chunk_5,50,cosine_similarity,0.3680027797818184,96
shuffle,chunk_5,50,kl_to_gaussian,1.1599982006438323,96
shuffle,chunk_5,50,wt_mean,0.0025274233194068,96
shuffle,chunk_5,51,GR,18.878246160844963,96
shuffle,chunk_5,51,IPC,12.33984587456917,96
shuffle,chunk_5,51,KR,9.505552048484484,96
shuffle,chunk_5,51,MC,7.048525001232822,96
shuffle,chunk_5,51,cosine_similarity,0.3636079728603363,96
shuffle,chunk_5,51,kl_to_gaussian,1.1599981553328447,96
shuffle,chunk_5,51,wt_mean,0.002417603594949425,96
shuffle,chunk_5,52,GR,15.654442854225636,96
shuffle,chunk_5,52,IPC,12.12048985007337,96
shuffle,chunk_5,52,KR,7.956813516716163,96
shuffle,chunk_5,52,MC,6.944366256395976,96
shuffle,chunk_5,52,cosine_similarity,0.3738841563463211,96
shuffle,chunk_5,52,kl_to_gaussian,1.159998208281145,96
shuffle,chunk_5,52,wt_mean,0.002332755655515875,96
shuffle,chunk_5,53,GR,19.177339715262253,96
shuffle,chunk_5,53,IPC,12.742541320489584,96
shuffle,chunk_5,53,KR,9.465143367648125,96
shuffle,chunk_5,53,MC,7.335686884820461,96
shuffle,chunk_5,53,cosine_similarity,0.3702002614736557,96
shuffle,chunk_5,53,kl_to_gaussian,1.1599982145866445,96
shuffle,chunk_5,53,wt_mean,0.00242768661701115,96
shuffle,chunk_5,54,GR,15.713685882588228,96
shuffle,chunk_5,54,IPC,11.56812809118322,96
shuffle,chunk_5,54,KR,7.9552984808882075,96
shuffle,chunk_5,54,MC,6.7479229147235555,96
shuffle,chunk_5,54,cosine_similarity,0.3754352852702141,96
shuffle,chunk_5,54,kl_to_gaussian,1.15999821264651,96
shuffle,chunk_5,54,wt_mean,0.0022690878249704252,96
shuffle,chunk_5,55,GR,20.834001051882904,96
shuffle,chunk_5,55,IPC,12.426633872214781,96
shuffle,chunk_5,55,KR,10.342552329103151,96
shuffle,chunk_5,55,MC,7.169773116707802,96
shuffle,chunk_5,55,cosine_similarity,0.3689076453447342,96
shuffle,chunk_5,55,kl_to_gaussian,1.1599981803323054,96
shuffle,chunk_5,55,wt_mean,0.002369114168686725,96
shuffle,chunk_5,56,GR,16.19736227641503,96
shuffle,chunk_5,56,IPC,11.256799924217047,96
shuffle,chunk_5,56,KR,8.27718752125899,96
shuffle,chunk_5,56,MC,6.401409054795901,96
shuffle,chunk_5,56,cosine_similarity,0.3734963610768318,96
shuffle,chunk_5,56,kl_to_gaussian,1.1599981883890875,96
shuffle,chunk_5,56,wt_mean,0.002139716001693125,96
shuffle,chunk_5,57,GR,15.95248489578565,96
shuffle,chunk_5,57,IPC,12.404780733348941,96
shuffle,chunk_5,57,KR,7.812190607190132,96
shuffle,chunk_5,57,MC,6.9037680476903915,96
shuffle,chunk_5,57,cosine_similarity,0.3753060027956962,96
shuffle,chunk_5,57,kl_to_gaussian,1.1599981893799771,96
shuffle,chunk_5,57,wt_mean,0.002336474397452475,96
shuffle,chunk_5,58,GR,26.586031359930832,96
shuffle,chunk_5,58,IPC,13.267917708197222,96
shuffle,chunk_5,58,KR,12.980940853555998,96
shuffle,chunk_5,58,MC,7.7150639196236925,96
shuffle,chunk_5,58,cosine_similarity,0.36470670998096466,96
shuffle,chunk_5,58,kl_to_gaussian,1.1599981868878853,96
shuffle,chunk_5,58,wt_mean,0.002606457186629925,96
shuffle,chunk_5,59,GR,15.843636492888132,96
shuffle,chunk_5,59,IPC,11.96937245632889,96
shuffle,chunk_5,59,KR,7.797472382585208,96
shuffle,chunk_5,59,MC,6.500986151397228,96
shuffle,chunk_5,59,cosine_similarity,0.37032946944236755,96
shuffle,chunk_5,59,kl_to_gaussian,1.159998248722321,96
shuffle,chunk_5,59,wt_mean,0.002247410069685375,96
shuffle,chunk_6,60,GR,19.128825133045513,96
shuffle,chunk_6,60,IPC,12.219398155337087,96
shuffle,chunk_6,60,KR,9.63254322608312,96
shuffle,chunk_6,60,MC,6.711972733338674,96
shuffle,chunk_6,60,cosine_similarity,0.3680674731731415,96
shuffle,chunk_6,60,kl_to_gaussian,1.159998186873493,96
shuffle,chunk_6,60,wt_mean,0.002369224326685025,96
shuffle,chunk_6,61,GR,21.307546402017277,96
shuffle,chunk_6,61,IPC,13.393754939628812,96
shuffle,chunk_6,61,KR,10.1789943476518,96
shuffle,chunk_6,61,MC,7.0994119470318156,96
shuffle,chunk_6,61,cosine_similarity,0.36406040191650385,96
shuffle,chunk_6,61,kl_to_gaussian,1.1599981763607226,96
shuffle,chunk_6,61,wt_mean,0.002524651412386375,96
shuffle,chunk_6,62,GR,12.434949162105719,96
shuffle,chunk_6,62,IPC,11.906968842524149,96
shuffle,chunk_6,62,KR,6.4681413645545645,96
shuffle,chunk_6,62,MC,6.728666562587023,96
shuffle,chunk_6,62,cosine_similarity,0.377503402531147,96
shuffle,chunk_6,62,kl_to_gaussian,1.1599981314516845,96
shuffle,chunk_6,62,wt_mean,0.002114745526341675,96
shuffle,chunk_6,63,GR,18.740786887705326,96
shuffle,chunk_6,63,IPC,13.262295139681221,96
shuffle,chunk_6,63,KR,9.280907342831293,96
shuffle,chunk_6,63,MC,7.562166425089042,96
shuffle,chunk_6,63,cosine_similarity,0.373367115855217,96
shuffle,chunk_6,63,kl_to_gaussian,1.1599982751250077,96
shuffle,chunk_6,63,wt_mean,0.0024432907812297,96
shuffle,chunk_6,64,GR,13.30747377127409,96
shuffle,chunk_6,64,IPC,10.346577241930634,96
shuffle,chunk_6,64,KR,6.696311468879382,96
shuffle,chunk_6,64,MC,5.782860013345878,96
shuffle,chunk_6,64,cosine_similarity,0.38519440591335297,96
shuffle,chunk_6,64,kl_to_gaussian,1.1599981733754992,96
shuffle,chunk_6,64,wt_mean,0.002189995662774875,96
shuffle,chunk_6,65,GR,16.336853588620823,96
shuffle,chunk_6,65,IPC,10.941278483943725,96
shuffle,chunk_6,65,KR,8.429640218615532,96
shuffle,chunk_6,65,MC,6.065213907510042,96
shuffle,chunk_6,65,cosine_similarity,0.37110502272844315,96
shuffle,chunk_6,65,kl_to_gaussian,1.1599981554818977,96
shuffle,chunk_6,65,wt_mean,0.002213352592661925,96
shuffle,chunk_6,66,GR,12.130795483787855,96
shuffle,chunk_6,66,IPC,10.46831346753985,96
shuffle,chunk_6,66,KR,6.1983785306413965,96
shuffle,chunk_6,66,MC,5.8124781747659044,96
shuffle,chunk_6,66,cosine_similarity,0.37730952352285385,96
shuffle,chunk_6,66,kl_to_gaussian,1.1599981077491004,96
shuffle,chunk_6,66,wt_mean,0.0020006014092359002,96
shuffle,chunk_6,67,GR,27.571548824508984,96
shuffle,chunk_6,67,IPC,11.78440635923855,96
shuffle,chunk_6,67,KR,13.559176586568356,96
shuffle,chunk_6,67,MC,6.950148396193981,96
shuffle,chunk_6,67,cosine_similarity,0.35804982483386993,96
shuffle,chunk_6,67,kl_to_gaussian,1.1599981758030649,96
shuffle,chunk_6,67,wt_mean,0.0026201103755738252,96
shuffle,chunk_6,68,GR,15.497176031271616,96
shuffle,chunk_6,68,IPC,12.26334648367935,96
shuffle,chunk_6,68,KR,7.752349796394507,96
shuffle,chunk_6,68,MC,7.222947048644225,96
shuffle,chunk_6,68,cosine_similarity,0.3665163591504097,96
shuffle,chunk_6,68,kl_to_gaussian,1.1599981294354451,96
shuffle,chunk_6,68,wt_mean,0.0022593080066144002,96
shuffle,chunk_6,69,GR,13.433496897419294,96
shuffle,chunk_6,69,IPC,11.707578247039974,96
shuffle,chunk_6,69,KR,6.678815963367621,96
shuffle,chunk_6,69,MC,6.518140107393265,96
shuffle,chunk_6,69,cosine_similarity,0.3691015616059303,96
shuffle,chunk_6,69,kl_to_gaussian,1.1599981914786526,96
shuffle,chunk_6,69,wt_mean,0.002104880142724075,96
shuffle,chunk_7,70,GR,16.215900508066017,96
shuffle,chunk_7,70,IPC,11.258857101659844,96
shuffle,chunk_7,70,KR,8.054744482040405,96
shuffle,chunk_7,70,MC,6.558492464323838,96
shuffle,chunk_7,70,cosine_similarity,0.3808641731739044,96
shuffle,chunk_7,70,kl_to_gaussian,1.159998199327861,96
shuffle,chunk_7,70,wt_mean,0.002358733938308375,96
shuffle,chunk_7,71,GR,15.135440980394682,96
shuffle,chunk_7,71,IPC,11.166306308789238,96
shuffle,chunk_7,71,KR,7.718592017889023,96
shuffle,chunk_7,71,MC,6.179357168575128,96
shuffle,chunk_7,71,cosine_similarity,0.37285003811120987,96
shuffle,chunk_7,71,kl_to_gaussian,1.1599981768243985,96
shuffle,chunk_7,71,wt_mean,0.00213413420715365,96
shuffle,chunk_7,72,GR,16.75331590572993,96
shuffle,chunk_7,72,IPC,12.71854226976521,96
shuffle,chunk_7,72,KR,8.35435850173235,96
shuffle,chunk_7,72,MC,7.251063483456771,96
shuffle,chunk_7,72,cosine_similarity,0.3729793056845665,96
shuffle,chunk_7,72,kl_to_gaussian,1.159998193534647,96
shuffle,chunk_7,72,wt_mean,0.002353665739065,96
shuffle,chunk_7,73,GR,15.121559930344423,96
shuffle,chunk_7,73,IPC,12.179299206060458,96
shuffle,chunk_7,73,KR,7.9787486518422766,96
shuffle,chunk_7,73,MC,7.0766218428810435,96
shuffle,chunk_7,73,cosine_similarity,0.36593465507030487,96
shuffle,chunk_7,73,kl_to_gaussian,1.159998239750534,96
shuffle,chunk_7,73,wt_mean,0.002188564249081475,96
shuffle,chunk_7,74,GR,20.7955485979716,96
shuffle,chunk_7,74,IPC,12.629769792491011,96
shuffle,chunk_7,74,KR,9.99075518300136,96
shuffle,chunk_7,74,MC,6.826072223484516,96
shuffle,chunk_7,74,cosine_similarity,0.3731085807085037,96
shuffle,chunk_7,74,kl_to_gaussian,1.1599982795865962,96
shuffle,chunk_7,74,wt_mean,0.002494908316293675,96
shuffle,chunk_7,75,GR,12.915840161343416,96
shuffle,chunk_7,75,IPC,10.675633291043164,96
shuffle,chunk_7,75,KR,6.729054843386014,96
shuffle,chunk_7,75,MC,6.281573496758938,96
shuffle,chunk_7,75,cosine_similarity,0.37168673425912857,96
shuffle,chunk_7,75,kl_to_gaussian,1.159998193437368,96
shuffle,chunk_7,75,wt_mean,0.00204689943348055,96
shuffle,chunk_7,76,GR,14.912309693793455,96
shuffle,chunk_7,76,IPC,11.915082401264444,96
shuffle,chunk_7,76,KR,7.592897911866506,96
shuffle,chunk_7,76,MC,6.968868553638458,96
shuffle,chunk_7,76,cosine_similarity,0.3557877168059349,96
shuffle,chunk_7,76,kl_to_gaussian,1.1599983354952152,96
shuffle,chunk_7,76,wt_mean,0.002022761065745675,96
shuffle,chunk_7,77,GR,19.446546288828056,96
shuffle,chunk_7,77,IPC,13.104520662876602,96
shuffle,chunk_7,77,KR,9.95197650541862,96
shuffle,chunk_7,77,MC,7.465281531214714,96
shuffle,chunk_7,77,cosine_similarity,0.3754998743534088,96
shuffle,chunk_7,77,kl_to_gaussian,1.1599981606378869,96
shuffle,chunk_7,77,wt_mean,0.002523527102312,96
shuffle,chunk_7,78,GR,22.248577194909256,96
shuffle,chunk_7,78,IPC,13.509482250201899,96
shuffle,chunk_7,78,KR,10.980984133978685,96
shuffle,chunk_7,78,MC,7.840839515129725,96
shuffle,chunk_7,78,cosine_similarity,0.3726562112569809,96
shuffle,chunk_7,78,kl_to_gaussian,1.1599981904009182,96
shuffle,chunk_7,78,wt_mean,0.002596800739411225,96
shuffle,chunk_7,79,GR,14.745847056309382,96
shuffle,chunk_7,79,IPC,11.025273079767253,96
shuffle,chunk_7,79,KR,7.373093667129676,96
shuffle,chunk_7,79,MC,6.27205544213454,96
shuffle,chunk_7,79,cosine_similarity,0.3852589875459671,96
shuffle,chunk_7,79,kl_to_gaussian,1.1599981196804503,96
shuffle,chunk_7,79,wt_mean,0.002189272025134375,96
shuffle,chunk_8,80,GR,14.652208675940832,96
shuffle,chunk_8,80,IPC,11.178163971305194,96
shuffle,chunk_8,80,KR,7.436457060277462,96
shuffle,chunk_8,80,MC,7.042997730274995,96
shuffle,chunk_8,80,cosine_similarity,0.37659866362810135,96
shuffle,chunk_8,80,kl_to_gaussian,1.1599981669282562,96
shuffle,chunk_8,80,wt_mean,0.002260982029838425,96
shuffle,chunk_8,81,GR,17.312214575707912,96
shuffle,chunk_8,81,IPC,10.076230809736773,96
shuffle,chunk_8,81,KR,8.65735342601935,96
shuffle,chunk_8,81,MC,6.0878116463621454,96
shuffle,chunk_8,81,cosine_similarity,0.37802045047283167,96
shuffle,chunk_8,81,kl_to_gaussian,1.15999825869243,96
shuffle,chunk_8,81,wt_mean,0.002281794353621025,96
shuffle,chunk_8,82,GR,13.431159476439158,96
shuffle,chunk_8,82,IPC,9.056003924568781,96
shuffle,chunk_8,82,KR,6.90300885339578,96
shuffle,chunk_8,82,MC,5.4192168929924565,96
shuffle,chunk_8,82,cosine_similarity,0.3583729639649391,96
shuffle,chunk_8,82,kl_to_gaussian,1.159998150160198,96
shuffle,chunk_8,82,wt_mean,0.001875586953246925,96
shuffle,chunk_8,83,GR,18.751826263964176,96
shuffle,chunk_8,83,IPC,9.960318174346515,96
shuffle,chunk_8,83,KR,9.00562416513761,96
shuffle,chunk_8,83,MC,5.873680314670007,96
shuffle,chunk_8,83,cosine_similarity,0.37362562865018845,96
shuffle,chunk_8,83,kl_to_gaussian,1.159998132294233,96
shuffle,chunk_8,83,wt_mean,0.0023014506732578753,96
shuffle,chunk_8,84,GR,15.848394426206747,96
shuffle,chunk_8,84,IPC,10.953656519418383,96
shuffle,chunk_8,84,KR,7.8725034818053246,96
shuffle,chunk_8,84,MC,6.312279582023621,96
shuffle,chunk_8,84,cosine_similarity,0.3631555885076523,96
shuffle,chunk_8,84,kl_to_gaussian,1.159998211764563,96
shuffle,chunk_8,84,wt_mean,0.0022176607162691,96
shuffle,chunk_8,85,GR,16.288908327619236,96
shuffle,chunk_8,85,IPC,10.323967900248538,96
shuffle,chunk_8,85,KR,7.865840375423431,96
shuffle,chunk_8,85,MC,6.004463046789169,96
shuffle,chunk_8,85,cosine_similarity,0.36619320511817927,96
shuffle,chunk_8,85,kl_to_gaussian,1.159998221810042,96
shuffle,chunk_8,85,wt_mean,0.0022942366485949003,96
shuffle,chunk_8,86,GR,14.440704646209875,96
shuffle,chunk_8,86,IPC,10.213089409982333,96
shuffle,chunk_8,86,KR,7.247078038752079,96
shuffle,chunk_8,86,MC,6.247231582800548,96
shuffle,chunk_8,86,cosine_similarity,0.37065266817808146,96
shuffle,chunk_8,86,kl_to_gaussian,1.1599981654476597,96
shuffle,chunk_8,86,wt_mean,0.0022403608891181253,96
shuffle,chunk_8,87,GR,17.795203814903896,96
shuffle,chunk_8,87,IPC,9.998062250836979,96
shuffle,chunk_8,87,KR,8.682930464545885,96
shuffle,chunk_8,87,MC,5.872769892215729,96
shuffle,chunk_8,87,cosine_similarity,0.38015321642160416,96
shuffle,chunk_8,87,kl_to_gaussian,1.1599982936702617,96
shuffle,chunk_8,87,wt_mean,0.00232182236504735,96
shuffle,chunk_8,88,GR,21.26848227530718,96
shuffle,chunk_8,88,IPC,11.352204637902842,96
shuffle,chunk_8,88,KR,10.408020503818989,96
shuffle,chunk_8,88,MC,6.848977047950029,96
shuffle,chunk_8,88,cosine_similarity,0.373367115855217,96
shuffle,chunk_8,88,kl_to_gaussian,1.1599981672691153,96
shuffle,chunk_8,88,wt_mean,0.002483388700056775,96
shuffle,chunk_8,89,GR,22.798359364271164,96
shuffle,chunk_8,89,IPC,10.944157232502702,96
shuffle,chunk_8,89,KR,11.266422986984253,96
shuffle,chunk_8,89,MC,6.971226233989,96
shuffle,chunk_8,89,cosine_similarity,0.37123432010412216,96
shuffle,chunk_8,89,kl_to_gaussian,1.1599981446268959,96
shuffle,chunk_8,89,wt_mean,0.0025314295198768,96
shuffle,chunk_9,90,GR,18.160122767090797,96
shuffle,chunk_9,90,IPC,10.504749336767231,96
shuffle,chunk_9,90,KR,8.855952886243662,96
shuffle,chunk_9,90,MC,5.998685384790103,96
shuffle,chunk_9,90,cosine_similarity,0.36819674074649805,96
shuffle,chunk_9,90,kl_to_gaussian,1.159998247322501,96
shuffle,chunk_9,90,wt_mean,0.0021849171025678,96
shuffle,chunk_9,91,GR,14.308877401053905,96
shuffle,chunk_9,91,IPC,9.870156188497104,96
shuffle,chunk_9,91,KR,7.226517982780933,96
shuffle,chunk_9,91,MC,5.773448882003625,96
shuffle,chunk_9,91,cosine_similarity,0.37071731686592096,96
shuffle,chunk_9,91,kl_to_gaussian,1.1599982383574496,96
shuffle,chunk_9,91,wt_mean,0.002142677112715275,96
shuffle,chunk_9,92,GR,14.341086067259312,96
shuffle,chunk_9,92,IPC,10.642531410502684,96
shuffle,chunk_9,92,KR,7.390157292286555,96
shuffle,chunk_9,92,MC,6.204258030901353,96
shuffle,chunk_9,92,cosine_similarity,0.37821436673402786,96
shuffle,chunk_9,92,kl_to_gaussian,1.159998155795215,96
shuffle,chunk_9,92,wt_mean,0.0022289748885668498,96
shuffle,chunk_9,93,GR,16.44454966733853,96
shuffle,chunk_9,93,IPC,10.713040919871233,96
shuffle,chunk_9,93,KR,8.259655127922693,96
shuffle,chunk_9,93,MC,6.383623865743478,96
shuffle,chunk_9,93,cosine_similarity,0.3749828562140465,96
shuffle,chunk_9,93,kl_to_gaussian,1.1599982248286813,96
shuffle,chunk_9,93,wt_mean,0.002234120882349025,96
shuffle,chunk_9,94,GR,18.83353240787983,96
shuffle,chunk_9,94,IPC,10.953804642408919,96
shuffle,chunk_9,94,KR,9.394261499245962,96
shuffle,chunk_9,94,MC,6.529973961412907,96
shuffle,chunk_9,94,cosine_similarity,0.357855923473835,96
shuffle,chunk_9,94,kl_to_gaussian,1.159998260789204,96
shuffle,chunk_9,94,wt_mean,0.002299029059940875,96
shuffle,chunk_9,95,GR,16.563994951546192,96
shuffle,chunk_9,95,IPC,10.248898057836227,96
shuffle,chunk_9,95,KR,8.224529112378756,96
shuffle,chunk_9,95,MC,6.189475033432245,96
shuffle,chunk_9,95,cosine_similarity,0.3722037523984909,96
shuffle,chunk_9,95,kl_to_gaussian,1.1599982102972703,96
shuffle,chunk_9,95,wt_mean,0.00222568702884015,96
shuffle,chunk_9,96,GR,18.051261208951473,96
shuffle,chunk_9,96,IPC,10.5514048330722,96
shuffle,chunk_9,96,KR,8.718367956578732,96
shuffle,chunk_9,96,MC,6.258041429022948,96
shuffle,chunk_9,96,cosine_similarity,0.3621215149760246,96
shuffle,chunk_9,96,kl_to_gaussian,1.1599982366176311,96
shuffle,chunk_9,96,wt_mean,0.0021842339483555003,96
shuffle,chunk_9,97,GR,13.94162597755591,96
shuffle,chunk_9,97,IPC,9.618486468848664,96
shuffle,chunk_9,97,KR,7.133684918284416,96
shuffle,chunk_9,97,MC,5.675880252073209,96
shuffle,chunk_9,97,cosine_similarity,0.36690411716699595,96
shuffle,chunk_9,97,kl_to_gaussian,1.1599981907044734,96
shuffle,chunk_9,97,wt_mean,0.002054407232208125,96
shuffle,chunk_9,98,GR,16.216143868863583,96
shuffle,chunk_9,98,IPC,10.515758352352423,96
shuffle,chunk_9,98,KR,8.2097346012791,96
shuffle,chunk_9,98,MC,6.343067596356074,96
shuffle,chunk_9,98,cosine_similarity,0.36884297430515284,96
shuffle,chunk_9,98,kl_to_gaussian,1.1599981297569517,96
shuffle,chunk_9,98,wt_mean,0.002151084539946125,96
shuffle,chunk_9,99,GR,15.409418985247612,96
shuffle,chunk_9,99,IPC,10.199808534092048,96
shuffle,chunk_9,99,KR,8.083043165504932,96
shuffle,chunk_9,99,MC,6.303379597763221,96
shuffle,chunk_9,99,cosine_similarity,0.3767925202846527,96
shuffle,chunk_9,99,kl_to_gaussian,1.1599981328940285,96
shuffle,chunk_9,99,wt_mean,0.002307891874806925,96
