mode,src,group_id,metric,dispersion,n_hparams
sign_test_er0.0__norm_original_radius,matched_er_4to1_chunk_0,0,GR,0.8492606781201736,96
sign_test_er0.0__norm_original_radius,matched_er_4to1_chunk_0,0,IPC,0.49871987311021776,96
sign_test_er0.0__norm_original_radius,matched_er_4to1_chunk_0,0,KR,0.7085736044373417,96
sign_test_er0.0__norm_original_radius,matched_er_4to1_chunk_0,0,MC,0.4868365016557002,96
sign_test_er0.0__norm_original_radius,matched_er_4to1_chunk_0,1,GR,0.8353161104629575,96
sign_test_er0.0__norm_original_radius,matched_er_4to1_chunk_0,1,IPC,0.5790665379316784,96
sign_test_er0.0__norm_original_radius,matched_er_4to1_chunk_0,1,KR,0.6909447057062565,96
sign_test_er0.0__norm_original_radius,matched_er_4to1_chunk_0,1,MC,0.542933245180931,96
sign_test_er0.0__norm_original_radius,matched_er_4to1_chunk_0,2,GR,0.842627594955611,96
sign_test_er0.0__norm_original_radius,matched_er_4to1_chunk_0,2,IPC,0.6275011580147601,96
sign_test_er0.0__norm_original_radius,matched_er_4to1_chunk_0,2,KR,0.6854141978394075,96
sign_test_er0.0__norm_original_radius,matched_er_4to1_chunk_0,2,MC,0.5693896688576171,96
sign_test_er0.0__norm_original_radius,matched_er_4to1_chunk_0,3,GR,0.802215265642235,96
sign_test_er0.0__norm_original_radius,matched_er_4to1_chunk_0,3,IPC,0.5052565876701427,96
sign_test_er0.0__norm_original_radius,matched_er_4to1_chunk_0,3,KR,0.6783670549265771,96
sign_test_er0.0__norm_original_radius,matched_er_4to1_chunk_0,3,MC,0.4902682532764638,96
sign_test_er0.0__norm_original_radius,matched_er_4to1_chunk_0,4,GR,0.8495450302396427,96
sign_test_er0.0__norm_original_radius,matched_er_4to1_chunk_0,4,IPC,0.5932517414374843,96
sign_test_er0.0__norm_original_radius,matched_er_4to1_chunk_0,4,KR,0.7108011074233228,96
sign_test_er0.0__norm_original_radius,matched_er_4to1_chunk_0,4,MC,0.6258900187641242,96
sign_test_er0.0__norm_original_radius,matched_er_4to1_chunk_1,5,GR,0.8412794845327489,96
sign_test_er0.0__norm_original_radius,matched_er_4to1_chunk_1,5,IPC,0.5124258812313851,96
sign_test_er0.0__norm_original_radius,matched_er_4to1_chunk_1,5,KR,0.6912301163717391,96
sign_test_er0.0__norm_original_radius,matched_er_4to1_chunk_1,5,MC,0.5096197342572026,96
sign_test_er0.0__norm_original_radius,matched_er_4to1_chunk_1,6,GR,0.8398437661451666,96
sign_test_er0.0__norm_original_radius,matched_er_4to1_chunk_1,6,IPC,0.5689596810392236,96
sign_test_er0.0__norm_original_radius,matched_er_4to1_chunk_1,6,KR,0.6881750366767546,96
sign_test_er0.0__norm_original_radius,matched_er_4to1_chunk_1,6,MC,0.5906025635188585,96
sign_test_er0.0__norm_original_radius,matched_er_4to1_chunk_1,7,GR,0.8437831873654513,96
sign_test_er0.0__norm_original_radius,matched_er_4to1_chunk_1,7,IPC,0.5363364016387272,96
sign_test_er0.0__norm_original_radius,matched_er_4to1_chunk_1,7,KR,0.7166608395032351,96
sign_test_er0.0__norm_original_radius,matched_er_4to1_chunk_1,7,MC,0.5514282947330768,96
sign_test_er0.0__norm_original_radius,matched_er_4to1_chunk_1,8,GR,0.8733715519987695,96
sign_test_er0.0__norm_original_radius,matched_er_4to1_chunk_1,8,IPC,0.575936712961686,96
sign_test_er0.0__norm_original_radius,matched_er_4to1_chunk_1,8,KR,0.7294913140281429,96
sign_test_er0.0__norm_original_radius,matched_er_4to1_chunk_1,8,MC,0.5263876233507434,96
sign_test_er0.0__norm_original_radius,matched_er_4to1_chunk_1,9,GR,0.8295432527113363,96
sign_test_er0.0__norm_original_radius,matched_er_4to1_chunk_1,9,IPC,0.4609812655244901,96
sign_test_er0.0__norm_original_radius,matched_er_4to1_chunk_1,9,KR,0.6965760449197577,96
sign_test_er0.0__norm_original_radius,matched_er_4to1_chunk_1,9,MC,0.4979178277966124,96
sign_test_er0.0__norm_original_radius,matched_er_4to1_chunk_10,50,GR,0.8059993143623508,96
sign_test_er0.0__norm_original_radius,matched_er_4to1_chunk_10,50,IPC,0.5273213746109386,96
sign_test_er0.0__norm_original_radius,matched_er_4to1_chunk_10,50,KR,0.6821072521761516,96
sign_test_er0.0__norm_original_radius,matched_er_4to1_chunk_10,50,MC,0.558876939297549,96
sign_test_er0.0__norm_original_radius,matched_er_4to1_chunk_10,51,GR,0.828939282756735,96
sign_test_er0.0__norm_original_radius,matched_er_4to1_chunk_10,51,IPC,0.5716732349638087,96
sign_test_er0.0__norm_original_radius,matched_er_4to1_chunk_10,51,KR,0.6900884389237887,96
sign_test_er0.0__norm_original_radius,matched_er_4to1_chunk_10,51,MC,0.5432497538521937,96
sign_test_er0.0__norm_original_radius,matched_er_4to1_chunk_10,52,GR,0.870227066930159,96
sign_test_er0.0__norm_original_radius,matched_er_4to1_chunk_10,52,IPC,0.5543364343361129,96
sign_test_er0.0__norm_original_radius,matched_er_4to1_chunk_10,52,KR,0.7280460226533355,96
sign_test_er0.0__norm_original_radius,matched_er_4to1_chunk_10,52,MC,0.5533171802058124,96
sign_test_er0.0__norm_original_radius,matched_er_4to1_chunk_10,53,GR,0.8559045518692676,96
sign_test_er0.0__norm_original_radius,matched_er_4to1_chunk_10,53,IPC,0.5096500363486874,96
sign_test_er0.0__norm_original_radius,matched_er_4to1_chunk_10,53,KR,0.667398089442765,96
sign_test_er0.0__norm_original_radius,matched_er_4to1_chunk_10,53,MC,0.5117956199686902,96
sign_test_er0.0__norm_original_radius,matched_er_4to1_chunk_10,54,GR,0.8488038167934997,96
sign_test_er0.0__norm_original_radius,matched_er_4to1_chunk_10,54,IPC,0.5027589624484791,96
sign_test_er0.0__norm_original_radius,matched_er_4to1_chunk_10,54,KR,0.6826750287611731,96
sign_test_er0.0__norm_original_radius,matched_er_4to1_chunk_10,54,MC,0.5110043868527205,96
sign_test_er0.0__norm_original_radius,matched_er_4to1_chunk_11,55,GR,0.8530674497527122,96
sign_test_er0.0__norm_original_radius,matched_er_4to1_chunk_11,55,IPC,0.514083323757397,96
sign_test_er0.0__norm_original_radius,matched_er_4to1_chunk_11,55,KR,0.6965939442073196,96
sign_test_er0.0__norm_original_radius,matched_er_4to1_chunk_11,55,MC,0.49628594191469105,96
sign_test_er0.0__norm_original_radius,matched_er_4to1_chunk_11,56,GR,0.8156608909345169,96
sign_test_er0.0__norm_original_radius,matched_er_4to1_chunk_11,56,IPC,0.5750613543132381,96
sign_test_er0.0__norm_original_radius,matched_er_4to1_chunk_11,56,KR,0.6665718518856303,96
sign_test_er0.0__norm_original_radius,matched_er_4to1_chunk_11,56,MC,0.5577876166139033,96
sign_test_er0.0__norm_original_radius,matched_er_4to1_chunk_11,57,GR,0.8255224693033636,96
sign_test_er0.0__norm_original_radius,matched_er_4to1_chunk_11,57,IPC,0.5743374209914741,96
sign_test_er0.0__norm_original_radius,matched_er_4to1_chunk_11,57,KR,0.695338140850674,96
sign_test_er0.0__norm_original_radius,matched_er_4to1_chunk_11,57,MC,0.5602431433447145,96
sign_test_er0.0__norm_original_radius,matched_er_4to1_chunk_11,58,GR,0.8749048018927673,96
sign_test_er0.0__norm_original_radius,matched_er_4to1_chunk_11,58,IPC,0.5475998320838933,96
sign_test_er0.0__norm_original_radius,matched_er_4to1_chunk_11,58,KR,0.7024505013046183,96
sign_test_er0.0__norm_original_radius,matched_er_4to1_chunk_11,58,MC,0.5397525291362106,96
sign_test_er0.0__norm_original_radius,matched_er_4to1_chunk_11,59,GR,0.834575028788728,96
sign_test_er0.0__norm_original_radius,matched_er_4to1_chunk_11,59,IPC,0.5460563614486856,96
sign_test_er0.0__norm_original_radius,matched_er_4to1_chunk_11,59,KR,0.6973226219837454,96
sign_test_er0.0__norm_original_radius,matched_er_4to1_chunk_11,59,MC,0.5477780909271195,96
sign_test_er0.0__norm_original_radius,matched_er_4to1_chunk_12,60,GR,0.8519319423705337,96
sign_test_er0.0__norm_original_radius,matched_er_4to1_chunk_12,60,IPC,0.5612019131849046,96
sign_test_er0.0__norm_original_radius,matched_er_4to1_chunk_12,60,KR,0.6976564961506877,96
sign_test_er0.0__norm_original_radius,matched_er_4to1_chunk_12,60,MC,0.5403734216058853,96
sign_test_er0.0__norm_original_radius,matched_er_4to1_chunk_12,61,GR,0.8486342003859391,96
sign_test_er0.0__norm_original_radius,matched_er_4to1_chunk_12,61,IPC,0.5411623489720856,96
sign_test_er0.0__norm_original_radius,matched_er_4to1_chunk_12,61,KR,0.6698966350949322,96
sign_test_er0.0__norm_original_radius,matched_er_4to1_chunk_12,61,MC,0.579469408601237,96
sign_test_er0.0__norm_original_radius,matched_er_4to1_chunk_12,62,GR,0.8568708773705015,96
sign_test_er0.0__norm_original_radius,matched_er_4to1_chunk_12,62,IPC,0.5471390013582431,96
sign_test_er0.0__norm_original_radius,matched_er_4to1_chunk_12,62,KR,0.7054288049740423,96
sign_test_er0.0__norm_original_radius,matched_er_4to1_chunk_12,62,MC,0.5542137941411037,96
sign_test_er0.0__norm_original_radius,matched_er_4to1_chunk_12,63,GR,0.7969071227356244,96
sign_test_er0.0__norm_original_radius,matched_er_4to1_chunk_12,63,IPC,0.5075523487731577,96
sign_test_er0.0__norm_original_radius,matched_er_4to1_chunk_12,63,KR,0.6621855744488286,96
sign_test_er0.0__norm_original_radius,matched_er_4to1_chunk_12,63,MC,0.5111245981531748,96
sign_test_er0.0__norm_original_radius,matched_er_4to1_chunk_12,64,GR,0.8514330933815514,96
sign_test_er0.0__norm_original_radius,matched_er_4to1_chunk_12,64,IPC,0.5343646502929323,96
sign_test_er0.0__norm_original_radius,matched_er_4to1_chunk_12,64,KR,0.7110319404617026,96
sign_test_er0.0__norm_original_radius,matched_er_4to1_chunk_12,64,MC,0.5372092744767603,96
sign_test_er0.0__norm_original_radius,matched_er_4to1_chunk_13,65,GR,0.8477912719965615,96
sign_test_er0.0__norm_original_radius,matched_er_4to1_chunk_13,65,IPC,0.5416827794532422,96
sign_test_er0.0__norm_original_radius,matched_er_4to1_chunk_13,65,KR,0.7023752550615682,96
sign_test_er0.0__norm_original_radius,matched_er_4to1_chunk_13,65,MC,0.558192086523603,96
sign_test_er0.0__norm_original_radius,matched_er_4to1_chunk_13,66,GR,0.872264576169642,96
sign_test_er0.0__norm_original_radius,matched_er_4to1_chunk_13,66,IPC,0.5387928358431393,96
sign_test_er0.0__norm_original_radius,matched_er_4to1_chunk_13,66,KR,0.7319561485448374,96
sign_test_er0.0__norm_original_radius,matched_er_4to1_chunk_13,66,MC,0.5053867287970546,96
sign_test_er0.0__norm_original_radius,matched_er_4to1_chunk_13,67,GR,0.8846691767094021,96
sign_test_er0.0__norm_original_radius,matched_er_4to1_chunk_13,67,IPC,0.5539354263471505,96
sign_test_er0.0__norm_original_radius,matched_er_4to1_chunk_13,67,KR,0.7402703079149232,96
sign_test_er0.0__norm_original_radius,matched_er_4to1_chunk_13,67,MC,0.5528486284041751,96
sign_test_er0.0__norm_original_radius,matched_er_4to1_chunk_13,68,GR,0.828784600219247,96
sign_test_er0.0__norm_original_radius,matched_er_4to1_chunk_13,68,IPC,0.6135623785562898,96
sign_test_er0.0__norm_original_radius,matched_er_4to1_chunk_13,68,KR,0.6934205767183688,96
sign_test_er0.0__norm_original_radius,matched_er_4to1_chunk_13,68,MC,0.6101622690097198,96
sign_test_er0.0__norm_original_radius,matched_er_4to1_chunk_13,69,GR,0.8441972305667652,96
sign_test_er0.0__norm_original_radius,matched_er_4to1_chunk_13,69,IPC,0.5263772506465498,96
sign_test_er0.0__norm_original_radius,matched_er_4to1_chunk_13,69,KR,0.6901641809526777,96
sign_test_er0.0__norm_original_radius,matched_er_4to1_chunk_13,69,MC,0.5148811548503098,96
sign_test_er0.0__norm_original_radius,matched_er_4to1_chunk_14,70,GR,0.8664104085792634,96
sign_test_er0.0__norm_original_radius,matched_er_4to1_chunk_14,70,IPC,0.5551080714884116,96
sign_test_er0.0__norm_original_radius,matched_er_4to1_chunk_14,70,KR,0.7350238524372076,96
sign_test_er0.0__norm_original_radius,matched_er_4to1_chunk_14,70,MC,0.5193620896436626,96
sign_test_er0.0__norm_original_radius,matched_er_4to1_chunk_14,71,GR,0.8219886677787455,96
sign_test_er0.0__norm_original_radius,matched_er_4to1_chunk_14,71,IPC,0.5553055515382871,96
sign_test_er0.0__norm_original_radius,matched_er_4to1_chunk_14,71,KR,0.6799712546828145,96
sign_test_er0.0__norm_original_radius,matched_er_4to1_chunk_14,71,MC,0.5851747084424798,96
sign_test_er0.0__norm_original_radius,matched_er_4to1_chunk_14,72,GR,0.8370752519223259,96
sign_test_er0.0__norm_original_radius,matched_er_4to1_chunk_14,72,IPC,0.5544376058792415,96
sign_test_er0.0__norm_original_radius,matched_er_4to1_chunk_14,72,KR,0.6835035109444123,96
sign_test_er0.0__norm_original_radius,matched_er_4to1_chunk_14,72,MC,0.5077886771364736,96
sign_test_er0.0__norm_original_radius,matched_er_4to1_chunk_14,73,GR,0.8492272578755352,96
sign_test_er0.0__norm_original_radius,matched_er_4to1_chunk_14,73,IPC,0.5888278937385999,96
sign_test_er0.0__norm_original_radius,matched_er_4to1_chunk_14,73,KR,0.7026023764014432,96
sign_test_er0.0__norm_original_radius,matched_er_4to1_chunk_14,73,MC,0.5759068437749963,96
sign_test_er0.0__norm_original_radius,matched_er_4to1_chunk_14,74,GR,0.8433093347507857,96
sign_test_er0.0__norm_original_radius,matched_er_4to1_chunk_14,74,IPC,0.5716382177501725,96
sign_test_er0.0__norm_original_radius,matched_er_4to1_chunk_14,74,KR,0.6999909287749961,96
sign_test_er0.0__norm_original_radius,matched_er_4to1_chunk_14,74,MC,0.5454285697265221,96
sign_test_er0.0__norm_original_radius,matched_er_4to1_chunk_15,75,GR,0.8275596540475588,96
sign_test_er0.0__norm_original_radius,matched_er_4to1_chunk_15,75,IPC,0.5269056532660933,96
sign_test_er0.0__norm_original_radius,matched_er_4to1_chunk_15,75,KR,0.6906633483534438,96
sign_test_er0.0__norm_original_radius,matched_er_4to1_chunk_15,75,MC,0.5223198074732875,96
sign_test_er0.0__norm_original_radius,matched_er_4to1_chunk_15,76,GR,0.8123011195561226,96
sign_test_er0.0__norm_original_radius,matched_er_4to1_chunk_15,76,IPC,0.5567596036047078,96
sign_test_er0.0__norm_original_radius,matched_er_4to1_chunk_15,76,KR,0.6814247231737569,96
sign_test_er0.0__norm_original_radius,matched_er_4to1_chunk_15,76,MC,0.5418871593500986,96
sign_test_er0.0__norm_original_radius,matched_er_4to1_chunk_15,77,GR,0.829339079848984,96
sign_test_er0.0__norm_original_radius,matched_er_4to1_chunk_15,77,IPC,0.5687347472636766,96
sign_test_er0.0__norm_original_radius,matched_er_4to1_chunk_15,77,KR,0.6857961351871817,96
sign_test_er0.0__norm_original_radius,matched_er_4to1_chunk_15,77,MC,0.6158318645699177,96
sign_test_er0.0__norm_original_radius,matched_er_4to1_chunk_15,78,GR,0.8453183493759114,96
sign_test_er0.0__norm_original_radius,matched_er_4to1_chunk_15,78,IPC,0.5418712232321223,96
sign_test_er0.0__norm_original_radius,matched_er_4to1_chunk_15,78,KR,0.7029342298648507,96
sign_test_er0.0__norm_original_radius,matched_er_4to1_chunk_15,78,MC,0.526538981142458,96
sign_test_er0.0__norm_original_radius,matched_er_4to1_chunk_15,79,GR,0.8579547078470975,96
sign_test_er0.0__norm_original_radius,matched_er_4to1_chunk_15,79,IPC,0.6017940733699166,96
sign_test_er0.0__norm_original_radius,matched_er_4to1_chunk_15,79,KR,0.7053270504508293,96
sign_test_er0.0__norm_original_radius,matched_er_4to1_chunk_15,79,MC,0.5581232188905448,96
sign_test_er0.0__norm_original_radius,matched_er_4to1_chunk_16,80,GR,0.8387044885149476,96
sign_test_er0.0__norm_original_radius,matched_er_4to1_chunk_16,80,IPC,0.5353850946074105,96
sign_test_er0.0__norm_original_radius,matched_er_4to1_chunk_16,80,KR,0.6859033815371953,96
sign_test_er0.0__norm_original_radius,matched_er_4to1_chunk_16,80,MC,0.5169751376947789,96
sign_test_er0.0__norm_original_radius,matched_er_4to1_chunk_16,81,GR,0.7985093971384908,96
sign_test_er0.0__norm_original_radius,matched_er_4to1_chunk_16,81,IPC,0.4373486013856778,96
sign_test_er0.0__norm_original_radius,matched_er_4to1_chunk_16,81,KR,0.6525635295337564,96
sign_test_er0.0__norm_original_radius,matched_er_4to1_chunk_16,81,MC,0.494010408679626,96
sign_test_er0.0__norm_original_radius,matched_er_4to1_chunk_16,82,GR,0.8558235822841729,96
sign_test_er0.0__norm_original_radius,matched_er_4to1_chunk_16,82,IPC,0.5248090963035672,96
sign_test_er0.0__norm_original_radius,matched_er_4to1_chunk_16,82,KR,0.7207999364579417,96
sign_test_er0.0__norm_original_radius,matched_er_4to1_chunk_16,82,MC,0.5876454207838819,96
sign_test_er0.0__norm_original_radius,matched_er_4to1_chunk_16,83,GR,0.8860045118803149,96
sign_test_er0.0__norm_original_radius,matched_er_4to1_chunk_16,83,IPC,0.5152188651055823,96
sign_test_er0.0__norm_original_radius,matched_er_4to1_chunk_16,83,KR,0.6720356855960957,96
sign_test_er0.0__norm_original_radius,matched_er_4to1_chunk_16,83,MC,0.5404719029474243,96
sign_test_er0.0__norm_original_radius,matched_er_4to1_chunk_16,84,GR,0.8222223172376812,96
sign_test_er0.0__norm_original_radius,matched_er_4to1_chunk_16,84,IPC,0.5419854262518585,96
sign_test_er0.0__norm_original_radius,matched_er_4to1_chunk_16,84,KR,0.6704357011611103,96
sign_test_er0.0__norm_original_radius,matched_er_4to1_chunk_16,84,MC,0.526842222745466,96
sign_test_er0.0__norm_original_radius,matched_er_4to1_chunk_17,85,GR,0.8317733688578761,96
sign_test_er0.0__norm_original_radius,matched_er_4to1_chunk_17,85,IPC,0.5041124950202098,96
sign_test_er0.0__norm_original_radius,matched_er_4to1_chunk_17,85,KR,0.6909542591605812,96
sign_test_er0.0__norm_original_radius,matched_er_4to1_chunk_17,85,MC,0.5122944105789193,96
sign_test_er0.0__norm_original_radius,matched_er_4to1_chunk_17,86,GR,0.8527910216830128,96
sign_test_er0.0__norm_original_radius,matched_er_4to1_chunk_17,86,IPC,0.5100941567427173,96
sign_test_er0.0__norm_original_radius,matched_er_4to1_chunk_17,86,KR,0.7106494351256132,96
sign_test_er0.0__norm_original_radius,matched_er_4to1_chunk_17,86,MC,0.4870534065385339,96
sign_test_er0.0__norm_original_radius,matched_er_4to1_chunk_17,87,GR,0.8644486209590238,96
sign_test_er0.0__norm_original_radius,matched_er_4to1_chunk_17,87,IPC,0.5275270566603563,96
sign_test_er0.0__norm_original_radius,matched_er_4to1_chunk_17,87,KR,0.7103721240557299,96
sign_test_er0.0__norm_original_radius,matched_er_4to1_chunk_17,87,MC,0.549642467318687,96
sign_test_er0.0__norm_original_radius,matched_er_4to1_chunk_17,88,GR,0.8523761017782978,96
sign_test_er0.0__norm_original_radius,matched_er_4to1_chunk_17,88,IPC,0.5206033196405512,96
sign_test_er0.0__norm_original_radius,matched_er_4to1_chunk_17,88,KR,0.7126536003611883,96
sign_test_er0.0__norm_original_radius,matched_er_4to1_chunk_17,88,MC,0.5410270177925051,96
sign_test_er0.0__norm_original_radius,matched_er_4to1_chunk_17,89,GR,0.8591959677234847,96
sign_test_er0.0__norm_original_radius,matched_er_4to1_chunk_17,89,IPC,0.5255821134445229,96
sign_test_er0.0__norm_original_radius,matched_er_4to1_chunk_17,89,KR,0.7199188575647292,96
sign_test_er0.0__norm_original_radius,matched_er_4to1_chunk_17,89,MC,0.5073850452033996,96
sign_test_er0.0__norm_original_radius,matched_er_4to1_chunk_18,90,GR,0.8108653974431482,96
sign_test_er0.0__norm_original_radius,matched_er_4to1_chunk_18,90,IPC,0.47416543022822816,96
sign_test_er0.0__norm_original_radius,matched_er_4to1_chunk_18,90,KR,0.6684478677524387,96
sign_test_er0.0__norm_original_radius,matched_er_4to1_chunk_18,90,MC,0.5220659794548459,96
sign_test_er0.0__norm_original_radius,matched_er_4to1_chunk_18,91,GR,0.8150100563688081,96
sign_test_er0.0__norm_original_radius,matched_er_4to1_chunk_18,91,IPC,0.576271188360749,96
sign_test_er0.0__norm_original_radius,matched_er_4to1_chunk_18,91,KR,0.6828763899442805,96
sign_test_er0.0__norm_original_radius,matched_er_4to1_chunk_18,91,MC,0.5926491952031058,96
sign_test_er0.0__norm_original_radius,matched_er_4to1_chunk_18,92,GR,0.8200616416254285,96
sign_test_er0.0__norm_original_radius,matched_er_4to1_chunk_18,92,IPC,0.48384069008569625,96
sign_test_er0.0__norm_original_radius,matched_er_4to1_chunk_18,92,KR,0.6686206201747344,96
sign_test_er0.0__norm_original_radius,matched_er_4to1_chunk_18,92,MC,0.5264685658614946,96
sign_test_er0.0__norm_original_radius,matched_er_4to1_chunk_18,93,GR,0.8356946714006054,96
sign_test_er0.0__norm_original_radius,matched_er_4to1_chunk_18,93,IPC,0.536234041763731,96
sign_test_er0.0__norm_original_radius,matched_er_4to1_chunk_18,93,KR,0.6876390751470002,96
sign_test_er0.0__norm_original_radius,matched_er_4to1_chunk_18,93,MC,0.5291068510467922,96
sign_test_er0.0__norm_original_radius,matched_er_4to1_chunk_18,94,GR,0.8332537615089535,96
sign_test_er0.0__norm_original_radius,matched_er_4to1_chunk_18,94,IPC,0.5385630227668006,96
sign_test_er0.0__norm_original_radius,matched_er_4to1_chunk_18,94,KR,0.6935546166412165,96
sign_test_er0.0__norm_original_radius,matched_er_4to1_chunk_18,94,MC,0.5248885963126481,96
sign_test_er0.0__norm_original_radius,matched_er_4to1_chunk_19,95,GR,0.8686728361868666,96
sign_test_er0.0__norm_original_radius,matched_er_4to1_chunk_19,95,IPC,0.5130521077778246,96
sign_test_er0.0__norm_original_radius,matched_er_4to1_chunk_19,95,KR,0.7066968231502219,96
sign_test_er0.0__norm_original_radius,matched_er_4to1_chunk_19,95,MC,0.5177856033362809,96
sign_test_er0.0__norm_original_radius,matched_er_4to1_chunk_19,96,GR,0.8098440788991924,96
sign_test_er0.0__norm_original_radius,matched_er_4to1_chunk_19,96,IPC,0.4909211634347039,96
sign_test_er0.0__norm_original_radius,matched_er_4to1_chunk_19,96,KR,0.6846210339077023,96
sign_test_er0.0__norm_original_radius,matched_er_4to1_chunk_19,96,MC,0.5335797520930674,96
sign_test_er0.0__norm_original_radius,matched_er_4to1_chunk_19,97,GR,0.8107391520121955,96
sign_test_er0.0__norm_original_radius,matched_er_4to1_chunk_19,97,IPC,0.4673276880390325,96
sign_test_er0.0__norm_original_radius,matched_er_4to1_chunk_19,97,KR,0.6740297130340814,96
sign_test_er0.0__norm_original_radius,matched_er_4to1_chunk_19,97,MC,0.5083689007762698,96
sign_test_er0.0__norm_original_radius,matched_er_4to1_chunk_19,98,GR,0.8627389491118143,96
sign_test_er0.0__norm_original_radius,matched_er_4to1_chunk_19,98,IPC,0.4974542238459432,96
sign_test_er0.0__norm_original_radius,matched_er_4to1_chunk_19,98,KR,0.7170900937739666,96
sign_test_er0.0__norm_original_radius,matched_er_4to1_chunk_19,98,MC,0.4982262688413628,96
sign_test_er0.0__norm_original_radius,matched_er_4to1_chunk_19,99,GR,0.840995192723201,96
sign_test_er0.0__norm_original_radius,matched_er_4to1_chunk_19,99,IPC,0.4743612835397219,96
sign_test_er0.0__norm_original_radius,matched_er_4to1_chunk_19,99,KR,0.6816755584054045,96
sign_test_er0.0__norm_original_radius,matched_er_4to1_chunk_19,99,MC,0.5211439312075006,96
sign_test_er0.0__norm_original_radius,matched_er_4to1_chunk_2,10,GR,0.8325580306446805,96
sign_test_er0.0__norm_original_radius,matched_er_4to1_chunk_2,10,IPC,0.5279878485520298,96
sign_test_er0.0__norm_original_radius,matched_er_4to1_chunk_2,10,KR,0.681930420877041,96
sign_test_er0.0__norm_original_radius,matched_er_4to1_chunk_2,10,MC,0.5149022753304298,96
sign_test_er0.0__norm_original_radius,matched_er_4to1_chunk_2,11,GR,0.8170090041406747,96
sign_test_er0.0__norm_original_radius,matched_er_4to1_chunk_2,11,IPC,0.5194188451793573,96
sign_test_er0.0__norm_original_radius,matched_er_4to1_chunk_2,11,KR,0.6536547434775815,96
sign_test_er0.0__norm_original_radius,matched_er_4to1_chunk_2,11,MC,0.569106852270719,96
sign_test_er0.0__norm_original_radius,matched_er_4to1_chunk_2,12,GR,0.8329553073490304,96
sign_test_er0.0__norm_original_radius,matched_er_4to1_chunk_2,12,IPC,0.5099087142101694,96
sign_test_er0.0__norm_original_radius,matched_er_4to1_chunk_2,12,KR,0.6574553497447718,96
sign_test_er0.0__norm_original_radius,matched_er_4to1_chunk_2,12,MC,0.5270332160302303,96
sign_test_er0.0__norm_original_radius,matched_er_4to1_chunk_2,13,GR,0.8261570907206586,96
sign_test_er0.0__norm_original_radius,matched_er_4to1_chunk_2,13,IPC,0.5395408013029366,96
sign_test_er0.0__norm_original_radius,matched_er_4to1_chunk_2,13,KR,0.6956817162442963,96
sign_test_er0.0__norm_original_radius,matched_er_4to1_chunk_2,13,MC,0.5441964876083719,96
sign_test_er0.0__norm_original_radius,matched_er_4to1_chunk_2,14,GR,0.8438150334816675,96
sign_test_er0.0__norm_original_radius,matched_er_4to1_chunk_2,14,IPC,0.5810483671877704,96
sign_test_er0.0__norm_original_radius,matched_er_4to1_chunk_2,14,KR,0.6910546763646345,96
sign_test_er0.0__norm_original_radius,matched_er_4to1_chunk_2,14,MC,0.5681305511135993,96
sign_test_er0.0__norm_original_radius,matched_er_4to1_chunk_3,15,GR,0.8795424028817369,96
sign_test_er0.0__norm_original_radius,matched_er_4to1_chunk_3,15,IPC,0.5163056108544779,96
sign_test_er0.0__norm_original_radius,matched_er_4to1_chunk_3,15,KR,0.7355881044549248,96
sign_test_er0.0__norm_original_radius,matched_er_4to1_chunk_3,15,MC,0.5145198082933699,96
sign_test_er0.0__norm_original_radius,matched_er_4to1_chunk_3,16,GR,0.7980580718091497,96
sign_test_er0.0__norm_original_radius,matched_er_4to1_chunk_3,16,IPC,0.4925848593792756,96
sign_test_er0.0__norm_original_radius,matched_er_4to1_chunk_3,16,KR,0.6814087723985439,96
sign_test_er0.0__norm_original_radius,matched_er_4to1_chunk_3,16,MC,0.5294502513502622,96
sign_test_er0.0__norm_original_radius,matched_er_4to1_chunk_3,17,GR,0.8883750978459152,96
sign_test_er0.0__norm_original_radius,matched_er_4to1_chunk_3,17,IPC,0.5262503427790132,96
sign_test_er0.0__norm_original_radius,matched_er_4to1_chunk_3,17,KR,0.750128591448746,96
sign_test_er0.0__norm_original_radius,matched_er_4to1_chunk_3,17,MC,0.5097898092207048,96
sign_test_er0.0__norm_original_radius,matched_er_4to1_chunk_3,18,GR,0.7955513273275309,96
sign_test_er0.0__norm_original_radius,matched_er_4to1_chunk_3,18,IPC,0.5291677059823438,96
sign_test_er0.0__norm_original_radius,matched_er_4to1_chunk_3,18,KR,0.6794025794475445,96
sign_test_er0.0__norm_original_radius,matched_er_4to1_chunk_3,18,MC,0.517322091283461,96
sign_test_er0.0__norm_original_radius,matched_er_4to1_chunk_3,19,GR,0.835199850540565,96
sign_test_er0.0__norm_original_radius,matched_er_4to1_chunk_3,19,IPC,0.5287668024476543,96
sign_test_er0.0__norm_original_radius,matched_er_4to1_chunk_3,19,KR,0.6701651629423263,96
sign_test_er0.0__norm_original_radius,matched_er_4to1_chunk_3,19,MC,0.5300928227090984,96
sign_test_er0.0__norm_original_radius,matched_er_4to1_chunk_4,20,GR,0.8318782709798241,96
sign_test_er0.0__norm_original_radius,matched_er_4to1_chunk_4,20,IPC,0.6040811359410935,96
sign_test_er0.0__norm_original_radius,matched_er_4to1_chunk_4,20,KR,0.6899194651730696,96
sign_test_er0.0__norm_original_radius,matched_er_4to1_chunk_4,20,MC,0.5807650412409276,96
sign_test_er0.0__norm_original_radius,matched_er_4to1_chunk_4,21,GR,0.8584165942056885,96
sign_test_er0.0__norm_original_radius,matched_er_4to1_chunk_4,21,IPC,0.5554242266359469,96
sign_test_er0.0__norm_original_radius,matched_er_4to1_chunk_4,21,KR,0.7207152155074376,96
sign_test_er0.0__norm_original_radius,matched_er_4to1_chunk_4,21,MC,0.5423528788358564,96
sign_test_er0.0__norm_original_radius,matched_er_4to1_chunk_4,22,GR,0.8606880257055844,96
sign_test_er0.0__norm_original_radius,matched_er_4to1_chunk_4,22,IPC,0.5320355080681283,96
sign_test_er0.0__norm_original_radius,matched_er_4to1_chunk_4,22,KR,0.716493198016953,96
sign_test_er0.0__norm_original_radius,matched_er_4to1_chunk_4,22,MC,0.5300280776302606,96
sign_test_er0.0__norm_original_radius,matched_er_4to1_chunk_4,23,GR,0.8191855817319625,96
sign_test_er0.0__norm_original_radius,matched_er_4to1_chunk_4,23,IPC,0.5389091204164308,96
sign_test_er0.0__norm_original_radius,matched_er_4to1_chunk_4,23,KR,0.6830447568783325,96
sign_test_er0.0__norm_original_radius,matched_er_4to1_chunk_4,23,MC,0.5264590654464817,96
sign_test_er0.0__norm_original_radius,matched_er_4to1_chunk_4,24,GR,0.8539266576949428,96
sign_test_er0.0__norm_original_radius,matched_er_4to1_chunk_4,24,IPC,0.506662290722366,96
sign_test_er0.0__norm_original_radius,matched_er_4to1_chunk_4,24,KR,0.7303799552059765,96
sign_test_er0.0__norm_original_radius,matched_er_4to1_chunk_4,24,MC,0.5493634148734301,96
sign_test_er0.0__norm_original_radius,matched_er_4to1_chunk_5,25,GR,0.8535021091544248,96
sign_test_er0.0__norm_original_radius,matched_er_4to1_chunk_5,25,IPC,0.5864256248090719,96
sign_test_er0.0__norm_original_radius,matched_er_4to1_chunk_5,25,KR,0.707984106650938,96
sign_test_er0.0__norm_original_radius,matched_er_4to1_chunk_5,25,MC,0.5515160246395514,96
sign_test_er0.0__norm_original_radius,matched_er_4to1_chunk_5,26,GR,0.8384856672537205,96
sign_test_er0.0__norm_original_radius,matched_er_4to1_chunk_5,26,IPC,0.46104479925556324,96
sign_test_er0.0__norm_original_radius,matched_er_4to1_chunk_5,26,KR,0.6240526013910428,96
sign_test_er0.0__norm_original_radius,matched_er_4to1_chunk_5,26,MC,0.4763997708906753,96
sign_test_er0.0__norm_original_radius,matched_er_4to1_chunk_5,27,GR,0.8703449183611037,96
sign_test_er0.0__norm_original_radius,matched_er_4to1_chunk_5,27,IPC,0.5369783619569061,96
sign_test_er0.0__norm_original_radius,matched_er_4to1_chunk_5,27,KR,0.7106575902748996,96
sign_test_er0.0__norm_original_radius,matched_er_4to1_chunk_5,27,MC,0.5283094594631171,96
sign_test_er0.0__norm_original_radius,matched_er_4to1_chunk_5,28,GR,0.8804504937853888,96
sign_test_er0.0__norm_original_radius,matched_er_4to1_chunk_5,28,IPC,0.5396067177117415,96
sign_test_er0.0__norm_original_radius,matched_er_4to1_chunk_5,28,KR,0.7259246012310333,96
sign_test_er0.0__norm_original_radius,matched_er_4to1_chunk_5,28,MC,0.5339375932019705,96
sign_test_er0.0__norm_original_radius,matched_er_4to1_chunk_5,29,GR,0.8580522838676348,96
sign_test_er0.0__norm_original_radius,matched_er_4to1_chunk_5,29,IPC,0.4943259633471506,96
sign_test_er0.0__norm_original_radius,matched_er_4to1_chunk_5,29,KR,0.7183890935356566,96
sign_test_er0.0__norm_original_radius,matched_er_4to1_chunk_5,29,MC,0.525702107688058,96
sign_test_er0.0__norm_original_radius,matched_er_4to1_chunk_6,30,GR,0.8159887758327413,96
sign_test_er0.0__norm_original_radius,matched_er_4to1_chunk_6,30,IPC,0.54095620328759,96
sign_test_er0.0__norm_original_radius,matched_er_4to1_chunk_6,30,KR,0.6693808585642554,96
sign_test_er0.0__norm_original_radius,matched_er_4to1_chunk_6,30,MC,0.5549585053167588,96
sign_test_er0.0__norm_original_radius,matched_er_4to1_chunk_6,31,GR,0.8299109102752802,96
sign_test_er0.0__norm_original_radius,matched_er_4to1_chunk_6,31,IPC,0.5421705086405108,96
sign_test_er0.0__norm_original_radius,matched_er_4to1_chunk_6,31,KR,0.6821574710420043,96
sign_test_er0.0__norm_original_radius,matched_er_4to1_chunk_6,31,MC,0.5179454995344583,96
sign_test_er0.0__norm_original_radius,matched_er_4to1_chunk_6,32,GR,0.841676995673377,96
sign_test_er0.0__norm_original_radius,matched_er_4to1_chunk_6,32,IPC,0.5171526957578797,96
sign_test_er0.0__norm_original_radius,matched_er_4to1_chunk_6,32,KR,0.6867896499433324,96
sign_test_er0.0__norm_original_radius,matched_er_4to1_chunk_6,32,MC,0.4926631474406193,96
sign_test_er0.0__norm_original_radius,matched_er_4to1_chunk_6,33,GR,0.8472744639108697,96
sign_test_er0.0__norm_original_radius,matched_er_4to1_chunk_6,33,IPC,0.5571416095580648,96
sign_test_er0.0__norm_original_radius,matched_er_4to1_chunk_6,33,KR,0.6916858980139103,96
sign_test_er0.0__norm_original_radius,matched_er_4to1_chunk_6,33,MC,0.5614626162511214,96
sign_test_er0.0__norm_original_radius,matched_er_4to1_chunk_6,34,GR,0.8308642206068908,96
sign_test_er0.0__norm_original_radius,matched_er_4to1_chunk_6,34,IPC,0.5644007585965745,96
sign_test_er0.0__norm_original_radius,matched_er_4to1_chunk_6,34,KR,0.6714820922504621,96
sign_test_er0.0__norm_original_radius,matched_er_4to1_chunk_6,34,MC,0.5306597143071904,96
sign_test_er0.0__norm_original_radius,matched_er_4to1_chunk_7,35,GR,0.8114205526638782,96
sign_test_er0.0__norm_original_radius,matched_er_4to1_chunk_7,35,IPC,0.6026576219039503,96
sign_test_er0.0__norm_original_radius,matched_er_4to1_chunk_7,35,KR,0.6640084980109867,96
sign_test_er0.0__norm_original_radius,matched_er_4to1_chunk_7,35,MC,0.5859940668672915,96
sign_test_er0.0__norm_original_radius,matched_er_4to1_chunk_7,36,GR,0.8523229262209946,96
sign_test_er0.0__norm_original_radius,matched_er_4to1_chunk_7,36,IPC,0.5567640324897034,96
sign_test_er0.0__norm_original_radius,matched_er_4to1_chunk_7,36,KR,0.7045029070889945,96
sign_test_er0.0__norm_original_radius,matched_er_4to1_chunk_7,36,MC,0.5587516831618937,96
sign_test_er0.0__norm_original_radius,matched_er_4to1_chunk_7,37,GR,0.8371393713352738,96
sign_test_er0.0__norm_original_radius,matched_er_4to1_chunk_7,37,IPC,0.5436014147390595,96
sign_test_er0.0__norm_original_radius,matched_er_4to1_chunk_7,37,KR,0.6893845195757767,96
sign_test_er0.0__norm_original_radius,matched_er_4to1_chunk_7,37,MC,0.545454497940397,96
sign_test_er0.0__norm_original_radius,matched_er_4to1_chunk_7,38,GR,0.8500844818307737,96
sign_test_er0.0__norm_original_radius,matched_er_4to1_chunk_7,38,IPC,0.5514324512496723,96
sign_test_er0.0__norm_original_radius,matched_er_4to1_chunk_7,38,KR,0.708497261145956,96
sign_test_er0.0__norm_original_radius,matched_er_4to1_chunk_7,38,MC,0.5432481995901988,96
sign_test_er0.0__norm_original_radius,matched_er_4to1_chunk_7,39,GR,0.8713317001637023,96
sign_test_er0.0__norm_original_radius,matched_er_4to1_chunk_7,39,IPC,0.5235559954134666,96
sign_test_er0.0__norm_original_radius,matched_er_4to1_chunk_7,39,KR,0.7295171322572415,96
sign_test_er0.0__norm_original_radius,matched_er_4to1_chunk_7,39,MC,0.5206208389156602,96
sign_test_er0.0__norm_original_radius,matched_er_4to1_chunk_8,40,GR,0.8506289834195532,96
sign_test_er0.0__norm_original_radius,matched_er_4to1_chunk_8,40,IPC,0.5768518559070426,96
sign_test_er0.0__norm_original_radius,matched_er_4to1_chunk_8,40,KR,0.7166685005938362,96
sign_test_er0.0__norm_original_radius,matched_er_4to1_chunk_8,40,MC,0.5729250121567065,96
sign_test_er0.0__norm_original_radius,matched_er_4to1_chunk_8,41,GR,0.8578730247002906,96
sign_test_er0.0__norm_original_radius,matched_er_4to1_chunk_8,41,IPC,0.5112450104070211,96
sign_test_er0.0__norm_original_radius,matched_er_4to1_chunk_8,41,KR,0.7287917696263168,96
sign_test_er0.0__norm_original_radius,matched_er_4to1_chunk_8,41,MC,0.49089989447747706,96
sign_test_er0.0__norm_original_radius,matched_er_4to1_chunk_8,42,GR,0.846297276623075,96
sign_test_er0.0__norm_original_radius,matched_er_4to1_chunk_8,42,IPC,0.5394594296466225,96
sign_test_er0.0__norm_original_radius,matched_er_4to1_chunk_8,42,KR,0.7091903201149744,96
sign_test_er0.0__norm_original_radius,matched_er_4to1_chunk_8,42,MC,0.5190912834630156,96
sign_test_er0.0__norm_original_radius,matched_er_4to1_chunk_8,43,GR,0.8439825511027831,96
sign_test_er0.0__norm_original_radius,matched_er_4to1_chunk_8,43,IPC,0.5361668196637366,96
sign_test_er0.0__norm_original_radius,matched_er_4to1_chunk_8,43,KR,0.7185887161880524,96
sign_test_er0.0__norm_original_radius,matched_er_4to1_chunk_8,43,MC,0.556281538735974,96
sign_test_er0.0__norm_original_radius,matched_er_4to1_chunk_8,44,GR,0.8468520978332892,96
sign_test_er0.0__norm_original_radius,matched_er_4to1_chunk_8,44,IPC,0.5275601138666405,96
sign_test_er0.0__norm_original_radius,matched_er_4to1_chunk_8,44,KR,0.7100679867828084,96
sign_test_er0.0__norm_original_radius,matched_er_4to1_chunk_8,44,MC,0.5089268283055042,96
sign_test_er0.0__norm_original_radius,matched_er_4to1_chunk_9,45,GR,0.82173825602865,96
sign_test_er0.0__norm_original_radius,matched_er_4to1_chunk_9,45,IPC,0.6120877212458973,96
sign_test_er0.0__norm_original_radius,matched_er_4to1_chunk_9,45,KR,0.6920533203393948,96
sign_test_er0.0__norm_original_radius,matched_er_4to1_chunk_9,45,MC,0.593126257018166,96
sign_test_er0.0__norm_original_radius,matched_er_4to1_chunk_9,46,GR,0.8392474604684091,96
sign_test_er0.0__norm_original_radius,matched_er_4to1_chunk_9,46,IPC,0.46939720095552084,96
sign_test_er0.0__norm_original_radius,matched_er_4to1_chunk_9,46,KR,0.6681941827595818,96
sign_test_er0.0__norm_original_radius,matched_er_4to1_chunk_9,46,MC,0.4960006208277945,96
sign_test_er0.0__norm_original_radius,matched_er_4to1_chunk_9,47,GR,0.8394404774571417,96
sign_test_er0.0__norm_original_radius,matched_er_4to1_chunk_9,47,IPC,0.5733918359810807,96
sign_test_er0.0__norm_original_radius,matched_er_4to1_chunk_9,47,KR,0.6980746463917692,96
sign_test_er0.0__norm_original_radius,matched_er_4to1_chunk_9,47,MC,0.582363285423319,96
sign_test_er0.0__norm_original_radius,matched_er_4to1_chunk_9,48,GR,0.8241005132876636,96
sign_test_er0.0__norm_original_radius,matched_er_4to1_chunk_9,48,IPC,0.5301976853268073,96
sign_test_er0.0__norm_original_radius,matched_er_4to1_chunk_9,48,KR,0.6664048494956347,96
sign_test_er0.0__norm_original_radius,matched_er_4to1_chunk_9,48,MC,0.5523632082848872,96
sign_test_er0.0__norm_original_radius,matched_er_4to1_chunk_9,49,GR,0.8201704637930416,96
sign_test_er0.0__norm_original_radius,matched_er_4to1_chunk_9,49,IPC,0.5421360852161095,96
sign_test_er0.0__norm_original_radius,matched_er_4to1_chunk_9,49,KR,0.6707030517884943,96
sign_test_er0.0__norm_original_radius,matched_er_4to1_chunk_9,49,MC,0.5653634768122416,96
sign_test_er0.0__norm_spectral_radius,matched_er_4to1_chunk_0,0,GR,0.5046808903498691,96
sign_test_er0.0__norm_spectral_radius,matched_er_4to1_chunk_0,0,IPC,0.2721627150324136,96
sign_test_er0.0__norm_spectral_radius,matched_er_4to1_chunk_0,0,KR,0.2992200801888892,96
sign_test_er0.0__norm_spectral_radius,matched_er_4to1_chunk_0,0,MC,0.2777105502187564,96
sign_test_er0.0__norm_spectral_radius,matched_er_4to1_chunk_0,1,GR,0.49933131373681944,96
sign_test_er0.0__norm_spectral_radius,matched_er_4to1_chunk_0,1,IPC,0.2512482297387977,96
sign_test_er0.0__norm_spectral_radius,matched_er_4to1_chunk_0,1,KR,0.3027592830142002,96
sign_test_er0.0__norm_spectral_radius,matched_er_4to1_chunk_0,1,MC,0.28082663735687946,96
sign_test_er0.0__norm_spectral_radius,matched_er_4to1_chunk_0,2,GR,0.4990131195139614,96
sign_test_er0.0__norm_spectral_radius,matched_er_4to1_chunk_0,2,IPC,0.24650381887289788,96
sign_test_er0.0__norm_spectral_radius,matched_er_4to1_chunk_0,2,KR,0.3009000431265537,96
sign_test_er0.0__norm_spectral_radius,matched_er_4to1_chunk_0,2,MC,0.2529749919809025,96
sign_test_er0.0__norm_spectral_radius,matched_er_4to1_chunk_0,3,GR,0.47456034152882504,96
sign_test_er0.0__norm_spectral_radius,matched_er_4to1_chunk_0,3,IPC,0.2657687627058736,96
sign_test_er0.0__norm_spectral_radius,matched_er_4to1_chunk_0,3,KR,0.27459415805913157,96
sign_test_er0.0__norm_spectral_radius,matched_er_4to1_chunk_0,3,MC,0.2541617193356336,96
sign_test_er0.0__norm_spectral_radius,matched_er_4to1_chunk_0,4,GR,0.4962752712817473,96
sign_test_er0.0__norm_spectral_radius,matched_er_4to1_chunk_0,4,IPC,0.24979550524889074,96
sign_test_er0.0__norm_spectral_radius,matched_er_4to1_chunk_0,4,KR,0.30178640289436903,96
sign_test_er0.0__norm_spectral_radius,matched_er_4to1_chunk_0,4,MC,0.28227044656421785,96
sign_test_er0.0__norm_spectral_radius,matched_er_4to1_chunk_1,5,GR,0.5024522705265644,96
sign_test_er0.0__norm_spectral_radius,matched_er_4to1_chunk_1,5,IPC,0.25302180875472846,96
sign_test_er0.0__norm_spectral_radius,matched_er_4to1_chunk_1,5,KR,0.3094761104403687,96
sign_test_er0.0__norm_spectral_radius,matched_er_4to1_chunk_1,5,MC,0.2559724712240988,96
sign_test_er0.0__norm_spectral_radius,matched_er_4to1_chunk_1,6,GR,0.5080163755973757,96
sign_test_er0.0__norm_spectral_radius,matched_er_4to1_chunk_1,6,IPC,0.2534128344672859,96
sign_test_er0.0__norm_spectral_radius,matched_er_4to1_chunk_1,6,KR,0.3153146110562134,96
sign_test_er0.0__norm_spectral_radius,matched_er_4to1_chunk_1,6,MC,0.26582612919671234,96
sign_test_er0.0__norm_spectral_radius,matched_er_4to1_chunk_1,7,GR,0.49218173372467994,96
sign_test_er0.0__norm_spectral_radius,matched_er_4to1_chunk_1,7,IPC,0.23890818902019997,96
sign_test_er0.0__norm_spectral_radius,matched_er_4to1_chunk_1,7,KR,0.28992954680076355,96
sign_test_er0.0__norm_spectral_radius,matched_er_4to1_chunk_1,7,MC,0.26334799014514104,96
sign_test_er0.0__norm_spectral_radius,matched_er_4to1_chunk_1,8,GR,0.4863690954098711,96
sign_test_er0.0__norm_spectral_radius,matched_er_4to1_chunk_1,8,IPC,0.2593068728783547,96
sign_test_er0.0__norm_spectral_radius,matched_er_4to1_chunk_1,8,KR,0.2856685545704712,96
sign_test_er0.0__norm_spectral_radius,matched_er_4to1_chunk_1,8,MC,0.304581714090903,96
sign_test_er0.0__norm_spectral_radius,matched_er_4to1_chunk_1,9,GR,0.5054087048169701,96
sign_test_er0.0__norm_spectral_radius,matched_er_4to1_chunk_1,9,IPC,0.2649166339760463,96
sign_test_er0.0__norm_spectral_radius,matched_er_4to1_chunk_1,9,KR,0.2981814104807731,96
sign_test_er0.0__norm_spectral_radius,matched_er_4to1_chunk_1,9,MC,0.2860638202638982,96
sign_test_er0.0__norm_spectral_radius,matched_er_4to1_chunk_10,50,GR,0.5189865676129839,96
sign_test_er0.0__norm_spectral_radius,matched_er_4to1_chunk_10,50,IPC,0.2546529047202155,96
sign_test_er0.0__norm_spectral_radius,matched_er_4to1_chunk_10,50,KR,0.32608465545553167,96
sign_test_er0.0__norm_spectral_radius,matched_er_4to1_chunk_10,50,MC,0.26647926379832304,96
sign_test_er0.0__norm_spectral_radius,matched_er_4to1_chunk_10,51,GR,0.5232131963891378,96
sign_test_er0.0__norm_spectral_radius,matched_er_4to1_chunk_10,51,IPC,0.27758831181833993,96
sign_test_er0.0__norm_spectral_radius,matched_er_4to1_chunk_10,51,KR,0.3250967844952253,96
sign_test_er0.0__norm_spectral_radius,matched_er_4to1_chunk_10,51,MC,0.28852739541473077,96
sign_test_er0.0__norm_spectral_radius,matched_er_4to1_chunk_10,52,GR,0.4683663584421077,96
sign_test_er0.0__norm_spectral_radius,matched_er_4to1_chunk_10,52,IPC,0.2523622606291121,96
sign_test_er0.0__norm_spectral_radius,matched_er_4to1_chunk_10,52,KR,0.2619752639170392,96
sign_test_er0.0__norm_spectral_radius,matched_er_4to1_chunk_10,52,MC,0.3033914109941191,96
sign_test_er0.0__norm_spectral_radius,matched_er_4to1_chunk_10,53,GR,0.5241138410016678,96
sign_test_er0.0__norm_spectral_radius,matched_er_4to1_chunk_10,53,IPC,0.2634956874956147,96
sign_test_er0.0__norm_spectral_radius,matched_er_4to1_chunk_10,53,KR,0.32160078074267867,96
sign_test_er0.0__norm_spectral_radius,matched_er_4to1_chunk_10,53,MC,0.29749105101615847,96
sign_test_er0.0__norm_spectral_radius,matched_er_4to1_chunk_10,54,GR,0.5057441180823368,96
sign_test_er0.0__norm_spectral_radius,matched_er_4to1_chunk_10,54,IPC,0.24908515476646048,96
sign_test_er0.0__norm_spectral_radius,matched_er_4to1_chunk_10,54,KR,0.3081335577642595,96
sign_test_er0.0__norm_spectral_radius,matched_er_4to1_chunk_10,54,MC,0.2796635302882226,96
sign_test_er0.0__norm_spectral_radius,matched_er_4to1_chunk_11,55,GR,0.48909365025818274,96
sign_test_er0.0__norm_spectral_radius,matched_er_4to1_chunk_11,55,IPC,0.2425254447045,96
sign_test_er0.0__norm_spectral_radius,matched_er_4to1_chunk_11,55,KR,0.29104495622639154,96
sign_test_er0.0__norm_spectral_radius,matched_er_4to1_chunk_11,55,MC,0.2566419878566514,96
sign_test_er0.0__norm_spectral_radius,matched_er_4to1_chunk_11,56,GR,0.5031250714764167,96
sign_test_er0.0__norm_spectral_radius,matched_er_4to1_chunk_11,56,IPC,0.2778440789066623,96
sign_test_er0.0__norm_spectral_radius,matched_er_4to1_chunk_11,56,KR,0.3074458111316457,96
sign_test_er0.0__norm_spectral_radius,matched_er_4to1_chunk_11,56,MC,0.27347868242591666,96
sign_test_er0.0__norm_spectral_radius,matched_er_4to1_chunk_11,57,GR,0.501910251680138,96
sign_test_er0.0__norm_spectral_radius,matched_er_4to1_chunk_11,57,IPC,0.24420780959880736,96
sign_test_er0.0__norm_spectral_radius,matched_er_4to1_chunk_11,57,KR,0.3063779198693152,96
sign_test_er0.0__norm_spectral_radius,matched_er_4to1_chunk_11,57,MC,0.2659032983690732,96
sign_test_er0.0__norm_spectral_radius,matched_er_4to1_chunk_11,58,GR,0.4921048582719097,96
sign_test_er0.0__norm_spectral_radius,matched_er_4to1_chunk_11,58,IPC,0.2604943318664195,96
sign_test_er0.0__norm_spectral_radius,matched_er_4to1_chunk_11,58,KR,0.29132133734355453,96
sign_test_er0.0__norm_spectral_radius,matched_er_4to1_chunk_11,58,MC,0.2825077250311775,96
sign_test_er0.0__norm_spectral_radius,matched_er_4to1_chunk_11,59,GR,0.4876118835930261,96
sign_test_er0.0__norm_spectral_radius,matched_er_4to1_chunk_11,59,IPC,0.2429935483195868,96
sign_test_er0.0__norm_spectral_radius,matched_er_4to1_chunk_11,59,KR,0.28955080617057943,96
sign_test_er0.0__norm_spectral_radius,matched_er_4to1_chunk_11,59,MC,0.27348774799537057,96
sign_test_er0.0__norm_spectral_radius,matched_er_4to1_chunk_12,60,GR,0.48436783327427535,96
sign_test_er0.0__norm_spectral_radius,matched_er_4to1_chunk_12,60,IPC,0.2645035226427269,96
sign_test_er0.0__norm_spectral_radius,matched_er_4to1_chunk_12,60,KR,0.29463971892872,96
sign_test_er0.0__norm_spectral_radius,matched_er_4to1_chunk_12,60,MC,0.31969162864264117,96
sign_test_er0.0__norm_spectral_radius,matched_er_4to1_chunk_12,61,GR,0.509213827915899,96
sign_test_er0.0__norm_spectral_radius,matched_er_4to1_chunk_12,61,IPC,0.27405672118067653,96
sign_test_er0.0__norm_spectral_radius,matched_er_4to1_chunk_12,61,KR,0.3166481497806222,96
sign_test_er0.0__norm_spectral_radius,matched_er_4to1_chunk_12,61,MC,0.2874222413582093,96
sign_test_er0.0__norm_spectral_radius,matched_er_4to1_chunk_12,62,GR,0.4879360874401964,96
sign_test_er0.0__norm_spectral_radius,matched_er_4to1_chunk_12,62,IPC,0.27222653302079886,96
sign_test_er0.0__norm_spectral_radius,matched_er_4to1_chunk_12,62,KR,0.2945884154708565,96
sign_test_er0.0__norm_spectral_radius,matched_er_4to1_chunk_12,62,MC,0.2655319536922999,96
sign_test_er0.0__norm_spectral_radius,matched_er_4to1_chunk_12,63,GR,0.4909887265955567,96
sign_test_er0.0__norm_spectral_radius,matched_er_4to1_chunk_12,63,IPC,0.24199598143320722,96
sign_test_er0.0__norm_spectral_radius,matched_er_4to1_chunk_12,63,KR,0.29776044185489164,96
sign_test_er0.0__norm_spectral_radius,matched_er_4to1_chunk_12,63,MC,0.25442940403741315,96
sign_test_er0.0__norm_spectral_radius,matched_er_4to1_chunk_12,64,GR,0.4931952943723719,96
sign_test_er0.0__norm_spectral_radius,matched_er_4to1_chunk_12,64,IPC,0.2653631841818115,96
sign_test_er0.0__norm_spectral_radius,matched_er_4to1_chunk_12,64,KR,0.2960580207195914,96
sign_test_er0.0__norm_spectral_radius,matched_er_4to1_chunk_12,64,MC,0.28805477390974144,96
sign_test_er0.0__norm_spectral_radius,matched_er_4to1_chunk_13,65,GR,0.5068906906987307,96
sign_test_er0.0__norm_spectral_radius,matched_er_4to1_chunk_13,65,IPC,0.2804257857883607,96
sign_test_er0.0__norm_spectral_radius,matched_er_4to1_chunk_13,65,KR,0.31227228900562914,96
sign_test_er0.0__norm_spectral_radius,matched_er_4to1_chunk_13,65,MC,0.29749326505075496,96
sign_test_er0.0__norm_spectral_radius,matched_er_4to1_chunk_13,66,GR,0.4776282916890753,96
sign_test_er0.0__norm_spectral_radius,matched_er_4to1_chunk_13,66,IPC,0.2667859482117689,96
sign_test_er0.0__norm_spectral_radius,matched_er_4to1_chunk_13,66,KR,0.2805658137693239,96
sign_test_er0.0__norm_spectral_radius,matched_er_4to1_chunk_13,66,MC,0.2900145101040432,96
sign_test_er0.0__norm_spectral_radius,matched_er_4to1_chunk_13,67,GR,0.4814218676102423,96
sign_test_er0.0__norm_spectral_radius,matched_er_4to1_chunk_13,67,IPC,0.2521363146058774,96
sign_test_er0.0__norm_spectral_radius,matched_er_4to1_chunk_13,67,KR,0.28815366144966564,96
sign_test_er0.0__norm_spectral_radius,matched_er_4to1_chunk_13,67,MC,0.2839570409283194,96
sign_test_er0.0__norm_spectral_radius,matched_er_4to1_chunk_13,68,GR,0.5165772227463081,96
sign_test_er0.0__norm_spectral_radius,matched_er_4to1_chunk_13,68,IPC,0.2526942151157434,96
sign_test_er0.0__norm_spectral_radius,matched_er_4to1_chunk_13,68,KR,0.31502087538345713,96
sign_test_er0.0__norm_spectral_radius,matched_er_4to1_chunk_13,68,MC,0.2717797784995393,96
sign_test_er0.0__norm_spectral_radius,matched_er_4to1_chunk_13,69,GR,0.48545757800131606,96
sign_test_er0.0__norm_spectral_radius,matched_er_4to1_chunk_13,69,IPC,0.2621108003289509,96
sign_test_er0.0__norm_spectral_radius,matched_er_4to1_chunk_13,69,KR,0.29836866332856415,96
sign_test_er0.0__norm_spectral_radius,matched_er_4to1_chunk_13,69,MC,0.28769911750061716,96
sign_test_er0.0__norm_spectral_radius,matched_er_4to1_chunk_14,70,GR,0.5001729524750993,96
sign_test_er0.0__norm_spectral_radius,matched_er_4to1_chunk_14,70,IPC,0.2566385692516141,96
sign_test_er0.0__norm_spectral_radius,matched_er_4to1_chunk_14,70,KR,0.29730903811087045,96
sign_test_er0.0__norm_spectral_radius,matched_er_4to1_chunk_14,70,MC,0.28600885305565515,96
sign_test_er0.0__norm_spectral_radius,matched_er_4to1_chunk_14,71,GR,0.5034653322579223,96
sign_test_er0.0__norm_spectral_radius,matched_er_4to1_chunk_14,71,IPC,0.23922878131138944,96
sign_test_er0.0__norm_spectral_radius,matched_er_4to1_chunk_14,71,KR,0.3045584599655146,96
sign_test_er0.0__norm_spectral_radius,matched_er_4to1_chunk_14,71,MC,0.27479136957815753,96
sign_test_er0.0__norm_spectral_radius,matched_er_4to1_chunk_14,72,GR,0.5003237899106185,96
sign_test_er0.0__norm_spectral_radius,matched_er_4to1_chunk_14,72,IPC,0.22919737274539115,96
sign_test_er0.0__norm_spectral_radius,matched_er_4to1_chunk_14,72,KR,0.29966146730429666,96
sign_test_er0.0__norm_spectral_radius,matched_er_4to1_chunk_14,72,MC,0.26944949955041914,96
sign_test_er0.0__norm_spectral_radius,matched_er_4to1_chunk_14,73,GR,0.49281458043210635,96
sign_test_er0.0__norm_spectral_radius,matched_er_4to1_chunk_14,73,IPC,0.2637862940008285,96
sign_test_er0.0__norm_spectral_radius,matched_er_4to1_chunk_14,73,KR,0.29681108304198517,96
sign_test_er0.0__norm_spectral_radius,matched_er_4to1_chunk_14,73,MC,0.29042012758470576,96
sign_test_er0.0__norm_spectral_radius,matched_er_4to1_chunk_14,74,GR,0.5051123666067848,96
sign_test_er0.0__norm_spectral_radius,matched_er_4to1_chunk_14,74,IPC,0.29449436974317206,96
sign_test_er0.0__norm_spectral_radius,matched_er_4to1_chunk_14,74,KR,0.29438240646409153,96
sign_test_er0.0__norm_spectral_radius,matched_er_4to1_chunk_14,74,MC,0.29434996145837256,96
sign_test_er0.0__norm_spectral_radius,matched_er_4to1_chunk_15,75,GR,0.48606874068919464,96
sign_test_er0.0__norm_spectral_radius,matched_er_4to1_chunk_15,75,IPC,0.24374170664426362,96
sign_test_er0.0__norm_spectral_radius,matched_er_4to1_chunk_15,75,KR,0.2886986621172847,96
sign_test_er0.0__norm_spectral_radius,matched_er_4to1_chunk_15,75,MC,0.24824180006035787,96
sign_test_er0.0__norm_spectral_radius,matched_er_4to1_chunk_15,76,GR,0.49440506203790163,96
sign_test_er0.0__norm_spectral_radius,matched_er_4to1_chunk_15,76,IPC,0.24373598197474905,96
sign_test_er0.0__norm_spectral_radius,matched_er_4to1_chunk_15,76,KR,0.29422830538265776,96
sign_test_er0.0__norm_spectral_radius,matched_er_4to1_chunk_15,76,MC,0.2589679924709724,96
sign_test_er0.0__norm_spectral_radius,matched_er_4to1_chunk_15,77,GR,0.5052958468591862,96
sign_test_er0.0__norm_spectral_radius,matched_er_4to1_chunk_15,77,IPC,0.2742338291594089,96
sign_test_er0.0__norm_spectral_radius,matched_er_4to1_chunk_15,77,KR,0.31620940672945236,96
sign_test_er0.0__norm_spectral_radius,matched_er_4to1_chunk_15,77,MC,0.302303435986182,96
sign_test_er0.0__norm_spectral_radius,matched_er_4to1_chunk_15,78,GR,0.5072003486065731,96
sign_test_er0.0__norm_spectral_radius,matched_er_4to1_chunk_15,78,IPC,0.2599743406240651,96
sign_test_er0.0__norm_spectral_radius,matched_er_4to1_chunk_15,78,KR,0.30984439048709345,96
sign_test_er0.0__norm_spectral_radius,matched_er_4to1_chunk_15,78,MC,0.2842653551793556,96
sign_test_er0.0__norm_spectral_radius,matched_er_4to1_chunk_15,79,GR,0.4951247331128965,96
sign_test_er0.0__norm_spectral_radius,matched_er_4to1_chunk_15,79,IPC,0.22549200750135667,96
sign_test_er0.0__norm_spectral_radius,matched_er_4to1_chunk_15,79,KR,0.2958405731198108,96
sign_test_er0.0__norm_spectral_radius,matched_er_4to1_chunk_15,79,MC,0.2657488121929223,96
sign_test_er0.0__norm_spectral_radius,matched_er_4to1_chunk_16,80,GR,0.49819200490421284,96
sign_test_er0.0__norm_spectral_radius,matched_er_4to1_chunk_16,80,IPC,0.2295286609097789,96
sign_test_er0.0__norm_spectral_radius,matched_er_4to1_chunk_16,80,KR,0.3025659503058716,96
sign_test_er0.0__norm_spectral_radius,matched_er_4to1_chunk_16,80,MC,0.26172965130604103,96
sign_test_er0.0__norm_spectral_radius,matched_er_4to1_chunk_16,81,GR,0.4985957002903249,96
sign_test_er0.0__norm_spectral_radius,matched_er_4to1_chunk_16,81,IPC,0.27459313997822565,96
sign_test_er0.0__norm_spectral_radius,matched_er_4to1_chunk_16,81,KR,0.3050566488101135,96
sign_test_er0.0__norm_spectral_radius,matched_er_4to1_chunk_16,81,MC,0.2847852422143803,96
sign_test_er0.0__norm_spectral_radius,matched_er_4to1_chunk_16,82,GR,0.49686365396624477,96
sign_test_er0.0__norm_spectral_radius,matched_er_4to1_chunk_16,82,IPC,0.2774028419095382,96
sign_test_er0.0__norm_spectral_radius,matched_er_4to1_chunk_16,82,KR,0.3002824279343877,96
sign_test_er0.0__norm_spectral_radius,matched_er_4to1_chunk_16,82,MC,0.3275177848857349,96
sign_test_er0.0__norm_spectral_radius,matched_er_4to1_chunk_16,83,GR,0.5220211409539627,96
sign_test_er0.0__norm_spectral_radius,matched_er_4to1_chunk_16,83,IPC,0.26878232545341096,96
sign_test_er0.0__norm_spectral_radius,matched_er_4to1_chunk_16,83,KR,0.3099944675758743,96
sign_test_er0.0__norm_spectral_radius,matched_er_4to1_chunk_16,83,MC,0.31603275886310084,96
sign_test_er0.0__norm_spectral_radius,matched_er_4to1_chunk_16,84,GR,0.4893695587244846,96
sign_test_er0.0__norm_spectral_radius,matched_er_4to1_chunk_16,84,IPC,0.24177403877815493,96
sign_test_er0.0__norm_spectral_radius,matched_er_4to1_chunk_16,84,KR,0.28334514307902764,96
sign_test_er0.0__norm_spectral_radius,matched_er_4to1_chunk_16,84,MC,0.26388768616646663,96
sign_test_er0.0__norm_spectral_radius,matched_er_4to1_chunk_17,85,GR,0.5154314795581252,96
sign_test_er0.0__norm_spectral_radius,matched_er_4to1_chunk_17,85,IPC,0.2908498969835311,96
sign_test_er0.0__norm_spectral_radius,matched_er_4to1_chunk_17,85,KR,0.31293673815000156,96
sign_test_er0.0__norm_spectral_radius,matched_er_4to1_chunk_17,85,MC,0.33701972520812007,96
sign_test_er0.0__norm_spectral_radius,matched_er_4to1_chunk_17,86,GR,0.48931105580661843,96
sign_test_er0.0__norm_spectral_radius,matched_er_4to1_chunk_17,86,IPC,0.2454513528974493,96
sign_test_er0.0__norm_spectral_radius,matched_er_4to1_chunk_17,86,KR,0.2779356731882475,96
sign_test_er0.0__norm_spectral_radius,matched_er_4to1_chunk_17,86,MC,0.2836659039956633,96
sign_test_er0.0__norm_spectral_radius,matched_er_4to1_chunk_17,87,GR,0.4930404507383354,96
sign_test_er0.0__norm_spectral_radius,matched_er_4to1_chunk_17,87,IPC,0.28091769591474547,96
sign_test_er0.0__norm_spectral_radius,matched_er_4to1_chunk_17,87,KR,0.2959566565204646,96
sign_test_er0.0__norm_spectral_radius,matched_er_4to1_chunk_17,87,MC,0.3160359363100446,96
sign_test_er0.0__norm_spectral_radius,matched_er_4to1_chunk_17,88,GR,0.4891856085110733,96
sign_test_er0.0__norm_spectral_radius,matched_er_4to1_chunk_17,88,IPC,0.265860036089378,96
sign_test_er0.0__norm_spectral_radius,matched_er_4to1_chunk_17,88,KR,0.2971261804961266,96
sign_test_er0.0__norm_spectral_radius,matched_er_4to1_chunk_17,88,MC,0.30449770602875315,96
sign_test_er0.0__norm_spectral_radius,matched_er_4to1_chunk_17,89,GR,0.4976334676734256,96
sign_test_er0.0__norm_spectral_radius,matched_er_4to1_chunk_17,89,IPC,0.27330327157175555,96
sign_test_er0.0__norm_spectral_radius,matched_er_4to1_chunk_17,89,KR,0.2964734245086284,96
sign_test_er0.0__norm_spectral_radius,matched_er_4to1_chunk_17,89,MC,0.28526322480085725,96
sign_test_er0.0__norm_spectral_radius,matched_er_4to1_chunk_18,90,GR,0.515807689501986,96
sign_test_er0.0__norm_spectral_radius,matched_er_4to1_chunk_18,90,IPC,0.2631113147214231,96
sign_test_er0.0__norm_spectral_radius,matched_er_4to1_chunk_18,90,KR,0.318390071807027,96
sign_test_er0.0__norm_spectral_radius,matched_er_4to1_chunk_18,90,MC,0.2856454143196442,96
sign_test_er0.0__norm_spectral_radius,matched_er_4to1_chunk_18,91,GR,0.5086335312414526,96
sign_test_er0.0__norm_spectral_radius,matched_er_4to1_chunk_18,91,IPC,0.24258231764826074,96
sign_test_er0.0__norm_spectral_radius,matched_er_4to1_chunk_18,91,KR,0.31472729359282303,96
sign_test_er0.0__norm_spectral_radius,matched_er_4to1_chunk_18,91,MC,0.29293214892568237,96
sign_test_er0.0__norm_spectral_radius,matched_er_4to1_chunk_18,92,GR,0.5229818767030413,96
sign_test_er0.0__norm_spectral_radius,matched_er_4to1_chunk_18,92,IPC,0.2676674538223137,96
sign_test_er0.0__norm_spectral_radius,matched_er_4to1_chunk_18,92,KR,0.3214577079127503,96
sign_test_er0.0__norm_spectral_radius,matched_er_4to1_chunk_18,92,MC,0.28467856090192634,96
sign_test_er0.0__norm_spectral_radius,matched_er_4to1_chunk_18,93,GR,0.5028987553533886,96
sign_test_er0.0__norm_spectral_radius,matched_er_4to1_chunk_18,93,IPC,0.2738291413304679,96
sign_test_er0.0__norm_spectral_radius,matched_er_4to1_chunk_18,93,KR,0.30429889551422523,96
sign_test_er0.0__norm_spectral_radius,matched_er_4to1_chunk_18,93,MC,0.28272992880648123,96
sign_test_er0.0__norm_spectral_radius,matched_er_4to1_chunk_18,94,GR,0.49835405991375653,96
sign_test_er0.0__norm_spectral_radius,matched_er_4to1_chunk_18,94,IPC,0.2535283711880666,96
sign_test_er0.0__norm_spectral_radius,matched_er_4to1_chunk_18,94,KR,0.3014555680060309,96
sign_test_er0.0__norm_spectral_radius,matched_er_4to1_chunk_18,94,MC,0.28142347451722816,96
sign_test_er0.0__norm_spectral_radius,matched_er_4to1_chunk_19,95,GR,0.4849480926479519,96
sign_test_er0.0__norm_spectral_radius,matched_er_4to1_chunk_19,95,IPC,0.2603060380207916,96
sign_test_er0.0__norm_spectral_radius,matched_er_4to1_chunk_19,95,KR,0.2829967948864821,96
sign_test_er0.0__norm_spectral_radius,matched_er_4to1_chunk_19,95,MC,0.2935229634065243,96
sign_test_er0.0__norm_spectral_radius,matched_er_4to1_chunk_19,96,GR,0.5266853269194848,96
sign_test_er0.0__norm_spectral_radius,matched_er_4to1_chunk_19,96,IPC,0.2485904385083946,96
sign_test_er0.0__norm_spectral_radius,matched_er_4to1_chunk_19,96,KR,0.3230598943883569,96
sign_test_er0.0__norm_spectral_radius,matched_er_4to1_chunk_19,96,MC,0.30307066823508755,96
sign_test_er0.0__norm_spectral_radius,matched_er_4to1_chunk_19,97,GR,0.5020755091716953,96
sign_test_er0.0__norm_spectral_radius,matched_er_4to1_chunk_19,97,IPC,0.24057859658218358,96
sign_test_er0.0__norm_spectral_radius,matched_er_4to1_chunk_19,97,KR,0.30983516558503976,96
sign_test_er0.0__norm_spectral_radius,matched_er_4to1_chunk_19,97,MC,0.27718596866964085,96
sign_test_er0.0__norm_spectral_radius,matched_er_4to1_chunk_19,98,GR,0.4881065430402944,96
sign_test_er0.0__norm_spectral_radius,matched_er_4to1_chunk_19,98,IPC,0.22727421446805007,96
sign_test_er0.0__norm_spectral_radius,matched_er_4to1_chunk_19,98,KR,0.29696214007209953,96
sign_test_er0.0__norm_spectral_radius,matched_er_4to1_chunk_19,98,MC,0.28477080490104156,96
sign_test_er0.0__norm_spectral_radius,matched_er_4to1_chunk_19,99,GR,0.5006775250122836,96
sign_test_er0.0__norm_spectral_radius,matched_er_4to1_chunk_19,99,IPC,0.24506690333070075,96
sign_test_er0.0__norm_spectral_radius,matched_er_4to1_chunk_19,99,KR,0.3106274957894797,96
sign_test_er0.0__norm_spectral_radius,matched_er_4to1_chunk_19,99,MC,0.27725307828163426,96
sign_test_er0.0__norm_spectral_radius,matched_er_4to1_chunk_2,10,GR,0.5116323670150142,96
sign_test_er0.0__norm_spectral_radius,matched_er_4to1_chunk_2,10,IPC,0.24043557906935173,96
sign_test_er0.0__norm_spectral_radius,matched_er_4to1_chunk_2,10,KR,0.3141815056217653,96
sign_test_er0.0__norm_spectral_radius,matched_er_4to1_chunk_2,10,MC,0.2576154260927114,96
sign_test_er0.0__norm_spectral_radius,matched_er_4to1_chunk_2,11,GR,0.49993142874103774,96
sign_test_er0.0__norm_spectral_radius,matched_er_4to1_chunk_2,11,IPC,0.23370259678100525,96
sign_test_er0.0__norm_spectral_radius,matched_er_4to1_chunk_2,11,KR,0.3100740782336707,96
sign_test_er0.0__norm_spectral_radius,matched_er_4to1_chunk_2,11,MC,0.24979995113075742,96
sign_test_er0.0__norm_spectral_radius,matched_er_4to1_chunk_2,12,GR,0.5160542734669342,96
sign_test_er0.0__norm_spectral_radius,matched_er_4to1_chunk_2,12,IPC,0.28865254224072834,96
sign_test_er0.0__norm_spectral_radius,matched_er_4to1_chunk_2,12,KR,0.31258906664357833,96
sign_test_er0.0__norm_spectral_radius,matched_er_4to1_chunk_2,12,MC,0.3322605811555663,96
sign_test_er0.0__norm_spectral_radius,matched_er_4to1_chunk_2,13,GR,0.5137711131959237,96
sign_test_er0.0__norm_spectral_radius,matched_er_4to1_chunk_2,13,IPC,0.26039804632532854,96
sign_test_er0.0__norm_spectral_radius,matched_er_4to1_chunk_2,13,KR,0.31262324875558417,96
sign_test_er0.0__norm_spectral_radius,matched_er_4to1_chunk_2,13,MC,0.2869794083487141,96
sign_test_er0.0__norm_spectral_radius,matched_er_4to1_chunk_2,14,GR,0.49468048231483663,96
sign_test_er0.0__norm_spectral_radius,matched_er_4to1_chunk_2,14,IPC,0.27506940633994553,96
sign_test_er0.0__norm_spectral_radius,matched_er_4to1_chunk_2,14,KR,0.29163406092330896,96
sign_test_er0.0__norm_spectral_radius,matched_er_4to1_chunk_2,14,MC,0.27410864697980697,96
sign_test_er0.0__norm_spectral_radius,matched_er_4to1_chunk_3,15,GR,0.48689632755047363,96
sign_test_er0.0__norm_spectral_radius,matched_er_4to1_chunk_3,15,IPC,0.24552383025468064,96
sign_test_er0.0__norm_spectral_radius,matched_er_4to1_chunk_3,15,KR,0.27546741197671254,96
sign_test_er0.0__norm_spectral_radius,matched_er_4to1_chunk_3,15,MC,0.2899802942423503,96
sign_test_er0.0__norm_spectral_radius,matched_er_4to1_chunk_3,16,GR,0.5248359814165668,96
sign_test_er0.0__norm_spectral_radius,matched_er_4to1_chunk_3,16,IPC,0.25458853792050185,96
sign_test_er0.0__norm_spectral_radius,matched_er_4to1_chunk_3,16,KR,0.3223881395845771,96
sign_test_er0.0__norm_spectral_radius,matched_er_4to1_chunk_3,16,MC,0.2914837111491808,96
sign_test_er0.0__norm_spectral_radius,matched_er_4to1_chunk_3,17,GR,0.47627640586650544,96
sign_test_er0.0__norm_spectral_radius,matched_er_4to1_chunk_3,17,IPC,0.2726547882709261,96
sign_test_er0.0__norm_spectral_radius,matched_er_4to1_chunk_3,17,KR,0.2705046434919557,96
sign_test_er0.0__norm_spectral_radius,matched_er_4to1_chunk_3,17,MC,0.30879068425111605,96
sign_test_er0.0__norm_spectral_radius,matched_er_4to1_chunk_3,18,GR,0.517598109058051,96
sign_test_er0.0__norm_spectral_radius,matched_er_4to1_chunk_3,18,IPC,0.26423070747413924,96
sign_test_er0.0__norm_spectral_radius,matched_er_4to1_chunk_3,18,KR,0.31783940506845426,96
sign_test_er0.0__norm_spectral_radius,matched_er_4to1_chunk_3,18,MC,0.2875374872919337,96
sign_test_er0.0__norm_spectral_radius,matched_er_4to1_chunk_3,19,GR,0.5008255807319935,96
sign_test_er0.0__norm_spectral_radius,matched_er_4to1_chunk_3,19,IPC,0.25422143220410726,96
sign_test_er0.0__norm_spectral_radius,matched_er_4to1_chunk_3,19,KR,0.30880678092982106,96
sign_test_er0.0__norm_spectral_radius,matched_er_4to1_chunk_3,19,MC,0.2781754968186856,96
sign_test_er0.0__norm_spectral_radius,matched_er_4to1_chunk_4,20,GR,0.49840155226164845,96
sign_test_er0.0__norm_spectral_radius,matched_er_4to1_chunk_4,20,IPC,0.25728303551793225,96
sign_test_er0.0__norm_spectral_radius,matched_er_4to1_chunk_4,20,KR,0.29218544503482546,96
sign_test_er0.0__norm_spectral_radius,matched_er_4to1_chunk_4,20,MC,0.28564170319673937,96
sign_test_er0.0__norm_spectral_radius,matched_er_4to1_chunk_4,21,GR,0.4832116712438589,96
sign_test_er0.0__norm_spectral_radius,matched_er_4to1_chunk_4,21,IPC,0.2539170259342242,96
sign_test_er0.0__norm_spectral_radius,matched_er_4to1_chunk_4,21,KR,0.2840350775639758,96
sign_test_er0.0__norm_spectral_radius,matched_er_4to1_chunk_4,21,MC,0.2934500262082182,96
sign_test_er0.0__norm_spectral_radius,matched_er_4to1_chunk_4,22,GR,0.5053191245319519,96
sign_test_er0.0__norm_spectral_radius,matched_er_4to1_chunk_4,22,IPC,0.25724913728272725,96
sign_test_er0.0__norm_spectral_radius,matched_er_4to1_chunk_4,22,KR,0.3100649748817012,96
sign_test_er0.0__norm_spectral_radius,matched_er_4to1_chunk_4,22,MC,0.2831737460946248,96
sign_test_er0.0__norm_spectral_radius,matched_er_4to1_chunk_4,23,GR,0.48785892170503825,96
sign_test_er0.0__norm_spectral_radius,matched_er_4to1_chunk_4,23,IPC,0.2517979605139382,96
sign_test_er0.0__norm_spectral_radius,matched_er_4to1_chunk_4,23,KR,0.28498159196452966,96
sign_test_er0.0__norm_spectral_radius,matched_er_4to1_chunk_4,23,MC,0.25678677147197737,96
sign_test_er0.0__norm_spectral_radius,matched_er_4to1_chunk_4,24,GR,0.5109484044930181,96
sign_test_er0.0__norm_spectral_radius,matched_er_4to1_chunk_4,24,IPC,0.24807059485294577,96
sign_test_er0.0__norm_spectral_radius,matched_er_4to1_chunk_4,24,KR,0.31142749073901355,96
sign_test_er0.0__norm_spectral_radius,matched_er_4to1_chunk_4,24,MC,0.2725538457575233,96
sign_test_er0.0__norm_spectral_radius,matched_er_4to1_chunk_5,25,GR,0.49646182777906744,96
sign_test_er0.0__norm_spectral_radius,matched_er_4to1_chunk_5,25,IPC,0.27807644199474896,96
sign_test_er0.0__norm_spectral_radius,matched_er_4to1_chunk_5,25,KR,0.29060760582933937,96
sign_test_er0.0__norm_spectral_radius,matched_er_4to1_chunk_5,25,MC,0.27173685699729483,96
sign_test_er0.0__norm_spectral_radius,matched_er_4to1_chunk_5,26,GR,0.5223757957888748,96
sign_test_er0.0__norm_spectral_radius,matched_er_4to1_chunk_5,26,IPC,0.282519519736048,96
sign_test_er0.0__norm_spectral_radius,matched_er_4to1_chunk_5,26,KR,0.3238368792543837,96
sign_test_er0.0__norm_spectral_radius,matched_er_4to1_chunk_5,26,MC,0.3155386705089854,96
sign_test_er0.0__norm_spectral_radius,matched_er_4to1_chunk_5,27,GR,0.48678558934281496,96
sign_test_er0.0__norm_spectral_radius,matched_er_4to1_chunk_5,27,IPC,0.2657739162825759,96
sign_test_er0.0__norm_spectral_radius,matched_er_4to1_chunk_5,27,KR,0.28704678891493834,96
sign_test_er0.0__norm_spectral_radius,matched_er_4to1_chunk_5,27,MC,0.28961042378381846,96
sign_test_er0.0__norm_spectral_radius,matched_er_4to1_chunk_5,28,GR,0.4957606150820631,96
sign_test_er0.0__norm_spectral_radius,matched_er_4to1_chunk_5,28,IPC,0.2400571530473088,96
sign_test_er0.0__norm_spectral_radius,matched_er_4to1_chunk_5,28,KR,0.299812838283115,96
sign_test_er0.0__norm_spectral_radius,matched_er_4to1_chunk_5,28,MC,0.26262851559486944,96
sign_test_er0.0__norm_spectral_radius,matched_er_4to1_chunk_5,29,GR,0.494080542257975,96
sign_test_er0.0__norm_spectral_radius,matched_er_4to1_chunk_5,29,IPC,0.27964897942474476,96
sign_test_er0.0__norm_spectral_radius,matched_er_4to1_chunk_5,29,KR,0.2769716630701715,96
sign_test_er0.0__norm_spectral_radius,matched_er_4to1_chunk_5,29,MC,0.31756540106515924,96
sign_test_er0.0__norm_spectral_radius,matched_er_4to1_chunk_6,30,GR,0.510250576212898,96
sign_test_er0.0__norm_spectral_radius,matched_er_4to1_chunk_6,30,IPC,0.2659950322753926,96
sign_test_er0.0__norm_spectral_radius,matched_er_4to1_chunk_6,30,KR,0.31351400351497843,96
sign_test_er0.0__norm_spectral_radius,matched_er_4to1_chunk_6,30,MC,0.2742884311975475,96
sign_test_er0.0__norm_spectral_radius,matched_er_4to1_chunk_6,31,GR,0.5025494432286219,96
sign_test_er0.0__norm_spectral_radius,matched_er_4to1_chunk_6,31,IPC,0.25059346460170384,96
sign_test_er0.0__norm_spectral_radius,matched_er_4to1_chunk_6,31,KR,0.29608904785869883,96
sign_test_er0.0__norm_spectral_radius,matched_er_4to1_chunk_6,31,MC,0.24420039700663873,96
sign_test_er0.0__norm_spectral_radius,matched_er_4to1_chunk_6,32,GR,0.5054226233152697,96
sign_test_er0.0__norm_spectral_radius,matched_er_4to1_chunk_6,32,IPC,0.2584861991913594,96
sign_test_er0.0__norm_spectral_radius,matched_er_4to1_chunk_6,32,KR,0.3129713223119383,96
sign_test_er0.0__norm_spectral_radius,matched_er_4to1_chunk_6,32,MC,0.2528045087998992,96
sign_test_er0.0__norm_spectral_radius,matched_er_4to1_chunk_6,33,GR,0.5087079822423431,96
sign_test_er0.0__norm_spectral_radius,matched_er_4to1_chunk_6,33,IPC,0.2453867901637828,96
sign_test_er0.0__norm_spectral_radius,matched_er_4to1_chunk_6,33,KR,0.3116823722532046,96
sign_test_er0.0__norm_spectral_radius,matched_er_4to1_chunk_6,33,MC,0.2690469137528449,96
sign_test_er0.0__norm_spectral_radius,matched_er_4to1_chunk_6,34,GR,0.5135200119901886,96
sign_test_er0.0__norm_spectral_radius,matched_er_4to1_chunk_6,34,IPC,0.26029694151382343,96
sign_test_er0.0__norm_spectral_radius,matched_er_4to1_chunk_6,34,KR,0.316799865879391,96
sign_test_er0.0__norm_spectral_radius,matched_er_4to1_chunk_6,34,MC,0.27601687386965124,96
sign_test_er0.0__norm_spectral_radius,matched_er_4to1_chunk_7,35,GR,0.4956447424686876,96
sign_test_er0.0__norm_spectral_radius,matched_er_4to1_chunk_7,35,IPC,0.26113251998365766,96
sign_test_er0.0__norm_spectral_radius,matched_er_4to1_chunk_7,35,KR,0.2998847319697463,96
sign_test_er0.0__norm_spectral_radius,matched_er_4to1_chunk_7,35,MC,0.2815858876656583,96
sign_test_er0.0__norm_spectral_radius,matched_er_4to1_chunk_7,36,GR,0.5228733763357184,96
sign_test_er0.0__norm_spectral_radius,matched_er_4to1_chunk_7,36,IPC,0.2466964696110031,96
sign_test_er0.0__norm_spectral_radius,matched_er_4to1_chunk_7,36,KR,0.31960149821813116,96
sign_test_er0.0__norm_spectral_radius,matched_er_4to1_chunk_7,36,MC,0.28779241081322404,96
sign_test_er0.0__norm_spectral_radius,matched_er_4to1_chunk_7,37,GR,0.49120902248234544,96
sign_test_er0.0__norm_spectral_radius,matched_er_4to1_chunk_7,37,IPC,0.2624801340128291,96
sign_test_er0.0__norm_spectral_radius,matched_er_4to1_chunk_7,37,KR,0.29978925182361754,96
sign_test_er0.0__norm_spectral_radius,matched_er_4to1_chunk_7,37,MC,0.2661617842984294,96
sign_test_er0.0__norm_spectral_radius,matched_er_4to1_chunk_7,38,GR,0.5071144846496196,96
sign_test_er0.0__norm_spectral_radius,matched_er_4to1_chunk_7,38,IPC,0.2724008284582207,96
sign_test_er0.0__norm_spectral_radius,matched_er_4to1_chunk_7,38,KR,0.3192032036454157,96
sign_test_er0.0__norm_spectral_radius,matched_er_4to1_chunk_7,38,MC,0.2729960385411056,96
sign_test_er0.0__norm_spectral_radius,matched_er_4to1_chunk_7,39,GR,0.5005987689337104,96
sign_test_er0.0__norm_spectral_radius,matched_er_4to1_chunk_7,39,IPC,0.2763221593232176,96
sign_test_er0.0__norm_spectral_radius,matched_er_4to1_chunk_7,39,KR,0.3011828879078935,96
sign_test_er0.0__norm_spectral_radius,matched_er_4to1_chunk_7,39,MC,0.2749860735479179,96
sign_test_er0.0__norm_spectral_radius,matched_er_4to1_chunk_8,40,GR,0.4815796272277461,96
sign_test_er0.0__norm_spectral_radius,matched_er_4to1_chunk_8,40,IPC,0.2959449272030056,96
sign_test_er0.0__norm_spectral_radius,matched_er_4to1_chunk_8,40,KR,0.28939920474409314,96
sign_test_er0.0__norm_spectral_radius,matched_er_4to1_chunk_8,40,MC,0.3082803433369197,96
sign_test_er0.0__norm_spectral_radius,matched_er_4to1_chunk_8,41,GR,0.49260792284412175,96
sign_test_er0.0__norm_spectral_radius,matched_er_4to1_chunk_8,41,IPC,0.25681757268744804,96
sign_test_er0.0__norm_spectral_radius,matched_er_4to1_chunk_8,41,KR,0.2882921307375837,96
sign_test_er0.0__norm_spectral_radius,matched_er_4to1_chunk_8,41,MC,0.2865642703113079,96
sign_test_er0.0__norm_spectral_radius,matched_er_4to1_chunk_8,42,GR,0.48926333085928164,96
sign_test_er0.0__norm_spectral_radius,matched_er_4to1_chunk_8,42,IPC,0.2646155046569206,96
sign_test_er0.0__norm_spectral_radius,matched_er_4to1_chunk_8,42,KR,0.3020487707642118,96
sign_test_er0.0__norm_spectral_radius,matched_er_4to1_chunk_8,42,MC,0.2754298081840981,96
sign_test_er0.0__norm_spectral_radius,matched_er_4to1_chunk_8,43,GR,0.4935110877873298,96
sign_test_er0.0__norm_spectral_radius,matched_er_4to1_chunk_8,43,IPC,0.25732527056639565,96
sign_test_er0.0__norm_spectral_radius,matched_er_4to1_chunk_8,43,KR,0.2974958105922513,96
sign_test_er0.0__norm_spectral_radius,matched_er_4to1_chunk_8,43,MC,0.28044990076739834,96
sign_test_er0.0__norm_spectral_radius,matched_er_4to1_chunk_8,44,GR,0.48371009008795207,96
sign_test_er0.0__norm_spectral_radius,matched_er_4to1_chunk_8,44,IPC,0.2766508848712946,96
sign_test_er0.0__norm_spectral_radius,matched_er_4to1_chunk_8,44,KR,0.28549805292508795,96
sign_test_er0.0__norm_spectral_radius,matched_er_4to1_chunk_8,44,MC,0.2958215664894135,96
sign_test_er0.0__norm_spectral_radius,matched_er_4to1_chunk_9,45,GR,0.5075476397354443,96
sign_test_er0.0__norm_spectral_radius,matched_er_4to1_chunk_9,45,IPC,0.26047310513312477,96
sign_test_er0.0__norm_spectral_radius,matched_er_4to1_chunk_9,45,KR,0.3050590982303335,96
sign_test_er0.0__norm_spectral_radius,matched_er_4to1_chunk_9,45,MC,0.26754212162036306,96
sign_test_er0.0__norm_spectral_radius,matched_er_4to1_chunk_9,46,GR,0.5122635717625502,96
sign_test_er0.0__norm_spectral_radius,matched_er_4to1_chunk_9,46,IPC,0.26889218630760714,96
sign_test_er0.0__norm_spectral_radius,matched_er_4to1_chunk_9,46,KR,0.3164920989572653,96
sign_test_er0.0__norm_spectral_radius,matched_er_4to1_chunk_9,46,MC,0.3003550622986702,96
sign_test_er0.0__norm_spectral_radius,matched_er_4to1_chunk_9,47,GR,0.5205546665502263,96
sign_test_er0.0__norm_spectral_radius,matched_er_4to1_chunk_9,47,IPC,0.27138973320758236,96
sign_test_er0.0__norm_spectral_radius,matched_er_4to1_chunk_9,47,KR,0.31949687796974335,96
sign_test_er0.0__norm_spectral_radius,matched_er_4to1_chunk_9,47,MC,0.30331571659962864,96
sign_test_er0.0__norm_spectral_radius,matched_er_4to1_chunk_9,48,GR,0.516125119117596,96
sign_test_er0.0__norm_spectral_radius,matched_er_4to1_chunk_9,48,IPC,0.22936321017158687,96
sign_test_er0.0__norm_spectral_radius,matched_er_4to1_chunk_9,48,KR,0.3171581265755158,96
sign_test_er0.0__norm_spectral_radius,matched_er_4to1_chunk_9,48,MC,0.28032843802891605,96
sign_test_er0.0__norm_spectral_radius,matched_er_4to1_chunk_9,49,GR,0.5135584476471606,96
sign_test_er0.0__norm_spectral_radius,matched_er_4to1_chunk_9,49,IPC,0.24937770671973244,96
sign_test_er0.0__norm_spectral_radius,matched_er_4to1_chunk_9,49,KR,0.3189219711813229,96
sign_test_er0.0__norm_spectral_radius,matched_er_4to1_chunk_9,49,MC,0.2599278211701677,96
sign_test_er0.2__norm_original_radius,matched_er_4to1_chunk_0,0,GR,0.6999431723028948,96
sign_test_er0.2__norm_original_radius,matched_er_4to1_chunk_0,0,IPC,0.4471668129550862,96
sign_test_er0.2__norm_original_radius,matched_er_4to1_chunk_0,0,KR,0.5064905088571994,96
sign_test_er0.2__norm_original_radius,matched_er_4to1_chunk_0,0,MC,0.3892254193948994,96
sign_test_er0.2__norm_original_radius,matched_er_4to1_chunk_0,1,GR,0.7229803677109096,96
sign_test_er0.2__norm_original_radius,matched_er_4to1_chunk_0,1,IPC,0.3961273958149046,96
sign_test_er0.2__norm_original_radius,matched_er_4to1_chunk_0,1,KR,0.5340616259406907,96
sign_test_er0.2__norm_original_radius,matched_er_4to1_chunk_0,1,MC,0.36320327850893463,96
sign_test_er0.2__norm_original_radius,matched_er_4to1_chunk_0,2,GR,0.7035894410199987,96
sign_test_er0.2__norm_original_radius,matched_er_4to1_chunk_0,2,IPC,0.4249487021691596,96
sign_test_er0.2__norm_original_radius,matched_er_4to1_chunk_0,2,KR,0.5079043166464398,96
sign_test_er0.2__norm_original_radius,matched_er_4to1_chunk_0,2,MC,0.37118084924517536,96
sign_test_er0.2__norm_original_radius,matched_er_4to1_chunk_0,3,GR,0.7045028956232308,96
sign_test_er0.2__norm_original_radius,matched_er_4to1_chunk_0,3,IPC,0.43349521129196544,96
sign_test_er0.2__norm_original_radius,matched_er_4to1_chunk_0,3,KR,0.5208412583977193,96
sign_test_er0.2__norm_original_radius,matched_er_4to1_chunk_0,3,MC,0.36875701852063497,96
sign_test_er0.2__norm_original_radius,matched_er_4to1_chunk_0,4,GR,0.709677183658051,96
sign_test_er0.2__norm_original_radius,matched_er_4to1_chunk_0,4,IPC,0.40619309468858933,96
sign_test_er0.2__norm_original_radius,matched_er_4to1_chunk_0,4,KR,0.5068893274629842,96
sign_test_er0.2__norm_original_radius,matched_er_4to1_chunk_0,4,MC,0.3891327461409071,96
sign_test_er0.2__norm_original_radius,matched_er_4to1_chunk_1,5,GR,0.7065375693964644,96
sign_test_er0.2__norm_original_radius,matched_er_4to1_chunk_1,5,IPC,0.3982058616728813,96
sign_test_er0.2__norm_original_radius,matched_er_4to1_chunk_1,5,KR,0.5188730919701583,96
sign_test_er0.2__norm_original_radius,matched_er_4to1_chunk_1,5,MC,0.33666022676376617,96
sign_test_er0.2__norm_original_radius,matched_er_4to1_chunk_1,6,GR,0.7104611513957223,96
sign_test_er0.2__norm_original_radius,matched_er_4to1_chunk_1,6,IPC,0.39565902226689526,96
sign_test_er0.2__norm_original_radius,matched_er_4to1_chunk_1,6,KR,0.5141844342726096,96
sign_test_er0.2__norm_original_radius,matched_er_4to1_chunk_1,6,MC,0.36876846807425373,96
sign_test_er0.2__norm_original_radius,matched_er_4to1_chunk_1,7,GR,0.6927580728932,96
sign_test_er0.2__norm_original_radius,matched_er_4to1_chunk_1,7,IPC,0.43159560773331324,96
sign_test_er0.2__norm_original_radius,matched_er_4to1_chunk_1,7,KR,0.4995428949881497,96
sign_test_er0.2__norm_original_radius,matched_er_4to1_chunk_1,7,MC,0.3792113680092413,96
sign_test_er0.2__norm_original_radius,matched_er_4to1_chunk_1,8,GR,0.6932565618873822,96
sign_test_er0.2__norm_original_radius,matched_er_4to1_chunk_1,8,IPC,0.44757189910188205,96
sign_test_er0.2__norm_original_radius,matched_er_4to1_chunk_1,8,KR,0.5047791633352469,96
sign_test_er0.2__norm_original_radius,matched_er_4to1_chunk_1,8,MC,0.40082366592045926,96
sign_test_er0.2__norm_original_radius,matched_er_4to1_chunk_1,9,GR,0.7214884512554539,96
sign_test_er0.2__norm_original_radius,matched_er_4to1_chunk_1,9,IPC,0.4267923898508771,96
sign_test_er0.2__norm_original_radius,matched_er_4to1_chunk_1,9,KR,0.5318207277954886,96
sign_test_er0.2__norm_original_radius,matched_er_4to1_chunk_1,9,MC,0.37317957882135433,96
sign_test_er0.2__norm_original_radius,matched_er_4to1_chunk_10,50,GR,0.7201665002063432,96
sign_test_er0.2__norm_original_radius,matched_er_4to1_chunk_10,50,IPC,0.3959761901495558,96
sign_test_er0.2__norm_original_radius,matched_er_4to1_chunk_10,50,KR,0.5211993030994866,96
sign_test_er0.2__norm_original_radius,matched_er_4to1_chunk_10,50,MC,0.37435803342715446,96
sign_test_er0.2__norm_original_radius,matched_er_4to1_chunk_10,51,GR,0.7103475240133821,96
sign_test_er0.2__norm_original_radius,matched_er_4to1_chunk_10,51,IPC,0.46860888695022734,96
sign_test_er0.2__norm_original_radius,matched_er_4to1_chunk_10,51,KR,0.5278992093696493,96
sign_test_er0.2__norm_original_radius,matched_er_4to1_chunk_10,51,MC,0.3879840568202483,96
sign_test_er0.2__norm_original_radius,matched_er_4to1_chunk_10,52,GR,0.6889508587264794,96
sign_test_er0.2__norm_original_radius,matched_er_4to1_chunk_10,52,IPC,0.38179482559974415,96
sign_test_er0.2__norm_original_radius,matched_er_4to1_chunk_10,52,KR,0.4932949358575867,96
sign_test_er0.2__norm_original_radius,matched_er_4to1_chunk_10,52,MC,0.35526680027670593,96
sign_test_er0.2__norm_original_radius,matched_er_4to1_chunk_10,53,GR,0.7306368647825243,96
sign_test_er0.2__norm_original_radius,matched_er_4to1_chunk_10,53,IPC,0.4095047284674667,96
sign_test_er0.2__norm_original_radius,matched_er_4to1_chunk_10,53,KR,0.5401296137762528,96
sign_test_er0.2__norm_original_radius,matched_er_4to1_chunk_10,53,MC,0.3647338561907708,96
sign_test_er0.2__norm_original_radius,matched_er_4to1_chunk_10,54,GR,0.711442220628555,96
sign_test_er0.2__norm_original_radius,matched_er_4to1_chunk_10,54,IPC,0.3925167273805434,96
sign_test_er0.2__norm_original_radius,matched_er_4to1_chunk_10,54,KR,0.5073169422042458,96
sign_test_er0.2__norm_original_radius,matched_er_4to1_chunk_10,54,MC,0.3644200051606647,96
sign_test_er0.2__norm_original_radius,matched_er_4to1_chunk_11,55,GR,0.6829934516956833,96
sign_test_er0.2__norm_original_radius,matched_er_4to1_chunk_11,55,IPC,0.4200475487627934,96
sign_test_er0.2__norm_original_radius,matched_er_4to1_chunk_11,55,KR,0.49643736497804647,96
sign_test_er0.2__norm_original_radius,matched_er_4to1_chunk_11,55,MC,0.3480238042657534,96
sign_test_er0.2__norm_original_radius,matched_er_4to1_chunk_11,56,GR,0.6943956614057385,96
sign_test_er0.2__norm_original_radius,matched_er_4to1_chunk_11,56,IPC,0.4172938166864045,96
sign_test_er0.2__norm_original_radius,matched_er_4to1_chunk_11,56,KR,0.49518042598091194,96
sign_test_er0.2__norm_original_radius,matched_er_4to1_chunk_11,56,MC,0.38273027730751685,96
sign_test_er0.2__norm_original_radius,matched_er_4to1_chunk_11,57,GR,0.6928982825432692,96
sign_test_er0.2__norm_original_radius,matched_er_4to1_chunk_11,57,IPC,0.4376294914360168,96
sign_test_er0.2__norm_original_radius,matched_er_4to1_chunk_11,57,KR,0.5069243440533356,96
sign_test_er0.2__norm_original_radius,matched_er_4to1_chunk_11,57,MC,0.40230246175834544,96
sign_test_er0.2__norm_original_radius,matched_er_4to1_chunk_11,58,GR,0.6753852825329167,96
sign_test_er0.2__norm_original_radius,matched_er_4to1_chunk_11,58,IPC,0.41583027378223525,96
sign_test_er0.2__norm_original_radius,matched_er_4to1_chunk_11,58,KR,0.49514619330612547,96
sign_test_er0.2__norm_original_radius,matched_er_4to1_chunk_11,58,MC,0.3798316779300626,96
sign_test_er0.2__norm_original_radius,matched_er_4to1_chunk_11,59,GR,0.7047985363192716,96
sign_test_er0.2__norm_original_radius,matched_er_4to1_chunk_11,59,IPC,0.39089218510273616,96
sign_test_er0.2__norm_original_radius,matched_er_4to1_chunk_11,59,KR,0.5103297765522145,96
sign_test_er0.2__norm_original_radius,matched_er_4to1_chunk_11,59,MC,0.36046167400383,96
sign_test_er0.2__norm_original_radius,matched_er_4to1_chunk_12,60,GR,0.71799399996945,96
sign_test_er0.2__norm_original_radius,matched_er_4to1_chunk_12,60,IPC,0.45646388706573454,96
sign_test_er0.2__norm_original_radius,matched_er_4to1_chunk_12,60,KR,0.5216157989687108,96
sign_test_er0.2__norm_original_radius,matched_er_4to1_chunk_12,60,MC,0.3984537278978904,96
sign_test_er0.2__norm_original_radius,matched_er_4to1_chunk_12,61,GR,0.691935141402768,96
sign_test_er0.2__norm_original_radius,matched_er_4to1_chunk_12,61,IPC,0.4063784206535374,96
sign_test_er0.2__norm_original_radius,matched_er_4to1_chunk_12,61,KR,0.5101584151682855,96
sign_test_er0.2__norm_original_radius,matched_er_4to1_chunk_12,61,MC,0.3625996364661791,96
sign_test_er0.2__norm_original_radius,matched_er_4to1_chunk_12,62,GR,0.6929587356373119,96
sign_test_er0.2__norm_original_radius,matched_er_4to1_chunk_12,62,IPC,0.41369567834062154,96
sign_test_er0.2__norm_original_radius,matched_er_4to1_chunk_12,62,KR,0.5047047567061961,96
sign_test_er0.2__norm_original_radius,matched_er_4to1_chunk_12,62,MC,0.36184410822836793,96
sign_test_er0.2__norm_original_radius,matched_er_4to1_chunk_12,63,GR,0.6952512462897249,96
sign_test_er0.2__norm_original_radius,matched_er_4to1_chunk_12,63,IPC,0.38944213809431366,96
sign_test_er0.2__norm_original_radius,matched_er_4to1_chunk_12,63,KR,0.4986121571083663,96
sign_test_er0.2__norm_original_radius,matched_er_4to1_chunk_12,63,MC,0.35058405484118915,96
sign_test_er0.2__norm_original_radius,matched_er_4to1_chunk_12,64,GR,0.6924697618904219,96
sign_test_er0.2__norm_original_radius,matched_er_4to1_chunk_12,64,IPC,0.3872256818082409,96
sign_test_er0.2__norm_original_radius,matched_er_4to1_chunk_12,64,KR,0.4953980214637044,96
sign_test_er0.2__norm_original_radius,matched_er_4to1_chunk_12,64,MC,0.34853858004620536,96
sign_test_er0.2__norm_original_radius,matched_er_4to1_chunk_13,65,GR,0.7193069880030675,96
sign_test_er0.2__norm_original_radius,matched_er_4to1_chunk_13,65,IPC,0.41642858301671876,96
sign_test_er0.2__norm_original_radius,matched_er_4to1_chunk_13,65,KR,0.5378311800522291,96
sign_test_er0.2__norm_original_radius,matched_er_4to1_chunk_13,65,MC,0.37272972314656483,96
sign_test_er0.2__norm_original_radius,matched_er_4to1_chunk_13,66,GR,0.6928170914566509,96
sign_test_er0.2__norm_original_radius,matched_er_4to1_chunk_13,66,IPC,0.4101045502059544,96
sign_test_er0.2__norm_original_radius,matched_er_4to1_chunk_13,66,KR,0.5038561003275257,96
sign_test_er0.2__norm_original_radius,matched_er_4to1_chunk_13,66,MC,0.37903687615109,96
sign_test_er0.2__norm_original_radius,matched_er_4to1_chunk_13,67,GR,0.6927095284109664,96
sign_test_er0.2__norm_original_radius,matched_er_4to1_chunk_13,67,IPC,0.43675367554292943,96
sign_test_er0.2__norm_original_radius,matched_er_4to1_chunk_13,67,KR,0.5037641551660669,96
sign_test_er0.2__norm_original_radius,matched_er_4to1_chunk_13,67,MC,0.38746925667450965,96
sign_test_er0.2__norm_original_radius,matched_er_4to1_chunk_13,68,GR,0.7219463491654573,96
sign_test_er0.2__norm_original_radius,matched_er_4to1_chunk_13,68,IPC,0.41676813619301306,96
sign_test_er0.2__norm_original_radius,matched_er_4to1_chunk_13,68,KR,0.5328501597696852,96
sign_test_er0.2__norm_original_radius,matched_er_4to1_chunk_13,68,MC,0.36922111809117586,96
sign_test_er0.2__norm_original_radius,matched_er_4to1_chunk_13,69,GR,0.6923863619293993,96
sign_test_er0.2__norm_original_radius,matched_er_4to1_chunk_13,69,IPC,0.39850368164178085,96
sign_test_er0.2__norm_original_radius,matched_er_4to1_chunk_13,69,KR,0.5056784752997405,96
sign_test_er0.2__norm_original_radius,matched_er_4to1_chunk_13,69,MC,0.3514078748614903,96
sign_test_er0.2__norm_original_radius,matched_er_4to1_chunk_14,70,GR,0.6949139429612711,96
sign_test_er0.2__norm_original_radius,matched_er_4to1_chunk_14,70,IPC,0.4404771259047302,96
sign_test_er0.2__norm_original_radius,matched_er_4to1_chunk_14,70,KR,0.4961567122013336,96
sign_test_er0.2__norm_original_radius,matched_er_4to1_chunk_14,70,MC,0.39688051748233477,96
sign_test_er0.2__norm_original_radius,matched_er_4to1_chunk_14,71,GR,0.7099014325180758,96
sign_test_er0.2__norm_original_radius,matched_er_4to1_chunk_14,71,IPC,0.3985744753348948,96
sign_test_er0.2__norm_original_radius,matched_er_4to1_chunk_14,71,KR,0.5053696197893146,96
sign_test_er0.2__norm_original_radius,matched_er_4to1_chunk_14,71,MC,0.3632911171023324,96
sign_test_er0.2__norm_original_radius,matched_er_4to1_chunk_14,72,GR,0.7124412532196195,96
sign_test_er0.2__norm_original_radius,matched_er_4to1_chunk_14,72,IPC,0.4034243582837684,96
sign_test_er0.2__norm_original_radius,matched_er_4to1_chunk_14,72,KR,0.5231072343068518,96
sign_test_er0.2__norm_original_radius,matched_er_4to1_chunk_14,72,MC,0.35881599566804206,96
sign_test_er0.2__norm_original_radius,matched_er_4to1_chunk_14,73,GR,0.6899495838967197,96
sign_test_er0.2__norm_original_radius,matched_er_4to1_chunk_14,73,IPC,0.3865113585499895,96
sign_test_er0.2__norm_original_radius,matched_er_4to1_chunk_14,73,KR,0.505821420240151,96
sign_test_er0.2__norm_original_radius,matched_er_4to1_chunk_14,73,MC,0.33762279150361263,96
sign_test_er0.2__norm_original_radius,matched_er_4to1_chunk_14,74,GR,0.7131867305245246,96
sign_test_er0.2__norm_original_radius,matched_er_4to1_chunk_14,74,IPC,0.41638243613785164,96
sign_test_er0.2__norm_original_radius,matched_er_4to1_chunk_14,74,KR,0.532354950453993,96
sign_test_er0.2__norm_original_radius,matched_er_4to1_chunk_14,74,MC,0.37559244889014226,96
sign_test_er0.2__norm_original_radius,matched_er_4to1_chunk_15,75,GR,0.6949479829784709,96
sign_test_er0.2__norm_original_radius,matched_er_4to1_chunk_15,75,IPC,0.3965542068741074,96
sign_test_er0.2__norm_original_radius,matched_er_4to1_chunk_15,75,KR,0.5092645951452152,96
sign_test_er0.2__norm_original_radius,matched_er_4to1_chunk_15,75,MC,0.35270010921739553,96
sign_test_er0.2__norm_original_radius,matched_er_4to1_chunk_15,76,GR,0.7081043698911424,96
sign_test_er0.2__norm_original_radius,matched_er_4to1_chunk_15,76,IPC,0.3908466053811281,96
sign_test_er0.2__norm_original_radius,matched_er_4to1_chunk_15,76,KR,0.5144490398325103,96
sign_test_er0.2__norm_original_radius,matched_er_4to1_chunk_15,76,MC,0.3427991460921535,96
sign_test_er0.2__norm_original_radius,matched_er_4to1_chunk_15,77,GR,0.690989480712433,96
sign_test_er0.2__norm_original_radius,matched_er_4to1_chunk_15,77,IPC,0.4113351825953823,96
sign_test_er0.2__norm_original_radius,matched_er_4to1_chunk_15,77,KR,0.5085312202118931,96
sign_test_er0.2__norm_original_radius,matched_er_4to1_chunk_15,77,MC,0.3562720521696622,96
sign_test_er0.2__norm_original_radius,matched_er_4to1_chunk_15,78,GR,0.7098533834396088,96
sign_test_er0.2__norm_original_radius,matched_er_4to1_chunk_15,78,IPC,0.42099477278742914,96
sign_test_er0.2__norm_original_radius,matched_er_4to1_chunk_15,78,KR,0.5257096272410764,96
sign_test_er0.2__norm_original_radius,matched_er_4to1_chunk_15,78,MC,0.3774622115857161,96
sign_test_er0.2__norm_original_radius,matched_er_4to1_chunk_15,79,GR,0.7017590923290687,96
sign_test_er0.2__norm_original_radius,matched_er_4to1_chunk_15,79,IPC,0.41089690226892905,96
sign_test_er0.2__norm_original_radius,matched_er_4to1_chunk_15,79,KR,0.5119632521151668,96
sign_test_er0.2__norm_original_radius,matched_er_4to1_chunk_15,79,MC,0.35784983720784674,96
sign_test_er0.2__norm_original_radius,matched_er_4to1_chunk_16,80,GR,0.7215259958952911,96
sign_test_er0.2__norm_original_radius,matched_er_4to1_chunk_16,80,IPC,0.39187874049241056,96
sign_test_er0.2__norm_original_radius,matched_er_4to1_chunk_16,80,KR,0.521782819888632,96
sign_test_er0.2__norm_original_radius,matched_er_4to1_chunk_16,80,MC,0.35359898730292666,96
sign_test_er0.2__norm_original_radius,matched_er_4to1_chunk_16,81,GR,0.7270324372619604,96
sign_test_er0.2__norm_original_radius,matched_er_4to1_chunk_16,81,IPC,0.42168073925704885,96
sign_test_er0.2__norm_original_radius,matched_er_4to1_chunk_16,81,KR,0.531971841589409,96
sign_test_er0.2__norm_original_radius,matched_er_4to1_chunk_16,81,MC,0.38106605405544586,96
sign_test_er0.2__norm_original_radius,matched_er_4to1_chunk_16,82,GR,0.6838343086771057,96
sign_test_er0.2__norm_original_radius,matched_er_4to1_chunk_16,82,IPC,0.39504440676822905,96
sign_test_er0.2__norm_original_radius,matched_er_4to1_chunk_16,82,KR,0.4884177437932155,96
sign_test_er0.2__norm_original_radius,matched_er_4to1_chunk_16,82,MC,0.41799331585889904,96
sign_test_er0.2__norm_original_radius,matched_er_4to1_chunk_16,83,GR,0.7064995698997393,96
sign_test_er0.2__norm_original_radius,matched_er_4to1_chunk_16,83,IPC,0.39705652863675106,96
sign_test_er0.2__norm_original_radius,matched_er_4to1_chunk_16,83,KR,0.5040701428889536,96
sign_test_er0.2__norm_original_radius,matched_er_4to1_chunk_16,83,MC,0.41512575928566664,96
sign_test_er0.2__norm_original_radius,matched_er_4to1_chunk_16,84,GR,0.6981567600652937,96
sign_test_er0.2__norm_original_radius,matched_er_4to1_chunk_16,84,IPC,0.3686093007671298,96
sign_test_er0.2__norm_original_radius,matched_er_4to1_chunk_16,84,KR,0.5086548107597558,96
sign_test_er0.2__norm_original_radius,matched_er_4to1_chunk_16,84,MC,0.37479077721904536,96
sign_test_er0.2__norm_original_radius,matched_er_4to1_chunk_17,85,GR,0.7190241470069433,96
sign_test_er0.2__norm_original_radius,matched_er_4to1_chunk_17,85,IPC,0.4005370203326485,96
sign_test_er0.2__norm_original_radius,matched_er_4to1_chunk_17,85,KR,0.5187266052148644,96
sign_test_er0.2__norm_original_radius,matched_er_4to1_chunk_17,85,MC,0.4004741267113079,96
sign_test_er0.2__norm_original_radius,matched_er_4to1_chunk_17,86,GR,0.7150512274254791,96
sign_test_er0.2__norm_original_radius,matched_er_4to1_chunk_17,86,IPC,0.4118503797015381,96
sign_test_er0.2__norm_original_radius,matched_er_4to1_chunk_17,86,KR,0.5211229586735576,96
sign_test_er0.2__norm_original_radius,matched_er_4to1_chunk_17,86,MC,0.375227988162932,96
sign_test_er0.2__norm_original_radius,matched_er_4to1_chunk_17,87,GR,0.7134892617793229,96
sign_test_er0.2__norm_original_radius,matched_er_4to1_chunk_17,87,IPC,0.4031520455610566,96
sign_test_er0.2__norm_original_radius,matched_er_4to1_chunk_17,87,KR,0.5233710791401546,96
sign_test_er0.2__norm_original_radius,matched_er_4to1_chunk_17,87,MC,0.393176101937147,96
sign_test_er0.2__norm_original_radius,matched_er_4to1_chunk_17,88,GR,0.6980530310286281,96
sign_test_er0.2__norm_original_radius,matched_er_4to1_chunk_17,88,IPC,0.3973437143819739,96
sign_test_er0.2__norm_original_radius,matched_er_4to1_chunk_17,88,KR,0.5084819052129658,96
sign_test_er0.2__norm_original_radius,matched_er_4to1_chunk_17,88,MC,0.39809528506392816,96
sign_test_er0.2__norm_original_radius,matched_er_4to1_chunk_17,89,GR,0.7079628213548291,96
sign_test_er0.2__norm_original_radius,matched_er_4to1_chunk_17,89,IPC,0.44950015088150774,96
sign_test_er0.2__norm_original_radius,matched_er_4to1_chunk_17,89,KR,0.5139213447833999,96
sign_test_er0.2__norm_original_radius,matched_er_4to1_chunk_17,89,MC,0.4154568823131455,96
sign_test_er0.2__norm_original_radius,matched_er_4to1_chunk_18,90,GR,0.7015738088689742,96
sign_test_er0.2__norm_original_radius,matched_er_4to1_chunk_18,90,IPC,0.42056433881659694,96
sign_test_er0.2__norm_original_radius,matched_er_4to1_chunk_18,90,KR,0.512581234876359,96
sign_test_er0.2__norm_original_radius,matched_er_4to1_chunk_18,90,MC,0.4028133182554592,96
sign_test_er0.2__norm_original_radius,matched_er_4to1_chunk_18,91,GR,0.7212294578798052,96
sign_test_er0.2__norm_original_radius,matched_er_4to1_chunk_18,91,IPC,0.39841809122923305,96
sign_test_er0.2__norm_original_radius,matched_er_4to1_chunk_18,91,KR,0.5112403147432387,96
sign_test_er0.2__norm_original_radius,matched_er_4to1_chunk_18,91,MC,0.4045463300013493,96
sign_test_er0.2__norm_original_radius,matched_er_4to1_chunk_18,92,GR,0.7085562072137587,96
sign_test_er0.2__norm_original_radius,matched_er_4to1_chunk_18,92,IPC,0.385070328959165,96
sign_test_er0.2__norm_original_radius,matched_er_4to1_chunk_18,92,KR,0.5112778099861037,96
sign_test_er0.2__norm_original_radius,matched_er_4to1_chunk_18,92,MC,0.3843730784611392,96
sign_test_er0.2__norm_original_radius,matched_er_4to1_chunk_18,93,GR,0.7090009549938123,96
sign_test_er0.2__norm_original_radius,matched_er_4to1_chunk_18,93,IPC,0.34099584507714625,96
sign_test_er0.2__norm_original_radius,matched_er_4to1_chunk_18,93,KR,0.5158071271134075,96
sign_test_er0.2__norm_original_radius,matched_er_4to1_chunk_18,93,MC,0.35373942702323063,96
sign_test_er0.2__norm_original_radius,matched_er_4to1_chunk_18,94,GR,0.7086305678726046,96
sign_test_er0.2__norm_original_radius,matched_er_4to1_chunk_18,94,IPC,0.38613538691844607,96
sign_test_er0.2__norm_original_radius,matched_er_4to1_chunk_18,94,KR,0.5205895387093955,96
sign_test_er0.2__norm_original_radius,matched_er_4to1_chunk_18,94,MC,0.3825820296648678,96
sign_test_er0.2__norm_original_radius,matched_er_4to1_chunk_19,95,GR,0.7080110508743918,96
sign_test_er0.2__norm_original_radius,matched_er_4to1_chunk_19,95,IPC,0.39780805680833864,96
sign_test_er0.2__norm_original_radius,matched_er_4to1_chunk_19,95,KR,0.5009178755626735,96
sign_test_er0.2__norm_original_radius,matched_er_4to1_chunk_19,95,MC,0.3978633024584951,96
sign_test_er0.2__norm_original_radius,matched_er_4to1_chunk_19,96,GR,0.7109308341369358,96
sign_test_er0.2__norm_original_radius,matched_er_4to1_chunk_19,96,IPC,0.4266183750602749,96
sign_test_er0.2__norm_original_radius,matched_er_4to1_chunk_19,96,KR,0.5266429992891111,96
sign_test_er0.2__norm_original_radius,matched_er_4to1_chunk_19,96,MC,0.40421795247293985,96
sign_test_er0.2__norm_original_radius,matched_er_4to1_chunk_19,97,GR,0.7143548277344899,96
sign_test_er0.2__norm_original_radius,matched_er_4to1_chunk_19,97,IPC,0.4310758285494354,96
sign_test_er0.2__norm_original_radius,matched_er_4to1_chunk_19,97,KR,0.5163176320497413,96
sign_test_er0.2__norm_original_radius,matched_er_4to1_chunk_19,97,MC,0.402746791404067,96
sign_test_er0.2__norm_original_radius,matched_er_4to1_chunk_19,98,GR,0.7012483793226691,96
sign_test_er0.2__norm_original_radius,matched_er_4to1_chunk_19,98,IPC,0.42398117395868473,96
sign_test_er0.2__norm_original_radius,matched_er_4to1_chunk_19,98,KR,0.5208227943106495,96
sign_test_er0.2__norm_original_radius,matched_er_4to1_chunk_19,98,MC,0.4085717571471675,96
sign_test_er0.2__norm_original_radius,matched_er_4to1_chunk_19,99,GR,0.7180536974423559,96
sign_test_er0.2__norm_original_radius,matched_er_4to1_chunk_19,99,IPC,0.3597251188415202,96
sign_test_er0.2__norm_original_radius,matched_er_4to1_chunk_19,99,KR,0.5174228342457292,96
sign_test_er0.2__norm_original_radius,matched_er_4to1_chunk_19,99,MC,0.3615267217080587,96
sign_test_er0.2__norm_original_radius,matched_er_4to1_chunk_2,10,GR,0.7240071764312743,96
sign_test_er0.2__norm_original_radius,matched_er_4to1_chunk_2,10,IPC,0.3921930369573698,96
sign_test_er0.2__norm_original_radius,matched_er_4to1_chunk_2,10,KR,0.5207939553532265,96
sign_test_er0.2__norm_original_radius,matched_er_4to1_chunk_2,10,MC,0.3677827215166173,96
sign_test_er0.2__norm_original_radius,matched_er_4to1_chunk_2,11,GR,0.7080726119793418,96
sign_test_er0.2__norm_original_radius,matched_er_4to1_chunk_2,11,IPC,0.3773531774698394,96
sign_test_er0.2__norm_original_radius,matched_er_4to1_chunk_2,11,KR,0.5148200678374305,96
sign_test_er0.2__norm_original_radius,matched_er_4to1_chunk_2,11,MC,0.36284581721790865,96
sign_test_er0.2__norm_original_radius,matched_er_4to1_chunk_2,12,GR,0.7057263708309378,96
sign_test_er0.2__norm_original_radius,matched_er_4to1_chunk_2,12,IPC,0.3900969125331915,96
sign_test_er0.2__norm_original_radius,matched_er_4to1_chunk_2,12,KR,0.5130238280975011,96
sign_test_er0.2__norm_original_radius,matched_er_4to1_chunk_2,12,MC,0.38795784335829764,96
sign_test_er0.2__norm_original_radius,matched_er_4to1_chunk_2,13,GR,0.7146762889999361,96
sign_test_er0.2__norm_original_radius,matched_er_4to1_chunk_2,13,IPC,0.42817147790892496,96
sign_test_er0.2__norm_original_radius,matched_er_4to1_chunk_2,13,KR,0.5247090328311222,96
sign_test_er0.2__norm_original_radius,matched_er_4to1_chunk_2,13,MC,0.37579813368961873,96
sign_test_er0.2__norm_original_radius,matched_er_4to1_chunk_2,14,GR,0.6940274555654053,96
sign_test_er0.2__norm_original_radius,matched_er_4to1_chunk_2,14,IPC,0.4048168124270183,96
sign_test_er0.2__norm_original_radius,matched_er_4to1_chunk_2,14,KR,0.5056083557490813,96
sign_test_er0.2__norm_original_radius,matched_er_4to1_chunk_2,14,MC,0.35407715139319074,96
sign_test_er0.2__norm_original_radius,matched_er_4to1_chunk_3,15,GR,0.684155984493495,96
sign_test_er0.2__norm_original_radius,matched_er_4to1_chunk_3,15,IPC,0.38252016821819596,96
sign_test_er0.2__norm_original_radius,matched_er_4to1_chunk_3,15,KR,0.48557013601973176,96
sign_test_er0.2__norm_original_radius,matched_er_4to1_chunk_3,15,MC,0.37753687140028463,96
sign_test_er0.2__norm_original_radius,matched_er_4to1_chunk_3,16,GR,0.7173299117937174,96
sign_test_er0.2__norm_original_radius,matched_er_4to1_chunk_3,16,IPC,0.3913276670389241,96
sign_test_er0.2__norm_original_radius,matched_er_4to1_chunk_3,16,KR,0.5245787739868736,96
sign_test_er0.2__norm_original_radius,matched_er_4to1_chunk_3,16,MC,0.36432922912999827,96
sign_test_er0.2__norm_original_radius,matched_er_4to1_chunk_3,17,GR,0.6935564158253887,96
sign_test_er0.2__norm_original_radius,matched_er_4to1_chunk_3,17,IPC,0.41900800258112614,96
sign_test_er0.2__norm_original_radius,matched_er_4to1_chunk_3,17,KR,0.4968177517441007,96
sign_test_er0.2__norm_original_radius,matched_er_4to1_chunk_3,17,MC,0.37265655801824976,96
sign_test_er0.2__norm_original_radius,matched_er_4to1_chunk_3,18,GR,0.709403316269309,96
sign_test_er0.2__norm_original_radius,matched_er_4to1_chunk_3,18,IPC,0.3649390714594116,96
sign_test_er0.2__norm_original_radius,matched_er_4to1_chunk_3,18,KR,0.5169172213556438,96
sign_test_er0.2__norm_original_radius,matched_er_4to1_chunk_3,18,MC,0.3293447043701542,96
sign_test_er0.2__norm_original_radius,matched_er_4to1_chunk_3,19,GR,0.7096491385746084,96
sign_test_er0.2__norm_original_radius,matched_er_4to1_chunk_3,19,IPC,0.415373060986922,96
sign_test_er0.2__norm_original_radius,matched_er_4to1_chunk_3,19,KR,0.5115856700995576,96
sign_test_er0.2__norm_original_radius,matched_er_4to1_chunk_3,19,MC,0.3651291348102096,96
sign_test_er0.2__norm_original_radius,matched_er_4to1_chunk_4,20,GR,0.6858109580534215,96
sign_test_er0.2__norm_original_radius,matched_er_4to1_chunk_4,20,IPC,0.42709448805184275,96
sign_test_er0.2__norm_original_radius,matched_er_4to1_chunk_4,20,KR,0.4980763192765583,96
sign_test_er0.2__norm_original_radius,matched_er_4to1_chunk_4,20,MC,0.35908178980647115,96
sign_test_er0.2__norm_original_radius,matched_er_4to1_chunk_4,21,GR,0.7021870224746297,96
sign_test_er0.2__norm_original_radius,matched_er_4to1_chunk_4,21,IPC,0.4348769816171877,96
sign_test_er0.2__norm_original_radius,matched_er_4to1_chunk_4,21,KR,0.5160287491743937,96
sign_test_er0.2__norm_original_radius,matched_er_4to1_chunk_4,21,MC,0.3825494172245577,96
sign_test_er0.2__norm_original_radius,matched_er_4to1_chunk_4,22,GR,0.6928387437989196,96
sign_test_er0.2__norm_original_radius,matched_er_4to1_chunk_4,22,IPC,0.42885360409614953,96
sign_test_er0.2__norm_original_radius,matched_er_4to1_chunk_4,22,KR,0.5053015165272163,96
sign_test_er0.2__norm_original_radius,matched_er_4to1_chunk_4,22,MC,0.3781141549451317,96
sign_test_er0.2__norm_original_radius,matched_er_4to1_chunk_4,23,GR,0.7151171018031233,96
sign_test_er0.2__norm_original_radius,matched_er_4to1_chunk_4,23,IPC,0.3981640591111202,96
sign_test_er0.2__norm_original_radius,matched_er_4to1_chunk_4,23,KR,0.527115048201451,96
sign_test_er0.2__norm_original_radius,matched_er_4to1_chunk_4,23,MC,0.34496594884705245,96
sign_test_er0.2__norm_original_radius,matched_er_4to1_chunk_4,24,GR,0.7143956842424087,96
sign_test_er0.2__norm_original_radius,matched_er_4to1_chunk_4,24,IPC,0.4062799619009086,96
sign_test_er0.2__norm_original_radius,matched_er_4to1_chunk_4,24,KR,0.5280427198519341,96
sign_test_er0.2__norm_original_radius,matched_er_4to1_chunk_4,24,MC,0.3623226712464806,96
sign_test_er0.2__norm_original_radius,matched_er_4to1_chunk_5,25,GR,0.7048463210711058,96
sign_test_er0.2__norm_original_radius,matched_er_4to1_chunk_5,25,IPC,0.437148956901339,96
sign_test_er0.2__norm_original_radius,matched_er_4to1_chunk_5,25,KR,0.5151804754295041,96
sign_test_er0.2__norm_original_radius,matched_er_4to1_chunk_5,25,MC,0.389394728022793,96
sign_test_er0.2__norm_original_radius,matched_er_4to1_chunk_5,26,GR,0.702305295681424,96
sign_test_er0.2__norm_original_radius,matched_er_4to1_chunk_5,26,IPC,0.39800898402652857,96
sign_test_er0.2__norm_original_radius,matched_er_4to1_chunk_5,26,KR,0.5065011927249035,96
sign_test_er0.2__norm_original_radius,matched_er_4to1_chunk_5,26,MC,0.3675539107186458,96
sign_test_er0.2__norm_original_radius,matched_er_4to1_chunk_5,27,GR,0.6779915427343252,96
sign_test_er0.2__norm_original_radius,matched_er_4to1_chunk_5,27,IPC,0.4241104509312993,96
sign_test_er0.2__norm_original_radius,matched_er_4to1_chunk_5,27,KR,0.4951083634231936,96
sign_test_er0.2__norm_original_radius,matched_er_4to1_chunk_5,27,MC,0.39548529514564806,96
sign_test_er0.2__norm_original_radius,matched_er_4to1_chunk_5,28,GR,0.708772603758895,96
sign_test_er0.2__norm_original_radius,matched_er_4to1_chunk_5,28,IPC,0.3855746462609067,96
sign_test_er0.2__norm_original_radius,matched_er_4to1_chunk_5,28,KR,0.5195000469080069,96
sign_test_er0.2__norm_original_radius,matched_er_4to1_chunk_5,28,MC,0.3498338440923536,96
sign_test_er0.2__norm_original_radius,matched_er_4to1_chunk_5,29,GR,0.6899566793282818,96
sign_test_er0.2__norm_original_radius,matched_er_4to1_chunk_5,29,IPC,0.4036783175758759,96
sign_test_er0.2__norm_original_radius,matched_er_4to1_chunk_5,29,KR,0.5066937910086227,96
sign_test_er0.2__norm_original_radius,matched_er_4to1_chunk_5,29,MC,0.37790533452186886,96
sign_test_er0.2__norm_original_radius,matched_er_4to1_chunk_6,30,GR,0.7023812100645828,96
sign_test_er0.2__norm_original_radius,matched_er_4to1_chunk_6,30,IPC,0.4146380230645016,96
sign_test_er0.2__norm_original_radius,matched_er_4to1_chunk_6,30,KR,0.5077344417389679,96
sign_test_er0.2__norm_original_radius,matched_er_4to1_chunk_6,30,MC,0.3725620807466968,96
sign_test_er0.2__norm_original_radius,matched_er_4to1_chunk_6,31,GR,0.7023448713251766,96
sign_test_er0.2__norm_original_radius,matched_er_4to1_chunk_6,31,IPC,0.4174991407630649,96
sign_test_er0.2__norm_original_radius,matched_er_4to1_chunk_6,31,KR,0.5067724376212124,96
sign_test_er0.2__norm_original_radius,matched_er_4to1_chunk_6,31,MC,0.3552491347962968,96
sign_test_er0.2__norm_original_radius,matched_er_4to1_chunk_6,32,GR,0.7138221041175724,96
sign_test_er0.2__norm_original_radius,matched_er_4to1_chunk_6,32,IPC,0.39231093814632284,96
sign_test_er0.2__norm_original_radius,matched_er_4to1_chunk_6,32,KR,0.5238364981051126,96
sign_test_er0.2__norm_original_radius,matched_er_4to1_chunk_6,32,MC,0.344084966764586,96
sign_test_er0.2__norm_original_radius,matched_er_4to1_chunk_6,33,GR,0.7042274704493756,96
sign_test_er0.2__norm_original_radius,matched_er_4to1_chunk_6,33,IPC,0.3828152519593643,96
sign_test_er0.2__norm_original_radius,matched_er_4to1_chunk_6,33,KR,0.5139402449078817,96
sign_test_er0.2__norm_original_radius,matched_er_4to1_chunk_6,33,MC,0.33878666098954235,96
sign_test_er0.2__norm_original_radius,matched_er_4to1_chunk_6,34,GR,0.7106247430659589,96
sign_test_er0.2__norm_original_radius,matched_er_4to1_chunk_6,34,IPC,0.4158694700624904,96
sign_test_er0.2__norm_original_radius,matched_er_4to1_chunk_6,34,KR,0.5282045481883381,96
sign_test_er0.2__norm_original_radius,matched_er_4to1_chunk_6,34,MC,0.35303840929234426,96
sign_test_er0.2__norm_original_radius,matched_er_4to1_chunk_7,35,GR,0.7054864577530923,96
sign_test_er0.2__norm_original_radius,matched_er_4to1_chunk_7,35,IPC,0.41264008502870025,96
sign_test_er0.2__norm_original_radius,matched_er_4to1_chunk_7,35,KR,0.5109009529659747,96
sign_test_er0.2__norm_original_radius,matched_er_4to1_chunk_7,35,MC,0.3601615054197567,96
sign_test_er0.2__norm_original_radius,matched_er_4to1_chunk_7,36,GR,0.7021150622254099,96
sign_test_er0.2__norm_original_radius,matched_er_4to1_chunk_7,36,IPC,0.4105902499971957,96
sign_test_er0.2__norm_original_radius,matched_er_4to1_chunk_7,36,KR,0.510920048877915,96
sign_test_er0.2__norm_original_radius,matched_er_4to1_chunk_7,36,MC,0.37794419665584517,96
sign_test_er0.2__norm_original_radius,matched_er_4to1_chunk_7,37,GR,0.7154069528201835,96
sign_test_er0.2__norm_original_radius,matched_er_4to1_chunk_7,37,IPC,0.42167543083229836,96
sign_test_er0.2__norm_original_radius,matched_er_4to1_chunk_7,37,KR,0.5243458034139825,96
sign_test_er0.2__norm_original_radius,matched_er_4to1_chunk_7,37,MC,0.36715787414596457,96
sign_test_er0.2__norm_original_radius,matched_er_4to1_chunk_7,38,GR,0.6897273515634338,96
sign_test_er0.2__norm_original_radius,matched_er_4to1_chunk_7,38,IPC,0.3929410317627398,96
sign_test_er0.2__norm_original_radius,matched_er_4to1_chunk_7,38,KR,0.4972508730870961,96
sign_test_er0.2__norm_original_radius,matched_er_4to1_chunk_7,38,MC,0.35814345936240155,96
sign_test_er0.2__norm_original_radius,matched_er_4to1_chunk_7,39,GR,0.6966214708071832,96
sign_test_er0.2__norm_original_radius,matched_er_4to1_chunk_7,39,IPC,0.4333773178270202,96
sign_test_er0.2__norm_original_radius,matched_er_4to1_chunk_7,39,KR,0.496155739607547,96
sign_test_er0.2__norm_original_radius,matched_er_4to1_chunk_7,39,MC,0.38235548689031124,96
sign_test_er0.2__norm_original_radius,matched_er_4to1_chunk_8,40,GR,0.7137662651555592,96
sign_test_er0.2__norm_original_radius,matched_er_4to1_chunk_8,40,IPC,0.40304205963463086,96
sign_test_er0.2__norm_original_radius,matched_er_4to1_chunk_8,40,KR,0.5101565805205971,96
sign_test_er0.2__norm_original_radius,matched_er_4to1_chunk_8,40,MC,0.39061800810890124,96
sign_test_er0.2__norm_original_radius,matched_er_4to1_chunk_8,41,GR,0.6874944182504855,96
sign_test_er0.2__norm_original_radius,matched_er_4to1_chunk_8,41,IPC,0.44275205879566537,96
sign_test_er0.2__norm_original_radius,matched_er_4to1_chunk_8,41,KR,0.49555219395828237,96
sign_test_er0.2__norm_original_radius,matched_er_4to1_chunk_8,41,MC,0.40263861467460094,96
sign_test_er0.2__norm_original_radius,matched_er_4to1_chunk_8,42,GR,0.7106953243804007,96
sign_test_er0.2__norm_original_radius,matched_er_4to1_chunk_8,42,IPC,0.40393302262030056,96
sign_test_er0.2__norm_original_radius,matched_er_4to1_chunk_8,42,KR,0.5267529089242113,96
sign_test_er0.2__norm_original_radius,matched_er_4to1_chunk_8,42,MC,0.37834145786451046,96
sign_test_er0.2__norm_original_radius,matched_er_4to1_chunk_8,43,GR,0.6916630144031014,96
sign_test_er0.2__norm_original_radius,matched_er_4to1_chunk_8,43,IPC,0.40858976562281896,96
sign_test_er0.2__norm_original_radius,matched_er_4to1_chunk_8,43,KR,0.5016242053913796,96
sign_test_er0.2__norm_original_radius,matched_er_4to1_chunk_8,43,MC,0.3579751360448383,96
sign_test_er0.2__norm_original_radius,matched_er_4to1_chunk_8,44,GR,0.693117408411785,96
sign_test_er0.2__norm_original_radius,matched_er_4to1_chunk_8,44,IPC,0.4124612466845045,96
sign_test_er0.2__norm_original_radius,matched_er_4to1_chunk_8,44,KR,0.5007781440727973,96
sign_test_er0.2__norm_original_radius,matched_er_4to1_chunk_8,44,MC,0.3585800326817533,96
sign_test_er0.2__norm_original_radius,matched_er_4to1_chunk_9,45,GR,0.7065101990549779,96
sign_test_er0.2__norm_original_radius,matched_er_4to1_chunk_9,45,IPC,0.4081955733810774,96
sign_test_er0.2__norm_original_radius,matched_er_4to1_chunk_9,45,KR,0.5114414619480517,96
sign_test_er0.2__norm_original_radius,matched_er_4to1_chunk_9,45,MC,0.36468209779931343,96
sign_test_er0.2__norm_original_radius,matched_er_4to1_chunk_9,46,GR,0.7272277866412273,96
sign_test_er0.2__norm_original_radius,matched_er_4to1_chunk_9,46,IPC,0.37906205757317246,96
sign_test_er0.2__norm_original_radius,matched_er_4to1_chunk_9,46,KR,0.5279138026776635,96
sign_test_er0.2__norm_original_radius,matched_er_4to1_chunk_9,46,MC,0.3637984447766641,96
sign_test_er0.2__norm_original_radius,matched_er_4to1_chunk_9,47,GR,0.7273082248654528,96
sign_test_er0.2__norm_original_radius,matched_er_4to1_chunk_9,47,IPC,0.3926227821836392,96
sign_test_er0.2__norm_original_radius,matched_er_4to1_chunk_9,47,KR,0.5337442670573072,96
sign_test_er0.2__norm_original_radius,matched_er_4to1_chunk_9,47,MC,0.37867077342092686,96
sign_test_er0.2__norm_original_radius,matched_er_4to1_chunk_9,48,GR,0.7180994259362719,96
sign_test_er0.2__norm_original_radius,matched_er_4to1_chunk_9,48,IPC,0.38972825659716015,96
sign_test_er0.2__norm_original_radius,matched_er_4to1_chunk_9,48,KR,0.5185206737588979,96
sign_test_er0.2__norm_original_radius,matched_er_4to1_chunk_9,48,MC,0.37664962514165007,96
sign_test_er0.2__norm_original_radius,matched_er_4to1_chunk_9,49,GR,0.6979568145193785,96
sign_test_er0.2__norm_original_radius,matched_er_4to1_chunk_9,49,IPC,0.39122471099956546,96
sign_test_er0.2__norm_original_radius,matched_er_4to1_chunk_9,49,KR,0.5136390375923018,96
sign_test_er0.2__norm_original_radius,matched_er_4to1_chunk_9,49,MC,0.36516749387891045,96
sign_test_er0.2__norm_spectral_radius,matched_er_4to1_chunk_0,0,GR,0.6757919373906043,96
sign_test_er0.2__norm_spectral_radius,matched_er_4to1_chunk_0,0,IPC,0.4130676160880872,96
sign_test_er0.2__norm_spectral_radius,matched_er_4to1_chunk_0,0,KR,0.4551021611936241,96
sign_test_er0.2__norm_spectral_radius,matched_er_4to1_chunk_0,0,MC,0.3990867262790402,96
sign_test_er0.2__norm_spectral_radius,matched_er_4to1_chunk_0,1,GR,0.6894196943975714,96
sign_test_er0.2__norm_spectral_radius,matched_er_4to1_chunk_0,1,IPC,0.3886715632238104,96
sign_test_er0.2__norm_spectral_radius,matched_er_4to1_chunk_0,1,KR,0.4700518218709884,96
sign_test_er0.2__norm_spectral_radius,matched_er_4to1_chunk_0,1,MC,0.38380037262493544,96
sign_test_er0.2__norm_spectral_radius,matched_er_4to1_chunk_0,2,GR,0.6765066379684291,96
sign_test_er0.2__norm_spectral_radius,matched_er_4to1_chunk_0,2,IPC,0.4004312843447854,96
sign_test_er0.2__norm_spectral_radius,matched_er_4to1_chunk_0,2,KR,0.45392094484180473,96
sign_test_er0.2__norm_spectral_radius,matched_er_4to1_chunk_0,2,MC,0.387381987504786,96
sign_test_er0.2__norm_spectral_radius,matched_er_4to1_chunk_0,3,GR,0.6800869503087783,96
sign_test_er0.2__norm_spectral_radius,matched_er_4to1_chunk_0,3,IPC,0.4099044245769862,96
sign_test_er0.2__norm_spectral_radius,matched_er_4to1_chunk_0,3,KR,0.46693454109792165,96
sign_test_er0.2__norm_spectral_radius,matched_er_4to1_chunk_0,3,MC,0.3700373977512213,96
sign_test_er0.2__norm_spectral_radius,matched_er_4to1_chunk_0,4,GR,0.6713753764650389,96
sign_test_er0.2__norm_spectral_radius,matched_er_4to1_chunk_0,4,IPC,0.39052977255067184,96
sign_test_er0.2__norm_spectral_radius,matched_er_4to1_chunk_0,4,KR,0.45345190704941973,96
sign_test_er0.2__norm_spectral_radius,matched_er_4to1_chunk_0,4,MC,0.3880962560541144,96
sign_test_er0.2__norm_spectral_radius,matched_er_4to1_chunk_1,5,GR,0.6690557631515657,96
sign_test_er0.2__norm_spectral_radius,matched_er_4to1_chunk_1,5,IPC,0.38548264199286936,96
sign_test_er0.2__norm_spectral_radius,matched_er_4to1_chunk_1,5,KR,0.4547748079435568,96
sign_test_er0.2__norm_spectral_radius,matched_er_4to1_chunk_1,5,MC,0.3537340416783601,96
sign_test_er0.2__norm_spectral_radius,matched_er_4to1_chunk_1,6,GR,0.6769150619445775,96
sign_test_er0.2__norm_spectral_radius,matched_er_4to1_chunk_1,6,IPC,0.3592440511234766,96
sign_test_er0.2__norm_spectral_radius,matched_er_4to1_chunk_1,6,KR,0.4617785033581084,96
sign_test_er0.2__norm_spectral_radius,matched_er_4to1_chunk_1,6,MC,0.3564128849659283,96
sign_test_er0.2__norm_spectral_radius,matched_er_4to1_chunk_1,7,GR,0.6655285700094157,96
sign_test_er0.2__norm_spectral_radius,matched_er_4to1_chunk_1,7,IPC,0.42123480060121926,96
sign_test_er0.2__norm_spectral_radius,matched_er_4to1_chunk_1,7,KR,0.444198354590634,96
sign_test_er0.2__norm_spectral_radius,matched_er_4to1_chunk_1,7,MC,0.3872795800771805,96
sign_test_er0.2__norm_spectral_radius,matched_er_4to1_chunk_1,8,GR,0.6629742931174375,96
sign_test_er0.2__norm_spectral_radius,matched_er_4to1_chunk_1,8,IPC,0.39291502274764895,96
sign_test_er0.2__norm_spectral_radius,matched_er_4to1_chunk_1,8,KR,0.4391891613458093,96
sign_test_er0.2__norm_spectral_radius,matched_er_4to1_chunk_1,8,MC,0.4003253795243294,96
sign_test_er0.2__norm_spectral_radius,matched_er_4to1_chunk_1,9,GR,0.6900361475430383,96
sign_test_er0.2__norm_spectral_radius,matched_er_4to1_chunk_1,9,IPC,0.39151405250201216,96
sign_test_er0.2__norm_spectral_radius,matched_er_4to1_chunk_1,9,KR,0.4603485397516743,96
sign_test_er0.2__norm_spectral_radius,matched_er_4to1_chunk_1,9,MC,0.36776640069224975,96
sign_test_er0.2__norm_spectral_radius,matched_er_4to1_chunk_10,50,GR,0.6821136216502468,96
sign_test_er0.2__norm_spectral_radius,matched_er_4to1_chunk_10,50,IPC,0.408508211476428,96
sign_test_er0.2__norm_spectral_radius,matched_er_4to1_chunk_10,50,KR,0.4717115931802108,96
sign_test_er0.2__norm_spectral_radius,matched_er_4to1_chunk_10,50,MC,0.3862663312221284,96
sign_test_er0.2__norm_spectral_radius,matched_er_4to1_chunk_10,51,GR,0.6824195344730989,96
sign_test_er0.2__norm_spectral_radius,matched_er_4to1_chunk_10,51,IPC,0.4282145927730145,96
sign_test_er0.2__norm_spectral_radius,matched_er_4to1_chunk_10,51,KR,0.4758325387014043,96
sign_test_er0.2__norm_spectral_radius,matched_er_4to1_chunk_10,51,MC,0.3883971066554911,96
sign_test_er0.2__norm_spectral_radius,matched_er_4to1_chunk_10,52,GR,0.6570104467934803,96
sign_test_er0.2__norm_spectral_radius,matched_er_4to1_chunk_10,52,IPC,0.37328466361924767,96
sign_test_er0.2__norm_spectral_radius,matched_er_4to1_chunk_10,52,KR,0.4258856020577902,96
sign_test_er0.2__norm_spectral_radius,matched_er_4to1_chunk_10,52,MC,0.3788074395019155,96
sign_test_er0.2__norm_spectral_radius,matched_er_4to1_chunk_10,53,GR,0.6924026728711863,96
sign_test_er0.2__norm_spectral_radius,matched_er_4to1_chunk_10,53,IPC,0.4192220057625831,96
sign_test_er0.2__norm_spectral_radius,matched_er_4to1_chunk_10,53,KR,0.4773583207351998,96
sign_test_er0.2__norm_spectral_radius,matched_er_4to1_chunk_10,53,MC,0.38531585057176027,96
sign_test_er0.2__norm_spectral_radius,matched_er_4to1_chunk_10,54,GR,0.6802499646407774,96
sign_test_er0.2__norm_spectral_radius,matched_er_4to1_chunk_10,54,IPC,0.3782242761706858,96
sign_test_er0.2__norm_spectral_radius,matched_er_4to1_chunk_10,54,KR,0.45693332582411234,96
sign_test_er0.2__norm_spectral_radius,matched_er_4to1_chunk_10,54,MC,0.36596024189017956,96
sign_test_er0.2__norm_spectral_radius,matched_er_4to1_chunk_11,55,GR,0.6532719229109535,96
sign_test_er0.2__norm_spectral_radius,matched_er_4to1_chunk_11,55,IPC,0.36849247312233735,96
sign_test_er0.2__norm_spectral_radius,matched_er_4to1_chunk_11,55,KR,0.4339285733946208,96
sign_test_er0.2__norm_spectral_radius,matched_er_4to1_chunk_11,55,MC,0.35783932822798964,96
sign_test_er0.2__norm_spectral_radius,matched_er_4to1_chunk_11,56,GR,0.665277096984764,96
sign_test_er0.2__norm_spectral_radius,matched_er_4to1_chunk_11,56,IPC,0.4141772801652589,96
sign_test_er0.2__norm_spectral_radius,matched_er_4to1_chunk_11,56,KR,0.45004517108658787,96
sign_test_er0.2__norm_spectral_radius,matched_er_4to1_chunk_11,56,MC,0.3898215399824113,96
sign_test_er0.2__norm_spectral_radius,matched_er_4to1_chunk_11,57,GR,0.6687774256790808,96
sign_test_er0.2__norm_spectral_radius,matched_er_4to1_chunk_11,57,IPC,0.4207852882914908,96
sign_test_er0.2__norm_spectral_radius,matched_er_4to1_chunk_11,57,KR,0.4542686285983554,96
sign_test_er0.2__norm_spectral_radius,matched_er_4to1_chunk_11,57,MC,0.41113811087900065,96
sign_test_er0.2__norm_spectral_radius,matched_er_4to1_chunk_11,58,GR,0.6525667658090202,96
sign_test_er0.2__norm_spectral_radius,matched_er_4to1_chunk_11,58,IPC,0.34788091683807365,96
sign_test_er0.2__norm_spectral_radius,matched_er_4to1_chunk_11,58,KR,0.42776237280831236,96
sign_test_er0.2__norm_spectral_radius,matched_er_4to1_chunk_11,58,MC,0.3757222946016671,96
sign_test_er0.2__norm_spectral_radius,matched_er_4to1_chunk_11,59,GR,0.6668945325433266,96
sign_test_er0.2__norm_spectral_radius,matched_er_4to1_chunk_11,59,IPC,0.3689534766259934,96
sign_test_er0.2__norm_spectral_radius,matched_er_4to1_chunk_11,59,KR,0.4455951840198725,96
sign_test_er0.2__norm_spectral_radius,matched_er_4to1_chunk_11,59,MC,0.3723630059603805,96
sign_test_er0.2__norm_spectral_radius,matched_er_4to1_chunk_12,60,GR,0.6789159705610068,96
sign_test_er0.2__norm_spectral_radius,matched_er_4to1_chunk_12,60,IPC,0.4364661904982535,96
sign_test_er0.2__norm_spectral_radius,matched_er_4to1_chunk_12,60,KR,0.4672872311363106,96
sign_test_er0.2__norm_spectral_radius,matched_er_4to1_chunk_12,60,MC,0.4083792567179502,96
sign_test_er0.2__norm_spectral_radius,matched_er_4to1_chunk_12,61,GR,0.6634184220056065,96
sign_test_er0.2__norm_spectral_radius,matched_er_4to1_chunk_12,61,IPC,0.40487799599219815,96
sign_test_er0.2__norm_spectral_radius,matched_er_4to1_chunk_12,61,KR,0.46160849439979407,96
sign_test_er0.2__norm_spectral_radius,matched_er_4to1_chunk_12,61,MC,0.36897282340492854,96
sign_test_er0.2__norm_spectral_radius,matched_er_4to1_chunk_12,62,GR,0.6619099710403467,96
sign_test_er0.2__norm_spectral_radius,matched_er_4to1_chunk_12,62,IPC,0.3879054069139098,96
sign_test_er0.2__norm_spectral_radius,matched_er_4to1_chunk_12,62,KR,0.4381147405576395,96
sign_test_er0.2__norm_spectral_radius,matched_er_4to1_chunk_12,62,MC,0.3862709091133184,96
sign_test_er0.2__norm_spectral_radius,matched_er_4to1_chunk_12,63,GR,0.6611656685331866,96
sign_test_er0.2__norm_spectral_radius,matched_er_4to1_chunk_12,63,IPC,0.3644024246895502,96
sign_test_er0.2__norm_spectral_radius,matched_er_4to1_chunk_12,63,KR,0.449462876798875,96
sign_test_er0.2__norm_spectral_radius,matched_er_4to1_chunk_12,63,MC,0.35879849355239213,96
sign_test_er0.2__norm_spectral_radius,matched_er_4to1_chunk_12,64,GR,0.6600231893612076,96
sign_test_er0.2__norm_spectral_radius,matched_er_4to1_chunk_12,64,IPC,0.38350505324530076,96
sign_test_er0.2__norm_spectral_radius,matched_er_4to1_chunk_12,64,KR,0.4402632534824419,96
sign_test_er0.2__norm_spectral_radius,matched_er_4to1_chunk_12,64,MC,0.3905176568457428,96
sign_test_er0.2__norm_spectral_radius,matched_er_4to1_chunk_13,65,GR,0.6924863665428888,96
sign_test_er0.2__norm_spectral_radius,matched_er_4to1_chunk_13,65,IPC,0.4063351058110455,96
sign_test_er0.2__norm_spectral_radius,matched_er_4to1_chunk_13,65,KR,0.48327555525887883,96
sign_test_er0.2__norm_spectral_radius,matched_er_4to1_chunk_13,65,MC,0.38543855328146676,96
sign_test_er0.2__norm_spectral_radius,matched_er_4to1_chunk_13,66,GR,0.6624205049780784,96
sign_test_er0.2__norm_spectral_radius,matched_er_4to1_chunk_13,66,IPC,0.39928471446572006,96
sign_test_er0.2__norm_spectral_radius,matched_er_4to1_chunk_13,66,KR,0.4410902734338197,96
sign_test_er0.2__norm_spectral_radius,matched_er_4to1_chunk_13,66,MC,0.38998700439884554,96
sign_test_er0.2__norm_spectral_radius,matched_er_4to1_chunk_13,67,GR,0.6621058609925098,96
sign_test_er0.2__norm_spectral_radius,matched_er_4to1_chunk_13,67,IPC,0.42717746946177476,96
sign_test_er0.2__norm_spectral_radius,matched_er_4to1_chunk_13,67,KR,0.44918000783353845,96
sign_test_er0.2__norm_spectral_radius,matched_er_4to1_chunk_13,67,MC,0.40180368768867536,96
sign_test_er0.2__norm_spectral_radius,matched_er_4to1_chunk_13,68,GR,0.6858070079491223,96
sign_test_er0.2__norm_spectral_radius,matched_er_4to1_chunk_13,68,IPC,0.4015387733543092,96
sign_test_er0.2__norm_spectral_radius,matched_er_4to1_chunk_13,68,KR,0.46481410594769207,96
sign_test_er0.2__norm_spectral_radius,matched_er_4to1_chunk_13,68,MC,0.37410243593301307,96
sign_test_er0.2__norm_spectral_radius,matched_er_4to1_chunk_13,69,GR,0.6508759901137814,96
sign_test_er0.2__norm_spectral_radius,matched_er_4to1_chunk_13,69,IPC,0.41012649934485046,96
sign_test_er0.2__norm_spectral_radius,matched_er_4to1_chunk_13,69,KR,0.4529722867312593,96
sign_test_er0.2__norm_spectral_radius,matched_er_4to1_chunk_13,69,MC,0.39120032483597345,96
sign_test_er0.2__norm_spectral_radius,matched_er_4to1_chunk_14,70,GR,0.6742537801385261,96
sign_test_er0.2__norm_spectral_radius,matched_er_4to1_chunk_14,70,IPC,0.38734306317741785,96
sign_test_er0.2__norm_spectral_radius,matched_er_4to1_chunk_14,70,KR,0.4489990384272428,96
sign_test_er0.2__norm_spectral_radius,matched_er_4to1_chunk_14,70,MC,0.3877193674026978,96
sign_test_er0.2__norm_spectral_radius,matched_er_4to1_chunk_14,71,GR,0.671987454064399,96
sign_test_er0.2__norm_spectral_radius,matched_er_4to1_chunk_14,71,IPC,0.36626765009775786,96
sign_test_er0.2__norm_spectral_radius,matched_er_4to1_chunk_14,71,KR,0.4453827389448836,96
sign_test_er0.2__norm_spectral_radius,matched_er_4to1_chunk_14,71,MC,0.366456475085116,96
sign_test_er0.2__norm_spectral_radius,matched_er_4to1_chunk_14,72,GR,0.6750377185839924,96
sign_test_er0.2__norm_spectral_radius,matched_er_4to1_chunk_14,72,IPC,0.3830438566293357,96
sign_test_er0.2__norm_spectral_radius,matched_er_4to1_chunk_14,72,KR,0.4537867517931043,96
sign_test_er0.2__norm_spectral_radius,matched_er_4to1_chunk_14,72,MC,0.359682016885911,96
sign_test_er0.2__norm_spectral_radius,matched_er_4to1_chunk_14,73,GR,0.6604995665407529,96
sign_test_er0.2__norm_spectral_radius,matched_er_4to1_chunk_14,73,IPC,0.3757925751662751,96
sign_test_er0.2__norm_spectral_radius,matched_er_4to1_chunk_14,73,KR,0.44359725698833097,96
sign_test_er0.2__norm_spectral_radius,matched_er_4to1_chunk_14,73,MC,0.36591427568930973,96
sign_test_er0.2__norm_spectral_radius,matched_er_4to1_chunk_14,74,GR,0.6846066342959586,96
sign_test_er0.2__norm_spectral_radius,matched_er_4to1_chunk_14,74,IPC,0.4085079123702976,96
sign_test_er0.2__norm_spectral_radius,matched_er_4to1_chunk_14,74,KR,0.46091593497284566,96
sign_test_er0.2__norm_spectral_radius,matched_er_4to1_chunk_14,74,MC,0.38208166423313455,96
sign_test_er0.2__norm_spectral_radius,matched_er_4to1_chunk_15,75,GR,0.6710952523386754,96
sign_test_er0.2__norm_spectral_radius,matched_er_4to1_chunk_15,75,IPC,0.37468826782266806,96
sign_test_er0.2__norm_spectral_radius,matched_er_4to1_chunk_15,75,KR,0.4495760700345358,96
sign_test_er0.2__norm_spectral_radius,matched_er_4to1_chunk_15,75,MC,0.36135668612851274,96
sign_test_er0.2__norm_spectral_radius,matched_er_4to1_chunk_15,76,GR,0.675547556390988,96
sign_test_er0.2__norm_spectral_radius,matched_er_4to1_chunk_15,76,IPC,0.3550912039795179,96
sign_test_er0.2__norm_spectral_radius,matched_er_4to1_chunk_15,76,KR,0.4453933397742829,96
sign_test_er0.2__norm_spectral_radius,matched_er_4to1_chunk_15,76,MC,0.36228221846194647,96
sign_test_er0.2__norm_spectral_radius,matched_er_4to1_chunk_15,77,GR,0.662319793673625,96
sign_test_er0.2__norm_spectral_radius,matched_er_4to1_chunk_15,77,IPC,0.4147489059588972,96
sign_test_er0.2__norm_spectral_radius,matched_er_4to1_chunk_15,77,KR,0.45047631804374716,96
sign_test_er0.2__norm_spectral_radius,matched_er_4to1_chunk_15,77,MC,0.37845216329449205,96
sign_test_er0.2__norm_spectral_radius,matched_er_4to1_chunk_15,78,GR,0.6780563184202337,96
sign_test_er0.2__norm_spectral_radius,matched_er_4to1_chunk_15,78,IPC,0.38857301766219504,96
sign_test_er0.2__norm_spectral_radius,matched_er_4to1_chunk_15,78,KR,0.4690304345328859,96
sign_test_er0.2__norm_spectral_radius,matched_er_4to1_chunk_15,78,MC,0.37664012679401127,96
sign_test_er0.2__norm_spectral_radius,matched_er_4to1_chunk_15,79,GR,0.673344705590472,96
sign_test_er0.2__norm_spectral_radius,matched_er_4to1_chunk_15,79,IPC,0.40297328324323023,96
sign_test_er0.2__norm_spectral_radius,matched_er_4to1_chunk_15,79,KR,0.45428930235532194,96
sign_test_er0.2__norm_spectral_radius,matched_er_4to1_chunk_15,79,MC,0.37145941688375606,96
sign_test_er0.2__norm_spectral_radius,matched_er_4to1_chunk_16,80,GR,0.6834302366145822,96
sign_test_er0.2__norm_spectral_radius,matched_er_4to1_chunk_16,80,IPC,0.35240788793124433,96
sign_test_er0.2__norm_spectral_radius,matched_er_4to1_chunk_16,80,KR,0.46522838260937527,96
sign_test_er0.2__norm_spectral_radius,matched_er_4to1_chunk_16,80,MC,0.364596544495432,96
sign_test_er0.2__norm_spectral_radius,matched_er_4to1_chunk_16,81,GR,0.6810191597949674,96
sign_test_er0.2__norm_spectral_radius,matched_er_4to1_chunk_16,81,IPC,0.3764292040521011,96
sign_test_er0.2__norm_spectral_radius,matched_er_4to1_chunk_16,81,KR,0.46494368953953813,96
sign_test_er0.2__norm_spectral_radius,matched_er_4to1_chunk_16,81,MC,0.3983927180129254,96
sign_test_er0.2__norm_spectral_radius,matched_er_4to1_chunk_16,82,GR,0.6560802032769953,96
sign_test_er0.2__norm_spectral_radius,matched_er_4to1_chunk_16,82,IPC,0.36253528910854643,96
sign_test_er0.2__norm_spectral_radius,matched_er_4to1_chunk_16,82,KR,0.43859452936345794,96
sign_test_er0.2__norm_spectral_radius,matched_er_4to1_chunk_16,82,MC,0.41304598805269566,96
sign_test_er0.2__norm_spectral_radius,matched_er_4to1_chunk_16,83,GR,0.6828378469538631,96
sign_test_er0.2__norm_spectral_radius,matched_er_4to1_chunk_16,83,IPC,0.3678361082651704,96
sign_test_er0.2__norm_spectral_radius,matched_er_4to1_chunk_16,83,KR,0.4525942111245262,96
sign_test_er0.2__norm_spectral_radius,matched_er_4to1_chunk_16,83,MC,0.413663003878744,96
sign_test_er0.2__norm_spectral_radius,matched_er_4to1_chunk_16,84,GR,0.6718471063830674,96
sign_test_er0.2__norm_spectral_radius,matched_er_4to1_chunk_16,84,IPC,0.3205690980120165,96
sign_test_er0.2__norm_spectral_radius,matched_er_4to1_chunk_16,84,KR,0.4428718260080285,96
sign_test_er0.2__norm_spectral_radius,matched_er_4to1_chunk_16,84,MC,0.36439222524949005,96
sign_test_er0.2__norm_spectral_radius,matched_er_4to1_chunk_17,85,GR,0.6885153950864614,96
sign_test_er0.2__norm_spectral_radius,matched_er_4to1_chunk_17,85,IPC,0.3609199876415506,96
sign_test_er0.2__norm_spectral_radius,matched_er_4to1_chunk_17,85,KR,0.4710706931312609,96
sign_test_er0.2__norm_spectral_radius,matched_er_4to1_chunk_17,85,MC,0.40088912093570045,96
sign_test_er0.2__norm_spectral_radius,matched_er_4to1_chunk_17,86,GR,0.6741890730695217,96
sign_test_er0.2__norm_spectral_radius,matched_er_4to1_chunk_17,86,IPC,0.4037091353505796,96
sign_test_er0.2__norm_spectral_radius,matched_er_4to1_chunk_17,86,KR,0.45600031235375516,96
sign_test_er0.2__norm_spectral_radius,matched_er_4to1_chunk_17,86,MC,0.3970932652851643,96
sign_test_er0.2__norm_spectral_radius,matched_er_4to1_chunk_17,87,GR,0.6785740689372682,96
sign_test_er0.2__norm_spectral_radius,matched_er_4to1_chunk_17,87,IPC,0.36495656959904954,96
sign_test_er0.2__norm_spectral_radius,matched_er_4to1_chunk_17,87,KR,0.4675149219437653,96
sign_test_er0.2__norm_spectral_radius,matched_er_4to1_chunk_17,87,MC,0.40788256315114635,96
sign_test_er0.2__norm_spectral_radius,matched_er_4to1_chunk_17,88,GR,0.6505470061462366,96
sign_test_er0.2__norm_spectral_radius,matched_er_4to1_chunk_17,88,IPC,0.3608539778731426,96
sign_test_er0.2__norm_spectral_radius,matched_er_4to1_chunk_17,88,KR,0.4446764974300866,96
sign_test_er0.2__norm_spectral_radius,matched_er_4to1_chunk_17,88,MC,0.40339172983641014,96
sign_test_er0.2__norm_spectral_radius,matched_er_4to1_chunk_17,89,GR,0.677537972300322,96
sign_test_er0.2__norm_spectral_radius,matched_er_4to1_chunk_17,89,IPC,0.39104509126854337,96
sign_test_er0.2__norm_spectral_radius,matched_er_4to1_chunk_17,89,KR,0.4501599561088675,96
sign_test_er0.2__norm_spectral_radius,matched_er_4to1_chunk_17,89,MC,0.41569298204011235,96
sign_test_er0.2__norm_spectral_radius,matched_er_4to1_chunk_18,90,GR,0.6761883455089822,96
sign_test_er0.2__norm_spectral_radius,matched_er_4to1_chunk_18,90,IPC,0.3798328972118886,96
sign_test_er0.2__norm_spectral_radius,matched_er_4to1_chunk_18,90,KR,0.46618170547869414,96
sign_test_er0.2__norm_spectral_radius,matched_er_4to1_chunk_18,90,MC,0.3995348232796249,96
sign_test_er0.2__norm_spectral_radius,matched_er_4to1_chunk_18,91,GR,0.6721712329621248,96
sign_test_er0.2__norm_spectral_radius,matched_er_4to1_chunk_18,91,IPC,0.3542965013572509,96
sign_test_er0.2__norm_spectral_radius,matched_er_4to1_chunk_18,91,KR,0.45979403863954166,96
sign_test_er0.2__norm_spectral_radius,matched_er_4to1_chunk_18,91,MC,0.3912742857658378,96
sign_test_er0.2__norm_spectral_radius,matched_er_4to1_chunk_18,92,GR,0.6768165634153985,96
sign_test_er0.2__norm_spectral_radius,matched_er_4to1_chunk_18,92,IPC,0.342669240126419,96
sign_test_er0.2__norm_spectral_radius,matched_er_4to1_chunk_18,92,KR,0.4572115042700912,96
sign_test_er0.2__norm_spectral_radius,matched_er_4to1_chunk_18,92,MC,0.38068363036700137,96
sign_test_er0.2__norm_spectral_radius,matched_er_4to1_chunk_18,93,GR,0.6834762700323554,96
sign_test_er0.2__norm_spectral_radius,matched_er_4to1_chunk_18,93,IPC,0.3450612153697669,96
sign_test_er0.2__norm_spectral_radius,matched_er_4to1_chunk_18,93,KR,0.4621770706276672,96
sign_test_er0.2__norm_spectral_radius,matched_er_4to1_chunk_18,93,MC,0.3700322853932093,96
sign_test_er0.2__norm_spectral_radius,matched_er_4to1_chunk_18,94,GR,0.6792310190800275,96
sign_test_er0.2__norm_spectral_radius,matched_er_4to1_chunk_18,94,IPC,0.35354376526837533,96
sign_test_er0.2__norm_spectral_radius,matched_er_4to1_chunk_18,94,KR,0.46521192497743297,96
sign_test_er0.2__norm_spectral_radius,matched_er_4to1_chunk_18,94,MC,0.39561130108574466,96
sign_test_er0.2__norm_spectral_radius,matched_er_4to1_chunk_19,95,GR,0.6763471486608337,96
sign_test_er0.2__norm_spectral_radius,matched_er_4to1_chunk_19,95,IPC,0.36490109524926306,96
sign_test_er0.2__norm_spectral_radius,matched_er_4to1_chunk_19,95,KR,0.4436443026599808,96
sign_test_er0.2__norm_spectral_radius,matched_er_4to1_chunk_19,95,MC,0.40450622594201086,96
sign_test_er0.2__norm_spectral_radius,matched_er_4to1_chunk_19,96,GR,0.6785221786350334,96
sign_test_er0.2__norm_spectral_radius,matched_er_4to1_chunk_19,96,IPC,0.3784026747389699,96
sign_test_er0.2__norm_spectral_radius,matched_er_4to1_chunk_19,96,KR,0.4688387870148439,96
sign_test_er0.2__norm_spectral_radius,matched_er_4to1_chunk_19,96,MC,0.38259583849995044,96
sign_test_er0.2__norm_spectral_radius,matched_er_4to1_chunk_19,97,GR,0.6784906501988452,96
sign_test_er0.2__norm_spectral_radius,matched_er_4to1_chunk_19,97,IPC,0.36731278215647983,96
sign_test_er0.2__norm_spectral_radius,matched_er_4to1_chunk_19,97,KR,0.4696682914280334,96
sign_test_er0.2__norm_spectral_radius,matched_er_4to1_chunk_19,97,MC,0.3911469405174899,96
sign_test_er0.2__norm_spectral_radius,matched_er_4to1_chunk_19,98,GR,0.6799482795580813,96
sign_test_er0.2__norm_spectral_radius,matched_er_4to1_chunk_19,98,IPC,0.35642486405489276,96
sign_test_er0.2__norm_spectral_radius,matched_er_4to1_chunk_19,98,KR,0.46619067635685163,96
sign_test_er0.2__norm_spectral_radius,matched_er_4to1_chunk_19,98,MC,0.40185523017281494,96
sign_test_er0.2__norm_spectral_radius,matched_er_4to1_chunk_19,99,GR,0.6762158304156836,96
sign_test_er0.2__norm_spectral_radius,matched_er_4to1_chunk_19,99,IPC,0.3392404588081722,96
sign_test_er0.2__norm_spectral_radius,matched_er_4to1_chunk_19,99,KR,0.4618919462438544,96
sign_test_er0.2__norm_spectral_radius,matched_er_4to1_chunk_19,99,MC,0.3823005805323561,96
sign_test_er0.2__norm_spectral_radius,matched_er_4to1_chunk_2,10,GR,0.6851797363031019,96
sign_test_er0.2__norm_spectral_radius,matched_er_4to1_chunk_2,10,IPC,0.37497383050805383,96
sign_test_er0.2__norm_spectral_radius,matched_er_4to1_chunk_2,10,KR,0.47267751710807543,96
sign_test_er0.2__norm_spectral_radius,matched_er_4to1_chunk_2,10,MC,0.3689047911561958,96
sign_test_er0.2__norm_spectral_radius,matched_er_4to1_chunk_2,11,GR,0.6757794116737926,96
sign_test_er0.2__norm_spectral_radius,matched_er_4to1_chunk_2,11,IPC,0.3698867339163312,96
sign_test_er0.2__norm_spectral_radius,matched_er_4to1_chunk_2,11,KR,0.46225304230220976,96
sign_test_er0.2__norm_spectral_radius,matched_er_4to1_chunk_2,11,MC,0.3423137475018938,96
sign_test_er0.2__norm_spectral_radius,matched_er_4to1_chunk_2,12,GR,0.676377513361039,96
sign_test_er0.2__norm_spectral_radius,matched_er_4to1_chunk_2,12,IPC,0.4058799247903335,96
sign_test_er0.2__norm_spectral_radius,matched_er_4to1_chunk_2,12,KR,0.463129751285442,96
sign_test_er0.2__norm_spectral_radius,matched_er_4to1_chunk_2,12,MC,0.40456495852653224,96
sign_test_er0.2__norm_spectral_radius,matched_er_4to1_chunk_2,13,GR,0.6741111237774622,96
sign_test_er0.2__norm_spectral_radius,matched_er_4to1_chunk_2,13,IPC,0.3731738143705077,96
sign_test_er0.2__norm_spectral_radius,matched_er_4to1_chunk_2,13,KR,0.45081490782051165,96
sign_test_er0.2__norm_spectral_radius,matched_er_4to1_chunk_2,13,MC,0.36656160960993567,96
sign_test_er0.2__norm_spectral_radius,matched_er_4to1_chunk_2,14,GR,0.659024702765009,96
sign_test_er0.2__norm_spectral_radius,matched_er_4to1_chunk_2,14,IPC,0.3872013254814611,96
sign_test_er0.2__norm_spectral_radius,matched_er_4to1_chunk_2,14,KR,0.44263724283425776,96
sign_test_er0.2__norm_spectral_radius,matched_er_4to1_chunk_2,14,MC,0.36821126470030485,96
sign_test_er0.2__norm_spectral_radius,matched_er_4to1_chunk_3,15,GR,0.6589245018706982,96
sign_test_er0.2__norm_spectral_radius,matched_er_4to1_chunk_3,15,IPC,0.35514791523052514,96
sign_test_er0.2__norm_spectral_radius,matched_er_4to1_chunk_3,15,KR,0.4275495399847643,96
sign_test_er0.2__norm_spectral_radius,matched_er_4to1_chunk_3,15,MC,0.35759491121421594,96
sign_test_er0.2__norm_spectral_radius,matched_er_4to1_chunk_3,16,GR,0.6857749317328046,96
sign_test_er0.2__norm_spectral_radius,matched_er_4to1_chunk_3,16,IPC,0.40877470253552867,96
sign_test_er0.2__norm_spectral_radius,matched_er_4to1_chunk_3,16,KR,0.4696234042292135,96
sign_test_er0.2__norm_spectral_radius,matched_er_4to1_chunk_3,16,MC,0.3802862011598987,96
sign_test_er0.2__norm_spectral_radius,matched_er_4to1_chunk_3,17,GR,0.6634794516059617,96
sign_test_er0.2__norm_spectral_radius,matched_er_4to1_chunk_3,17,IPC,0.3861236296897058,96
sign_test_er0.2__norm_spectral_radius,matched_er_4to1_chunk_3,17,KR,0.4320891972475067,96
sign_test_er0.2__norm_spectral_radius,matched_er_4to1_chunk_3,17,MC,0.39095540874145857,96
sign_test_er0.2__norm_spectral_radius,matched_er_4to1_chunk_3,18,GR,0.6749973076543508,96
sign_test_er0.2__norm_spectral_radius,matched_er_4to1_chunk_3,18,IPC,0.38186487767309635,96
sign_test_er0.2__norm_spectral_radius,matched_er_4to1_chunk_3,18,KR,0.4613147517184695,96
sign_test_er0.2__norm_spectral_radius,matched_er_4to1_chunk_3,18,MC,0.3583127607662991,96
sign_test_er0.2__norm_spectral_radius,matched_er_4to1_chunk_3,19,GR,0.675852102158297,96
sign_test_er0.2__norm_spectral_radius,matched_er_4to1_chunk_3,19,IPC,0.3896311533848016,96
sign_test_er0.2__norm_spectral_radius,matched_er_4to1_chunk_3,19,KR,0.4590097528766114,96
sign_test_er0.2__norm_spectral_radius,matched_er_4to1_chunk_3,19,MC,0.3573952523408103,96
sign_test_er0.2__norm_spectral_radius,matched_er_4to1_chunk_4,20,GR,0.6604860934827209,96
sign_test_er0.2__norm_spectral_radius,matched_er_4to1_chunk_4,20,IPC,0.38007318628094944,96
sign_test_er0.2__norm_spectral_radius,matched_er_4to1_chunk_4,20,KR,0.44174561758977726,96
sign_test_er0.2__norm_spectral_radius,matched_er_4to1_chunk_4,20,MC,0.3578885019153958,96
sign_test_er0.2__norm_spectral_radius,matched_er_4to1_chunk_4,21,GR,0.6634859272762264,96
sign_test_er0.2__norm_spectral_radius,matched_er_4to1_chunk_4,21,IPC,0.408527998083703,96
sign_test_er0.2__norm_spectral_radius,matched_er_4to1_chunk_4,21,KR,0.4393914641086817,96
sign_test_er0.2__norm_spectral_radius,matched_er_4to1_chunk_4,21,MC,0.3971741989283565,96
sign_test_er0.2__norm_spectral_radius,matched_er_4to1_chunk_4,22,GR,0.6701093492259607,96
sign_test_er0.2__norm_spectral_radius,matched_er_4to1_chunk_4,22,IPC,0.3844590452759526,96
sign_test_er0.2__norm_spectral_radius,matched_er_4to1_chunk_4,22,KR,0.4561913282594309,96
sign_test_er0.2__norm_spectral_radius,matched_er_4to1_chunk_4,22,MC,0.3698350217056662,96
sign_test_er0.2__norm_spectral_radius,matched_er_4to1_chunk_4,23,GR,0.6727832205601754,96
sign_test_er0.2__norm_spectral_radius,matched_er_4to1_chunk_4,23,IPC,0.3609290870576417,96
sign_test_er0.2__norm_spectral_radius,matched_er_4to1_chunk_4,23,KR,0.46422758593347935,96
sign_test_er0.2__norm_spectral_radius,matched_er_4to1_chunk_4,23,MC,0.3374380544457626,96
sign_test_er0.2__norm_spectral_radius,matched_er_4to1_chunk_4,24,GR,0.6797368671016022,96
sign_test_er0.2__norm_spectral_radius,matched_er_4to1_chunk_4,24,IPC,0.37152982491875597,96
sign_test_er0.2__norm_spectral_radius,matched_er_4to1_chunk_4,24,KR,0.46025054926841846,96
sign_test_er0.2__norm_spectral_radius,matched_er_4to1_chunk_4,24,MC,0.3529815908747397,96
sign_test_er0.2__norm_spectral_radius,matched_er_4to1_chunk_5,25,GR,0.679651765678099,96
sign_test_er0.2__norm_spectral_radius,matched_er_4to1_chunk_5,25,IPC,0.4095264845734379,96
sign_test_er0.2__norm_spectral_radius,matched_er_4to1_chunk_5,25,KR,0.4581111821391859,96
sign_test_er0.2__norm_spectral_radius,matched_er_4to1_chunk_5,25,MC,0.3694686302113131,96
sign_test_er0.2__norm_spectral_radius,matched_er_4to1_chunk_5,26,GR,0.6697377594842201,96
sign_test_er0.2__norm_spectral_radius,matched_er_4to1_chunk_5,26,IPC,0.38315225868199404,96
sign_test_er0.2__norm_spectral_radius,matched_er_4to1_chunk_5,26,KR,0.45577002937384403,96
sign_test_er0.2__norm_spectral_radius,matched_er_4to1_chunk_5,26,MC,0.3640267842027676,96
sign_test_er0.2__norm_spectral_radius,matched_er_4to1_chunk_5,27,GR,0.6533643194825548,96
sign_test_er0.2__norm_spectral_radius,matched_er_4to1_chunk_5,27,IPC,0.38297367235744884,96
sign_test_er0.2__norm_spectral_radius,matched_er_4to1_chunk_5,27,KR,0.4332188740050945,96
sign_test_er0.2__norm_spectral_radius,matched_er_4to1_chunk_5,27,MC,0.3935969155802413,96
sign_test_er0.2__norm_spectral_radius,matched_er_4to1_chunk_5,28,GR,0.6815830703885353,96
sign_test_er0.2__norm_spectral_radius,matched_er_4to1_chunk_5,28,IPC,0.36247939886393826,96
sign_test_er0.2__norm_spectral_radius,matched_er_4to1_chunk_5,28,KR,0.4560801473122839,96
sign_test_er0.2__norm_spectral_radius,matched_er_4to1_chunk_5,28,MC,0.36330597249144914,96
sign_test_er0.2__norm_spectral_radius,matched_er_4to1_chunk_5,29,GR,0.6569111526428082,96
sign_test_er0.2__norm_spectral_radius,matched_er_4to1_chunk_5,29,IPC,0.3937076780729587,96
sign_test_er0.2__norm_spectral_radius,matched_er_4to1_chunk_5,29,KR,0.43822287180422637,96
sign_test_er0.2__norm_spectral_radius,matched_er_4to1_chunk_5,29,MC,0.40130200015408807,96
sign_test_er0.2__norm_spectral_radius,matched_er_4to1_chunk_6,30,GR,0.6701521813261558,96
sign_test_er0.2__norm_spectral_radius,matched_er_4to1_chunk_6,30,IPC,0.40612222961955274,96
sign_test_er0.2__norm_spectral_radius,matched_er_4to1_chunk_6,30,KR,0.4555002112388515,96
sign_test_er0.2__norm_spectral_radius,matched_er_4to1_chunk_6,30,MC,0.3792868524377677,96
sign_test_er0.2__norm_spectral_radius,matched_er_4to1_chunk_6,31,GR,0.6671889568489425,96
sign_test_er0.2__norm_spectral_radius,matched_er_4to1_chunk_6,31,IPC,0.3749255242263807,96
sign_test_er0.2__norm_spectral_radius,matched_er_4to1_chunk_6,31,KR,0.4453572416490389,96
sign_test_er0.2__norm_spectral_radius,matched_er_4to1_chunk_6,31,MC,0.353999815593113,96
sign_test_er0.2__norm_spectral_radius,matched_er_4to1_chunk_6,32,GR,0.6806147121429001,96
sign_test_er0.2__norm_spectral_radius,matched_er_4to1_chunk_6,32,IPC,0.3658066511076623,96
sign_test_er0.2__norm_spectral_radius,matched_er_4to1_chunk_6,32,KR,0.4648448402774033,96
sign_test_er0.2__norm_spectral_radius,matched_er_4to1_chunk_6,32,MC,0.36077774033461313,96
sign_test_er0.2__norm_spectral_radius,matched_er_4to1_chunk_6,33,GR,0.6643418398207172,96
sign_test_er0.2__norm_spectral_radius,matched_er_4to1_chunk_6,33,IPC,0.3546450605523573,96
sign_test_er0.2__norm_spectral_radius,matched_er_4to1_chunk_6,33,KR,0.44692404194939384,96
sign_test_er0.2__norm_spectral_radius,matched_er_4to1_chunk_6,33,MC,0.3459058619609264,96
sign_test_er0.2__norm_spectral_radius,matched_er_4to1_chunk_6,34,GR,0.6790736038807981,96
sign_test_er0.2__norm_spectral_radius,matched_er_4to1_chunk_6,34,IPC,0.4326350175591127,96
sign_test_er0.2__norm_spectral_radius,matched_er_4to1_chunk_6,34,KR,0.46733125278264925,96
sign_test_er0.2__norm_spectral_radius,matched_er_4to1_chunk_6,34,MC,0.3955850290665409,96
sign_test_er0.2__norm_spectral_radius,matched_er_4to1_chunk_7,35,GR,0.6768479717438299,96
sign_test_er0.2__norm_spectral_radius,matched_er_4to1_chunk_7,35,IPC,0.4054759264954994,96
sign_test_er0.2__norm_spectral_radius,matched_er_4to1_chunk_7,35,KR,0.45230880275690305,96
sign_test_er0.2__norm_spectral_radius,matched_er_4to1_chunk_7,35,MC,0.37080096631860276,96
sign_test_er0.2__norm_spectral_radius,matched_er_4to1_chunk_7,36,GR,0.6651160936514607,96
sign_test_er0.2__norm_spectral_radius,matched_er_4to1_chunk_7,36,IPC,0.3860351318983715,96
sign_test_er0.2__norm_spectral_radius,matched_er_4to1_chunk_7,36,KR,0.44830600682200444,96
sign_test_er0.2__norm_spectral_radius,matched_er_4to1_chunk_7,36,MC,0.3836184187262677,96
sign_test_er0.2__norm_spectral_radius,matched_er_4to1_chunk_7,37,GR,0.6786462927698986,96
sign_test_er0.2__norm_spectral_radius,matched_er_4to1_chunk_7,37,IPC,0.38171439520842093,96
sign_test_er0.2__norm_spectral_radius,matched_er_4to1_chunk_7,37,KR,0.4646807351099511,96
sign_test_er0.2__norm_spectral_radius,matched_er_4to1_chunk_7,37,MC,0.3620026021554599,96
sign_test_er0.2__norm_spectral_radius,matched_er_4to1_chunk_7,38,GR,0.6601063442587822,96
sign_test_er0.2__norm_spectral_radius,matched_er_4to1_chunk_7,38,IPC,0.39795884234111295,96
sign_test_er0.2__norm_spectral_radius,matched_er_4to1_chunk_7,38,KR,0.45052216958334357,96
sign_test_er0.2__norm_spectral_radius,matched_er_4to1_chunk_7,38,MC,0.3939576162863043,96
sign_test_er0.2__norm_spectral_radius,matched_er_4to1_chunk_7,39,GR,0.6666343796632421,96
sign_test_er0.2__norm_spectral_radius,matched_er_4to1_chunk_7,39,IPC,0.4059921564204197,96
sign_test_er0.2__norm_spectral_radius,matched_er_4to1_chunk_7,39,KR,0.4430129007408712,96
sign_test_er0.2__norm_spectral_radius,matched_er_4to1_chunk_7,39,MC,0.3937448116540293,96
sign_test_er0.2__norm_spectral_radius,matched_er_4to1_chunk_8,40,GR,0.672970305480763,96
sign_test_er0.2__norm_spectral_radius,matched_er_4to1_chunk_8,40,IPC,0.42324581268743217,96
sign_test_er0.2__norm_spectral_radius,matched_er_4to1_chunk_8,40,KR,0.45958384399014396,96
sign_test_er0.2__norm_spectral_radius,matched_er_4to1_chunk_8,40,MC,0.4104636156812996,96
sign_test_er0.2__norm_spectral_radius,matched_er_4to1_chunk_8,41,GR,0.663709463715852,96
sign_test_er0.2__norm_spectral_radius,matched_er_4to1_chunk_8,41,IPC,0.40327101501430357,96
sign_test_er0.2__norm_spectral_radius,matched_er_4to1_chunk_8,41,KR,0.44140508004798945,96
sign_test_er0.2__norm_spectral_radius,matched_er_4to1_chunk_8,41,MC,0.398034264657011,96
sign_test_er0.2__norm_spectral_radius,matched_er_4to1_chunk_8,42,GR,0.6733915615055381,96
sign_test_er0.2__norm_spectral_radius,matched_er_4to1_chunk_8,42,IPC,0.412211188045783,96
sign_test_er0.2__norm_spectral_radius,matched_er_4to1_chunk_8,42,KR,0.46948207611078674,96
sign_test_er0.2__norm_spectral_radius,matched_er_4to1_chunk_8,42,MC,0.388857294823371,96
sign_test_er0.2__norm_spectral_radius,matched_er_4to1_chunk_8,43,GR,0.6697115967804823,96
sign_test_er0.2__norm_spectral_radius,matched_er_4to1_chunk_8,43,IPC,0.3805764313334464,96
sign_test_er0.2__norm_spectral_radius,matched_er_4to1_chunk_8,43,KR,0.4470356011493496,96
sign_test_er0.2__norm_spectral_radius,matched_er_4to1_chunk_8,43,MC,0.3686388799705878,96
sign_test_er0.2__norm_spectral_radius,matched_er_4to1_chunk_8,44,GR,0.6608061379468351,96
sign_test_er0.2__norm_spectral_radius,matched_er_4to1_chunk_8,44,IPC,0.3560665048074599,96
sign_test_er0.2__norm_spectral_radius,matched_er_4to1_chunk_8,44,KR,0.4363201120199103,96
sign_test_er0.2__norm_spectral_radius,matched_er_4to1_chunk_8,44,MC,0.3477858473966551,96
sign_test_er0.2__norm_spectral_radius,matched_er_4to1_chunk_9,45,GR,0.6752939080519168,96
sign_test_er0.2__norm_spectral_radius,matched_er_4to1_chunk_9,45,IPC,0.35890580038694103,96
sign_test_er0.2__norm_spectral_radius,matched_er_4to1_chunk_9,45,KR,0.45028312099823925,96
sign_test_er0.2__norm_spectral_radius,matched_er_4to1_chunk_9,45,MC,0.35247315595399203,96
sign_test_er0.2__norm_spectral_radius,matched_er_4to1_chunk_9,46,GR,0.6807765608200298,96
sign_test_er0.2__norm_spectral_radius,matched_er_4to1_chunk_9,46,IPC,0.3855606644226685,96
sign_test_er0.2__norm_spectral_radius,matched_er_4to1_chunk_9,46,KR,0.46221269001676607,96
sign_test_er0.2__norm_spectral_radius,matched_er_4to1_chunk_9,46,MC,0.37544195102608674,96
sign_test_er0.2__norm_spectral_radius,matched_er_4to1_chunk_9,47,GR,0.6920950379972002,96
sign_test_er0.2__norm_spectral_radius,matched_er_4to1_chunk_9,47,IPC,0.4112505148265083,96
sign_test_er0.2__norm_spectral_radius,matched_er_4to1_chunk_9,47,KR,0.47612951954201727,96
sign_test_er0.2__norm_spectral_radius,matched_er_4to1_chunk_9,47,MC,0.4037458434692388,96
sign_test_er0.2__norm_spectral_radius,matched_er_4to1_chunk_9,48,GR,0.6834231295305127,96
sign_test_er0.2__norm_spectral_radius,matched_er_4to1_chunk_9,48,IPC,0.3847068876631797,96
sign_test_er0.2__norm_spectral_radius,matched_er_4to1_chunk_9,48,KR,0.46825200085490626,96
sign_test_er0.2__norm_spectral_radius,matched_er_4to1_chunk_9,48,MC,0.3874509918569993,96
sign_test_er0.2__norm_spectral_radius,matched_er_4to1_chunk_9,49,GR,0.6587703812622745,96
sign_test_er0.2__norm_spectral_radius,matched_er_4to1_chunk_9,49,IPC,0.3523583592399392,96
sign_test_er0.2__norm_spectral_radius,matched_er_4to1_chunk_9,49,KR,0.44660824221735673,96
sign_test_er0.2__norm_spectral_radius,matched_er_4to1_chunk_9,49,MC,0.36004373481425084,96
sign_test_er0.4__norm_original_radius,matched_er_4to1_chunk_0,0,GR,0.7191590538555614,96
sign_test_er0.4__norm_original_radius,matched_er_4to1_chunk_0,0,IPC,0.4235699162997227,96
sign_test_er0.4__norm_original_radius,matched_er_4to1_chunk_0,0,KR,0.4900153369981259,96
sign_test_er0.4__norm_original_radius,matched_er_4to1_chunk_0,0,MC,0.432106870847203,96
sign_test_er0.4__norm_original_radius,matched_er_4to1_chunk_0,1,GR,0.7443443476864212,96
sign_test_er0.4__norm_original_radius,matched_er_4to1_chunk_0,1,IPC,0.40947927549401475,96
sign_test_er0.4__norm_original_radius,matched_er_4to1_chunk_0,1,KR,0.5153107023355895,96
sign_test_er0.4__norm_original_radius,matched_er_4to1_chunk_0,1,MC,0.4277300610364186,96
sign_test_er0.4__norm_original_radius,matched_er_4to1_chunk_0,2,GR,0.7226176073329162,96
sign_test_er0.4__norm_original_radius,matched_er_4to1_chunk_0,2,IPC,0.42408857448737036,96
sign_test_er0.4__norm_original_radius,matched_er_4to1_chunk_0,2,KR,0.48896476139417844,96
sign_test_er0.4__norm_original_radius,matched_er_4to1_chunk_0,2,MC,0.41889732715288275,96
sign_test_er0.4__norm_original_radius,matched_er_4to1_chunk_0,3,GR,0.7176749213415203,96
sign_test_er0.4__norm_original_radius,matched_er_4to1_chunk_0,3,IPC,0.43224993819738217,96
sign_test_er0.4__norm_original_radius,matched_er_4to1_chunk_0,3,KR,0.4885742851331823,96
sign_test_er0.4__norm_original_radius,matched_er_4to1_chunk_0,3,MC,0.41673423929957715,96
sign_test_er0.4__norm_original_radius,matched_er_4to1_chunk_0,4,GR,0.715652082769175,96
sign_test_er0.4__norm_original_radius,matched_er_4to1_chunk_0,4,IPC,0.3941084072931493,96
sign_test_er0.4__norm_original_radius,matched_er_4to1_chunk_0,4,KR,0.47828197949129864,96
sign_test_er0.4__norm_original_radius,matched_er_4to1_chunk_0,4,MC,0.44065492173428433,96
sign_test_er0.4__norm_original_radius,matched_er_4to1_chunk_1,5,GR,0.7101260506195661,96
sign_test_er0.4__norm_original_radius,matched_er_4to1_chunk_1,5,IPC,0.4009256813155608,96
sign_test_er0.4__norm_original_radius,matched_er_4to1_chunk_1,5,KR,0.48002718910433145,96
sign_test_er0.4__norm_original_radius,matched_er_4to1_chunk_1,5,MC,0.4033729450632341,96
sign_test_er0.4__norm_original_radius,matched_er_4to1_chunk_1,6,GR,0.6978598120016546,96
sign_test_er0.4__norm_original_radius,matched_er_4to1_chunk_1,6,IPC,0.400098653256843,96
sign_test_er0.4__norm_original_radius,matched_er_4to1_chunk_1,6,KR,0.46097871024029896,96
sign_test_er0.4__norm_original_radius,matched_er_4to1_chunk_1,6,MC,0.4218404492674582,96
sign_test_er0.4__norm_original_radius,matched_er_4to1_chunk_1,7,GR,0.7056588012955892,96
sign_test_er0.4__norm_original_radius,matched_er_4to1_chunk_1,7,IPC,0.436533257364463,96
sign_test_er0.4__norm_original_radius,matched_er_4to1_chunk_1,7,KR,0.4717426297475112,96
sign_test_er0.4__norm_original_radius,matched_er_4to1_chunk_1,7,MC,0.4440460243216046,96
sign_test_er0.4__norm_original_radius,matched_er_4to1_chunk_1,8,GR,0.7117086554527005,96
sign_test_er0.4__norm_original_radius,matched_er_4to1_chunk_1,8,IPC,0.40915918012293623,96
sign_test_er0.4__norm_original_radius,matched_er_4to1_chunk_1,8,KR,0.4823918676409667,96
sign_test_er0.4__norm_original_radius,matched_er_4to1_chunk_1,8,MC,0.427148806341919,96
sign_test_er0.4__norm_original_radius,matched_er_4to1_chunk_1,9,GR,0.7206818193249239,96
sign_test_er0.4__norm_original_radius,matched_er_4to1_chunk_1,9,IPC,0.41214639381349516,96
sign_test_er0.4__norm_original_radius,matched_er_4to1_chunk_1,9,KR,0.47859976171953617,96
sign_test_er0.4__norm_original_radius,matched_er_4to1_chunk_1,9,MC,0.43053957898094586,96
sign_test_er0.4__norm_original_radius,matched_er_4to1_chunk_10,50,GR,0.7197901434897611,96
sign_test_er0.4__norm_original_radius,matched_er_4to1_chunk_10,50,IPC,0.42528359543776767,96
sign_test_er0.4__norm_original_radius,matched_er_4to1_chunk_10,50,KR,0.48869361157877966,96
sign_test_er0.4__norm_original_radius,matched_er_4to1_chunk_10,50,MC,0.441913045916506,96
sign_test_er0.4__norm_original_radius,matched_er_4to1_chunk_10,51,GR,0.7095127026458015,96
sign_test_er0.4__norm_original_radius,matched_er_4to1_chunk_10,51,IPC,0.45782386726302277,96
sign_test_er0.4__norm_original_radius,matched_er_4to1_chunk_10,51,KR,0.489507573612339,96
sign_test_er0.4__norm_original_radius,matched_er_4to1_chunk_10,51,MC,0.448163927502429,96
sign_test_er0.4__norm_original_radius,matched_er_4to1_chunk_10,52,GR,0.7174938571720002,96
sign_test_er0.4__norm_original_radius,matched_er_4to1_chunk_10,52,IPC,0.42319177757203646,96
sign_test_er0.4__norm_original_radius,matched_er_4to1_chunk_10,52,KR,0.4813572163711903,96
sign_test_er0.4__norm_original_radius,matched_er_4to1_chunk_10,52,MC,0.43430984039255516,96
sign_test_er0.4__norm_original_radius,matched_er_4to1_chunk_10,53,GR,0.7293128957212881,96
sign_test_er0.4__norm_original_radius,matched_er_4to1_chunk_10,53,IPC,0.41365815010835283,96
sign_test_er0.4__norm_original_radius,matched_er_4to1_chunk_10,53,KR,0.4989657577197651,96
sign_test_er0.4__norm_original_radius,matched_er_4to1_chunk_10,53,MC,0.42131962885976443,96
sign_test_er0.4__norm_original_radius,matched_er_4to1_chunk_10,54,GR,0.7256567106277926,96
sign_test_er0.4__norm_original_radius,matched_er_4to1_chunk_10,54,IPC,0.3862954297226296,96
sign_test_er0.4__norm_original_radius,matched_er_4to1_chunk_10,54,KR,0.4874404063957887,96
sign_test_er0.4__norm_original_radius,matched_er_4to1_chunk_10,54,MC,0.4089060075877612,96
sign_test_er0.4__norm_original_radius,matched_er_4to1_chunk_11,55,GR,0.7076411789635743,96
sign_test_er0.4__norm_original_radius,matched_er_4to1_chunk_11,55,IPC,0.41688392338982544,96
sign_test_er0.4__norm_original_radius,matched_er_4to1_chunk_11,55,KR,0.4790151823956005,96
sign_test_er0.4__norm_original_radius,matched_er_4to1_chunk_11,55,MC,0.4321362085913278,96
sign_test_er0.4__norm_original_radius,matched_er_4to1_chunk_11,56,GR,0.7095681913388089,96
sign_test_er0.4__norm_original_radius,matched_er_4to1_chunk_11,56,IPC,0.40862907925178465,96
sign_test_er0.4__norm_original_radius,matched_er_4to1_chunk_11,56,KR,0.4777376067671889,96
sign_test_er0.4__norm_original_radius,matched_er_4to1_chunk_11,56,MC,0.40819674036119147,96
sign_test_er0.4__norm_original_radius,matched_er_4to1_chunk_11,57,GR,0.7059224058935761,96
sign_test_er0.4__norm_original_radius,matched_er_4to1_chunk_11,57,IPC,0.41097458195613623,96
sign_test_er0.4__norm_original_radius,matched_er_4to1_chunk_11,57,KR,0.47172665851228285,96
sign_test_er0.4__norm_original_radius,matched_er_4to1_chunk_11,57,MC,0.4240615951595728,96
sign_test_er0.4__norm_original_radius,matched_er_4to1_chunk_11,58,GR,0.7039663037377181,96
sign_test_er0.4__norm_original_radius,matched_er_4to1_chunk_11,58,IPC,0.4329331220758324,96
sign_test_er0.4__norm_original_radius,matched_er_4to1_chunk_11,58,KR,0.47396501806660096,96
sign_test_er0.4__norm_original_radius,matched_er_4to1_chunk_11,58,MC,0.4447730300445017,96
sign_test_er0.4__norm_original_radius,matched_er_4to1_chunk_11,59,GR,0.707035073255562,96
sign_test_er0.4__norm_original_radius,matched_er_4to1_chunk_11,59,IPC,0.40281197007158415,96
sign_test_er0.4__norm_original_radius,matched_er_4to1_chunk_11,59,KR,0.4680658399726213,96
sign_test_er0.4__norm_original_radius,matched_er_4to1_chunk_11,59,MC,0.42189740750611876,96
sign_test_er0.4__norm_original_radius,matched_er_4to1_chunk_12,60,GR,0.7200329594912882,96
sign_test_er0.4__norm_original_radius,matched_er_4to1_chunk_12,60,IPC,0.4275271489166979,96
sign_test_er0.4__norm_original_radius,matched_er_4to1_chunk_12,60,KR,0.49535046321590914,96
sign_test_er0.4__norm_original_radius,matched_er_4to1_chunk_12,60,MC,0.4452392897782485,96
sign_test_er0.4__norm_original_radius,matched_er_4to1_chunk_12,61,GR,0.7079501892289951,96
sign_test_er0.4__norm_original_radius,matched_er_4to1_chunk_12,61,IPC,0.40559002130178773,96
sign_test_er0.4__norm_original_radius,matched_er_4to1_chunk_12,61,KR,0.4944927060647309,96
sign_test_er0.4__norm_original_radius,matched_er_4to1_chunk_12,61,MC,0.4142456433846284,96
sign_test_er0.4__norm_original_radius,matched_er_4to1_chunk_12,62,GR,0.7187972153282693,96
sign_test_er0.4__norm_original_radius,matched_er_4to1_chunk_12,62,IPC,0.39077350385985793,96
sign_test_er0.4__norm_original_radius,matched_er_4to1_chunk_12,62,KR,0.4838457035871619,96
sign_test_er0.4__norm_original_radius,matched_er_4to1_chunk_12,62,MC,0.42167604325166785,96
sign_test_er0.4__norm_original_radius,matched_er_4to1_chunk_12,63,GR,0.7100510183648933,96
sign_test_er0.4__norm_original_radius,matched_er_4to1_chunk_12,63,IPC,0.3990654175642721,96
sign_test_er0.4__norm_original_radius,matched_er_4to1_chunk_12,63,KR,0.4757115238661966,96
sign_test_er0.4__norm_original_radius,matched_er_4to1_chunk_12,63,MC,0.402840635271726,96
sign_test_er0.4__norm_original_radius,matched_er_4to1_chunk_12,64,GR,0.7034323160916084,96
sign_test_er0.4__norm_original_radius,matched_er_4to1_chunk_12,64,IPC,0.4339288553188972,96
sign_test_er0.4__norm_original_radius,matched_er_4to1_chunk_12,64,KR,0.4683710959978601,96
sign_test_er0.4__norm_original_radius,matched_er_4to1_chunk_12,64,MC,0.44764995042554695,96
sign_test_er0.4__norm_original_radius,matched_er_4to1_chunk_13,65,GR,0.7134528905747255,96
sign_test_er0.4__norm_original_radius,matched_er_4to1_chunk_13,65,IPC,0.40220630961456266,96
sign_test_er0.4__norm_original_radius,matched_er_4to1_chunk_13,65,KR,0.4890618105281033,96
sign_test_er0.4__norm_original_radius,matched_er_4to1_chunk_13,65,MC,0.41500005562252473,96
sign_test_er0.4__norm_original_radius,matched_er_4to1_chunk_13,66,GR,0.7068686789197537,96
sign_test_er0.4__norm_original_radius,matched_er_4to1_chunk_13,66,IPC,0.42405604762945853,96
sign_test_er0.4__norm_original_radius,matched_er_4to1_chunk_13,66,KR,0.4732716209076234,96
sign_test_er0.4__norm_original_radius,matched_er_4to1_chunk_13,66,MC,0.4477572104613821,96
sign_test_er0.4__norm_original_radius,matched_er_4to1_chunk_13,67,GR,0.7006625858137712,96
sign_test_er0.4__norm_original_radius,matched_er_4to1_chunk_13,67,IPC,0.42931604760176845,96
sign_test_er0.4__norm_original_radius,matched_er_4to1_chunk_13,67,KR,0.4714824543073744,96
sign_test_er0.4__norm_original_radius,matched_er_4to1_chunk_13,67,MC,0.4339817975547964,96
sign_test_er0.4__norm_original_radius,matched_er_4to1_chunk_13,68,GR,0.7091986007519471,96
sign_test_er0.4__norm_original_radius,matched_er_4to1_chunk_13,68,IPC,0.404264291896941,96
sign_test_er0.4__norm_original_radius,matched_er_4to1_chunk_13,68,KR,0.47365973672633954,96
sign_test_er0.4__norm_original_radius,matched_er_4to1_chunk_13,68,MC,0.41994872651988535,96
sign_test_er0.4__norm_original_radius,matched_er_4to1_chunk_13,69,GR,0.6966869369836274,96
sign_test_er0.4__norm_original_radius,matched_er_4to1_chunk_13,69,IPC,0.40578840397572935,96
sign_test_er0.4__norm_original_radius,matched_er_4to1_chunk_13,69,KR,0.4806253000027568,96
sign_test_er0.4__norm_original_radius,matched_er_4to1_chunk_13,69,MC,0.42138623556764765,96
sign_test_er0.4__norm_original_radius,matched_er_4to1_chunk_14,70,GR,0.7102956917078036,96
sign_test_er0.4__norm_original_radius,matched_er_4to1_chunk_14,70,IPC,0.43743778248605636,96
sign_test_er0.4__norm_original_radius,matched_er_4to1_chunk_14,70,KR,0.4679324131248971,96
sign_test_er0.4__norm_original_radius,matched_er_4to1_chunk_14,70,MC,0.4692717777734886,96
sign_test_er0.4__norm_original_radius,matched_er_4to1_chunk_14,71,GR,0.7046982613703207,96
sign_test_er0.4__norm_original_radius,matched_er_4to1_chunk_14,71,IPC,0.3951325225864479,96
sign_test_er0.4__norm_original_radius,matched_er_4to1_chunk_14,71,KR,0.45223759914659284,96
sign_test_er0.4__norm_original_radius,matched_er_4to1_chunk_14,71,MC,0.42042389915275313,96
sign_test_er0.4__norm_original_radius,matched_er_4to1_chunk_14,72,GR,0.7218471741439321,96
sign_test_er0.4__norm_original_radius,matched_er_4to1_chunk_14,72,IPC,0.38610354669365765,96
sign_test_er0.4__norm_original_radius,matched_er_4to1_chunk_14,72,KR,0.4830083779048875,96
sign_test_er0.4__norm_original_radius,matched_er_4to1_chunk_14,72,MC,0.39885137622680583,96
sign_test_er0.4__norm_original_radius,matched_er_4to1_chunk_14,73,GR,0.7055179636849905,96
sign_test_er0.4__norm_original_radius,matched_er_4to1_chunk_14,73,IPC,0.4073474474458077,96
sign_test_er0.4__norm_original_radius,matched_er_4to1_chunk_14,73,KR,0.4796050848111193,96
sign_test_er0.4__norm_original_radius,matched_er_4to1_chunk_14,73,MC,0.39585288873564645,96
sign_test_er0.4__norm_original_radius,matched_er_4to1_chunk_14,74,GR,0.7237132481750093,96
sign_test_er0.4__norm_original_radius,matched_er_4to1_chunk_14,74,IPC,0.40788858528464716,96
sign_test_er0.4__norm_original_radius,matched_er_4to1_chunk_14,74,KR,0.4967277957914735,96
sign_test_er0.4__norm_original_radius,matched_er_4to1_chunk_14,74,MC,0.41380515937890794,96
sign_test_er0.4__norm_original_radius,matched_er_4to1_chunk_15,75,GR,0.7085854385883821,96
sign_test_er0.4__norm_original_radius,matched_er_4to1_chunk_15,75,IPC,0.41702877762636376,96
sign_test_er0.4__norm_original_radius,matched_er_4to1_chunk_15,75,KR,0.4741939072965351,96
sign_test_er0.4__norm_original_radius,matched_er_4to1_chunk_15,75,MC,0.41548983199058565,96
sign_test_er0.4__norm_original_radius,matched_er_4to1_chunk_15,76,GR,0.7346973875197857,96
sign_test_er0.4__norm_original_radius,matched_er_4to1_chunk_15,76,IPC,0.40264327939827566,96
sign_test_er0.4__norm_original_radius,matched_er_4to1_chunk_15,76,KR,0.49830935515215696,96
sign_test_er0.4__norm_original_radius,matched_er_4to1_chunk_15,76,MC,0.4134267122487882,96
sign_test_er0.4__norm_original_radius,matched_er_4to1_chunk_15,77,GR,0.7043081808490993,96
sign_test_er0.4__norm_original_radius,matched_er_4to1_chunk_15,77,IPC,0.4218770408477616,96
sign_test_er0.4__norm_original_radius,matched_er_4to1_chunk_15,77,KR,0.4738588718710946,96
sign_test_er0.4__norm_original_radius,matched_er_4to1_chunk_15,77,MC,0.4165098768297859,96
sign_test_er0.4__norm_original_radius,matched_er_4to1_chunk_15,78,GR,0.706538136225003,96
sign_test_er0.4__norm_original_radius,matched_er_4to1_chunk_15,78,IPC,0.4192325598591805,96
sign_test_er0.4__norm_original_radius,matched_er_4to1_chunk_15,78,KR,0.47309557828545606,96
sign_test_er0.4__norm_original_radius,matched_er_4to1_chunk_15,78,MC,0.439290353513648,96
sign_test_er0.4__norm_original_radius,matched_er_4to1_chunk_15,79,GR,0.7212490781427429,96
sign_test_er0.4__norm_original_radius,matched_er_4to1_chunk_15,79,IPC,0.41284719365264233,96
sign_test_er0.4__norm_original_radius,matched_er_4to1_chunk_15,79,KR,0.4867261225920746,96
sign_test_er0.4__norm_original_radius,matched_er_4to1_chunk_15,79,MC,0.42993011376108664,96
sign_test_er0.4__norm_original_radius,matched_er_4to1_chunk_16,80,GR,0.7143948014379765,96
sign_test_er0.4__norm_original_radius,matched_er_4to1_chunk_16,80,IPC,0.38622533266136017,96
sign_test_er0.4__norm_original_radius,matched_er_4to1_chunk_16,80,KR,0.4802872390436356,96
sign_test_er0.4__norm_original_radius,matched_er_4to1_chunk_16,80,MC,0.43615533338501306,96
sign_test_er0.4__norm_original_radius,matched_er_4to1_chunk_16,81,GR,0.715451534732107,96
sign_test_er0.4__norm_original_radius,matched_er_4to1_chunk_16,81,IPC,0.395758224900921,96
sign_test_er0.4__norm_original_radius,matched_er_4to1_chunk_16,81,KR,0.47894299777317806,96
sign_test_er0.4__norm_original_radius,matched_er_4to1_chunk_16,81,MC,0.4556356665690756,96
sign_test_er0.4__norm_original_radius,matched_er_4to1_chunk_16,82,GR,0.6973635550493475,96
sign_test_er0.4__norm_original_radius,matched_er_4to1_chunk_16,82,IPC,0.4092714852144263,96
sign_test_er0.4__norm_original_radius,matched_er_4to1_chunk_16,82,KR,0.46298487016702794,96
sign_test_er0.4__norm_original_radius,matched_er_4to1_chunk_16,82,MC,0.4796849381752514,96
sign_test_er0.4__norm_original_radius,matched_er_4to1_chunk_16,83,GR,0.7247741376087463,96
sign_test_er0.4__norm_original_radius,matched_er_4to1_chunk_16,83,IPC,0.4325702879102785,96
sign_test_er0.4__norm_original_radius,matched_er_4to1_chunk_16,83,KR,0.48363240306627,96
sign_test_er0.4__norm_original_radius,matched_er_4to1_chunk_16,83,MC,0.4832405672233073,96
sign_test_er0.4__norm_original_radius,matched_er_4to1_chunk_16,84,GR,0.7163116657337442,96
sign_test_er0.4__norm_original_radius,matched_er_4to1_chunk_16,84,IPC,0.39776715145476566,96
sign_test_er0.4__norm_original_radius,matched_er_4to1_chunk_16,84,KR,0.48881338537510266,96
sign_test_er0.4__norm_original_radius,matched_er_4to1_chunk_16,84,MC,0.425895356578242,96
sign_test_er0.4__norm_original_radius,matched_er_4to1_chunk_17,85,GR,0.7187388666985928,96
sign_test_er0.4__norm_original_radius,matched_er_4to1_chunk_17,85,IPC,0.37536803155815124,96
sign_test_er0.4__norm_original_radius,matched_er_4to1_chunk_17,85,KR,0.48264918266235846,96
sign_test_er0.4__norm_original_radius,matched_er_4to1_chunk_17,85,MC,0.4495315903578102,96
sign_test_er0.4__norm_original_radius,matched_er_4to1_chunk_17,86,GR,0.7239423795792505,96
sign_test_er0.4__norm_original_radius,matched_er_4to1_chunk_17,86,IPC,0.41673114388994514,96
sign_test_er0.4__norm_original_radius,matched_er_4to1_chunk_17,86,KR,0.490853144307302,96
sign_test_er0.4__norm_original_radius,matched_er_4to1_chunk_17,86,MC,0.46309272997793016,96
sign_test_er0.4__norm_original_radius,matched_er_4to1_chunk_17,87,GR,0.711568604573133,96
sign_test_er0.4__norm_original_radius,matched_er_4to1_chunk_17,87,IPC,0.4060194329696005,96
sign_test_er0.4__norm_original_radius,matched_er_4to1_chunk_17,87,KR,0.4837770612163276,96
sign_test_er0.4__norm_original_radius,matched_er_4to1_chunk_17,87,MC,0.47660333806512667,96
sign_test_er0.4__norm_original_radius,matched_er_4to1_chunk_17,88,GR,0.7093663679526132,96
sign_test_er0.4__norm_original_radius,matched_er_4to1_chunk_17,88,IPC,0.42178139060565933,96
sign_test_er0.4__norm_original_radius,matched_er_4to1_chunk_17,88,KR,0.4810939892864513,96
sign_test_er0.4__norm_original_radius,matched_er_4to1_chunk_17,88,MC,0.48217689493319477,96
sign_test_er0.4__norm_original_radius,matched_er_4to1_chunk_17,89,GR,0.7128555071039154,96
sign_test_er0.4__norm_original_radius,matched_er_4to1_chunk_17,89,IPC,0.43537069812627466,96
sign_test_er0.4__norm_original_radius,matched_er_4to1_chunk_17,89,KR,0.47751201786732106,96
sign_test_er0.4__norm_original_radius,matched_er_4to1_chunk_17,89,MC,0.47940801089056606,96
sign_test_er0.4__norm_original_radius,matched_er_4to1_chunk_18,90,GR,0.7128551978503261,96
sign_test_er0.4__norm_original_radius,matched_er_4to1_chunk_18,90,IPC,0.40241370211770366,96
sign_test_er0.4__norm_original_radius,matched_er_4to1_chunk_18,90,KR,0.48767505883208423,96
sign_test_er0.4__norm_original_radius,matched_er_4to1_chunk_18,90,MC,0.43742901885182733,96
sign_test_er0.4__norm_original_radius,matched_er_4to1_chunk_18,91,GR,0.7057269315531253,96
sign_test_er0.4__norm_original_radius,matched_er_4to1_chunk_18,91,IPC,0.3826817412970305,96
sign_test_er0.4__norm_original_radius,matched_er_4to1_chunk_18,91,KR,0.47710252222108024,96
sign_test_er0.4__norm_original_radius,matched_er_4to1_chunk_18,91,MC,0.46172049693902356,96
sign_test_er0.4__norm_original_radius,matched_er_4to1_chunk_18,92,GR,0.7158710947598979,96
sign_test_er0.4__norm_original_radius,matched_er_4to1_chunk_18,92,IPC,0.40122432348427073,96
sign_test_er0.4__norm_original_radius,matched_er_4to1_chunk_18,92,KR,0.47623838162075577,96
sign_test_er0.4__norm_original_radius,matched_er_4to1_chunk_18,92,MC,0.4517118377711187,96
sign_test_er0.4__norm_original_radius,matched_er_4to1_chunk_18,93,GR,0.7293950623008247,96
sign_test_er0.4__norm_original_radius,matched_er_4to1_chunk_18,93,IPC,0.3768718529154002,96
sign_test_er0.4__norm_original_radius,matched_er_4to1_chunk_18,93,KR,0.49501327615056145,96
sign_test_er0.4__norm_original_radius,matched_er_4to1_chunk_18,93,MC,0.42105973850857936,96
sign_test_er0.4__norm_original_radius,matched_er_4to1_chunk_18,94,GR,0.7196970817757015,96
sign_test_er0.4__norm_original_radius,matched_er_4to1_chunk_18,94,IPC,0.4013205995127799,96
sign_test_er0.4__norm_original_radius,matched_er_4to1_chunk_18,94,KR,0.49485087956626855,96
sign_test_er0.4__norm_original_radius,matched_er_4to1_chunk_18,94,MC,0.44246688303728926,96
sign_test_er0.4__norm_original_radius,matched_er_4to1_chunk_19,95,GR,0.7266122312539711,96
sign_test_er0.4__norm_original_radius,matched_er_4to1_chunk_19,95,IPC,0.4178906916408662,96
sign_test_er0.4__norm_original_radius,matched_er_4to1_chunk_19,95,KR,0.4893002920890987,96
sign_test_er0.4__norm_original_radius,matched_er_4to1_chunk_19,95,MC,0.46009339950178224,96
sign_test_er0.4__norm_original_radius,matched_er_4to1_chunk_19,96,GR,0.7155103498630166,96
sign_test_er0.4__norm_original_radius,matched_er_4to1_chunk_19,96,IPC,0.4335761144605756,96
sign_test_er0.4__norm_original_radius,matched_er_4to1_chunk_19,96,KR,0.48857479143594795,96
sign_test_er0.4__norm_original_radius,matched_er_4to1_chunk_19,96,MC,0.4825271171916994,96
sign_test_er0.4__norm_original_radius,matched_er_4to1_chunk_19,97,GR,0.7022214677712846,96
sign_test_er0.4__norm_original_radius,matched_er_4to1_chunk_19,97,IPC,0.39010093240138666,96
sign_test_er0.4__norm_original_radius,matched_er_4to1_chunk_19,97,KR,0.47736523201475467,96
sign_test_er0.4__norm_original_radius,matched_er_4to1_chunk_19,97,MC,0.44425196823836616,96
sign_test_er0.4__norm_original_radius,matched_er_4to1_chunk_19,98,GR,0.7143099499395604,96
sign_test_er0.4__norm_original_radius,matched_er_4to1_chunk_19,98,IPC,0.3957071435984267,96
sign_test_er0.4__norm_original_radius,matched_er_4to1_chunk_19,98,KR,0.48959370409952846,96
sign_test_er0.4__norm_original_radius,matched_er_4to1_chunk_19,98,MC,0.4613693570651763,96
sign_test_er0.4__norm_original_radius,matched_er_4to1_chunk_19,99,GR,0.7296838902622937,96
sign_test_er0.4__norm_original_radius,matched_er_4to1_chunk_19,99,IPC,0.4033562313537055,96
sign_test_er0.4__norm_original_radius,matched_er_4to1_chunk_19,99,KR,0.5005269193620073,96
sign_test_er0.4__norm_original_radius,matched_er_4to1_chunk_19,99,MC,0.4592017081706462,96
sign_test_er0.4__norm_original_radius,matched_er_4to1_chunk_2,10,GR,0.7193232994948667,96
sign_test_er0.4__norm_original_radius,matched_er_4to1_chunk_2,10,IPC,0.38605007481728404,96
sign_test_er0.4__norm_original_radius,matched_er_4to1_chunk_2,10,KR,0.48813702844866474,96
sign_test_er0.4__norm_original_radius,matched_er_4to1_chunk_2,10,MC,0.41154144433645673,96
sign_test_er0.4__norm_original_radius,matched_er_4to1_chunk_2,11,GR,0.7172482968799245,96
sign_test_er0.4__norm_original_radius,matched_er_4to1_chunk_2,11,IPC,0.38983648758728096,96
sign_test_er0.4__norm_original_radius,matched_er_4to1_chunk_2,11,KR,0.4880171703593621,96
sign_test_er0.4__norm_original_radius,matched_er_4to1_chunk_2,11,MC,0.3959340537181038,96
sign_test_er0.4__norm_original_radius,matched_er_4to1_chunk_2,12,GR,0.7128912663652962,96
sign_test_er0.4__norm_original_radius,matched_er_4to1_chunk_2,12,IPC,0.4378797633372275,96
sign_test_er0.4__norm_original_radius,matched_er_4to1_chunk_2,12,KR,0.4864418816082409,96
sign_test_er0.4__norm_original_radius,matched_er_4to1_chunk_2,12,MC,0.4513117897399965,96
sign_test_er0.4__norm_original_radius,matched_er_4to1_chunk_2,13,GR,0.7258628850263007,96
sign_test_er0.4__norm_original_radius,matched_er_4to1_chunk_2,13,IPC,0.3988020636973356,96
sign_test_er0.4__norm_original_radius,matched_er_4to1_chunk_2,13,KR,0.48898466659059103,96
sign_test_er0.4__norm_original_radius,matched_er_4to1_chunk_2,13,MC,0.42140911769358,96
sign_test_er0.4__norm_original_radius,matched_er_4to1_chunk_2,14,GR,0.7129754725008307,96
sign_test_er0.4__norm_original_radius,matched_er_4to1_chunk_2,14,IPC,0.3989198773718832,96
sign_test_er0.4__norm_original_radius,matched_er_4to1_chunk_2,14,KR,0.4838755405601663,96
sign_test_er0.4__norm_original_radius,matched_er_4to1_chunk_2,14,MC,0.4149030012314843,96
sign_test_er0.4__norm_original_radius,matched_er_4to1_chunk_3,15,GR,0.7047183041668558,96
sign_test_er0.4__norm_original_radius,matched_er_4to1_chunk_3,15,IPC,0.4001954076501273,96
sign_test_er0.4__norm_original_radius,matched_er_4to1_chunk_3,15,KR,0.46916568103215145,96
sign_test_er0.4__norm_original_radius,matched_er_4to1_chunk_3,15,MC,0.41186932207024,96
sign_test_er0.4__norm_original_radius,matched_er_4to1_chunk_3,16,GR,0.7263844135404975,96
sign_test_er0.4__norm_original_radius,matched_er_4to1_chunk_3,16,IPC,0.43386330319336375,96
sign_test_er0.4__norm_original_radius,matched_er_4to1_chunk_3,16,KR,0.48920293926513286,96
sign_test_er0.4__norm_original_radius,matched_er_4to1_chunk_3,16,MC,0.4346780035738665,96
sign_test_er0.4__norm_original_radius,matched_er_4to1_chunk_3,17,GR,0.7199013505467597,96
sign_test_er0.4__norm_original_radius,matched_er_4to1_chunk_3,17,IPC,0.405798305376232,96
sign_test_er0.4__norm_original_radius,matched_er_4to1_chunk_3,17,KR,0.4828397493548606,96
sign_test_er0.4__norm_original_radius,matched_er_4to1_chunk_3,17,MC,0.4421661293061163,96
sign_test_er0.4__norm_original_radius,matched_er_4to1_chunk_3,18,GR,0.7159633149821116,96
sign_test_er0.4__norm_original_radius,matched_er_4to1_chunk_3,18,IPC,0.388773011320149,96
sign_test_er0.4__norm_original_radius,matched_er_4to1_chunk_3,18,KR,0.48766819135462075,96
sign_test_er0.4__norm_original_radius,matched_er_4to1_chunk_3,18,MC,0.3984726165490065,96
sign_test_er0.4__norm_original_radius,matched_er_4to1_chunk_3,19,GR,0.7192692260702855,96
sign_test_er0.4__norm_original_radius,matched_er_4to1_chunk_3,19,IPC,0.3934898551488637,96
sign_test_er0.4__norm_original_radius,matched_er_4to1_chunk_3,19,KR,0.4848023482120577,96
sign_test_er0.4__norm_original_radius,matched_er_4to1_chunk_3,19,MC,0.4071519394749135,96
sign_test_er0.4__norm_original_radius,matched_er_4to1_chunk_4,20,GR,0.6982781148483013,96
sign_test_er0.4__norm_original_radius,matched_er_4to1_chunk_4,20,IPC,0.4231789527320138,96
sign_test_er0.4__norm_original_radius,matched_er_4to1_chunk_4,20,KR,0.4725128989744638,96
sign_test_er0.4__norm_original_radius,matched_er_4to1_chunk_4,20,MC,0.4186244730611405,96
sign_test_er0.4__norm_original_radius,matched_er_4to1_chunk_4,21,GR,0.7269753823566079,96
sign_test_er0.4__norm_original_radius,matched_er_4to1_chunk_4,21,IPC,0.4162016608028271,96
sign_test_er0.4__norm_original_radius,matched_er_4to1_chunk_4,21,KR,0.4944642409308525,96
sign_test_er0.4__norm_original_radius,matched_er_4to1_chunk_4,21,MC,0.4398225033693189,96
sign_test_er0.4__norm_original_radius,matched_er_4to1_chunk_4,22,GR,0.7052564543165916,96
sign_test_er0.4__norm_original_radius,matched_er_4to1_chunk_4,22,IPC,0.4201173334530427,96
sign_test_er0.4__norm_original_radius,matched_er_4to1_chunk_4,22,KR,0.47207423347282085,96
sign_test_er0.4__norm_original_radius,matched_er_4to1_chunk_4,22,MC,0.4306149092296658,96
sign_test_er0.4__norm_original_radius,matched_er_4to1_chunk_4,23,GR,0.7259879053180297,96
sign_test_er0.4__norm_original_radius,matched_er_4to1_chunk_4,23,IPC,0.4058135633166563,96
sign_test_er0.4__norm_original_radius,matched_er_4to1_chunk_4,23,KR,0.4956005245726448,96
sign_test_er0.4__norm_original_radius,matched_er_4to1_chunk_4,23,MC,0.41410845670648305,96
sign_test_er0.4__norm_original_radius,matched_er_4to1_chunk_4,24,GR,0.7082379353776739,96
sign_test_er0.4__norm_original_radius,matched_er_4to1_chunk_4,24,IPC,0.4044972006878562,96
sign_test_er0.4__norm_original_radius,matched_er_4to1_chunk_4,24,KR,0.4714286689125813,96
sign_test_er0.4__norm_original_radius,matched_er_4to1_chunk_4,24,MC,0.426854446253428,96
sign_test_er0.4__norm_original_radius,matched_er_4to1_chunk_5,25,GR,0.718457107480625,96
sign_test_er0.4__norm_original_radius,matched_er_4to1_chunk_5,25,IPC,0.43197057409343936,96
sign_test_er0.4__norm_original_radius,matched_er_4to1_chunk_5,25,KR,0.4872556224372142,96
sign_test_er0.4__norm_original_radius,matched_er_4to1_chunk_5,25,MC,0.42822237716223616,96
sign_test_er0.4__norm_original_radius,matched_er_4to1_chunk_5,26,GR,0.7109637533466833,96
sign_test_er0.4__norm_original_radius,matched_er_4to1_chunk_5,26,IPC,0.4191099884275989,96
sign_test_er0.4__norm_original_radius,matched_er_4to1_chunk_5,26,KR,0.4786069334839793,96
sign_test_er0.4__norm_original_radius,matched_er_4to1_chunk_5,26,MC,0.4314986570978564,96
sign_test_er0.4__norm_original_radius,matched_er_4to1_chunk_5,27,GR,0.7017329047047314,96
sign_test_er0.4__norm_original_radius,matched_er_4to1_chunk_5,27,IPC,0.4349712928980811,96
sign_test_er0.4__norm_original_radius,matched_er_4to1_chunk_5,27,KR,0.4679209118842036,96
sign_test_er0.4__norm_original_radius,matched_er_4to1_chunk_5,27,MC,0.44466875330488614,96
sign_test_er0.4__norm_original_radius,matched_er_4to1_chunk_5,28,GR,0.7259378205859287,96
sign_test_er0.4__norm_original_radius,matched_er_4to1_chunk_5,28,IPC,0.3813658265423071,96
sign_test_er0.4__norm_original_radius,matched_er_4to1_chunk_5,28,KR,0.4897078359299178,96
sign_test_er0.4__norm_original_radius,matched_er_4to1_chunk_5,28,MC,0.41364731747870453,96
sign_test_er0.4__norm_original_radius,matched_er_4to1_chunk_5,29,GR,0.7203721558451253,96
sign_test_er0.4__norm_original_radius,matched_er_4to1_chunk_5,29,IPC,0.4125603853385783,96
sign_test_er0.4__norm_original_radius,matched_er_4to1_chunk_5,29,KR,0.4911496790695469,96
sign_test_er0.4__norm_original_radius,matched_er_4to1_chunk_5,29,MC,0.44002655825562104,96
sign_test_er0.4__norm_original_radius,matched_er_4to1_chunk_6,30,GR,0.7232392627226866,96
sign_test_er0.4__norm_original_radius,matched_er_4to1_chunk_6,30,IPC,0.41977747369865737,96
sign_test_er0.4__norm_original_radius,matched_er_4to1_chunk_6,30,KR,0.49101214031602725,96
sign_test_er0.4__norm_original_radius,matched_er_4to1_chunk_6,30,MC,0.42257733062390423,96
sign_test_er0.4__norm_original_radius,matched_er_4to1_chunk_6,31,GR,0.7149753406749613,96
sign_test_er0.4__norm_original_radius,matched_er_4to1_chunk_6,31,IPC,0.3939625969167261,96
sign_test_er0.4__norm_original_radius,matched_er_4to1_chunk_6,31,KR,0.4746365897558093,96
sign_test_er0.4__norm_original_radius,matched_er_4to1_chunk_6,31,MC,0.41198032957066727,96
sign_test_er0.4__norm_original_radius,matched_er_4to1_chunk_6,32,GR,0.7265275666878457,96
sign_test_er0.4__norm_original_radius,matched_er_4to1_chunk_6,32,IPC,0.38341000111666407,96
sign_test_er0.4__norm_original_radius,matched_er_4to1_chunk_6,32,KR,0.4964946826120502,96
sign_test_er0.4__norm_original_radius,matched_er_4to1_chunk_6,32,MC,0.3966057385471123,96
sign_test_er0.4__norm_original_radius,matched_er_4to1_chunk_6,33,GR,0.714102320043672,96
sign_test_er0.4__norm_original_radius,matched_er_4to1_chunk_6,33,IPC,0.38863089182559607,96
sign_test_er0.4__norm_original_radius,matched_er_4to1_chunk_6,33,KR,0.48248077783170756,96
sign_test_er0.4__norm_original_radius,matched_er_4to1_chunk_6,33,MC,0.403859498831968,96
sign_test_er0.4__norm_original_radius,matched_er_4to1_chunk_6,34,GR,0.7097784753819746,96
sign_test_er0.4__norm_original_radius,matched_er_4to1_chunk_6,34,IPC,0.44061803461837423,96
sign_test_er0.4__norm_original_radius,matched_er_4to1_chunk_6,34,KR,0.48023400305038666,96
sign_test_er0.4__norm_original_radius,matched_er_4to1_chunk_6,34,MC,0.43746626470049826,96
sign_test_er0.4__norm_original_radius,matched_er_4to1_chunk_7,35,GR,0.7224211527868144,96
sign_test_er0.4__norm_original_radius,matched_er_4to1_chunk_7,35,IPC,0.41157252584429244,96
sign_test_er0.4__norm_original_radius,matched_er_4to1_chunk_7,35,KR,0.48528649825559433,96
sign_test_er0.4__norm_original_radius,matched_er_4to1_chunk_7,35,MC,0.41438636121751776,96
sign_test_er0.4__norm_original_radius,matched_er_4to1_chunk_7,36,GR,0.7141244557062895,96
sign_test_er0.4__norm_original_radius,matched_er_4to1_chunk_7,36,IPC,0.39987682683309794,96
sign_test_er0.4__norm_original_radius,matched_er_4to1_chunk_7,36,KR,0.48442495999644225,96
sign_test_er0.4__norm_original_radius,matched_er_4to1_chunk_7,36,MC,0.425249896827349,96
sign_test_er0.4__norm_original_radius,matched_er_4to1_chunk_7,37,GR,0.7232648178670124,96
sign_test_er0.4__norm_original_radius,matched_er_4to1_chunk_7,37,IPC,0.4010627242292431,96
sign_test_er0.4__norm_original_radius,matched_er_4to1_chunk_7,37,KR,0.5028212228261966,96
sign_test_er0.4__norm_original_radius,matched_er_4to1_chunk_7,37,MC,0.41234305281017686,96
sign_test_er0.4__norm_original_radius,matched_er_4to1_chunk_7,38,GR,0.7028105169745292,96
sign_test_er0.4__norm_original_radius,matched_er_4to1_chunk_7,38,IPC,0.39059880316018003,96
sign_test_er0.4__norm_original_radius,matched_er_4to1_chunk_7,38,KR,0.4734260778189755,96
sign_test_er0.4__norm_original_radius,matched_er_4to1_chunk_7,38,MC,0.4170406446572241,96
sign_test_er0.4__norm_original_radius,matched_er_4to1_chunk_7,39,GR,0.7100463662974935,96
sign_test_er0.4__norm_original_radius,matched_er_4to1_chunk_7,39,IPC,0.4058914142405141,96
sign_test_er0.4__norm_original_radius,matched_er_4to1_chunk_7,39,KR,0.4789784242171262,96
sign_test_er0.4__norm_original_radius,matched_er_4to1_chunk_7,39,MC,0.43205661049218225,96
sign_test_er0.4__norm_original_radius,matched_er_4to1_chunk_8,40,GR,0.7177823569880394,96
sign_test_er0.4__norm_original_radius,matched_er_4to1_chunk_8,40,IPC,0.43255162498194644,96
sign_test_er0.4__norm_original_radius,matched_er_4to1_chunk_8,40,KR,0.49183342522648354,96
sign_test_er0.4__norm_original_radius,matched_er_4to1_chunk_8,40,MC,0.4639981560661138,96
sign_test_er0.4__norm_original_radius,matched_er_4to1_chunk_8,41,GR,0.7028107917301211,96
sign_test_er0.4__norm_original_radius,matched_er_4to1_chunk_8,41,IPC,0.420564844800419,96
sign_test_er0.4__norm_original_radius,matched_er_4to1_chunk_8,41,KR,0.4682279381110141,96
sign_test_er0.4__norm_original_radius,matched_er_4to1_chunk_8,41,MC,0.44225645159414867,96
sign_test_er0.4__norm_original_radius,matched_er_4to1_chunk_8,42,GR,0.7066606893388055,96
sign_test_er0.4__norm_original_radius,matched_er_4to1_chunk_8,42,IPC,0.4323435699335459,96
sign_test_er0.4__norm_original_radius,matched_er_4to1_chunk_8,42,KR,0.4895332132452533,96
sign_test_er0.4__norm_original_radius,matched_er_4to1_chunk_8,42,MC,0.41462336909339953,96
sign_test_er0.4__norm_original_radius,matched_er_4to1_chunk_8,43,GR,0.711185970839121,96
sign_test_er0.4__norm_original_radius,matched_er_4to1_chunk_8,43,IPC,0.4008947410096366,96
sign_test_er0.4__norm_original_radius,matched_er_4to1_chunk_8,43,KR,0.47557748636827846,96
sign_test_er0.4__norm_original_radius,matched_er_4to1_chunk_8,43,MC,0.42545126248892906,96
sign_test_er0.4__norm_original_radius,matched_er_4to1_chunk_8,44,GR,0.72472548593667,96
sign_test_er0.4__norm_original_radius,matched_er_4to1_chunk_8,44,IPC,0.39445602140476344,96
sign_test_er0.4__norm_original_radius,matched_er_4to1_chunk_8,44,KR,0.49205228979028715,96
sign_test_er0.4__norm_original_radius,matched_er_4to1_chunk_8,44,MC,0.4108936507848622,96
sign_test_er0.4__norm_original_radius,matched_er_4to1_chunk_9,45,GR,0.7240042673548431,96
sign_test_er0.4__norm_original_radius,matched_er_4to1_chunk_9,45,IPC,0.3791658412302506,96
sign_test_er0.4__norm_original_radius,matched_er_4to1_chunk_9,45,KR,0.49092635031376053,96
sign_test_er0.4__norm_original_radius,matched_er_4to1_chunk_9,45,MC,0.4070219589243199,96
sign_test_er0.4__norm_original_radius,matched_er_4to1_chunk_9,46,GR,0.7215160056003509,96
sign_test_er0.4__norm_original_radius,matched_er_4to1_chunk_9,46,IPC,0.41111856160711424,96
sign_test_er0.4__norm_original_radius,matched_er_4to1_chunk_9,46,KR,0.4805223325008178,96
sign_test_er0.4__norm_original_radius,matched_er_4to1_chunk_9,46,MC,0.4153374781394622,96
sign_test_er0.4__norm_original_radius,matched_er_4to1_chunk_9,47,GR,0.7333691534886773,96
sign_test_er0.4__norm_original_radius,matched_er_4to1_chunk_9,47,IPC,0.42112917158315843,96
sign_test_er0.4__norm_original_radius,matched_er_4to1_chunk_9,47,KR,0.4987019443363833,96
sign_test_er0.4__norm_original_radius,matched_er_4to1_chunk_9,47,MC,0.4445784512401888,96
sign_test_er0.4__norm_original_radius,matched_er_4to1_chunk_9,48,GR,0.7055323564515698,96
sign_test_er0.4__norm_original_radius,matched_er_4to1_chunk_9,48,IPC,0.39813684530179577,96
sign_test_er0.4__norm_original_radius,matched_er_4to1_chunk_9,48,KR,0.46878269235706166,96
sign_test_er0.4__norm_original_radius,matched_er_4to1_chunk_9,48,MC,0.43805283292408254,96
sign_test_er0.4__norm_original_radius,matched_er_4to1_chunk_9,49,GR,0.7099863508839035,96
sign_test_er0.4__norm_original_radius,matched_er_4to1_chunk_9,49,IPC,0.3920496316827599,96
sign_test_er0.4__norm_original_radius,matched_er_4to1_chunk_9,49,KR,0.48034575719063555,96
sign_test_er0.4__norm_original_radius,matched_er_4to1_chunk_9,49,MC,0.4104143078447101,96
sign_test_er0.4__norm_spectral_radius,matched_er_4to1_chunk_0,0,GR,0.7620904181250069,96
sign_test_er0.4__norm_spectral_radius,matched_er_4to1_chunk_0,0,IPC,0.3624615458034,96
sign_test_er0.4__norm_spectral_radius,matched_er_4to1_chunk_0,0,KR,0.7699712969927978,96
sign_test_er0.4__norm_spectral_radius,matched_er_4to1_chunk_0,0,MC,0.5149241306972318,96
sign_test_er0.4__norm_spectral_radius,matched_er_4to1_chunk_0,1,GR,0.750998483722747,96
sign_test_er0.4__norm_spectral_radius,matched_er_4to1_chunk_0,1,IPC,0.3255889441576919,96
sign_test_er0.4__norm_spectral_radius,matched_er_4to1_chunk_0,1,KR,0.7742988134085369,96
sign_test_er0.4__norm_spectral_radius,matched_er_4to1_chunk_0,1,MC,0.48471953094580145,96
sign_test_er0.4__norm_spectral_radius,matched_er_4to1_chunk_0,2,GR,0.7813709002304725,96
sign_test_er0.4__norm_spectral_radius,matched_er_4to1_chunk_0,2,IPC,0.3388680937385469,96
sign_test_er0.4__norm_spectral_radius,matched_er_4to1_chunk_0,2,KR,0.7898356429527665,96
sign_test_er0.4__norm_spectral_radius,matched_er_4to1_chunk_0,2,MC,0.4861827082959012,96
sign_test_er0.4__norm_spectral_radius,matched_er_4to1_chunk_0,3,GR,0.765781872299667,96
sign_test_er0.4__norm_spectral_radius,matched_er_4to1_chunk_0,3,IPC,0.3337577432067692,96
sign_test_er0.4__norm_spectral_radius,matched_er_4to1_chunk_0,3,KR,0.7978659882480736,96
sign_test_er0.4__norm_spectral_radius,matched_er_4to1_chunk_0,3,MC,0.4834729170471717,96
sign_test_er0.4__norm_spectral_radius,matched_er_4to1_chunk_0,4,GR,0.7883430181367453,96
sign_test_er0.4__norm_spectral_radius,matched_er_4to1_chunk_0,4,IPC,0.3343946990374223,96
sign_test_er0.4__norm_spectral_radius,matched_er_4to1_chunk_0,4,KR,0.7969226622608179,96
sign_test_er0.4__norm_spectral_radius,matched_er_4to1_chunk_0,4,MC,0.5051592284335311,96
sign_test_er0.4__norm_spectral_radius,matched_er_4to1_chunk_1,5,GR,0.7845416905452549,96
sign_test_er0.4__norm_spectral_radius,matched_er_4to1_chunk_1,5,IPC,0.3116142737664747,96
sign_test_er0.4__norm_spectral_radius,matched_er_4to1_chunk_1,5,KR,0.7882456340633044,96
sign_test_er0.4__norm_spectral_radius,matched_er_4to1_chunk_1,5,MC,0.47951913172901534,96
sign_test_er0.4__norm_spectral_radius,matched_er_4to1_chunk_1,6,GR,0.8214057727528462,96
sign_test_er0.4__norm_spectral_radius,matched_er_4to1_chunk_1,6,IPC,0.3393423899059471,96
sign_test_er0.4__norm_spectral_radius,matched_er_4to1_chunk_1,6,KR,0.8046556597185825,96
sign_test_er0.4__norm_spectral_radius,matched_er_4to1_chunk_1,6,MC,0.5038791086665947,96
sign_test_er0.4__norm_spectral_radius,matched_er_4to1_chunk_1,7,GR,0.7499944973318952,96
sign_test_er0.4__norm_spectral_radius,matched_er_4to1_chunk_1,7,IPC,0.3474082044330887,96
sign_test_er0.4__norm_spectral_radius,matched_er_4to1_chunk_1,7,KR,0.7741655239528801,96
sign_test_er0.4__norm_spectral_radius,matched_er_4to1_chunk_1,7,MC,0.5072069515066031,96
sign_test_er0.4__norm_spectral_radius,matched_er_4to1_chunk_1,8,GR,0.7622422348094537,96
sign_test_er0.4__norm_spectral_radius,matched_er_4to1_chunk_1,8,IPC,0.30949603883172516,96
sign_test_er0.4__norm_spectral_radius,matched_er_4to1_chunk_1,8,KR,0.7758368090252747,96
sign_test_er0.4__norm_spectral_radius,matched_er_4to1_chunk_1,8,MC,0.48499126871994697,96
sign_test_er0.4__norm_spectral_radius,matched_er_4to1_chunk_1,9,GR,0.7962394528524427,96
sign_test_er0.4__norm_spectral_radius,matched_er_4to1_chunk_1,9,IPC,0.33050704328333375,96
sign_test_er0.4__norm_spectral_radius,matched_er_4to1_chunk_1,9,KR,0.8156195620500478,96
sign_test_er0.4__norm_spectral_radius,matched_er_4to1_chunk_1,9,MC,0.5037443650314426,96
sign_test_er0.4__norm_spectral_radius,matched_er_4to1_chunk_10,50,GR,0.8254923519375855,96
sign_test_er0.4__norm_spectral_radius,matched_er_4to1_chunk_10,50,IPC,0.34903287464495925,96
sign_test_er0.4__norm_spectral_radius,matched_er_4to1_chunk_10,50,KR,0.787196594622975,96
sign_test_er0.4__norm_spectral_radius,matched_er_4to1_chunk_10,50,MC,0.5166563469196913,96
sign_test_er0.4__norm_spectral_radius,matched_er_4to1_chunk_10,51,GR,0.7755868123234145,96
sign_test_er0.4__norm_spectral_radius,matched_er_4to1_chunk_10,51,IPC,0.33231997328704144,96
sign_test_er0.4__norm_spectral_radius,matched_er_4to1_chunk_10,51,KR,0.7884519351759645,96
sign_test_er0.4__norm_spectral_radius,matched_er_4to1_chunk_10,51,MC,0.4990584900156024,96
sign_test_er0.4__norm_spectral_radius,matched_er_4to1_chunk_10,52,GR,0.785752157646025,96
sign_test_er0.4__norm_spectral_radius,matched_er_4to1_chunk_10,52,IPC,0.33426530073565885,96
sign_test_er0.4__norm_spectral_radius,matched_er_4to1_chunk_10,52,KR,0.7876473812243115,96
sign_test_er0.4__norm_spectral_radius,matched_er_4to1_chunk_10,52,MC,0.5062474525476544,96
sign_test_er0.4__norm_spectral_radius,matched_er_4to1_chunk_10,53,GR,0.7746069050299407,96
sign_test_er0.4__norm_spectral_radius,matched_er_4to1_chunk_10,53,IPC,0.30900048056120843,96
sign_test_er0.4__norm_spectral_radius,matched_er_4to1_chunk_10,53,KR,0.8010047096625054,96
sign_test_er0.4__norm_spectral_radius,matched_er_4to1_chunk_10,53,MC,0.47541660982995343,96
sign_test_er0.4__norm_spectral_radius,matched_er_4to1_chunk_10,54,GR,0.7777903477562822,96
sign_test_er0.4__norm_spectral_radius,matched_er_4to1_chunk_10,54,IPC,0.3290491009510398,96
sign_test_er0.4__norm_spectral_radius,matched_er_4to1_chunk_10,54,KR,0.7899376226637999,96
sign_test_er0.4__norm_spectral_radius,matched_er_4to1_chunk_10,54,MC,0.48458933491462525,96
sign_test_er0.4__norm_spectral_radius,matched_er_4to1_chunk_11,55,GR,0.7514215411887595,96
sign_test_er0.4__norm_spectral_radius,matched_er_4to1_chunk_11,55,IPC,0.30976486810381243,96
sign_test_er0.4__norm_spectral_radius,matched_er_4to1_chunk_11,55,KR,0.7705163297473597,96
sign_test_er0.4__norm_spectral_radius,matched_er_4to1_chunk_11,55,MC,0.48283366862766536,96
sign_test_er0.4__norm_spectral_radius,matched_er_4to1_chunk_11,56,GR,0.7909401018142332,96
sign_test_er0.4__norm_spectral_radius,matched_er_4to1_chunk_11,56,IPC,0.33535675501459355,96
sign_test_er0.4__norm_spectral_radius,matched_er_4to1_chunk_11,56,KR,0.7964032998626708,96
sign_test_er0.4__norm_spectral_radius,matched_er_4to1_chunk_11,56,MC,0.5004544946803311,96
sign_test_er0.4__norm_spectral_radius,matched_er_4to1_chunk_11,57,GR,0.7744913878054869,96
sign_test_er0.4__norm_spectral_radius,matched_er_4to1_chunk_11,57,IPC,0.32779363596764216,96
sign_test_er0.4__norm_spectral_radius,matched_er_4to1_chunk_11,57,KR,0.7909345133976536,96
sign_test_er0.4__norm_spectral_radius,matched_er_4to1_chunk_11,57,MC,0.5048219426248874,96
sign_test_er0.4__norm_spectral_radius,matched_er_4to1_chunk_11,58,GR,0.7692205249469847,96
sign_test_er0.4__norm_spectral_radius,matched_er_4to1_chunk_11,58,IPC,0.3424789660950681,96
sign_test_er0.4__norm_spectral_radius,matched_er_4to1_chunk_11,58,KR,0.7952255397183131,96
sign_test_er0.4__norm_spectral_radius,matched_er_4to1_chunk_11,58,MC,0.5280701268062652,96
sign_test_er0.4__norm_spectral_radius,matched_er_4to1_chunk_11,59,GR,0.7687292006698081,96
sign_test_er0.4__norm_spectral_radius,matched_er_4to1_chunk_11,59,IPC,0.32011543566903444,96
sign_test_er0.4__norm_spectral_radius,matched_er_4to1_chunk_11,59,KR,0.7850512173247652,96
sign_test_er0.4__norm_spectral_radius,matched_er_4to1_chunk_11,59,MC,0.4961818518151875,96
sign_test_er0.4__norm_spectral_radius,matched_er_4to1_chunk_12,60,GR,0.7778600447589717,96
sign_test_er0.4__norm_spectral_radius,matched_er_4to1_chunk_12,60,IPC,0.3161215137388298,96
sign_test_er0.4__norm_spectral_radius,matched_er_4to1_chunk_12,60,KR,0.7884108895771063,96
sign_test_er0.4__norm_spectral_radius,matched_er_4to1_chunk_12,60,MC,0.4795420164754353,96
sign_test_er0.4__norm_spectral_radius,matched_er_4to1_chunk_12,61,GR,0.7617498471882325,96
sign_test_er0.4__norm_spectral_radius,matched_er_4to1_chunk_12,61,IPC,0.33292484305645154,96
sign_test_er0.4__norm_spectral_radius,matched_er_4to1_chunk_12,61,KR,0.7552796006497043,96
sign_test_er0.4__norm_spectral_radius,matched_er_4to1_chunk_12,61,MC,0.49400158387615384,96
sign_test_er0.4__norm_spectral_radius,matched_er_4to1_chunk_12,62,GR,0.7773449868050075,96
sign_test_er0.4__norm_spectral_radius,matched_er_4to1_chunk_12,62,IPC,0.34537519758543345,96
sign_test_er0.4__norm_spectral_radius,matched_er_4to1_chunk_12,62,KR,0.7901190545628848,96
sign_test_er0.4__norm_spectral_radius,matched_er_4to1_chunk_12,62,MC,0.5133770947263986,96
sign_test_er0.4__norm_spectral_radius,matched_er_4to1_chunk_12,63,GR,0.7684660287473122,96
sign_test_er0.4__norm_spectral_radius,matched_er_4to1_chunk_12,63,IPC,0.3076145501790349,96
sign_test_er0.4__norm_spectral_radius,matched_er_4to1_chunk_12,63,KR,0.7760373424469957,96
sign_test_er0.4__norm_spectral_radius,matched_er_4to1_chunk_12,63,MC,0.4814081539596229,96
sign_test_er0.4__norm_spectral_radius,matched_er_4to1_chunk_12,64,GR,0.7761663249928737,96
sign_test_er0.4__norm_spectral_radius,matched_er_4to1_chunk_12,64,IPC,0.34653332290157535,96
sign_test_er0.4__norm_spectral_radius,matched_er_4to1_chunk_12,64,KR,0.7893516300827575,96
sign_test_er0.4__norm_spectral_radius,matched_er_4to1_chunk_12,64,MC,0.5113849323210929,96
sign_test_er0.4__norm_spectral_radius,matched_er_4to1_chunk_13,65,GR,0.7636538028535874,96
sign_test_er0.4__norm_spectral_radius,matched_er_4to1_chunk_13,65,IPC,0.32195435727550126,96
sign_test_er0.4__norm_spectral_radius,matched_er_4to1_chunk_13,65,KR,0.7859205311932923,96
sign_test_er0.4__norm_spectral_radius,matched_er_4to1_chunk_13,65,MC,0.5024468556898699,96
sign_test_er0.4__norm_spectral_radius,matched_er_4to1_chunk_13,66,GR,0.7913413874692442,96
sign_test_er0.4__norm_spectral_radius,matched_er_4to1_chunk_13,66,IPC,0.3362898255590317,96
sign_test_er0.4__norm_spectral_radius,matched_er_4to1_chunk_13,66,KR,0.8093693268378545,96
sign_test_er0.4__norm_spectral_radius,matched_er_4to1_chunk_13,66,MC,0.50941319055423,96
sign_test_er0.4__norm_spectral_radius,matched_er_4to1_chunk_13,67,GR,0.7606132412648925,96
sign_test_er0.4__norm_spectral_radius,matched_er_4to1_chunk_13,67,IPC,0.3472512025460382,96
sign_test_er0.4__norm_spectral_radius,matched_er_4to1_chunk_13,67,KR,0.7759729978373519,96
sign_test_er0.4__norm_spectral_radius,matched_er_4to1_chunk_13,67,MC,0.49522900447511176,96
sign_test_er0.4__norm_spectral_radius,matched_er_4to1_chunk_13,68,GR,0.7794593818895547,96
sign_test_er0.4__norm_spectral_radius,matched_er_4to1_chunk_13,68,IPC,0.327732041472438,96
sign_test_er0.4__norm_spectral_radius,matched_er_4to1_chunk_13,68,KR,0.8055122193896438,96
sign_test_er0.4__norm_spectral_radius,matched_er_4to1_chunk_13,68,MC,0.4972677602155634,96
sign_test_er0.4__norm_spectral_radius,matched_er_4to1_chunk_13,69,GR,0.7534957279488526,96
sign_test_er0.4__norm_spectral_radius,matched_er_4to1_chunk_13,69,IPC,0.3184634349259659,96
sign_test_er0.4__norm_spectral_radius,matched_er_4to1_chunk_13,69,KR,0.7652146702162836,96
sign_test_er0.4__norm_spectral_radius,matched_er_4to1_chunk_13,69,MC,0.4830079208088276,96
sign_test_er0.4__norm_spectral_radius,matched_er_4to1_chunk_14,70,GR,0.7837498283419221,96
sign_test_er0.4__norm_spectral_radius,matched_er_4to1_chunk_14,70,IPC,0.35395954222509696,96
sign_test_er0.4__norm_spectral_radius,matched_er_4to1_chunk_14,70,KR,0.7705823293396593,96
sign_test_er0.4__norm_spectral_radius,matched_er_4to1_chunk_14,70,MC,0.5306548804463836,96
sign_test_er0.4__norm_spectral_radius,matched_er_4to1_chunk_14,71,GR,0.8212661203491485,96
sign_test_er0.4__norm_spectral_radius,matched_er_4to1_chunk_14,71,IPC,0.3577972240255943,96
sign_test_er0.4__norm_spectral_radius,matched_er_4to1_chunk_14,71,KR,0.7942336686987344,96
sign_test_er0.4__norm_spectral_radius,matched_er_4to1_chunk_14,71,MC,0.5247793461433222,96
sign_test_er0.4__norm_spectral_radius,matched_er_4to1_chunk_14,72,GR,0.8253033252307674,96
sign_test_er0.4__norm_spectral_radius,matched_er_4to1_chunk_14,72,IPC,0.3119649176634448,96
sign_test_er0.4__norm_spectral_radius,matched_er_4to1_chunk_14,72,KR,0.8059005685700575,96
sign_test_er0.4__norm_spectral_radius,matched_er_4to1_chunk_14,72,MC,0.47225435597111026,96
sign_test_er0.4__norm_spectral_radius,matched_er_4to1_chunk_14,73,GR,0.7915164668428357,96
sign_test_er0.4__norm_spectral_radius,matched_er_4to1_chunk_14,73,IPC,0.30801025172586444,96
sign_test_er0.4__norm_spectral_radius,matched_er_4to1_chunk_14,73,KR,0.8011389385690599,96
sign_test_er0.4__norm_spectral_radius,matched_er_4to1_chunk_14,73,MC,0.4837492388506142,96
sign_test_er0.4__norm_spectral_radius,matched_er_4to1_chunk_14,74,GR,0.7547981710243572,96
sign_test_er0.4__norm_spectral_radius,matched_er_4to1_chunk_14,74,IPC,0.34638619851444624,96
sign_test_er0.4__norm_spectral_radius,matched_er_4to1_chunk_14,74,KR,0.764445813511428,96
sign_test_er0.4__norm_spectral_radius,matched_er_4to1_chunk_14,74,MC,0.5114691398748863,96
sign_test_er0.4__norm_spectral_radius,matched_er_4to1_chunk_15,75,GR,0.7961351353782862,96
sign_test_er0.4__norm_spectral_radius,matched_er_4to1_chunk_15,75,IPC,0.3438467138590163,96
sign_test_er0.4__norm_spectral_radius,matched_er_4to1_chunk_15,75,KR,0.8013374443828729,96
sign_test_er0.4__norm_spectral_radius,matched_er_4to1_chunk_15,75,MC,0.5057871147615552,96
sign_test_er0.4__norm_spectral_radius,matched_er_4to1_chunk_15,76,GR,0.7921430745277863,96
sign_test_er0.4__norm_spectral_radius,matched_er_4to1_chunk_15,76,IPC,0.3330928218545185,96
sign_test_er0.4__norm_spectral_radius,matched_er_4to1_chunk_15,76,KR,0.7983225626699533,96
sign_test_er0.4__norm_spectral_radius,matched_er_4to1_chunk_15,76,MC,0.48087623653271516,96
sign_test_er0.4__norm_spectral_radius,matched_er_4to1_chunk_15,77,GR,0.8092674221905525,96
sign_test_er0.4__norm_spectral_radius,matched_er_4to1_chunk_15,77,IPC,0.3448000787497854,96
sign_test_er0.4__norm_spectral_radius,matched_er_4to1_chunk_15,77,KR,0.8084431578961311,96
sign_test_er0.4__norm_spectral_radius,matched_er_4to1_chunk_15,77,MC,0.5021522242635191,96
sign_test_er0.4__norm_spectral_radius,matched_er_4to1_chunk_15,78,GR,0.7717420222472142,96
sign_test_er0.4__norm_spectral_radius,matched_er_4to1_chunk_15,78,IPC,0.3358653477872755,96
sign_test_er0.4__norm_spectral_radius,matched_er_4to1_chunk_15,78,KR,0.7900198529915161,96
sign_test_er0.4__norm_spectral_radius,matched_er_4to1_chunk_15,78,MC,0.4958242429242786,96
sign_test_er0.4__norm_spectral_radius,matched_er_4to1_chunk_15,79,GR,0.7810472684409919,96
sign_test_er0.4__norm_spectral_radius,matched_er_4to1_chunk_15,79,IPC,0.3268484028262383,96
sign_test_er0.4__norm_spectral_radius,matched_er_4to1_chunk_15,79,KR,0.7819182669250152,96
sign_test_er0.4__norm_spectral_radius,matched_er_4to1_chunk_15,79,MC,0.4815463311835865,96
sign_test_er0.4__norm_spectral_radius,matched_er_4to1_chunk_16,80,GR,0.764666184531467,96
sign_test_er0.4__norm_spectral_radius,matched_er_4to1_chunk_16,80,IPC,0.34543850591026665,96
sign_test_er0.4__norm_spectral_radius,matched_er_4to1_chunk_16,80,KR,0.7791346393963362,96
sign_test_er0.4__norm_spectral_radius,matched_er_4to1_chunk_16,80,MC,0.4926728983382252,96
sign_test_er0.4__norm_spectral_radius,matched_er_4to1_chunk_16,81,GR,0.7802861131953579,96
sign_test_er0.4__norm_spectral_radius,matched_er_4to1_chunk_16,81,IPC,0.36858309441588877,96
sign_test_er0.4__norm_spectral_radius,matched_er_4to1_chunk_16,81,KR,0.7989934470413591,96
sign_test_er0.4__norm_spectral_radius,matched_er_4to1_chunk_16,81,MC,0.5197769577635449,96
sign_test_er0.4__norm_spectral_radius,matched_er_4to1_chunk_16,82,GR,0.7730292087531517,96
sign_test_er0.4__norm_spectral_radius,matched_er_4to1_chunk_16,82,IPC,0.3704293485375279,96
sign_test_er0.4__norm_spectral_radius,matched_er_4to1_chunk_16,82,KR,0.8051124762687979,96
sign_test_er0.4__norm_spectral_radius,matched_er_4to1_chunk_16,82,MC,0.5362605923926272,96
sign_test_er0.4__norm_spectral_radius,matched_er_4to1_chunk_16,83,GR,0.7629758125120741,96
sign_test_er0.4__norm_spectral_radius,matched_er_4to1_chunk_16,83,IPC,0.3844579799578951,96
sign_test_er0.4__norm_spectral_radius,matched_er_4to1_chunk_16,83,KR,0.7895202693379766,96
sign_test_er0.4__norm_spectral_radius,matched_er_4to1_chunk_16,83,MC,0.5565752527573264,96
sign_test_er0.4__norm_spectral_radius,matched_er_4to1_chunk_16,84,GR,0.768523137516915,96
sign_test_er0.4__norm_spectral_radius,matched_er_4to1_chunk_16,84,IPC,0.3524914175240903,96
sign_test_er0.4__norm_spectral_radius,matched_er_4to1_chunk_16,84,KR,0.7804873879602363,96
sign_test_er0.4__norm_spectral_radius,matched_er_4to1_chunk_16,84,MC,0.5118027410413145,96
sign_test_er0.4__norm_spectral_radius,matched_er_4to1_chunk_17,85,GR,0.7643248275311121,96
sign_test_er0.4__norm_spectral_radius,matched_er_4to1_chunk_17,85,IPC,0.3748233980239428,96
sign_test_er0.4__norm_spectral_radius,matched_er_4to1_chunk_17,85,KR,0.7841132678197206,96
sign_test_er0.4__norm_spectral_radius,matched_er_4to1_chunk_17,85,MC,0.5277666100727653,96
sign_test_er0.4__norm_spectral_radius,matched_er_4to1_chunk_17,86,GR,0.7801108592254488,96
sign_test_er0.4__norm_spectral_radius,matched_er_4to1_chunk_17,86,IPC,0.37704891811340013,96
sign_test_er0.4__norm_spectral_radius,matched_er_4to1_chunk_17,86,KR,0.7859517718188423,96
sign_test_er0.4__norm_spectral_radius,matched_er_4to1_chunk_17,86,MC,0.5211672528943799,96
sign_test_er0.4__norm_spectral_radius,matched_er_4to1_chunk_17,87,GR,0.7660033458778914,96
sign_test_er0.4__norm_spectral_radius,matched_er_4to1_chunk_17,87,IPC,0.3688278366942251,96
sign_test_er0.4__norm_spectral_radius,matched_er_4to1_chunk_17,87,KR,0.7845755767409469,96
sign_test_er0.4__norm_spectral_radius,matched_er_4to1_chunk_17,87,MC,0.5370465930610089,96
sign_test_er0.4__norm_spectral_radius,matched_er_4to1_chunk_17,88,GR,0.7758789135741011,96
sign_test_er0.4__norm_spectral_radius,matched_er_4to1_chunk_17,88,IPC,0.38064628517349536,96
sign_test_er0.4__norm_spectral_radius,matched_er_4to1_chunk_17,88,KR,0.7966541559495967,96
sign_test_er0.4__norm_spectral_radius,matched_er_4to1_chunk_17,88,MC,0.5454004833608497,96
sign_test_er0.4__norm_spectral_radius,matched_er_4to1_chunk_17,89,GR,0.7712312347383702,96
sign_test_er0.4__norm_spectral_radius,matched_er_4to1_chunk_17,89,IPC,0.3846367882410802,96
sign_test_er0.4__norm_spectral_radius,matched_er_4to1_chunk_17,89,KR,0.7886824072199622,96
sign_test_er0.4__norm_spectral_radius,matched_er_4to1_chunk_17,89,MC,0.5238024014396753,96
sign_test_er0.4__norm_spectral_radius,matched_er_4to1_chunk_18,90,GR,0.7607844647720026,96
sign_test_er0.4__norm_spectral_radius,matched_er_4to1_chunk_18,90,IPC,0.3619465893728873,96
sign_test_er0.4__norm_spectral_radius,matched_er_4to1_chunk_18,90,KR,0.7789382058685907,96
sign_test_er0.4__norm_spectral_radius,matched_er_4to1_chunk_18,90,MC,0.511656394201325,96
sign_test_er0.4__norm_spectral_radius,matched_er_4to1_chunk_18,91,GR,0.7740608298090341,96
sign_test_er0.4__norm_spectral_radius,matched_er_4to1_chunk_18,91,IPC,0.33974993550988414,96
sign_test_er0.4__norm_spectral_radius,matched_er_4to1_chunk_18,91,KR,0.7901061763704924,96
sign_test_er0.4__norm_spectral_radius,matched_er_4to1_chunk_18,91,MC,0.5302417107377306,96
sign_test_er0.4__norm_spectral_radius,matched_er_4to1_chunk_18,92,GR,0.8016859679964302,96
sign_test_er0.4__norm_spectral_radius,matched_er_4to1_chunk_18,92,IPC,0.34596560903456425,96
sign_test_er0.4__norm_spectral_radius,matched_er_4to1_chunk_18,92,KR,0.7942902544125787,96
sign_test_er0.4__norm_spectral_radius,matched_er_4to1_chunk_18,92,MC,0.5197128646303957,96
sign_test_er0.4__norm_spectral_radius,matched_er_4to1_chunk_18,93,GR,0.7875895765376519,96
sign_test_er0.4__norm_spectral_radius,matched_er_4to1_chunk_18,93,IPC,0.3539019380795831,96
sign_test_er0.4__norm_spectral_radius,matched_er_4to1_chunk_18,93,KR,0.7973119330182721,96
sign_test_er0.4__norm_spectral_radius,matched_er_4to1_chunk_18,93,MC,0.5095234448548046,96
sign_test_er0.4__norm_spectral_radius,matched_er_4to1_chunk_18,94,GR,0.7743358657955746,96
sign_test_er0.4__norm_spectral_radius,matched_er_4to1_chunk_18,94,IPC,0.3334945311648349,96
sign_test_er0.4__norm_spectral_radius,matched_er_4to1_chunk_18,94,KR,0.7997312047668074,96
sign_test_er0.4__norm_spectral_radius,matched_er_4to1_chunk_18,94,MC,0.4975095302304885,96
sign_test_er0.4__norm_spectral_radius,matched_er_4to1_chunk_19,95,GR,0.781828720999267,96
sign_test_er0.4__norm_spectral_radius,matched_er_4to1_chunk_19,95,IPC,0.3745464372424109,96
sign_test_er0.4__norm_spectral_radius,matched_er_4to1_chunk_19,95,KR,0.7853880674828125,96
sign_test_er0.4__norm_spectral_radius,matched_er_4to1_chunk_19,95,MC,0.5176162187819016,96
sign_test_er0.4__norm_spectral_radius,matched_er_4to1_chunk_19,96,GR,0.7508846789189462,96
sign_test_er0.4__norm_spectral_radius,matched_er_4to1_chunk_19,96,IPC,0.36966010065821814,96
sign_test_er0.4__norm_spectral_radius,matched_er_4to1_chunk_19,96,KR,0.7673181239618216,96
sign_test_er0.4__norm_spectral_radius,matched_er_4to1_chunk_19,96,MC,0.5384364915079856,96
sign_test_er0.4__norm_spectral_radius,matched_er_4to1_chunk_19,97,GR,0.7742291610142514,96
sign_test_er0.4__norm_spectral_radius,matched_er_4to1_chunk_19,97,IPC,0.3641144019954432,96
sign_test_er0.4__norm_spectral_radius,matched_er_4to1_chunk_19,97,KR,0.7970288266390189,96
sign_test_er0.4__norm_spectral_radius,matched_er_4to1_chunk_19,97,MC,0.5126444582192375,96
sign_test_er0.4__norm_spectral_radius,matched_er_4to1_chunk_19,98,GR,0.7728638060333121,96
sign_test_er0.4__norm_spectral_radius,matched_er_4to1_chunk_19,98,IPC,0.3649430781052274,96
sign_test_er0.4__norm_spectral_radius,matched_er_4to1_chunk_19,98,KR,0.7827041777727081,96
sign_test_er0.4__norm_spectral_radius,matched_er_4to1_chunk_19,98,MC,0.5230600548763796,96
sign_test_er0.4__norm_spectral_radius,matched_er_4to1_chunk_19,99,GR,0.7763873443061997,96
sign_test_er0.4__norm_spectral_radius,matched_er_4to1_chunk_19,99,IPC,0.3505823981147597,96
sign_test_er0.4__norm_spectral_radius,matched_er_4to1_chunk_19,99,KR,0.7906615266749191,96
sign_test_er0.4__norm_spectral_radius,matched_er_4to1_chunk_19,99,MC,0.5064396682189637,96
sign_test_er0.4__norm_spectral_radius,matched_er_4to1_chunk_2,10,GR,0.7804546716624785,96
sign_test_er0.4__norm_spectral_radius,matched_er_4to1_chunk_2,10,IPC,0.33277673349641007,96
sign_test_er0.4__norm_spectral_radius,matched_er_4to1_chunk_2,10,KR,0.7944091006943543,96
sign_test_er0.4__norm_spectral_radius,matched_er_4to1_chunk_2,10,MC,0.4876304710934806,96
sign_test_er0.4__norm_spectral_radius,matched_er_4to1_chunk_2,11,GR,0.7911025931186544,96
sign_test_er0.4__norm_spectral_radius,matched_er_4to1_chunk_2,11,IPC,0.3206331510148413,96
sign_test_er0.4__norm_spectral_radius,matched_er_4to1_chunk_2,11,KR,0.7813439786693053,96
sign_test_er0.4__norm_spectral_radius,matched_er_4to1_chunk_2,11,MC,0.4800766492727392,96
sign_test_er0.4__norm_spectral_radius,matched_er_4to1_chunk_2,12,GR,0.7324280867598534,96
sign_test_er0.4__norm_spectral_radius,matched_er_4to1_chunk_2,12,IPC,0.3581432260700807,96
sign_test_er0.4__norm_spectral_radius,matched_er_4to1_chunk_2,12,KR,0.7427599351352936,96
sign_test_er0.4__norm_spectral_radius,matched_er_4to1_chunk_2,12,MC,0.5429981220642877,96
sign_test_er0.4__norm_spectral_radius,matched_er_4to1_chunk_2,13,GR,0.7837215051924666,96
sign_test_er0.4__norm_spectral_radius,matched_er_4to1_chunk_2,13,IPC,0.34325929987489995,96
sign_test_er0.4__norm_spectral_radius,matched_er_4to1_chunk_2,13,KR,0.7789632830708788,96
sign_test_er0.4__norm_spectral_radius,matched_er_4to1_chunk_2,13,MC,0.5032678812188113,96
sign_test_er0.4__norm_spectral_radius,matched_er_4to1_chunk_2,14,GR,0.7901783653732334,96
sign_test_er0.4__norm_spectral_radius,matched_er_4to1_chunk_2,14,IPC,0.329065385836708,96
sign_test_er0.4__norm_spectral_radius,matched_er_4to1_chunk_2,14,KR,0.778547363020972,96
sign_test_er0.4__norm_spectral_radius,matched_er_4to1_chunk_2,14,MC,0.4957348558815372,96
sign_test_er0.4__norm_spectral_radius,matched_er_4to1_chunk_3,15,GR,0.7923097995882495,96
sign_test_er0.4__norm_spectral_radius,matched_er_4to1_chunk_3,15,IPC,0.32870698580589564,96
sign_test_er0.4__norm_spectral_radius,matched_er_4to1_chunk_3,15,KR,0.7950122015120609,96
sign_test_er0.4__norm_spectral_radius,matched_er_4to1_chunk_3,15,MC,0.4867132013531353,96
sign_test_er0.4__norm_spectral_radius,matched_er_4to1_chunk_3,16,GR,0.7658075619462394,96
sign_test_er0.4__norm_spectral_radius,matched_er_4to1_chunk_3,16,IPC,0.3427955620028725,96
sign_test_er0.4__norm_spectral_radius,matched_er_4to1_chunk_3,16,KR,0.7868021974225572,96
sign_test_er0.4__norm_spectral_radius,matched_er_4to1_chunk_3,16,MC,0.49414556144317534,96
sign_test_er0.4__norm_spectral_radius,matched_er_4to1_chunk_3,17,GR,0.7583039047833832,96
sign_test_er0.4__norm_spectral_radius,matched_er_4to1_chunk_3,17,IPC,0.3421885528516561,96
sign_test_er0.4__norm_spectral_radius,matched_er_4to1_chunk_3,17,KR,0.7836203411574261,96
sign_test_er0.4__norm_spectral_radius,matched_er_4to1_chunk_3,17,MC,0.5235877564325617,96
sign_test_er0.4__norm_spectral_radius,matched_er_4to1_chunk_3,18,GR,0.7748891955401649,96
sign_test_er0.4__norm_spectral_radius,matched_er_4to1_chunk_3,18,IPC,0.3057959538756381,96
sign_test_er0.4__norm_spectral_radius,matched_er_4to1_chunk_3,18,KR,0.7934889315130433,96
sign_test_er0.4__norm_spectral_radius,matched_er_4to1_chunk_3,18,MC,0.4989757075313461,96
sign_test_er0.4__norm_spectral_radius,matched_er_4to1_chunk_3,19,GR,0.7924731930938167,96
sign_test_er0.4__norm_spectral_radius,matched_er_4to1_chunk_3,19,IPC,0.3197102613983896,96
sign_test_er0.4__norm_spectral_radius,matched_er_4to1_chunk_3,19,KR,0.7877520375346492,96
sign_test_er0.4__norm_spectral_radius,matched_er_4to1_chunk_3,19,MC,0.4837963803735051,96
sign_test_er0.4__norm_spectral_radius,matched_er_4to1_chunk_4,20,GR,0.7840571893935413,96
sign_test_er0.4__norm_spectral_radius,matched_er_4to1_chunk_4,20,IPC,0.33263821469792854,96
sign_test_er0.4__norm_spectral_radius,matched_er_4to1_chunk_4,20,KR,0.7753315022182591,96
sign_test_er0.4__norm_spectral_radius,matched_er_4to1_chunk_4,20,MC,0.49849779871176636,96
sign_test_er0.4__norm_spectral_radius,matched_er_4to1_chunk_4,21,GR,0.7869965895424468,96
sign_test_er0.4__norm_spectral_radius,matched_er_4to1_chunk_4,21,IPC,0.3329635115562701,96
sign_test_er0.4__norm_spectral_radius,matched_er_4to1_chunk_4,21,KR,0.7831950388801312,96
sign_test_er0.4__norm_spectral_radius,matched_er_4to1_chunk_4,21,MC,0.5114899933400846,96
sign_test_er0.4__norm_spectral_radius,matched_er_4to1_chunk_4,22,GR,0.7726703152884241,96
sign_test_er0.4__norm_spectral_radius,matched_er_4to1_chunk_4,22,IPC,0.33145067330076977,96
sign_test_er0.4__norm_spectral_radius,matched_er_4to1_chunk_4,22,KR,0.7876873988308164,96
sign_test_er0.4__norm_spectral_radius,matched_er_4to1_chunk_4,22,MC,0.5101824346204069,96
sign_test_er0.4__norm_spectral_radius,matched_er_4to1_chunk_4,23,GR,0.7859981000839926,96
sign_test_er0.4__norm_spectral_radius,matched_er_4to1_chunk_4,23,IPC,0.3099595300715806,96
sign_test_er0.4__norm_spectral_radius,matched_er_4to1_chunk_4,23,KR,0.7953668401854224,96
sign_test_er0.4__norm_spectral_radius,matched_er_4to1_chunk_4,23,MC,0.46674473774388986,96
sign_test_er0.4__norm_spectral_radius,matched_er_4to1_chunk_4,24,GR,0.7912550305068523,96
sign_test_er0.4__norm_spectral_radius,matched_er_4to1_chunk_4,24,IPC,0.3316772287273895,96
sign_test_er0.4__norm_spectral_radius,matched_er_4to1_chunk_4,24,KR,0.7967057274613077,96
sign_test_er0.4__norm_spectral_radius,matched_er_4to1_chunk_4,24,MC,0.5033993204649512,96
sign_test_er0.4__norm_spectral_radius,matched_er_4to1_chunk_5,25,GR,0.7619456618898581,96
sign_test_er0.4__norm_spectral_radius,matched_er_4to1_chunk_5,25,IPC,0.31112145580783307,96
sign_test_er0.4__norm_spectral_radius,matched_er_4to1_chunk_5,25,KR,0.7792907364849959,96
sign_test_er0.4__norm_spectral_radius,matched_er_4to1_chunk_5,25,MC,0.48246606751438265,96
sign_test_er0.4__norm_spectral_radius,matched_er_4to1_chunk_5,26,GR,0.7639463139897902,96
sign_test_er0.4__norm_spectral_radius,matched_er_4to1_chunk_5,26,IPC,0.3261035783345973,96
sign_test_er0.4__norm_spectral_radius,matched_er_4to1_chunk_5,26,KR,0.7780389610610815,96
sign_test_er0.4__norm_spectral_radius,matched_er_4to1_chunk_5,26,MC,0.500328480381979,96
sign_test_er0.4__norm_spectral_radius,matched_er_4to1_chunk_5,27,GR,0.7827482386035436,96
sign_test_er0.4__norm_spectral_radius,matched_er_4to1_chunk_5,27,IPC,0.32721030868531,96
sign_test_er0.4__norm_spectral_radius,matched_er_4to1_chunk_5,27,KR,0.7870922483946713,96
sign_test_er0.4__norm_spectral_radius,matched_er_4to1_chunk_5,27,MC,0.511830491225449,96
sign_test_er0.4__norm_spectral_radius,matched_er_4to1_chunk_5,28,GR,0.7916461473617549,96
sign_test_er0.4__norm_spectral_radius,matched_er_4to1_chunk_5,28,IPC,0.32669993493475025,96
sign_test_er0.4__norm_spectral_radius,matched_er_4to1_chunk_5,28,KR,0.7947213821017078,96
sign_test_er0.4__norm_spectral_radius,matched_er_4to1_chunk_5,28,MC,0.4987039343712537,96
sign_test_er0.4__norm_spectral_radius,matched_er_4to1_chunk_5,29,GR,0.7778855661381358,96
sign_test_er0.4__norm_spectral_radius,matched_er_4to1_chunk_5,29,IPC,0.3345695337698856,96
sign_test_er0.4__norm_spectral_radius,matched_er_4to1_chunk_5,29,KR,0.7981351766960489,96
sign_test_er0.4__norm_spectral_radius,matched_er_4to1_chunk_5,29,MC,0.5147293531858662,96
sign_test_er0.4__norm_spectral_radius,matched_er_4to1_chunk_6,30,GR,0.7733627872672229,96
sign_test_er0.4__norm_spectral_radius,matched_er_4to1_chunk_6,30,IPC,0.321011906768491,96
sign_test_er0.4__norm_spectral_radius,matched_er_4to1_chunk_6,30,KR,0.7820810066073283,96
sign_test_er0.4__norm_spectral_radius,matched_er_4to1_chunk_6,30,MC,0.49853015471396905,96
sign_test_er0.4__norm_spectral_radius,matched_er_4to1_chunk_6,31,GR,0.7781195766488465,96
sign_test_er0.4__norm_spectral_radius,matched_er_4to1_chunk_6,31,IPC,0.321954111250843,96
sign_test_er0.4__norm_spectral_radius,matched_er_4to1_chunk_6,31,KR,0.7876748680217394,96
sign_test_er0.4__norm_spectral_radius,matched_er_4to1_chunk_6,31,MC,0.4833129074411468,96
sign_test_er0.4__norm_spectral_radius,matched_er_4to1_chunk_6,32,GR,0.8033731486660912,96
sign_test_er0.4__norm_spectral_radius,matched_er_4to1_chunk_6,32,IPC,0.33618578897398355,96
sign_test_er0.4__norm_spectral_radius,matched_er_4to1_chunk_6,32,KR,0.7968983040305897,96
sign_test_er0.4__norm_spectral_radius,matched_er_4to1_chunk_6,32,MC,0.4766923383644084,96
sign_test_er0.4__norm_spectral_radius,matched_er_4to1_chunk_6,33,GR,0.7716887465371415,96
sign_test_er0.4__norm_spectral_radius,matched_er_4to1_chunk_6,33,IPC,0.29420307005846824,96
sign_test_er0.4__norm_spectral_radius,matched_er_4to1_chunk_6,33,KR,0.7899720768996685,96
sign_test_er0.4__norm_spectral_radius,matched_er_4to1_chunk_6,33,MC,0.45023949155163995,96
sign_test_er0.4__norm_spectral_radius,matched_er_4to1_chunk_6,34,GR,0.7621357955318258,96
sign_test_er0.4__norm_spectral_radius,matched_er_4to1_chunk_6,34,IPC,0.30974722421467876,96
sign_test_er0.4__norm_spectral_radius,matched_er_4to1_chunk_6,34,KR,0.7795421031399841,96
sign_test_er0.4__norm_spectral_radius,matched_er_4to1_chunk_6,34,MC,0.48419322502967554,96
sign_test_er0.4__norm_spectral_radius,matched_er_4to1_chunk_7,35,GR,0.798763212220972,96
sign_test_er0.4__norm_spectral_radius,matched_er_4to1_chunk_7,35,IPC,0.3316740739111099,96
sign_test_er0.4__norm_spectral_radius,matched_er_4to1_chunk_7,35,KR,0.795706802544955,96
sign_test_er0.4__norm_spectral_radius,matched_er_4to1_chunk_7,35,MC,0.4855985417495197,96
sign_test_er0.4__norm_spectral_radius,matched_er_4to1_chunk_7,36,GR,0.7621789101382026,96
sign_test_er0.4__norm_spectral_radius,matched_er_4to1_chunk_7,36,IPC,0.32766547170652516,96
sign_test_er0.4__norm_spectral_radius,matched_er_4to1_chunk_7,36,KR,0.7718457783153753,96
sign_test_er0.4__norm_spectral_radius,matched_er_4to1_chunk_7,36,MC,0.48426724157203216,96
sign_test_er0.4__norm_spectral_radius,matched_er_4to1_chunk_7,37,GR,0.7560081786542588,96
sign_test_er0.4__norm_spectral_radius,matched_er_4to1_chunk_7,37,IPC,0.31822470653495943,96
sign_test_er0.4__norm_spectral_radius,matched_er_4to1_chunk_7,37,KR,0.7714466653518678,96
sign_test_er0.4__norm_spectral_radius,matched_er_4to1_chunk_7,37,MC,0.4715087907544899,96
sign_test_er0.4__norm_spectral_radius,matched_er_4to1_chunk_7,38,GR,0.7792653262451442,96
sign_test_er0.4__norm_spectral_radius,matched_er_4to1_chunk_7,38,IPC,0.31642082647446523,96
sign_test_er0.4__norm_spectral_radius,matched_er_4to1_chunk_7,38,KR,0.7909364216111348,96
sign_test_er0.4__norm_spectral_radius,matched_er_4to1_chunk_7,38,MC,0.5059740511229683,96
sign_test_er0.4__norm_spectral_radius,matched_er_4to1_chunk_7,39,GR,0.7608901017150378,96
sign_test_er0.4__norm_spectral_radius,matched_er_4to1_chunk_7,39,IPC,0.349499596962281,96
sign_test_er0.4__norm_spectral_radius,matched_er_4to1_chunk_7,39,KR,0.7863220223228241,96
sign_test_er0.4__norm_spectral_radius,matched_er_4to1_chunk_7,39,MC,0.5052963904326127,96
sign_test_er0.4__norm_spectral_radius,matched_er_4to1_chunk_8,40,GR,0.7651780472655941,96
sign_test_er0.4__norm_spectral_radius,matched_er_4to1_chunk_8,40,IPC,0.3542538198788202,96
sign_test_er0.4__norm_spectral_radius,matched_er_4to1_chunk_8,40,KR,0.7842732995462125,96
sign_test_er0.4__norm_spectral_radius,matched_er_4to1_chunk_8,40,MC,0.535877697101635,96
sign_test_er0.4__norm_spectral_radius,matched_er_4to1_chunk_8,41,GR,0.7564662568206666,96
sign_test_er0.4__norm_spectral_radius,matched_er_4to1_chunk_8,41,IPC,0.31463254933080365,96
sign_test_er0.4__norm_spectral_radius,matched_er_4to1_chunk_8,41,KR,0.7833614813585585,96
sign_test_er0.4__norm_spectral_radius,matched_er_4to1_chunk_8,41,MC,0.49648193609174696,96
sign_test_er0.4__norm_spectral_radius,matched_er_4to1_chunk_8,42,GR,0.7805016492306629,96
sign_test_er0.4__norm_spectral_radius,matched_er_4to1_chunk_8,42,IPC,0.3169528973677562,96
sign_test_er0.4__norm_spectral_radius,matched_er_4to1_chunk_8,42,KR,0.759921542595898,96
sign_test_er0.4__norm_spectral_radius,matched_er_4to1_chunk_8,42,MC,0.46370959948265167,96
sign_test_er0.4__norm_spectral_radius,matched_er_4to1_chunk_8,43,GR,0.7760638634975453,96
sign_test_er0.4__norm_spectral_radius,matched_er_4to1_chunk_8,43,IPC,0.34861640424685464,96
sign_test_er0.4__norm_spectral_radius,matched_er_4to1_chunk_8,43,KR,0.7935302051253206,96
sign_test_er0.4__norm_spectral_radius,matched_er_4to1_chunk_8,43,MC,0.4992620476394159,96
sign_test_er0.4__norm_spectral_radius,matched_er_4to1_chunk_8,44,GR,0.7963784890989795,96
sign_test_er0.4__norm_spectral_radius,matched_er_4to1_chunk_8,44,IPC,0.3258142518553126,96
sign_test_er0.4__norm_spectral_radius,matched_er_4to1_chunk_8,44,KR,0.7935746715565223,96
sign_test_er0.4__norm_spectral_radius,matched_er_4to1_chunk_8,44,MC,0.4840532304153175,96
sign_test_er0.4__norm_spectral_radius,matched_er_4to1_chunk_9,45,GR,0.772559971398455,96
sign_test_er0.4__norm_spectral_radius,matched_er_4to1_chunk_9,45,IPC,0.3302705415815806,96
sign_test_er0.4__norm_spectral_radius,matched_er_4to1_chunk_9,45,KR,0.7734935755346325,96
sign_test_er0.4__norm_spectral_radius,matched_er_4to1_chunk_9,45,MC,0.47908982170070913,96
sign_test_er0.4__norm_spectral_radius,matched_er_4to1_chunk_9,46,GR,0.7949209064985694,96
sign_test_er0.4__norm_spectral_radius,matched_er_4to1_chunk_9,46,IPC,0.32439224111217696,96
sign_test_er0.4__norm_spectral_radius,matched_er_4to1_chunk_9,46,KR,0.7940479599569165,96
sign_test_er0.4__norm_spectral_radius,matched_er_4to1_chunk_9,46,MC,0.48768374940405296,96
sign_test_er0.4__norm_spectral_radius,matched_er_4to1_chunk_9,47,GR,0.7786402488957213,96
sign_test_er0.4__norm_spectral_radius,matched_er_4to1_chunk_9,47,IPC,0.35427024419196873,96
sign_test_er0.4__norm_spectral_radius,matched_er_4to1_chunk_9,47,KR,0.786764019001417,96
sign_test_er0.4__norm_spectral_radius,matched_er_4to1_chunk_9,47,MC,0.5246299854113181,96
sign_test_er0.4__norm_spectral_radius,matched_er_4to1_chunk_9,48,GR,0.7914959898020878,96
sign_test_er0.4__norm_spectral_radius,matched_er_4to1_chunk_9,48,IPC,0.31079872518598983,96
sign_test_er0.4__norm_spectral_radius,matched_er_4to1_chunk_9,48,KR,0.8052463114674332,96
sign_test_er0.4__norm_spectral_radius,matched_er_4to1_chunk_9,48,MC,0.4928086836791379,96
sign_test_er0.4__norm_spectral_radius,matched_er_4to1_chunk_9,49,GR,0.7968510379396709,96
sign_test_er0.4__norm_spectral_radius,matched_er_4to1_chunk_9,49,IPC,0.32290417811444694,96
sign_test_er0.4__norm_spectral_radius,matched_er_4to1_chunk_9,49,KR,0.8056709458575034,96
sign_test_er0.4__norm_spectral_radius,matched_er_4to1_chunk_9,49,MC,0.49916233615131433,96
sign_test_er0.6__norm_original_radius,matched_er_4to1_chunk_0,0,GR,0.7098540200166673,96
sign_test_er0.6__norm_original_radius,matched_er_4to1_chunk_0,0,IPC,0.41245054075786214,96
sign_test_er0.6__norm_original_radius,matched_er_4to1_chunk_0,0,KR,0.4767643999532169,96
sign_test_er0.6__norm_original_radius,matched_er_4to1_chunk_0,0,MC,0.42002364095333555,96
sign_test_er0.6__norm_original_radius,matched_er_4to1_chunk_0,1,GR,0.7250777459931897,96
sign_test_er0.6__norm_original_radius,matched_er_4to1_chunk_0,1,IPC,0.40816635813336605,96
sign_test_er0.6__norm_original_radius,matched_er_4to1_chunk_0,1,KR,0.4937307663530696,96
sign_test_er0.6__norm_original_radius,matched_er_4to1_chunk_0,1,MC,0.41876686204699204,96
sign_test_er0.6__norm_original_radius,matched_er_4to1_chunk_0,2,GR,0.723111469885134,96
sign_test_er0.6__norm_original_radius,matched_er_4to1_chunk_0,2,IPC,0.4123835716856802,96
sign_test_er0.6__norm_original_radius,matched_er_4to1_chunk_0,2,KR,0.49177112520257554,96
sign_test_er0.6__norm_original_radius,matched_er_4to1_chunk_0,2,MC,0.4164379657972269,96
sign_test_er0.6__norm_original_radius,matched_er_4to1_chunk_0,3,GR,0.7199885977618403,96
sign_test_er0.6__norm_original_radius,matched_er_4to1_chunk_0,3,IPC,0.41374112788031286,96
sign_test_er0.6__norm_original_radius,matched_er_4to1_chunk_0,3,KR,0.4910894252988428,96
sign_test_er0.6__norm_original_radius,matched_er_4to1_chunk_0,3,MC,0.40273940354582183,96
sign_test_er0.6__norm_original_radius,matched_er_4to1_chunk_0,4,GR,0.7175831156239364,96
sign_test_er0.6__norm_original_radius,matched_er_4to1_chunk_0,4,IPC,0.38031239931434074,96
sign_test_er0.6__norm_original_radius,matched_er_4to1_chunk_0,4,KR,0.4869606529140462,96
sign_test_er0.6__norm_original_radius,matched_er_4to1_chunk_0,4,MC,0.41238489696541303,96
sign_test_er0.6__norm_original_radius,matched_er_4to1_chunk_1,5,GR,0.7170844249971249,96
sign_test_er0.6__norm_original_radius,matched_er_4to1_chunk_1,5,IPC,0.3916824029145582,96
sign_test_er0.6__norm_original_radius,matched_er_4to1_chunk_1,5,KR,0.48562767441591104,96
sign_test_er0.6__norm_original_radius,matched_er_4to1_chunk_1,5,MC,0.3895455293301591,96
sign_test_er0.6__norm_original_radius,matched_er_4to1_chunk_1,6,GR,0.6972644996437112,96
sign_test_er0.6__norm_original_radius,matched_er_4to1_chunk_1,6,IPC,0.3659701170208806,96
sign_test_er0.6__norm_original_radius,matched_er_4to1_chunk_1,6,KR,0.4576719576445063,96
sign_test_er0.6__norm_original_radius,matched_er_4to1_chunk_1,6,MC,0.41247127054854565,96
sign_test_er0.6__norm_original_radius,matched_er_4to1_chunk_1,7,GR,0.6998650811936822,96
sign_test_er0.6__norm_original_radius,matched_er_4to1_chunk_1,7,IPC,0.43313372313911935,96
sign_test_er0.6__norm_original_radius,matched_er_4to1_chunk_1,7,KR,0.4703271684292957,96
sign_test_er0.6__norm_original_radius,matched_er_4to1_chunk_1,7,MC,0.4354185373020391,96
sign_test_er0.6__norm_original_radius,matched_er_4to1_chunk_1,8,GR,0.725272451524185,96
sign_test_er0.6__norm_original_radius,matched_er_4to1_chunk_1,8,IPC,0.43078461655810507,96
sign_test_er0.6__norm_original_radius,matched_er_4to1_chunk_1,8,KR,0.48906344805542706,96
sign_test_er0.6__norm_original_radius,matched_er_4to1_chunk_1,8,MC,0.4404134410816952,96
sign_test_er0.6__norm_original_radius,matched_er_4to1_chunk_1,9,GR,0.7353672988519989,96
sign_test_er0.6__norm_original_radius,matched_er_4to1_chunk_1,9,IPC,0.4417435912748369,96
sign_test_er0.6__norm_original_radius,matched_er_4to1_chunk_1,9,KR,0.5012974006785854,96
sign_test_er0.6__norm_original_radius,matched_er_4to1_chunk_1,9,MC,0.4443028457694109,96
sign_test_er0.6__norm_original_radius,matched_er_4to1_chunk_10,50,GR,0.7135377230089586,96
sign_test_er0.6__norm_original_radius,matched_er_4to1_chunk_10,50,IPC,0.4152948270168418,96
sign_test_er0.6__norm_original_radius,matched_er_4to1_chunk_10,50,KR,0.48007104380180704,96
sign_test_er0.6__norm_original_radius,matched_er_4to1_chunk_10,50,MC,0.4317080484541892,96
sign_test_er0.6__norm_original_radius,matched_er_4to1_chunk_10,51,GR,0.7065560832680847,96
sign_test_er0.6__norm_original_radius,matched_er_4to1_chunk_10,51,IPC,0.4608455503192902,96
sign_test_er0.6__norm_original_radius,matched_er_4to1_chunk_10,51,KR,0.48516445533755664,96
sign_test_er0.6__norm_original_radius,matched_er_4to1_chunk_10,51,MC,0.44784699683961604,96
sign_test_er0.6__norm_original_radius,matched_er_4to1_chunk_10,52,GR,0.7152895771803663,96
sign_test_er0.6__norm_original_radius,matched_er_4to1_chunk_10,52,IPC,0.4087615744072004,96
sign_test_er0.6__norm_original_radius,matched_er_4to1_chunk_10,52,KR,0.4842321183051737,96
sign_test_er0.6__norm_original_radius,matched_er_4to1_chunk_10,52,MC,0.43164153647486264,96
sign_test_er0.6__norm_original_radius,matched_er_4to1_chunk_10,53,GR,0.7305693361478207,96
sign_test_er0.6__norm_original_radius,matched_er_4to1_chunk_10,53,IPC,0.43037090240396125,96
sign_test_er0.6__norm_original_radius,matched_er_4to1_chunk_10,53,KR,0.49893735131689076,96
sign_test_er0.6__norm_original_radius,matched_er_4to1_chunk_10,53,MC,0.42607395295270645,96
sign_test_er0.6__norm_original_radius,matched_er_4to1_chunk_10,54,GR,0.7245078213498185,96
sign_test_er0.6__norm_original_radius,matched_er_4to1_chunk_10,54,IPC,0.38149309602687526,96
sign_test_er0.6__norm_original_radius,matched_er_4to1_chunk_10,54,KR,0.49112141261077574,96
sign_test_er0.6__norm_original_radius,matched_er_4to1_chunk_10,54,MC,0.4092064450817167,96
sign_test_er0.6__norm_original_radius,matched_er_4to1_chunk_11,55,GR,0.7069299748240503,96
sign_test_er0.6__norm_original_radius,matched_er_4to1_chunk_11,55,IPC,0.4000524951293708,96
sign_test_er0.6__norm_original_radius,matched_er_4to1_chunk_11,55,KR,0.47777389085627114,96
sign_test_er0.6__norm_original_radius,matched_er_4to1_chunk_11,55,MC,0.3987761978576615,96
sign_test_er0.6__norm_original_radius,matched_er_4to1_chunk_11,56,GR,0.7151888608220696,96
sign_test_er0.6__norm_original_radius,matched_er_4to1_chunk_11,56,IPC,0.42244579969795176,96
sign_test_er0.6__norm_original_radius,matched_er_4to1_chunk_11,56,KR,0.48344711021221715,96
sign_test_er0.6__norm_original_radius,matched_er_4to1_chunk_11,56,MC,0.41493866770318955,96
sign_test_er0.6__norm_original_radius,matched_er_4to1_chunk_11,57,GR,0.7139209866748416,96
sign_test_er0.6__norm_original_radius,matched_er_4to1_chunk_11,57,IPC,0.42160146481802147,96
sign_test_er0.6__norm_original_radius,matched_er_4to1_chunk_11,57,KR,0.4831637160942136,96
sign_test_er0.6__norm_original_radius,matched_er_4to1_chunk_11,57,MC,0.43324170876621476,96
sign_test_er0.6__norm_original_radius,matched_er_4to1_chunk_11,58,GR,0.7076761213709556,96
sign_test_er0.6__norm_original_radius,matched_er_4to1_chunk_11,58,IPC,0.4396576044648114,96
sign_test_er0.6__norm_original_radius,matched_er_4to1_chunk_11,58,KR,0.47638740419674774,96
sign_test_er0.6__norm_original_radius,matched_er_4to1_chunk_11,58,MC,0.45673264268584396,96
sign_test_er0.6__norm_original_radius,matched_er_4to1_chunk_11,59,GR,0.7144077966118599,96
sign_test_er0.6__norm_original_radius,matched_er_4to1_chunk_11,59,IPC,0.41225185896391364,96
sign_test_er0.6__norm_original_radius,matched_er_4to1_chunk_11,59,KR,0.4740038653296918,96
sign_test_er0.6__norm_original_radius,matched_er_4to1_chunk_11,59,MC,0.4224571802257102,96
sign_test_er0.6__norm_original_radius,matched_er_4to1_chunk_12,60,GR,0.719067121168336,96
sign_test_er0.6__norm_original_radius,matched_er_4to1_chunk_12,60,IPC,0.42566931467304037,96
sign_test_er0.6__norm_original_radius,matched_er_4to1_chunk_12,60,KR,0.4967216311382465,96
sign_test_er0.6__norm_original_radius,matched_er_4to1_chunk_12,60,MC,0.4336379439143562,96
sign_test_er0.6__norm_original_radius,matched_er_4to1_chunk_12,61,GR,0.6964774516244978,96
sign_test_er0.6__norm_original_radius,matched_er_4to1_chunk_12,61,IPC,0.4089532235184131,96
sign_test_er0.6__norm_original_radius,matched_er_4to1_chunk_12,61,KR,0.4780020113236248,96
sign_test_er0.6__norm_original_radius,matched_er_4to1_chunk_12,61,MC,0.40121405429895657,96
sign_test_er0.6__norm_original_radius,matched_er_4to1_chunk_12,62,GR,0.7268388948200074,96
sign_test_er0.6__norm_original_radius,matched_er_4to1_chunk_12,62,IPC,0.4170181903183822,96
sign_test_er0.6__norm_original_radius,matched_er_4to1_chunk_12,62,KR,0.4918778149359603,96
sign_test_er0.6__norm_original_radius,matched_er_4to1_chunk_12,62,MC,0.41712719009344995,96
sign_test_er0.6__norm_original_radius,matched_er_4to1_chunk_12,63,GR,0.7028963657252345,96
sign_test_er0.6__norm_original_radius,matched_er_4to1_chunk_12,63,IPC,0.39915918298984865,96
sign_test_er0.6__norm_original_radius,matched_er_4to1_chunk_12,63,KR,0.4684744995876802,96
sign_test_er0.6__norm_original_radius,matched_er_4to1_chunk_12,63,MC,0.41444865013144194,96
sign_test_er0.6__norm_original_radius,matched_er_4to1_chunk_12,64,GR,0.6989799277572784,96
sign_test_er0.6__norm_original_radius,matched_er_4to1_chunk_12,64,IPC,0.4084583823309825,96
sign_test_er0.6__norm_original_radius,matched_er_4to1_chunk_12,64,KR,0.4653924878995561,96
sign_test_er0.6__norm_original_radius,matched_er_4to1_chunk_12,64,MC,0.4402629339799738,96
sign_test_er0.6__norm_original_radius,matched_er_4to1_chunk_13,65,GR,0.7016075208567294,96
sign_test_er0.6__norm_original_radius,matched_er_4to1_chunk_13,65,IPC,0.4495308646936543,96
sign_test_er0.6__norm_original_radius,matched_er_4to1_chunk_13,65,KR,0.4771097951852428,96
sign_test_er0.6__norm_original_radius,matched_er_4to1_chunk_13,65,MC,0.4463123622158348,96
sign_test_er0.6__norm_original_radius,matched_er_4to1_chunk_13,66,GR,0.7102248964765776,96
sign_test_er0.6__norm_original_radius,matched_er_4to1_chunk_13,66,IPC,0.4145840469310918,96
sign_test_er0.6__norm_original_radius,matched_er_4to1_chunk_13,66,KR,0.47746204929108477,96
sign_test_er0.6__norm_original_radius,matched_er_4to1_chunk_13,66,MC,0.43426613491853133,96
sign_test_er0.6__norm_original_radius,matched_er_4to1_chunk_13,67,GR,0.7045171016865717,96
sign_test_er0.6__norm_original_radius,matched_er_4to1_chunk_13,67,IPC,0.42032946332681387,96
sign_test_er0.6__norm_original_radius,matched_er_4to1_chunk_13,67,KR,0.4744453130391205,96
sign_test_er0.6__norm_original_radius,matched_er_4to1_chunk_13,67,MC,0.44917081678965953,96
sign_test_er0.6__norm_original_radius,matched_er_4to1_chunk_13,68,GR,0.7158415414474716,96
sign_test_er0.6__norm_original_radius,matched_er_4to1_chunk_13,68,IPC,0.4002903710272426,96
sign_test_er0.6__norm_original_radius,matched_er_4to1_chunk_13,68,KR,0.48218706350413815,96
sign_test_er0.6__norm_original_radius,matched_er_4to1_chunk_13,68,MC,0.40538658783052317,96
sign_test_er0.6__norm_original_radius,matched_er_4to1_chunk_13,69,GR,0.6976717082686225,96
sign_test_er0.6__norm_original_radius,matched_er_4to1_chunk_13,69,IPC,0.3853412154599376,96
sign_test_er0.6__norm_original_radius,matched_er_4to1_chunk_13,69,KR,0.4789970866237997,96
sign_test_er0.6__norm_original_radius,matched_er_4to1_chunk_13,69,MC,0.4121716381444079,96
sign_test_er0.6__norm_original_radius,matched_er_4to1_chunk_14,70,GR,0.720775335950688,96
sign_test_er0.6__norm_original_radius,matched_er_4to1_chunk_14,70,IPC,0.43949587498590476,96
sign_test_er0.6__norm_original_radius,matched_er_4to1_chunk_14,70,KR,0.48411122383060573,96
sign_test_er0.6__norm_original_radius,matched_er_4to1_chunk_14,70,MC,0.44727581800566546,96
sign_test_er0.6__norm_original_radius,matched_er_4to1_chunk_14,71,GR,0.717052924969037,96
sign_test_er0.6__norm_original_radius,matched_er_4to1_chunk_14,71,IPC,0.39269633759455086,96
sign_test_er0.6__norm_original_radius,matched_er_4to1_chunk_14,71,KR,0.4722971024442839,96
sign_test_er0.6__norm_original_radius,matched_er_4to1_chunk_14,71,MC,0.4152503068857814,96
sign_test_er0.6__norm_original_radius,matched_er_4to1_chunk_14,72,GR,0.7216079786988147,96
sign_test_er0.6__norm_original_radius,matched_er_4to1_chunk_14,72,IPC,0.40347329136931404,96
sign_test_er0.6__norm_original_radius,matched_er_4to1_chunk_14,72,KR,0.4908936377541675,96
sign_test_er0.6__norm_original_radius,matched_er_4to1_chunk_14,72,MC,0.4035293018424046,96
sign_test_er0.6__norm_original_radius,matched_er_4to1_chunk_14,73,GR,0.7148302990662037,96
sign_test_er0.6__norm_original_radius,matched_er_4to1_chunk_14,73,IPC,0.4105586617608976,96
sign_test_er0.6__norm_original_radius,matched_er_4to1_chunk_14,73,KR,0.49518200090963144,96
sign_test_er0.6__norm_original_radius,matched_er_4to1_chunk_14,73,MC,0.4080601896710324,96
sign_test_er0.6__norm_original_radius,matched_er_4to1_chunk_14,74,GR,0.7249154025587169,96
sign_test_er0.6__norm_original_radius,matched_er_4to1_chunk_14,74,IPC,0.41615105319588536,96
sign_test_er0.6__norm_original_radius,matched_er_4to1_chunk_14,74,KR,0.4950828481006503,96
sign_test_er0.6__norm_original_radius,matched_er_4to1_chunk_14,74,MC,0.42975557981482404,96
sign_test_er0.6__norm_original_radius,matched_er_4to1_chunk_15,75,GR,0.7204070409234545,96
sign_test_er0.6__norm_original_radius,matched_er_4to1_chunk_15,75,IPC,0.41080485725881033,96
sign_test_er0.6__norm_original_radius,matched_er_4to1_chunk_15,75,KR,0.4821377161350845,96
sign_test_er0.6__norm_original_radius,matched_er_4to1_chunk_15,75,MC,0.41755586284237806,96
sign_test_er0.6__norm_original_radius,matched_er_4to1_chunk_15,76,GR,0.7236811899604741,96
sign_test_er0.6__norm_original_radius,matched_er_4to1_chunk_15,76,IPC,0.3802832778103069,96
sign_test_er0.6__norm_original_radius,matched_er_4to1_chunk_15,76,KR,0.4902046464826898,96
sign_test_er0.6__norm_original_radius,matched_er_4to1_chunk_15,76,MC,0.4017155837264945,96
sign_test_er0.6__norm_original_radius,matched_er_4to1_chunk_15,77,GR,0.7150017983002546,96
sign_test_er0.6__norm_original_radius,matched_er_4to1_chunk_15,77,IPC,0.42184112712049643,96
sign_test_er0.6__norm_original_radius,matched_er_4to1_chunk_15,77,KR,0.48525686049246264,96
sign_test_er0.6__norm_original_radius,matched_er_4to1_chunk_15,77,MC,0.4232098459558144,96
sign_test_er0.6__norm_original_radius,matched_er_4to1_chunk_15,78,GR,0.7151001299233087,96
sign_test_er0.6__norm_original_radius,matched_er_4to1_chunk_15,78,IPC,0.43051865076540047,96
sign_test_er0.6__norm_original_radius,matched_er_4to1_chunk_15,78,KR,0.48805260055677796,96
sign_test_er0.6__norm_original_radius,matched_er_4to1_chunk_15,78,MC,0.437085845122482,96
sign_test_er0.6__norm_original_radius,matched_er_4to1_chunk_15,79,GR,0.7104373077180268,96
sign_test_er0.6__norm_original_radius,matched_er_4to1_chunk_15,79,IPC,0.4063197894500418,96
sign_test_er0.6__norm_original_radius,matched_er_4to1_chunk_15,79,KR,0.47344131704140563,96
sign_test_er0.6__norm_original_radius,matched_er_4to1_chunk_15,79,MC,0.4183929807382149,96
sign_test_er0.6__norm_original_radius,matched_er_4to1_chunk_16,80,GR,0.7258013144382055,96
sign_test_er0.6__norm_original_radius,matched_er_4to1_chunk_16,80,IPC,0.38367236381305436,96
sign_test_er0.6__norm_original_radius,matched_er_4to1_chunk_16,80,KR,0.49196211401591283,96
sign_test_er0.6__norm_original_radius,matched_er_4to1_chunk_16,80,MC,0.4466441968835849,96
sign_test_er0.6__norm_original_radius,matched_er_4to1_chunk_16,81,GR,0.7249159623433971,96
sign_test_er0.6__norm_original_radius,matched_er_4to1_chunk_16,81,IPC,0.4141158187892146,96
sign_test_er0.6__norm_original_radius,matched_er_4to1_chunk_16,81,KR,0.48819907555997066,96
sign_test_er0.6__norm_original_radius,matched_er_4to1_chunk_16,81,MC,0.45814783310163426,96
sign_test_er0.6__norm_original_radius,matched_er_4to1_chunk_16,82,GR,0.7048826906215042,96
sign_test_er0.6__norm_original_radius,matched_er_4to1_chunk_16,82,IPC,0.3893515894873124,96
sign_test_er0.6__norm_original_radius,matched_er_4to1_chunk_16,82,KR,0.476216281340949,96
sign_test_er0.6__norm_original_radius,matched_er_4to1_chunk_16,82,MC,0.4541921683598831,96
sign_test_er0.6__norm_original_radius,matched_er_4to1_chunk_16,83,GR,0.7256172492327329,96
sign_test_er0.6__norm_original_radius,matched_er_4to1_chunk_16,83,IPC,0.4283988689191223,96
sign_test_er0.6__norm_original_radius,matched_er_4to1_chunk_16,83,KR,0.4844960725708686,96
sign_test_er0.6__norm_original_radius,matched_er_4to1_chunk_16,83,MC,0.5054639236145877,96
sign_test_er0.6__norm_original_radius,matched_er_4to1_chunk_16,84,GR,0.7103481975148079,96
sign_test_er0.6__norm_original_radius,matched_er_4to1_chunk_16,84,IPC,0.39088460254654056,96
sign_test_er0.6__norm_original_radius,matched_er_4to1_chunk_16,84,KR,0.481743901230785,96
sign_test_er0.6__norm_original_radius,matched_er_4to1_chunk_16,84,MC,0.42505465623269156,96
sign_test_er0.6__norm_original_radius,matched_er_4to1_chunk_17,85,GR,0.7219470021637974,96
sign_test_er0.6__norm_original_radius,matched_er_4to1_chunk_17,85,IPC,0.38573802230260434,96
sign_test_er0.6__norm_original_radius,matched_er_4to1_chunk_17,85,KR,0.4893479917095599,96
sign_test_er0.6__norm_original_radius,matched_er_4to1_chunk_17,85,MC,0.4741371061982979,96
sign_test_er0.6__norm_original_radius,matched_er_4to1_chunk_17,86,GR,0.7278472717611741,96
sign_test_er0.6__norm_original_radius,matched_er_4to1_chunk_17,86,IPC,0.41874798794741924,96
sign_test_er0.6__norm_original_radius,matched_er_4to1_chunk_17,86,KR,0.4932485466776669,96
sign_test_er0.6__norm_original_radius,matched_er_4to1_chunk_17,86,MC,0.46713888364827527,96
sign_test_er0.6__norm_original_radius,matched_er_4to1_chunk_17,87,GR,0.7072157653936136,96
sign_test_er0.6__norm_original_radius,matched_er_4to1_chunk_17,87,IPC,0.4046758154474805,96
sign_test_er0.6__norm_original_radius,matched_er_4to1_chunk_17,87,KR,0.47826390473731634,96
sign_test_er0.6__norm_original_radius,matched_er_4to1_chunk_17,87,MC,0.46910570826045206,96
sign_test_er0.6__norm_original_radius,matched_er_4to1_chunk_17,88,GR,0.7075462079804347,96
sign_test_er0.6__norm_original_radius,matched_er_4to1_chunk_17,88,IPC,0.4182665093309505,96
sign_test_er0.6__norm_original_radius,matched_er_4to1_chunk_17,88,KR,0.4776491529924968,96
sign_test_er0.6__norm_original_radius,matched_er_4to1_chunk_17,88,MC,0.4833423419585753,96
sign_test_er0.6__norm_original_radius,matched_er_4to1_chunk_17,89,GR,0.7198399231525421,96
sign_test_er0.6__norm_original_radius,matched_er_4to1_chunk_17,89,IPC,0.43279164627163175,96
sign_test_er0.6__norm_original_radius,matched_er_4to1_chunk_17,89,KR,0.48761628281102876,96
sign_test_er0.6__norm_original_radius,matched_er_4to1_chunk_17,89,MC,0.4822246146629005,96
sign_test_er0.6__norm_original_radius,matched_er_4to1_chunk_18,90,GR,0.7116662088092098,96
sign_test_er0.6__norm_original_radius,matched_er_4to1_chunk_18,90,IPC,0.38556890325261506,96
sign_test_er0.6__norm_original_radius,matched_er_4to1_chunk_18,90,KR,0.4870144315076487,96
sign_test_er0.6__norm_original_radius,matched_er_4to1_chunk_18,90,MC,0.4225265072324373,96
sign_test_er0.6__norm_original_radius,matched_er_4to1_chunk_18,91,GR,0.708942140619417,96
sign_test_er0.6__norm_original_radius,matched_er_4to1_chunk_18,91,IPC,0.3773078681238469,96
sign_test_er0.6__norm_original_radius,matched_er_4to1_chunk_18,91,KR,0.4827761454496095,96
sign_test_er0.6__norm_original_radius,matched_er_4to1_chunk_18,91,MC,0.43790664139265184,96
sign_test_er0.6__norm_original_radius,matched_er_4to1_chunk_18,92,GR,0.7147513128037506,96
sign_test_er0.6__norm_original_radius,matched_er_4to1_chunk_18,92,IPC,0.3923859284818377,96
sign_test_er0.6__norm_original_radius,matched_er_4to1_chunk_18,92,KR,0.4731333388817508,96
sign_test_er0.6__norm_original_radius,matched_er_4to1_chunk_18,92,MC,0.44511929770318365,96
sign_test_er0.6__norm_original_radius,matched_er_4to1_chunk_18,93,GR,0.7324027307984402,96
sign_test_er0.6__norm_original_radius,matched_er_4to1_chunk_18,93,IPC,0.39035949820453975,96
sign_test_er0.6__norm_original_radius,matched_er_4to1_chunk_18,93,KR,0.5043368144637121,96
sign_test_er0.6__norm_original_radius,matched_er_4to1_chunk_18,93,MC,0.4461107543238652,96
sign_test_er0.6__norm_original_radius,matched_er_4to1_chunk_18,94,GR,0.7268189881890096,96
sign_test_er0.6__norm_original_radius,matched_er_4to1_chunk_18,94,IPC,0.4043927593257751,96
sign_test_er0.6__norm_original_radius,matched_er_4to1_chunk_18,94,KR,0.5019472534578765,96
sign_test_er0.6__norm_original_radius,matched_er_4to1_chunk_18,94,MC,0.4547161107700302,96
sign_test_er0.6__norm_original_radius,matched_er_4to1_chunk_19,95,GR,0.7263145979402404,96
sign_test_er0.6__norm_original_radius,matched_er_4to1_chunk_19,95,IPC,0.42176836078635704,96
sign_test_er0.6__norm_original_radius,matched_er_4to1_chunk_19,95,KR,0.4894038516842689,96
sign_test_er0.6__norm_original_radius,matched_er_4to1_chunk_19,95,MC,0.48573742021015814,96
sign_test_er0.6__norm_original_radius,matched_er_4to1_chunk_19,96,GR,0.7167432126688156,96
sign_test_er0.6__norm_original_radius,matched_er_4to1_chunk_19,96,IPC,0.4254726231691737,96
sign_test_er0.6__norm_original_radius,matched_er_4to1_chunk_19,96,KR,0.4937574798429148,96
sign_test_er0.6__norm_original_radius,matched_er_4to1_chunk_19,96,MC,0.46142785425628247,96
sign_test_er0.6__norm_original_radius,matched_er_4to1_chunk_19,97,GR,0.7090191057871426,96
sign_test_er0.6__norm_original_radius,matched_er_4to1_chunk_19,97,IPC,0.38763595648457483,96
sign_test_er0.6__norm_original_radius,matched_er_4to1_chunk_19,97,KR,0.48136386576247514,96
sign_test_er0.6__norm_original_radius,matched_er_4to1_chunk_19,97,MC,0.44756496606663254,96
sign_test_er0.6__norm_original_radius,matched_er_4to1_chunk_19,98,GR,0.7145868894350556,96
sign_test_er0.6__norm_original_radius,matched_er_4to1_chunk_19,98,IPC,0.41129056370571204,96
sign_test_er0.6__norm_original_radius,matched_er_4to1_chunk_19,98,KR,0.48800940193106157,96
sign_test_er0.6__norm_original_radius,matched_er_4to1_chunk_19,98,MC,0.4583797398642594,96
sign_test_er0.6__norm_original_radius,matched_er_4to1_chunk_19,99,GR,0.7252031577891795,96
sign_test_er0.6__norm_original_radius,matched_er_4to1_chunk_19,99,IPC,0.3915411410425286,96
sign_test_er0.6__norm_original_radius,matched_er_4to1_chunk_19,99,KR,0.49229410727803286,96
sign_test_er0.6__norm_original_radius,matched_er_4to1_chunk_19,99,MC,0.4603560964927912,96
sign_test_er0.6__norm_original_radius,matched_er_4to1_chunk_2,10,GR,0.7197273567540801,96
sign_test_er0.6__norm_original_radius,matched_er_4to1_chunk_2,10,IPC,0.3933334780667536,96
sign_test_er0.6__norm_original_radius,matched_er_4to1_chunk_2,10,KR,0.4833587259864485,96
sign_test_er0.6__norm_original_radius,matched_er_4to1_chunk_2,10,MC,0.40347963875074494,96
sign_test_er0.6__norm_original_radius,matched_er_4to1_chunk_2,11,GR,0.7146945504077893,96
sign_test_er0.6__norm_original_radius,matched_er_4to1_chunk_2,11,IPC,0.38462320843688624,96
sign_test_er0.6__norm_original_radius,matched_er_4to1_chunk_2,11,KR,0.48371832974114226,96
sign_test_er0.6__norm_original_radius,matched_er_4to1_chunk_2,11,MC,0.391234357639475,96
sign_test_er0.6__norm_original_radius,matched_er_4to1_chunk_2,12,GR,0.7118989384234004,96
sign_test_er0.6__norm_original_radius,matched_er_4to1_chunk_2,12,IPC,0.4301792771151896,96
sign_test_er0.6__norm_original_radius,matched_er_4to1_chunk_2,12,KR,0.4846936623007492,96
sign_test_er0.6__norm_original_radius,matched_er_4to1_chunk_2,12,MC,0.45743845466178423,96
sign_test_er0.6__norm_original_radius,matched_er_4to1_chunk_2,13,GR,0.7260614338563515,96
sign_test_er0.6__norm_original_radius,matched_er_4to1_chunk_2,13,IPC,0.4009904799233079,96
sign_test_er0.6__norm_original_radius,matched_er_4to1_chunk_2,13,KR,0.48627691723921934,96
sign_test_er0.6__norm_original_radius,matched_er_4to1_chunk_2,13,MC,0.4252062772974672,96
sign_test_er0.6__norm_original_radius,matched_er_4to1_chunk_2,14,GR,0.7173482251575556,96
sign_test_er0.6__norm_original_radius,matched_er_4to1_chunk_2,14,IPC,0.4023876294489046,96
sign_test_er0.6__norm_original_radius,matched_er_4to1_chunk_2,14,KR,0.4933104609365705,96
sign_test_er0.6__norm_original_radius,matched_er_4to1_chunk_2,14,MC,0.409550851428535,96
sign_test_er0.6__norm_original_radius,matched_er_4to1_chunk_3,15,GR,0.7108271655064204,96
sign_test_er0.6__norm_original_radius,matched_er_4to1_chunk_3,15,IPC,0.39210636181861447,96
sign_test_er0.6__norm_original_radius,matched_er_4to1_chunk_3,15,KR,0.47710306516081724,96
sign_test_er0.6__norm_original_radius,matched_er_4to1_chunk_3,15,MC,0.40278400660449604,96
sign_test_er0.6__norm_original_radius,matched_er_4to1_chunk_3,16,GR,0.7254979256968603,96
sign_test_er0.6__norm_original_radius,matched_er_4to1_chunk_3,16,IPC,0.40812003214630327,96
sign_test_er0.6__norm_original_radius,matched_er_4to1_chunk_3,16,KR,0.4893706981075716,96
sign_test_er0.6__norm_original_radius,matched_er_4to1_chunk_3,16,MC,0.4385785854590899,96
sign_test_er0.6__norm_original_radius,matched_er_4to1_chunk_3,17,GR,0.7191416710561963,96
sign_test_er0.6__norm_original_radius,matched_er_4to1_chunk_3,17,IPC,0.42417687940737087,96
sign_test_er0.6__norm_original_radius,matched_er_4to1_chunk_3,17,KR,0.4845572213486864,96
sign_test_er0.6__norm_original_radius,matched_er_4to1_chunk_3,17,MC,0.45531065580326724,96
sign_test_er0.6__norm_original_radius,matched_er_4to1_chunk_3,18,GR,0.7195510548367231,96
sign_test_er0.6__norm_original_radius,matched_er_4to1_chunk_3,18,IPC,0.38217721695794077,96
sign_test_er0.6__norm_original_radius,matched_er_4to1_chunk_3,18,KR,0.49037447535371814,96
sign_test_er0.6__norm_original_radius,matched_er_4to1_chunk_3,18,MC,0.39897526819532736,96
sign_test_er0.6__norm_original_radius,matched_er_4to1_chunk_3,19,GR,0.7038892496013092,96
sign_test_er0.6__norm_original_radius,matched_er_4to1_chunk_3,19,IPC,0.41963483337194524,96
sign_test_er0.6__norm_original_radius,matched_er_4to1_chunk_3,19,KR,0.4660523653040099,96
sign_test_er0.6__norm_original_radius,matched_er_4to1_chunk_3,19,MC,0.43045830301612875,96
sign_test_er0.6__norm_original_radius,matched_er_4to1_chunk_4,20,GR,0.7028185062644572,96
sign_test_er0.6__norm_original_radius,matched_er_4to1_chunk_4,20,IPC,0.39894099333440025,96
sign_test_er0.6__norm_original_radius,matched_er_4to1_chunk_4,20,KR,0.4763072269912087,96
sign_test_er0.6__norm_original_radius,matched_er_4to1_chunk_4,20,MC,0.40774774853770146,96
sign_test_er0.6__norm_original_radius,matched_er_4to1_chunk_4,21,GR,0.7159095203006898,96
sign_test_er0.6__norm_original_radius,matched_er_4to1_chunk_4,21,IPC,0.4136975566772726,96
sign_test_er0.6__norm_original_radius,matched_er_4to1_chunk_4,21,KR,0.4822869352181101,96
sign_test_er0.6__norm_original_radius,matched_er_4to1_chunk_4,21,MC,0.44388786977109007,96
sign_test_er0.6__norm_original_radius,matched_er_4to1_chunk_4,22,GR,0.713051175387899,96
sign_test_er0.6__norm_original_radius,matched_er_4to1_chunk_4,22,IPC,0.4064575061217725,96
sign_test_er0.6__norm_original_radius,matched_er_4to1_chunk_4,22,KR,0.48247229727343766,96
sign_test_er0.6__norm_original_radius,matched_er_4to1_chunk_4,22,MC,0.4117215757992286,96
sign_test_er0.6__norm_original_radius,matched_er_4to1_chunk_4,23,GR,0.7246394265659332,96
sign_test_er0.6__norm_original_radius,matched_er_4to1_chunk_4,23,IPC,0.39485470895157865,96
sign_test_er0.6__norm_original_radius,matched_er_4to1_chunk_4,23,KR,0.4958694388087181,96
sign_test_er0.6__norm_original_radius,matched_er_4to1_chunk_4,23,MC,0.4120054698250974,96
sign_test_er0.6__norm_original_radius,matched_er_4to1_chunk_4,24,GR,0.7167883598919179,96
sign_test_er0.6__norm_original_radius,matched_er_4to1_chunk_4,24,IPC,0.418196501230743,96
sign_test_er0.6__norm_original_radius,matched_er_4to1_chunk_4,24,KR,0.48435541122557435,96
sign_test_er0.6__norm_original_radius,matched_er_4to1_chunk_4,24,MC,0.4411764274782101,96
sign_test_er0.6__norm_original_radius,matched_er_4to1_chunk_5,25,GR,0.7123490899807711,96
sign_test_er0.6__norm_original_radius,matched_er_4to1_chunk_5,25,IPC,0.40881592425346175,96
sign_test_er0.6__norm_original_radius,matched_er_4to1_chunk_5,25,KR,0.4774870544272928,96
sign_test_er0.6__norm_original_radius,matched_er_4to1_chunk_5,25,MC,0.42746164822066646,96
sign_test_er0.6__norm_original_radius,matched_er_4to1_chunk_5,26,GR,0.7126250957976775,96
sign_test_er0.6__norm_original_radius,matched_er_4to1_chunk_5,26,IPC,0.4059957413499716,96
sign_test_er0.6__norm_original_radius,matched_er_4to1_chunk_5,26,KR,0.4791803756815125,96
sign_test_er0.6__norm_original_radius,matched_er_4to1_chunk_5,26,MC,0.42731727700154226,96
sign_test_er0.6__norm_original_radius,matched_er_4to1_chunk_5,27,GR,0.7096543448368702,96
sign_test_er0.6__norm_original_radius,matched_er_4to1_chunk_5,27,IPC,0.4134429721229881,96
sign_test_er0.6__norm_original_radius,matched_er_4to1_chunk_5,27,KR,0.4784766124283874,96
sign_test_er0.6__norm_original_radius,matched_er_4to1_chunk_5,27,MC,0.4210873489020978,96
sign_test_er0.6__norm_original_radius,matched_er_4to1_chunk_5,28,GR,0.7199755032409408,96
sign_test_er0.6__norm_original_radius,matched_er_4to1_chunk_5,28,IPC,0.38895314560748456,96
sign_test_er0.6__norm_original_radius,matched_er_4to1_chunk_5,28,KR,0.48115477225188436,96
sign_test_er0.6__norm_original_radius,matched_er_4to1_chunk_5,28,MC,0.4222339530738312,96
sign_test_er0.6__norm_original_radius,matched_er_4to1_chunk_5,29,GR,0.7213895966132702,96
sign_test_er0.6__norm_original_radius,matched_er_4to1_chunk_5,29,IPC,0.4085651491293768,96
sign_test_er0.6__norm_original_radius,matched_er_4to1_chunk_5,29,KR,0.4906849693039521,96
sign_test_er0.6__norm_original_radius,matched_er_4to1_chunk_5,29,MC,0.434818800252062,96
sign_test_er0.6__norm_original_radius,matched_er_4to1_chunk_6,30,GR,0.7282916925491515,96
sign_test_er0.6__norm_original_radius,matched_er_4to1_chunk_6,30,IPC,0.42214642377591666,96
sign_test_er0.6__norm_original_radius,matched_er_4to1_chunk_6,30,KR,0.4952449429598571,96
sign_test_er0.6__norm_original_radius,matched_er_4to1_chunk_6,30,MC,0.4140898615577279,96
sign_test_er0.6__norm_original_radius,matched_er_4to1_chunk_6,31,GR,0.7242389621326286,96
sign_test_er0.6__norm_original_radius,matched_er_4to1_chunk_6,31,IPC,0.4088033383984256,96
sign_test_er0.6__norm_original_radius,matched_er_4to1_chunk_6,31,KR,0.48830460436919026,96
sign_test_er0.6__norm_original_radius,matched_er_4to1_chunk_6,31,MC,0.40705245064076934,96
sign_test_er0.6__norm_original_radius,matched_er_4to1_chunk_6,32,GR,0.7364680066990521,96
sign_test_er0.6__norm_original_radius,matched_er_4to1_chunk_6,32,IPC,0.39160895231876836,96
sign_test_er0.6__norm_original_radius,matched_er_4to1_chunk_6,32,KR,0.5106432548396652,96
sign_test_er0.6__norm_original_radius,matched_er_4to1_chunk_6,32,MC,0.4103745856775721,96
sign_test_er0.6__norm_original_radius,matched_er_4to1_chunk_6,33,GR,0.7197441384261133,96
sign_test_er0.6__norm_original_radius,matched_er_4to1_chunk_6,33,IPC,0.3816285114620672,96
sign_test_er0.6__norm_original_radius,matched_er_4to1_chunk_6,33,KR,0.48650304144964596,96
sign_test_er0.6__norm_original_radius,matched_er_4to1_chunk_6,33,MC,0.4144909572857522,96
sign_test_er0.6__norm_original_radius,matched_er_4to1_chunk_6,34,GR,0.7149858093989074,96
sign_test_er0.6__norm_original_radius,matched_er_4to1_chunk_6,34,IPC,0.4147055261465909,96
sign_test_er0.6__norm_original_radius,matched_er_4to1_chunk_6,34,KR,0.48464332392680914,96
sign_test_er0.6__norm_original_radius,matched_er_4to1_chunk_6,34,MC,0.41984414464452674,96
sign_test_er0.6__norm_original_radius,matched_er_4to1_chunk_7,35,GR,0.7219354763513242,96
sign_test_er0.6__norm_original_radius,matched_er_4to1_chunk_7,35,IPC,0.41834324969401154,96
sign_test_er0.6__norm_original_radius,matched_er_4to1_chunk_7,35,KR,0.48628414737965325,96
sign_test_er0.6__norm_original_radius,matched_er_4to1_chunk_7,35,MC,0.4181043725786639,96
sign_test_er0.6__norm_original_radius,matched_er_4to1_chunk_7,36,GR,0.7221455969710031,96
sign_test_er0.6__norm_original_radius,matched_er_4to1_chunk_7,36,IPC,0.4429635256618629,96
sign_test_er0.6__norm_original_radius,matched_er_4to1_chunk_7,36,KR,0.4893065927038255,96
sign_test_er0.6__norm_original_radius,matched_er_4to1_chunk_7,36,MC,0.4556201859981391,96
sign_test_er0.6__norm_original_radius,matched_er_4to1_chunk_7,37,GR,0.7158006164519923,96
sign_test_er0.6__norm_original_radius,matched_er_4to1_chunk_7,37,IPC,0.42306338419213335,96
sign_test_er0.6__norm_original_radius,matched_er_4to1_chunk_7,37,KR,0.48975610134677217,96
sign_test_er0.6__norm_original_radius,matched_er_4to1_chunk_7,37,MC,0.4214496650626426,96
sign_test_er0.6__norm_original_radius,matched_er_4to1_chunk_7,38,GR,0.7026205290932992,96
sign_test_er0.6__norm_original_radius,matched_er_4to1_chunk_7,38,IPC,0.407636901669506,96
sign_test_er0.6__norm_original_radius,matched_er_4to1_chunk_7,38,KR,0.46979503054555666,96
sign_test_er0.6__norm_original_radius,matched_er_4to1_chunk_7,38,MC,0.43111646795136765,96
sign_test_er0.6__norm_original_radius,matched_er_4to1_chunk_7,39,GR,0.7147063729594486,96
sign_test_er0.6__norm_original_radius,matched_er_4to1_chunk_7,39,IPC,0.41944374009668817,96
sign_test_er0.6__norm_original_radius,matched_er_4to1_chunk_7,39,KR,0.48173387084533953,96
sign_test_er0.6__norm_original_radius,matched_er_4to1_chunk_7,39,MC,0.4232921125500508,96
sign_test_er0.6__norm_original_radius,matched_er_4to1_chunk_8,40,GR,0.720799076358784,96
sign_test_er0.6__norm_original_radius,matched_er_4to1_chunk_8,40,IPC,0.44187907706368607,96
sign_test_er0.6__norm_original_radius,matched_er_4to1_chunk_8,40,KR,0.4967670692791867,96
sign_test_er0.6__norm_original_radius,matched_er_4to1_chunk_8,40,MC,0.46753382169449403,96
sign_test_er0.6__norm_original_radius,matched_er_4to1_chunk_8,41,GR,0.7006290826235995,96
sign_test_er0.6__norm_original_radius,matched_er_4to1_chunk_8,41,IPC,0.3917633163655997,96
sign_test_er0.6__norm_original_radius,matched_er_4to1_chunk_8,41,KR,0.46318150402568886,96
sign_test_er0.6__norm_original_radius,matched_er_4to1_chunk_8,41,MC,0.42598690496275016,96
sign_test_er0.6__norm_original_radius,matched_er_4to1_chunk_8,42,GR,0.6985337306735663,96
sign_test_er0.6__norm_original_radius,matched_er_4to1_chunk_8,42,IPC,0.4143049758816026,96
sign_test_er0.6__norm_original_radius,matched_er_4to1_chunk_8,42,KR,0.47664996628821016,96
sign_test_er0.6__norm_original_radius,matched_er_4to1_chunk_8,42,MC,0.42152928593722355,96
sign_test_er0.6__norm_original_radius,matched_er_4to1_chunk_8,43,GR,0.7112752990012243,96
sign_test_er0.6__norm_original_radius,matched_er_4to1_chunk_8,43,IPC,0.3919332007611547,96
sign_test_er0.6__norm_original_radius,matched_er_4to1_chunk_8,43,KR,0.4745130969061202,96
sign_test_er0.6__norm_original_radius,matched_er_4to1_chunk_8,43,MC,0.4271533592990809,96
sign_test_er0.6__norm_original_radius,matched_er_4to1_chunk_8,44,GR,0.7254658420778967,96
sign_test_er0.6__norm_original_radius,matched_er_4to1_chunk_8,44,IPC,0.39399783276603045,96
sign_test_er0.6__norm_original_radius,matched_er_4to1_chunk_8,44,KR,0.4891772365834505,96
sign_test_er0.6__norm_original_radius,matched_er_4to1_chunk_8,44,MC,0.39058066134418185,96
sign_test_er0.6__norm_original_radius,matched_er_4to1_chunk_9,45,GR,0.7222725618034508,96
sign_test_er0.6__norm_original_radius,matched_er_4to1_chunk_9,45,IPC,0.4082079336640572,96
sign_test_er0.6__norm_original_radius,matched_er_4to1_chunk_9,45,KR,0.4882667623264624,96
sign_test_er0.6__norm_original_radius,matched_er_4to1_chunk_9,45,MC,0.4180062042382606,96
sign_test_er0.6__norm_original_radius,matched_er_4to1_chunk_9,46,GR,0.7283278100061454,96
sign_test_er0.6__norm_original_radius,matched_er_4to1_chunk_9,46,IPC,0.4059544498458793,96
sign_test_er0.6__norm_original_radius,matched_er_4to1_chunk_9,46,KR,0.4926715789175768,96
sign_test_er0.6__norm_original_radius,matched_er_4to1_chunk_9,46,MC,0.40792094489418834,96
sign_test_er0.6__norm_original_radius,matched_er_4to1_chunk_9,47,GR,0.7344870628945166,96
sign_test_er0.6__norm_original_radius,matched_er_4to1_chunk_9,47,IPC,0.4115070903540412,96
sign_test_er0.6__norm_original_radius,matched_er_4to1_chunk_9,47,KR,0.49665523188717753,96
sign_test_er0.6__norm_original_radius,matched_er_4to1_chunk_9,47,MC,0.4336980093265809,96
sign_test_er0.6__norm_original_radius,matched_er_4to1_chunk_9,48,GR,0.7128437020480451,96
sign_test_er0.6__norm_original_radius,matched_er_4to1_chunk_9,48,IPC,0.3844992679426987,96
sign_test_er0.6__norm_original_radius,matched_er_4to1_chunk_9,48,KR,0.47406147542616156,96
sign_test_er0.6__norm_original_radius,matched_er_4to1_chunk_9,48,MC,0.4209841505209564,96
sign_test_er0.6__norm_original_radius,matched_er_4to1_chunk_9,49,GR,0.7145941676406614,96
sign_test_er0.6__norm_original_radius,matched_er_4to1_chunk_9,49,IPC,0.3873623986555033,96
sign_test_er0.6__norm_original_radius,matched_er_4to1_chunk_9,49,KR,0.48229738847155923,96
sign_test_er0.6__norm_original_radius,matched_er_4to1_chunk_9,49,MC,0.40688420116343005,96
sign_test_er0.6__norm_spectral_radius,matched_er_4to1_chunk_0,0,GR,0.7800698016831624,96
sign_test_er0.6__norm_spectral_radius,matched_er_4to1_chunk_0,0,IPC,0.3387875334823191,96
sign_test_er0.6__norm_spectral_radius,matched_er_4to1_chunk_0,0,KR,0.7846463922914495,96
sign_test_er0.6__norm_spectral_radius,matched_er_4to1_chunk_0,0,MC,0.49985502144031146,96
sign_test_er0.6__norm_spectral_radius,matched_er_4to1_chunk_0,1,GR,0.7692191000688041,96
sign_test_er0.6__norm_spectral_radius,matched_er_4to1_chunk_0,1,IPC,0.32688835084099516,96
sign_test_er0.6__norm_spectral_radius,matched_er_4to1_chunk_0,1,KR,0.7839311411366666,96
sign_test_er0.6__norm_spectral_radius,matched_er_4to1_chunk_0,1,MC,0.49076680490348973,96
sign_test_er0.6__norm_spectral_radius,matched_er_4to1_chunk_0,2,GR,0.7825193218627412,96
sign_test_er0.6__norm_spectral_radius,matched_er_4to1_chunk_0,2,IPC,0.33793215607926025,96
sign_test_er0.6__norm_spectral_radius,matched_er_4to1_chunk_0,2,KR,0.7702433484379272,96
sign_test_er0.6__norm_spectral_radius,matched_er_4to1_chunk_0,2,MC,0.5069067633901212,96
sign_test_er0.6__norm_spectral_radius,matched_er_4to1_chunk_0,3,GR,0.7929026496607919,96
sign_test_er0.6__norm_spectral_radius,matched_er_4to1_chunk_0,3,IPC,0.3265073729626981,96
sign_test_er0.6__norm_spectral_radius,matched_er_4to1_chunk_0,3,KR,0.7862171754760815,96
sign_test_er0.6__norm_spectral_radius,matched_er_4to1_chunk_0,3,MC,0.4799805494500367,96
sign_test_er0.6__norm_spectral_radius,matched_er_4to1_chunk_0,4,GR,0.7722085555381017,96
sign_test_er0.6__norm_spectral_radius,matched_er_4to1_chunk_0,4,IPC,0.3593896613232613,96
sign_test_er0.6__norm_spectral_radius,matched_er_4to1_chunk_0,4,KR,0.7638691711861407,96
sign_test_er0.6__norm_spectral_radius,matched_er_4to1_chunk_0,4,MC,0.5267865149184132,96
sign_test_er0.6__norm_spectral_radius,matched_er_4to1_chunk_1,5,GR,0.7981653453441564,96
sign_test_er0.6__norm_spectral_radius,matched_er_4to1_chunk_1,5,IPC,0.3286083903063768,96
sign_test_er0.6__norm_spectral_radius,matched_er_4to1_chunk_1,5,KR,0.7894019742781572,96
sign_test_er0.6__norm_spectral_radius,matched_er_4to1_chunk_1,5,MC,0.47879805906159945,96
sign_test_er0.6__norm_spectral_radius,matched_er_4to1_chunk_1,6,GR,0.7997506633376585,96
sign_test_er0.6__norm_spectral_radius,matched_er_4to1_chunk_1,6,IPC,0.33273423812521535,96
sign_test_er0.6__norm_spectral_radius,matched_er_4to1_chunk_1,6,KR,0.8217369462544154,96
sign_test_er0.6__norm_spectral_radius,matched_er_4to1_chunk_1,6,MC,0.5023716154870494,96
sign_test_er0.6__norm_spectral_radius,matched_er_4to1_chunk_1,7,GR,0.7607280740044094,96
sign_test_er0.6__norm_spectral_radius,matched_er_4to1_chunk_1,7,IPC,0.3363129473195071,96
sign_test_er0.6__norm_spectral_radius,matched_er_4to1_chunk_1,7,KR,0.777224601853702,96
sign_test_er0.6__norm_spectral_radius,matched_er_4to1_chunk_1,7,MC,0.5004169917665027,96
sign_test_er0.6__norm_spectral_radius,matched_er_4to1_chunk_1,8,GR,0.7658319204399896,96
sign_test_er0.6__norm_spectral_radius,matched_er_4to1_chunk_1,8,IPC,0.30733269556233533,96
sign_test_er0.6__norm_spectral_radius,matched_er_4to1_chunk_1,8,KR,0.7923392105520987,96
sign_test_er0.6__norm_spectral_radius,matched_er_4to1_chunk_1,8,MC,0.4975089074462131,96
sign_test_er0.6__norm_spectral_radius,matched_er_4to1_chunk_1,9,GR,0.7764230366156819,96
sign_test_er0.6__norm_spectral_radius,matched_er_4to1_chunk_1,9,IPC,0.3229408659251268,96
sign_test_er0.6__norm_spectral_radius,matched_er_4to1_chunk_1,9,KR,0.7753822802035604,96
sign_test_er0.6__norm_spectral_radius,matched_er_4to1_chunk_1,9,MC,0.48613291041485923,96
sign_test_er0.6__norm_spectral_radius,matched_er_4to1_chunk_10,50,GR,0.809771698079204,96
sign_test_er0.6__norm_spectral_radius,matched_er_4to1_chunk_10,50,IPC,0.35328384813114766,96
sign_test_er0.6__norm_spectral_radius,matched_er_4to1_chunk_10,50,KR,0.8023112777588682,96
sign_test_er0.6__norm_spectral_radius,matched_er_4to1_chunk_10,50,MC,0.5249906954353345,96
sign_test_er0.6__norm_spectral_radius,matched_er_4to1_chunk_10,51,GR,0.7972162366680485,96
sign_test_er0.6__norm_spectral_radius,matched_er_4to1_chunk_10,51,IPC,0.34369457634481276,96
sign_test_er0.6__norm_spectral_radius,matched_er_4to1_chunk_10,51,KR,0.7779098477504859,96
sign_test_er0.6__norm_spectral_radius,matched_er_4to1_chunk_10,51,MC,0.4931616742485041,96
sign_test_er0.6__norm_spectral_radius,matched_er_4to1_chunk_10,52,GR,0.7940863079455545,96
sign_test_er0.6__norm_spectral_radius,matched_er_4to1_chunk_10,52,IPC,0.3352523610979514,96
sign_test_er0.6__norm_spectral_radius,matched_er_4to1_chunk_10,52,KR,0.7922482091177178,96
sign_test_er0.6__norm_spectral_radius,matched_er_4to1_chunk_10,52,MC,0.5020651032127977,96
sign_test_er0.6__norm_spectral_radius,matched_er_4to1_chunk_10,53,GR,0.7764946934721345,96
sign_test_er0.6__norm_spectral_radius,matched_er_4to1_chunk_10,53,IPC,0.32980048121667377,96
sign_test_er0.6__norm_spectral_radius,matched_er_4to1_chunk_10,53,KR,0.7925481758810797,96
sign_test_er0.6__norm_spectral_radius,matched_er_4to1_chunk_10,53,MC,0.4894281449412626,96
sign_test_er0.6__norm_spectral_radius,matched_er_4to1_chunk_10,54,GR,0.7718714382565646,96
sign_test_er0.6__norm_spectral_radius,matched_er_4to1_chunk_10,54,IPC,0.31777830323608014,96
sign_test_er0.6__norm_spectral_radius,matched_er_4to1_chunk_10,54,KR,0.7929643511424845,96
sign_test_er0.6__norm_spectral_radius,matched_er_4to1_chunk_10,54,MC,0.47066102726575243,96
sign_test_er0.6__norm_spectral_radius,matched_er_4to1_chunk_11,55,GR,0.7578230673170293,96
sign_test_er0.6__norm_spectral_radius,matched_er_4to1_chunk_11,55,IPC,0.3125825709659134,96
sign_test_er0.6__norm_spectral_radius,matched_er_4to1_chunk_11,55,KR,0.7726258192294245,96
sign_test_er0.6__norm_spectral_radius,matched_er_4to1_chunk_11,55,MC,0.4802733112664693,96
sign_test_er0.6__norm_spectral_radius,matched_er_4to1_chunk_11,56,GR,0.7824996737420061,96
sign_test_er0.6__norm_spectral_radius,matched_er_4to1_chunk_11,56,IPC,0.3431571086446058,96
sign_test_er0.6__norm_spectral_radius,matched_er_4to1_chunk_11,56,KR,0.7831189524640071,96
sign_test_er0.6__norm_spectral_radius,matched_er_4to1_chunk_11,56,MC,0.5160521488909678,96
sign_test_er0.6__norm_spectral_radius,matched_er_4to1_chunk_11,57,GR,0.7482993927483758,96
sign_test_er0.6__norm_spectral_radius,matched_er_4to1_chunk_11,57,IPC,0.3248504071879578,96
sign_test_er0.6__norm_spectral_radius,matched_er_4to1_chunk_11,57,KR,0.7872394566045908,96
sign_test_er0.6__norm_spectral_radius,matched_er_4to1_chunk_11,57,MC,0.4838930465945563,96
sign_test_er0.6__norm_spectral_radius,matched_er_4to1_chunk_11,58,GR,0.7690661570359637,96
sign_test_er0.6__norm_spectral_radius,matched_er_4to1_chunk_11,58,IPC,0.33353448426095667,96
sign_test_er0.6__norm_spectral_radius,matched_er_4to1_chunk_11,58,KR,0.7752642642939314,96
sign_test_er0.6__norm_spectral_radius,matched_er_4to1_chunk_11,58,MC,0.5275954766508947,96
sign_test_er0.6__norm_spectral_radius,matched_er_4to1_chunk_11,59,GR,0.7835727451882891,96
sign_test_er0.6__norm_spectral_radius,matched_er_4to1_chunk_11,59,IPC,0.3419075579656557,96
sign_test_er0.6__norm_spectral_radius,matched_er_4to1_chunk_11,59,KR,0.7917860728082287,96
sign_test_er0.6__norm_spectral_radius,matched_er_4to1_chunk_11,59,MC,0.505665487130636,96
sign_test_er0.6__norm_spectral_radius,matched_er_4to1_chunk_12,60,GR,0.7638118499736467,96
sign_test_er0.6__norm_spectral_radius,matched_er_4to1_chunk_12,60,IPC,0.32040528910309546,96
sign_test_er0.6__norm_spectral_radius,matched_er_4to1_chunk_12,60,KR,0.7594832715172661,96
sign_test_er0.6__norm_spectral_radius,matched_er_4to1_chunk_12,60,MC,0.4868689211635169,96
sign_test_er0.6__norm_spectral_radius,matched_er_4to1_chunk_12,61,GR,0.7647381397470264,96
sign_test_er0.6__norm_spectral_radius,matched_er_4to1_chunk_12,61,IPC,0.32738607633271566,96
sign_test_er0.6__norm_spectral_radius,matched_er_4to1_chunk_12,61,KR,0.7671680717327473,96
sign_test_er0.6__norm_spectral_radius,matched_er_4to1_chunk_12,61,MC,0.5003601069152196,96
sign_test_er0.6__norm_spectral_radius,matched_er_4to1_chunk_12,62,GR,0.7823315157237642,96
sign_test_er0.6__norm_spectral_radius,matched_er_4to1_chunk_12,62,IPC,0.33258717762231377,96
sign_test_er0.6__norm_spectral_radius,matched_er_4to1_chunk_12,62,KR,0.7884170001670178,96
sign_test_er0.6__norm_spectral_radius,matched_er_4to1_chunk_12,62,MC,0.5004966905655651,96
sign_test_er0.6__norm_spectral_radius,matched_er_4to1_chunk_12,63,GR,0.7725202627248883,96
sign_test_er0.6__norm_spectral_radius,matched_er_4to1_chunk_12,63,IPC,0.305909012381608,96
sign_test_er0.6__norm_spectral_radius,matched_er_4to1_chunk_12,63,KR,0.7831537207326483,96
sign_test_er0.6__norm_spectral_radius,matched_er_4to1_chunk_12,63,MC,0.47877218790714,96
sign_test_er0.6__norm_spectral_radius,matched_er_4to1_chunk_12,64,GR,0.7813944001036929,96
sign_test_er0.6__norm_spectral_radius,matched_er_4to1_chunk_12,64,IPC,0.3456130262352077,96
sign_test_er0.6__norm_spectral_radius,matched_er_4to1_chunk_12,64,KR,0.80524380332344,96
sign_test_er0.6__norm_spectral_radius,matched_er_4to1_chunk_12,64,MC,0.5129128168874094,96
sign_test_er0.6__norm_spectral_radius,matched_er_4to1_chunk_13,65,GR,0.7779186451035894,96
sign_test_er0.6__norm_spectral_radius,matched_er_4to1_chunk_13,65,IPC,0.33308269311653144,96
sign_test_er0.6__norm_spectral_radius,matched_er_4to1_chunk_13,65,KR,0.7867302823459658,96
sign_test_er0.6__norm_spectral_radius,matched_er_4to1_chunk_13,65,MC,0.5130172284116494,96
sign_test_er0.6__norm_spectral_radius,matched_er_4to1_chunk_13,66,GR,0.7852984274478012,96
sign_test_er0.6__norm_spectral_radius,matched_er_4to1_chunk_13,66,IPC,0.34500533250670606,96
sign_test_er0.6__norm_spectral_radius,matched_er_4to1_chunk_13,66,KR,0.7958757071865746,96
sign_test_er0.6__norm_spectral_radius,matched_er_4to1_chunk_13,66,MC,0.5178107209917239,96
sign_test_er0.6__norm_spectral_radius,matched_er_4to1_chunk_13,67,GR,0.7860833877555311,96
sign_test_er0.6__norm_spectral_radius,matched_er_4to1_chunk_13,67,IPC,0.3410291394638251,96
sign_test_er0.6__norm_spectral_radius,matched_er_4to1_chunk_13,67,KR,0.7963392328965415,96
sign_test_er0.6__norm_spectral_radius,matched_er_4to1_chunk_13,67,MC,0.5127324502120085,96
sign_test_er0.6__norm_spectral_radius,matched_er_4to1_chunk_13,68,GR,0.7875986858505776,96
sign_test_er0.6__norm_spectral_radius,matched_er_4to1_chunk_13,68,IPC,0.31746908651811706,96
sign_test_er0.6__norm_spectral_radius,matched_er_4to1_chunk_13,68,KR,0.7959192767627095,96
sign_test_er0.6__norm_spectral_radius,matched_er_4to1_chunk_13,68,MC,0.4864635930440372,96
sign_test_er0.6__norm_spectral_radius,matched_er_4to1_chunk_13,69,GR,0.7642495000742682,96
sign_test_er0.6__norm_spectral_radius,matched_er_4to1_chunk_13,69,IPC,0.33012764946688516,96
sign_test_er0.6__norm_spectral_radius,matched_er_4to1_chunk_13,69,KR,0.7741972025640574,96
sign_test_er0.6__norm_spectral_radius,matched_er_4to1_chunk_13,69,MC,0.5027124625949316,96
sign_test_er0.6__norm_spectral_radius,matched_er_4to1_chunk_14,70,GR,0.7469695538137486,96
sign_test_er0.6__norm_spectral_radius,matched_er_4to1_chunk_14,70,IPC,0.34039285212324355,96
sign_test_er0.6__norm_spectral_radius,matched_er_4to1_chunk_14,70,KR,0.7672102867390431,96
sign_test_er0.6__norm_spectral_radius,matched_er_4to1_chunk_14,70,MC,0.5055062391825552,96
sign_test_er0.6__norm_spectral_radius,matched_er_4to1_chunk_14,71,GR,0.8221122621796749,96
sign_test_er0.6__norm_spectral_radius,matched_er_4to1_chunk_14,71,IPC,0.3323280600505978,96
sign_test_er0.6__norm_spectral_radius,matched_er_4to1_chunk_14,71,KR,0.8155034208347297,96
sign_test_er0.6__norm_spectral_radius,matched_er_4to1_chunk_14,71,MC,0.5030059260482838,96
sign_test_er0.6__norm_spectral_radius,matched_er_4to1_chunk_14,72,GR,0.7833726294939225,96
sign_test_er0.6__norm_spectral_radius,matched_er_4to1_chunk_14,72,IPC,0.3120177561780688,96
sign_test_er0.6__norm_spectral_radius,matched_er_4to1_chunk_14,72,KR,0.7850502385271707,96
sign_test_er0.6__norm_spectral_radius,matched_er_4to1_chunk_14,72,MC,0.46014187497682163,96
sign_test_er0.6__norm_spectral_radius,matched_er_4to1_chunk_14,73,GR,0.7781025298898939,96
sign_test_er0.6__norm_spectral_radius,matched_er_4to1_chunk_14,73,IPC,0.2997317849537622,96
sign_test_er0.6__norm_spectral_radius,matched_er_4to1_chunk_14,73,KR,0.7889573694963556,96
sign_test_er0.6__norm_spectral_radius,matched_er_4to1_chunk_14,73,MC,0.47037831688778464,96
sign_test_er0.6__norm_spectral_radius,matched_er_4to1_chunk_14,74,GR,0.7752872788618201,96
sign_test_er0.6__norm_spectral_radius,matched_er_4to1_chunk_14,74,IPC,0.3497322378152414,96
sign_test_er0.6__norm_spectral_radius,matched_er_4to1_chunk_14,74,KR,0.7635409263686762,96
sign_test_er0.6__norm_spectral_radius,matched_er_4to1_chunk_14,74,MC,0.4993718024272534,96
sign_test_er0.6__norm_spectral_radius,matched_er_4to1_chunk_15,75,GR,0.7998370248311106,96
sign_test_er0.6__norm_spectral_radius,matched_er_4to1_chunk_15,75,IPC,0.3344487320735113,96
sign_test_er0.6__norm_spectral_radius,matched_er_4to1_chunk_15,75,KR,0.8156683287873349,96
sign_test_er0.6__norm_spectral_radius,matched_er_4to1_chunk_15,75,MC,0.491904727700437,96
sign_test_er0.6__norm_spectral_radius,matched_er_4to1_chunk_15,76,GR,0.784952552968848,96
sign_test_er0.6__norm_spectral_radius,matched_er_4to1_chunk_15,76,IPC,0.32243050064660855,96
sign_test_er0.6__norm_spectral_radius,matched_er_4to1_chunk_15,76,KR,0.8058097366209693,96
sign_test_er0.6__norm_spectral_radius,matched_er_4to1_chunk_15,76,MC,0.47902919267563027,96
sign_test_er0.6__norm_spectral_radius,matched_er_4to1_chunk_15,77,GR,0.7767956500623351,96
sign_test_er0.6__norm_spectral_radius,matched_er_4to1_chunk_15,77,IPC,0.32935152338681123,96
sign_test_er0.6__norm_spectral_radius,matched_er_4to1_chunk_15,77,KR,0.7861231119312331,96
sign_test_er0.6__norm_spectral_radius,matched_er_4to1_chunk_15,77,MC,0.4951608377806958,96
sign_test_er0.6__norm_spectral_radius,matched_er_4to1_chunk_15,78,GR,0.7591860293110186,96
sign_test_er0.6__norm_spectral_radius,matched_er_4to1_chunk_15,78,IPC,0.32221763013926075,96
sign_test_er0.6__norm_spectral_radius,matched_er_4to1_chunk_15,78,KR,0.7691573000183509,96
sign_test_er0.6__norm_spectral_radius,matched_er_4to1_chunk_15,78,MC,0.49350237713137196,96
sign_test_er0.6__norm_spectral_radius,matched_er_4to1_chunk_15,79,GR,0.7939962127252985,96
sign_test_er0.6__norm_spectral_radius,matched_er_4to1_chunk_15,79,IPC,0.3265943592475442,96
sign_test_er0.6__norm_spectral_radius,matched_er_4to1_chunk_15,79,KR,0.786637855252034,96
sign_test_er0.6__norm_spectral_radius,matched_er_4to1_chunk_15,79,MC,0.5022503289110158,96
sign_test_er0.6__norm_spectral_radius,matched_er_4to1_chunk_16,80,GR,0.7671337409087795,96
sign_test_er0.6__norm_spectral_radius,matched_er_4to1_chunk_16,80,IPC,0.35826260897063456,96
sign_test_er0.6__norm_spectral_radius,matched_er_4to1_chunk_16,80,KR,0.7895872401845815,96
sign_test_er0.6__norm_spectral_radius,matched_er_4to1_chunk_16,80,MC,0.4891929175425734,96
sign_test_er0.6__norm_spectral_radius,matched_er_4to1_chunk_16,81,GR,0.7886023892709971,96
sign_test_er0.6__norm_spectral_radius,matched_er_4to1_chunk_16,81,IPC,0.36935375876786797,96
sign_test_er0.6__norm_spectral_radius,matched_er_4to1_chunk_16,81,KR,0.7885164959474535,96
sign_test_er0.6__norm_spectral_radius,matched_er_4to1_chunk_16,81,MC,0.5143466726915229,96
sign_test_er0.6__norm_spectral_radius,matched_er_4to1_chunk_16,82,GR,0.7978351196924904,96
sign_test_er0.6__norm_spectral_radius,matched_er_4to1_chunk_16,82,IPC,0.4039508052353542,96
sign_test_er0.6__norm_spectral_radius,matched_er_4to1_chunk_16,82,KR,0.7763974402966181,96
sign_test_er0.6__norm_spectral_radius,matched_er_4to1_chunk_16,82,MC,0.5420439117732996,96
sign_test_er0.6__norm_spectral_radius,matched_er_4to1_chunk_16,83,GR,0.7518842691623195,96
sign_test_er0.6__norm_spectral_radius,matched_er_4to1_chunk_16,83,IPC,0.3900558770519136,96
sign_test_er0.6__norm_spectral_radius,matched_er_4to1_chunk_16,83,KR,0.7767250858302227,96
sign_test_er0.6__norm_spectral_radius,matched_er_4to1_chunk_16,83,MC,0.5705845722132755,96
sign_test_er0.6__norm_spectral_radius,matched_er_4to1_chunk_16,84,GR,0.7778302695113709,96
sign_test_er0.6__norm_spectral_radius,matched_er_4to1_chunk_16,84,IPC,0.3550506379736528,96
sign_test_er0.6__norm_spectral_radius,matched_er_4to1_chunk_16,84,KR,0.7885703868249063,96
sign_test_er0.6__norm_spectral_radius,matched_er_4to1_chunk_16,84,MC,0.500727652602098,96
sign_test_er0.6__norm_spectral_radius,matched_er_4to1_chunk_17,85,GR,0.7710755128835234,96
sign_test_er0.6__norm_spectral_radius,matched_er_4to1_chunk_17,85,IPC,0.36470480074941164,96
sign_test_er0.6__norm_spectral_radius,matched_er_4to1_chunk_17,85,KR,0.7716674222255165,96
sign_test_er0.6__norm_spectral_radius,matched_er_4to1_chunk_17,85,MC,0.517735597463594,96
sign_test_er0.6__norm_spectral_radius,matched_er_4to1_chunk_17,86,GR,0.7788764463324815,96
sign_test_er0.6__norm_spectral_radius,matched_er_4to1_chunk_17,86,IPC,0.3679655921917952,96
sign_test_er0.6__norm_spectral_radius,matched_er_4to1_chunk_17,86,KR,0.8026417846507545,96
sign_test_er0.6__norm_spectral_radius,matched_er_4to1_chunk_17,86,MC,0.5137220715489564,96
sign_test_er0.6__norm_spectral_radius,matched_er_4to1_chunk_17,87,GR,0.7751252319108325,96
sign_test_er0.6__norm_spectral_radius,matched_er_4to1_chunk_17,87,IPC,0.37881737672538934,96
sign_test_er0.6__norm_spectral_radius,matched_er_4to1_chunk_17,87,KR,0.7969357059612374,96
sign_test_er0.6__norm_spectral_radius,matched_er_4to1_chunk_17,87,MC,0.5522582183343769,96
sign_test_er0.6__norm_spectral_radius,matched_er_4to1_chunk_17,88,GR,0.7740059346236849,96
sign_test_er0.6__norm_spectral_radius,matched_er_4to1_chunk_17,88,IPC,0.38380594661323975,96
sign_test_er0.6__norm_spectral_radius,matched_er_4to1_chunk_17,88,KR,0.7863879442719683,96
sign_test_er0.6__norm_spectral_radius,matched_er_4to1_chunk_17,88,MC,0.5510008829102649,96
sign_test_er0.6__norm_spectral_radius,matched_er_4to1_chunk_17,89,GR,0.7864937606229041,96
sign_test_er0.6__norm_spectral_radius,matched_er_4to1_chunk_17,89,IPC,0.40244585920156994,96
sign_test_er0.6__norm_spectral_radius,matched_er_4to1_chunk_17,89,KR,0.7815454612843158,96
sign_test_er0.6__norm_spectral_radius,matched_er_4to1_chunk_17,89,MC,0.5367928016824317,96
sign_test_er0.6__norm_spectral_radius,matched_er_4to1_chunk_18,90,GR,0.7734911268094709,96
sign_test_er0.6__norm_spectral_radius,matched_er_4to1_chunk_18,90,IPC,0.3611623387176656,96
sign_test_er0.6__norm_spectral_radius,matched_er_4to1_chunk_18,90,KR,0.7879525985731429,96
sign_test_er0.6__norm_spectral_radius,matched_er_4to1_chunk_18,90,MC,0.5086630667583163,96
sign_test_er0.6__norm_spectral_radius,matched_er_4to1_chunk_18,91,GR,0.7868201792760796,96
sign_test_er0.6__norm_spectral_radius,matched_er_4to1_chunk_18,91,IPC,0.3664366331281394,96
sign_test_er0.6__norm_spectral_radius,matched_er_4to1_chunk_18,91,KR,0.7958721911746797,96
sign_test_er0.6__norm_spectral_radius,matched_er_4to1_chunk_18,91,MC,0.5495249147951324,96
sign_test_er0.6__norm_spectral_radius,matched_er_4to1_chunk_18,92,GR,0.8133399899860335,96
sign_test_er0.6__norm_spectral_radius,matched_er_4to1_chunk_18,92,IPC,0.35301363648413464,96
sign_test_er0.6__norm_spectral_radius,matched_er_4to1_chunk_18,92,KR,0.7765009392297237,96
sign_test_er0.6__norm_spectral_radius,matched_er_4to1_chunk_18,92,MC,0.5346376787252979,96
sign_test_er0.6__norm_spectral_radius,matched_er_4to1_chunk_18,93,GR,0.7709034236324364,96
sign_test_er0.6__norm_spectral_radius,matched_er_4to1_chunk_18,93,IPC,0.35067340176121725,96
sign_test_er0.6__norm_spectral_radius,matched_er_4to1_chunk_18,93,KR,0.7875736040616576,96
sign_test_er0.6__norm_spectral_radius,matched_er_4to1_chunk_18,93,MC,0.5050342701107775,96
sign_test_er0.6__norm_spectral_radius,matched_er_4to1_chunk_18,94,GR,0.7807290253011484,96
sign_test_er0.6__norm_spectral_radius,matched_er_4to1_chunk_18,94,IPC,0.35601531591292657,96
sign_test_er0.6__norm_spectral_radius,matched_er_4to1_chunk_18,94,KR,0.7777734717815445,96
sign_test_er0.6__norm_spectral_radius,matched_er_4to1_chunk_18,94,MC,0.49436433682951075,96
sign_test_er0.6__norm_spectral_radius,matched_er_4to1_chunk_19,95,GR,0.7784899532083968,96
sign_test_er0.6__norm_spectral_radius,matched_er_4to1_chunk_19,95,IPC,0.37635333566227086,96
sign_test_er0.6__norm_spectral_radius,matched_er_4to1_chunk_19,95,KR,0.7727374844682852,96
sign_test_er0.6__norm_spectral_radius,matched_er_4to1_chunk_19,95,MC,0.5376508079231105,96
sign_test_er0.6__norm_spectral_radius,matched_er_4to1_chunk_19,96,GR,0.7405589069420501,96
sign_test_er0.6__norm_spectral_radius,matched_er_4to1_chunk_19,96,IPC,0.352562339940508,96
sign_test_er0.6__norm_spectral_radius,matched_er_4to1_chunk_19,96,KR,0.7730149006180959,96
sign_test_er0.6__norm_spectral_radius,matched_er_4to1_chunk_19,96,MC,0.5164977129495933,96
sign_test_er0.6__norm_spectral_radius,matched_er_4to1_chunk_19,97,GR,0.7851461925004672,96
sign_test_er0.6__norm_spectral_radius,matched_er_4to1_chunk_19,97,IPC,0.36517028519422073,96
sign_test_er0.6__norm_spectral_radius,matched_er_4to1_chunk_19,97,KR,0.8041402789389103,96
sign_test_er0.6__norm_spectral_radius,matched_er_4to1_chunk_19,97,MC,0.5139885883925462,96
sign_test_er0.6__norm_spectral_radius,matched_er_4to1_chunk_19,98,GR,0.7649866633209257,96
sign_test_er0.6__norm_spectral_radius,matched_er_4to1_chunk_19,98,IPC,0.36555364022205017,96
sign_test_er0.6__norm_spectral_radius,matched_er_4to1_chunk_19,98,KR,0.7803942723655892,96
sign_test_er0.6__norm_spectral_radius,matched_er_4to1_chunk_19,98,MC,0.5341637525808969,96
sign_test_er0.6__norm_spectral_radius,matched_er_4to1_chunk_19,99,GR,0.7840777969781803,96
sign_test_er0.6__norm_spectral_radius,matched_er_4to1_chunk_19,99,IPC,0.37913981888215115,96
sign_test_er0.6__norm_spectral_radius,matched_er_4to1_chunk_19,99,KR,0.7853876134121707,96
sign_test_er0.6__norm_spectral_radius,matched_er_4to1_chunk_19,99,MC,0.5308767868048732,96
sign_test_er0.6__norm_spectral_radius,matched_er_4to1_chunk_2,10,GR,0.7718340499676427,96
sign_test_er0.6__norm_spectral_radius,matched_er_4to1_chunk_2,10,IPC,0.33188677772609226,96
sign_test_er0.6__norm_spectral_radius,matched_er_4to1_chunk_2,10,KR,0.8001942931239869,96
sign_test_er0.6__norm_spectral_radius,matched_er_4to1_chunk_2,10,MC,0.4970948526043597,96
sign_test_er0.6__norm_spectral_radius,matched_er_4to1_chunk_2,11,GR,0.7739951619497041,96
sign_test_er0.6__norm_spectral_radius,matched_er_4to1_chunk_2,11,IPC,0.3172089572040654,96
sign_test_er0.6__norm_spectral_radius,matched_er_4to1_chunk_2,11,KR,0.7896430303701462,96
sign_test_er0.6__norm_spectral_radius,matched_er_4to1_chunk_2,11,MC,0.48647678386315746,96
sign_test_er0.6__norm_spectral_radius,matched_er_4to1_chunk_2,12,GR,0.7447930980199121,96
sign_test_er0.6__norm_spectral_radius,matched_er_4to1_chunk_2,12,IPC,0.3415645271742633,96
sign_test_er0.6__norm_spectral_radius,matched_er_4to1_chunk_2,12,KR,0.7589032312766447,96
sign_test_er0.6__norm_spectral_radius,matched_er_4to1_chunk_2,12,MC,0.5336592272222301,96
sign_test_er0.6__norm_spectral_radius,matched_er_4to1_chunk_2,13,GR,0.7985794116385593,96
sign_test_er0.6__norm_spectral_radius,matched_er_4to1_chunk_2,13,IPC,0.33127495344282476,96
sign_test_er0.6__norm_spectral_radius,matched_er_4to1_chunk_2,13,KR,0.8099895855307638,96
sign_test_er0.6__norm_spectral_radius,matched_er_4to1_chunk_2,13,MC,0.49169080050656494,96
sign_test_er0.6__norm_spectral_radius,matched_er_4to1_chunk_2,14,GR,0.7728204148216297,96
sign_test_er0.6__norm_spectral_radius,matched_er_4to1_chunk_2,14,IPC,0.31569298319130773,96
sign_test_er0.6__norm_spectral_radius,matched_er_4to1_chunk_2,14,KR,0.7882569475181339,96
sign_test_er0.6__norm_spectral_radius,matched_er_4to1_chunk_2,14,MC,0.4781038930249986,96
sign_test_er0.6__norm_spectral_radius,matched_er_4to1_chunk_3,15,GR,0.7854917885020571,96
sign_test_er0.6__norm_spectral_radius,matched_er_4to1_chunk_3,15,IPC,0.3278480406217608,96
sign_test_er0.6__norm_spectral_radius,matched_er_4to1_chunk_3,15,KR,0.7922777517180143,96
sign_test_er0.6__norm_spectral_radius,matched_er_4to1_chunk_3,15,MC,0.4850887970575365,96
sign_test_er0.6__norm_spectral_radius,matched_er_4to1_chunk_3,16,GR,0.7439843899157325,96
sign_test_er0.6__norm_spectral_radius,matched_er_4to1_chunk_3,16,IPC,0.3244149275130538,96
sign_test_er0.6__norm_spectral_radius,matched_er_4to1_chunk_3,16,KR,0.780108831826571,96
sign_test_er0.6__norm_spectral_radius,matched_er_4to1_chunk_3,16,MC,0.48601224715342634,96
sign_test_er0.6__norm_spectral_radius,matched_er_4to1_chunk_3,17,GR,0.7890053035968814,96
sign_test_er0.6__norm_spectral_radius,matched_er_4to1_chunk_3,17,IPC,0.3347388421848664,96
sign_test_er0.6__norm_spectral_radius,matched_er_4to1_chunk_3,17,KR,0.7902860254630842,96
sign_test_er0.6__norm_spectral_radius,matched_er_4to1_chunk_3,17,MC,0.5172211971778705,96
sign_test_er0.6__norm_spectral_radius,matched_er_4to1_chunk_3,18,GR,0.7794196901055434,96
sign_test_er0.6__norm_spectral_radius,matched_er_4to1_chunk_3,18,IPC,0.3344753643611541,96
sign_test_er0.6__norm_spectral_radius,matched_er_4to1_chunk_3,18,KR,0.7940608702194165,96
sign_test_er0.6__norm_spectral_radius,matched_er_4to1_chunk_3,18,MC,0.5192934922320155,96
sign_test_er0.6__norm_spectral_radius,matched_er_4to1_chunk_3,19,GR,0.7930335551050982,96
sign_test_er0.6__norm_spectral_radius,matched_er_4to1_chunk_3,19,IPC,0.32741986136799744,96
sign_test_er0.6__norm_spectral_radius,matched_er_4to1_chunk_3,19,KR,0.8094090514201155,96
sign_test_er0.6__norm_spectral_radius,matched_er_4to1_chunk_3,19,MC,0.4965401674703476,96
sign_test_er0.6__norm_spectral_radius,matched_er_4to1_chunk_4,20,GR,0.7789332221701681,96
sign_test_er0.6__norm_spectral_radius,matched_er_4to1_chunk_4,20,IPC,0.3226950829149138,96
sign_test_er0.6__norm_spectral_radius,matched_er_4to1_chunk_4,20,KR,0.7849020347708701,96
sign_test_er0.6__norm_spectral_radius,matched_er_4to1_chunk_4,20,MC,0.490097083428653,96
sign_test_er0.6__norm_spectral_radius,matched_er_4to1_chunk_4,21,GR,0.7741320691422141,96
sign_test_er0.6__norm_spectral_radius,matched_er_4to1_chunk_4,21,IPC,0.31476000442305857,96
sign_test_er0.6__norm_spectral_radius,matched_er_4to1_chunk_4,21,KR,0.8024581914090846,96
sign_test_er0.6__norm_spectral_radius,matched_er_4to1_chunk_4,21,MC,0.49750801848790976,96
sign_test_er0.6__norm_spectral_radius,matched_er_4to1_chunk_4,22,GR,0.800427292327587,96
sign_test_er0.6__norm_spectral_radius,matched_er_4to1_chunk_4,22,IPC,0.3442999998240108,96
sign_test_er0.6__norm_spectral_radius,matched_er_4to1_chunk_4,22,KR,0.7949736694711808,96
sign_test_er0.6__norm_spectral_radius,matched_er_4to1_chunk_4,22,MC,0.4947534189195076,96
sign_test_er0.6__norm_spectral_radius,matched_er_4to1_chunk_4,23,GR,0.8041224315696794,96
sign_test_er0.6__norm_spectral_radius,matched_er_4to1_chunk_4,23,IPC,0.31465311445745026,96
sign_test_er0.6__norm_spectral_radius,matched_er_4to1_chunk_4,23,KR,0.8009567265521667,96
sign_test_er0.6__norm_spectral_radius,matched_er_4to1_chunk_4,23,MC,0.47718602994449877,96
sign_test_er0.6__norm_spectral_radius,matched_er_4to1_chunk_4,24,GR,0.7649514271552922,96
sign_test_er0.6__norm_spectral_radius,matched_er_4to1_chunk_4,24,IPC,0.3221918109479189,96
sign_test_er0.6__norm_spectral_radius,matched_er_4to1_chunk_4,24,KR,0.7815596408645898,96
sign_test_er0.6__norm_spectral_radius,matched_er_4to1_chunk_4,24,MC,0.5020763542193424,96
sign_test_er0.6__norm_spectral_radius,matched_er_4to1_chunk_5,25,GR,0.7928692198359585,96
sign_test_er0.6__norm_spectral_radius,matched_er_4to1_chunk_5,25,IPC,0.32326975111821515,96
sign_test_er0.6__norm_spectral_radius,matched_er_4to1_chunk_5,25,KR,0.7934558165989459,96
sign_test_er0.6__norm_spectral_radius,matched_er_4to1_chunk_5,25,MC,0.494253871395661,96
sign_test_er0.6__norm_spectral_radius,matched_er_4to1_chunk_5,26,GR,0.7903666772282381,96
sign_test_er0.6__norm_spectral_radius,matched_er_4to1_chunk_5,26,IPC,0.35397551684646444,96
sign_test_er0.6__norm_spectral_radius,matched_er_4to1_chunk_5,26,KR,0.7775820385556159,96
sign_test_er0.6__norm_spectral_radius,matched_er_4to1_chunk_5,26,MC,0.5225257045795669,96
sign_test_er0.6__norm_spectral_radius,matched_er_4to1_chunk_5,27,GR,0.7573158546195281,96
sign_test_er0.6__norm_spectral_radius,matched_er_4to1_chunk_5,27,IPC,0.3283444018872961,96
sign_test_er0.6__norm_spectral_radius,matched_er_4to1_chunk_5,27,KR,0.7675630829424521,96
sign_test_er0.6__norm_spectral_radius,matched_er_4to1_chunk_5,27,MC,0.5139473345241689,96
sign_test_er0.6__norm_spectral_radius,matched_er_4to1_chunk_5,28,GR,0.7842065842363677,96
sign_test_er0.6__norm_spectral_radius,matched_er_4to1_chunk_5,28,IPC,0.326565836550719,96
sign_test_er0.6__norm_spectral_radius,matched_er_4to1_chunk_5,28,KR,0.7935189577297874,96
sign_test_er0.6__norm_spectral_radius,matched_er_4to1_chunk_5,28,MC,0.5004641088775837,96
sign_test_er0.6__norm_spectral_radius,matched_er_4to1_chunk_5,29,GR,0.7681603650779328,96
sign_test_er0.6__norm_spectral_radius,matched_er_4to1_chunk_5,29,IPC,0.32990806225979036,96
sign_test_er0.6__norm_spectral_radius,matched_er_4to1_chunk_5,29,KR,0.786670820696502,96
sign_test_er0.6__norm_spectral_radius,matched_er_4to1_chunk_5,29,MC,0.5134646447946873,96
sign_test_er0.6__norm_spectral_radius,matched_er_4to1_chunk_6,30,GR,0.7763524771310666,96
sign_test_er0.6__norm_spectral_radius,matched_er_4to1_chunk_6,30,IPC,0.33124145331699884,96
sign_test_er0.6__norm_spectral_radius,matched_er_4to1_chunk_6,30,KR,0.7875519511011693,96
sign_test_er0.6__norm_spectral_radius,matched_er_4to1_chunk_6,30,MC,0.511535496463737,96
sign_test_er0.6__norm_spectral_radius,matched_er_4to1_chunk_6,31,GR,0.7973658530820373,96
sign_test_er0.6__norm_spectral_radius,matched_er_4to1_chunk_6,31,IPC,0.31459492526164506,96
sign_test_er0.6__norm_spectral_radius,matched_er_4to1_chunk_6,31,KR,0.804941034660612,96
sign_test_er0.6__norm_spectral_radius,matched_er_4to1_chunk_6,31,MC,0.47820564387412984,96
sign_test_er0.6__norm_spectral_radius,matched_er_4to1_chunk_6,32,GR,0.7914904170019744,96
sign_test_er0.6__norm_spectral_radius,matched_er_4to1_chunk_6,32,IPC,0.3100975253342116,96
sign_test_er0.6__norm_spectral_radius,matched_er_4to1_chunk_6,32,KR,0.7922434523928401,96
sign_test_er0.6__norm_spectral_radius,matched_er_4to1_chunk_6,32,MC,0.4619407017547571,96
sign_test_er0.6__norm_spectral_radius,matched_er_4to1_chunk_6,33,GR,0.7755040204682195,96
sign_test_er0.6__norm_spectral_radius,matched_er_4to1_chunk_6,33,IPC,0.3014985790838769,96
sign_test_er0.6__norm_spectral_radius,matched_er_4to1_chunk_6,33,KR,0.7886737834350429,96
sign_test_er0.6__norm_spectral_radius,matched_er_4to1_chunk_6,33,MC,0.4648580610901725,96
sign_test_er0.6__norm_spectral_radius,matched_er_4to1_chunk_6,34,GR,0.7884294639950242,96
sign_test_er0.6__norm_spectral_radius,matched_er_4to1_chunk_6,34,IPC,0.3307646043542947,96
sign_test_er0.6__norm_spectral_radius,matched_er_4to1_chunk_6,34,KR,0.7710235958792877,96
sign_test_er0.6__norm_spectral_radius,matched_er_4to1_chunk_6,34,MC,0.4767142771153878,96
sign_test_er0.6__norm_spectral_radius,matched_er_4to1_chunk_7,35,GR,0.7743143889863479,96
sign_test_er0.6__norm_spectral_radius,matched_er_4to1_chunk_7,35,IPC,0.3375056328243219,96
sign_test_er0.6__norm_spectral_radius,matched_er_4to1_chunk_7,35,KR,0.7843881224125084,96
sign_test_er0.6__norm_spectral_radius,matched_er_4to1_chunk_7,35,MC,0.5011053736763027,96
sign_test_er0.6__norm_spectral_radius,matched_er_4to1_chunk_7,36,GR,0.7644636780372676,96
sign_test_er0.6__norm_spectral_radius,matched_er_4to1_chunk_7,36,IPC,0.34096661000283357,96
sign_test_er0.6__norm_spectral_radius,matched_er_4to1_chunk_7,36,KR,0.7878408650111485,96
sign_test_er0.6__norm_spectral_radius,matched_er_4to1_chunk_7,36,MC,0.49999844948583017,96
sign_test_er0.6__norm_spectral_radius,matched_er_4to1_chunk_7,37,GR,0.798700359357079,96
sign_test_er0.6__norm_spectral_radius,matched_er_4to1_chunk_7,37,IPC,0.3204555846152799,96
sign_test_er0.6__norm_spectral_radius,matched_er_4to1_chunk_7,37,KR,0.8066535426188087,96
sign_test_er0.6__norm_spectral_radius,matched_er_4to1_chunk_7,37,MC,0.4835392544711562,96
sign_test_er0.6__norm_spectral_radius,matched_er_4to1_chunk_7,38,GR,0.802638117055845,96
sign_test_er0.6__norm_spectral_radius,matched_er_4to1_chunk_7,38,IPC,0.3462908206393903,96
sign_test_er0.6__norm_spectral_radius,matched_er_4to1_chunk_7,38,KR,0.7869415408702081,96
sign_test_er0.6__norm_spectral_radius,matched_er_4to1_chunk_7,38,MC,0.5276504938655282,96
sign_test_er0.6__norm_spectral_radius,matched_er_4to1_chunk_7,39,GR,0.758977606336939,96
sign_test_er0.6__norm_spectral_radius,matched_er_4to1_chunk_7,39,IPC,0.33902734756312936,96
sign_test_er0.6__norm_spectral_radius,matched_er_4to1_chunk_7,39,KR,0.7805568327177743,96
sign_test_er0.6__norm_spectral_radius,matched_er_4to1_chunk_7,39,MC,0.4977674077413135,96
sign_test_er0.6__norm_spectral_radius,matched_er_4to1_chunk_8,40,GR,0.7631844553703543,96
sign_test_er0.6__norm_spectral_radius,matched_er_4to1_chunk_8,40,IPC,0.3495720070670075,96
sign_test_er0.6__norm_spectral_radius,matched_er_4to1_chunk_8,40,KR,0.7866923312359823,96
sign_test_er0.6__norm_spectral_radius,matched_er_4to1_chunk_8,40,MC,0.5200924302461308,96
sign_test_er0.6__norm_spectral_radius,matched_er_4to1_chunk_8,41,GR,0.7693813193812801,96
sign_test_er0.6__norm_spectral_radius,matched_er_4to1_chunk_8,41,IPC,0.3295475350574347,96
sign_test_er0.6__norm_spectral_radius,matched_er_4to1_chunk_8,41,KR,0.7817866284799587,96
sign_test_er0.6__norm_spectral_radius,matched_er_4to1_chunk_8,41,MC,0.5098801050097408,96
sign_test_er0.6__norm_spectral_radius,matched_er_4to1_chunk_8,42,GR,0.7691559303425114,96
sign_test_er0.6__norm_spectral_radius,matched_er_4to1_chunk_8,42,IPC,0.314525322042804,96
sign_test_er0.6__norm_spectral_radius,matched_er_4to1_chunk_8,42,KR,0.7822829746990084,96
sign_test_er0.6__norm_spectral_radius,matched_er_4to1_chunk_8,42,MC,0.48758742201400473,96
sign_test_er0.6__norm_spectral_radius,matched_er_4to1_chunk_8,43,GR,0.7859840256860151,96
sign_test_er0.6__norm_spectral_radius,matched_er_4to1_chunk_8,43,IPC,0.33337302941402913,96
sign_test_er0.6__norm_spectral_radius,matched_er_4to1_chunk_8,43,KR,0.8029806043571791,96
sign_test_er0.6__norm_spectral_radius,matched_er_4to1_chunk_8,43,MC,0.4997448779826775,96
sign_test_er0.6__norm_spectral_radius,matched_er_4to1_chunk_8,44,GR,0.7967769219484906,96
sign_test_er0.6__norm_spectral_radius,matched_er_4to1_chunk_8,44,IPC,0.32986624426047806,96
sign_test_er0.6__norm_spectral_radius,matched_er_4to1_chunk_8,44,KR,0.796166392656987,96
sign_test_er0.6__norm_spectral_radius,matched_er_4to1_chunk_8,44,MC,0.49177189636948654,96
sign_test_er0.6__norm_spectral_radius,matched_er_4to1_chunk_9,45,GR,0.7920939505066353,96
sign_test_er0.6__norm_spectral_radius,matched_er_4to1_chunk_9,45,IPC,0.33520853406351225,96
sign_test_er0.6__norm_spectral_radius,matched_er_4to1_chunk_9,45,KR,0.7806850909639806,96
sign_test_er0.6__norm_spectral_radius,matched_er_4to1_chunk_9,45,MC,0.4879385239014891,96
sign_test_er0.6__norm_spectral_radius,matched_er_4to1_chunk_9,46,GR,0.7853241250527129,96
sign_test_er0.6__norm_spectral_radius,matched_er_4to1_chunk_9,46,IPC,0.3191577493613636,96
sign_test_er0.6__norm_spectral_radius,matched_er_4to1_chunk_9,46,KR,0.8000360553374531,96
sign_test_er0.6__norm_spectral_radius,matched_er_4to1_chunk_9,46,MC,0.48513937859045836,96
sign_test_er0.6__norm_spectral_radius,matched_er_4to1_chunk_9,47,GR,0.7873406253959583,96
sign_test_er0.6__norm_spectral_radius,matched_er_4to1_chunk_9,47,IPC,0.3345153860009182,96
sign_test_er0.6__norm_spectral_radius,matched_er_4to1_chunk_9,47,KR,0.7888058039084781,96
sign_test_er0.6__norm_spectral_radius,matched_er_4to1_chunk_9,47,MC,0.5086400725385665,96
sign_test_er0.6__norm_spectral_radius,matched_er_4to1_chunk_9,48,GR,0.7831467884350402,96
sign_test_er0.6__norm_spectral_radius,matched_er_4to1_chunk_9,48,IPC,0.32826232309397135,96
sign_test_er0.6__norm_spectral_radius,matched_er_4to1_chunk_9,48,KR,0.7975017494956078,96
sign_test_er0.6__norm_spectral_radius,matched_er_4to1_chunk_9,48,MC,0.5094077884461534,96
sign_test_er0.6__norm_spectral_radius,matched_er_4to1_chunk_9,49,GR,0.8000803883689961,96
sign_test_er0.6__norm_spectral_radius,matched_er_4to1_chunk_9,49,IPC,0.3495913683533226,96
sign_test_er0.6__norm_spectral_radius,matched_er_4to1_chunk_9,49,KR,0.8060557620140917,96
sign_test_er0.6__norm_spectral_radius,matched_er_4to1_chunk_9,49,MC,0.49342335093080625,96
sign_test_er0.8__norm_original_radius,matched_er_4to1_chunk_0,0,GR,0.7267241303926684,96
sign_test_er0.8__norm_original_radius,matched_er_4to1_chunk_0,0,IPC,0.3939487469160982,96
sign_test_er0.8__norm_original_radius,matched_er_4to1_chunk_0,0,KR,0.5224492980497474,96
sign_test_er0.8__norm_original_radius,matched_er_4to1_chunk_0,0,MC,0.37185234672081025,96
sign_test_er0.8__norm_original_radius,matched_er_4to1_chunk_0,1,GR,0.7392009338078729,96
sign_test_er0.8__norm_original_radius,matched_er_4to1_chunk_0,1,IPC,0.37147280787842263,96
sign_test_er0.8__norm_original_radius,matched_er_4to1_chunk_0,1,KR,0.5321670408907236,96
sign_test_er0.8__norm_original_radius,matched_er_4to1_chunk_0,1,MC,0.3732128397014372,96
sign_test_er0.8__norm_original_radius,matched_er_4to1_chunk_0,2,GR,0.7289869734971862,96
sign_test_er0.8__norm_original_radius,matched_er_4to1_chunk_0,2,IPC,0.3979676273093913,96
sign_test_er0.8__norm_original_radius,matched_er_4to1_chunk_0,2,KR,0.5217220476217317,96
sign_test_er0.8__norm_original_radius,matched_er_4to1_chunk_0,2,MC,0.3758686223383039,96
sign_test_er0.8__norm_original_radius,matched_er_4to1_chunk_0,3,GR,0.7278627888958831,96
sign_test_er0.8__norm_original_radius,matched_er_4to1_chunk_0,3,IPC,0.40299828962939144,96
sign_test_er0.8__norm_original_radius,matched_er_4to1_chunk_0,3,KR,0.525244702035239,96
sign_test_er0.8__norm_original_radius,matched_er_4to1_chunk_0,3,MC,0.3728251779945839,96
sign_test_er0.8__norm_original_radius,matched_er_4to1_chunk_0,4,GR,0.7470400591155241,96
sign_test_er0.8__norm_original_radius,matched_er_4to1_chunk_0,4,IPC,0.37624054849290184,96
sign_test_er0.8__norm_original_radius,matched_er_4to1_chunk_0,4,KR,0.5527679232789978,96
sign_test_er0.8__norm_original_radius,matched_er_4to1_chunk_0,4,MC,0.38582667891014205,96
sign_test_er0.8__norm_original_radius,matched_er_4to1_chunk_1,5,GR,0.775697232468822,96
sign_test_er0.8__norm_original_radius,matched_er_4to1_chunk_1,5,IPC,0.36419062158345594,96
sign_test_er0.8__norm_original_radius,matched_er_4to1_chunk_1,5,KR,0.5762363851563916,96
sign_test_er0.8__norm_original_radius,matched_er_4to1_chunk_1,5,MC,0.32361438743831844,96
sign_test_er0.8__norm_original_radius,matched_er_4to1_chunk_1,6,GR,0.7398885924235219,96
sign_test_er0.8__norm_original_radius,matched_er_4to1_chunk_1,6,IPC,0.3665588402786658,96
sign_test_er0.8__norm_original_radius,matched_er_4to1_chunk_1,6,KR,0.5306333498312448,96
sign_test_er0.8__norm_original_radius,matched_er_4to1_chunk_1,6,MC,0.3539085131764256,96
sign_test_er0.8__norm_original_radius,matched_er_4to1_chunk_1,7,GR,0.6985178618758529,96
sign_test_er0.8__norm_original_radius,matched_er_4to1_chunk_1,7,IPC,0.4154642444757328,96
sign_test_er0.8__norm_original_radius,matched_er_4to1_chunk_1,7,KR,0.49720774899798903,96
sign_test_er0.8__norm_original_radius,matched_er_4to1_chunk_1,7,MC,0.4039939848877132,96
sign_test_er0.8__norm_original_radius,matched_er_4to1_chunk_1,8,GR,0.7075197982570967,96
sign_test_er0.8__norm_original_radius,matched_er_4to1_chunk_1,8,IPC,0.39990426642577903,96
sign_test_er0.8__norm_original_radius,matched_er_4to1_chunk_1,8,KR,0.5076931758964331,96
sign_test_er0.8__norm_original_radius,matched_er_4to1_chunk_1,8,MC,0.4139776782995231,96
sign_test_er0.8__norm_original_radius,matched_er_4to1_chunk_1,9,GR,0.7450375878301514,96
sign_test_er0.8__norm_original_radius,matched_er_4to1_chunk_1,9,IPC,0.4187992453557976,96
sign_test_er0.8__norm_original_radius,matched_er_4to1_chunk_1,9,KR,0.5335512022577795,96
sign_test_er0.8__norm_original_radius,matched_er_4to1_chunk_1,9,MC,0.40796227880753666,96
sign_test_er0.8__norm_original_radius,matched_er_4to1_chunk_10,50,GR,0.7792884319369567,96
sign_test_er0.8__norm_original_radius,matched_er_4to1_chunk_10,50,IPC,0.3777804306109236,96
sign_test_er0.8__norm_original_radius,matched_er_4to1_chunk_10,50,KR,0.5964482318601263,96
sign_test_er0.8__norm_original_radius,matched_er_4to1_chunk_10,50,MC,0.36608688368755976,96
sign_test_er0.8__norm_original_radius,matched_er_4to1_chunk_10,51,GR,0.7181130858576421,96
sign_test_er0.8__norm_original_radius,matched_er_4to1_chunk_10,51,IPC,0.4184180237685648,96
sign_test_er0.8__norm_original_radius,matched_er_4to1_chunk_10,51,KR,0.5143345547795347,96
sign_test_er0.8__norm_original_radius,matched_er_4to1_chunk_10,51,MC,0.3908070700406268,96
sign_test_er0.8__norm_original_radius,matched_er_4to1_chunk_10,52,GR,0.7226361021946629,96
sign_test_er0.8__norm_original_radius,matched_er_4to1_chunk_10,52,IPC,0.38820959392080867,96
sign_test_er0.8__norm_original_radius,matched_er_4to1_chunk_10,52,KR,0.5202836810404468,96
sign_test_er0.8__norm_original_radius,matched_er_4to1_chunk_10,52,MC,0.3957623046395951,96
sign_test_er0.8__norm_original_radius,matched_er_4to1_chunk_10,53,GR,0.7818483930175809,96
sign_test_er0.8__norm_original_radius,matched_er_4to1_chunk_10,53,IPC,0.3806981318026907,96
sign_test_er0.8__norm_original_radius,matched_er_4to1_chunk_10,53,KR,0.6075194891739475,96
sign_test_er0.8__norm_original_radius,matched_er_4to1_chunk_10,53,MC,0.3492477523648497,96
sign_test_er0.8__norm_original_radius,matched_er_4to1_chunk_10,54,GR,0.7501644930867759,96
sign_test_er0.8__norm_original_radius,matched_er_4to1_chunk_10,54,IPC,0.35244334907844294,96
sign_test_er0.8__norm_original_radius,matched_er_4to1_chunk_10,54,KR,0.5493016741230883,96
sign_test_er0.8__norm_original_radius,matched_er_4to1_chunk_10,54,MC,0.3746565936421503,96
sign_test_er0.8__norm_original_radius,matched_er_4to1_chunk_11,55,GR,0.7018430898426125,96
sign_test_er0.8__norm_original_radius,matched_er_4to1_chunk_11,55,IPC,0.3994483160874659,96
sign_test_er0.8__norm_original_radius,matched_er_4to1_chunk_11,55,KR,0.5028968215634023,96
sign_test_er0.8__norm_original_radius,matched_er_4to1_chunk_11,55,MC,0.39245590080929793,96
sign_test_er0.8__norm_original_radius,matched_er_4to1_chunk_11,56,GR,0.7430880621906575,96
sign_test_er0.8__norm_original_radius,matched_er_4to1_chunk_11,56,IPC,0.381962815690517,96
sign_test_er0.8__norm_original_radius,matched_er_4to1_chunk_11,56,KR,0.5500137235244648,96
sign_test_er0.8__norm_original_radius,matched_er_4to1_chunk_11,56,MC,0.36390183116168767,96
sign_test_er0.8__norm_original_radius,matched_er_4to1_chunk_11,57,GR,0.7168019380609512,96
sign_test_er0.8__norm_original_radius,matched_er_4to1_chunk_11,57,IPC,0.4083606278400638,96
sign_test_er0.8__norm_original_radius,matched_er_4to1_chunk_11,57,KR,0.5221316208512742,96
sign_test_er0.8__norm_original_radius,matched_er_4to1_chunk_11,57,MC,0.3924879845191172,96
sign_test_er0.8__norm_original_radius,matched_er_4to1_chunk_11,58,GR,0.7264365718168991,96
sign_test_er0.8__norm_original_radius,matched_er_4to1_chunk_11,58,IPC,0.393834078334982,96
sign_test_er0.8__norm_original_radius,matched_er_4to1_chunk_11,58,KR,0.5414649422680062,96
sign_test_er0.8__norm_original_radius,matched_er_4to1_chunk_11,58,MC,0.389473626171722,96
sign_test_er0.8__norm_original_radius,matched_er_4to1_chunk_11,59,GR,0.7347222998742098,96
sign_test_er0.8__norm_original_radius,matched_er_4to1_chunk_11,59,IPC,0.3857166718609828,96
sign_test_er0.8__norm_original_radius,matched_er_4to1_chunk_11,59,KR,0.5185508781062563,96
sign_test_er0.8__norm_original_radius,matched_er_4to1_chunk_11,59,MC,0.3709301641355862,96
sign_test_er0.8__norm_original_radius,matched_er_4to1_chunk_12,60,GR,0.7136939543659939,96
sign_test_er0.8__norm_original_radius,matched_er_4to1_chunk_12,60,IPC,0.40196530437436967,96
sign_test_er0.8__norm_original_radius,matched_er_4to1_chunk_12,60,KR,0.5190574265472071,96
sign_test_er0.8__norm_original_radius,matched_er_4to1_chunk_12,60,MC,0.4099905514181723,96
sign_test_er0.8__norm_original_radius,matched_er_4to1_chunk_12,61,GR,0.7347764754704349,96
sign_test_er0.8__norm_original_radius,matched_er_4to1_chunk_12,61,IPC,0.37323618976140965,96
sign_test_er0.8__norm_original_radius,matched_er_4to1_chunk_12,61,KR,0.5680305536681678,96
sign_test_er0.8__norm_original_radius,matched_er_4to1_chunk_12,61,MC,0.33896170823834465,96
sign_test_er0.8__norm_original_radius,matched_er_4to1_chunk_12,62,GR,0.7441051733514592,96
sign_test_er0.8__norm_original_radius,matched_er_4to1_chunk_12,62,IPC,0.3756718248554672,96
sign_test_er0.8__norm_original_radius,matched_er_4to1_chunk_12,62,KR,0.54698459973229,96
sign_test_er0.8__norm_original_radius,matched_er_4to1_chunk_12,62,MC,0.3640452337113331,96
sign_test_er0.8__norm_original_radius,matched_er_4to1_chunk_12,63,GR,0.7164020773825118,96
sign_test_er0.8__norm_original_radius,matched_er_4to1_chunk_12,63,IPC,0.3826289560064599,96
sign_test_er0.8__norm_original_radius,matched_er_4to1_chunk_12,63,KR,0.49944220913120857,96
sign_test_er0.8__norm_original_radius,matched_er_4to1_chunk_12,63,MC,0.37133922459737173,96
sign_test_er0.8__norm_original_radius,matched_er_4to1_chunk_12,64,GR,0.7255910246165547,96
sign_test_er0.8__norm_original_radius,matched_er_4to1_chunk_12,64,IPC,0.36165454196821323,96
sign_test_er0.8__norm_original_radius,matched_er_4to1_chunk_12,64,KR,0.5361823806993166,96
sign_test_er0.8__norm_original_radius,matched_er_4to1_chunk_12,64,MC,0.3722517329912422,96
sign_test_er0.8__norm_original_radius,matched_er_4to1_chunk_13,65,GR,0.7354407644399966,96
sign_test_er0.8__norm_original_radius,matched_er_4to1_chunk_13,65,IPC,0.39827347707168625,96
sign_test_er0.8__norm_original_radius,matched_er_4to1_chunk_13,65,KR,0.540160701753167,96
sign_test_er0.8__norm_original_radius,matched_er_4to1_chunk_13,65,MC,0.39301691118546433,96
sign_test_er0.8__norm_original_radius,matched_er_4to1_chunk_13,66,GR,0.7234705902546653,96
sign_test_er0.8__norm_original_radius,matched_er_4to1_chunk_13,66,IPC,0.37482763002328706,96
sign_test_er0.8__norm_original_radius,matched_er_4to1_chunk_13,66,KR,0.5163625768587736,96
sign_test_er0.8__norm_original_radius,matched_er_4to1_chunk_13,66,MC,0.37520455139488257,96
sign_test_er0.8__norm_original_radius,matched_er_4to1_chunk_13,67,GR,0.733141037563233,96
sign_test_er0.8__norm_original_radius,matched_er_4to1_chunk_13,67,IPC,0.38822888456257876,96
sign_test_er0.8__norm_original_radius,matched_er_4to1_chunk_13,67,KR,0.5341580322792676,96
sign_test_er0.8__norm_original_radius,matched_er_4to1_chunk_13,67,MC,0.3900904921601399,96
sign_test_er0.8__norm_original_radius,matched_er_4to1_chunk_13,68,GR,0.7558118746131687,96
sign_test_er0.8__norm_original_radius,matched_er_4to1_chunk_13,68,IPC,0.3655073696261448,96
sign_test_er0.8__norm_original_radius,matched_er_4to1_chunk_13,68,KR,0.5534902131921039,96
sign_test_er0.8__norm_original_radius,matched_er_4to1_chunk_13,68,MC,0.3293759487946318,96
sign_test_er0.8__norm_original_radius,matched_er_4to1_chunk_13,69,GR,0.7245064189861498,96
sign_test_er0.8__norm_original_radius,matched_er_4to1_chunk_13,69,IPC,0.38943386374887223,96
sign_test_er0.8__norm_original_radius,matched_er_4to1_chunk_13,69,KR,0.5416992053654198,96
sign_test_er0.8__norm_original_radius,matched_er_4to1_chunk_13,69,MC,0.3941584410220987,96
sign_test_er0.8__norm_original_radius,matched_er_4to1_chunk_14,70,GR,0.7277496602833555,96
sign_test_er0.8__norm_original_radius,matched_er_4to1_chunk_14,70,IPC,0.38294266536348387,96
sign_test_er0.8__norm_original_radius,matched_er_4to1_chunk_14,70,KR,0.5290637143664038,96
sign_test_er0.8__norm_original_radius,matched_er_4to1_chunk_14,70,MC,0.38713510411461693,96
sign_test_er0.8__norm_original_radius,matched_er_4to1_chunk_14,71,GR,0.7623845135199188,96
sign_test_er0.8__norm_original_radius,matched_er_4to1_chunk_14,71,IPC,0.352764349018218,96
sign_test_er0.8__norm_original_radius,matched_er_4to1_chunk_14,71,KR,0.5540963906155397,96
sign_test_er0.8__norm_original_radius,matched_er_4to1_chunk_14,71,MC,0.33905465574198046,96
sign_test_er0.8__norm_original_radius,matched_er_4to1_chunk_14,72,GR,0.7375048975950503,96
sign_test_er0.8__norm_original_radius,matched_er_4to1_chunk_14,72,IPC,0.36544907685125305,96
sign_test_er0.8__norm_original_radius,matched_er_4to1_chunk_14,72,KR,0.5216707173909834,96
sign_test_er0.8__norm_original_radius,matched_er_4to1_chunk_14,72,MC,0.34231773537588567,96
sign_test_er0.8__norm_original_radius,matched_er_4to1_chunk_14,73,GR,0.7281434313228118,96
sign_test_er0.8__norm_original_radius,matched_er_4to1_chunk_14,73,IPC,0.37414868868262974,96
sign_test_er0.8__norm_original_radius,matched_er_4to1_chunk_14,73,KR,0.5290479198952047,96
sign_test_er0.8__norm_original_radius,matched_er_4to1_chunk_14,73,MC,0.3622160755196752,96
sign_test_er0.8__norm_original_radius,matched_er_4to1_chunk_14,74,GR,0.7408326184016693,96
sign_test_er0.8__norm_original_radius,matched_er_4to1_chunk_14,74,IPC,0.3879373763306834,96
sign_test_er0.8__norm_original_radius,matched_er_4to1_chunk_14,74,KR,0.5346944033182223,96
sign_test_er0.8__norm_original_radius,matched_er_4to1_chunk_14,74,MC,0.3718499328536361,96
sign_test_er0.8__norm_original_radius,matched_er_4to1_chunk_15,75,GR,0.7141492912382396,96
sign_test_er0.8__norm_original_radius,matched_er_4to1_chunk_15,75,IPC,0.3945667601764848,96
sign_test_er0.8__norm_original_radius,matched_er_4to1_chunk_15,75,KR,0.4997749501710232,96
sign_test_er0.8__norm_original_radius,matched_er_4to1_chunk_15,75,MC,0.3828351723498943,96
sign_test_er0.8__norm_original_radius,matched_er_4to1_chunk_15,76,GR,0.7492091876883165,96
sign_test_er0.8__norm_original_radius,matched_er_4to1_chunk_15,76,IPC,0.3822599641517278,96
sign_test_er0.8__norm_original_radius,matched_er_4to1_chunk_15,76,KR,0.5487193136562252,96
sign_test_er0.8__norm_original_radius,matched_er_4to1_chunk_15,76,MC,0.34973647505617866,96
sign_test_er0.8__norm_original_radius,matched_er_4to1_chunk_15,77,GR,0.7526861726983457,96
sign_test_er0.8__norm_original_radius,matched_er_4to1_chunk_15,77,IPC,0.3783761366329312,96
sign_test_er0.8__norm_original_radius,matched_er_4to1_chunk_15,77,KR,0.5620825448783586,96
sign_test_er0.8__norm_original_radius,matched_er_4to1_chunk_15,77,MC,0.3643517561496671,96
sign_test_er0.8__norm_original_radius,matched_er_4to1_chunk_15,78,GR,0.7578584657266978,96
sign_test_er0.8__norm_original_radius,matched_er_4to1_chunk_15,78,IPC,0.3842525524754171,96
sign_test_er0.8__norm_original_radius,matched_er_4to1_chunk_15,78,KR,0.5588907347104239,96
sign_test_er0.8__norm_original_radius,matched_er_4to1_chunk_15,78,MC,0.3788651403033324,96
sign_test_er0.8__norm_original_radius,matched_er_4to1_chunk_15,79,GR,0.7510724398128704,96
sign_test_er0.8__norm_original_radius,matched_er_4to1_chunk_15,79,IPC,0.3745126704308382,96
sign_test_er0.8__norm_original_radius,matched_er_4to1_chunk_15,79,KR,0.5603429181251569,96
sign_test_er0.8__norm_original_radius,matched_er_4to1_chunk_15,79,MC,0.37227887279104976,96
sign_test_er0.8__norm_original_radius,matched_er_4to1_chunk_16,80,GR,0.766989839492751,96
sign_test_er0.8__norm_original_radius,matched_er_4to1_chunk_16,80,IPC,0.33134135324333513,96
sign_test_er0.8__norm_original_radius,matched_er_4to1_chunk_16,80,KR,0.5682341437593005,96
sign_test_er0.8__norm_original_radius,matched_er_4to1_chunk_16,80,MC,0.3500898543551551,96
sign_test_er0.8__norm_original_radius,matched_er_4to1_chunk_16,81,GR,0.7609225425588239,96
sign_test_er0.8__norm_original_radius,matched_er_4to1_chunk_16,81,IPC,0.35726996789153315,96
sign_test_er0.8__norm_original_radius,matched_er_4to1_chunk_16,81,KR,0.5578750780676822,96
sign_test_er0.8__norm_original_radius,matched_er_4to1_chunk_16,81,MC,0.3827942116805701,96
sign_test_er0.8__norm_original_radius,matched_er_4to1_chunk_16,82,GR,0.7136315433287472,96
sign_test_er0.8__norm_original_radius,matched_er_4to1_chunk_16,82,IPC,0.3941467134724419,96
sign_test_er0.8__norm_original_radius,matched_er_4to1_chunk_16,82,KR,0.5266456719353764,96
sign_test_er0.8__norm_original_radius,matched_er_4to1_chunk_16,82,MC,0.43955886364524743,96
sign_test_er0.8__norm_original_radius,matched_er_4to1_chunk_16,83,GR,0.757816247317317,96
sign_test_er0.8__norm_original_radius,matched_er_4to1_chunk_16,83,IPC,0.3694319428527925,96
sign_test_er0.8__norm_original_radius,matched_er_4to1_chunk_16,83,KR,0.5662995678457926,96
sign_test_er0.8__norm_original_radius,matched_er_4to1_chunk_16,83,MC,0.4092345795118725,96
sign_test_er0.8__norm_original_radius,matched_er_4to1_chunk_16,84,GR,0.7273775361777434,96
sign_test_er0.8__norm_original_radius,matched_er_4to1_chunk_16,84,IPC,0.3660316125516378,96
sign_test_er0.8__norm_original_radius,matched_er_4to1_chunk_16,84,KR,0.5329568160511411,96
sign_test_er0.8__norm_original_radius,matched_er_4to1_chunk_16,84,MC,0.3948573035007093,96
sign_test_er0.8__norm_original_radius,matched_er_4to1_chunk_17,85,GR,0.7388164256763003,96
sign_test_er0.8__norm_original_radius,matched_er_4to1_chunk_17,85,IPC,0.3965510073939547,96
sign_test_er0.8__norm_original_radius,matched_er_4to1_chunk_17,85,KR,0.5372193068638869,96
sign_test_er0.8__norm_original_radius,matched_er_4to1_chunk_17,85,MC,0.4274266254718986,96
sign_test_er0.8__norm_original_radius,matched_er_4to1_chunk_17,86,GR,0.7470125571936227,96
sign_test_er0.8__norm_original_radius,matched_er_4to1_chunk_17,86,IPC,0.39852057835196397,96
sign_test_er0.8__norm_original_radius,matched_er_4to1_chunk_17,86,KR,0.5369907279451498,96
sign_test_er0.8__norm_original_radius,matched_er_4to1_chunk_17,86,MC,0.41159878244107423,96
sign_test_er0.8__norm_original_radius,matched_er_4to1_chunk_17,87,GR,0.7093835027918826,96
sign_test_er0.8__norm_original_radius,matched_er_4to1_chunk_17,87,IPC,0.37335689369300973,96
sign_test_er0.8__norm_original_radius,matched_er_4to1_chunk_17,87,KR,0.5052758227325378,96
sign_test_er0.8__norm_original_radius,matched_er_4to1_chunk_17,87,MC,0.41742756931468117,96
sign_test_er0.8__norm_original_radius,matched_er_4to1_chunk_17,88,GR,0.7261151447614509,96
sign_test_er0.8__norm_original_radius,matched_er_4to1_chunk_17,88,IPC,0.3854531277308053,96
sign_test_er0.8__norm_original_radius,matched_er_4to1_chunk_17,88,KR,0.5313313462818781,96
sign_test_er0.8__norm_original_radius,matched_er_4to1_chunk_17,88,MC,0.4249225639751076,96
sign_test_er0.8__norm_original_radius,matched_er_4to1_chunk_17,89,GR,0.7445164980019935,96
sign_test_er0.8__norm_original_radius,matched_er_4to1_chunk_17,89,IPC,0.36031452907843625,96
sign_test_er0.8__norm_original_radius,matched_er_4to1_chunk_17,89,KR,0.5386402858395036,96
sign_test_er0.8__norm_original_radius,matched_er_4to1_chunk_17,89,MC,0.3878443776158488,96
sign_test_er0.8__norm_original_radius,matched_er_4to1_chunk_18,90,GR,0.735631838328169,96
sign_test_er0.8__norm_original_radius,matched_er_4to1_chunk_18,90,IPC,0.38055254929591237,96
sign_test_er0.8__norm_original_radius,matched_er_4to1_chunk_18,90,KR,0.5457044114136269,96
sign_test_er0.8__norm_original_radius,matched_er_4to1_chunk_18,90,MC,0.3947316260924597,96
sign_test_er0.8__norm_original_radius,matched_er_4to1_chunk_18,91,GR,0.7466736581299671,96
sign_test_er0.8__norm_original_radius,matched_er_4to1_chunk_18,91,IPC,0.34176290402447423,96
sign_test_er0.8__norm_original_radius,matched_er_4to1_chunk_18,91,KR,0.5548363920493946,96
sign_test_er0.8__norm_original_radius,matched_er_4to1_chunk_18,91,MC,0.35769106671415146,96
sign_test_er0.8__norm_original_radius,matched_er_4to1_chunk_18,92,GR,0.7458856812610591,96
sign_test_er0.8__norm_original_radius,matched_er_4to1_chunk_18,92,IPC,0.3366720916630505,96
sign_test_er0.8__norm_original_radius,matched_er_4to1_chunk_18,92,KR,0.540110599118027,96
sign_test_er0.8__norm_original_radius,matched_er_4to1_chunk_18,92,MC,0.3678186264853997,96
sign_test_er0.8__norm_original_radius,matched_er_4to1_chunk_18,93,GR,0.7323307301697927,96
sign_test_er0.8__norm_original_radius,matched_er_4to1_chunk_18,93,IPC,0.34586098129554427,96
sign_test_er0.8__norm_original_radius,matched_er_4to1_chunk_18,93,KR,0.5265637314745845,96
sign_test_er0.8__norm_original_radius,matched_er_4to1_chunk_18,93,MC,0.3777798914026673,96
sign_test_er0.8__norm_original_radius,matched_er_4to1_chunk_18,94,GR,0.7300175629398686,96
sign_test_er0.8__norm_original_radius,matched_er_4to1_chunk_18,94,IPC,0.37990603697173086,96
sign_test_er0.8__norm_original_radius,matched_er_4to1_chunk_18,94,KR,0.5240337565831468,96
sign_test_er0.8__norm_original_radius,matched_er_4to1_chunk_18,94,MC,0.4074594348210571,96
sign_test_er0.8__norm_original_radius,matched_er_4to1_chunk_19,95,GR,0.750445630062783,96
sign_test_er0.8__norm_original_radius,matched_er_4to1_chunk_19,95,IPC,0.36536605760090163,96
sign_test_er0.8__norm_original_radius,matched_er_4to1_chunk_19,95,KR,0.5466847560407875,96
sign_test_er0.8__norm_original_radius,matched_er_4to1_chunk_19,95,MC,0.4117247174025155,96
sign_test_er0.8__norm_original_radius,matched_er_4to1_chunk_19,96,GR,0.7502163244923103,96
sign_test_er0.8__norm_original_radius,matched_er_4to1_chunk_19,96,IPC,0.39096527403475784,96
sign_test_er0.8__norm_original_radius,matched_er_4to1_chunk_19,96,KR,0.5666958884336002,96
sign_test_er0.8__norm_original_radius,matched_er_4to1_chunk_19,96,MC,0.3979883761773297,96
sign_test_er0.8__norm_original_radius,matched_er_4to1_chunk_19,97,GR,0.7403792727526594,96
sign_test_er0.8__norm_original_radius,matched_er_4to1_chunk_19,97,IPC,0.38991113658143695,96
sign_test_er0.8__norm_original_radius,matched_er_4to1_chunk_19,97,KR,0.551865462295963,96
sign_test_er0.8__norm_original_radius,matched_er_4to1_chunk_19,97,MC,0.40343202243047527,96
sign_test_er0.8__norm_original_radius,matched_er_4to1_chunk_19,98,GR,0.7386139474315053,96
sign_test_er0.8__norm_original_radius,matched_er_4to1_chunk_19,98,IPC,0.35689989299010694,96
sign_test_er0.8__norm_original_radius,matched_er_4to1_chunk_19,98,KR,0.5668236391865933,96
sign_test_er0.8__norm_original_radius,matched_er_4to1_chunk_19,98,MC,0.3815527126279152,96
sign_test_er0.8__norm_original_radius,matched_er_4to1_chunk_19,99,GR,0.7349165777693306,96
sign_test_er0.8__norm_original_radius,matched_er_4to1_chunk_19,99,IPC,0.36888155422911767,96
sign_test_er0.8__norm_original_radius,matched_er_4to1_chunk_19,99,KR,0.5267764385417819,96
sign_test_er0.8__norm_original_radius,matched_er_4to1_chunk_19,99,MC,0.3942151674693153,96
sign_test_er0.8__norm_original_radius,matched_er_4to1_chunk_2,10,GR,0.7601764637441176,96
sign_test_er0.8__norm_original_radius,matched_er_4to1_chunk_2,10,IPC,0.3694540305454185,96
sign_test_er0.8__norm_original_radius,matched_er_4to1_chunk_2,10,KR,0.5689117787056539,96
sign_test_er0.8__norm_original_radius,matched_er_4to1_chunk_2,10,MC,0.35780201004900875,96
sign_test_er0.8__norm_original_radius,matched_er_4to1_chunk_2,11,GR,0.7418292900983339,96
sign_test_er0.8__norm_original_radius,matched_er_4to1_chunk_2,11,IPC,0.35015563300515545,96
sign_test_er0.8__norm_original_radius,matched_er_4to1_chunk_2,11,KR,0.5468091391998658,96
sign_test_er0.8__norm_original_radius,matched_er_4to1_chunk_2,11,MC,0.3378719737897208,96
sign_test_er0.8__norm_original_radius,matched_er_4to1_chunk_2,12,GR,0.7475196842382941,96
sign_test_er0.8__norm_original_radius,matched_er_4to1_chunk_2,12,IPC,0.3706242604513785,96
sign_test_er0.8__norm_original_radius,matched_er_4to1_chunk_2,12,KR,0.5585950194118025,96
sign_test_er0.8__norm_original_radius,matched_er_4to1_chunk_2,12,MC,0.3813139130584204,96
sign_test_er0.8__norm_original_radius,matched_er_4to1_chunk_2,13,GR,0.789242263695257,96
sign_test_er0.8__norm_original_radius,matched_er_4to1_chunk_2,13,IPC,0.3748145980196807,96
sign_test_er0.8__norm_original_radius,matched_er_4to1_chunk_2,13,KR,0.5921159221731556,96
sign_test_er0.8__norm_original_radius,matched_er_4to1_chunk_2,13,MC,0.36432728644973095,96
sign_test_er0.8__norm_original_radius,matched_er_4to1_chunk_2,14,GR,0.7262925426930648,96
sign_test_er0.8__norm_original_radius,matched_er_4to1_chunk_2,14,IPC,0.39087940781847247,96
sign_test_er0.8__norm_original_radius,matched_er_4to1_chunk_2,14,KR,0.5185100003579959,96
sign_test_er0.8__norm_original_radius,matched_er_4to1_chunk_2,14,MC,0.3758974067367883,96
sign_test_er0.8__norm_original_radius,matched_er_4to1_chunk_3,15,GR,0.7257656345089623,96
sign_test_er0.8__norm_original_radius,matched_er_4to1_chunk_3,15,IPC,0.37535897023443643,96
sign_test_er0.8__norm_original_radius,matched_er_4to1_chunk_3,15,KR,0.5254586585858542,96
sign_test_er0.8__norm_original_radius,matched_er_4to1_chunk_3,15,MC,0.3756429053738083,96
sign_test_er0.8__norm_original_radius,matched_er_4to1_chunk_3,16,GR,0.7654770993654475,96
sign_test_er0.8__norm_original_radius,matched_er_4to1_chunk_3,16,IPC,0.3780122787012887,96
sign_test_er0.8__norm_original_radius,matched_er_4to1_chunk_3,16,KR,0.5762254551420236,96
sign_test_er0.8__norm_original_radius,matched_er_4to1_chunk_3,16,MC,0.3612595212146972,96
sign_test_er0.8__norm_original_radius,matched_er_4to1_chunk_3,17,GR,0.7131597258214012,96
sign_test_er0.8__norm_original_radius,matched_er_4to1_chunk_3,17,IPC,0.40329524866795957,96
sign_test_er0.8__norm_original_radius,matched_er_4to1_chunk_3,17,KR,0.5046903229762172,96
sign_test_er0.8__norm_original_radius,matched_er_4to1_chunk_3,17,MC,0.4281447193822996,96
sign_test_er0.8__norm_original_radius,matched_er_4to1_chunk_3,18,GR,0.7611179080653376,96
sign_test_er0.8__norm_original_radius,matched_er_4to1_chunk_3,18,IPC,0.38470253466702886,96
sign_test_er0.8__norm_original_radius,matched_er_4to1_chunk_3,18,KR,0.5763003580965148,96
sign_test_er0.8__norm_original_radius,matched_er_4to1_chunk_3,18,MC,0.3692080700098091,96
sign_test_er0.8__norm_original_radius,matched_er_4to1_chunk_3,19,GR,0.7637926491065735,96
sign_test_er0.8__norm_original_radius,matched_er_4to1_chunk_3,19,IPC,0.38524930172909266,96
sign_test_er0.8__norm_original_radius,matched_er_4to1_chunk_3,19,KR,0.573935502279368,96
sign_test_er0.8__norm_original_radius,matched_er_4to1_chunk_3,19,MC,0.3539701633144073,96
sign_test_er0.8__norm_original_radius,matched_er_4to1_chunk_4,20,GR,0.7193408662870139,96
sign_test_er0.8__norm_original_radius,matched_er_4to1_chunk_4,20,IPC,0.3888227923608844,96
sign_test_er0.8__norm_original_radius,matched_er_4to1_chunk_4,20,KR,0.5254744363401784,96
sign_test_er0.8__norm_original_radius,matched_er_4to1_chunk_4,20,MC,0.3916954036917149,96
sign_test_er0.8__norm_original_radius,matched_er_4to1_chunk_4,21,GR,0.7491337939263115,96
sign_test_er0.8__norm_original_radius,matched_er_4to1_chunk_4,21,IPC,0.39165538807403283,96
sign_test_er0.8__norm_original_radius,matched_er_4to1_chunk_4,21,KR,0.555912442022247,96
sign_test_er0.8__norm_original_radius,matched_er_4to1_chunk_4,21,MC,0.3809887565010178,96
sign_test_er0.8__norm_original_radius,matched_er_4to1_chunk_4,22,GR,0.7035109895229829,96
sign_test_er0.8__norm_original_radius,matched_er_4to1_chunk_4,22,IPC,0.3936618677137998,96
sign_test_er0.8__norm_original_radius,matched_er_4to1_chunk_4,22,KR,0.48903245164640435,96
sign_test_er0.8__norm_original_radius,matched_er_4to1_chunk_4,22,MC,0.3821197773083102,96
sign_test_er0.8__norm_original_radius,matched_er_4to1_chunk_4,23,GR,0.7493863711534691,96
sign_test_er0.8__norm_original_radius,matched_er_4to1_chunk_4,23,IPC,0.3902123065442216,96
sign_test_er0.8__norm_original_radius,matched_er_4to1_chunk_4,23,KR,0.5389781492244824,96
sign_test_er0.8__norm_original_radius,matched_er_4to1_chunk_4,23,MC,0.3591605705831951,96
sign_test_er0.8__norm_original_radius,matched_er_4to1_chunk_4,24,GR,0.7439451399794228,96
sign_test_er0.8__norm_original_radius,matched_er_4to1_chunk_4,24,IPC,0.4132645941222387,96
sign_test_er0.8__norm_original_radius,matched_er_4to1_chunk_4,24,KR,0.5463003808057508,96
sign_test_er0.8__norm_original_radius,matched_er_4to1_chunk_4,24,MC,0.400413551342218,96
sign_test_er0.8__norm_original_radius,matched_er_4to1_chunk_5,25,GR,0.7218256623244979,96
sign_test_er0.8__norm_original_radius,matched_er_4to1_chunk_5,25,IPC,0.40431912736558406,96
sign_test_er0.8__norm_original_radius,matched_er_4to1_chunk_5,25,KR,0.52308425345126,96
sign_test_er0.8__norm_original_radius,matched_er_4to1_chunk_5,25,MC,0.39150985775758074,96
sign_test_er0.8__norm_original_radius,matched_er_4to1_chunk_5,26,GR,0.7672768430632291,96
sign_test_er0.8__norm_original_radius,matched_er_4to1_chunk_5,26,IPC,0.38175682128959826,96
sign_test_er0.8__norm_original_radius,matched_er_4to1_chunk_5,26,KR,0.5815738102592365,96
sign_test_er0.8__norm_original_radius,matched_er_4to1_chunk_5,26,MC,0.35836122550271343,96
sign_test_er0.8__norm_original_radius,matched_er_4to1_chunk_5,27,GR,0.7080780287297622,96
sign_test_er0.8__norm_original_radius,matched_er_4to1_chunk_5,27,IPC,0.39160830452583484,96
sign_test_er0.8__norm_original_radius,matched_er_4to1_chunk_5,27,KR,0.5100521090719728,96
sign_test_er0.8__norm_original_radius,matched_er_4to1_chunk_5,27,MC,0.40046874118282755,96
sign_test_er0.8__norm_original_radius,matched_er_4to1_chunk_5,28,GR,0.7465352210280973,96
sign_test_er0.8__norm_original_radius,matched_er_4to1_chunk_5,28,IPC,0.3613863091343862,96
sign_test_er0.8__norm_original_radius,matched_er_4to1_chunk_5,28,KR,0.5513731633376565,96
sign_test_er0.8__norm_original_radius,matched_er_4to1_chunk_5,28,MC,0.36644954049456874,96
sign_test_er0.8__norm_original_radius,matched_er_4to1_chunk_5,29,GR,0.7413138573052369,96
sign_test_er0.8__norm_original_radius,matched_er_4to1_chunk_5,29,IPC,0.3803227472597127,96
sign_test_er0.8__norm_original_radius,matched_er_4to1_chunk_5,29,KR,0.5420408978785843,96
sign_test_er0.8__norm_original_radius,matched_er_4to1_chunk_5,29,MC,0.3774794655486791,96
sign_test_er0.8__norm_original_radius,matched_er_4to1_chunk_6,30,GR,0.7477927155513645,96
sign_test_er0.8__norm_original_radius,matched_er_4to1_chunk_6,30,IPC,0.394024983638381,96
sign_test_er0.8__norm_original_radius,matched_er_4to1_chunk_6,30,KR,0.5506564781826664,96
sign_test_er0.8__norm_original_radius,matched_er_4to1_chunk_6,30,MC,0.37679714981958173,96
sign_test_er0.8__norm_original_radius,matched_er_4to1_chunk_6,31,GR,0.7345542541219005,96
sign_test_er0.8__norm_original_radius,matched_er_4to1_chunk_6,31,IPC,0.3933771780541805,96
sign_test_er0.8__norm_original_radius,matched_er_4to1_chunk_6,31,KR,0.5195531125042995,96
sign_test_er0.8__norm_original_radius,matched_er_4to1_chunk_6,31,MC,0.3766312228494217,96
sign_test_er0.8__norm_original_radius,matched_er_4to1_chunk_6,32,GR,0.7913794272088998,96
sign_test_er0.8__norm_original_radius,matched_er_4to1_chunk_6,32,IPC,0.35813951656437176,96
sign_test_er0.8__norm_original_radius,matched_er_4to1_chunk_6,32,KR,0.6069909851409696,96
sign_test_er0.8__norm_original_radius,matched_er_4to1_chunk_6,32,MC,0.35291453136664336,96
sign_test_er0.8__norm_original_radius,matched_er_4to1_chunk_6,33,GR,0.7161573898613942,96
sign_test_er0.8__norm_original_radius,matched_er_4to1_chunk_6,33,IPC,0.3795522354041563,96
sign_test_er0.8__norm_original_radius,matched_er_4to1_chunk_6,33,KR,0.49482793718896123,96
sign_test_er0.8__norm_original_radius,matched_er_4to1_chunk_6,33,MC,0.3778746022898403,96
sign_test_er0.8__norm_original_radius,matched_er_4to1_chunk_6,34,GR,0.7375515636949824,96
sign_test_er0.8__norm_original_radius,matched_er_4to1_chunk_6,34,IPC,0.4079002316846715,96
sign_test_er0.8__norm_original_radius,matched_er_4to1_chunk_6,34,KR,0.5439206449149514,96
sign_test_er0.8__norm_original_radius,matched_er_4to1_chunk_6,34,MC,0.3905952279586379,96
sign_test_er0.8__norm_original_radius,matched_er_4to1_chunk_7,35,GR,0.7460999787018863,96
sign_test_er0.8__norm_original_radius,matched_er_4to1_chunk_7,35,IPC,0.36544785669799335,96
sign_test_er0.8__norm_original_radius,matched_er_4to1_chunk_7,35,KR,0.540607055334775,96
sign_test_er0.8__norm_original_radius,matched_er_4to1_chunk_7,35,MC,0.346213879809463,96
sign_test_er0.8__norm_original_radius,matched_er_4to1_chunk_7,36,GR,0.7820411900240635,96
sign_test_er0.8__norm_original_radius,matched_er_4to1_chunk_7,36,IPC,0.364135519464932,96
sign_test_er0.8__norm_original_radius,matched_er_4to1_chunk_7,36,KR,0.5946019600887242,96
sign_test_er0.8__norm_original_radius,matched_er_4to1_chunk_7,36,MC,0.3565762125798661,96
sign_test_er0.8__norm_original_radius,matched_er_4to1_chunk_7,37,GR,0.7325657465277569,96
sign_test_er0.8__norm_original_radius,matched_er_4to1_chunk_7,37,IPC,0.3819369148493441,96
sign_test_er0.8__norm_original_radius,matched_er_4to1_chunk_7,37,KR,0.5200950072661245,96
sign_test_er0.8__norm_original_radius,matched_er_4to1_chunk_7,37,MC,0.3580840688103946,96
sign_test_er0.8__norm_original_radius,matched_er_4to1_chunk_7,38,GR,0.7148855646401756,96
sign_test_er0.8__norm_original_radius,matched_er_4to1_chunk_7,38,IPC,0.3812668775518438,96
sign_test_er0.8__norm_original_radius,matched_er_4to1_chunk_7,38,KR,0.5177143767504461,96
sign_test_er0.8__norm_original_radius,matched_er_4to1_chunk_7,38,MC,0.39105398034095834,96
sign_test_er0.8__norm_original_radius,matched_er_4to1_chunk_7,39,GR,0.7374492596255371,96
sign_test_er0.8__norm_original_radius,matched_er_4to1_chunk_7,39,IPC,0.3915838574235047,96
sign_test_er0.8__norm_original_radius,matched_er_4to1_chunk_7,39,KR,0.5431795899247639,96
sign_test_er0.8__norm_original_radius,matched_er_4to1_chunk_7,39,MC,0.3903596197894359,96
sign_test_er0.8__norm_original_radius,matched_er_4to1_chunk_8,40,GR,0.7320091649895899,96
sign_test_er0.8__norm_original_radius,matched_er_4to1_chunk_8,40,IPC,0.38555360757496143,96
sign_test_er0.8__norm_original_radius,matched_er_4to1_chunk_8,40,KR,0.5353442704532738,96
sign_test_er0.8__norm_original_radius,matched_er_4to1_chunk_8,40,MC,0.39124393251131623,96
sign_test_er0.8__norm_original_radius,matched_er_4to1_chunk_8,41,GR,0.7033420888480975,96
sign_test_er0.8__norm_original_radius,matched_er_4to1_chunk_8,41,IPC,0.39562215671026674,96
sign_test_er0.8__norm_original_radius,matched_er_4to1_chunk_8,41,KR,0.49663892359896356,96
sign_test_er0.8__norm_original_radius,matched_er_4to1_chunk_8,41,MC,0.407096064396107,96
sign_test_er0.8__norm_original_radius,matched_er_4to1_chunk_8,42,GR,0.7140023937243,96
sign_test_er0.8__norm_original_radius,matched_er_4to1_chunk_8,42,IPC,0.3961401581169132,96
sign_test_er0.8__norm_original_radius,matched_er_4to1_chunk_8,42,KR,0.5166346503908107,96
sign_test_er0.8__norm_original_radius,matched_er_4to1_chunk_8,42,MC,0.3744378081133619,96
sign_test_er0.8__norm_original_radius,matched_er_4to1_chunk_8,43,GR,0.728525342007818,96
sign_test_er0.8__norm_original_radius,matched_er_4to1_chunk_8,43,IPC,0.3917170057689043,96
sign_test_er0.8__norm_original_radius,matched_er_4to1_chunk_8,43,KR,0.523706769121197,96
sign_test_er0.8__norm_original_radius,matched_er_4to1_chunk_8,43,MC,0.38926593628261863,96
sign_test_er0.8__norm_original_radius,matched_er_4to1_chunk_8,44,GR,0.7388188362563277,96
sign_test_er0.8__norm_original_radius,matched_er_4to1_chunk_8,44,IPC,0.3694447725394039,96
sign_test_er0.8__norm_original_radius,matched_er_4to1_chunk_8,44,KR,0.526876888994341,96
sign_test_er0.8__norm_original_radius,matched_er_4to1_chunk_8,44,MC,0.35830944622284455,96
sign_test_er0.8__norm_original_radius,matched_er_4to1_chunk_9,45,GR,0.7316173981196384,96
sign_test_er0.8__norm_original_radius,matched_er_4to1_chunk_9,45,IPC,0.3571571404423989,96
sign_test_er0.8__norm_original_radius,matched_er_4to1_chunk_9,45,KR,0.5332657444610507,96
sign_test_er0.8__norm_original_radius,matched_er_4to1_chunk_9,45,MC,0.36402047960920586,96
sign_test_er0.8__norm_original_radius,matched_er_4to1_chunk_9,46,GR,0.7694383721756337,96
sign_test_er0.8__norm_original_radius,matched_er_4to1_chunk_9,46,IPC,0.3650582289801321,96
sign_test_er0.8__norm_original_radius,matched_er_4to1_chunk_9,46,KR,0.5692886915453501,96
sign_test_er0.8__norm_original_radius,matched_er_4to1_chunk_9,46,MC,0.35690583610180404,96
sign_test_er0.8__norm_original_radius,matched_er_4to1_chunk_9,47,GR,0.8004705067589007,96
sign_test_er0.8__norm_original_radius,matched_er_4to1_chunk_9,47,IPC,0.35212858843082573,96
sign_test_er0.8__norm_original_radius,matched_er_4to1_chunk_9,47,KR,0.6145381907262611,96
sign_test_er0.8__norm_original_radius,matched_er_4to1_chunk_9,47,MC,0.33575330515333196,96
sign_test_er0.8__norm_original_radius,matched_er_4to1_chunk_9,48,GR,0.7552127750556586,96
sign_test_er0.8__norm_original_radius,matched_er_4to1_chunk_9,48,IPC,0.36256344303807136,96
sign_test_er0.8__norm_original_radius,matched_er_4to1_chunk_9,48,KR,0.5660676500021157,96
sign_test_er0.8__norm_original_radius,matched_er_4to1_chunk_9,48,MC,0.3707841158516687,96
sign_test_er0.8__norm_original_radius,matched_er_4to1_chunk_9,49,GR,0.7629424622904164,96
sign_test_er0.8__norm_original_radius,matched_er_4to1_chunk_9,49,IPC,0.3584834766931304,96
sign_test_er0.8__norm_original_radius,matched_er_4to1_chunk_9,49,KR,0.5710464446197575,96
sign_test_er0.8__norm_original_radius,matched_er_4to1_chunk_9,49,MC,0.3368263815782872,96
sign_test_er0.8__norm_spectral_radius,matched_er_4to1_chunk_0,0,GR,0.6874532333645067,96
sign_test_er0.8__norm_spectral_radius,matched_er_4to1_chunk_0,0,IPC,0.37902558218688526,96
sign_test_er0.8__norm_spectral_radius,matched_er_4to1_chunk_0,0,KR,0.46755357426837163,96
sign_test_er0.8__norm_spectral_radius,matched_er_4to1_chunk_0,0,MC,0.3723063297074532,96
sign_test_er0.8__norm_spectral_radius,matched_er_4to1_chunk_0,1,GR,0.6952946763069495,96
sign_test_er0.8__norm_spectral_radius,matched_er_4to1_chunk_0,1,IPC,0.36322580498916346,96
sign_test_er0.8__norm_spectral_radius,matched_er_4to1_chunk_0,1,KR,0.47046985383521744,96
sign_test_er0.8__norm_spectral_radius,matched_er_4to1_chunk_0,1,MC,0.3736255290747774,96
sign_test_er0.8__norm_spectral_radius,matched_er_4to1_chunk_0,2,GR,0.68205410730232,96
sign_test_er0.8__norm_spectral_radius,matched_er_4to1_chunk_0,2,IPC,0.3769891821063938,96
sign_test_er0.8__norm_spectral_radius,matched_er_4to1_chunk_0,2,KR,0.4611076392409696,96
sign_test_er0.8__norm_spectral_radius,matched_er_4to1_chunk_0,2,MC,0.37908469901007535,96
sign_test_er0.8__norm_spectral_radius,matched_er_4to1_chunk_0,3,GR,0.666234256674459,96
sign_test_er0.8__norm_spectral_radius,matched_er_4to1_chunk_0,3,IPC,0.3677538164431555,96
sign_test_er0.8__norm_spectral_radius,matched_er_4to1_chunk_0,3,KR,0.4466285818003145,96
sign_test_er0.8__norm_spectral_radius,matched_er_4to1_chunk_0,3,MC,0.3751509383435071,96
sign_test_er0.8__norm_spectral_radius,matched_er_4to1_chunk_0,4,GR,0.7098729242771141,96
sign_test_er0.8__norm_spectral_radius,matched_er_4to1_chunk_0,4,IPC,0.3800679615131802,96
sign_test_er0.8__norm_spectral_radius,matched_er_4to1_chunk_0,4,KR,0.5025125837885863,96
sign_test_er0.8__norm_spectral_radius,matched_er_4to1_chunk_0,4,MC,0.3896365897875108,96
sign_test_er0.8__norm_spectral_radius,matched_er_4to1_chunk_1,5,GR,0.7129969503682615,96
sign_test_er0.8__norm_spectral_radius,matched_er_4to1_chunk_1,5,IPC,0.34687950113522853,96
sign_test_er0.8__norm_spectral_radius,matched_er_4to1_chunk_1,5,KR,0.5010661407027746,96
sign_test_er0.8__norm_spectral_radius,matched_er_4to1_chunk_1,5,MC,0.3255649774450605,96
sign_test_er0.8__norm_spectral_radius,matched_er_4to1_chunk_1,6,GR,0.6888666046873667,96
sign_test_er0.8__norm_spectral_radius,matched_er_4to1_chunk_1,6,IPC,0.3138590217114904,96
sign_test_er0.8__norm_spectral_radius,matched_er_4to1_chunk_1,6,KR,0.4764564189789015,96
sign_test_er0.8__norm_spectral_radius,matched_er_4to1_chunk_1,6,MC,0.3333305668387344,96
sign_test_er0.8__norm_spectral_radius,matched_er_4to1_chunk_1,7,GR,0.6732241537772099,96
sign_test_er0.8__norm_spectral_radius,matched_er_4to1_chunk_1,7,IPC,0.39045243291939014,96
sign_test_er0.8__norm_spectral_radius,matched_er_4to1_chunk_1,7,KR,0.4527127565717359,96
sign_test_er0.8__norm_spectral_radius,matched_er_4to1_chunk_1,7,MC,0.38551967926320646,96
sign_test_er0.8__norm_spectral_radius,matched_er_4to1_chunk_1,8,GR,0.6808938096733179,96
sign_test_er0.8__norm_spectral_radius,matched_er_4to1_chunk_1,8,IPC,0.39203128475456456,96
sign_test_er0.8__norm_spectral_radius,matched_er_4to1_chunk_1,8,KR,0.4590991926990376,96
sign_test_er0.8__norm_spectral_radius,matched_er_4to1_chunk_1,8,MC,0.42524241284251585,96
sign_test_er0.8__norm_spectral_radius,matched_er_4to1_chunk_1,9,GR,0.6919969462430815,96
sign_test_er0.8__norm_spectral_radius,matched_er_4to1_chunk_1,9,IPC,0.4015876143538455,96
sign_test_er0.8__norm_spectral_radius,matched_er_4to1_chunk_1,9,KR,0.4676570883327381,96
sign_test_er0.8__norm_spectral_radius,matched_er_4to1_chunk_1,9,MC,0.419060423814393,96
sign_test_er0.8__norm_spectral_radius,matched_er_4to1_chunk_10,50,GR,0.7180615941745041,96
sign_test_er0.8__norm_spectral_radius,matched_er_4to1_chunk_10,50,IPC,0.3809201158127305,96
sign_test_er0.8__norm_spectral_radius,matched_er_4to1_chunk_10,50,KR,0.5151552796698378,96
sign_test_er0.8__norm_spectral_radius,matched_er_4to1_chunk_10,50,MC,0.3674651388989108,96
sign_test_er0.8__norm_spectral_radius,matched_er_4to1_chunk_10,51,GR,0.6758127058575344,96
sign_test_er0.8__norm_spectral_radius,matched_er_4to1_chunk_10,51,IPC,0.39602129650492807,96
sign_test_er0.8__norm_spectral_radius,matched_er_4to1_chunk_10,51,KR,0.4582011384806052,96
sign_test_er0.8__norm_spectral_radius,matched_er_4to1_chunk_10,51,MC,0.38406908210498664,96
sign_test_er0.8__norm_spectral_radius,matched_er_4to1_chunk_10,52,GR,0.6921882936479226,96
sign_test_er0.8__norm_spectral_radius,matched_er_4to1_chunk_10,52,IPC,0.3785818322662555,96
sign_test_er0.8__norm_spectral_radius,matched_er_4to1_chunk_10,52,KR,0.4732892269065239,96
sign_test_er0.8__norm_spectral_radius,matched_er_4to1_chunk_10,52,MC,0.399935918908593,96
sign_test_er0.8__norm_spectral_radius,matched_er_4to1_chunk_10,53,GR,0.72903710566951,96
sign_test_er0.8__norm_spectral_radius,matched_er_4to1_chunk_10,53,IPC,0.39763002012081977,96
sign_test_er0.8__norm_spectral_radius,matched_er_4to1_chunk_10,53,KR,0.5231646866588979,96
sign_test_er0.8__norm_spectral_radius,matched_er_4to1_chunk_10,53,MC,0.3670622669054602,96
sign_test_er0.8__norm_spectral_radius,matched_er_4to1_chunk_10,54,GR,0.7103362210791989,96
sign_test_er0.8__norm_spectral_radius,matched_er_4to1_chunk_10,54,IPC,0.35114994245344217,96
sign_test_er0.8__norm_spectral_radius,matched_er_4to1_chunk_10,54,KR,0.4864692374227449,96
sign_test_er0.8__norm_spectral_radius,matched_er_4to1_chunk_10,54,MC,0.36737536866618914,96
sign_test_er0.8__norm_spectral_radius,matched_er_4to1_chunk_11,55,GR,0.6770784070234172,96
sign_test_er0.8__norm_spectral_radius,matched_er_4to1_chunk_11,55,IPC,0.3920346866941667,96
sign_test_er0.8__norm_spectral_radius,matched_er_4to1_chunk_11,55,KR,0.45792886785594394,96
sign_test_er0.8__norm_spectral_radius,matched_er_4to1_chunk_11,55,MC,0.3908966465892458,96
sign_test_er0.8__norm_spectral_radius,matched_er_4to1_chunk_11,56,GR,0.7094470768970202,96
sign_test_er0.8__norm_spectral_radius,matched_er_4to1_chunk_11,56,IPC,0.36611592549018085,96
sign_test_er0.8__norm_spectral_radius,matched_er_4to1_chunk_11,56,KR,0.500721188544663,96
sign_test_er0.8__norm_spectral_radius,matched_er_4to1_chunk_11,56,MC,0.3588183433113065,96
sign_test_er0.8__norm_spectral_radius,matched_er_4to1_chunk_11,57,GR,0.6915674224801394,96
sign_test_er0.8__norm_spectral_radius,matched_er_4to1_chunk_11,57,IPC,0.3991685639137787,96
sign_test_er0.8__norm_spectral_radius,matched_er_4to1_chunk_11,57,KR,0.4780845953153592,96
sign_test_er0.8__norm_spectral_radius,matched_er_4to1_chunk_11,57,MC,0.4098510600792109,96
sign_test_er0.8__norm_spectral_radius,matched_er_4to1_chunk_11,58,GR,0.692589332872968,96
sign_test_er0.8__norm_spectral_radius,matched_er_4to1_chunk_11,58,IPC,0.3907006315579507,96
sign_test_er0.8__norm_spectral_radius,matched_er_4to1_chunk_11,58,KR,0.4822805374261076,96
sign_test_er0.8__norm_spectral_radius,matched_er_4to1_chunk_11,58,MC,0.3882207526777692,96
sign_test_er0.8__norm_spectral_radius,matched_er_4to1_chunk_11,59,GR,0.6790566891990478,96
sign_test_er0.8__norm_spectral_radius,matched_er_4to1_chunk_11,59,IPC,0.3692372966165664,96
sign_test_er0.8__norm_spectral_radius,matched_er_4to1_chunk_11,59,KR,0.4511986165634833,96
sign_test_er0.8__norm_spectral_radius,matched_er_4to1_chunk_11,59,MC,0.3924251039605266,96
sign_test_er0.8__norm_spectral_radius,matched_er_4to1_chunk_12,60,GR,0.687723691434918,96
sign_test_er0.8__norm_spectral_radius,matched_er_4to1_chunk_12,60,IPC,0.39142190792815046,96
sign_test_er0.8__norm_spectral_radius,matched_er_4to1_chunk_12,60,KR,0.47351786986976774,96
sign_test_er0.8__norm_spectral_radius,matched_er_4to1_chunk_12,60,MC,0.4126055867013023,96
sign_test_er0.8__norm_spectral_radius,matched_er_4to1_chunk_12,61,GR,0.6980828406077207,96
sign_test_er0.8__norm_spectral_radius,matched_er_4to1_chunk_12,61,IPC,0.3595737251751153,96
sign_test_er0.8__norm_spectral_radius,matched_er_4to1_chunk_12,61,KR,0.5034554540047501,96
sign_test_er0.8__norm_spectral_radius,matched_er_4to1_chunk_12,61,MC,0.33623289042845966,96
sign_test_er0.8__norm_spectral_radius,matched_er_4to1_chunk_12,62,GR,0.7038541514273822,96
sign_test_er0.8__norm_spectral_radius,matched_er_4to1_chunk_12,62,IPC,0.3666611399225676,96
sign_test_er0.8__norm_spectral_radius,matched_er_4to1_chunk_12,62,KR,0.48845270432245597,96
sign_test_er0.8__norm_spectral_radius,matched_er_4to1_chunk_12,62,MC,0.36428202118759323,96
sign_test_er0.8__norm_spectral_radius,matched_er_4to1_chunk_12,63,GR,0.6773858170629329,96
sign_test_er0.8__norm_spectral_radius,matched_er_4to1_chunk_12,63,IPC,0.3689943012849267,96
sign_test_er0.8__norm_spectral_radius,matched_er_4to1_chunk_12,63,KR,0.449814921212381,96
sign_test_er0.8__norm_spectral_radius,matched_er_4to1_chunk_12,63,MC,0.376234468021042,96
sign_test_er0.8__norm_spectral_radius,matched_er_4to1_chunk_12,64,GR,0.6906626950322073,96
sign_test_er0.8__norm_spectral_radius,matched_er_4to1_chunk_12,64,IPC,0.37952979119104896,96
sign_test_er0.8__norm_spectral_radius,matched_er_4to1_chunk_12,64,KR,0.48023173170510636,96
sign_test_er0.8__norm_spectral_radius,matched_er_4to1_chunk_12,64,MC,0.3801419710462821,96
sign_test_er0.8__norm_spectral_radius,matched_er_4to1_chunk_13,65,GR,0.6913966848170572,96
sign_test_er0.8__norm_spectral_radius,matched_er_4to1_chunk_13,65,IPC,0.4093272009896609,96
sign_test_er0.8__norm_spectral_radius,matched_er_4to1_chunk_13,65,KR,0.48178492140630036,96
sign_test_er0.8__norm_spectral_radius,matched_er_4to1_chunk_13,65,MC,0.40763746397620554,96
sign_test_er0.8__norm_spectral_radius,matched_er_4to1_chunk_13,66,GR,0.671582517114745,96
sign_test_er0.8__norm_spectral_radius,matched_er_4to1_chunk_13,66,IPC,0.3894624714889894,96
sign_test_er0.8__norm_spectral_radius,matched_er_4to1_chunk_13,66,KR,0.44899217637486283,96
sign_test_er0.8__norm_spectral_radius,matched_er_4to1_chunk_13,66,MC,0.39643586935712705,96
sign_test_er0.8__norm_spectral_radius,matched_er_4to1_chunk_13,67,GR,0.6820555981165961,96
sign_test_er0.8__norm_spectral_radius,matched_er_4to1_chunk_13,67,IPC,0.3813074932576155,96
sign_test_er0.8__norm_spectral_radius,matched_er_4to1_chunk_13,67,KR,0.4648327017415852,96
sign_test_er0.8__norm_spectral_radius,matched_er_4to1_chunk_13,67,MC,0.39785733849618415,96
sign_test_er0.8__norm_spectral_radius,matched_er_4to1_chunk_13,68,GR,0.7014821026771254,96
sign_test_er0.8__norm_spectral_radius,matched_er_4to1_chunk_13,68,IPC,0.34476329319522697,96
sign_test_er0.8__norm_spectral_radius,matched_er_4to1_chunk_13,68,KR,0.48739010056482673,96
sign_test_er0.8__norm_spectral_radius,matched_er_4to1_chunk_13,68,MC,0.3439663781692435,96
sign_test_er0.8__norm_spectral_radius,matched_er_4to1_chunk_13,69,GR,0.6907858993951043,96
sign_test_er0.8__norm_spectral_radius,matched_er_4to1_chunk_13,69,IPC,0.3700934258653929,96
sign_test_er0.8__norm_spectral_radius,matched_er_4to1_chunk_13,69,KR,0.4915087704927678,96
sign_test_er0.8__norm_spectral_radius,matched_er_4to1_chunk_13,69,MC,0.3821920638232423,96
sign_test_er0.8__norm_spectral_radius,matched_er_4to1_chunk_14,70,GR,0.6792439145965398,96
sign_test_er0.8__norm_spectral_radius,matched_er_4to1_chunk_14,70,IPC,0.38339645634879416,96
sign_test_er0.8__norm_spectral_radius,matched_er_4to1_chunk_14,70,KR,0.459881912936014,96
sign_test_er0.8__norm_spectral_radius,matched_er_4to1_chunk_14,70,MC,0.39579764744615803,96
sign_test_er0.8__norm_spectral_radius,matched_er_4to1_chunk_14,71,GR,0.7032482023891766,96
sign_test_er0.8__norm_spectral_radius,matched_er_4to1_chunk_14,71,IPC,0.34562672158216895,96
sign_test_er0.8__norm_spectral_radius,matched_er_4to1_chunk_14,71,KR,0.48567308699695216,96
sign_test_er0.8__norm_spectral_radius,matched_er_4to1_chunk_14,71,MC,0.3562998824573536,96
sign_test_er0.8__norm_spectral_radius,matched_er_4to1_chunk_14,72,GR,0.6951426700342527,96
sign_test_er0.8__norm_spectral_radius,matched_er_4to1_chunk_14,72,IPC,0.3570200828082268,96
sign_test_er0.8__norm_spectral_radius,matched_er_4to1_chunk_14,72,KR,0.46889541033361165,96
sign_test_er0.8__norm_spectral_radius,matched_er_4to1_chunk_14,72,MC,0.35969257996604787,96
sign_test_er0.8__norm_spectral_radius,matched_er_4to1_chunk_14,73,GR,0.6811654151652186,96
sign_test_er0.8__norm_spectral_radius,matched_er_4to1_chunk_14,73,IPC,0.37180035172028025,96
sign_test_er0.8__norm_spectral_radius,matched_er_4to1_chunk_14,73,KR,0.4680337883830765,96
sign_test_er0.8__norm_spectral_radius,matched_er_4to1_chunk_14,73,MC,0.37314468995167355,96
sign_test_er0.8__norm_spectral_radius,matched_er_4to1_chunk_14,74,GR,0.7054545616012484,96
sign_test_er0.8__norm_spectral_radius,matched_er_4to1_chunk_14,74,IPC,0.3996094912090985,96
sign_test_er0.8__norm_spectral_radius,matched_er_4to1_chunk_14,74,KR,0.4805624012587214,96
sign_test_er0.8__norm_spectral_radius,matched_er_4to1_chunk_14,74,MC,0.3957446277276473,96
sign_test_er0.8__norm_spectral_radius,matched_er_4to1_chunk_15,75,GR,0.6808900959384282,96
sign_test_er0.8__norm_spectral_radius,matched_er_4to1_chunk_15,75,IPC,0.390013109212344,96
sign_test_er0.8__norm_spectral_radius,matched_er_4to1_chunk_15,75,KR,0.45098741271440207,96
sign_test_er0.8__norm_spectral_radius,matched_er_4to1_chunk_15,75,MC,0.39611441518581764,96
sign_test_er0.8__norm_spectral_radius,matched_er_4to1_chunk_15,76,GR,0.687986644333252,96
sign_test_er0.8__norm_spectral_radius,matched_er_4to1_chunk_15,76,IPC,0.37913027561223245,96
sign_test_er0.8__norm_spectral_radius,matched_er_4to1_chunk_15,76,KR,0.47152736199519574,96
sign_test_er0.8__norm_spectral_radius,matched_er_4to1_chunk_15,76,MC,0.37230682337766136,96
sign_test_er0.8__norm_spectral_radius,matched_er_4to1_chunk_15,77,GR,0.7094457805099383,96
sign_test_er0.8__norm_spectral_radius,matched_er_4to1_chunk_15,77,IPC,0.38711508562739916,96
sign_test_er0.8__norm_spectral_radius,matched_er_4to1_chunk_15,77,KR,0.4998349525560709,96
sign_test_er0.8__norm_spectral_radius,matched_er_4to1_chunk_15,77,MC,0.38543847925892716,96
sign_test_er0.8__norm_spectral_radius,matched_er_4to1_chunk_15,78,GR,0.6941654841126472,96
sign_test_er0.8__norm_spectral_radius,matched_er_4to1_chunk_15,78,IPC,0.36098747903033507,96
sign_test_er0.8__norm_spectral_radius,matched_er_4to1_chunk_15,78,KR,0.4805730109011318,96
sign_test_er0.8__norm_spectral_radius,matched_er_4to1_chunk_15,78,MC,0.36957469537695686,96
sign_test_er0.8__norm_spectral_radius,matched_er_4to1_chunk_15,79,GR,0.7117090597360868,96
sign_test_er0.8__norm_spectral_radius,matched_er_4to1_chunk_15,79,IPC,0.3797233274380202,96
sign_test_er0.8__norm_spectral_radius,matched_er_4to1_chunk_15,79,KR,0.4983703880581238,96
sign_test_er0.8__norm_spectral_radius,matched_er_4to1_chunk_15,79,MC,0.3751611004375215,96
sign_test_er0.8__norm_spectral_radius,matched_er_4to1_chunk_16,80,GR,0.6999180419496526,96
sign_test_er0.8__norm_spectral_radius,matched_er_4to1_chunk_16,80,IPC,0.30582434588397206,96
sign_test_er0.8__norm_spectral_radius,matched_er_4to1_chunk_16,80,KR,0.4858302031557142,96
sign_test_er0.8__norm_spectral_radius,matched_er_4to1_chunk_16,80,MC,0.3518745229071893,96
sign_test_er0.8__norm_spectral_radius,matched_er_4to1_chunk_16,81,GR,0.6977024749428178,96
sign_test_er0.8__norm_spectral_radius,matched_er_4to1_chunk_16,81,IPC,0.3373745291104796,96
sign_test_er0.8__norm_spectral_radius,matched_er_4to1_chunk_16,81,KR,0.4825783924234479,96
sign_test_er0.8__norm_spectral_radius,matched_er_4to1_chunk_16,81,MC,0.39135357130212767,96
sign_test_er0.8__norm_spectral_radius,matched_er_4to1_chunk_16,82,GR,0.68479452777182,96
sign_test_er0.8__norm_spectral_radius,matched_er_4to1_chunk_16,82,IPC,0.3741238556645126,96
sign_test_er0.8__norm_spectral_radius,matched_er_4to1_chunk_16,82,KR,0.47622791762334904,96
sign_test_er0.8__norm_spectral_radius,matched_er_4to1_chunk_16,82,MC,0.4295975841169747,96
sign_test_er0.8__norm_spectral_radius,matched_er_4to1_chunk_16,83,GR,0.7154399320579997,96
sign_test_er0.8__norm_spectral_radius,matched_er_4to1_chunk_16,83,IPC,0.3684588883633897,96
sign_test_er0.8__norm_spectral_radius,matched_er_4to1_chunk_16,83,KR,0.4924333335373078,96
sign_test_er0.8__norm_spectral_radius,matched_er_4to1_chunk_16,83,MC,0.43115822441614177,96
sign_test_er0.8__norm_spectral_radius,matched_er_4to1_chunk_16,84,GR,0.7058157969949608,96
sign_test_er0.8__norm_spectral_radius,matched_er_4to1_chunk_16,84,IPC,0.34808439896046883,96
sign_test_er0.8__norm_spectral_radius,matched_er_4to1_chunk_16,84,KR,0.49597470638825286,96
sign_test_er0.8__norm_spectral_radius,matched_er_4to1_chunk_16,84,MC,0.38738992284436263,96
sign_test_er0.8__norm_spectral_radius,matched_er_4to1_chunk_17,85,GR,0.703209940230067,96
sign_test_er0.8__norm_spectral_radius,matched_er_4to1_chunk_17,85,IPC,0.3561769957084008,96
sign_test_er0.8__norm_spectral_radius,matched_er_4to1_chunk_17,85,KR,0.48512888105791463,96
sign_test_er0.8__norm_spectral_radius,matched_er_4to1_chunk_17,85,MC,0.4145053765837607,96
sign_test_er0.8__norm_spectral_radius,matched_er_4to1_chunk_17,86,GR,0.688234335632097,96
sign_test_er0.8__norm_spectral_radius,matched_er_4to1_chunk_17,86,IPC,0.3778834886097494,96
sign_test_er0.8__norm_spectral_radius,matched_er_4to1_chunk_17,86,KR,0.4620682686089022,96
sign_test_er0.8__norm_spectral_radius,matched_er_4to1_chunk_17,86,MC,0.40656744540290696,96
sign_test_er0.8__norm_spectral_radius,matched_er_4to1_chunk_17,87,GR,0.6897571351995341,96
sign_test_er0.8__norm_spectral_radius,matched_er_4to1_chunk_17,87,IPC,0.3654246461971368,96
sign_test_er0.8__norm_spectral_radius,matched_er_4to1_chunk_17,87,KR,0.47674117176029457,96
sign_test_er0.8__norm_spectral_radius,matched_er_4to1_chunk_17,87,MC,0.41618125418291335,96
sign_test_er0.8__norm_spectral_radius,matched_er_4to1_chunk_17,88,GR,0.6811732280513577,96
sign_test_er0.8__norm_spectral_radius,matched_er_4to1_chunk_17,88,IPC,0.35935109628647544,96
sign_test_er0.8__norm_spectral_radius,matched_er_4to1_chunk_17,88,KR,0.46900053480765785,96
sign_test_er0.8__norm_spectral_radius,matched_er_4to1_chunk_17,88,MC,0.42482502587842585,96
sign_test_er0.8__norm_spectral_radius,matched_er_4to1_chunk_17,89,GR,0.6836844460883169,96
sign_test_er0.8__norm_spectral_radius,matched_er_4to1_chunk_17,89,IPC,0.3410414457183826,96
sign_test_er0.8__norm_spectral_radius,matched_er_4to1_chunk_17,89,KR,0.4653080044294976,96
sign_test_er0.8__norm_spectral_radius,matched_er_4to1_chunk_17,89,MC,0.3866476439432155,96
sign_test_er0.8__norm_spectral_radius,matched_er_4to1_chunk_18,90,GR,0.7112603741092176,96
sign_test_er0.8__norm_spectral_radius,matched_er_4to1_chunk_18,90,IPC,0.35479788802878365,96
sign_test_er0.8__norm_spectral_radius,matched_er_4to1_chunk_18,90,KR,0.5096649034580458,96
sign_test_er0.8__norm_spectral_radius,matched_er_4to1_chunk_18,90,MC,0.3814155924440995,96
sign_test_er0.8__norm_spectral_radius,matched_er_4to1_chunk_18,91,GR,0.6911537145643213,96
sign_test_er0.8__norm_spectral_radius,matched_er_4to1_chunk_18,91,IPC,0.32360556360440856,96
sign_test_er0.8__norm_spectral_radius,matched_er_4to1_chunk_18,91,KR,0.48216947715717434,96
sign_test_er0.8__norm_spectral_radius,matched_er_4to1_chunk_18,91,MC,0.37043898739962744,96
sign_test_er0.8__norm_spectral_radius,matched_er_4to1_chunk_18,92,GR,0.7007998281029321,96
sign_test_er0.8__norm_spectral_radius,matched_er_4to1_chunk_18,92,IPC,0.33119301819675123,96
sign_test_er0.8__norm_spectral_radius,matched_er_4to1_chunk_18,92,KR,0.4826335740621388,96
sign_test_er0.8__norm_spectral_radius,matched_er_4to1_chunk_18,92,MC,0.37275112868129295,96
sign_test_er0.8__norm_spectral_radius,matched_er_4to1_chunk_18,93,GR,0.688060287409531,96
sign_test_er0.8__norm_spectral_radius,matched_er_4to1_chunk_18,93,IPC,0.3059820767933018,96
sign_test_er0.8__norm_spectral_radius,matched_er_4to1_chunk_18,93,KR,0.46891283813650786,96
sign_test_er0.8__norm_spectral_radius,matched_er_4to1_chunk_18,93,MC,0.37585911103612085,96
sign_test_er0.8__norm_spectral_radius,matched_er_4to1_chunk_18,94,GR,0.6796527171568469,96
sign_test_er0.8__norm_spectral_radius,matched_er_4to1_chunk_18,94,IPC,0.3435842997142631,96
sign_test_er0.8__norm_spectral_radius,matched_er_4to1_chunk_18,94,KR,0.45963140236734173,96
sign_test_er0.8__norm_spectral_radius,matched_er_4to1_chunk_18,94,MC,0.39913514030982433,96
sign_test_er0.8__norm_spectral_radius,matched_er_4to1_chunk_19,95,GR,0.6902734263073942,96
sign_test_er0.8__norm_spectral_radius,matched_er_4to1_chunk_19,95,IPC,0.33991951805627973,96
sign_test_er0.8__norm_spectral_radius,matched_er_4to1_chunk_19,95,KR,0.471776902589904,96
sign_test_er0.8__norm_spectral_radius,matched_er_4to1_chunk_19,95,MC,0.4032634382796497,96
sign_test_er0.8__norm_spectral_radius,matched_er_4to1_chunk_19,96,GR,0.7061261212447569,96
sign_test_er0.8__norm_spectral_radius,matched_er_4to1_chunk_19,96,IPC,0.38154372610952003,96
sign_test_er0.8__norm_spectral_radius,matched_er_4to1_chunk_19,96,KR,0.5014359274223945,96
sign_test_er0.8__norm_spectral_radius,matched_er_4to1_chunk_19,96,MC,0.40614198467461254,96
sign_test_er0.8__norm_spectral_radius,matched_er_4to1_chunk_19,97,GR,0.7092415647300578,96
sign_test_er0.8__norm_spectral_radius,matched_er_4to1_chunk_19,97,IPC,0.3936857891394362,96
sign_test_er0.8__norm_spectral_radius,matched_er_4to1_chunk_19,97,KR,0.5054178720538397,96
sign_test_er0.8__norm_spectral_radius,matched_er_4to1_chunk_19,97,MC,0.40045203050995853,96
sign_test_er0.8__norm_spectral_radius,matched_er_4to1_chunk_19,98,GR,0.6954935799158384,96
sign_test_er0.8__norm_spectral_radius,matched_er_4to1_chunk_19,98,IPC,0.35362468200896735,96
sign_test_er0.8__norm_spectral_radius,matched_er_4to1_chunk_19,98,KR,0.49480766327759335,96
sign_test_er0.8__norm_spectral_radius,matched_er_4to1_chunk_19,98,MC,0.3967566364372934,96
sign_test_er0.8__norm_spectral_radius,matched_er_4to1_chunk_19,99,GR,0.6845366470923424,96
sign_test_er0.8__norm_spectral_radius,matched_er_4to1_chunk_19,99,IPC,0.347091202818785,96
sign_test_er0.8__norm_spectral_radius,matched_er_4to1_chunk_19,99,KR,0.4641078896034237,96
sign_test_er0.8__norm_spectral_radius,matched_er_4to1_chunk_19,99,MC,0.38277564087230753,96
sign_test_er0.8__norm_spectral_radius,matched_er_4to1_chunk_2,10,GR,0.715310648429151,96
sign_test_er0.8__norm_spectral_radius,matched_er_4to1_chunk_2,10,IPC,0.3656955039077486,96
sign_test_er0.8__norm_spectral_radius,matched_er_4to1_chunk_2,10,KR,0.5001791909244359,96
sign_test_er0.8__norm_spectral_radius,matched_er_4to1_chunk_2,10,MC,0.3558212728079925,96
sign_test_er0.8__norm_spectral_radius,matched_er_4to1_chunk_2,11,GR,0.7000475260436952,96
sign_test_er0.8__norm_spectral_radius,matched_er_4to1_chunk_2,11,IPC,0.3552318581462305,96
sign_test_er0.8__norm_spectral_radius,matched_er_4to1_chunk_2,11,KR,0.4913522072824909,96
sign_test_er0.8__norm_spectral_radius,matched_er_4to1_chunk_2,11,MC,0.3474265687663849,96
sign_test_er0.8__norm_spectral_radius,matched_er_4to1_chunk_2,12,GR,0.7169621794217861,96
sign_test_er0.8__norm_spectral_radius,matched_er_4to1_chunk_2,12,IPC,0.3796583891139057,96
sign_test_er0.8__norm_spectral_radius,matched_er_4to1_chunk_2,12,KR,0.5132395392503938,96
sign_test_er0.8__norm_spectral_radius,matched_er_4to1_chunk_2,12,MC,0.374897887848253,96
sign_test_er0.8__norm_spectral_radius,matched_er_4to1_chunk_2,13,GR,0.7396401471423514,96
sign_test_er0.8__norm_spectral_radius,matched_er_4to1_chunk_2,13,IPC,0.38097323412943496,96
sign_test_er0.8__norm_spectral_radius,matched_er_4to1_chunk_2,13,KR,0.5266244906834396,96
sign_test_er0.8__norm_spectral_radius,matched_er_4to1_chunk_2,13,MC,0.3726118203286127,96
sign_test_er0.8__norm_spectral_radius,matched_er_4to1_chunk_2,14,GR,0.6721842004778336,96
sign_test_er0.8__norm_spectral_radius,matched_er_4to1_chunk_2,14,IPC,0.3727555624388428,96
sign_test_er0.8__norm_spectral_radius,matched_er_4to1_chunk_2,14,KR,0.45230261502181945,96
sign_test_er0.8__norm_spectral_radius,matched_er_4to1_chunk_2,14,MC,0.37942099784979844,96
sign_test_er0.8__norm_spectral_radius,matched_er_4to1_chunk_3,15,GR,0.6836588163172753,96
sign_test_er0.8__norm_spectral_radius,matched_er_4to1_chunk_3,15,IPC,0.338879444883824,96
sign_test_er0.8__norm_spectral_radius,matched_er_4to1_chunk_3,15,KR,0.4619818137828299,96
sign_test_er0.8__norm_spectral_radius,matched_er_4to1_chunk_3,15,MC,0.3720948536670332,96
sign_test_er0.8__norm_spectral_radius,matched_er_4to1_chunk_3,16,GR,0.725670239963121,96
sign_test_er0.8__norm_spectral_radius,matched_er_4to1_chunk_3,16,IPC,0.3712876145193806,96
sign_test_er0.8__norm_spectral_radius,matched_er_4to1_chunk_3,16,KR,0.5116656895754195,96
sign_test_er0.8__norm_spectral_radius,matched_er_4to1_chunk_3,16,MC,0.3653126433191154,96
sign_test_er0.8__norm_spectral_radius,matched_er_4to1_chunk_3,17,GR,0.6922799011842458,96
sign_test_er0.8__norm_spectral_radius,matched_er_4to1_chunk_3,17,IPC,0.3940862743140861,96
sign_test_er0.8__norm_spectral_radius,matched_er_4to1_chunk_3,17,KR,0.4705604518022258,96
sign_test_er0.8__norm_spectral_radius,matched_er_4to1_chunk_3,17,MC,0.4286917011555495,96
sign_test_er0.8__norm_spectral_radius,matched_er_4to1_chunk_3,18,GR,0.7199189059440411,96
sign_test_er0.8__norm_spectral_radius,matched_er_4to1_chunk_3,18,IPC,0.36346767302270044,96
sign_test_er0.8__norm_spectral_radius,matched_er_4to1_chunk_3,18,KR,0.519604463767027,96
sign_test_er0.8__norm_spectral_radius,matched_er_4to1_chunk_3,18,MC,0.36261553444627814,96
sign_test_er0.8__norm_spectral_radius,matched_er_4to1_chunk_3,19,GR,0.7017056653867726,96
sign_test_er0.8__norm_spectral_radius,matched_er_4to1_chunk_3,19,IPC,0.35576073607917064,96
sign_test_er0.8__norm_spectral_radius,matched_er_4to1_chunk_3,19,KR,0.4929353841930468,96
sign_test_er0.8__norm_spectral_radius,matched_er_4to1_chunk_3,19,MC,0.34573455919576074,96
sign_test_er0.8__norm_spectral_radius,matched_er_4to1_chunk_4,20,GR,0.6917590356721102,96
sign_test_er0.8__norm_spectral_radius,matched_er_4to1_chunk_4,20,IPC,0.3948262097239401,96
sign_test_er0.8__norm_spectral_radius,matched_er_4to1_chunk_4,20,KR,0.4797970376972046,96
sign_test_er0.8__norm_spectral_radius,matched_er_4to1_chunk_4,20,MC,0.38779629721189157,96
sign_test_er0.8__norm_spectral_radius,matched_er_4to1_chunk_4,21,GR,0.6991972795099648,96
sign_test_er0.8__norm_spectral_radius,matched_er_4to1_chunk_4,21,IPC,0.37908988027726487,96
sign_test_er0.8__norm_spectral_radius,matched_er_4to1_chunk_4,21,KR,0.4864863852568703,96
sign_test_er0.8__norm_spectral_radius,matched_er_4to1_chunk_4,21,MC,0.3865204909073892,96
sign_test_er0.8__norm_spectral_radius,matched_er_4to1_chunk_4,22,GR,0.6859338395085217,96
sign_test_er0.8__norm_spectral_radius,matched_er_4to1_chunk_4,22,IPC,0.3833354836689559,96
sign_test_er0.8__norm_spectral_radius,matched_er_4to1_chunk_4,22,KR,0.46152845175517104,96
sign_test_er0.8__norm_spectral_radius,matched_er_4to1_chunk_4,22,MC,0.38948687492463197,96
sign_test_er0.8__norm_spectral_radius,matched_er_4to1_chunk_4,23,GR,0.6815649227246978,96
sign_test_er0.8__norm_spectral_radius,matched_er_4to1_chunk_4,23,IPC,0.32952908843993267,96
sign_test_er0.8__norm_spectral_radius,matched_er_4to1_chunk_4,23,KR,0.45756466213733993,96
sign_test_er0.8__norm_spectral_radius,matched_er_4to1_chunk_4,23,MC,0.3480310935031107,96
sign_test_er0.8__norm_spectral_radius,matched_er_4to1_chunk_4,24,GR,0.6935409876817452,96
sign_test_er0.8__norm_spectral_radius,matched_er_4to1_chunk_4,24,IPC,0.38697868219360687,96
sign_test_er0.8__norm_spectral_radius,matched_er_4to1_chunk_4,24,KR,0.4723581868066156,96
sign_test_er0.8__norm_spectral_radius,matched_er_4to1_chunk_4,24,MC,0.39027050764183385,96
sign_test_er0.8__norm_spectral_radius,matched_er_4to1_chunk_5,25,GR,0.6933087234206562,96
sign_test_er0.8__norm_spectral_radius,matched_er_4to1_chunk_5,25,IPC,0.3929330887775025,96
sign_test_er0.8__norm_spectral_radius,matched_er_4to1_chunk_5,25,KR,0.477842037531986,96
sign_test_er0.8__norm_spectral_radius,matched_er_4to1_chunk_5,25,MC,0.3820255200117617,96
sign_test_er0.8__norm_spectral_radius,matched_er_4to1_chunk_5,26,GR,0.7183748536474847,96
sign_test_er0.8__norm_spectral_radius,matched_er_4to1_chunk_5,26,IPC,0.36408285848256994,96
sign_test_er0.8__norm_spectral_radius,matched_er_4to1_chunk_5,26,KR,0.5118304815272211,96
sign_test_er0.8__norm_spectral_radius,matched_er_4to1_chunk_5,26,MC,0.36604643386801944,96
sign_test_er0.8__norm_spectral_radius,matched_er_4to1_chunk_5,27,GR,0.6774896545782533,96
sign_test_er0.8__norm_spectral_radius,matched_er_4to1_chunk_5,27,IPC,0.4097622170304157,96
sign_test_er0.8__norm_spectral_radius,matched_er_4to1_chunk_5,27,KR,0.4544294296643817,96
sign_test_er0.8__norm_spectral_radius,matched_er_4to1_chunk_5,27,MC,0.4161454732900302,96
sign_test_er0.8__norm_spectral_radius,matched_er_4to1_chunk_5,28,GR,0.7061590171314889,96
sign_test_er0.8__norm_spectral_radius,matched_er_4to1_chunk_5,28,IPC,0.33423967110285296,96
sign_test_er0.8__norm_spectral_radius,matched_er_4to1_chunk_5,28,KR,0.4889134639617286,96
sign_test_er0.8__norm_spectral_radius,matched_er_4to1_chunk_5,28,MC,0.349226267853485,96
sign_test_er0.8__norm_spectral_radius,matched_er_4to1_chunk_5,29,GR,0.6761063505803261,96
sign_test_er0.8__norm_spectral_radius,matched_er_4to1_chunk_5,29,IPC,0.37964632669927684,96
sign_test_er0.8__norm_spectral_radius,matched_er_4to1_chunk_5,29,KR,0.4596884520368878,96
sign_test_er0.8__norm_spectral_radius,matched_er_4to1_chunk_5,29,MC,0.3902061364871229,96
sign_test_er0.8__norm_spectral_radius,matched_er_4to1_chunk_6,30,GR,0.7140880551845353,96
sign_test_er0.8__norm_spectral_radius,matched_er_4to1_chunk_6,30,IPC,0.36893993231610617,96
sign_test_er0.8__norm_spectral_radius,matched_er_4to1_chunk_6,30,KR,0.5027261757249079,96
sign_test_er0.8__norm_spectral_radius,matched_er_4to1_chunk_6,30,MC,0.3700046560970645,96
sign_test_er0.8__norm_spectral_radius,matched_er_4to1_chunk_6,31,GR,0.6863554895291956,96
sign_test_er0.8__norm_spectral_radius,matched_er_4to1_chunk_6,31,IPC,0.34372716069351306,96
sign_test_er0.8__norm_spectral_radius,matched_er_4to1_chunk_6,31,KR,0.461062080537493,96
sign_test_er0.8__norm_spectral_radius,matched_er_4to1_chunk_6,31,MC,0.36700149471958815,96
sign_test_er0.8__norm_spectral_radius,matched_er_4to1_chunk_6,32,GR,0.7313348067507239,96
sign_test_er0.8__norm_spectral_radius,matched_er_4to1_chunk_6,32,IPC,0.36183034395191327,96
sign_test_er0.8__norm_spectral_radius,matched_er_4to1_chunk_6,32,KR,0.5254637094700622,96
sign_test_er0.8__norm_spectral_radius,matched_er_4to1_chunk_6,32,MC,0.35513168254953736,96
sign_test_er0.8__norm_spectral_radius,matched_er_4to1_chunk_6,33,GR,0.7019129867412662,96
sign_test_er0.8__norm_spectral_radius,matched_er_4to1_chunk_6,33,IPC,0.37149090497206055,96
sign_test_er0.8__norm_spectral_radius,matched_er_4to1_chunk_6,33,KR,0.4755376421291895,96
sign_test_er0.8__norm_spectral_radius,matched_er_4to1_chunk_6,33,MC,0.38720956340251095,96
sign_test_er0.8__norm_spectral_radius,matched_er_4to1_chunk_6,34,GR,0.7038857571478008,96
sign_test_er0.8__norm_spectral_radius,matched_er_4to1_chunk_6,34,IPC,0.40847507307488345,96
sign_test_er0.8__norm_spectral_radius,matched_er_4to1_chunk_6,34,KR,0.4907991881072825,96
sign_test_er0.8__norm_spectral_radius,matched_er_4to1_chunk_6,34,MC,0.3950841248423687,96
sign_test_er0.8__norm_spectral_radius,matched_er_4to1_chunk_7,35,GR,0.6947412688337693,96
sign_test_er0.8__norm_spectral_radius,matched_er_4to1_chunk_7,35,IPC,0.3866912660446256,96
sign_test_er0.8__norm_spectral_radius,matched_er_4to1_chunk_7,35,KR,0.47911159382776614,96
sign_test_er0.8__norm_spectral_radius,matched_er_4to1_chunk_7,35,MC,0.3606784246141696,96
sign_test_er0.8__norm_spectral_radius,matched_er_4to1_chunk_7,36,GR,0.7153104414139774,96
sign_test_er0.8__norm_spectral_radius,matched_er_4to1_chunk_7,36,IPC,0.3536052604571975,96
sign_test_er0.8__norm_spectral_radius,matched_er_4to1_chunk_7,36,KR,0.5046123697571084,96
sign_test_er0.8__norm_spectral_radius,matched_er_4to1_chunk_7,36,MC,0.3725546075002745,96
sign_test_er0.8__norm_spectral_radius,matched_er_4to1_chunk_7,37,GR,0.6736100121452002,96
sign_test_er0.8__norm_spectral_radius,matched_er_4to1_chunk_7,37,IPC,0.3658305954422008,96
sign_test_er0.8__norm_spectral_radius,matched_er_4to1_chunk_7,37,KR,0.4486787279273691,96
sign_test_er0.8__norm_spectral_radius,matched_er_4to1_chunk_7,37,MC,0.3692325780267051,96
sign_test_er0.8__norm_spectral_radius,matched_er_4to1_chunk_7,38,GR,0.6852731292619466,96
sign_test_er0.8__norm_spectral_radius,matched_er_4to1_chunk_7,38,IPC,0.3905718710600758,96
sign_test_er0.8__norm_spectral_radius,matched_er_4to1_chunk_7,38,KR,0.47258337939107753,96
sign_test_er0.8__norm_spectral_radius,matched_er_4to1_chunk_7,38,MC,0.3946080271490389,96
sign_test_er0.8__norm_spectral_radius,matched_er_4to1_chunk_7,39,GR,0.6971728505191186,96
sign_test_er0.8__norm_spectral_radius,matched_er_4to1_chunk_7,39,IPC,0.36602703632471695,96
sign_test_er0.8__norm_spectral_radius,matched_er_4to1_chunk_7,39,KR,0.486414411153702,96
sign_test_er0.8__norm_spectral_radius,matched_er_4to1_chunk_7,39,MC,0.3811349238248531,96
sign_test_er0.8__norm_spectral_radius,matched_er_4to1_chunk_8,40,GR,0.6849218067426227,96
sign_test_er0.8__norm_spectral_radius,matched_er_4to1_chunk_8,40,IPC,0.40260404146937834,96
sign_test_er0.8__norm_spectral_radius,matched_er_4to1_chunk_8,40,KR,0.4644479204627975,96
sign_test_er0.8__norm_spectral_radius,matched_er_4to1_chunk_8,40,MC,0.425950527735371,96
sign_test_er0.8__norm_spectral_radius,matched_er_4to1_chunk_8,41,GR,0.6783173295405598,96
sign_test_er0.8__norm_spectral_radius,matched_er_4to1_chunk_8,41,IPC,0.3839589625458747,96
sign_test_er0.8__norm_spectral_radius,matched_er_4to1_chunk_8,41,KR,0.45343938640926823,96
sign_test_er0.8__norm_spectral_radius,matched_er_4to1_chunk_8,41,MC,0.3817157325834276,96
sign_test_er0.8__norm_spectral_radius,matched_er_4to1_chunk_8,42,GR,0.6602490421302092,96
sign_test_er0.8__norm_spectral_radius,matched_er_4to1_chunk_8,42,IPC,0.3714021042997269,96
sign_test_er0.8__norm_spectral_radius,matched_er_4to1_chunk_8,42,KR,0.45244498209506206,96
sign_test_er0.8__norm_spectral_radius,matched_er_4to1_chunk_8,42,MC,0.3708658687536505,96
sign_test_er0.8__norm_spectral_radius,matched_er_4to1_chunk_8,43,GR,0.7096488000518755,96
sign_test_er0.8__norm_spectral_radius,matched_er_4to1_chunk_8,43,IPC,0.3659998119905768,96
sign_test_er0.8__norm_spectral_radius,matched_er_4to1_chunk_8,43,KR,0.49700219306767435,96
sign_test_er0.8__norm_spectral_radius,matched_er_4to1_chunk_8,43,MC,0.3831884057748644,96
sign_test_er0.8__norm_spectral_radius,matched_er_4to1_chunk_8,44,GR,0.6982458861857641,96
sign_test_er0.8__norm_spectral_radius,matched_er_4to1_chunk_8,44,IPC,0.35611377659286664,96
sign_test_er0.8__norm_spectral_radius,matched_er_4to1_chunk_8,44,KR,0.47307959741332845,96
sign_test_er0.8__norm_spectral_radius,matched_er_4to1_chunk_8,44,MC,0.35208941775050945,96
sign_test_er0.8__norm_spectral_radius,matched_er_4to1_chunk_9,45,GR,0.7049024804037782,96
sign_test_er0.8__norm_spectral_radius,matched_er_4to1_chunk_9,45,IPC,0.3616532534301793,96
sign_test_er0.8__norm_spectral_radius,matched_er_4to1_chunk_9,45,KR,0.48834032177115183,96
sign_test_er0.8__norm_spectral_radius,matched_er_4to1_chunk_9,45,MC,0.3772103140197976,96
sign_test_er0.8__norm_spectral_radius,matched_er_4to1_chunk_9,46,GR,0.7034642117299277,96
sign_test_er0.8__norm_spectral_radius,matched_er_4to1_chunk_9,46,IPC,0.35108097070719485,96
sign_test_er0.8__norm_spectral_radius,matched_er_4to1_chunk_9,46,KR,0.487676641878045,96
sign_test_er0.8__norm_spectral_radius,matched_er_4to1_chunk_9,46,MC,0.3585440713828993,96
sign_test_er0.8__norm_spectral_radius,matched_er_4to1_chunk_9,47,GR,0.7393765467104327,96
sign_test_er0.8__norm_spectral_radius,matched_er_4to1_chunk_9,47,IPC,0.38478907338560114,96
sign_test_er0.8__norm_spectral_radius,matched_er_4to1_chunk_9,47,KR,0.5281063276066451,96
sign_test_er0.8__norm_spectral_radius,matched_er_4to1_chunk_9,47,MC,0.37139830579449284,96
sign_test_er0.8__norm_spectral_radius,matched_er_4to1_chunk_9,48,GR,0.7175607226027226,96
sign_test_er0.8__norm_spectral_radius,matched_er_4to1_chunk_9,48,IPC,0.3302816120394957,96
sign_test_er0.8__norm_spectral_radius,matched_er_4to1_chunk_9,48,KR,0.5065424403905247,96
sign_test_er0.8__norm_spectral_radius,matched_er_4to1_chunk_9,48,MC,0.35188071745818067,96
sign_test_er0.8__norm_spectral_radius,matched_er_4to1_chunk_9,49,GR,0.7158166265324319,96
sign_test_er0.8__norm_spectral_radius,matched_er_4to1_chunk_9,49,IPC,0.3545664526649701,96
sign_test_er0.8__norm_spectral_radius,matched_er_4to1_chunk_9,49,KR,0.5097429902737404,96
sign_test_er0.8__norm_spectral_radius,matched_er_4to1_chunk_9,49,MC,0.3511528749785599,96
sign_test_er1.0__norm_original_radius,matched_er_4to1_chunk_0,0,GR,0.850079838396161,96
sign_test_er1.0__norm_original_radius,matched_er_4to1_chunk_0,0,IPC,0.4964291254424599,96
sign_test_er1.0__norm_original_radius,matched_er_4to1_chunk_0,0,KR,0.6236724950973238,96
sign_test_er1.0__norm_original_radius,matched_er_4to1_chunk_0,0,MC,0.44331173606275737,96
sign_test_er1.0__norm_original_radius,matched_er_4to1_chunk_0,1,GR,0.835571903846576,96
sign_test_er1.0__norm_original_radius,matched_er_4to1_chunk_0,1,IPC,0.498279693020511,96
sign_test_er1.0__norm_original_radius,matched_er_4to1_chunk_0,1,KR,0.6592628165270424,96
sign_test_er1.0__norm_original_radius,matched_er_4to1_chunk_0,1,MC,0.43679867897758473,96
sign_test_er1.0__norm_original_radius,matched_er_4to1_chunk_0,2,GR,0.8586616495220163,96
sign_test_er1.0__norm_original_radius,matched_er_4to1_chunk_0,2,IPC,0.46077915222629906,96
sign_test_er1.0__norm_original_radius,matched_er_4to1_chunk_0,2,KR,0.624100018191025,96
sign_test_er1.0__norm_original_radius,matched_er_4to1_chunk_0,2,MC,0.42061974530135543,96
sign_test_er1.0__norm_original_radius,matched_er_4to1_chunk_0,3,GR,0.832590624106054,96
sign_test_er1.0__norm_original_radius,matched_er_4to1_chunk_0,3,IPC,0.48562560011456346,96
sign_test_er1.0__norm_original_radius,matched_er_4to1_chunk_0,3,KR,0.6377244368423465,96
sign_test_er1.0__norm_original_radius,matched_er_4to1_chunk_0,3,MC,0.44944655589803273,96
sign_test_er1.0__norm_original_radius,matched_er_4to1_chunk_0,4,GR,0.8355438230601538,96
sign_test_er1.0__norm_original_radius,matched_er_4to1_chunk_0,4,IPC,0.47055884248854607,96
sign_test_er1.0__norm_original_radius,matched_er_4to1_chunk_0,4,KR,0.645642314966919,96
sign_test_er1.0__norm_original_radius,matched_er_4to1_chunk_0,4,MC,0.4353792522313967,96
sign_test_er1.0__norm_original_radius,matched_er_4to1_chunk_1,5,GR,0.8355230586150213,96
sign_test_er1.0__norm_original_radius,matched_er_4to1_chunk_1,5,IPC,0.5089585981180234,96
sign_test_er1.0__norm_original_radius,matched_er_4to1_chunk_1,5,KR,0.6536361709888155,96
sign_test_er1.0__norm_original_radius,matched_er_4to1_chunk_1,5,MC,0.4373654766471827,96
sign_test_er1.0__norm_original_radius,matched_er_4to1_chunk_1,6,GR,0.8396806303557659,96
sign_test_er1.0__norm_original_radius,matched_er_4to1_chunk_1,6,IPC,0.47516166444651287,96
sign_test_er1.0__norm_original_radius,matched_er_4to1_chunk_1,6,KR,0.6314748892720614,96
sign_test_er1.0__norm_original_radius,matched_er_4to1_chunk_1,6,MC,0.4108151859294292,96
sign_test_er1.0__norm_original_radius,matched_er_4to1_chunk_1,7,GR,0.8432869294788182,96
sign_test_er1.0__norm_original_radius,matched_er_4to1_chunk_1,7,IPC,0.480842776156539,96
sign_test_er1.0__norm_original_radius,matched_er_4to1_chunk_1,7,KR,0.6251156511887328,96
sign_test_er1.0__norm_original_radius,matched_er_4to1_chunk_1,7,MC,0.40206606535389183,96
sign_test_er1.0__norm_original_radius,matched_er_4to1_chunk_1,8,GR,0.8825395764234315,96
sign_test_er1.0__norm_original_radius,matched_er_4to1_chunk_1,8,IPC,0.4729770451066059,96
sign_test_er1.0__norm_original_radius,matched_er_4to1_chunk_1,8,KR,0.6447759182390069,96
sign_test_er1.0__norm_original_radius,matched_er_4to1_chunk_1,8,MC,0.41269854538321493,96
sign_test_er1.0__norm_original_radius,matched_er_4to1_chunk_1,9,GR,0.8276611354795467,96
sign_test_er1.0__norm_original_radius,matched_er_4to1_chunk_1,9,IPC,0.508042368390499,96
sign_test_er1.0__norm_original_radius,matched_er_4to1_chunk_1,9,KR,0.6654329332635152,96
sign_test_er1.0__norm_original_radius,matched_er_4to1_chunk_1,9,MC,0.4479261668357073,96
sign_test_er1.0__norm_original_radius,matched_er_4to1_chunk_10,50,GR,0.815511473707035,96
sign_test_er1.0__norm_original_radius,matched_er_4to1_chunk_10,50,IPC,0.48275346182186435,96
sign_test_er1.0__norm_original_radius,matched_er_4to1_chunk_10,50,KR,0.6582588139679202,96
sign_test_er1.0__norm_original_radius,matched_er_4to1_chunk_10,50,MC,0.4287018088445246,96
sign_test_er1.0__norm_original_radius,matched_er_4to1_chunk_10,51,GR,0.815631563836951,96
sign_test_er1.0__norm_original_radius,matched_er_4to1_chunk_10,51,IPC,0.5383876801428457,96
sign_test_er1.0__norm_original_radius,matched_er_4to1_chunk_10,51,KR,0.6441729420915512,96
sign_test_er1.0__norm_original_radius,matched_er_4to1_chunk_10,51,MC,0.4651374543507026,96
sign_test_er1.0__norm_original_radius,matched_er_4to1_chunk_10,52,GR,0.884977749420475,96
sign_test_er1.0__norm_original_radius,matched_er_4to1_chunk_10,52,IPC,0.48328836410687565,96
sign_test_er1.0__norm_original_radius,matched_er_4to1_chunk_10,52,KR,0.6263622576508032,96
sign_test_er1.0__norm_original_radius,matched_er_4to1_chunk_10,52,MC,0.46059205649797436,96
sign_test_er1.0__norm_original_radius,matched_er_4to1_chunk_10,53,GR,0.8272016885635907,96
sign_test_er1.0__norm_original_radius,matched_er_4to1_chunk_10,53,IPC,0.5226894690280928,96
sign_test_er1.0__norm_original_radius,matched_er_4to1_chunk_10,53,KR,0.671991639623722,96
sign_test_er1.0__norm_original_radius,matched_er_4to1_chunk_10,53,MC,0.4610783277853349,96
sign_test_er1.0__norm_original_radius,matched_er_4to1_chunk_10,54,GR,0.8481832558289433,96
sign_test_er1.0__norm_original_radius,matched_er_4to1_chunk_10,54,IPC,0.47461519031863425,96
sign_test_er1.0__norm_original_radius,matched_er_4to1_chunk_10,54,KR,0.6537573118475152,96
sign_test_er1.0__norm_original_radius,matched_er_4to1_chunk_10,54,MC,0.4254747460800398,96
sign_test_er1.0__norm_original_radius,matched_er_4to1_chunk_11,55,GR,0.8574950634859828,96
sign_test_er1.0__norm_original_radius,matched_er_4to1_chunk_11,55,IPC,0.4603793848099866,96
sign_test_er1.0__norm_original_radius,matched_er_4to1_chunk_11,55,KR,0.6472930475164351,96
sign_test_er1.0__norm_original_radius,matched_er_4to1_chunk_11,55,MC,0.4078083136465701,96
sign_test_er1.0__norm_original_radius,matched_er_4to1_chunk_11,56,GR,0.8341708118354859,96
sign_test_er1.0__norm_original_radius,matched_er_4to1_chunk_11,56,IPC,0.4821103715929062,96
sign_test_er1.0__norm_original_radius,matched_er_4to1_chunk_11,56,KR,0.6324975772185577,96
sign_test_er1.0__norm_original_radius,matched_er_4to1_chunk_11,56,MC,0.40596036001430746,96
sign_test_er1.0__norm_original_radius,matched_er_4to1_chunk_11,57,GR,0.8268540425458328,96
sign_test_er1.0__norm_original_radius,matched_er_4to1_chunk_11,57,IPC,0.49977426561699434,96
sign_test_er1.0__norm_original_radius,matched_er_4to1_chunk_11,57,KR,0.6240409077236941,96
sign_test_er1.0__norm_original_radius,matched_er_4to1_chunk_11,57,MC,0.4432686629416291,96
sign_test_er1.0__norm_original_radius,matched_er_4to1_chunk_11,58,GR,0.8617136694020253,96
sign_test_er1.0__norm_original_radius,matched_er_4to1_chunk_11,58,IPC,0.48107770149277473,96
sign_test_er1.0__norm_original_radius,matched_er_4to1_chunk_11,58,KR,0.6675777857863612,96
sign_test_er1.0__norm_original_radius,matched_er_4to1_chunk_11,58,MC,0.41563680470299935,96
sign_test_er1.0__norm_original_radius,matched_er_4to1_chunk_11,59,GR,0.8470610096353627,96
sign_test_er1.0__norm_original_radius,matched_er_4to1_chunk_11,59,IPC,0.4747179500036968,96
sign_test_er1.0__norm_original_radius,matched_er_4to1_chunk_11,59,KR,0.6300965484660435,96
sign_test_er1.0__norm_original_radius,matched_er_4to1_chunk_11,59,MC,0.4211557093256913,96
sign_test_er1.0__norm_original_radius,matched_er_4to1_chunk_12,60,GR,0.8477793785078389,96
sign_test_er1.0__norm_original_radius,matched_er_4to1_chunk_12,60,IPC,0.4932420273143163,96
sign_test_er1.0__norm_original_radius,matched_er_4to1_chunk_12,60,KR,0.6288494216992947,96
sign_test_er1.0__norm_original_radius,matched_er_4to1_chunk_12,60,MC,0.43936876970455446,96
sign_test_er1.0__norm_original_radius,matched_er_4to1_chunk_12,61,GR,0.838151187719,96
sign_test_er1.0__norm_original_radius,matched_er_4to1_chunk_12,61,IPC,0.4729987914468262,96
sign_test_er1.0__norm_original_radius,matched_er_4to1_chunk_12,61,KR,0.6479559297179535,96
sign_test_er1.0__norm_original_radius,matched_er_4to1_chunk_12,61,MC,0.38880224413558195,96
sign_test_er1.0__norm_original_radius,matched_er_4to1_chunk_12,62,GR,0.8434018831637295,96
sign_test_er1.0__norm_original_radius,matched_er_4to1_chunk_12,62,IPC,0.5047489797076719,96
sign_test_er1.0__norm_original_radius,matched_er_4to1_chunk_12,62,KR,0.6313037746410864,96
sign_test_er1.0__norm_original_radius,matched_er_4to1_chunk_12,62,MC,0.44529426013177403,96
sign_test_er1.0__norm_original_radius,matched_er_4to1_chunk_12,63,GR,0.8307370894377596,96
sign_test_er1.0__norm_original_radius,matched_er_4to1_chunk_12,63,IPC,0.45529139796159285,96
sign_test_er1.0__norm_original_radius,matched_er_4to1_chunk_12,63,KR,0.6223856088798139,96
sign_test_er1.0__norm_original_radius,matched_er_4to1_chunk_12,63,MC,0.40094011634872556,96
sign_test_er1.0__norm_original_radius,matched_er_4to1_chunk_12,64,GR,0.8244472737426678,96
sign_test_er1.0__norm_original_radius,matched_er_4to1_chunk_12,64,IPC,0.46469508683586885,96
sign_test_er1.0__norm_original_radius,matched_er_4to1_chunk_12,64,KR,0.6509037420112568,96
sign_test_er1.0__norm_original_radius,matched_er_4to1_chunk_12,64,MC,0.39599176572334177,96
sign_test_er1.0__norm_original_radius,matched_er_4to1_chunk_13,65,GR,0.8510982335228636,96
sign_test_er1.0__norm_original_radius,matched_er_4to1_chunk_13,65,IPC,0.4894419741663747,96
sign_test_er1.0__norm_original_radius,matched_er_4to1_chunk_13,65,KR,0.6469475137234524,96
sign_test_er1.0__norm_original_radius,matched_er_4to1_chunk_13,65,MC,0.41583845225202176,96
sign_test_er1.0__norm_original_radius,matched_er_4to1_chunk_13,66,GR,0.8700691078391845,96
sign_test_er1.0__norm_original_radius,matched_er_4to1_chunk_13,66,IPC,0.4891868924544244,96
sign_test_er1.0__norm_original_radius,matched_er_4to1_chunk_13,66,KR,0.6244705898425645,96
sign_test_er1.0__norm_original_radius,matched_er_4to1_chunk_13,66,MC,0.43167273297427444,96
sign_test_er1.0__norm_original_radius,matched_er_4to1_chunk_13,67,GR,0.8800452558887496,96
sign_test_er1.0__norm_original_radius,matched_er_4to1_chunk_13,67,IPC,0.48890875088935737,96
sign_test_er1.0__norm_original_radius,matched_er_4to1_chunk_13,67,KR,0.6432896858645549,96
sign_test_er1.0__norm_original_radius,matched_er_4to1_chunk_13,67,MC,0.4548127073457445,96
sign_test_er1.0__norm_original_radius,matched_er_4to1_chunk_13,68,GR,0.824378126342759,96
sign_test_er1.0__norm_original_radius,matched_er_4to1_chunk_13,68,IPC,0.5050700173502787,96
sign_test_er1.0__norm_original_radius,matched_er_4to1_chunk_13,68,KR,0.6580345213031991,96
sign_test_er1.0__norm_original_radius,matched_er_4to1_chunk_13,68,MC,0.43751542035498037,96
sign_test_er1.0__norm_original_radius,matched_er_4to1_chunk_13,69,GR,0.8564821131235801,96
sign_test_er1.0__norm_original_radius,matched_er_4to1_chunk_13,69,IPC,0.49766791110957476,96
sign_test_er1.0__norm_original_radius,matched_er_4to1_chunk_13,69,KR,0.6406989151579736,96
sign_test_er1.0__norm_original_radius,matched_er_4to1_chunk_13,69,MC,0.4502571614434294,96
sign_test_er1.0__norm_original_radius,matched_er_4to1_chunk_14,70,GR,0.8720826945468901,96
sign_test_er1.0__norm_original_radius,matched_er_4to1_chunk_14,70,IPC,0.47789276449676893,96
sign_test_er1.0__norm_original_radius,matched_er_4to1_chunk_14,70,KR,0.6786939670100104,96
sign_test_er1.0__norm_original_radius,matched_er_4to1_chunk_14,70,MC,0.4229027138259382,96
sign_test_er1.0__norm_original_radius,matched_er_4to1_chunk_14,71,GR,0.8298680647961502,96
sign_test_er1.0__norm_original_radius,matched_er_4to1_chunk_14,71,IPC,0.49778109751012,96
sign_test_er1.0__norm_original_radius,matched_er_4to1_chunk_14,71,KR,0.6430651604496344,96
sign_test_er1.0__norm_original_radius,matched_er_4to1_chunk_14,71,MC,0.4221935770888725,96
sign_test_er1.0__norm_original_radius,matched_er_4to1_chunk_14,72,GR,0.8417791505584397,96
sign_test_er1.0__norm_original_radius,matched_er_4to1_chunk_14,72,IPC,0.4598401099364543,96
sign_test_er1.0__norm_original_radius,matched_er_4to1_chunk_14,72,KR,0.646672695295265,96
sign_test_er1.0__norm_original_radius,matched_er_4to1_chunk_14,72,MC,0.42033294860957343,96
sign_test_er1.0__norm_original_radius,matched_er_4to1_chunk_14,73,GR,0.8362890311590917,96
sign_test_er1.0__norm_original_radius,matched_er_4to1_chunk_14,73,IPC,0.47113102789040173,96
sign_test_er1.0__norm_original_radius,matched_er_4to1_chunk_14,73,KR,0.6425242883616297,96
sign_test_er1.0__norm_original_radius,matched_er_4to1_chunk_14,73,MC,0.4303006809922705,96
sign_test_er1.0__norm_original_radius,matched_er_4to1_chunk_14,74,GR,0.8645579761354483,96
sign_test_er1.0__norm_original_radius,matched_er_4to1_chunk_14,74,IPC,0.4823009246058478,96
sign_test_er1.0__norm_original_radius,matched_er_4to1_chunk_14,74,KR,0.6501111134103092,96
sign_test_er1.0__norm_original_radius,matched_er_4to1_chunk_14,74,MC,0.39950974803743117,96
sign_test_er1.0__norm_original_radius,matched_er_4to1_chunk_15,75,GR,0.837837043782513,96
sign_test_er1.0__norm_original_radius,matched_er_4to1_chunk_15,75,IPC,0.46445278520729616,96
sign_test_er1.0__norm_original_radius,matched_er_4to1_chunk_15,75,KR,0.6317896808758661,96
sign_test_er1.0__norm_original_radius,matched_er_4to1_chunk_15,75,MC,0.43580918244101025,96
sign_test_er1.0__norm_original_radius,matched_er_4to1_chunk_15,76,GR,0.8269042601078803,96
sign_test_er1.0__norm_original_radius,matched_er_4to1_chunk_15,76,IPC,0.5145623613417548,96
sign_test_er1.0__norm_original_radius,matched_er_4to1_chunk_15,76,KR,0.6530937551855603,96
sign_test_er1.0__norm_original_radius,matched_er_4to1_chunk_15,76,MC,0.4606942878386931,96
sign_test_er1.0__norm_original_radius,matched_er_4to1_chunk_15,77,GR,0.8114505778404096,96
sign_test_er1.0__norm_original_radius,matched_er_4to1_chunk_15,77,IPC,0.5169493425240824,96
sign_test_er1.0__norm_original_radius,matched_er_4to1_chunk_15,77,KR,0.644719014071567,96
sign_test_er1.0__norm_original_radius,matched_er_4to1_chunk_15,77,MC,0.4587374403520542,96
sign_test_er1.0__norm_original_radius,matched_er_4to1_chunk_15,78,GR,0.7967807520468804,96
sign_test_er1.0__norm_original_radius,matched_er_4to1_chunk_15,78,IPC,0.4841978529182208,96
sign_test_er1.0__norm_original_radius,matched_er_4to1_chunk_15,78,KR,0.6543052867578588,96
sign_test_er1.0__norm_original_radius,matched_er_4to1_chunk_15,78,MC,0.43124971221030645,96
sign_test_er1.0__norm_original_radius,matched_er_4to1_chunk_15,79,GR,0.8593932616666127,96
sign_test_er1.0__norm_original_radius,matched_er_4to1_chunk_15,79,IPC,0.48877643703288487,96
sign_test_er1.0__norm_original_radius,matched_er_4to1_chunk_15,79,KR,0.63459465464776,96
sign_test_er1.0__norm_original_radius,matched_er_4to1_chunk_15,79,MC,0.46142841356392555,96
sign_test_er1.0__norm_original_radius,matched_er_4to1_chunk_16,80,GR,0.8275603824357816,96
sign_test_er1.0__norm_original_radius,matched_er_4to1_chunk_16,80,IPC,0.4849574923106694,96
sign_test_er1.0__norm_original_radius,matched_er_4to1_chunk_16,80,KR,0.6518187064266561,96
sign_test_er1.0__norm_original_radius,matched_er_4to1_chunk_16,80,MC,0.4866815484861026,96
sign_test_er1.0__norm_original_radius,matched_er_4to1_chunk_16,81,GR,0.8138928605013538,96
sign_test_er1.0__norm_original_radius,matched_er_4to1_chunk_16,81,IPC,0.46318010653727737,96
sign_test_er1.0__norm_original_radius,matched_er_4to1_chunk_16,81,KR,0.6348707425773942,96
sign_test_er1.0__norm_original_radius,matched_er_4to1_chunk_16,81,MC,0.459332587308358,96
sign_test_er1.0__norm_original_radius,matched_er_4to1_chunk_16,82,GR,0.7474865680904402,96
sign_test_er1.0__norm_original_radius,matched_er_4to1_chunk_16,82,IPC,0.44896475258605506,96
sign_test_er1.0__norm_original_radius,matched_er_4to1_chunk_16,82,KR,0.6881846995700744,96
sign_test_er1.0__norm_original_radius,matched_er_4to1_chunk_16,82,MC,0.4462360450058457,96
sign_test_er1.0__norm_original_radius,matched_er_4to1_chunk_16,83,GR,0.8241103030104473,96
sign_test_er1.0__norm_original_radius,matched_er_4to1_chunk_16,83,IPC,0.45127539634886626,96
sign_test_er1.0__norm_original_radius,matched_er_4to1_chunk_16,83,KR,0.6821545435680321,96
sign_test_er1.0__norm_original_radius,matched_er_4to1_chunk_16,83,MC,0.41984892042556615,96
sign_test_er1.0__norm_original_radius,matched_er_4to1_chunk_16,84,GR,0.8225738058262767,96
sign_test_er1.0__norm_original_radius,matched_er_4to1_chunk_16,84,IPC,0.4954024567875676,96
sign_test_er1.0__norm_original_radius,matched_er_4to1_chunk_16,84,KR,0.6327894164992661,96
sign_test_er1.0__norm_original_radius,matched_er_4to1_chunk_16,84,MC,0.4823473466785922,96
sign_test_er1.0__norm_original_radius,matched_er_4to1_chunk_17,85,GR,0.8416142334462169,96
sign_test_er1.0__norm_original_radius,matched_er_4to1_chunk_17,85,IPC,0.43287941479612274,96
sign_test_er1.0__norm_original_radius,matched_er_4to1_chunk_17,85,KR,0.6510460622834119,96
sign_test_er1.0__norm_original_radius,matched_er_4to1_chunk_17,85,MC,0.4279980091729973,96
sign_test_er1.0__norm_original_radius,matched_er_4to1_chunk_17,86,GR,0.8441209546111654,96
sign_test_er1.0__norm_original_radius,matched_er_4to1_chunk_17,86,IPC,0.46657953939163194,96
sign_test_er1.0__norm_original_radius,matched_er_4to1_chunk_17,86,KR,0.6445486608410447,96
sign_test_er1.0__norm_original_radius,matched_er_4to1_chunk_17,86,MC,0.48214631742623604,96
sign_test_er1.0__norm_original_radius,matched_er_4to1_chunk_17,87,GR,0.8626000695005038,96
sign_test_er1.0__norm_original_radius,matched_er_4to1_chunk_17,87,IPC,0.4359914937739567,96
sign_test_er1.0__norm_original_radius,matched_er_4to1_chunk_17,87,KR,0.6364003637747536,96
sign_test_er1.0__norm_original_radius,matched_er_4to1_chunk_17,87,MC,0.438200090712703,96
sign_test_er1.0__norm_original_radius,matched_er_4to1_chunk_17,88,GR,0.831968292255267,96
sign_test_er1.0__norm_original_radius,matched_er_4to1_chunk_17,88,IPC,0.4816315668768209,96
sign_test_er1.0__norm_original_radius,matched_er_4to1_chunk_17,88,KR,0.6493771918977465,96
sign_test_er1.0__norm_original_radius,matched_er_4to1_chunk_17,88,MC,0.46032309522297754,96
sign_test_er1.0__norm_original_radius,matched_er_4to1_chunk_17,89,GR,0.857193858810883,96
sign_test_er1.0__norm_original_radius,matched_er_4to1_chunk_17,89,IPC,0.4674948673598201,96
sign_test_er1.0__norm_original_radius,matched_er_4to1_chunk_17,89,KR,0.6572840308041659,96
sign_test_er1.0__norm_original_radius,matched_er_4to1_chunk_17,89,MC,0.46644332435198693,96
sign_test_er1.0__norm_original_radius,matched_er_4to1_chunk_18,90,GR,0.8037547455269319,96
sign_test_er1.0__norm_original_radius,matched_er_4to1_chunk_18,90,IPC,0.4640338624394512,96
sign_test_er1.0__norm_original_radius,matched_er_4to1_chunk_18,90,KR,0.6299342894846262,96
sign_test_er1.0__norm_original_radius,matched_er_4to1_chunk_18,90,MC,0.431848107916031,96
sign_test_er1.0__norm_original_radius,matched_er_4to1_chunk_18,91,GR,0.8134470174475014,96
sign_test_er1.0__norm_original_radius,matched_er_4to1_chunk_18,91,IPC,0.47069706362661207,96
sign_test_er1.0__norm_original_radius,matched_er_4to1_chunk_18,91,KR,0.6458755514335457,96
sign_test_er1.0__norm_original_radius,matched_er_4to1_chunk_18,91,MC,0.4302641389362591,96
sign_test_er1.0__norm_original_radius,matched_er_4to1_chunk_18,92,GR,0.8055401313380466,96
sign_test_er1.0__norm_original_radius,matched_er_4to1_chunk_18,92,IPC,0.4583034385174554,96
sign_test_er1.0__norm_original_radius,matched_er_4to1_chunk_18,92,KR,0.6447381376460252,96
sign_test_er1.0__norm_original_radius,matched_er_4to1_chunk_18,92,MC,0.426983313035676,96
sign_test_er1.0__norm_original_radius,matched_er_4to1_chunk_18,93,GR,0.8370057504262346,96
sign_test_er1.0__norm_original_radius,matched_er_4to1_chunk_18,93,IPC,0.45577813503998665,96
sign_test_er1.0__norm_original_radius,matched_er_4to1_chunk_18,93,KR,0.6392884776572353,96
sign_test_er1.0__norm_original_radius,matched_er_4to1_chunk_18,93,MC,0.43052091721932434,96
sign_test_er1.0__norm_original_radius,matched_er_4to1_chunk_18,94,GR,0.8403636045044388,96
sign_test_er1.0__norm_original_radius,matched_er_4to1_chunk_18,94,IPC,0.4503018272140606,96
sign_test_er1.0__norm_original_radius,matched_er_4to1_chunk_18,94,KR,0.6575210558752829,96
sign_test_er1.0__norm_original_radius,matched_er_4to1_chunk_18,94,MC,0.4680281263772781,96
sign_test_er1.0__norm_original_radius,matched_er_4to1_chunk_19,95,GR,0.8500528444550974,96
sign_test_er1.0__norm_original_radius,matched_er_4to1_chunk_19,95,IPC,0.4653094784706116,96
sign_test_er1.0__norm_original_radius,matched_er_4to1_chunk_19,95,KR,0.6384920172130747,96
sign_test_er1.0__norm_original_radius,matched_er_4to1_chunk_19,95,MC,0.4745662703279567,96
sign_test_er1.0__norm_original_radius,matched_er_4to1_chunk_19,96,GR,0.7675393068745225,96
sign_test_er1.0__norm_original_radius,matched_er_4to1_chunk_19,96,IPC,0.47213123335981716,96
sign_test_er1.0__norm_original_radius,matched_er_4to1_chunk_19,96,KR,0.6570933532989314,96
sign_test_er1.0__norm_original_radius,matched_er_4to1_chunk_19,96,MC,0.4541215085267016,96
sign_test_er1.0__norm_original_radius,matched_er_4to1_chunk_19,97,GR,0.8056412275922846,96
sign_test_er1.0__norm_original_radius,matched_er_4to1_chunk_19,97,IPC,0.4605903394340588,96
sign_test_er1.0__norm_original_radius,matched_er_4to1_chunk_19,97,KR,0.6398459574426437,96
sign_test_er1.0__norm_original_radius,matched_er_4to1_chunk_19,97,MC,0.4186373183211273,96
sign_test_er1.0__norm_original_radius,matched_er_4to1_chunk_19,98,GR,0.8631770067746546,96
sign_test_er1.0__norm_original_radius,matched_er_4to1_chunk_19,98,IPC,0.46912829132463313,96
sign_test_er1.0__norm_original_radius,matched_er_4to1_chunk_19,98,KR,0.6523336273839423,96
sign_test_er1.0__norm_original_radius,matched_er_4to1_chunk_19,98,MC,0.43625743409117684,96
sign_test_er1.0__norm_original_radius,matched_er_4to1_chunk_19,99,GR,0.8413559442319409,96
sign_test_er1.0__norm_original_radius,matched_er_4to1_chunk_19,99,IPC,0.44007579249084927,96
sign_test_er1.0__norm_original_radius,matched_er_4to1_chunk_19,99,KR,0.6428827754585886,96
sign_test_er1.0__norm_original_radius,matched_er_4to1_chunk_19,99,MC,0.4394980598140749,96
sign_test_er1.0__norm_original_radius,matched_er_4to1_chunk_2,10,GR,0.8426909894415601,96
sign_test_er1.0__norm_original_radius,matched_er_4to1_chunk_2,10,IPC,0.4675872647700237,96
sign_test_er1.0__norm_original_radius,matched_er_4to1_chunk_2,10,KR,0.6496204101114935,96
sign_test_er1.0__norm_original_radius,matched_er_4to1_chunk_2,10,MC,0.4008888387132671,96
sign_test_er1.0__norm_original_radius,matched_er_4to1_chunk_2,11,GR,0.8255945596463511,96
sign_test_er1.0__norm_original_radius,matched_er_4to1_chunk_2,11,IPC,0.5047731929707452,96
sign_test_er1.0__norm_original_radius,matched_er_4to1_chunk_2,11,KR,0.6335446862952605,96
sign_test_er1.0__norm_original_radius,matched_er_4to1_chunk_2,11,MC,0.43959006938392375,96
sign_test_er1.0__norm_original_radius,matched_er_4to1_chunk_2,12,GR,0.8046522649260777,96
sign_test_er1.0__norm_original_radius,matched_er_4to1_chunk_2,12,IPC,0.47793386594589515,96
sign_test_er1.0__norm_original_radius,matched_er_4to1_chunk_2,12,KR,0.6920404008789038,96
sign_test_er1.0__norm_original_radius,matched_er_4to1_chunk_2,12,MC,0.41852687355185686,96
sign_test_er1.0__norm_original_radius,matched_er_4to1_chunk_2,13,GR,0.8504241307008876,96
sign_test_er1.0__norm_original_radius,matched_er_4to1_chunk_2,13,IPC,0.4961691370535701,96
sign_test_er1.0__norm_original_radius,matched_er_4to1_chunk_2,13,KR,0.6660423012948505,96
sign_test_er1.0__norm_original_radius,matched_er_4to1_chunk_2,13,MC,0.45748554652425333,96
sign_test_er1.0__norm_original_radius,matched_er_4to1_chunk_2,14,GR,0.8395744065289413,96
sign_test_er1.0__norm_original_radius,matched_er_4to1_chunk_2,14,IPC,0.4917928471142922,96
sign_test_er1.0__norm_original_radius,matched_er_4to1_chunk_2,14,KR,0.639980159973747,96
sign_test_er1.0__norm_original_radius,matched_er_4to1_chunk_2,14,MC,0.4609011698573613,96
sign_test_er1.0__norm_original_radius,matched_er_4to1_chunk_3,15,GR,0.8636041667634297,96
sign_test_er1.0__norm_original_radius,matched_er_4to1_chunk_3,15,IPC,0.5035550195375861,96
sign_test_er1.0__norm_original_radius,matched_er_4to1_chunk_3,15,KR,0.6250672894778346,96
sign_test_er1.0__norm_original_radius,matched_er_4to1_chunk_3,15,MC,0.45059619480147023,96
sign_test_er1.0__norm_original_radius,matched_er_4to1_chunk_3,16,GR,0.8195763228525654,96
sign_test_er1.0__norm_original_radius,matched_er_4to1_chunk_3,16,IPC,0.47854442703892136,96
sign_test_er1.0__norm_original_radius,matched_er_4to1_chunk_3,16,KR,0.654018804034729,96
sign_test_er1.0__norm_original_radius,matched_er_4to1_chunk_3,16,MC,0.4417011526612935,96
sign_test_er1.0__norm_original_radius,matched_er_4to1_chunk_3,17,GR,0.8751724475280515,96
sign_test_er1.0__norm_original_radius,matched_er_4to1_chunk_3,17,IPC,0.4573010119759669,96
sign_test_er1.0__norm_original_radius,matched_er_4to1_chunk_3,17,KR,0.6322754162901827,96
sign_test_er1.0__norm_original_radius,matched_er_4to1_chunk_3,17,MC,0.41680514364386967,96
sign_test_er1.0__norm_original_radius,matched_er_4to1_chunk_3,18,GR,0.8053486401746127,96
sign_test_er1.0__norm_original_radius,matched_er_4to1_chunk_3,18,IPC,0.5119570432184175,96
sign_test_er1.0__norm_original_radius,matched_er_4to1_chunk_3,18,KR,0.6480323674399988,96
sign_test_er1.0__norm_original_radius,matched_er_4to1_chunk_3,18,MC,0.4322458133600411,96
sign_test_er1.0__norm_original_radius,matched_er_4to1_chunk_3,19,GR,0.8287040228350866,96
sign_test_er1.0__norm_original_radius,matched_er_4to1_chunk_3,19,IPC,0.5051847671978539,96
sign_test_er1.0__norm_original_radius,matched_er_4to1_chunk_3,19,KR,0.649612112018553,96
sign_test_er1.0__norm_original_radius,matched_er_4to1_chunk_3,19,MC,0.4332604758984928,96
sign_test_er1.0__norm_original_radius,matched_er_4to1_chunk_4,20,GR,0.8491604969077302,96
sign_test_er1.0__norm_original_radius,matched_er_4to1_chunk_4,20,IPC,0.4781794864334297,96
sign_test_er1.0__norm_original_radius,matched_er_4to1_chunk_4,20,KR,0.6102845613760038,96
sign_test_er1.0__norm_original_radius,matched_er_4to1_chunk_4,20,MC,0.4279876625165602,96
sign_test_er1.0__norm_original_radius,matched_er_4to1_chunk_4,21,GR,0.8462118364264476,96
sign_test_er1.0__norm_original_radius,matched_er_4to1_chunk_4,21,IPC,0.5315435496193729,96
sign_test_er1.0__norm_original_radius,matched_er_4to1_chunk_4,21,KR,0.6430691907550112,96
sign_test_er1.0__norm_original_radius,matched_er_4to1_chunk_4,21,MC,0.4717634473243716,96
sign_test_er1.0__norm_original_radius,matched_er_4to1_chunk_4,22,GR,0.8710036721365445,96
sign_test_er1.0__norm_original_radius,matched_er_4to1_chunk_4,22,IPC,0.44226641294615243,96
sign_test_er1.0__norm_original_radius,matched_er_4to1_chunk_4,22,KR,0.6186483738621106,96
sign_test_er1.0__norm_original_radius,matched_er_4to1_chunk_4,22,MC,0.37583887515060443,96
sign_test_er1.0__norm_original_radius,matched_er_4to1_chunk_4,23,GR,0.8134508637790167,96
sign_test_er1.0__norm_original_radius,matched_er_4to1_chunk_4,23,IPC,0.49524322919990593,96
sign_test_er1.0__norm_original_radius,matched_er_4to1_chunk_4,23,KR,0.6478017604393712,96
sign_test_er1.0__norm_original_radius,matched_er_4to1_chunk_4,23,MC,0.45586621991068,96
sign_test_er1.0__norm_original_radius,matched_er_4to1_chunk_4,24,GR,0.8570667766870956,96
sign_test_er1.0__norm_original_radius,matched_er_4to1_chunk_4,24,IPC,0.4924426484076667,96
sign_test_er1.0__norm_original_radius,matched_er_4to1_chunk_4,24,KR,0.6765205649507188,96
sign_test_er1.0__norm_original_radius,matched_er_4to1_chunk_4,24,MC,0.4201055009306548,96
sign_test_er1.0__norm_original_radius,matched_er_4to1_chunk_5,25,GR,0.8493975228948375,96
sign_test_er1.0__norm_original_radius,matched_er_4to1_chunk_5,25,IPC,0.5128556238028446,96
sign_test_er1.0__norm_original_radius,matched_er_4to1_chunk_5,25,KR,0.606769867380409,96
sign_test_er1.0__norm_original_radius,matched_er_4to1_chunk_5,25,MC,0.42521987425417707,96
sign_test_er1.0__norm_original_radius,matched_er_4to1_chunk_5,26,GR,0.8217681349631186,96
sign_test_er1.0__norm_original_radius,matched_er_4to1_chunk_5,26,IPC,0.4981376055384155,96
sign_test_er1.0__norm_original_radius,matched_er_4to1_chunk_5,26,KR,0.6733557227310734,96
sign_test_er1.0__norm_original_radius,matched_er_4to1_chunk_5,26,MC,0.43120511471998174,96
sign_test_er1.0__norm_original_radius,matched_er_4to1_chunk_5,27,GR,0.8695520035969064,96
sign_test_er1.0__norm_original_radius,matched_er_4to1_chunk_5,27,IPC,0.4520597851769532,96
sign_test_er1.0__norm_original_radius,matched_er_4to1_chunk_5,27,KR,0.6613652469332376,96
sign_test_er1.0__norm_original_radius,matched_er_4to1_chunk_5,27,MC,0.3794966079905513,96
sign_test_er1.0__norm_original_radius,matched_er_4to1_chunk_5,28,GR,0.8841351725604983,96
sign_test_er1.0__norm_original_radius,matched_er_4to1_chunk_5,28,IPC,0.45925340147771,96
sign_test_er1.0__norm_original_radius,matched_er_4to1_chunk_5,28,KR,0.6679134839659132,96
sign_test_er1.0__norm_original_radius,matched_er_4to1_chunk_5,28,MC,0.41975676076823876,96
sign_test_er1.0__norm_original_radius,matched_er_4to1_chunk_5,29,GR,0.8390872364633803,96
sign_test_er1.0__norm_original_radius,matched_er_4to1_chunk_5,29,IPC,0.4859474341312008,96
sign_test_er1.0__norm_original_radius,matched_er_4to1_chunk_5,29,KR,0.6114494274852701,96
sign_test_er1.0__norm_original_radius,matched_er_4to1_chunk_5,29,MC,0.4442799899456987,96
sign_test_er1.0__norm_original_radius,matched_er_4to1_chunk_6,30,GR,0.7986899527866186,96
sign_test_er1.0__norm_original_radius,matched_er_4to1_chunk_6,30,IPC,0.48597877946239204,96
sign_test_er1.0__norm_original_radius,matched_er_4to1_chunk_6,30,KR,0.6347873683990969,96
sign_test_er1.0__norm_original_radius,matched_er_4to1_chunk_6,30,MC,0.3981492199676685,96
sign_test_er1.0__norm_original_radius,matched_er_4to1_chunk_6,31,GR,0.8445775705875415,96
sign_test_er1.0__norm_original_radius,matched_er_4to1_chunk_6,31,IPC,0.475998941614623,96
sign_test_er1.0__norm_original_radius,matched_er_4to1_chunk_6,31,KR,0.6401793299633245,96
sign_test_er1.0__norm_original_radius,matched_er_4to1_chunk_6,31,MC,0.43870490979387433,96
sign_test_er1.0__norm_original_radius,matched_er_4to1_chunk_6,32,GR,0.8574423659898633,96
sign_test_er1.0__norm_original_radius,matched_er_4to1_chunk_6,32,IPC,0.5242363818658292,96
sign_test_er1.0__norm_original_radius,matched_er_4to1_chunk_6,32,KR,0.6608094184778963,96
sign_test_er1.0__norm_original_radius,matched_er_4to1_chunk_6,32,MC,0.4321692813153561,96
sign_test_er1.0__norm_original_radius,matched_er_4to1_chunk_6,33,GR,0.826271934682982,96
sign_test_er1.0__norm_original_radius,matched_er_4to1_chunk_6,33,IPC,0.5088319575566517,96
sign_test_er1.0__norm_original_radius,matched_er_4to1_chunk_6,33,KR,0.6308242051244325,96
sign_test_er1.0__norm_original_radius,matched_er_4to1_chunk_6,33,MC,0.45358045847753287,96
sign_test_er1.0__norm_original_radius,matched_er_4to1_chunk_6,34,GR,0.7899063093175112,96
sign_test_er1.0__norm_original_radius,matched_er_4to1_chunk_6,34,IPC,0.463626365563501,96
sign_test_er1.0__norm_original_radius,matched_er_4to1_chunk_6,34,KR,0.6437878952929209,96
sign_test_er1.0__norm_original_radius,matched_er_4to1_chunk_6,34,MC,0.41129355744304474,96
sign_test_er1.0__norm_original_radius,matched_er_4to1_chunk_7,35,GR,0.8396337126531059,96
sign_test_er1.0__norm_original_radius,matched_er_4to1_chunk_7,35,IPC,0.5101551274884956,96
sign_test_er1.0__norm_original_radius,matched_er_4to1_chunk_7,35,KR,0.6299213117551353,96
sign_test_er1.0__norm_original_radius,matched_er_4to1_chunk_7,35,MC,0.4497408304142484,96
sign_test_er1.0__norm_original_radius,matched_er_4to1_chunk_7,36,GR,0.8465799129238354,96
sign_test_er1.0__norm_original_radius,matched_er_4to1_chunk_7,36,IPC,0.49970917082860034,96
sign_test_er1.0__norm_original_radius,matched_er_4to1_chunk_7,36,KR,0.676130092085188,96
sign_test_er1.0__norm_original_radius,matched_er_4to1_chunk_7,36,MC,0.44269431956364547,96
sign_test_er1.0__norm_original_radius,matched_er_4to1_chunk_7,37,GR,0.839388677658626,96
sign_test_er1.0__norm_original_radius,matched_er_4to1_chunk_7,37,IPC,0.5006261159000294,96
sign_test_er1.0__norm_original_radius,matched_er_4to1_chunk_7,37,KR,0.6545131702698167,96
sign_test_er1.0__norm_original_radius,matched_er_4to1_chunk_7,37,MC,0.42967068467517094,96
sign_test_er1.0__norm_original_radius,matched_er_4to1_chunk_7,38,GR,0.8782232895978848,96
sign_test_er1.0__norm_original_radius,matched_er_4to1_chunk_7,38,IPC,0.4497426214467824,96
sign_test_er1.0__norm_original_radius,matched_er_4to1_chunk_7,38,KR,0.6313676715844828,96
sign_test_er1.0__norm_original_radius,matched_er_4to1_chunk_7,38,MC,0.3731875927040797,96
sign_test_er1.0__norm_original_radius,matched_er_4to1_chunk_7,39,GR,0.8547926968760285,96
sign_test_er1.0__norm_original_radius,matched_er_4to1_chunk_7,39,IPC,0.4634950431911342,96
sign_test_er1.0__norm_original_radius,matched_er_4to1_chunk_7,39,KR,0.6726633588332822,96
sign_test_er1.0__norm_original_radius,matched_er_4to1_chunk_7,39,MC,0.43136380405248376,96
sign_test_er1.0__norm_original_radius,matched_er_4to1_chunk_8,40,GR,0.862907488157799,96
sign_test_er1.0__norm_original_radius,matched_er_4to1_chunk_8,40,IPC,0.5127030150425171,96
sign_test_er1.0__norm_original_radius,matched_er_4to1_chunk_8,40,KR,0.6526083550251323,96
sign_test_er1.0__norm_original_radius,matched_er_4to1_chunk_8,40,MC,0.44163026102964603,96
sign_test_er1.0__norm_original_radius,matched_er_4to1_chunk_8,41,GR,0.8727200181925973,96
sign_test_er1.0__norm_original_radius,matched_er_4to1_chunk_8,41,IPC,0.46519298396594705,96
sign_test_er1.0__norm_original_radius,matched_er_4to1_chunk_8,41,KR,0.6314657905965662,96
sign_test_er1.0__norm_original_radius,matched_er_4to1_chunk_8,41,MC,0.40065342741980436,96
sign_test_er1.0__norm_original_radius,matched_er_4to1_chunk_8,42,GR,0.8475081767015729,96
sign_test_er1.0__norm_original_radius,matched_er_4to1_chunk_8,42,IPC,0.5065078590729861,96
sign_test_er1.0__norm_original_radius,matched_er_4to1_chunk_8,42,KR,0.6461527411215203,96
sign_test_er1.0__norm_original_radius,matched_er_4to1_chunk_8,42,MC,0.4522825877043076,96
sign_test_er1.0__norm_original_radius,matched_er_4to1_chunk_8,43,GR,0.872847091282474,96
sign_test_er1.0__norm_original_radius,matched_er_4to1_chunk_8,43,IPC,0.46524543051701833,96
sign_test_er1.0__norm_original_radius,matched_er_4to1_chunk_8,43,KR,0.6430635689568605,96
sign_test_er1.0__norm_original_radius,matched_er_4to1_chunk_8,43,MC,0.4172049024470402,96
sign_test_er1.0__norm_original_radius,matched_er_4to1_chunk_8,44,GR,0.8736273645141531,96
sign_test_er1.0__norm_original_radius,matched_er_4to1_chunk_8,44,IPC,0.4914886509333362,96
sign_test_er1.0__norm_original_radius,matched_er_4to1_chunk_8,44,KR,0.6178852040580171,96
sign_test_er1.0__norm_original_radius,matched_er_4to1_chunk_8,44,MC,0.43688337652671216,96
sign_test_er1.0__norm_original_radius,matched_er_4to1_chunk_9,45,GR,0.8369048189046085,96
sign_test_er1.0__norm_original_radius,matched_er_4to1_chunk_9,45,IPC,0.4935033646470689,96
sign_test_er1.0__norm_original_radius,matched_er_4to1_chunk_9,45,KR,0.6410836008268522,96
sign_test_er1.0__norm_original_radius,matched_er_4to1_chunk_9,45,MC,0.4243762593364179,96
sign_test_er1.0__norm_original_radius,matched_er_4to1_chunk_9,46,GR,0.8336158457257017,96
sign_test_er1.0__norm_original_radius,matched_er_4to1_chunk_9,46,IPC,0.4879994854783425,96
sign_test_er1.0__norm_original_radius,matched_er_4to1_chunk_9,46,KR,0.6616016479370126,96
sign_test_er1.0__norm_original_radius,matched_er_4to1_chunk_9,46,MC,0.44547053202729103,96
sign_test_er1.0__norm_original_radius,matched_er_4to1_chunk_9,47,GR,0.8010841281095086,96
sign_test_er1.0__norm_original_radius,matched_er_4to1_chunk_9,47,IPC,0.5185446207285331,96
sign_test_er1.0__norm_original_radius,matched_er_4to1_chunk_9,47,KR,0.6678899247549351,96
sign_test_er1.0__norm_original_radius,matched_er_4to1_chunk_9,47,MC,0.4642945650575588,96
sign_test_er1.0__norm_original_radius,matched_er_4to1_chunk_9,48,GR,0.8288640609992767,96
sign_test_er1.0__norm_original_radius,matched_er_4to1_chunk_9,48,IPC,0.4958564939397544,96
sign_test_er1.0__norm_original_radius,matched_er_4to1_chunk_9,48,KR,0.6490648137849874,96
sign_test_er1.0__norm_original_radius,matched_er_4to1_chunk_9,48,MC,0.4392259891223331,96
sign_test_er1.0__norm_original_radius,matched_er_4to1_chunk_9,49,GR,0.8207555687540186,96
sign_test_er1.0__norm_original_radius,matched_er_4to1_chunk_9,49,IPC,0.4928434125623989,96
sign_test_er1.0__norm_original_radius,matched_er_4to1_chunk_9,49,KR,0.6432399179887115,96
sign_test_er1.0__norm_original_radius,matched_er_4to1_chunk_9,49,MC,0.426425691209211,96
sign_test_er1.0__norm_spectral_radius,matched_er_4to1_chunk_0,0,GR,0.5189212744224482,96
sign_test_er1.0__norm_spectral_radius,matched_er_4to1_chunk_0,0,IPC,0.24744898322346076,96
sign_test_er1.0__norm_spectral_radius,matched_er_4to1_chunk_0,0,KR,0.3096803083335577,96
sign_test_er1.0__norm_spectral_radius,matched_er_4to1_chunk_0,0,MC,0.251921649207635,96
sign_test_er1.0__norm_spectral_radius,matched_er_4to1_chunk_0,1,GR,0.5179885185786999,96
sign_test_er1.0__norm_spectral_radius,matched_er_4to1_chunk_0,1,IPC,0.22206376383989782,96
sign_test_er1.0__norm_spectral_radius,matched_er_4to1_chunk_0,1,KR,0.31538746445539834,96
sign_test_er1.0__norm_spectral_radius,matched_er_4to1_chunk_0,1,MC,0.2571031570237705,96
sign_test_er1.0__norm_spectral_radius,matched_er_4to1_chunk_0,2,GR,0.5049022218629764,96
sign_test_er1.0__norm_spectral_radius,matched_er_4to1_chunk_0,2,IPC,0.24467996155345462,96
sign_test_er1.0__norm_spectral_radius,matched_er_4to1_chunk_0,2,KR,0.30013961430398434,96
sign_test_er1.0__norm_spectral_radius,matched_er_4to1_chunk_0,2,MC,0.2542101573459584,96
sign_test_er1.0__norm_spectral_radius,matched_er_4to1_chunk_0,3,GR,0.48819013095469227,96
sign_test_er1.0__norm_spectral_radius,matched_er_4to1_chunk_0,3,IPC,0.2733044813201934,96
sign_test_er1.0__norm_spectral_radius,matched_er_4to1_chunk_0,3,KR,0.2837886324315623,96
sign_test_er1.0__norm_spectral_radius,matched_er_4to1_chunk_0,3,MC,0.26947480723487666,96
sign_test_er1.0__norm_spectral_radius,matched_er_4to1_chunk_0,4,GR,0.5297412186891487,96
sign_test_er1.0__norm_spectral_radius,matched_er_4to1_chunk_0,4,IPC,0.23082664163954925,96
sign_test_er1.0__norm_spectral_radius,matched_er_4to1_chunk_0,4,KR,0.3315148831989855,96
sign_test_er1.0__norm_spectral_radius,matched_er_4to1_chunk_0,4,MC,0.2689393498804557,96
sign_test_er1.0__norm_spectral_radius,matched_er_4to1_chunk_1,5,GR,0.5289025981732155,96
sign_test_er1.0__norm_spectral_radius,matched_er_4to1_chunk_1,5,IPC,0.2545996344900212,96
sign_test_er1.0__norm_spectral_radius,matched_er_4to1_chunk_1,5,KR,0.33167160038746785,96
sign_test_er1.0__norm_spectral_radius,matched_er_4to1_chunk_1,5,MC,0.2572549992242964,96
sign_test_er1.0__norm_spectral_radius,matched_er_4to1_chunk_1,6,GR,0.5217852393851649,96
sign_test_er1.0__norm_spectral_radius,matched_er_4to1_chunk_1,6,IPC,0.2426288263001667,96
sign_test_er1.0__norm_spectral_radius,matched_er_4to1_chunk_1,6,KR,0.32188169015442103,96
sign_test_er1.0__norm_spectral_radius,matched_er_4to1_chunk_1,6,MC,0.2708095526802838,96
sign_test_er1.0__norm_spectral_radius,matched_er_4to1_chunk_1,7,GR,0.5141530905805953,96
sign_test_er1.0__norm_spectral_radius,matched_er_4to1_chunk_1,7,IPC,0.27705455344833696,96
sign_test_er1.0__norm_spectral_radius,matched_er_4to1_chunk_1,7,KR,0.31022597708195687,96
sign_test_er1.0__norm_spectral_radius,matched_er_4to1_chunk_1,7,MC,0.2880781700632501,96
sign_test_er1.0__norm_spectral_radius,matched_er_4to1_chunk_1,8,GR,0.5116385263188811,96
sign_test_er1.0__norm_spectral_radius,matched_er_4to1_chunk_1,8,IPC,0.2569906016372063,96
sign_test_er1.0__norm_spectral_radius,matched_er_4to1_chunk_1,8,KR,0.31110326391136695,96
sign_test_er1.0__norm_spectral_radius,matched_er_4to1_chunk_1,8,MC,0.2869592600685402,96
sign_test_er1.0__norm_spectral_radius,matched_er_4to1_chunk_1,9,GR,0.5206485775604512,96
sign_test_er1.0__norm_spectral_radius,matched_er_4to1_chunk_1,9,IPC,0.2522339117195314,96
sign_test_er1.0__norm_spectral_radius,matched_er_4to1_chunk_1,9,KR,0.3090347472936993,96
sign_test_er1.0__norm_spectral_radius,matched_er_4to1_chunk_1,9,MC,0.2747952091342494,96
sign_test_er1.0__norm_spectral_radius,matched_er_4to1_chunk_10,50,GR,0.5569223161634737,96
sign_test_er1.0__norm_spectral_radius,matched_er_4to1_chunk_10,50,IPC,0.2299375350354252,96
sign_test_er1.0__norm_spectral_radius,matched_er_4to1_chunk_10,50,KR,0.36563524377652173,96
sign_test_er1.0__norm_spectral_radius,matched_er_4to1_chunk_10,50,MC,0.25852590725002866,96
sign_test_er1.0__norm_spectral_radius,matched_er_4to1_chunk_10,51,GR,0.5408686088970031,96
sign_test_er1.0__norm_spectral_radius,matched_er_4to1_chunk_10,51,IPC,0.29397120799822424,96
sign_test_er1.0__norm_spectral_radius,matched_er_4to1_chunk_10,51,KR,0.3395861034723719,96
sign_test_er1.0__norm_spectral_radius,matched_er_4to1_chunk_10,51,MC,0.3081295203068081,96
sign_test_er1.0__norm_spectral_radius,matched_er_4to1_chunk_10,52,GR,0.4835652434620456,96
sign_test_er1.0__norm_spectral_radius,matched_er_4to1_chunk_10,52,IPC,0.2472665732266656,96
sign_test_er1.0__norm_spectral_radius,matched_er_4to1_chunk_10,52,KR,0.2784093407285011,96
sign_test_er1.0__norm_spectral_radius,matched_er_4to1_chunk_10,52,MC,0.2800990640305799,96
sign_test_er1.0__norm_spectral_radius,matched_er_4to1_chunk_10,53,GR,0.5600902673107813,96
sign_test_er1.0__norm_spectral_radius,matched_er_4to1_chunk_10,53,IPC,0.23468836138472846,96
sign_test_er1.0__norm_spectral_radius,matched_er_4to1_chunk_10,53,KR,0.35999232229692835,96
sign_test_er1.0__norm_spectral_radius,matched_er_4to1_chunk_10,53,MC,0.23651499494243303,96
sign_test_er1.0__norm_spectral_radius,matched_er_4to1_chunk_10,54,GR,0.5367775300699674,96
sign_test_er1.0__norm_spectral_radius,matched_er_4to1_chunk_10,54,IPC,0.22131887410452045,96
sign_test_er1.0__norm_spectral_radius,matched_er_4to1_chunk_10,54,KR,0.33378563278978285,96
sign_test_er1.0__norm_spectral_radius,matched_er_4to1_chunk_10,54,MC,0.24099474726377929,96
sign_test_er1.0__norm_spectral_radius,matched_er_4to1_chunk_11,55,GR,0.5171126186241979,96
sign_test_er1.0__norm_spectral_radius,matched_er_4to1_chunk_11,55,IPC,0.26076405120307494,96
sign_test_er1.0__norm_spectral_radius,matched_er_4to1_chunk_11,55,KR,0.32071788741554447,96
sign_test_er1.0__norm_spectral_radius,matched_er_4to1_chunk_11,55,MC,0.2555578097474136,96
sign_test_er1.0__norm_spectral_radius,matched_er_4to1_chunk_11,56,GR,0.5454187316496213,96
sign_test_er1.0__norm_spectral_radius,matched_er_4to1_chunk_11,56,IPC,0.2558942426220345,96
sign_test_er1.0__norm_spectral_radius,matched_er_4to1_chunk_11,56,KR,0.3484352961099286,96
sign_test_er1.0__norm_spectral_radius,matched_er_4to1_chunk_11,56,MC,0.26467352045748754,96
sign_test_er1.0__norm_spectral_radius,matched_er_4to1_chunk_11,57,GR,0.5281193727563994,96
sign_test_er1.0__norm_spectral_radius,matched_er_4to1_chunk_11,57,IPC,0.2419495643198623,96
sign_test_er1.0__norm_spectral_radius,matched_er_4to1_chunk_11,57,KR,0.32766962404668865,96
sign_test_er1.0__norm_spectral_radius,matched_er_4to1_chunk_11,57,MC,0.259936042381818,96
sign_test_er1.0__norm_spectral_radius,matched_er_4to1_chunk_11,58,GR,0.5210465909087351,96
sign_test_er1.0__norm_spectral_radius,matched_er_4to1_chunk_11,58,IPC,0.25742877863383906,96
sign_test_er1.0__norm_spectral_radius,matched_er_4to1_chunk_11,58,KR,0.31898644564145406,96
sign_test_er1.0__norm_spectral_radius,matched_er_4to1_chunk_11,58,MC,0.2694573415020767,96
sign_test_er1.0__norm_spectral_radius,matched_er_4to1_chunk_11,59,GR,0.5014683761667185,96
sign_test_er1.0__norm_spectral_radius,matched_er_4to1_chunk_11,59,IPC,0.2651513640337539,96
sign_test_er1.0__norm_spectral_radius,matched_er_4to1_chunk_11,59,KR,0.2977841455183675,96
sign_test_er1.0__norm_spectral_radius,matched_er_4to1_chunk_11,59,MC,0.3015089781472064,96
sign_test_er1.0__norm_spectral_radius,matched_er_4to1_chunk_12,60,GR,0.5041857903177743,96
sign_test_er1.0__norm_spectral_radius,matched_er_4to1_chunk_12,60,IPC,0.26959254212199585,96
sign_test_er1.0__norm_spectral_radius,matched_er_4to1_chunk_12,60,KR,0.30993713539451734,96
sign_test_er1.0__norm_spectral_radius,matched_er_4to1_chunk_12,60,MC,0.3277323504352848,96
sign_test_er1.0__norm_spectral_radius,matched_er_4to1_chunk_12,61,GR,0.536374610955208,96
sign_test_er1.0__norm_spectral_radius,matched_er_4to1_chunk_12,61,IPC,0.25255980508766607,96
sign_test_er1.0__norm_spectral_radius,matched_er_4to1_chunk_12,61,KR,0.34381249274305814,96
sign_test_er1.0__norm_spectral_radius,matched_er_4to1_chunk_12,61,MC,0.25974110082905716,96
sign_test_er1.0__norm_spectral_radius,matched_er_4to1_chunk_12,62,GR,0.5178067235328464,96
sign_test_er1.0__norm_spectral_radius,matched_er_4to1_chunk_12,62,IPC,0.24489172892406869,96
sign_test_er1.0__norm_spectral_radius,matched_er_4to1_chunk_12,62,KR,0.32079168577462747,96
sign_test_er1.0__norm_spectral_radius,matched_er_4to1_chunk_12,62,MC,0.2648142084595678,96
sign_test_er1.0__norm_spectral_radius,matched_er_4to1_chunk_12,63,GR,0.5285523966881731,96
sign_test_er1.0__norm_spectral_radius,matched_er_4to1_chunk_12,63,IPC,0.24224282635123748,96
sign_test_er1.0__norm_spectral_radius,matched_er_4to1_chunk_12,63,KR,0.3312745073465995,96
sign_test_er1.0__norm_spectral_radius,matched_er_4to1_chunk_12,63,MC,0.2570158046611263,96
sign_test_er1.0__norm_spectral_radius,matched_er_4to1_chunk_12,64,GR,0.5104962809153402,96
sign_test_er1.0__norm_spectral_radius,matched_er_4to1_chunk_12,64,IPC,0.2652094934037398,96
sign_test_er1.0__norm_spectral_radius,matched_er_4to1_chunk_12,64,KR,0.3116888952853293,96
sign_test_er1.0__norm_spectral_radius,matched_er_4to1_chunk_12,64,MC,0.28169780143077394,96
sign_test_er1.0__norm_spectral_radius,matched_er_4to1_chunk_13,65,GR,0.5181664254265045,96
sign_test_er1.0__norm_spectral_radius,matched_er_4to1_chunk_13,65,IPC,0.2812813406777282,96
sign_test_er1.0__norm_spectral_radius,matched_er_4to1_chunk_13,65,KR,0.3192771456289655,96
sign_test_er1.0__norm_spectral_radius,matched_er_4to1_chunk_13,65,MC,0.28803907900975906,96
sign_test_er1.0__norm_spectral_radius,matched_er_4to1_chunk_13,66,GR,0.4908922809498403,96
sign_test_er1.0__norm_spectral_radius,matched_er_4to1_chunk_13,66,IPC,0.2514066249147347,96
sign_test_er1.0__norm_spectral_radius,matched_er_4to1_chunk_13,66,KR,0.28924327872353495,96
sign_test_er1.0__norm_spectral_radius,matched_er_4to1_chunk_13,66,MC,0.297638201458124,96
sign_test_er1.0__norm_spectral_radius,matched_er_4to1_chunk_13,67,GR,0.497678941203016,96
sign_test_er1.0__norm_spectral_radius,matched_er_4to1_chunk_13,67,IPC,0.27081763470317766,96
sign_test_er1.0__norm_spectral_radius,matched_er_4to1_chunk_13,67,KR,0.3008706145948753,96
sign_test_er1.0__norm_spectral_radius,matched_er_4to1_chunk_13,67,MC,0.29379745913867267,96
sign_test_er1.0__norm_spectral_radius,matched_er_4to1_chunk_13,68,GR,0.5379709059578576,96
sign_test_er1.0__norm_spectral_radius,matched_er_4to1_chunk_13,68,IPC,0.26501562633323456,96
sign_test_er1.0__norm_spectral_radius,matched_er_4to1_chunk_13,68,KR,0.33851839989822613,96
sign_test_er1.0__norm_spectral_radius,matched_er_4to1_chunk_13,68,MC,0.25798206831050347,96
sign_test_er1.0__norm_spectral_radius,matched_er_4to1_chunk_13,69,GR,0.5135019952704444,96
sign_test_er1.0__norm_spectral_radius,matched_er_4to1_chunk_13,69,IPC,0.2586048428745157,96
sign_test_er1.0__norm_spectral_radius,matched_er_4to1_chunk_13,69,KR,0.3262439245664574,96
sign_test_er1.0__norm_spectral_radius,matched_er_4to1_chunk_13,69,MC,0.2660631474022665,96
sign_test_er1.0__norm_spectral_radius,matched_er_4to1_chunk_14,70,GR,0.5243323191404624,96
sign_test_er1.0__norm_spectral_radius,matched_er_4to1_chunk_14,70,IPC,0.2540054256654754,96
sign_test_er1.0__norm_spectral_radius,matched_er_4to1_chunk_14,70,KR,0.31839936813852365,96
sign_test_er1.0__norm_spectral_radius,matched_er_4to1_chunk_14,70,MC,0.29066876323185525,96
sign_test_er1.0__norm_spectral_radius,matched_er_4to1_chunk_14,71,GR,0.5312040613101335,96
sign_test_er1.0__norm_spectral_radius,matched_er_4to1_chunk_14,71,IPC,0.23751582434261667,96
sign_test_er1.0__norm_spectral_radius,matched_er_4to1_chunk_14,71,KR,0.3323767736194894,96
sign_test_er1.0__norm_spectral_radius,matched_er_4to1_chunk_14,71,MC,0.26620767358721786,96
sign_test_er1.0__norm_spectral_radius,matched_er_4to1_chunk_14,72,GR,0.5078203922004446,96
sign_test_er1.0__norm_spectral_radius,matched_er_4to1_chunk_14,72,IPC,0.22600828371642923,96
sign_test_er1.0__norm_spectral_radius,matched_er_4to1_chunk_14,72,KR,0.2971152630169876,96
sign_test_er1.0__norm_spectral_radius,matched_er_4to1_chunk_14,72,MC,0.24325342625373098,96
sign_test_er1.0__norm_spectral_radius,matched_er_4to1_chunk_14,73,GR,0.50699714736998,96
sign_test_er1.0__norm_spectral_radius,matched_er_4to1_chunk_14,73,IPC,0.2539727652455254,96
sign_test_er1.0__norm_spectral_radius,matched_er_4to1_chunk_14,73,KR,0.3111143452732223,96
sign_test_er1.0__norm_spectral_radius,matched_er_4to1_chunk_14,73,MC,0.2716009544613235,96
sign_test_er1.0__norm_spectral_radius,matched_er_4to1_chunk_14,74,GR,0.5160884477834929,96
sign_test_er1.0__norm_spectral_radius,matched_er_4to1_chunk_14,74,IPC,0.2611306026753754,96
sign_test_er1.0__norm_spectral_radius,matched_er_4to1_chunk_14,74,KR,0.3056455950761496,96
sign_test_er1.0__norm_spectral_radius,matched_er_4to1_chunk_14,74,MC,0.2601227252750035,96
sign_test_er1.0__norm_spectral_radius,matched_er_4to1_chunk_15,75,GR,0.499932513321316,96
sign_test_er1.0__norm_spectral_radius,matched_er_4to1_chunk_15,75,IPC,0.24969944483770953,96
sign_test_er1.0__norm_spectral_radius,matched_er_4to1_chunk_15,75,KR,0.29645877299255435,96
sign_test_er1.0__norm_spectral_radius,matched_er_4to1_chunk_15,75,MC,0.248334310375842,96
sign_test_er1.0__norm_spectral_radius,matched_er_4to1_chunk_15,76,GR,0.5191219567900702,96
sign_test_er1.0__norm_spectral_radius,matched_er_4to1_chunk_15,76,IPC,0.2610535530157814,96
sign_test_er1.0__norm_spectral_radius,matched_er_4to1_chunk_15,76,KR,0.31952245494088216,96
sign_test_er1.0__norm_spectral_radius,matched_er_4to1_chunk_15,76,MC,0.26458362222800214,96
sign_test_er1.0__norm_spectral_radius,matched_er_4to1_chunk_15,77,GR,0.5385061169147258,96
sign_test_er1.0__norm_spectral_radius,matched_er_4to1_chunk_15,77,IPC,0.25077100574337485,96
sign_test_er1.0__norm_spectral_radius,matched_er_4to1_chunk_15,77,KR,0.34514194771142914,96
sign_test_er1.0__norm_spectral_radius,matched_er_4to1_chunk_15,77,MC,0.24832256276713546,96
sign_test_er1.0__norm_spectral_radius,matched_er_4to1_chunk_15,78,GR,0.5356667866301064,96
sign_test_er1.0__norm_spectral_radius,matched_er_4to1_chunk_15,78,IPC,0.28788084030892164,96
sign_test_er1.0__norm_spectral_radius,matched_er_4to1_chunk_15,78,KR,0.3331912808057463,96
sign_test_er1.0__norm_spectral_radius,matched_er_4to1_chunk_15,78,MC,0.2862362340996792,96
sign_test_er1.0__norm_spectral_radius,matched_er_4to1_chunk_15,79,GR,0.5073077115678368,96
sign_test_er1.0__norm_spectral_radius,matched_er_4to1_chunk_15,79,IPC,0.25234890036677926,96
sign_test_er1.0__norm_spectral_radius,matched_er_4to1_chunk_15,79,KR,0.3000277655814247,96
sign_test_er1.0__norm_spectral_radius,matched_er_4to1_chunk_15,79,MC,0.28717331225541903,96
sign_test_er1.0__norm_spectral_radius,matched_er_4to1_chunk_16,80,GR,0.5322178774482691,96
sign_test_er1.0__norm_spectral_radius,matched_er_4to1_chunk_16,80,IPC,0.20682884393321646,96
sign_test_er1.0__norm_spectral_radius,matched_er_4to1_chunk_16,80,KR,0.3340621437615744,96
sign_test_er1.0__norm_spectral_radius,matched_er_4to1_chunk_16,80,MC,0.2523554295795973,96
sign_test_er1.0__norm_spectral_radius,matched_er_4to1_chunk_16,81,GR,0.5237129551884976,96
sign_test_er1.0__norm_spectral_radius,matched_er_4to1_chunk_16,81,IPC,0.24484743920573346,96
sign_test_er1.0__norm_spectral_radius,matched_er_4to1_chunk_16,81,KR,0.3277288125248096,96
sign_test_er1.0__norm_spectral_radius,matched_er_4to1_chunk_16,81,MC,0.25051397829592714,96
sign_test_er1.0__norm_spectral_radius,matched_er_4to1_chunk_16,82,GR,0.527629872034545,96
sign_test_er1.0__norm_spectral_radius,matched_er_4to1_chunk_16,82,IPC,0.23081054536162335,96
sign_test_er1.0__norm_spectral_radius,matched_er_4to1_chunk_16,82,KR,0.3310199801214833,96
sign_test_er1.0__norm_spectral_radius,matched_er_4to1_chunk_16,82,MC,0.28669019711194355,96
sign_test_er1.0__norm_spectral_radius,matched_er_4to1_chunk_16,83,GR,0.5496495926950179,96
sign_test_er1.0__norm_spectral_radius,matched_er_4to1_chunk_16,83,IPC,0.24056845838692367,96
sign_test_er1.0__norm_spectral_radius,matched_er_4to1_chunk_16,83,KR,0.3353479778447499,96
sign_test_er1.0__norm_spectral_radius,matched_er_4to1_chunk_16,83,MC,0.2809352202344401,96
sign_test_er1.0__norm_spectral_radius,matched_er_4to1_chunk_16,84,GR,0.504277077313781,96
sign_test_er1.0__norm_spectral_radius,matched_er_4to1_chunk_16,84,IPC,0.27686799494196657,96
sign_test_er1.0__norm_spectral_radius,matched_er_4to1_chunk_16,84,KR,0.2991195006714578,96
sign_test_er1.0__norm_spectral_radius,matched_er_4to1_chunk_16,84,MC,0.2899950465220475,96
sign_test_er1.0__norm_spectral_radius,matched_er_4to1_chunk_17,85,GR,0.5456983683700825,96
sign_test_er1.0__norm_spectral_radius,matched_er_4to1_chunk_17,85,IPC,0.23781924765449877,96
sign_test_er1.0__norm_spectral_radius,matched_er_4to1_chunk_17,85,KR,0.3433122794815821,96
sign_test_er1.0__norm_spectral_radius,matched_er_4to1_chunk_17,85,MC,0.2630024785142918,96
sign_test_er1.0__norm_spectral_radius,matched_er_4to1_chunk_17,86,GR,0.5057166810266482,96
sign_test_er1.0__norm_spectral_radius,matched_er_4to1_chunk_17,86,IPC,0.24957564535198026,96
sign_test_er1.0__norm_spectral_radius,matched_er_4to1_chunk_17,86,KR,0.2954324164090792,96
sign_test_er1.0__norm_spectral_radius,matched_er_4to1_chunk_17,86,MC,0.3041269569775049,96
sign_test_er1.0__norm_spectral_radius,matched_er_4to1_chunk_17,87,GR,0.5111299480641709,96
sign_test_er1.0__norm_spectral_radius,matched_er_4to1_chunk_17,87,IPC,0.24772213459892153,96
sign_test_er1.0__norm_spectral_radius,matched_er_4to1_chunk_17,87,KR,0.3086655298819589,96
sign_test_er1.0__norm_spectral_radius,matched_er_4to1_chunk_17,87,MC,0.29032409522942193,96
sign_test_er1.0__norm_spectral_radius,matched_er_4to1_chunk_17,88,GR,0.5305101518410832,96
sign_test_er1.0__norm_spectral_radius,matched_er_4to1_chunk_17,88,IPC,0.25247578703323653,96
sign_test_er1.0__norm_spectral_radius,matched_er_4to1_chunk_17,88,KR,0.3293621042316761,96
sign_test_er1.0__norm_spectral_radius,matched_er_4to1_chunk_17,88,MC,0.28190119260522173,96
sign_test_er1.0__norm_spectral_radius,matched_er_4to1_chunk_17,89,GR,0.5247319989312095,96
sign_test_er1.0__norm_spectral_radius,matched_er_4to1_chunk_17,89,IPC,0.24722854053114313,96
sign_test_er1.0__norm_spectral_radius,matched_er_4to1_chunk_17,89,KR,0.3222428004163513,96
sign_test_er1.0__norm_spectral_radius,matched_er_4to1_chunk_17,89,MC,0.2772103099484283,96
sign_test_er1.0__norm_spectral_radius,matched_er_4to1_chunk_18,90,GR,0.5479382386743901,96
sign_test_er1.0__norm_spectral_radius,matched_er_4to1_chunk_18,90,IPC,0.2302341573805675,96
sign_test_er1.0__norm_spectral_radius,matched_er_4to1_chunk_18,90,KR,0.354347952769631,96
sign_test_er1.0__norm_spectral_radius,matched_er_4to1_chunk_18,90,MC,0.24751490742039745,96
sign_test_er1.0__norm_spectral_radius,matched_er_4to1_chunk_18,91,GR,0.5471437041700898,96
sign_test_er1.0__norm_spectral_radius,matched_er_4to1_chunk_18,91,IPC,0.2197656978457744,96
sign_test_er1.0__norm_spectral_radius,matched_er_4to1_chunk_18,91,KR,0.3550169407344764,96
sign_test_er1.0__norm_spectral_radius,matched_er_4to1_chunk_18,91,MC,0.25655914123159007,96
sign_test_er1.0__norm_spectral_radius,matched_er_4to1_chunk_18,92,GR,0.5566083260219156,96
sign_test_er1.0__norm_spectral_radius,matched_er_4to1_chunk_18,92,IPC,0.21894120924062055,96
sign_test_er1.0__norm_spectral_radius,matched_er_4to1_chunk_18,92,KR,0.35621252686607835,96
sign_test_er1.0__norm_spectral_radius,matched_er_4to1_chunk_18,92,MC,0.2541024131965183,96
sign_test_er1.0__norm_spectral_radius,matched_er_4to1_chunk_18,93,GR,0.5173003990675853,96
sign_test_er1.0__norm_spectral_radius,matched_er_4to1_chunk_18,93,IPC,0.2621931339220966,96
sign_test_er1.0__norm_spectral_radius,matched_er_4to1_chunk_18,93,KR,0.31509365812393275,96
sign_test_er1.0__norm_spectral_radius,matched_er_4to1_chunk_18,93,MC,0.26566016407734994,96
sign_test_er1.0__norm_spectral_radius,matched_er_4to1_chunk_18,94,GR,0.5038153824674246,96
sign_test_er1.0__norm_spectral_radius,matched_er_4to1_chunk_18,94,IPC,0.2586936239752839,96
sign_test_er1.0__norm_spectral_radius,matched_er_4to1_chunk_18,94,KR,0.29785950301376857,96
sign_test_er1.0__norm_spectral_radius,matched_er_4to1_chunk_18,94,MC,0.3085330200966381,96
sign_test_er1.0__norm_spectral_radius,matched_er_4to1_chunk_19,95,GR,0.5187897308750719,96
sign_test_er1.0__norm_spectral_radius,matched_er_4to1_chunk_19,95,IPC,0.2164937615579145,96
sign_test_er1.0__norm_spectral_radius,matched_er_4to1_chunk_19,95,KR,0.3123845229240734,96
sign_test_er1.0__norm_spectral_radius,matched_er_4to1_chunk_19,95,MC,0.2945449587514119,96
sign_test_er1.0__norm_spectral_radius,matched_er_4to1_chunk_19,96,GR,0.5557984298096675,96
sign_test_er1.0__norm_spectral_radius,matched_er_4to1_chunk_19,96,IPC,0.22800485161126766,96
sign_test_er1.0__norm_spectral_radius,matched_er_4to1_chunk_19,96,KR,0.3535435881170413,96
sign_test_er1.0__norm_spectral_radius,matched_er_4to1_chunk_19,96,MC,0.2722294216253568,96
sign_test_er1.0__norm_spectral_radius,matched_er_4to1_chunk_19,97,GR,0.5413761186643348,96
sign_test_er1.0__norm_spectral_radius,matched_er_4to1_chunk_19,97,IPC,0.2567197986597559,96
sign_test_er1.0__norm_spectral_radius,matched_er_4to1_chunk_19,97,KR,0.34916033076773456,96
sign_test_er1.0__norm_spectral_radius,matched_er_4to1_chunk_19,97,MC,0.26873471585205116,96
sign_test_er1.0__norm_spectral_radius,matched_er_4to1_chunk_19,98,GR,0.5075981551267221,96
sign_test_er1.0__norm_spectral_radius,matched_er_4to1_chunk_19,98,IPC,0.24340577038277272,96
sign_test_er1.0__norm_spectral_radius,matched_er_4to1_chunk_19,98,KR,0.31448046556423026,96
sign_test_er1.0__norm_spectral_radius,matched_er_4to1_chunk_19,98,MC,0.2717690363079461,96
sign_test_er1.0__norm_spectral_radius,matched_er_4to1_chunk_19,99,GR,0.5236724857494285,96
sign_test_er1.0__norm_spectral_radius,matched_er_4to1_chunk_19,99,IPC,0.23103146298800284,96
sign_test_er1.0__norm_spectral_radius,matched_er_4to1_chunk_19,99,KR,0.330548278845695,96
sign_test_er1.0__norm_spectral_radius,matched_er_4to1_chunk_19,99,MC,0.26425701743985514,96
sign_test_er1.0__norm_spectral_radius,matched_er_4to1_chunk_2,10,GR,0.5412322083970343,96
sign_test_er1.0__norm_spectral_radius,matched_er_4to1_chunk_2,10,IPC,0.24468077416249784,96
sign_test_er1.0__norm_spectral_radius,matched_er_4to1_chunk_2,10,KR,0.3422331507612889,96
sign_test_er1.0__norm_spectral_radius,matched_er_4to1_chunk_2,10,MC,0.2462259397784104,96
sign_test_er1.0__norm_spectral_radius,matched_er_4to1_chunk_2,11,GR,0.529048675579639,96
sign_test_er1.0__norm_spectral_radius,matched_er_4to1_chunk_2,11,IPC,0.22893210857472582,96
sign_test_er1.0__norm_spectral_radius,matched_er_4to1_chunk_2,11,KR,0.34329283153984663,96
sign_test_er1.0__norm_spectral_radius,matched_er_4to1_chunk_2,11,MC,0.2381891710274392,96
sign_test_er1.0__norm_spectral_radius,matched_er_4to1_chunk_2,12,GR,0.5565780668188267,96
sign_test_er1.0__norm_spectral_radius,matched_er_4to1_chunk_2,12,IPC,0.2351343915897257,96
sign_test_er1.0__norm_spectral_radius,matched_er_4to1_chunk_2,12,KR,0.35615039411771643,96
sign_test_er1.0__norm_spectral_radius,matched_er_4to1_chunk_2,12,MC,0.28383765195412,96
sign_test_er1.0__norm_spectral_radius,matched_er_4to1_chunk_2,13,GR,0.5469419793936416,96
sign_test_er1.0__norm_spectral_radius,matched_er_4to1_chunk_2,13,IPC,0.24301618863612076,96
sign_test_er1.0__norm_spectral_radius,matched_er_4to1_chunk_2,13,KR,0.34484215355752573,96
sign_test_er1.0__norm_spectral_radius,matched_er_4to1_chunk_2,13,MC,0.24450015559077704,96
sign_test_er1.0__norm_spectral_radius,matched_er_4to1_chunk_2,14,GR,0.5057248656945786,96
sign_test_er1.0__norm_spectral_radius,matched_er_4to1_chunk_2,14,IPC,0.2529060701569508,96
sign_test_er1.0__norm_spectral_radius,matched_er_4to1_chunk_2,14,KR,0.30336595588262144,96
sign_test_er1.0__norm_spectral_radius,matched_er_4to1_chunk_2,14,MC,0.28629064669451876,96
sign_test_er1.0__norm_spectral_radius,matched_er_4to1_chunk_3,15,GR,0.5117663091392365,96
sign_test_er1.0__norm_spectral_radius,matched_er_4to1_chunk_3,15,IPC,0.25329131958831713,96
sign_test_er1.0__norm_spectral_radius,matched_er_4to1_chunk_3,15,KR,0.297877923876783,96
sign_test_er1.0__norm_spectral_radius,matched_er_4to1_chunk_3,15,MC,0.29565071052421954,96
sign_test_er1.0__norm_spectral_radius,matched_er_4to1_chunk_3,16,GR,0.5646434159950354,96
sign_test_er1.0__norm_spectral_radius,matched_er_4to1_chunk_3,16,IPC,0.2452817758338936,96
sign_test_er1.0__norm_spectral_radius,matched_er_4to1_chunk_3,16,KR,0.36223454673113226,96
sign_test_er1.0__norm_spectral_radius,matched_er_4to1_chunk_3,16,MC,0.25786076631122024,96
sign_test_er1.0__norm_spectral_radius,matched_er_4to1_chunk_3,17,GR,0.4952724967825169,96
sign_test_er1.0__norm_spectral_radius,matched_er_4to1_chunk_3,17,IPC,0.26168276368617266,96
sign_test_er1.0__norm_spectral_radius,matched_er_4to1_chunk_3,17,KR,0.2917984578791441,96
sign_test_er1.0__norm_spectral_radius,matched_er_4to1_chunk_3,17,MC,0.32357422237877564,96
sign_test_er1.0__norm_spectral_radius,matched_er_4to1_chunk_3,18,GR,0.5491570118815187,96
sign_test_er1.0__norm_spectral_radius,matched_er_4to1_chunk_3,18,IPC,0.26589664795497475,96
sign_test_er1.0__norm_spectral_radius,matched_er_4to1_chunk_3,18,KR,0.35264370026971276,96
sign_test_er1.0__norm_spectral_radius,matched_er_4to1_chunk_3,18,MC,0.2595768302851305,96
sign_test_er1.0__norm_spectral_radius,matched_er_4to1_chunk_3,19,GR,0.5366002346353484,96
sign_test_er1.0__norm_spectral_radius,matched_er_4to1_chunk_3,19,IPC,0.2493726372323032,96
sign_test_er1.0__norm_spectral_radius,matched_er_4to1_chunk_3,19,KR,0.3442289563086814,96
sign_test_er1.0__norm_spectral_radius,matched_er_4to1_chunk_3,19,MC,0.24351935980255815,96
sign_test_er1.0__norm_spectral_radius,matched_er_4to1_chunk_4,20,GR,0.5159878880822911,96
sign_test_er1.0__norm_spectral_radius,matched_er_4to1_chunk_4,20,IPC,0.2619593151809394,96
sign_test_er1.0__norm_spectral_radius,matched_er_4to1_chunk_4,20,KR,0.3104862795967592,96
sign_test_er1.0__norm_spectral_radius,matched_er_4to1_chunk_4,20,MC,0.2814166817879778,96
sign_test_er1.0__norm_spectral_radius,matched_er_4to1_chunk_4,21,GR,0.5040324211447016,96
sign_test_er1.0__norm_spectral_radius,matched_er_4to1_chunk_4,21,IPC,0.2766673279647686,96
sign_test_er1.0__norm_spectral_radius,matched_er_4to1_chunk_4,21,KR,0.30341045821111606,96
sign_test_er1.0__norm_spectral_radius,matched_er_4to1_chunk_4,21,MC,0.2913083739156812,96
sign_test_er1.0__norm_spectral_radius,matched_er_4to1_chunk_4,22,GR,0.5097924240476388,96
sign_test_er1.0__norm_spectral_radius,matched_er_4to1_chunk_4,22,IPC,0.26650325580867823,96
sign_test_er1.0__norm_spectral_radius,matched_er_4to1_chunk_4,22,KR,0.3071685417212745,96
sign_test_er1.0__norm_spectral_radius,matched_er_4to1_chunk_4,22,MC,0.2830823284285509,96
sign_test_er1.0__norm_spectral_radius,matched_er_4to1_chunk_4,23,GR,0.5096677422984393,96
sign_test_er1.0__norm_spectral_radius,matched_er_4to1_chunk_4,23,IPC,0.24300614047404082,96
sign_test_er1.0__norm_spectral_radius,matched_er_4to1_chunk_4,23,KR,0.3032677146422507,96
sign_test_er1.0__norm_spectral_radius,matched_er_4to1_chunk_4,23,MC,0.2660997523610267,96
sign_test_er1.0__norm_spectral_radius,matched_er_4to1_chunk_4,24,GR,0.5325658640298802,96
sign_test_er1.0__norm_spectral_radius,matched_er_4to1_chunk_4,24,IPC,0.25727850614088915,96
sign_test_er1.0__norm_spectral_radius,matched_er_4to1_chunk_4,24,KR,0.33187826541845233,96
sign_test_er1.0__norm_spectral_radius,matched_er_4to1_chunk_4,24,MC,0.2597707868573263,96
sign_test_er1.0__norm_spectral_radius,matched_er_4to1_chunk_5,25,GR,0.5084026405885538,96
sign_test_er1.0__norm_spectral_radius,matched_er_4to1_chunk_5,25,IPC,0.27287151551906896,96
sign_test_er1.0__norm_spectral_radius,matched_er_4to1_chunk_5,25,KR,0.298496695219735,96
sign_test_er1.0__norm_spectral_radius,matched_er_4to1_chunk_5,25,MC,0.27749031755982073,96
sign_test_er1.0__norm_spectral_radius,matched_er_4to1_chunk_5,26,GR,0.561713389709995,96
sign_test_er1.0__norm_spectral_radius,matched_er_4to1_chunk_5,26,IPC,0.26377450490165055,96
sign_test_er1.0__norm_spectral_radius,matched_er_4to1_chunk_5,26,KR,0.36682649590559235,96
sign_test_er1.0__norm_spectral_radius,matched_er_4to1_chunk_5,26,MC,0.2861995908346382,96
sign_test_er1.0__norm_spectral_radius,matched_er_4to1_chunk_5,27,GR,0.5148248517436135,96
sign_test_er1.0__norm_spectral_radius,matched_er_4to1_chunk_5,27,IPC,0.2638308727609724,96
sign_test_er1.0__norm_spectral_radius,matched_er_4to1_chunk_5,27,KR,0.31285538593116796,96
sign_test_er1.0__norm_spectral_radius,matched_er_4to1_chunk_5,27,MC,0.2896419653202975,96
sign_test_er1.0__norm_spectral_radius,matched_er_4to1_chunk_5,28,GR,0.5230725991771201,96
sign_test_er1.0__norm_spectral_radius,matched_er_4to1_chunk_5,28,IPC,0.23107172123973102,96
sign_test_er1.0__norm_spectral_radius,matched_er_4to1_chunk_5,28,KR,0.3223411861404911,96
sign_test_er1.0__norm_spectral_radius,matched_er_4to1_chunk_5,28,MC,0.24867473141697735,96
sign_test_er1.0__norm_spectral_radius,matched_er_4to1_chunk_5,29,GR,0.5121969558112685,96
sign_test_er1.0__norm_spectral_radius,matched_er_4to1_chunk_5,29,IPC,0.2586092939565267,96
sign_test_er1.0__norm_spectral_radius,matched_er_4to1_chunk_5,29,KR,0.29907876293506114,96
sign_test_er1.0__norm_spectral_radius,matched_er_4to1_chunk_5,29,MC,0.29895292381236227,96
sign_test_er1.0__norm_spectral_radius,matched_er_4to1_chunk_6,30,GR,0.5493260200060612,96
sign_test_er1.0__norm_spectral_radius,matched_er_4to1_chunk_6,30,IPC,0.2615082307210866,96
sign_test_er1.0__norm_spectral_radius,matched_er_4to1_chunk_6,30,KR,0.35182223452585804,96
sign_test_er1.0__norm_spectral_radius,matched_er_4to1_chunk_6,30,MC,0.25888086225116547,96
sign_test_er1.0__norm_spectral_radius,matched_er_4to1_chunk_6,31,GR,0.5134423024906521,96
sign_test_er1.0__norm_spectral_radius,matched_er_4to1_chunk_6,31,IPC,0.2596903473558305,96
sign_test_er1.0__norm_spectral_radius,matched_er_4to1_chunk_6,31,KR,0.3003284273549013,96
sign_test_er1.0__norm_spectral_radius,matched_er_4to1_chunk_6,31,MC,0.26545886317676376,96
sign_test_er1.0__norm_spectral_radius,matched_er_4to1_chunk_6,32,GR,0.5404913162195308,96
sign_test_er1.0__norm_spectral_radius,matched_er_4to1_chunk_6,32,IPC,0.2298023755340934,96
sign_test_er1.0__norm_spectral_radius,matched_er_4to1_chunk_6,32,KR,0.3464245416151488,96
sign_test_er1.0__norm_spectral_radius,matched_er_4to1_chunk_6,32,MC,0.22946367704363108,96
sign_test_er1.0__norm_spectral_radius,matched_er_4to1_chunk_6,33,GR,0.5340940365871854,96
sign_test_er1.0__norm_spectral_radius,matched_er_4to1_chunk_6,33,IPC,0.2296726161180512,96
sign_test_er1.0__norm_spectral_radius,matched_er_4to1_chunk_6,33,KR,0.3345343217355318,96
sign_test_er1.0__norm_spectral_radius,matched_er_4to1_chunk_6,33,MC,0.2456476861674147,96
sign_test_er1.0__norm_spectral_radius,matched_er_4to1_chunk_6,34,GR,0.5339849984886339,96
sign_test_er1.0__norm_spectral_radius,matched_er_4to1_chunk_6,34,IPC,0.24009602448322684,96
sign_test_er1.0__norm_spectral_radius,matched_er_4to1_chunk_6,34,KR,0.33304652335339574,96
sign_test_er1.0__norm_spectral_radius,matched_er_4to1_chunk_6,34,MC,0.24768192091819194,96
sign_test_er1.0__norm_spectral_radius,matched_er_4to1_chunk_7,35,GR,0.5153658058702123,96
sign_test_er1.0__norm_spectral_radius,matched_er_4to1_chunk_7,35,IPC,0.2605668550009957,96
sign_test_er1.0__norm_spectral_radius,matched_er_4to1_chunk_7,35,KR,0.314813599474332,96
sign_test_er1.0__norm_spectral_radius,matched_er_4to1_chunk_7,35,MC,0.2647915657428893,96
sign_test_er1.0__norm_spectral_radius,matched_er_4to1_chunk_7,36,GR,0.5571266590080297,96
sign_test_er1.0__norm_spectral_radius,matched_er_4to1_chunk_7,36,IPC,0.23894971525239903,96
sign_test_er1.0__norm_spectral_radius,matched_er_4to1_chunk_7,36,KR,0.3577898208442936,96
sign_test_er1.0__norm_spectral_radius,matched_er_4to1_chunk_7,36,MC,0.27547741655791685,96
sign_test_er1.0__norm_spectral_radius,matched_er_4to1_chunk_7,37,GR,0.5025844780065045,96
sign_test_er1.0__norm_spectral_radius,matched_er_4to1_chunk_7,37,IPC,0.24258660992496617,96
sign_test_er1.0__norm_spectral_radius,matched_er_4to1_chunk_7,37,KR,0.3010677646671775,96
sign_test_er1.0__norm_spectral_radius,matched_er_4to1_chunk_7,37,MC,0.24750801980960063,96
sign_test_er1.0__norm_spectral_radius,matched_er_4to1_chunk_7,38,GR,0.5094653394543252,96
sign_test_er1.0__norm_spectral_radius,matched_er_4to1_chunk_7,38,IPC,0.26024711868899314,96
sign_test_er1.0__norm_spectral_radius,matched_er_4to1_chunk_7,38,KR,0.3114768161894593,96
sign_test_er1.0__norm_spectral_radius,matched_er_4to1_chunk_7,38,MC,0.2812291611335298,96
sign_test_er1.0__norm_spectral_radius,matched_er_4to1_chunk_7,39,GR,0.5225836502312157,96
sign_test_er1.0__norm_spectral_radius,matched_er_4to1_chunk_7,39,IPC,0.2627001184475454,96
sign_test_er1.0__norm_spectral_radius,matched_er_4to1_chunk_7,39,KR,0.32238665463944033,96
sign_test_er1.0__norm_spectral_radius,matched_er_4to1_chunk_7,39,MC,0.2866775932014873,96
sign_test_er1.0__norm_spectral_radius,matched_er_4to1_chunk_8,40,GR,0.5131505749787671,96
sign_test_er1.0__norm_spectral_radius,matched_er_4to1_chunk_8,40,IPC,0.2749413842163287,96
sign_test_er1.0__norm_spectral_radius,matched_er_4to1_chunk_8,40,KR,0.3227371045016134,96
sign_test_er1.0__norm_spectral_radius,matched_er_4to1_chunk_8,40,MC,0.3202617832205677,96
sign_test_er1.0__norm_spectral_radius,matched_er_4to1_chunk_8,41,GR,0.5068889876314643,96
sign_test_er1.0__norm_spectral_radius,matched_er_4to1_chunk_8,41,IPC,0.26175713211385565,96
sign_test_er1.0__norm_spectral_radius,matched_er_4to1_chunk_8,41,KR,0.29570181227187187,96
sign_test_er1.0__norm_spectral_radius,matched_er_4to1_chunk_8,41,MC,0.28567821805929167,96
sign_test_er1.0__norm_spectral_radius,matched_er_4to1_chunk_8,42,GR,0.5165102215071385,96
sign_test_er1.0__norm_spectral_radius,matched_er_4to1_chunk_8,42,IPC,0.24672148325347792,96
sign_test_er1.0__norm_spectral_radius,matched_er_4to1_chunk_8,42,KR,0.32988919730908284,96
sign_test_er1.0__norm_spectral_radius,matched_er_4to1_chunk_8,42,MC,0.24757750360047076,96
sign_test_er1.0__norm_spectral_radius,matched_er_4to1_chunk_8,43,GR,0.5180743157090436,96
sign_test_er1.0__norm_spectral_radius,matched_er_4to1_chunk_8,43,IPC,0.2285506304182546,96
sign_test_er1.0__norm_spectral_radius,matched_er_4to1_chunk_8,43,KR,0.3218862539997645,96
sign_test_er1.0__norm_spectral_radius,matched_er_4to1_chunk_8,43,MC,0.2612791281927002,96
sign_test_er1.0__norm_spectral_radius,matched_er_4to1_chunk_8,44,GR,0.49543397247882576,96
sign_test_er1.0__norm_spectral_radius,matched_er_4to1_chunk_8,44,IPC,0.26198760882078015,96
sign_test_er1.0__norm_spectral_radius,matched_er_4to1_chunk_8,44,KR,0.28854223307552024,96
sign_test_er1.0__norm_spectral_radius,matched_er_4to1_chunk_8,44,MC,0.28230403222901584,96
sign_test_er1.0__norm_spectral_radius,matched_er_4to1_chunk_9,45,GR,0.5359908581949238,96
sign_test_er1.0__norm_spectral_radius,matched_er_4to1_chunk_9,45,IPC,0.2642504439506272,96
sign_test_er1.0__norm_spectral_radius,matched_er_4to1_chunk_9,45,KR,0.33362024037526505,96
sign_test_er1.0__norm_spectral_radius,matched_er_4to1_chunk_9,45,MC,0.2528760187800272,96
sign_test_er1.0__norm_spectral_radius,matched_er_4to1_chunk_9,46,GR,0.5556527241774951,96
sign_test_er1.0__norm_spectral_radius,matched_er_4to1_chunk_9,46,IPC,0.21948352093343884,96
sign_test_er1.0__norm_spectral_radius,matched_er_4to1_chunk_9,46,KR,0.3558318519364214,96
sign_test_er1.0__norm_spectral_radius,matched_er_4to1_chunk_9,46,MC,0.2393457052275079,96
sign_test_er1.0__norm_spectral_radius,matched_er_4to1_chunk_9,47,GR,0.5646314882328813,96
sign_test_er1.0__norm_spectral_radius,matched_er_4to1_chunk_9,47,IPC,0.23617124638993525,96
sign_test_er1.0__norm_spectral_radius,matched_er_4to1_chunk_9,47,KR,0.3642080585962497,96
sign_test_er1.0__norm_spectral_radius,matched_er_4to1_chunk_9,47,MC,0.2566908469540168,96
sign_test_er1.0__norm_spectral_radius,matched_er_4to1_chunk_9,48,GR,0.5537740760774836,96
sign_test_er1.0__norm_spectral_radius,matched_er_4to1_chunk_9,48,IPC,0.2109418327585435,96
sign_test_er1.0__norm_spectral_radius,matched_er_4to1_chunk_9,48,KR,0.3565396257985596,96
sign_test_er1.0__norm_spectral_radius,matched_er_4to1_chunk_9,48,MC,0.23813408808840628,96
sign_test_er1.0__norm_spectral_radius,matched_er_4to1_chunk_9,49,GR,0.5443071978496609,96
sign_test_er1.0__norm_spectral_radius,matched_er_4to1_chunk_9,49,IPC,0.2481707234937182,96
sign_test_er1.0__norm_spectral_radius,matched_er_4to1_chunk_9,49,KR,0.34863729771069785,96
sign_test_er1.0__norm_spectral_radius,matched_er_4to1_chunk_9,49,MC,0.23126873449253252,96
