mode,src,group_id,metric,mean,n_hparams
sign_test_er0.0__norm_original_radius,matched_er_4to1_chunk_0,0,GR,12.37197981774807,96
sign_test_er0.0__norm_original_radius,matched_er_4to1_chunk_0,0,IPC,5.117820387191879,96
sign_test_er0.0__norm_original_radius,matched_er_4to1_chunk_0,0,KR,6.4106515521804495,96
sign_test_er0.0__norm_original_radius,matched_er_4to1_chunk_0,0,MC,2.323570340871811,96
sign_test_er0.0__norm_original_radius,matched_er_4to1_chunk_0,0,cosine_similarity,0.04273029696196313,96
sign_test_er0.0__norm_original_radius,matched_er_4to1_chunk_0,0,kl_to_gaussian,0.0,96
sign_test_er0.0__norm_original_radius,matched_er_4to1_chunk_0,0,wt_mean,0.005111647362355075,96
sign_test_er0.0__norm_original_radius,matched_er_4to1_chunk_0,1,GR,12.512920985619226,96
sign_test_er0.0__norm_original_radius,matched_er_4to1_chunk_0,1,IPC,4.919067556568459,96
sign_test_er0.0__norm_original_radius,matched_er_4to1_chunk_0,1,KR,6.668623715639114,96
sign_test_er0.0__norm_original_radius,matched_er_4to1_chunk_0,1,MC,2.289630909139911,96
sign_test_er0.0__norm_original_radius,matched_er_4to1_chunk_0,1,cosine_similarity,0.04273029975593085,96
sign_test_er0.0__norm_original_radius,matched_er_4to1_chunk_0,1,kl_to_gaussian,0.0,96
sign_test_er0.0__norm_original_radius,matched_er_4to1_chunk_0,1,wt_mean,0.005253607174381576,96
sign_test_er0.0__norm_original_radius,matched_er_4to1_chunk_0,2,GR,12.60419825464487,96
sign_test_er0.0__norm_original_radius,matched_er_4to1_chunk_0,2,IPC,4.822209190172986,96
sign_test_er0.0__norm_original_radius,matched_er_4to1_chunk_0,2,KR,6.499709116915862,96
sign_test_er0.0__norm_original_radius,matched_er_4to1_chunk_0,2,MC,2.2643052035321793,96
sign_test_er0.0__norm_original_radius,matched_er_4to1_chunk_0,2,cosine_similarity,0.037458374164998524,96
sign_test_er0.0__norm_original_radius,matched_er_4to1_chunk_0,2,kl_to_gaussian,0.0,96
sign_test_er0.0__norm_original_radius,matched_er_4to1_chunk_0,2,wt_mean,0.005144347262103075,96
sign_test_er0.0__norm_original_radius,matched_er_4to1_chunk_0,3,GR,12.278185730179151,96
sign_test_er0.0__norm_original_radius,matched_er_4to1_chunk_0,3,IPC,5.004385546251561,96
sign_test_er0.0__norm_original_radius,matched_er_4to1_chunk_0,3,KR,6.426153416434924,96
sign_test_er0.0__norm_original_radius,matched_er_4to1_chunk_0,3,MC,2.2135502863675356,96
sign_test_er0.0__norm_original_radius,matched_er_4to1_chunk_0,3,cosine_similarity,0.04384018573909998,96
sign_test_er0.0__norm_original_radius,matched_er_4to1_chunk_0,3,kl_to_gaussian,0.0,96
sign_test_er0.0__norm_original_radius,matched_er_4to1_chunk_0,3,wt_mean,0.0052181363571435005,96
sign_test_er0.0__norm_original_radius,matched_er_4to1_chunk_0,4,GR,12.789452326794466,96
sign_test_er0.0__norm_original_radius,matched_er_4to1_chunk_0,4,IPC,4.278393727232304,96
sign_test_er0.0__norm_original_radius,matched_er_4to1_chunk_0,4,KR,6.687264637400706,96
sign_test_er0.0__norm_original_radius,matched_er_4to1_chunk_0,4,MC,2.1467010440925756,96
sign_test_er0.0__norm_original_radius,matched_er_4to1_chunk_0,4,cosine_similarity,0.0416204296052455,96
sign_test_er0.0__norm_original_radius,matched_er_4to1_chunk_0,4,kl_to_gaussian,0.0,96
sign_test_er0.0__norm_original_radius,matched_er_4to1_chunk_0,4,wt_mean,0.005093504616525,96
sign_test_er0.0__norm_original_radius,matched_er_4to1_chunk_1,5,GR,11.989588158826033,96
sign_test_er0.0__norm_original_radius,matched_er_4to1_chunk_1,5,IPC,5.137359071888137,96
sign_test_er0.0__norm_original_radius,matched_er_4to1_chunk_1,5,KR,6.492753033836682,96
sign_test_er0.0__norm_original_radius,matched_er_4to1_chunk_1,5,MC,2.380459427833557,96
sign_test_er0.0__norm_original_radius,matched_er_4to1_chunk_1,5,cosine_similarity,0.038290794007480124,96
sign_test_er0.0__norm_original_radius,matched_er_4to1_chunk_1,5,kl_to_gaussian,0.0,96
sign_test_er0.0__norm_original_radius,matched_er_4to1_chunk_1,5,wt_mean,0.005172923672944275,96
sign_test_er0.0__norm_original_radius,matched_er_4to1_chunk_1,6,GR,11.175087300439676,96
sign_test_er0.0__norm_original_radius,matched_er_4to1_chunk_1,6,IPC,4.769669506930189,96
sign_test_er0.0__norm_original_radius,matched_er_4to1_chunk_1,6,KR,6.037285378823678,96
sign_test_er0.0__norm_original_radius,matched_er_4to1_chunk_1,6,MC,2.244867544155568,96
sign_test_er0.0__norm_original_radius,matched_er_4to1_chunk_1,6,cosine_similarity,0.037735833786427926,96
sign_test_er0.0__norm_original_radius,matched_er_4to1_chunk_1,6,kl_to_gaussian,0.0,96
sign_test_er0.0__norm_original_radius,matched_er_4to1_chunk_1,6,wt_mean,0.004999212396796724,96
sign_test_er0.0__norm_original_radius,matched_er_4to1_chunk_1,7,GR,12.766697006920973,96
sign_test_er0.0__norm_original_radius,matched_er_4to1_chunk_1,7,IPC,5.165039702735855,96
sign_test_er0.0__norm_original_radius,matched_er_4to1_chunk_1,7,KR,6.580775381376346,96
sign_test_er0.0__norm_original_radius,matched_er_4to1_chunk_1,7,MC,2.273801994820436,96
sign_test_er0.0__norm_original_radius,matched_er_4to1_chunk_1,7,cosine_similarity,0.04467258509248492,96
sign_test_er0.0__norm_original_radius,matched_er_4to1_chunk_1,7,kl_to_gaussian,0.0,96
sign_test_er0.0__norm_original_radius,matched_er_4to1_chunk_1,7,wt_mean,0.0049904145998879495,96
sign_test_er0.0__norm_original_radius,matched_er_4to1_chunk_1,8,GR,13.055878336230913,96
sign_test_er0.0__norm_original_radius,matched_er_4to1_chunk_1,8,IPC,5.126211735422149,96
sign_test_er0.0__norm_original_radius,matched_er_4to1_chunk_1,8,KR,6.8416895891229315,96
sign_test_er0.0__norm_original_radius,matched_er_4to1_chunk_1,8,MC,2.441048988762001,96
sign_test_er0.0__norm_original_radius,matched_er_4to1_chunk_1,8,cosine_similarity,0.04023307189345358,96
sign_test_er0.0__norm_original_radius,matched_er_4to1_chunk_1,8,kl_to_gaussian,0.0,96
sign_test_er0.0__norm_original_radius,matched_er_4to1_chunk_1,8,wt_mean,0.0050644736620597255,96
sign_test_er0.0__norm_original_radius,matched_er_4to1_chunk_1,9,GR,12.422978286941847,96
sign_test_er0.0__norm_original_radius,matched_er_4to1_chunk_1,9,IPC,4.988444814114122,96
sign_test_er0.0__norm_original_radius,matched_er_4to1_chunk_1,9,KR,6.6994982076187926,96
sign_test_er0.0__norm_original_radius,matched_er_4to1_chunk_1,9,MC,2.2153008778889975,96
sign_test_er0.0__norm_original_radius,matched_er_4to1_chunk_1,9,cosine_similarity,0.03773585148155685,96
sign_test_er0.0__norm_original_radius,matched_er_4to1_chunk_1,9,kl_to_gaussian,0.0,96
sign_test_er0.0__norm_original_radius,matched_er_4to1_chunk_1,9,wt_mean,0.0052819467964581495,96
sign_test_er0.0__norm_original_radius,matched_er_4to1_chunk_10,50,GR,12.42228696992,96
sign_test_er0.0__norm_original_radius,matched_er_4to1_chunk_10,50,IPC,4.762090767865836,96
sign_test_er0.0__norm_original_radius,matched_er_4to1_chunk_10,50,KR,6.759582877159119,96
sign_test_er0.0__norm_original_radius,matched_er_4to1_chunk_10,50,MC,2.3107551094144583,96
sign_test_er0.0__norm_original_radius,matched_er_4to1_chunk_10,50,cosine_similarity,0.04162042401731007,96
sign_test_er0.0__norm_original_radius,matched_er_4to1_chunk_10,50,kl_to_gaussian,0.0,96
sign_test_er0.0__norm_original_radius,matched_er_4to1_chunk_10,50,wt_mean,0.00518845487385985,96
sign_test_er0.0__norm_original_radius,matched_er_4to1_chunk_10,51,GR,12.701831301053366,96
sign_test_er0.0__norm_original_radius,matched_er_4to1_chunk_10,51,IPC,4.739394726041973,96
sign_test_er0.0__norm_original_radius,matched_er_4to1_chunk_10,51,KR,6.833702014138301,96
sign_test_er0.0__norm_original_radius,matched_er_4to1_chunk_10,51,MC,2.313781758149465,96
sign_test_er0.0__norm_original_radius,matched_er_4to1_chunk_10,51,cosine_similarity,0.04328523483127353,96
sign_test_er0.0__norm_original_radius,matched_er_4to1_chunk_10,51,kl_to_gaussian,0.0,96
sign_test_er0.0__norm_original_radius,matched_er_4to1_chunk_10,51,wt_mean,0.005109606077894525,96
sign_test_er0.0__norm_original_radius,matched_er_4to1_chunk_10,52,GR,11.795448703070482,96
sign_test_er0.0__norm_original_radius,matched_er_4to1_chunk_10,52,IPC,4.953516488920223,96
sign_test_er0.0__norm_original_radius,matched_er_4to1_chunk_10,52,KR,6.148181882997354,96
sign_test_er0.0__norm_original_radius,matched_er_4to1_chunk_10,52,MC,2.3282768903300166,96
sign_test_er0.0__norm_original_radius,matched_er_4to1_chunk_10,52,cosine_similarity,0.042175360023975296,96
sign_test_er0.0__norm_original_radius,matched_er_4to1_chunk_10,52,kl_to_gaussian,0.0,96
sign_test_er0.0__norm_original_radius,matched_er_4to1_chunk_10,52,wt_mean,0.005143018381204425,96
sign_test_er0.0__norm_original_radius,matched_er_4to1_chunk_10,53,GR,13.252432311574617,96
sign_test_er0.0__norm_original_radius,matched_er_4to1_chunk_10,53,IPC,4.408389118913484,96
sign_test_er0.0__norm_original_radius,matched_er_4to1_chunk_10,53,KR,6.938785292208195,96
sign_test_er0.0__norm_original_radius,matched_er_4to1_chunk_10,53,MC,2.177439423122754,96
sign_test_er0.0__norm_original_radius,matched_er_4to1_chunk_10,53,cosine_similarity,0.040233067236840704,96
sign_test_er0.0__norm_original_radius,matched_er_4to1_chunk_10,53,kl_to_gaussian,0.0,96
sign_test_er0.0__norm_original_radius,matched_er_4to1_chunk_10,53,wt_mean,0.00534654024522745,96
sign_test_er0.0__norm_original_radius,matched_er_4to1_chunk_10,54,GR,12.775207052628199,96
sign_test_er0.0__norm_original_radius,matched_er_4to1_chunk_10,54,IPC,4.835923486475875,96
sign_test_er0.0__norm_original_radius,matched_er_4to1_chunk_10,54,KR,6.6245368756353855,96
sign_test_er0.0__norm_original_radius,matched_er_4to1_chunk_10,54,MC,2.394971857468287,96
sign_test_er0.0__norm_original_radius,matched_er_4to1_chunk_10,54,cosine_similarity,0.04245282337069509,96
sign_test_er0.0__norm_original_radius,matched_er_4to1_chunk_10,54,kl_to_gaussian,0.0,96
sign_test_er0.0__norm_original_radius,matched_er_4to1_chunk_10,54,wt_mean,0.005171819822862675,96
sign_test_er0.0__norm_original_radius,matched_er_4to1_chunk_11,55,GR,13.031768441200256,96
sign_test_er0.0__norm_original_radius,matched_er_4to1_chunk_11,55,IPC,5.449699993954094,96
sign_test_er0.0__norm_original_radius,matched_er_4to1_chunk_11,55,KR,6.806962423026562,96
sign_test_er0.0__norm_original_radius,matched_er_4to1_chunk_11,55,MC,2.5910551274816194,96
sign_test_er0.0__norm_original_radius,matched_er_4to1_chunk_11,55,cosine_similarity,0.038290794007480124,96
sign_test_er0.0__norm_original_radius,matched_er_4to1_chunk_11,55,kl_to_gaussian,0.0,96
sign_test_er0.0__norm_original_radius,matched_er_4to1_chunk_11,55,wt_mean,0.005033223482314425,96
sign_test_er0.0__norm_original_radius,matched_er_4to1_chunk_11,56,GR,12.375594151516756,96
sign_test_er0.0__norm_original_radius,matched_er_4to1_chunk_11,56,IPC,5.196652610415003,96
sign_test_er0.0__norm_original_radius,matched_er_4to1_chunk_11,56,KR,6.654868382960558,96
sign_test_er0.0__norm_original_radius,matched_er_4to1_chunk_11,56,MC,2.4458706189567843,96
sign_test_er0.0__norm_original_radius,matched_er_4to1_chunk_11,56,cosine_similarity,0.038290800526738146,96
sign_test_er0.0__norm_original_radius,matched_er_4to1_chunk_11,56,kl_to_gaussian,0.0,96
sign_test_er0.0__norm_original_radius,matched_er_4to1_chunk_11,56,wt_mean,0.005016925628297,96
sign_test_er0.0__norm_original_radius,matched_er_4to1_chunk_11,57,GR,12.914855947097143,96
sign_test_er0.0__norm_original_radius,matched_er_4to1_chunk_11,57,IPC,5.040486037107643,96
sign_test_er0.0__norm_original_radius,matched_er_4to1_chunk_11,57,KR,6.629175328960021,96
sign_test_er0.0__norm_original_radius,matched_er_4to1_chunk_11,57,MC,2.344127085991204,96
sign_test_er0.0__norm_original_radius,matched_er_4to1_chunk_11,57,cosine_similarity,0.04189789853990075,96
sign_test_er0.0__norm_original_radius,matched_er_4to1_chunk_11,57,kl_to_gaussian,0.0,96
sign_test_er0.0__norm_original_radius,matched_er_4to1_chunk_11,57,wt_mean,0.00509291078196835,96
sign_test_er0.0__norm_original_radius,matched_er_4to1_chunk_11,58,GR,13.657820239663124,96
sign_test_er0.0__norm_original_radius,matched_er_4to1_chunk_11,58,IPC,5.196966793940553,96
sign_test_er0.0__norm_original_radius,matched_er_4to1_chunk_11,58,KR,6.855615911384423,96
sign_test_er0.0__norm_original_radius,matched_er_4to1_chunk_11,58,MC,2.377383968948076,96
sign_test_er0.0__norm_original_radius,matched_er_4to1_chunk_11,58,cosine_similarity,0.044395104981958804,96
sign_test_er0.0__norm_original_radius,matched_er_4to1_chunk_11,58,kl_to_gaussian,0.0,96
sign_test_er0.0__norm_original_radius,matched_er_4to1_chunk_11,58,wt_mean,0.0050996057107113,96
sign_test_er0.0__norm_original_radius,matched_er_4to1_chunk_11,59,GR,12.070702458421389,96
sign_test_er0.0__norm_original_radius,matched_er_4to1_chunk_11,59,IPC,5.085714317919179,96
sign_test_er0.0__norm_original_radius,matched_er_4to1_chunk_11,59,KR,6.587955829997857,96
sign_test_er0.0__norm_original_radius,matched_er_4to1_chunk_11,59,MC,2.3456446205576262,96
sign_test_er0.0__norm_original_radius,matched_er_4to1_chunk_11,59,cosine_similarity,0.04300776589661833,96
sign_test_er0.0__norm_original_radius,matched_er_4to1_chunk_11,59,kl_to_gaussian,0.0,96
sign_test_er0.0__norm_original_radius,matched_er_4to1_chunk_11,59,wt_mean,0.005112165177706575,96
sign_test_er0.0__norm_original_radius,matched_er_4to1_chunk_12,60,GR,12.297894604504108,96
sign_test_er0.0__norm_original_radius,matched_er_4to1_chunk_12,60,IPC,4.831109011905398,96
sign_test_er0.0__norm_original_radius,matched_er_4to1_chunk_12,60,KR,6.580514317999284,96
sign_test_er0.0__norm_original_radius,matched_er_4to1_chunk_12,60,MC,2.2810291899368167,96
sign_test_er0.0__norm_original_radius,matched_er_4to1_chunk_12,60,cosine_similarity,0.04467257671058175,96
sign_test_er0.0__norm_original_radius,matched_er_4to1_chunk_12,60,kl_to_gaussian,0.0,96
sign_test_er0.0__norm_original_radius,matched_er_4to1_chunk_12,60,wt_mean,0.005133219237904925,96
sign_test_er0.0__norm_original_radius,matched_er_4to1_chunk_12,61,GR,13.942467180391153,96
sign_test_er0.0__norm_original_radius,matched_er_4to1_chunk_12,61,IPC,5.057166658747205,96
sign_test_er0.0__norm_original_radius,matched_er_4to1_chunk_12,61,KR,6.978546779602766,96
sign_test_er0.0__norm_original_radius,matched_er_4to1_chunk_12,61,MC,2.3119050924045346,96
sign_test_er0.0__norm_original_radius,matched_er_4to1_chunk_12,61,cosine_similarity,0.038845721632242196,96
sign_test_er0.0__norm_original_radius,matched_er_4to1_chunk_12,61,kl_to_gaussian,0.0,96
sign_test_er0.0__norm_original_radius,matched_er_4to1_chunk_12,61,wt_mean,0.0050656191888265,96
sign_test_er0.0__norm_original_radius,matched_er_4to1_chunk_12,62,GR,13.03549730281035,96
sign_test_er0.0__norm_original_radius,matched_er_4to1_chunk_12,62,IPC,5.327272915354972,96
sign_test_er0.0__norm_original_radius,matched_er_4to1_chunk_12,62,KR,6.810701586306095,96
sign_test_er0.0__norm_original_radius,matched_er_4to1_chunk_12,62,MC,2.4904279243201017,96
sign_test_er0.0__norm_original_radius,matched_er_4to1_chunk_12,62,cosine_similarity,0.04384017735719677,96
sign_test_er0.0__norm_original_radius,matched_er_4to1_chunk_12,62,kl_to_gaussian,0.0,96
sign_test_er0.0__norm_original_radius,matched_er_4to1_chunk_12,62,wt_mean,0.0051918622339144,96
sign_test_er0.0__norm_original_radius,matched_er_4to1_chunk_12,63,GR,12.134744636714458,96
sign_test_er0.0__norm_original_radius,matched_er_4to1_chunk_12,63,IPC,5.116513359800794,96
sign_test_er0.0__norm_original_radius,matched_er_4to1_chunk_12,63,KR,6.519632255037625,96
sign_test_er0.0__norm_original_radius,matched_er_4to1_chunk_12,63,MC,2.4528681933879852,96
sign_test_er0.0__norm_original_radius,matched_er_4to1_chunk_12,63,cosine_similarity,0.04051054455339905,96
sign_test_er0.0__norm_original_radius,matched_er_4to1_chunk_12,63,kl_to_gaussian,0.0,96
sign_test_er0.0__norm_original_radius,matched_er_4to1_chunk_12,63,wt_mean,0.005036570539232275,96
sign_test_er0.0__norm_original_radius,matched_er_4to1_chunk_12,64,GR,12.409886243442694,96
sign_test_er0.0__norm_original_radius,matched_er_4to1_chunk_12,64,IPC,4.7775991894088925,96
sign_test_er0.0__norm_original_radius,matched_er_4to1_chunk_12,64,KR,6.4498766250908375,96
sign_test_er0.0__norm_original_radius,matched_er_4to1_chunk_12,64,MC,2.326089503709227,96
sign_test_er0.0__norm_original_radius,matched_er_4to1_chunk_12,64,cosine_similarity,0.04273029975593085,96
sign_test_er0.0__norm_original_radius,matched_er_4to1_chunk_12,64,kl_to_gaussian,0.0,96
sign_test_er0.0__norm_original_radius,matched_er_4to1_chunk_12,64,wt_mean,0.0049950039829127,96
sign_test_er0.0__norm_original_radius,matched_er_4to1_chunk_13,65,GR,12.660687655210495,96
sign_test_er0.0__norm_original_radius,matched_er_4to1_chunk_13,65,IPC,5.2633883343173915,96
sign_test_er0.0__norm_original_radius,matched_er_4to1_chunk_13,65,KR,6.601600928852956,96
sign_test_er0.0__norm_original_radius,matched_er_4to1_chunk_13,65,MC,2.301180768137177,96
sign_test_er0.0__norm_original_radius,matched_er_4to1_chunk_13,65,cosine_similarity,0.047724746167659704,96
sign_test_er0.0__norm_original_radius,matched_er_4to1_chunk_13,65,kl_to_gaussian,0.0,96
sign_test_er0.0__norm_original_radius,matched_er_4to1_chunk_13,65,wt_mean,0.005182479391805775,96
sign_test_er0.0__norm_original_radius,matched_er_4to1_chunk_13,66,GR,12.222021939853827,96
sign_test_er0.0__norm_original_radius,matched_er_4to1_chunk_13,66,IPC,5.149458067892231,96
sign_test_er0.0__norm_original_radius,matched_er_4to1_chunk_13,66,KR,6.432937003672123,96
sign_test_er0.0__norm_original_radius,matched_er_4to1_chunk_13,66,MC,2.3060780316591263,96
sign_test_er0.0__norm_original_radius,matched_er_4to1_chunk_13,66,cosine_similarity,0.046614858321845525,96
sign_test_er0.0__norm_original_radius,matched_er_4to1_chunk_13,66,kl_to_gaussian,0.0,96
sign_test_er0.0__norm_original_radius,matched_er_4to1_chunk_13,66,wt_mean,0.005155918363016025,96
sign_test_er0.0__norm_original_radius,matched_er_4to1_chunk_13,67,GR,12.97419229398171,96
sign_test_er0.0__norm_original_radius,matched_er_4to1_chunk_13,67,IPC,5.076020204948329,96
sign_test_er0.0__norm_original_radius,matched_er_4to1_chunk_13,67,KR,6.793642554432154,96
sign_test_er0.0__norm_original_radius,matched_er_4to1_chunk_13,67,MC,2.3397224637058875,96
sign_test_er0.0__norm_original_radius,matched_er_4to1_chunk_13,67,cosine_similarity,0.044950061477720675,96
sign_test_er0.0__norm_original_radius,matched_er_4to1_chunk_13,67,kl_to_gaussian,0.0,96
sign_test_er0.0__norm_original_radius,matched_er_4to1_chunk_13,67,wt_mean,0.00510158028919245,96
sign_test_er0.0__norm_original_radius,matched_er_4to1_chunk_13,68,GR,12.545087198416391,96
sign_test_er0.0__norm_original_radius,matched_er_4to1_chunk_13,68,IPC,4.529452669119128,96
sign_test_er0.0__norm_original_radius,matched_er_4to1_chunk_13,68,KR,6.738408546894789,96
sign_test_er0.0__norm_original_radius,matched_er_4to1_chunk_13,68,MC,2.246153299231082,96
sign_test_er0.0__norm_original_radius,matched_er_4to1_chunk_13,68,cosine_similarity,0.03940066602081053,96
sign_test_er0.0__norm_original_radius,matched_er_4to1_chunk_13,68,kl_to_gaussian,0.0,96
sign_test_er0.0__norm_original_radius,matched_er_4to1_chunk_13,68,wt_mean,0.0051408181316219,96
sign_test_er0.0__norm_original_radius,matched_er_4to1_chunk_13,69,GR,13.547506655255953,96
sign_test_er0.0__norm_original_radius,matched_er_4to1_chunk_13,69,IPC,5.158115437708889,96
sign_test_er0.0__norm_original_radius,matched_er_4to1_chunk_13,69,KR,6.84134071196119,96
sign_test_er0.0__norm_original_radius,matched_er_4to1_chunk_13,69,MC,2.3603438263138137,96
sign_test_er0.0__norm_original_radius,matched_er_4to1_chunk_13,69,cosine_similarity,0.04162041749805205,96
sign_test_er0.0__norm_original_radius,matched_er_4to1_chunk_13,69,kl_to_gaussian,0.0,96
sign_test_er0.0__norm_original_radius,matched_er_4to1_chunk_13,69,wt_mean,0.0050860204501077,96
sign_test_er0.0__norm_original_radius,matched_er_4to1_chunk_14,70,GR,12.786509195963541,96
sign_test_er0.0__norm_original_radius,matched_er_4to1_chunk_14,70,IPC,5.2280315511069935,96
sign_test_er0.0__norm_original_radius,matched_er_4to1_chunk_14,70,KR,6.728587564080954,96
sign_test_er0.0__norm_original_radius,matched_er_4to1_chunk_14,70,MC,2.382630051424106,96
sign_test_er0.0__norm_original_radius,matched_er_4to1_chunk_14,70,cosine_similarity,0.04273029882460827,96
sign_test_er0.0__norm_original_radius,matched_er_4to1_chunk_14,70,kl_to_gaussian,0.0,96
sign_test_er0.0__norm_original_radius,matched_er_4to1_chunk_14,70,wt_mean,0.00508998194709415,96
sign_test_er0.0__norm_original_radius,matched_er_4to1_chunk_14,71,GR,12.116213840742907,96
sign_test_er0.0__norm_original_radius,matched_er_4to1_chunk_14,71,IPC,4.559553447782355,96
sign_test_er0.0__norm_original_radius,matched_er_4to1_chunk_14,71,KR,6.599973119795322,96
sign_test_er0.0__norm_original_radius,matched_er_4to1_chunk_14,71,MC,2.1653528458749256,96
sign_test_er0.0__norm_original_radius,matched_er_4to1_chunk_14,71,cosine_similarity,0.0344062075018882,96
sign_test_er0.0__norm_original_radius,matched_er_4to1_chunk_14,71,kl_to_gaussian,0.0,96
sign_test_er0.0__norm_original_radius,matched_er_4to1_chunk_14,71,wt_mean,0.0051279203034937,96
sign_test_er0.0__norm_original_radius,matched_er_4to1_chunk_14,72,GR,11.661577895283699,96
sign_test_er0.0__norm_original_radius,matched_er_4to1_chunk_14,72,IPC,5.344390742884415,96
sign_test_er0.0__norm_original_radius,matched_er_4to1_chunk_14,72,KR,6.2189514922599,96
sign_test_er0.0__norm_original_radius,matched_er_4to1_chunk_14,72,MC,2.4462285172194242,96
sign_test_er0.0__norm_original_radius,matched_er_4to1_chunk_14,72,cosine_similarity,0.0374583778902888,96
sign_test_er0.0__norm_original_radius,matched_er_4to1_chunk_14,72,kl_to_gaussian,0.0,96
sign_test_er0.0__norm_original_radius,matched_er_4to1_chunk_14,72,wt_mean,0.005148530355654625,96
sign_test_er0.0__norm_original_radius,matched_er_4to1_chunk_14,73,GR,12.146909614404043,96
sign_test_er0.0__norm_original_radius,matched_er_4to1_chunk_14,73,IPC,4.954299492119785,96
sign_test_er0.0__norm_original_radius,matched_er_4to1_chunk_14,73,KR,6.538545114298661,96
sign_test_er0.0__norm_original_radius,matched_er_4to1_chunk_14,73,MC,2.3988687448824444,96
sign_test_er0.0__norm_original_radius,matched_er_4to1_chunk_14,73,cosine_similarity,0.038845731876790475,96
sign_test_er0.0__norm_original_radius,matched_er_4to1_chunk_14,73,kl_to_gaussian,0.0,96
sign_test_er0.0__norm_original_radius,matched_er_4to1_chunk_14,73,wt_mean,0.005170578835532025,96
sign_test_er0.0__norm_original_radius,matched_er_4to1_chunk_14,74,GR,13.75763221581777,96
sign_test_er0.0__norm_original_radius,matched_er_4to1_chunk_14,74,IPC,5.231053300865241,96
sign_test_er0.0__norm_original_radius,matched_er_4to1_chunk_14,74,KR,7.016619324684143,96
sign_test_er0.0__norm_original_radius,matched_er_4to1_chunk_14,74,MC,2.412706689288219,96
sign_test_er0.0__norm_original_radius,matched_er_4to1_chunk_14,74,cosine_similarity,0.036903432570397826,96
sign_test_er0.0__norm_original_radius,matched_er_4to1_chunk_14,74,kl_to_gaussian,0.0,96
sign_test_er0.0__norm_original_radius,matched_er_4to1_chunk_14,74,wt_mean,0.005205115943681425,96
sign_test_er0.0__norm_original_radius,matched_er_4to1_chunk_15,75,GR,11.344893090426922,96
sign_test_er0.0__norm_original_radius,matched_er_4to1_chunk_15,75,IPC,4.87447330743849,96
sign_test_er0.0__norm_original_radius,matched_er_4to1_chunk_15,75,KR,6.122339205195506,96
sign_test_er0.0__norm_original_radius,matched_er_4to1_chunk_15,75,MC,2.283943954234322,96
sign_test_er0.0__norm_original_radius,matched_er_4to1_chunk_15,75,cosine_similarity,0.0410654842853546,96
sign_test_er0.0__norm_original_radius,matched_er_4to1_chunk_15,75,kl_to_gaussian,0.0,96
sign_test_er0.0__norm_original_radius,matched_er_4to1_chunk_15,75,wt_mean,0.005102919240016425,96
sign_test_er0.0__norm_original_radius,matched_er_4to1_chunk_15,76,GR,12.299554201463858,96
sign_test_er0.0__norm_original_radius,matched_er_4to1_chunk_15,76,IPC,4.578888884987548,96
sign_test_er0.0__norm_original_radius,matched_er_4to1_chunk_15,76,KR,6.58573953807354,96
sign_test_er0.0__norm_original_radius,matched_er_4to1_chunk_15,76,MC,2.2432541556966803,96
sign_test_er0.0__norm_original_radius,matched_er_4to1_chunk_15,76,cosine_similarity,0.0402330700308084,96
sign_test_er0.0__norm_original_radius,matched_er_4to1_chunk_15,76,kl_to_gaussian,0.0,96
sign_test_er0.0__norm_original_radius,matched_er_4to1_chunk_15,76,wt_mean,0.005236269440501875,96
sign_test_er0.0__norm_original_radius,matched_er_4to1_chunk_15,77,GR,11.943995356559753,96
sign_test_er0.0__norm_original_radius,matched_er_4to1_chunk_15,77,IPC,4.6909709676477656,96
sign_test_er0.0__norm_original_radius,matched_er_4to1_chunk_15,77,KR,6.468921322375536,96
sign_test_er0.0__norm_original_radius,matched_er_4to1_chunk_15,77,MC,2.237731371074915,96
sign_test_er0.0__norm_original_radius,matched_er_4to1_chunk_15,77,cosine_similarity,0.03801332227885715,96
sign_test_er0.0__norm_original_radius,matched_er_4to1_chunk_15,77,kl_to_gaussian,0.0,96
sign_test_er0.0__norm_original_radius,matched_er_4to1_chunk_15,77,wt_mean,0.00513784616487095,96
sign_test_er0.0__norm_original_radius,matched_er_4to1_chunk_15,78,GR,12.942897404233614,96
sign_test_er0.0__norm_original_radius,matched_er_4to1_chunk_15,78,IPC,4.933008343221409,96
sign_test_er0.0__norm_original_radius,matched_er_4to1_chunk_15,78,KR,6.760386475672324,96
sign_test_er0.0__norm_original_radius,matched_er_4to1_chunk_15,78,MC,2.3462100994462767,96
sign_test_er0.0__norm_original_radius,matched_er_4to1_chunk_15,78,cosine_similarity,0.0407880097627639,96
sign_test_er0.0__norm_original_radius,matched_er_4to1_chunk_15,78,kl_to_gaussian,0.0,96
sign_test_er0.0__norm_original_radius,matched_er_4to1_chunk_15,78,wt_mean,0.00509028381202365,96
sign_test_er0.0__norm_original_radius,matched_er_4to1_chunk_15,79,GR,12.627955220639706,96
sign_test_er0.0__norm_original_radius,matched_er_4to1_chunk_15,79,IPC,5.1018999781475145,96
sign_test_er0.0__norm_original_radius,matched_er_4to1_chunk_15,79,KR,6.517765099803607,96
sign_test_er0.0__norm_original_radius,matched_er_4to1_chunk_15,79,MC,2.2200468725835285,96
sign_test_er0.0__norm_original_radius,matched_er_4to1_chunk_15,79,cosine_similarity,0.03801332134753457,96
sign_test_er0.0__norm_original_radius,matched_er_4to1_chunk_15,79,kl_to_gaussian,0.0,96
sign_test_er0.0__norm_original_radius,matched_er_4to1_chunk_15,79,wt_mean,0.005128660181071575,96
sign_test_er0.0__norm_original_radius,matched_er_4to1_chunk_16,80,GR,12.25043140600125,96
sign_test_er0.0__norm_original_radius,matched_er_4to1_chunk_16,80,IPC,4.351818849026091,96
sign_test_er0.0__norm_original_radius,matched_er_4to1_chunk_16,80,KR,6.586924913028876,96
sign_test_er0.0__norm_original_radius,matched_er_4to1_chunk_16,80,MC,2.209166750932733,96
sign_test_er0.0__norm_original_radius,matched_er_4to1_chunk_16,80,cosine_similarity,0.039123193360865074,96
sign_test_er0.0__norm_original_radius,matched_er_4to1_chunk_16,80,kl_to_gaussian,0.0,96
sign_test_er0.0__norm_original_radius,matched_er_4to1_chunk_16,80,wt_mean,0.00519940222147845,96
sign_test_er0.0__norm_original_radius,matched_er_4to1_chunk_16,81,GR,11.870628754297892,96
sign_test_er0.0__norm_original_radius,matched_er_4to1_chunk_16,81,IPC,4.480311341496944,96
sign_test_er0.0__norm_original_radius,matched_er_4to1_chunk_16,81,KR,6.326904077082872,96
sign_test_er0.0__norm_original_radius,matched_er_4to1_chunk_16,81,MC,2.145308048774799,96
sign_test_er0.0__norm_original_radius,matched_er_4to1_chunk_16,81,cosine_similarity,0.043285240419208976,96
sign_test_er0.0__norm_original_radius,matched_er_4to1_chunk_16,81,kl_to_gaussian,0.0,96
sign_test_er0.0__norm_original_radius,matched_er_4to1_chunk_16,81,wt_mean,0.0051582179148681245,96
sign_test_er0.0__norm_original_radius,matched_er_4to1_chunk_16,82,GR,13.184006648759047,96
sign_test_er0.0__norm_original_radius,matched_er_4to1_chunk_16,82,IPC,3.923868979408778,96
sign_test_er0.0__norm_original_radius,matched_er_4to1_chunk_16,82,KR,6.929082792252302,96
sign_test_er0.0__norm_original_radius,matched_er_4to1_chunk_16,82,MC,2.0185722882548967,96
sign_test_er0.0__norm_original_radius,matched_er_4to1_chunk_16,82,cosine_similarity,0.04023307841271157,96
sign_test_er0.0__norm_original_radius,matched_er_4to1_chunk_16,82,kl_to_gaussian,0.0,96
sign_test_er0.0__norm_original_radius,matched_er_4to1_chunk_16,82,wt_mean,0.005068126833066324,96
sign_test_er0.0__norm_original_radius,matched_er_4to1_chunk_16,83,GR,13.946049379805723,96
sign_test_er0.0__norm_original_radius,matched_er_4to1_chunk_16,83,IPC,4.532599618010879,96
sign_test_er0.0__norm_original_radius,matched_er_4to1_chunk_16,83,KR,6.906387517849605,96
sign_test_er0.0__norm_original_radius,matched_er_4to1_chunk_16,83,MC,2.189816618183007,96
sign_test_er0.0__norm_original_radius,matched_er_4to1_chunk_16,83,cosine_similarity,0.03856825921684497,96
sign_test_er0.0__norm_original_radius,matched_er_4to1_chunk_16,83,kl_to_gaussian,0.0,96
sign_test_er0.0__norm_original_radius,matched_er_4to1_chunk_16,83,wt_mean,0.0051597174024209,96
sign_test_er0.0__norm_original_radius,matched_er_4to1_chunk_16,84,GR,11.370706419150034,96
sign_test_er0.0__norm_original_radius,matched_er_4to1_chunk_16,84,IPC,4.722753088229259,96
sign_test_er0.0__norm_original_radius,matched_er_4to1_chunk_16,84,KR,6.034277317424615,96
sign_test_er0.0__norm_original_radius,matched_er_4to1_chunk_16,84,MC,2.182302510676285,96
sign_test_er0.0__norm_original_radius,matched_er_4to1_chunk_16,84,cosine_similarity,0.0394006669521331,96
sign_test_er0.0__norm_original_radius,matched_er_4to1_chunk_16,84,kl_to_gaussian,0.0,96
sign_test_er0.0__norm_original_radius,matched_er_4to1_chunk_16,84,wt_mean,0.005106395226903225,96
sign_test_er0.0__norm_original_radius,matched_er_4to1_chunk_17,85,GR,12.566077100733915,96
sign_test_er0.0__norm_original_radius,matched_er_4to1_chunk_17,85,IPC,4.280337149281519,96
sign_test_er0.0__norm_original_radius,matched_er_4to1_chunk_17,85,KR,6.6786197014153,96
sign_test_er0.0__norm_original_radius,matched_er_4to1_chunk_17,85,MC,2.139887218674024,96
sign_test_er0.0__norm_original_radius,matched_er_4to1_chunk_17,85,cosine_similarity,0.045782464556395924,96
sign_test_er0.0__norm_original_radius,matched_er_4to1_chunk_17,85,kl_to_gaussian,0.0,96
sign_test_er0.0__norm_original_radius,matched_er_4to1_chunk_17,85,wt_mean,0.00508534978143865,96
sign_test_er0.0__norm_original_radius,matched_er_4to1_chunk_17,86,GR,12.626365753511587,96
sign_test_er0.0__norm_original_radius,matched_er_4to1_chunk_17,86,IPC,4.452808219509763,96
sign_test_er0.0__norm_original_radius,matched_er_4to1_chunk_17,86,KR,6.67563288534681,96
sign_test_er0.0__norm_original_radius,matched_er_4to1_chunk_17,86,MC,2.190507860854268,96
sign_test_er0.0__norm_original_radius,matched_er_4to1_chunk_17,86,cosine_similarity,0.030521638225763977,96
sign_test_er0.0__norm_original_radius,matched_er_4to1_chunk_17,86,kl_to_gaussian,0.0,96
sign_test_er0.0__norm_original_radius,matched_er_4to1_chunk_17,86,wt_mean,0.0052487651119008,96
sign_test_er0.0__norm_original_radius,matched_er_4to1_chunk_17,87,GR,12.885212692121664,96
sign_test_er0.0__norm_original_radius,matched_er_4to1_chunk_17,87,IPC,4.679653216300298,96
sign_test_er0.0__norm_original_radius,matched_er_4to1_chunk_17,87,KR,6.657703465471665,96
sign_test_er0.0__norm_original_radius,matched_er_4to1_chunk_17,87,MC,2.2615984321261444,96
sign_test_er0.0__norm_original_radius,matched_er_4to1_chunk_17,87,cosine_similarity,0.0410654805600643,96
sign_test_er0.0__norm_original_radius,matched_er_4to1_chunk_17,87,kl_to_gaussian,0.0,96
sign_test_er0.0__norm_original_radius,matched_er_4to1_chunk_17,87,wt_mean,0.0051022805273532494,96
sign_test_er0.0__norm_original_radius,matched_er_4to1_chunk_17,88,GR,13.443253020445505,96
sign_test_er0.0__norm_original_radius,matched_er_4to1_chunk_17,88,IPC,4.645395125858261,96
sign_test_er0.0__norm_original_radius,matched_er_4to1_chunk_17,88,KR,7.022232253104448,96
sign_test_er0.0__norm_original_radius,matched_er_4to1_chunk_17,88,MC,2.1736489941055575,96
sign_test_er0.0__norm_original_radius,matched_er_4to1_chunk_17,88,cosine_similarity,0.044117643497884225,96
sign_test_er0.0__norm_original_radius,matched_er_4to1_chunk_17,88,kl_to_gaussian,0.0,96
sign_test_er0.0__norm_original_radius,matched_er_4to1_chunk_17,88,wt_mean,0.00520850159227845,96
sign_test_er0.0__norm_original_radius,matched_er_4to1_chunk_17,89,GR,12.99206412335237,96
sign_test_er0.0__norm_original_radius,matched_er_4to1_chunk_17,89,IPC,4.597891336799913,96
sign_test_er0.0__norm_original_radius,matched_er_4to1_chunk_17,89,KR,6.9050335350135965,96
sign_test_er0.0__norm_original_radius,matched_er_4to1_chunk_17,89,MC,2.2376748997097216,96
sign_test_er0.0__norm_original_radius,matched_er_4to1_chunk_17,89,cosine_similarity,0.042730302549898576,96
sign_test_er0.0__norm_original_radius,matched_er_4to1_chunk_17,89,kl_to_gaussian,0.0,96
sign_test_er0.0__norm_original_radius,matched_er_4to1_chunk_17,89,wt_mean,0.0051290715928189,96
sign_test_er0.0__norm_original_radius,matched_er_4to1_chunk_18,90,GR,12.897842618326345,96
sign_test_er0.0__norm_original_radius,matched_er_4to1_chunk_18,90,IPC,4.644628426138858,96
sign_test_er0.0__norm_original_radius,matched_er_4to1_chunk_18,90,KR,6.962717375407617,96
sign_test_er0.0__norm_original_radius,matched_er_4to1_chunk_18,90,MC,2.2592952850585184,96
sign_test_er0.0__norm_original_radius,matched_er_4to1_chunk_18,90,cosine_similarity,0.043007764033973155,96
sign_test_er0.0__norm_original_radius,matched_er_4to1_chunk_18,90,kl_to_gaussian,0.0,96
sign_test_er0.0__norm_original_radius,matched_er_4to1_chunk_18,90,wt_mean,0.005083337251562575,96
sign_test_er0.0__norm_original_radius,matched_er_4to1_chunk_18,91,GR,12.328269392251968,96
sign_test_er0.0__norm_original_radius,matched_er_4to1_chunk_18,91,IPC,4.1239875529812045,96
sign_test_er0.0__norm_original_radius,matched_er_4to1_chunk_18,91,KR,6.660455454140902,96
sign_test_er0.0__norm_original_radius,matched_er_4to1_chunk_18,91,MC,2.092765766195953,96
sign_test_er0.0__norm_original_radius,matched_er_4to1_chunk_18,91,cosine_similarity,0.04522752854973075,96
sign_test_er0.0__norm_original_radius,matched_er_4to1_chunk_18,91,kl_to_gaussian,0.0,96
sign_test_er0.0__norm_original_radius,matched_er_4to1_chunk_18,91,wt_mean,0.00509712338680395,96
sign_test_er0.0__norm_original_radius,matched_er_4to1_chunk_18,92,GR,11.985511394838491,96
sign_test_er0.0__norm_original_radius,matched_er_4to1_chunk_18,92,IPC,4.547193349936828,96
sign_test_er0.0__norm_original_radius,matched_er_4to1_chunk_18,92,KR,6.513044531146686,96
sign_test_er0.0__norm_original_radius,matched_er_4to1_chunk_18,92,MC,2.148828336969018,96
sign_test_er0.0__norm_original_radius,matched_er_4to1_chunk_18,92,cosine_similarity,0.0435627177357673,96
sign_test_er0.0__norm_original_radius,matched_er_4to1_chunk_18,92,kl_to_gaussian,0.0,96
sign_test_er0.0__norm_original_radius,matched_er_4to1_chunk_18,92,wt_mean,0.005083511932752975,96
sign_test_er0.0__norm_original_radius,matched_er_4to1_chunk_18,93,GR,11.440525951484839,96
sign_test_er0.0__norm_original_radius,matched_er_4to1_chunk_18,93,IPC,4.481995454240994,96
sign_test_er0.0__norm_original_radius,matched_er_4to1_chunk_18,93,KR,6.182714165498813,96
sign_test_er0.0__norm_original_radius,matched_er_4to1_chunk_18,93,MC,2.193015673197806,96
sign_test_er0.0__norm_original_radius,matched_er_4to1_chunk_18,93,cosine_similarity,0.04384017456322908,96
sign_test_er0.0__norm_original_radius,matched_er_4to1_chunk_18,93,kl_to_gaussian,0.0,96
sign_test_er0.0__norm_original_radius,matched_er_4to1_chunk_18,93,wt_mean,0.00513726496137675,96
sign_test_er0.0__norm_original_radius,matched_er_4to1_chunk_18,94,GR,11.931027544041475,96
sign_test_er0.0__norm_original_radius,matched_er_4to1_chunk_18,94,IPC,4.442433834981835,96
sign_test_er0.0__norm_original_radius,matched_er_4to1_chunk_18,94,KR,6.34607678775986,96
sign_test_er0.0__norm_original_radius,matched_er_4to1_chunk_18,94,MC,2.056981927715242,96
sign_test_er0.0__norm_original_radius,matched_er_4to1_chunk_18,94,cosine_similarity,0.047169816680252476,96
sign_test_er0.0__norm_original_radius,matched_er_4to1_chunk_18,94,kl_to_gaussian,0.0,96
sign_test_er0.0__norm_original_radius,matched_er_4to1_chunk_18,94,wt_mean,0.005219799582846425,96
sign_test_er0.0__norm_original_radius,matched_er_4to1_chunk_19,95,GR,12.215114737550417,96
sign_test_er0.0__norm_original_radius,matched_er_4to1_chunk_19,95,IPC,4.318854870000198,96
sign_test_er0.0__norm_original_radius,matched_er_4to1_chunk_19,95,KR,6.411401584744453,96
sign_test_er0.0__norm_original_radius,matched_er_4to1_chunk_19,95,MC,2.1092479567353926,96
sign_test_er0.0__norm_original_radius,matched_er_4to1_chunk_19,95,cosine_similarity,0.04189789760857818,96
sign_test_er0.0__norm_original_radius,matched_er_4to1_chunk_19,95,kl_to_gaussian,0.0,96
sign_test_er0.0__norm_original_radius,matched_er_4to1_chunk_19,95,wt_mean,0.0051794592291115995,96
sign_test_er0.0__norm_original_radius,matched_er_4to1_chunk_19,96,GR,13.802935595313707,96
sign_test_er0.0__norm_original_radius,matched_er_4to1_chunk_19,96,IPC,4.311375841253077,96
sign_test_er0.0__norm_original_radius,matched_er_4to1_chunk_19,96,KR,7.167659899840753,96
sign_test_er0.0__norm_original_radius,matched_er_4to1_chunk_19,96,MC,2.1013687749703727,96
sign_test_er0.0__norm_original_radius,matched_er_4to1_chunk_19,96,cosine_similarity,0.0366259776055812,96
sign_test_er0.0__norm_original_radius,matched_er_4to1_chunk_19,96,kl_to_gaussian,0.0,96
sign_test_er0.0__norm_original_radius,matched_er_4to1_chunk_19,96,wt_mean,0.0051881921244784504,96
sign_test_er0.0__norm_original_radius,matched_er_4to1_chunk_19,97,GR,12.471611879765987,96
sign_test_er0.0__norm_original_radius,matched_er_4to1_chunk_19,97,IPC,4.364232804466613,96
sign_test_er0.0__norm_original_radius,matched_er_4to1_chunk_19,97,KR,6.642758338401715,96
sign_test_er0.0__norm_original_radius,matched_er_4to1_chunk_19,97,MC,2.1307286905745664,96
sign_test_er0.0__norm_original_radius,matched_er_4to1_chunk_19,97,cosine_similarity,0.0407880097627639,96
sign_test_er0.0__norm_original_radius,matched_er_4to1_chunk_19,97,kl_to_gaussian,0.0,96
sign_test_er0.0__norm_original_radius,matched_er_4to1_chunk_19,97,wt_mean,0.0051365199615247,96
sign_test_er0.0__norm_original_radius,matched_er_4to1_chunk_19,98,GR,13.092107107241949,96
sign_test_er0.0__norm_original_radius,matched_er_4to1_chunk_19,98,IPC,4.884145784300867,96
sign_test_er0.0__norm_original_radius,matched_er_4to1_chunk_19,98,KR,7.014328564206759,96
sign_test_er0.0__norm_original_radius,matched_er_4to1_chunk_19,98,MC,2.3066132509460053,96
sign_test_er0.0__norm_original_radius,matched_er_4to1_chunk_19,98,cosine_similarity,0.04744728095829485,96
sign_test_er0.0__norm_original_radius,matched_er_4to1_chunk_19,98,kl_to_gaussian,0.0,96
sign_test_er0.0__norm_original_radius,matched_er_4to1_chunk_19,98,wt_mean,0.005165635375305975,96
sign_test_er0.0__norm_original_radius,matched_er_4to1_chunk_19,99,GR,12.284412207702795,96
sign_test_er0.0__norm_original_radius,matched_er_4to1_chunk_19,99,IPC,4.309735264195391,96
sign_test_er0.0__norm_original_radius,matched_er_4to1_chunk_19,99,KR,6.6091175973415375,96
sign_test_er0.0__norm_original_radius,matched_er_4to1_chunk_19,99,MC,2.1867664779225984,96
sign_test_er0.0__norm_original_radius,matched_er_4to1_chunk_19,99,cosine_similarity,0.03940066043287507,96
sign_test_er0.0__norm_original_radius,matched_er_4to1_chunk_19,99,kl_to_gaussian,0.0,96
sign_test_er0.0__norm_original_radius,matched_er_4to1_chunk_19,99,wt_mean,0.005141497589647725,96
sign_test_er0.0__norm_original_radius,matched_er_4to1_chunk_2,10,GR,12.733457093437513,96
sign_test_er0.0__norm_original_radius,matched_er_4to1_chunk_2,10,IPC,5.048775380617312,96
sign_test_er0.0__norm_original_radius,matched_er_4to1_chunk_2,10,KR,6.622199109445016,96
sign_test_er0.0__norm_original_radius,matched_er_4to1_chunk_2,10,MC,2.3134865493824086,96
sign_test_er0.0__norm_original_radius,matched_er_4to1_chunk_2,10,cosine_similarity,0.041065476834774,96
sign_test_er0.0__norm_original_radius,matched_er_4to1_chunk_2,10,kl_to_gaussian,0.0,96
sign_test_er0.0__norm_original_radius,matched_er_4to1_chunk_2,10,wt_mean,0.005135454353876375,96
sign_test_er0.0__norm_original_radius,matched_er_4to1_chunk_2,11,GR,11.65330154945453,96
sign_test_er0.0__norm_original_radius,matched_er_4to1_chunk_2,11,IPC,4.933627555610962,96
sign_test_er0.0__norm_original_radius,matched_er_4to1_chunk_2,11,KR,6.383010823279619,96
sign_test_er0.0__norm_original_radius,matched_er_4to1_chunk_2,11,MC,2.366584411046157,96
sign_test_er0.0__norm_original_radius,matched_er_4to1_chunk_2,11,cosine_similarity,0.04134295415133232,96
sign_test_er0.0__norm_original_radius,matched_er_4to1_chunk_2,11,kl_to_gaussian,0.0,96
sign_test_er0.0__norm_original_radius,matched_er_4to1_chunk_2,11,wt_mean,0.005040641757659575,96
sign_test_er0.0__norm_original_radius,matched_er_4to1_chunk_2,12,GR,14.591229443748793,96
sign_test_er0.0__norm_original_radius,matched_er_4to1_chunk_2,12,IPC,5.033967542471793,96
sign_test_er0.0__norm_original_radius,matched_er_4to1_chunk_2,12,KR,7.303124067684014,96
sign_test_er0.0__norm_original_radius,matched_er_4to1_chunk_2,12,MC,2.4666851510604224,96
sign_test_er0.0__norm_original_radius,matched_er_4to1_chunk_2,12,cosine_similarity,0.04106547962874172,96
sign_test_er0.0__norm_original_radius,matched_er_4to1_chunk_2,12,kl_to_gaussian,0.0,96
sign_test_er0.0__norm_original_radius,matched_er_4to1_chunk_2,12,wt_mean,0.005107502278406125,96
sign_test_er0.0__norm_original_radius,matched_er_4to1_chunk_2,13,GR,13.042857189973196,96
sign_test_er0.0__norm_original_radius,matched_er_4to1_chunk_2,13,IPC,4.366489330649468,96
sign_test_er0.0__norm_original_radius,matched_er_4to1_chunk_2,13,KR,6.973786813517411,96
sign_test_er0.0__norm_original_radius,matched_er_4to1_chunk_2,13,MC,2.169889455040296,96
sign_test_er0.0__norm_original_radius,matched_er_4to1_chunk_2,13,cosine_similarity,0.04051054827868935,96
sign_test_er0.0__norm_original_radius,matched_er_4to1_chunk_2,13,kl_to_gaussian,0.0,96
sign_test_er0.0__norm_original_radius,matched_er_4to1_chunk_2,13,wt_mean,0.0052064331830478745,96
sign_test_er0.0__norm_original_radius,matched_er_4to1_chunk_2,14,GR,12.28981106976668,96
sign_test_er0.0__norm_original_radius,matched_er_4to1_chunk_2,14,IPC,4.657268657849385,96
sign_test_er0.0__norm_original_radius,matched_er_4to1_chunk_2,14,KR,6.4488460049033165,96
sign_test_er0.0__norm_original_radius,matched_er_4to1_chunk_2,14,MC,2.1505395832161107,96
sign_test_er0.0__norm_original_radius,matched_er_4to1_chunk_2,14,cosine_similarity,0.04189788363873955,96
sign_test_er0.0__norm_original_radius,matched_er_4to1_chunk_2,14,kl_to_gaussian,0.0,96
sign_test_er0.0__norm_original_radius,matched_er_4to1_chunk_2,14,wt_mean,0.005185233487281901,96
sign_test_er0.0__norm_original_radius,matched_er_4to1_chunk_3,15,GR,12.065653984745344,96
sign_test_er0.0__norm_original_radius,matched_er_4to1_chunk_3,15,IPC,5.148865111911682,96
sign_test_er0.0__norm_original_radius,matched_er_4to1_chunk_3,15,KR,6.471526592969894,96
sign_test_er0.0__norm_original_radius,matched_er_4to1_chunk_3,15,MC,2.4640488754957914,96
sign_test_er0.0__norm_original_radius,matched_er_4to1_chunk_3,15,cosine_similarity,0.04273030068725343,96
sign_test_er0.0__norm_original_radius,matched_er_4to1_chunk_3,15,kl_to_gaussian,0.0,96
sign_test_er0.0__norm_original_radius,matched_er_4to1_chunk_3,15,wt_mean,0.0050752580282278,96
sign_test_er0.0__norm_original_radius,matched_er_4to1_chunk_3,16,GR,12.949739781518778,96
sign_test_er0.0__norm_original_radius,matched_er_4to1_chunk_3,16,IPC,4.647740703096913,96
sign_test_er0.0__norm_original_radius,matched_er_4to1_chunk_3,16,KR,6.968898106366396,96
sign_test_er0.0__norm_original_radius,matched_er_4to1_chunk_3,16,MC,2.319306218996644,96
sign_test_er0.0__norm_original_radius,matched_er_4to1_chunk_3,16,cosine_similarity,0.0385682582855224,96
sign_test_er0.0__norm_original_radius,matched_er_4to1_chunk_3,16,kl_to_gaussian,0.0,96
sign_test_er0.0__norm_original_radius,matched_er_4to1_chunk_3,16,wt_mean,0.0051348048727959,96
sign_test_er0.0__norm_original_radius,matched_er_4to1_chunk_3,17,GR,12.09772695104281,96
sign_test_er0.0__norm_original_radius,matched_er_4to1_chunk_3,17,IPC,4.8212947367075785,96
sign_test_er0.0__norm_original_radius,matched_er_4to1_chunk_3,17,KR,6.3333492415646715,96
sign_test_er0.0__norm_original_radius,matched_er_4to1_chunk_3,17,MC,2.2549871165926256,96
sign_test_er0.0__norm_original_radius,matched_er_4to1_chunk_3,17,cosine_similarity,0.04273028485476965,96
sign_test_er0.0__norm_original_radius,matched_er_4to1_chunk_3,17,kl_to_gaussian,0.0,96
sign_test_er0.0__norm_original_radius,matched_er_4to1_chunk_3,17,wt_mean,0.005120159185025775,96
sign_test_er0.0__norm_original_radius,matched_er_4to1_chunk_3,18,GR,12.719876778622469,96
sign_test_er0.0__norm_original_radius,matched_er_4to1_chunk_3,18,IPC,5.030488692868574,96
sign_test_er0.0__norm_original_radius,matched_er_4to1_chunk_3,18,KR,6.868044696748257,96
sign_test_er0.0__norm_original_radius,matched_er_4to1_chunk_3,18,MC,2.3554009376093745,96
sign_test_er0.0__norm_original_radius,matched_er_4to1_chunk_3,18,cosine_similarity,0.041342955082654904,96
sign_test_er0.0__norm_original_radius,matched_er_4to1_chunk_3,18,kl_to_gaussian,0.0,96
sign_test_er0.0__norm_original_radius,matched_er_4to1_chunk_3,18,wt_mean,0.005230120092164676,96
sign_test_er0.0__norm_original_radius,matched_er_4to1_chunk_3,19,GR,12.723793290555477,96
sign_test_er0.0__norm_original_radius,matched_er_4to1_chunk_3,19,IPC,4.729606747744937,96
sign_test_er0.0__norm_original_radius,matched_er_4to1_chunk_3,19,KR,6.67584000279506,96
sign_test_er0.0__norm_original_radius,matched_er_4to1_chunk_3,19,MC,2.2289274722958603,96
sign_test_er0.0__norm_original_radius,matched_er_4to1_chunk_3,19,cosine_similarity,0.038568265736103,96
sign_test_er0.0__norm_original_radius,matched_er_4to1_chunk_3,19,kl_to_gaussian,0.0,96
sign_test_er0.0__norm_original_radius,matched_er_4to1_chunk_3,19,wt_mean,0.005196164420340175,96
sign_test_er0.0__norm_original_radius,matched_er_4to1_chunk_4,20,GR,12.349156573414803,96
sign_test_er0.0__norm_original_radius,matched_er_4to1_chunk_4,20,IPC,5.202978774078294,96
sign_test_er0.0__norm_original_radius,matched_er_4to1_chunk_4,20,KR,6.48665618399779,96
sign_test_er0.0__norm_original_radius,matched_er_4to1_chunk_4,20,MC,2.393922337330878,96
sign_test_er0.0__norm_original_radius,matched_er_4to1_chunk_4,20,cosine_similarity,0.045227527618408175,96
sign_test_er0.0__norm_original_radius,matched_er_4to1_chunk_4,20,kl_to_gaussian,0.0,96
sign_test_er0.0__norm_original_radius,matched_er_4to1_chunk_4,20,wt_mean,0.005058163893409,96
sign_test_er0.0__norm_original_radius,matched_er_4to1_chunk_4,21,GR,12.861626269916693,96
sign_test_er0.0__norm_original_radius,matched_er_4to1_chunk_4,21,IPC,4.617648738664801,96
sign_test_er0.0__norm_original_radius,matched_er_4to1_chunk_4,21,KR,6.7668563437958555,96
sign_test_er0.0__norm_original_radius,matched_er_4to1_chunk_4,21,MC,2.1981546450406313,96
sign_test_er0.0__norm_original_radius,matched_er_4to1_chunk_4,21,cosine_similarity,0.04245283640921115,96
sign_test_er0.0__norm_original_radius,matched_er_4to1_chunk_4,21,kl_to_gaussian,0.0,96
sign_test_er0.0__norm_original_radius,matched_er_4to1_chunk_4,21,wt_mean,0.005229771486483449,96
sign_test_er0.0__norm_original_radius,matched_er_4to1_chunk_4,22,GR,12.488739420970282,96
sign_test_er0.0__norm_original_radius,matched_er_4to1_chunk_4,22,IPC,5.2020586014690755,96
sign_test_er0.0__norm_original_radius,matched_er_4to1_chunk_4,22,KR,6.528354903062184,96
sign_test_er0.0__norm_original_radius,matched_er_4to1_chunk_4,22,MC,2.383753518263499,96
sign_test_er0.0__norm_original_radius,matched_er_4to1_chunk_4,22,cosine_similarity,0.03884573280811308,96
sign_test_er0.0__norm_original_radius,matched_er_4to1_chunk_4,22,kl_to_gaussian,0.0,96
sign_test_er0.0__norm_original_radius,matched_er_4to1_chunk_4,22,wt_mean,0.0050326607888564,96
sign_test_er0.0__norm_original_radius,matched_er_4to1_chunk_4,23,GR,11.856822388867537,96
sign_test_er0.0__norm_original_radius,matched_er_4to1_chunk_4,23,IPC,4.94874857668751,96
sign_test_er0.0__norm_original_radius,matched_er_4to1_chunk_4,23,KR,6.266306723157565,96
sign_test_er0.0__norm_original_radius,matched_er_4to1_chunk_4,23,MC,2.250053856211404,96
sign_test_er0.0__norm_original_radius,matched_er_4to1_chunk_4,23,cosine_similarity,0.03274139575660225,96
sign_test_er0.0__norm_original_radius,matched_er_4to1_chunk_4,23,kl_to_gaussian,0.0,96
sign_test_er0.0__norm_original_radius,matched_er_4to1_chunk_4,23,wt_mean,0.005252956296317225,96
sign_test_er0.0__norm_original_radius,matched_er_4to1_chunk_4,24,GR,13.250577812393507,96
sign_test_er0.0__norm_original_radius,matched_er_4to1_chunk_4,24,IPC,4.722366716289447,96
sign_test_er0.0__norm_original_radius,matched_er_4to1_chunk_4,24,KR,7.0466629937291145,96
sign_test_er0.0__norm_original_radius,matched_er_4to1_chunk_4,24,MC,2.2261034538969398,96
sign_test_er0.0__norm_original_radius,matched_er_4to1_chunk_4,24,cosine_similarity,0.040233073756098726,96
sign_test_er0.0__norm_original_radius,matched_er_4to1_chunk_4,24,kl_to_gaussian,0.0,96
sign_test_er0.0__norm_original_radius,matched_er_4to1_chunk_4,24,wt_mean,0.0051510517369024,96
sign_test_er0.0__norm_original_radius,matched_er_4to1_chunk_5,25,GR,12.112641798953215,96
sign_test_er0.0__norm_original_radius,matched_er_4to1_chunk_5,25,IPC,5.084387030984751,96
sign_test_er0.0__norm_original_radius,matched_er_4to1_chunk_5,25,KR,6.373864045987527,96
sign_test_er0.0__norm_original_radius,matched_er_4to1_chunk_5,25,MC,2.3436779140805206,96
sign_test_er0.0__norm_original_radius,matched_er_4to1_chunk_5,25,cosine_similarity,0.03995560575276608,96
sign_test_er0.0__norm_original_radius,matched_er_4to1_chunk_5,25,kl_to_gaussian,0.0,96
sign_test_er0.0__norm_original_radius,matched_er_4to1_chunk_5,25,wt_mean,0.005061216244939675,96
sign_test_er0.0__norm_original_radius,matched_er_4to1_chunk_5,26,GR,13.426587623854479,96
sign_test_er0.0__norm_original_radius,matched_er_4to1_chunk_5,26,IPC,5.051379156415858,96
sign_test_er0.0__norm_original_radius,matched_er_4to1_chunk_5,26,KR,6.855319096396367,96
sign_test_er0.0__norm_original_radius,matched_er_4to1_chunk_5,26,MC,2.513510087815424,96
sign_test_er0.0__norm_original_radius,matched_er_4to1_chunk_5,26,cosine_similarity,0.03995560202747577,96
sign_test_er0.0__norm_original_radius,matched_er_4to1_chunk_5,26,kl_to_gaussian,0.0,96
sign_test_er0.0__norm_original_radius,matched_er_4to1_chunk_5,26,wt_mean,0.00505096459528425,96
sign_test_er0.0__norm_original_radius,matched_er_4to1_chunk_5,27,GR,13.472819810112318,96
sign_test_er0.0__norm_original_radius,matched_er_4to1_chunk_5,27,IPC,5.423085341398855,96
sign_test_er0.0__norm_original_radius,matched_er_4to1_chunk_5,27,KR,6.85480264822642,96
sign_test_er0.0__norm_original_radius,matched_er_4to1_chunk_5,27,MC,2.4299253296727934,96
sign_test_er0.0__norm_original_radius,matched_er_4to1_chunk_5,27,cosine_similarity,0.041620420292019775,96
sign_test_er0.0__norm_original_radius,matched_er_4to1_chunk_5,27,kl_to_gaussian,0.0,96
sign_test_er0.0__norm_original_radius,matched_er_4to1_chunk_5,27,wt_mean,0.0050676605314947,96
sign_test_er0.0__norm_original_radius,matched_er_4to1_chunk_5,28,GR,13.185560973982016,96
sign_test_er0.0__norm_original_radius,matched_er_4to1_chunk_5,28,IPC,5.161381431899994,96
sign_test_er0.0__norm_original_radius,matched_er_4to1_chunk_5,28,KR,6.889254344006379,96
sign_test_er0.0__norm_original_radius,matched_er_4to1_chunk_5,28,MC,2.3256377388412752,96
sign_test_er0.0__norm_original_radius,matched_er_4to1_chunk_5,28,cosine_similarity,0.03912320453673598,96
sign_test_er0.0__norm_original_radius,matched_er_4to1_chunk_5,28,kl_to_gaussian,0.0,96
sign_test_er0.0__norm_original_radius,matched_er_4to1_chunk_5,28,wt_mean,0.0051976803806609755,96
sign_test_er0.0__norm_original_radius,matched_er_4to1_chunk_5,29,GR,12.918811482687792,96
sign_test_er0.0__norm_original_radius,matched_er_4to1_chunk_5,29,IPC,4.822303472280908,96
sign_test_er0.0__norm_original_radius,matched_er_4to1_chunk_5,29,KR,6.699717065940301,96
sign_test_er0.0__norm_original_radius,matched_er_4to1_chunk_5,29,MC,2.202081641803185,96
sign_test_er0.0__norm_original_radius,matched_er_4to1_chunk_5,29,cosine_similarity,0.04356270842254154,96
sign_test_er0.0__norm_original_radius,matched_er_4to1_chunk_5,29,kl_to_gaussian,0.0,96
sign_test_er0.0__norm_original_radius,matched_er_4to1_chunk_5,29,wt_mean,0.005220211634878,96
sign_test_er0.0__norm_original_radius,matched_er_4to1_chunk_6,30,GR,12.417354164024195,96
sign_test_er0.0__norm_original_radius,matched_er_4to1_chunk_6,30,IPC,4.773571795906027,96
sign_test_er0.0__norm_original_radius,matched_er_4to1_chunk_6,30,KR,6.579494783033927,96
sign_test_er0.0__norm_original_radius,matched_er_4to1_chunk_6,30,MC,2.2172720918121436,96
sign_test_er0.0__norm_original_radius,matched_er_4to1_chunk_6,30,cosine_similarity,0.04411763790994878,96
sign_test_er0.0__norm_original_radius,matched_er_4to1_chunk_6,30,kl_to_gaussian,0.0,96
sign_test_er0.0__norm_original_radius,matched_er_4to1_chunk_6,30,wt_mean,0.005112321057822475,96
sign_test_er0.0__norm_original_radius,matched_er_4to1_chunk_6,31,GR,12.22868458678325,96
sign_test_er0.0__norm_original_radius,matched_er_4to1_chunk_6,31,IPC,5.259201424534328,96
sign_test_er0.0__norm_original_radius,matched_er_4to1_chunk_6,31,KR,6.423499550670385,96
sign_test_er0.0__norm_original_radius,matched_er_4to1_chunk_6,31,MC,2.4036415312439203,96
sign_test_er0.0__norm_original_radius,matched_er_4to1_chunk_6,31,cosine_similarity,0.0407880097627639,96
sign_test_er0.0__norm_original_radius,matched_er_4to1_chunk_6,31,kl_to_gaussian,0.0,96
sign_test_er0.0__norm_original_radius,matched_er_4to1_chunk_6,31,wt_mean,0.0051231631659902,96
sign_test_er0.0__norm_original_radius,matched_er_4to1_chunk_6,32,GR,12.35270780324936,96
sign_test_er0.0__norm_original_radius,matched_er_4to1_chunk_6,32,IPC,5.0360900293492525,96
sign_test_er0.0__norm_original_radius,matched_er_4to1_chunk_6,32,KR,6.586420285205047,96
sign_test_er0.0__norm_original_radius,matched_er_4to1_chunk_6,32,MC,2.428768003669878,96
sign_test_er0.0__norm_original_radius,matched_er_4to1_chunk_6,32,cosine_similarity,0.04051055666059252,96
sign_test_er0.0__norm_original_radius,matched_er_4to1_chunk_6,32,kl_to_gaussian,0.0,96
sign_test_er0.0__norm_original_radius,matched_er_4to1_chunk_6,32,wt_mean,0.005294629430863951,96
sign_test_er0.0__norm_original_radius,matched_er_4to1_chunk_6,33,GR,12.499290242791176,96
sign_test_er0.0__norm_original_radius,matched_er_4to1_chunk_6,33,IPC,4.946299213676259,96
sign_test_er0.0__norm_original_radius,matched_er_4to1_chunk_6,33,KR,6.589896871397893,96
sign_test_er0.0__norm_original_radius,matched_er_4to1_chunk_6,33,MC,2.356839368119836,96
sign_test_er0.0__norm_original_radius,matched_er_4to1_chunk_6,33,cosine_similarity,0.04023307003080837,96
sign_test_er0.0__norm_original_radius,matched_er_4to1_chunk_6,33,kl_to_gaussian,0.0,96
sign_test_er0.0__norm_original_radius,matched_er_4to1_chunk_6,33,wt_mean,0.005157189385499775,96
sign_test_er0.0__norm_original_radius,matched_er_4to1_chunk_6,34,GR,12.512433983385563,96
sign_test_er0.0__norm_original_radius,matched_er_4to1_chunk_6,34,IPC,4.938021279022414,96
sign_test_er0.0__norm_original_radius,matched_er_4to1_chunk_6,34,KR,6.498164029171069,96
sign_test_er0.0__norm_original_radius,matched_er_4to1_chunk_6,34,MC,2.3261426727597914,96
sign_test_er0.0__norm_original_radius,matched_er_4to1_chunk_6,34,cosine_similarity,0.0446725971996784,96
sign_test_er0.0__norm_original_radius,matched_er_4to1_chunk_6,34,kl_to_gaussian,0.0,96
sign_test_er0.0__norm_original_radius,matched_er_4to1_chunk_6,34,wt_mean,0.0051622369210235245,96
sign_test_er0.0__norm_original_radius,matched_er_4to1_chunk_7,35,GR,12.051647633314133,96
sign_test_er0.0__norm_original_radius,matched_er_4to1_chunk_7,35,IPC,4.721533113068163,96
sign_test_er0.0__norm_original_radius,matched_er_4to1_chunk_7,35,KR,6.331575858096282,96
sign_test_er0.0__norm_original_radius,matched_er_4to1_chunk_7,35,MC,2.171449248213321,96
sign_test_er0.0__norm_original_radius,matched_er_4to1_chunk_7,35,cosine_similarity,0.03634849004447455,96
sign_test_er0.0__norm_original_radius,matched_er_4to1_chunk_7,35,kl_to_gaussian,0.0,96
sign_test_er0.0__norm_original_radius,matched_er_4to1_chunk_7,35,wt_mean,0.0051704336656257,96
sign_test_er0.0__norm_original_radius,matched_er_4to1_chunk_7,36,GR,13.982285052537918,96
sign_test_er0.0__norm_original_radius,matched_er_4to1_chunk_7,36,IPC,4.774317694715099,96
sign_test_er0.0__norm_original_radius,matched_er_4to1_chunk_7,36,KR,7.207182368884484,96
sign_test_er0.0__norm_original_radius,matched_er_4to1_chunk_7,36,MC,2.364554471336305,96
sign_test_er0.0__norm_original_radius,matched_er_4to1_chunk_7,36,cosine_similarity,0.047169812023639596,96
sign_test_er0.0__norm_original_radius,matched_er_4to1_chunk_7,36,kl_to_gaussian,0.0,96
sign_test_er0.0__norm_original_radius,matched_er_4to1_chunk_7,36,wt_mean,0.005165857612155325,96
sign_test_er0.0__norm_original_radius,matched_er_4to1_chunk_7,37,GR,12.187201169629892,96
sign_test_er0.0__norm_original_radius,matched_er_4to1_chunk_7,37,IPC,4.958351989421573,96
sign_test_er0.0__norm_original_radius,matched_er_4to1_chunk_7,37,KR,6.545469731092453,96
sign_test_er0.0__norm_original_radius,matched_er_4to1_chunk_7,37,MC,2.189757824254533,96
sign_test_er0.0__norm_original_radius,matched_er_4to1_chunk_7,37,cosine_similarity,0.04439511895179742,96
sign_test_er0.0__norm_original_radius,matched_er_4to1_chunk_7,37,kl_to_gaussian,0.0,96
sign_test_er0.0__norm_original_radius,matched_er_4to1_chunk_7,37,wt_mean,0.005196554702706575,96
sign_test_er0.0__norm_original_radius,matched_er_4to1_chunk_7,38,GR,12.886118225753307,96
sign_test_er0.0__norm_original_radius,matched_er_4to1_chunk_7,38,IPC,5.078765399735902,96
sign_test_er0.0__norm_original_radius,matched_er_4to1_chunk_7,38,KR,6.690026576320331,96
sign_test_er0.0__norm_original_radius,matched_er_4to1_chunk_7,38,MC,2.347176391941806,96
sign_test_er0.0__norm_original_radius,matched_er_4to1_chunk_7,38,cosine_similarity,0.03967813588678835,96
sign_test_er0.0__norm_original_radius,matched_er_4to1_chunk_7,38,kl_to_gaussian,0.0,96
sign_test_er0.0__norm_original_radius,matched_er_4to1_chunk_7,38,wt_mean,0.00497776019619775,96
sign_test_er0.0__norm_original_radius,matched_er_4to1_chunk_7,39,GR,13.386304626862207,96
sign_test_er0.0__norm_original_radius,matched_er_4to1_chunk_7,39,IPC,5.018971422975635,96
sign_test_er0.0__norm_original_radius,matched_er_4to1_chunk_7,39,KR,6.888470823566119,96
sign_test_er0.0__norm_original_radius,matched_er_4to1_chunk_7,39,MC,2.4211097691829004,96
sign_test_er0.0__norm_original_radius,matched_er_4to1_chunk_7,39,cosine_similarity,0.0413429588079452,96
sign_test_er0.0__norm_original_radius,matched_er_4to1_chunk_7,39,kl_to_gaussian,0.0,96
sign_test_er0.0__norm_original_radius,matched_er_4to1_chunk_7,39,wt_mean,0.005080522154457825,96
sign_test_er0.0__norm_original_radius,matched_er_4to1_chunk_8,40,GR,13.120114696522554,96
sign_test_er0.0__norm_original_radius,matched_er_4to1_chunk_8,40,IPC,4.75917948974958,96
sign_test_er0.0__norm_original_radius,matched_er_4to1_chunk_8,40,KR,7.014639501770337,96
sign_test_er0.0__norm_original_radius,matched_er_4to1_chunk_8,40,MC,2.1839861484865346,96
sign_test_er0.0__norm_original_radius,matched_er_4to1_chunk_8,40,cosine_similarity,0.036348498426377725,96
sign_test_er0.0__norm_original_radius,matched_er_4to1_chunk_8,40,kl_to_gaussian,0.0,96
sign_test_er0.0__norm_original_radius,matched_er_4to1_chunk_8,40,wt_mean,0.005203762440942175,96
sign_test_er0.0__norm_original_radius,matched_er_4to1_chunk_8,41,GR,12.949724276860556,96
sign_test_er0.0__norm_original_radius,matched_er_4to1_chunk_8,41,IPC,5.086470623501645,96
sign_test_er0.0__norm_original_radius,matched_er_4to1_chunk_8,41,KR,6.682305584351222,96
sign_test_er0.0__norm_original_radius,matched_er_4to1_chunk_8,41,MC,2.405736450726787,96
sign_test_er0.0__norm_original_radius,matched_er_4to1_chunk_8,41,cosine_similarity,0.03801332134753458,96
sign_test_er0.0__norm_original_radius,matched_er_4to1_chunk_8,41,kl_to_gaussian,0.0,96
sign_test_er0.0__norm_original_radius,matched_er_4to1_chunk_8,41,wt_mean,0.0050643848953768255,96
sign_test_er0.0__norm_original_radius,matched_er_4to1_chunk_8,42,GR,12.967638418078423,96
sign_test_er0.0__norm_original_radius,matched_er_4to1_chunk_8,42,IPC,5.182202376785894,96
sign_test_er0.0__norm_original_radius,matched_er_4to1_chunk_8,42,KR,6.971655838191509,96
sign_test_er0.0__norm_original_radius,matched_er_4to1_chunk_8,42,MC,2.4618818325301013,96
sign_test_er0.0__norm_original_radius,matched_er_4to1_chunk_8,42,cosine_similarity,0.038845721632242175,96
sign_test_er0.0__norm_original_radius,matched_er_4to1_chunk_8,42,kl_to_gaussian,0.0,96
sign_test_er0.0__norm_original_radius,matched_er_4to1_chunk_8,42,wt_mean,0.00512532959692175,96
sign_test_er0.0__norm_original_radius,matched_er_4to1_chunk_8,43,GR,12.288052568833033,96
sign_test_er0.0__norm_original_radius,matched_er_4to1_chunk_8,43,IPC,4.733592611966162,96
sign_test_er0.0__norm_original_radius,matched_er_4to1_chunk_8,43,KR,6.559236593544483,96
sign_test_er0.0__norm_original_radius,matched_er_4to1_chunk_8,43,MC,2.3597141271457076,96
sign_test_er0.0__norm_original_radius,matched_er_4to1_chunk_8,43,cosine_similarity,0.04800222069025035,96
sign_test_er0.0__norm_original_radius,matched_er_4to1_chunk_8,43,kl_to_gaussian,0.0,96
sign_test_er0.0__norm_original_radius,matched_er_4to1_chunk_8,43,wt_mean,0.004995799856260375,96
sign_test_er0.0__norm_original_radius,matched_er_4to1_chunk_8,44,GR,11.87307620793581,96
sign_test_er0.0__norm_original_radius,matched_er_4to1_chunk_8,44,IPC,5.31622338269587,96
sign_test_er0.0__norm_original_radius,matched_er_4to1_chunk_8,44,KR,6.259715788066387,96
sign_test_er0.0__norm_original_radius,matched_er_4to1_chunk_8,44,MC,2.396868138884505,96
sign_test_er0.0__norm_original_radius,matched_er_4to1_chunk_8,44,cosine_similarity,0.03745838068425655,96
sign_test_er0.0__norm_original_radius,matched_er_4to1_chunk_8,44,kl_to_gaussian,0.0,96
sign_test_er0.0__norm_original_radius,matched_er_4to1_chunk_8,44,wt_mean,0.00511097040725865,96
sign_test_er0.0__norm_original_radius,matched_er_4to1_chunk_9,45,GR,11.983947105705738,96
sign_test_er0.0__norm_original_radius,matched_er_4to1_chunk_9,45,IPC,4.8392620316737345,96
sign_test_er0.0__norm_original_radius,matched_er_4to1_chunk_9,45,KR,6.523706786334515,96
sign_test_er0.0__norm_original_radius,matched_er_4to1_chunk_9,45,MC,2.3542656113083162,96
sign_test_er0.0__norm_original_radius,matched_er_4to1_chunk_9,45,cosine_similarity,0.03940066136419765,96
sign_test_er0.0__norm_original_radius,matched_er_4to1_chunk_9,45,kl_to_gaussian,0.0,96
sign_test_er0.0__norm_original_radius,matched_er_4to1_chunk_9,45,wt_mean,0.00509900040924545,96
sign_test_er0.0__norm_original_radius,matched_er_4to1_chunk_9,46,GR,12.756288886070251,96
sign_test_er0.0__norm_original_radius,matched_er_4to1_chunk_9,46,IPC,4.317901979478887,96
sign_test_er0.0__norm_original_radius,matched_er_4to1_chunk_9,46,KR,6.728798687458038,96
sign_test_er0.0__norm_original_radius,matched_er_4to1_chunk_9,46,MC,2.2555412715300918,96
sign_test_er0.0__norm_original_radius,matched_er_4to1_chunk_9,46,cosine_similarity,0.04744727350771425,96
sign_test_er0.0__norm_original_radius,matched_er_4to1_chunk_9,46,kl_to_gaussian,0.0,96
sign_test_er0.0__norm_original_radius,matched_er_4to1_chunk_9,46,wt_mean,0.005231937335338375,96
sign_test_er0.0__norm_original_radius,matched_er_4to1_chunk_9,47,GR,12.533266392846903,96
sign_test_er0.0__norm_original_radius,matched_er_4to1_chunk_9,47,IPC,3.974324848255293,96
sign_test_er0.0__norm_original_radius,matched_er_4to1_chunk_9,47,KR,6.72847297290961,96
sign_test_er0.0__norm_original_radius,matched_er_4to1_chunk_9,47,MC,1.9440191543350618,96
sign_test_er0.0__norm_original_radius,matched_er_4to1_chunk_9,47,cosine_similarity,0.040788010694086475,96
sign_test_er0.0__norm_original_radius,matched_er_4to1_chunk_9,47,kl_to_gaussian,0.0,96
sign_test_er0.0__norm_original_radius,matched_er_4to1_chunk_9,47,wt_mean,0.00526541785802685,96
sign_test_er0.0__norm_original_radius,matched_er_4to1_chunk_9,48,GR,12.309117645025253,96
sign_test_er0.0__norm_original_radius,matched_er_4to1_chunk_9,48,IPC,4.767135429091047,96
sign_test_er0.0__norm_original_radius,matched_er_4to1_chunk_9,48,KR,6.484339529027541,96
sign_test_er0.0__norm_original_radius,matched_er_4to1_chunk_9,48,MC,2.271787297601501,96
sign_test_er0.0__norm_original_radius,matched_er_4to1_chunk_9,48,cosine_similarity,0.039955596439540324,96
sign_test_er0.0__norm_original_radius,matched_er_4to1_chunk_9,48,kl_to_gaussian,0.0,96
sign_test_er0.0__norm_original_radius,matched_er_4to1_chunk_9,48,wt_mean,0.0050712681841104746,96
sign_test_er0.0__norm_original_radius,matched_er_4to1_chunk_9,49,GR,12.313301059106985,96
sign_test_er0.0__norm_original_radius,matched_er_4to1_chunk_9,49,IPC,4.733602183895836,96
sign_test_er0.0__norm_original_radius,matched_er_4to1_chunk_9,49,KR,6.456293314695358,96
sign_test_er0.0__norm_original_radius,matched_er_4to1_chunk_9,49,MC,2.315686763264239,96
sign_test_er0.0__norm_original_radius,matched_er_4to1_chunk_9,49,cosine_similarity,0.0410654693841934,96
sign_test_er0.0__norm_original_radius,matched_er_4to1_chunk_9,49,kl_to_gaussian,0.0,96
sign_test_er0.0__norm_original_radius,matched_er_4to1_chunk_9,49,wt_mean,0.005104010051581975,96
sign_test_er0.0__norm_spectral_radius,matched_er_4to1_chunk_0,0,GR,5.1879196390509605,96
sign_test_er0.0__norm_spectral_radius,matched_er_4to1_chunk_0,0,IPC,7.320358823093131,96
sign_test_er0.0__norm_spectral_radius,matched_er_4to1_chunk_0,0,KR,3.0181583339969316,96
sign_test_er0.0__norm_spectral_radius,matched_er_4to1_chunk_0,0,MC,3.9787030207614102,96
sign_test_er0.0__norm_spectral_radius,matched_er_4to1_chunk_0,0,cosine_similarity,0.04273030068725343,96
sign_test_er0.0__norm_spectral_radius,matched_er_4to1_chunk_0,0,kl_to_gaussian,0.0,96
sign_test_er0.0__norm_spectral_radius,matched_er_4to1_chunk_0,0,wt_mean,0.00287895550718525,96
sign_test_er0.0__norm_spectral_radius,matched_er_4to1_chunk_0,1,GR,5.353753401587407,96
sign_test_er0.0__norm_spectral_radius,matched_er_4to1_chunk_0,1,IPC,7.427479433482819,96
sign_test_er0.0__norm_spectral_radius,matched_er_4to1_chunk_0,1,KR,3.181632080425819,96
sign_test_er0.0__norm_spectral_radius,matched_er_4to1_chunk_0,1,MC,4.034539926797152,96
sign_test_er0.0__norm_spectral_radius,matched_er_4to1_chunk_0,1,cosine_similarity,0.042730314657092046,96
sign_test_er0.0__norm_spectral_radius,matched_er_4to1_chunk_0,1,kl_to_gaussian,0.0,96
sign_test_er0.0__norm_spectral_radius,matched_er_4to1_chunk_0,1,wt_mean,0.0028638582443818,96
sign_test_er0.0__norm_spectral_radius,matched_er_4to1_chunk_0,2,GR,4.9845283317069216,96
sign_test_er0.0__norm_spectral_radius,matched_er_4to1_chunk_0,2,IPC,7.476585389095161,96
sign_test_er0.0__norm_spectral_radius,matched_er_4to1_chunk_0,2,KR,2.9605281750361123,96
sign_test_er0.0__norm_spectral_radius,matched_er_4to1_chunk_0,2,MC,4.065058348079522,96
sign_test_er0.0__norm_spectral_radius,matched_er_4to1_chunk_0,2,cosine_similarity,0.03745837695896625,96
sign_test_er0.0__norm_spectral_radius,matched_er_4to1_chunk_0,2,kl_to_gaussian,0.0,96
sign_test_er0.0__norm_spectral_radius,matched_er_4to1_chunk_0,2,wt_mean,0.002866307157091725,96
sign_test_er0.0__norm_spectral_radius,matched_er_4to1_chunk_0,3,GR,4.959689243386189,96
sign_test_er0.0__norm_spectral_radius,matched_er_4to1_chunk_0,3,IPC,7.698072816024548,96
sign_test_er0.0__norm_spectral_radius,matched_er_4to1_chunk_0,3,KR,2.872803238530954,96
sign_test_er0.0__norm_spectral_radius,matched_er_4to1_chunk_0,3,MC,4.067063088218371,96
sign_test_er0.0__norm_spectral_radius,matched_er_4to1_chunk_0,3,cosine_similarity,0.04384016897529363,96
sign_test_er0.0__norm_spectral_radius,matched_er_4to1_chunk_0,3,kl_to_gaussian,0.0,96
sign_test_er0.0__norm_spectral_radius,matched_er_4to1_chunk_0,3,wt_mean,0.00286323629552495,96
sign_test_er0.0__norm_spectral_radius,matched_er_4to1_chunk_0,4,GR,5.5993285191555815,96
sign_test_er0.0__norm_spectral_radius,matched_er_4to1_chunk_0,4,IPC,7.276083240288237,96
sign_test_er0.0__norm_spectral_radius,matched_er_4to1_chunk_0,4,KR,3.3311527681847415,96
sign_test_er0.0__norm_spectral_radius,matched_er_4to1_chunk_0,4,MC,3.984765642633041,96
sign_test_er0.0__norm_spectral_radius,matched_er_4to1_chunk_0,4,cosine_similarity,0.041620426811277776,96
sign_test_er0.0__norm_spectral_radius,matched_er_4to1_chunk_0,4,kl_to_gaussian,0.0,96
sign_test_er0.0__norm_spectral_radius,matched_er_4to1_chunk_0,4,wt_mean,0.002855800441466225,96
sign_test_er0.0__norm_spectral_radius,matched_er_4to1_chunk_1,5,GR,5.207968894392252,96
sign_test_er0.0__norm_spectral_radius,matched_er_4to1_chunk_1,5,IPC,7.674626131339111,96
sign_test_er0.0__norm_spectral_radius,matched_er_4to1_chunk_1,5,KR,3.148988090455532,96
sign_test_er0.0__norm_spectral_radius,matched_er_4to1_chunk_1,5,MC,4.1811089888215065,96
sign_test_er0.0__norm_spectral_radius,matched_er_4to1_chunk_1,5,cosine_similarity,0.03829077910631892,96
sign_test_er0.0__norm_spectral_radius,matched_er_4to1_chunk_1,5,kl_to_gaussian,0.0,96
sign_test_er0.0__norm_spectral_radius,matched_er_4to1_chunk_1,5,wt_mean,0.002871747536119025,96
sign_test_er0.0__norm_spectral_radius,matched_er_4to1_chunk_1,6,GR,4.993251767009497,96
sign_test_er0.0__norm_spectral_radius,matched_er_4to1_chunk_1,6,IPC,7.264051547662085,96
sign_test_er0.0__norm_spectral_radius,matched_er_4to1_chunk_1,6,KR,2.9985554988185563,96
sign_test_er0.0__norm_spectral_radius,matched_er_4to1_chunk_1,6,MC,3.951674191902081,96
sign_test_er0.0__norm_spectral_radius,matched_er_4to1_chunk_1,6,cosine_similarity,0.03773584775626655,96
sign_test_er0.0__norm_spectral_radius,matched_er_4to1_chunk_1,6,kl_to_gaussian,0.0,96
sign_test_er0.0__norm_spectral_radius,matched_er_4to1_chunk_1,6,wt_mean,0.00284225807990875,96
sign_test_er0.0__norm_spectral_radius,matched_er_4to1_chunk_1,7,GR,5.412943851202726,96
sign_test_er0.0__norm_spectral_radius,matched_er_4to1_chunk_1,7,IPC,7.380734234872293,96
sign_test_er0.0__norm_spectral_radius,matched_er_4to1_chunk_1,7,KR,3.10128582517306,96
sign_test_er0.0__norm_spectral_radius,matched_er_4to1_chunk_1,7,MC,3.8878167221943536,96
sign_test_er0.0__norm_spectral_radius,matched_er_4to1_chunk_1,7,cosine_similarity,0.04467258416116235,96
sign_test_er0.0__norm_spectral_radius,matched_er_4to1_chunk_1,7,kl_to_gaussian,0.0,96
sign_test_er0.0__norm_spectral_radius,matched_er_4to1_chunk_1,7,wt_mean,0.002843296446371775,96
sign_test_er0.0__norm_spectral_radius,matched_er_4to1_chunk_1,8,GR,5.300217131773631,96
sign_test_er0.0__norm_spectral_radius,matched_er_4to1_chunk_1,8,IPC,7.046125250197252,96
sign_test_er0.0__norm_spectral_radius,matched_er_4to1_chunk_1,8,KR,3.1742926525572934,96
sign_test_er0.0__norm_spectral_radius,matched_er_4to1_chunk_1,8,MC,3.8863761896888414,96
sign_test_er0.0__norm_spectral_radius,matched_er_4to1_chunk_1,8,cosine_similarity,0.0402330635115504,96
sign_test_er0.0__norm_spectral_radius,matched_er_4to1_chunk_1,8,kl_to_gaussian,0.0,96
sign_test_er0.0__norm_spectral_radius,matched_er_4to1_chunk_1,8,wt_mean,0.00286429718835275,96
sign_test_er0.0__norm_spectral_radius,matched_er_4to1_chunk_1,9,GR,5.180732154597838,96
sign_test_er0.0__norm_spectral_radius,matched_er_4to1_chunk_1,9,IPC,7.490886833342189,96
sign_test_er0.0__norm_spectral_radius,matched_er_4to1_chunk_1,9,KR,3.0425616515179477,96
sign_test_er0.0__norm_spectral_radius,matched_er_4to1_chunk_1,9,MC,3.945540909965833,96
sign_test_er0.0__norm_spectral_radius,matched_er_4to1_chunk_1,9,cosine_similarity,0.03773585893213745,96
sign_test_er0.0__norm_spectral_radius,matched_er_4to1_chunk_1,9,kl_to_gaussian,0.0,96
sign_test_er0.0__norm_spectral_radius,matched_er_4to1_chunk_1,9,wt_mean,0.002882744011003475,96
sign_test_er0.0__norm_spectral_radius,matched_er_4to1_chunk_10,50,GR,5.802601130058368,96
sign_test_er0.0__norm_spectral_radius,matched_er_4to1_chunk_10,50,IPC,7.253852780584999,96
sign_test_er0.0__norm_spectral_radius,matched_er_4to1_chunk_10,50,KR,3.5333824629584947,96
sign_test_er0.0__norm_spectral_radius,matched_er_4to1_chunk_10,50,MC,4.060549039393663,96
sign_test_er0.0__norm_spectral_radius,matched_er_4to1_chunk_10,50,cosine_similarity,0.041620426811277804,96
sign_test_er0.0__norm_spectral_radius,matched_er_4to1_chunk_10,50,kl_to_gaussian,0.0,96
sign_test_er0.0__norm_spectral_radius,matched_er_4to1_chunk_10,50,wt_mean,0.0028860487509518497,96
sign_test_er0.0__norm_spectral_radius,matched_er_4to1_chunk_10,51,GR,5.8238879553973675,96
sign_test_er0.0__norm_spectral_radius,matched_er_4to1_chunk_10,51,IPC,7.120042360125944,96
sign_test_er0.0__norm_spectral_radius,matched_er_4to1_chunk_10,51,KR,3.3610868578155837,96
sign_test_er0.0__norm_spectral_radius,matched_er_4to1_chunk_10,51,MC,3.929349614928166,96
sign_test_er0.0__norm_spectral_radius,matched_er_4to1_chunk_10,51,cosine_similarity,0.0432852283120155,96
sign_test_er0.0__norm_spectral_radius,matched_er_4to1_chunk_10,51,kl_to_gaussian,0.0,96
sign_test_er0.0__norm_spectral_radius,matched_er_4to1_chunk_10,51,wt_mean,0.0028667466831393,96
sign_test_er0.0__norm_spectral_radius,matched_er_4to1_chunk_10,52,GR,4.485543123135964,96
sign_test_er0.0__norm_spectral_radius,matched_er_4to1_chunk_10,52,IPC,7.3847977811748615,96
sign_test_er0.0__norm_spectral_radius,matched_er_4to1_chunk_10,52,KR,2.711984391013781,96
sign_test_er0.0__norm_spectral_radius,matched_er_4to1_chunk_10,52,MC,3.92416733254989,96
sign_test_er0.0__norm_spectral_radius,matched_er_4to1_chunk_10,52,cosine_similarity,0.04217535909265272,96
sign_test_er0.0__norm_spectral_radius,matched_er_4to1_chunk_10,52,kl_to_gaussian,0.0,96
sign_test_er0.0__norm_spectral_radius,matched_er_4to1_chunk_10,52,wt_mean,0.002858395688235725,96
sign_test_er0.0__norm_spectral_radius,matched_er_4to1_chunk_10,53,GR,6.24876315270861,96
sign_test_er0.0__norm_spectral_radius,matched_er_4to1_chunk_10,53,IPC,7.013557899803584,96
sign_test_er0.0__norm_spectral_radius,matched_er_4to1_chunk_10,53,KR,3.6749191619455814,96
sign_test_er0.0__norm_spectral_radius,matched_er_4to1_chunk_10,53,MC,4.011708950002988,96
sign_test_er0.0__norm_spectral_radius,matched_er_4to1_chunk_10,53,cosine_similarity,0.0402330765500664,96
sign_test_er0.0__norm_spectral_radius,matched_er_4to1_chunk_10,53,kl_to_gaussian,0.0,96
sign_test_er0.0__norm_spectral_radius,matched_er_4to1_chunk_10,53,wt_mean,0.0028871419490314747,96
sign_test_er0.0__norm_spectral_radius,matched_er_4to1_chunk_10,54,GR,5.423469019432862,96
sign_test_er0.0__norm_spectral_radius,matched_er_4to1_chunk_10,54,IPC,7.278316208850721,96
sign_test_er0.0__norm_spectral_radius,matched_er_4to1_chunk_10,54,KR,3.2715954643984637,96
sign_test_er0.0__norm_spectral_radius,matched_er_4to1_chunk_10,54,MC,4.09550487374266,96
sign_test_er0.0__norm_spectral_radius,matched_er_4to1_chunk_10,54,cosine_similarity,0.04245282523334024,96
sign_test_er0.0__norm_spectral_radius,matched_er_4to1_chunk_10,54,kl_to_gaussian,0.0,96
sign_test_er0.0__norm_spectral_radius,matched_er_4to1_chunk_10,54,wt_mean,0.002857115934602875,96
sign_test_er0.0__norm_spectral_radius,matched_er_4to1_chunk_11,55,GR,5.5785370618104935,96
sign_test_er0.0__norm_spectral_radius,matched_er_4to1_chunk_11,55,IPC,7.693658866532027,96
sign_test_er0.0__norm_spectral_radius,matched_er_4to1_chunk_11,55,KR,3.2559644555052123,96
sign_test_er0.0__norm_spectral_radius,matched_er_4to1_chunk_11,55,MC,4.295812129974365,96
sign_test_er0.0__norm_spectral_radius,matched_er_4to1_chunk_11,55,cosine_similarity,0.038290773518383475,96
sign_test_er0.0__norm_spectral_radius,matched_er_4to1_chunk_11,55,kl_to_gaussian,0.0,96
sign_test_er0.0__norm_spectral_radius,matched_er_4to1_chunk_11,55,wt_mean,0.0028647864237427247,96
sign_test_er0.0__norm_spectral_radius,matched_er_4to1_chunk_11,56,GR,5.799186238398154,96
sign_test_er0.0__norm_spectral_radius,matched_er_4to1_chunk_11,56,IPC,7.469122405928226,96
sign_test_er0.0__norm_spectral_radius,matched_er_4to1_chunk_11,56,KR,3.448105923831463,96
sign_test_er0.0__norm_spectral_radius,matched_er_4to1_chunk_11,56,MC,4.010559678077698,96
sign_test_er0.0__norm_spectral_radius,matched_er_4to1_chunk_11,56,cosine_similarity,0.03829078935086725,96
sign_test_er0.0__norm_spectral_radius,matched_er_4to1_chunk_11,56,kl_to_gaussian,0.0,96
sign_test_er0.0__norm_spectral_radius,matched_er_4to1_chunk_11,56,wt_mean,0.0028612280148081,96
sign_test_er0.0__norm_spectral_radius,matched_er_4to1_chunk_11,57,GR,5.6476840401689214,96
sign_test_er0.0__norm_spectral_radius,matched_er_4to1_chunk_11,57,IPC,7.905253403626923,96
sign_test_er0.0__norm_spectral_radius,matched_er_4to1_chunk_11,57,KR,3.2514416351914406,96
sign_test_er0.0__norm_spectral_radius,matched_er_4to1_chunk_11,57,MC,4.158767839272817,96
sign_test_er0.0__norm_spectral_radius,matched_er_4to1_chunk_11,57,cosine_similarity,0.041897889226675,96
sign_test_er0.0__norm_spectral_radius,matched_er_4to1_chunk_11,57,kl_to_gaussian,0.0,96
sign_test_er0.0__norm_spectral_radius,matched_er_4to1_chunk_11,57,wt_mean,0.002872828859835825,96
sign_test_er0.0__norm_spectral_radius,matched_er_4to1_chunk_11,58,GR,5.496144035210212,96
sign_test_er0.0__norm_spectral_radius,matched_er_4to1_chunk_11,58,IPC,7.216457685710164,96
sign_test_er0.0__norm_spectral_radius,matched_er_4to1_chunk_11,58,KR,3.2085327742000422,96
sign_test_er0.0__norm_spectral_radius,matched_er_4to1_chunk_11,58,MC,3.8941496536135674,96
sign_test_er0.0__norm_spectral_radius,matched_er_4to1_chunk_11,58,cosine_similarity,0.04439511802047483,96
sign_test_er0.0__norm_spectral_radius,matched_er_4to1_chunk_11,58,kl_to_gaussian,0.0,96
sign_test_er0.0__norm_spectral_radius,matched_er_4to1_chunk_11,58,wt_mean,0.002849179611075625,96
sign_test_er0.0__norm_spectral_radius,matched_er_4to1_chunk_11,59,GR,4.999027320494254,96
sign_test_er0.0__norm_spectral_radius,matched_er_4to1_chunk_11,59,IPC,7.492969806961876,96
sign_test_er0.0__norm_spectral_radius,matched_er_4to1_chunk_11,59,KR,3.020820918182532,96
sign_test_er0.0__norm_spectral_radius,matched_er_4to1_chunk_11,59,MC,3.9957071617245674,96
sign_test_er0.0__norm_spectral_radius,matched_er_4to1_chunk_11,59,cosine_similarity,0.043007768690586,96
sign_test_er0.0__norm_spectral_radius,matched_er_4to1_chunk_11,59,kl_to_gaussian,0.0,96
sign_test_er0.0__norm_spectral_radius,matched_er_4to1_chunk_11,59,wt_mean,0.00286971073364835,96
sign_test_er0.0__norm_spectral_radius,matched_er_4to1_chunk_12,60,GR,5.235504598667224,96
sign_test_er0.0__norm_spectral_radius,matched_er_4to1_chunk_12,60,IPC,7.157706385634295,96
sign_test_er0.0__norm_spectral_radius,matched_er_4to1_chunk_12,60,KR,3.124148258318504,96
sign_test_er0.0__norm_spectral_radius,matched_er_4to1_chunk_12,60,MC,3.7747343753774962,96
sign_test_er0.0__norm_spectral_radius,matched_er_4to1_chunk_12,60,cosine_similarity,0.04467258043587205,96
sign_test_er0.0__norm_spectral_radius,matched_er_4to1_chunk_12,60,kl_to_gaussian,0.0,96
sign_test_er0.0__norm_spectral_radius,matched_er_4to1_chunk_12,60,wt_mean,0.0028759398846886497,96
sign_test_er0.0__norm_spectral_radius,matched_er_4to1_chunk_12,61,GR,5.964478994409244,96
sign_test_er0.0__norm_spectral_radius,matched_er_4to1_chunk_12,61,IPC,7.389192372781902,96
sign_test_er0.0__norm_spectral_radius,matched_er_4to1_chunk_12,61,KR,3.4260224290192127,96
sign_test_er0.0__norm_spectral_radius,matched_er_4to1_chunk_12,61,MC,3.87616975667576,96
sign_test_er0.0__norm_spectral_radius,matched_er_4to1_chunk_12,61,cosine_similarity,0.038845730014145353,96
sign_test_er0.0__norm_spectral_radius,matched_er_4to1_chunk_12,61,kl_to_gaussian,0.0,96
sign_test_er0.0__norm_spectral_radius,matched_er_4to1_chunk_12,61,wt_mean,0.002860176435206025,96
sign_test_er0.0__norm_spectral_radius,matched_er_4to1_chunk_12,62,GR,5.446133895466725,96
sign_test_er0.0__norm_spectral_radius,matched_er_4to1_chunk_12,62,IPC,7.643978901852583,96
sign_test_er0.0__norm_spectral_radius,matched_er_4to1_chunk_12,62,KR,3.2478154599666595,96
sign_test_er0.0__norm_spectral_radius,matched_er_4to1_chunk_12,62,MC,4.170945069442193,96
sign_test_er0.0__norm_spectral_radius,matched_er_4to1_chunk_12,62,cosine_similarity,0.043840169906616204,96
sign_test_er0.0__norm_spectral_radius,matched_er_4to1_chunk_12,62,kl_to_gaussian,0.0,96
sign_test_er0.0__norm_spectral_radius,matched_er_4to1_chunk_12,62,wt_mean,0.0028857249417341747,96
sign_test_er0.0__norm_spectral_radius,matched_er_4to1_chunk_12,63,GR,5.61701042080919,96
sign_test_er0.0__norm_spectral_radius,matched_er_4to1_chunk_12,63,IPC,7.522312186268135,96
sign_test_er0.0__norm_spectral_radius,matched_er_4to1_chunk_12,63,KR,3.3328299398223558,96
sign_test_er0.0__norm_spectral_radius,matched_er_4to1_chunk_12,63,MC,3.962526901314656,96
sign_test_er0.0__norm_spectral_radius,matched_er_4to1_chunk_12,63,cosine_similarity,0.040510545484721626,96
sign_test_er0.0__norm_spectral_radius,matched_er_4to1_chunk_12,63,kl_to_gaussian,0.0,96
sign_test_er0.0__norm_spectral_radius,matched_er_4to1_chunk_12,63,wt_mean,0.002858460764400625,96
sign_test_er0.0__norm_spectral_radius,matched_er_4to1_chunk_12,64,GR,5.125277745227019,96
sign_test_er0.0__norm_spectral_radius,matched_er_4to1_chunk_12,64,IPC,7.2970554164501396,96
sign_test_er0.0__norm_spectral_radius,matched_er_4to1_chunk_12,64,KR,3.059552725404501,96
sign_test_er0.0__norm_spectral_radius,matched_er_4to1_chunk_12,64,MC,4.044065808256467,96
sign_test_er0.0__norm_spectral_radius,matched_er_4to1_chunk_12,64,cosine_similarity,0.0427303053438663,96
sign_test_er0.0__norm_spectral_radius,matched_er_4to1_chunk_12,64,kl_to_gaussian,0.0,96
sign_test_er0.0__norm_spectral_radius,matched_er_4to1_chunk_12,64,wt_mean,0.002845601877197575,96
sign_test_er0.0__norm_spectral_radius,matched_er_4to1_chunk_13,65,GR,5.182275537401438,96
sign_test_er0.0__norm_spectral_radius,matched_er_4to1_chunk_13,65,IPC,7.2725964032131225,96
sign_test_er0.0__norm_spectral_radius,matched_er_4to1_chunk_13,65,KR,3.04700609917442,96
sign_test_er0.0__norm_spectral_radius,matched_er_4to1_chunk_13,65,MC,3.7411249317228794,96
sign_test_er0.0__norm_spectral_radius,matched_er_4to1_chunk_13,65,cosine_similarity,0.04772475175559515,96
sign_test_er0.0__norm_spectral_radius,matched_er_4to1_chunk_13,65,kl_to_gaussian,0.0,96
sign_test_er0.0__norm_spectral_radius,matched_er_4to1_chunk_13,65,wt_mean,0.002892891119699875,96
sign_test_er0.0__norm_spectral_radius,matched_er_4to1_chunk_13,66,GR,4.886421505361795,96
sign_test_er0.0__norm_spectral_radius,matched_er_4to1_chunk_13,66,IPC,7.387155040889923,96
sign_test_er0.0__norm_spectral_radius,matched_er_4to1_chunk_13,66,KR,2.9289987633625665,96
sign_test_er0.0__norm_spectral_radius,matched_er_4to1_chunk_13,66,MC,3.8362188388903937,96
sign_test_er0.0__norm_spectral_radius,matched_er_4to1_chunk_13,66,cosine_similarity,0.04661485739052295,96
sign_test_er0.0__norm_spectral_radius,matched_er_4to1_chunk_13,66,kl_to_gaussian,0.0,96
sign_test_er0.0__norm_spectral_radius,matched_er_4to1_chunk_13,66,wt_mean,0.0028654233901761,96
sign_test_er0.0__norm_spectral_radius,matched_er_4to1_chunk_13,67,GR,5.1198751876751585,96
sign_test_er0.0__norm_spectral_radius,matched_er_4to1_chunk_13,67,IPC,7.180724008847811,96
sign_test_er0.0__norm_spectral_radius,matched_er_4to1_chunk_13,67,KR,3.0684730236728988,96
sign_test_er0.0__norm_spectral_radius,matched_er_4to1_chunk_13,67,MC,3.9290904787679515,96
sign_test_er0.0__norm_spectral_radius,matched_er_4to1_chunk_13,67,cosine_similarity,0.04495005775243038,96
sign_test_er0.0__norm_spectral_radius,matched_er_4to1_chunk_13,67,kl_to_gaussian,0.0,96
sign_test_er0.0__norm_spectral_radius,matched_er_4to1_chunk_13,67,wt_mean,0.002854455262422525,96
sign_test_er0.0__norm_spectral_radius,matched_er_4to1_chunk_13,68,GR,5.474878064046304,96
sign_test_er0.0__norm_spectral_radius,matched_er_4to1_chunk_13,68,IPC,7.271428509176137,96
sign_test_er0.0__norm_spectral_radius,matched_er_4to1_chunk_13,68,KR,3.2887516245245934,96
sign_test_er0.0__norm_spectral_radius,matched_er_4to1_chunk_13,68,MC,4.013611358900865,96
sign_test_er0.0__norm_spectral_radius,matched_er_4to1_chunk_13,68,cosine_similarity,0.0394006706774234,96
sign_test_er0.0__norm_spectral_radius,matched_er_4to1_chunk_13,68,kl_to_gaussian,0.0,96
sign_test_er0.0__norm_spectral_radius,matched_er_4to1_chunk_13,68,wt_mean,0.002868961659260025,96
sign_test_er0.0__norm_spectral_radius,matched_er_4to1_chunk_13,69,GR,5.605504512786865,96
sign_test_er0.0__norm_spectral_radius,matched_er_4to1_chunk_13,69,IPC,7.4018217654908165,96
sign_test_er0.0__norm_spectral_radius,matched_er_4to1_chunk_13,69,KR,3.3001965917646885,96
sign_test_er0.0__norm_spectral_radius,matched_er_4to1_chunk_13,69,MC,4.033996256689231,96
sign_test_er0.0__norm_spectral_radius,matched_er_4to1_chunk_13,69,cosine_similarity,0.0416204165667295,96
sign_test_er0.0__norm_spectral_radius,matched_er_4to1_chunk_13,69,kl_to_gaussian,0.0,96
sign_test_er0.0__norm_spectral_radius,matched_er_4to1_chunk_13,69,wt_mean,0.002863727509975375,96
sign_test_er0.0__norm_spectral_radius,matched_er_4to1_chunk_14,70,GR,5.24561383575201,96
sign_test_er0.0__norm_spectral_radius,matched_er_4to1_chunk_14,70,IPC,7.233906825898603,96
sign_test_er0.0__norm_spectral_radius,matched_er_4to1_chunk_14,70,KR,3.1213253252208233,96
sign_test_er0.0__norm_spectral_radius,matched_er_4to1_chunk_14,70,MC,3.9312878188987574,96
sign_test_er0.0__norm_spectral_radius,matched_er_4to1_chunk_14,70,cosine_similarity,0.0427302941679954,96
sign_test_er0.0__norm_spectral_radius,matched_er_4to1_chunk_14,70,kl_to_gaussian,0.0,96
sign_test_er0.0__norm_spectral_radius,matched_er_4to1_chunk_14,70,wt_mean,0.002884767251089175,96
sign_test_er0.0__norm_spectral_radius,matched_er_4to1_chunk_14,71,GR,5.354410853236914,96
sign_test_er0.0__norm_spectral_radius,matched_er_4to1_chunk_14,71,IPC,7.3171715086589755,96
sign_test_er0.0__norm_spectral_radius,matched_er_4to1_chunk_14,71,KR,3.2375277479489646,96
sign_test_er0.0__norm_spectral_radius,matched_er_4to1_chunk_14,71,MC,4.056601182868083,96
sign_test_er0.0__norm_spectral_radius,matched_er_4to1_chunk_14,71,cosine_similarity,0.0344062149524688,96
sign_test_er0.0__norm_spectral_radius,matched_er_4to1_chunk_14,71,kl_to_gaussian,0.0,96
sign_test_er0.0__norm_spectral_radius,matched_er_4to1_chunk_14,71,wt_mean,0.002874247613362925,96
sign_test_er0.0__norm_spectral_radius,matched_er_4to1_chunk_14,72,GR,4.81184754272302,96
sign_test_er0.0__norm_spectral_radius,matched_er_4to1_chunk_14,72,IPC,7.592343811729656,96
sign_test_er0.0__norm_spectral_radius,matched_er_4to1_chunk_14,72,KR,2.88351775581638,96
sign_test_er0.0__norm_spectral_radius,matched_er_4to1_chunk_14,72,MC,4.015812809268634,96
sign_test_er0.0__norm_spectral_radius,matched_er_4to1_chunk_14,72,cosine_similarity,0.03745836950838565,96
sign_test_er0.0__norm_spectral_radius,matched_er_4to1_chunk_14,72,kl_to_gaussian,0.0,96
sign_test_er0.0__norm_spectral_radius,matched_er_4to1_chunk_14,72,wt_mean,0.002864736074116025,96
sign_test_er0.0__norm_spectral_radius,matched_er_4to1_chunk_14,73,GR,5.052363249162833,96
sign_test_er0.0__norm_spectral_radius,matched_er_4to1_chunk_14,73,IPC,7.673138144187639,96
sign_test_er0.0__norm_spectral_radius,matched_er_4to1_chunk_14,73,KR,3.031319541235765,96
sign_test_er0.0__norm_spectral_radius,matched_er_4to1_chunk_14,73,MC,4.100910159448783,96
sign_test_er0.0__norm_spectral_radius,matched_er_4to1_chunk_14,73,cosine_similarity,0.03884573280811305,96
sign_test_er0.0__norm_spectral_radius,matched_er_4to1_chunk_14,73,kl_to_gaussian,0.0,96
sign_test_er0.0__norm_spectral_radius,matched_er_4to1_chunk_14,73,wt_mean,0.002865583694074275,96
sign_test_er0.0__norm_spectral_radius,matched_er_4to1_chunk_14,74,GR,5.2615260891616344,96
sign_test_er0.0__norm_spectral_radius,matched_er_4to1_chunk_14,74,IPC,7.53176578050451,96
sign_test_er0.0__norm_spectral_radius,matched_er_4to1_chunk_14,74,KR,3.017970929543177,96
sign_test_er0.0__norm_spectral_radius,matched_er_4to1_chunk_14,74,MC,3.961646541953087,96
sign_test_er0.0__norm_spectral_radius,matched_er_4to1_chunk_14,74,cosine_similarity,0.036903436295688125,96
sign_test_er0.0__norm_spectral_radius,matched_er_4to1_chunk_14,74,kl_to_gaussian,0.0,96
sign_test_er0.0__norm_spectral_radius,matched_er_4to1_chunk_14,74,wt_mean,0.002876386162824875,96
sign_test_er0.0__norm_spectral_radius,matched_er_4to1_chunk_15,75,GR,4.7486445878942805,96
sign_test_er0.0__norm_spectral_radius,matched_er_4to1_chunk_15,75,IPC,7.719387821415281,96
sign_test_er0.0__norm_spectral_radius,matched_er_4to1_chunk_15,75,KR,2.851326335221529,96
sign_test_er0.0__norm_spectral_radius,matched_er_4to1_chunk_15,75,MC,4.139657619098823,96
sign_test_er0.0__norm_spectral_radius,matched_er_4to1_chunk_15,75,cosine_similarity,0.0410654842853546,96
sign_test_er0.0__norm_spectral_radius,matched_er_4to1_chunk_15,75,kl_to_gaussian,0.0,96
sign_test_er0.0__norm_spectral_radius,matched_er_4to1_chunk_15,75,wt_mean,0.00284049578476695,96
sign_test_er0.0__norm_spectral_radius,matched_er_4to1_chunk_15,76,GR,5.235269209990899,96
sign_test_er0.0__norm_spectral_radius,matched_er_4to1_chunk_15,76,IPC,7.90388033448106,96
sign_test_er0.0__norm_spectral_radius,matched_er_4to1_chunk_15,76,KR,3.1487656260530152,96
sign_test_er0.0__norm_spectral_radius,matched_er_4to1_chunk_15,76,MC,4.383871500690778,96
sign_test_er0.0__norm_spectral_radius,matched_er_4to1_chunk_15,76,cosine_similarity,0.04023307189345352,96
sign_test_er0.0__norm_spectral_radius,matched_er_4to1_chunk_15,76,kl_to_gaussian,0.0,96
sign_test_er0.0__norm_spectral_radius,matched_er_4to1_chunk_15,76,wt_mean,0.0028431274113245,96
sign_test_er0.0__norm_spectral_radius,matched_er_4to1_chunk_15,77,GR,5.6486174538731575,96
sign_test_er0.0__norm_spectral_radius,matched_er_4to1_chunk_15,77,IPC,7.250104675399169,96
sign_test_er0.0__norm_spectral_radius,matched_er_4to1_chunk_15,77,KR,3.405639674514532,96
sign_test_er0.0__norm_spectral_radius,matched_er_4to1_chunk_15,77,MC,3.9369906708598137,96
sign_test_er0.0__norm_spectral_radius,matched_er_4to1_chunk_15,77,cosine_similarity,0.03801332321017973,96
sign_test_er0.0__norm_spectral_radius,matched_er_4to1_chunk_15,77,kl_to_gaussian,0.0,96
sign_test_er0.0__norm_spectral_radius,matched_er_4to1_chunk_15,77,wt_mean,0.0028504752553999003,96
sign_test_er0.0__norm_spectral_radius,matched_er_4to1_chunk_15,78,GR,5.643861984213193,96
sign_test_er0.0__norm_spectral_radius,matched_er_4to1_chunk_15,78,IPC,7.495764347664788,96
sign_test_er0.0__norm_spectral_radius,matched_er_4to1_chunk_15,78,KR,3.258208060016235,96
sign_test_er0.0__norm_spectral_radius,matched_er_4to1_chunk_15,78,MC,4.145252889643113,96
sign_test_er0.0__norm_spectral_radius,matched_er_4to1_chunk_15,78,cosine_similarity,0.04078800696879618,96
sign_test_er0.0__norm_spectral_radius,matched_er_4to1_chunk_15,78,kl_to_gaussian,0.0,96
sign_test_er0.0__norm_spectral_radius,matched_er_4to1_chunk_15,78,wt_mean,0.00285700993845235,96
sign_test_er0.0__norm_spectral_radius,matched_er_4to1_chunk_15,79,GR,5.137108185638984,96
sign_test_er0.0__norm_spectral_radius,matched_er_4to1_chunk_15,79,IPC,7.468848347540775,96
sign_test_er0.0__norm_spectral_radius,matched_er_4to1_chunk_15,79,KR,3.005278437087933,96
sign_test_er0.0__norm_spectral_radius,matched_er_4to1_chunk_15,79,MC,3.9546129554510117,96
sign_test_er0.0__norm_spectral_radius,matched_er_4to1_chunk_15,79,cosine_similarity,0.038013317622244275,96
sign_test_er0.0__norm_spectral_radius,matched_er_4to1_chunk_15,79,kl_to_gaussian,0.0,96
sign_test_er0.0__norm_spectral_radius,matched_er_4to1_chunk_15,79,wt_mean,0.0028643942205234998,96
sign_test_er0.0__norm_spectral_radius,matched_er_4to1_chunk_16,80,GR,5.575207727650802,96
sign_test_er0.0__norm_spectral_radius,matched_er_4to1_chunk_16,80,IPC,7.371207653514031,96
sign_test_er0.0__norm_spectral_radius,matched_er_4to1_chunk_16,80,KR,3.365654998769363,96
sign_test_er0.0__norm_spectral_radius,matched_er_4to1_chunk_16,80,MC,4.170895007749398,96
sign_test_er0.0__norm_spectral_radius,matched_er_4to1_chunk_16,80,cosine_similarity,0.03912320174276825,96
sign_test_er0.0__norm_spectral_radius,matched_er_4to1_chunk_16,80,kl_to_gaussian,0.0,96
sign_test_er0.0__norm_spectral_radius,matched_er_4to1_chunk_16,80,wt_mean,0.002851307101082,96
sign_test_er0.0__norm_spectral_radius,matched_er_4to1_chunk_16,81,GR,5.321246852477391,96
sign_test_er0.0__norm_spectral_radius,matched_er_4to1_chunk_16,81,IPC,6.961054355433448,96
sign_test_er0.0__norm_spectral_radius,matched_er_4to1_chunk_16,81,KR,3.2078056211272874,96
sign_test_er0.0__norm_spectral_radius,matched_er_4to1_chunk_16,81,MC,3.842094079901775,96
sign_test_er0.0__norm_spectral_radius,matched_er_4to1_chunk_16,81,cosine_similarity,0.04328523762524125,96
sign_test_er0.0__norm_spectral_radius,matched_er_4to1_chunk_16,81,kl_to_gaussian,0.0,96
sign_test_er0.0__norm_spectral_radius,matched_er_4to1_chunk_16,81,wt_mean,0.0028583839302882253,96
sign_test_er0.0__norm_spectral_radius,matched_er_4to1_chunk_16,82,GR,5.624638965974252,96
sign_test_er0.0__norm_spectral_radius,matched_er_4to1_chunk_16,82,IPC,6.6675811142771755,96
sign_test_er0.0__norm_spectral_radius,matched_er_4to1_chunk_16,82,KR,3.3391667641699314,96
sign_test_er0.0__norm_spectral_radius,matched_er_4to1_chunk_16,82,MC,3.787999844799439,96
sign_test_er0.0__norm_spectral_radius,matched_er_4to1_chunk_16,82,cosine_similarity,0.04023307375609867,96
sign_test_er0.0__norm_spectral_radius,matched_er_4to1_chunk_16,82,kl_to_gaussian,0.0,96
sign_test_er0.0__norm_spectral_radius,matched_er_4to1_chunk_16,82,wt_mean,0.0028777929837815,96
sign_test_er0.0__norm_spectral_radius,matched_er_4to1_chunk_16,83,GR,5.723483397314946,96
sign_test_er0.0__norm_spectral_radius,matched_er_4to1_chunk_16,83,IPC,6.748995785051233,96
sign_test_er0.0__norm_spectral_radius,matched_er_4to1_chunk_16,83,KR,3.3036293710271516,96
sign_test_er0.0__norm_spectral_radius,matched_er_4to1_chunk_16,83,MC,3.637402651210626,96
sign_test_er0.0__norm_spectral_radius,matched_er_4to1_chunk_16,83,cosine_similarity,0.03856824804097408,96
sign_test_er0.0__norm_spectral_radius,matched_er_4to1_chunk_16,83,kl_to_gaussian,0.0,96
sign_test_er0.0__norm_spectral_radius,matched_er_4to1_chunk_16,83,wt_mean,0.00288960628677155,96
sign_test_er0.0__norm_spectral_radius,matched_er_4to1_chunk_16,84,GR,4.863089905430873,96
sign_test_er0.0__norm_spectral_radius,matched_er_4to1_chunk_16,84,IPC,7.6695827802617265,96
sign_test_er0.0__norm_spectral_radius,matched_er_4to1_chunk_16,84,KR,2.888344783335924,96
sign_test_er0.0__norm_spectral_radius,matched_er_4to1_chunk_16,84,MC,4.061698974420627,96
sign_test_er0.0__norm_spectral_radius,matched_er_4to1_chunk_16,84,cosine_similarity,0.0394006669521331,96
sign_test_er0.0__norm_spectral_radius,matched_er_4to1_chunk_16,84,kl_to_gaussian,0.0,96
sign_test_er0.0__norm_spectral_radius,matched_er_4to1_chunk_16,84,wt_mean,0.0028605248080566,96
sign_test_er0.0__norm_spectral_radius,matched_er_4to1_chunk_17,85,GR,5.74240271622936,96
sign_test_er0.0__norm_spectral_radius,matched_er_4to1_chunk_17,85,IPC,6.49483186094195,96
sign_test_er0.0__norm_spectral_radius,matched_er_4to1_chunk_17,85,KR,3.386371543010076,96
sign_test_er0.0__norm_spectral_radius,matched_er_4to1_chunk_17,85,MC,3.7131586658457914,96
sign_test_er0.0__norm_spectral_radius,matched_er_4to1_chunk_17,85,cosine_similarity,0.04578245896846048,96
sign_test_er0.0__norm_spectral_radius,matched_er_4to1_chunk_17,85,kl_to_gaussian,0.0,96
sign_test_er0.0__norm_spectral_radius,matched_er_4to1_chunk_17,85,wt_mean,0.002863095956854475,96
sign_test_er0.0__norm_spectral_radius,matched_er_4to1_chunk_17,86,GR,4.931642395754655,96
sign_test_er0.0__norm_spectral_radius,matched_er_4to1_chunk_17,86,IPC,7.264551809255173,96
sign_test_er0.0__norm_spectral_radius,matched_er_4to1_chunk_17,86,KR,2.9319866249958673,96
sign_test_er0.0__norm_spectral_radius,matched_er_4to1_chunk_17,86,MC,4.01241409778595,96
sign_test_er0.0__norm_spectral_radius,matched_er_4to1_chunk_17,86,cosine_similarity,0.030521637294441423,96
sign_test_er0.0__norm_spectral_radius,matched_er_4to1_chunk_17,86,kl_to_gaussian,0.0,96
sign_test_er0.0__norm_spectral_radius,matched_er_4to1_chunk_17,86,wt_mean,0.002863806614186575,96
sign_test_er0.0__norm_spectral_radius,matched_er_4to1_chunk_17,87,GR,5.1688182565073175,96
sign_test_er0.0__norm_spectral_radius,matched_er_4to1_chunk_17,87,IPC,7.023544737705208,96
sign_test_er0.0__norm_spectral_radius,matched_er_4to1_chunk_17,87,KR,3.0251413360238075,96
sign_test_er0.0__norm_spectral_radius,matched_er_4to1_chunk_17,87,MC,3.790146970500549,96
sign_test_er0.0__norm_spectral_radius,matched_er_4to1_chunk_17,87,cosine_similarity,0.041065491735935204,96
sign_test_er0.0__norm_spectral_radius,matched_er_4to1_chunk_17,87,kl_to_gaussian,0.0,96
sign_test_er0.0__norm_spectral_radius,matched_er_4to1_chunk_17,87,wt_mean,0.002869813644792825,96
sign_test_er0.0__norm_spectral_radius,matched_er_4to1_chunk_17,88,GR,6.029320014019807,96
sign_test_er0.0__norm_spectral_radius,matched_er_4to1_chunk_17,88,IPC,6.909945236057176,96
sign_test_er0.0__norm_spectral_radius,matched_er_4to1_chunk_17,88,KR,3.435625900824865,96
sign_test_er0.0__norm_spectral_radius,matched_er_4to1_chunk_17,88,MC,3.7620687472323575,96
sign_test_er0.0__norm_spectral_radius,matched_er_4to1_chunk_17,88,cosine_similarity,0.044117645360529374,96
sign_test_er0.0__norm_spectral_radius,matched_er_4to1_chunk_17,88,kl_to_gaussian,0.0,96
sign_test_er0.0__norm_spectral_radius,matched_er_4to1_chunk_17,88,wt_mean,0.0028724839794449,96
sign_test_er0.0__norm_spectral_radius,matched_er_4to1_chunk_17,89,GR,5.348881538957357,96
sign_test_er0.0__norm_spectral_radius,matched_er_4to1_chunk_17,89,IPC,6.962782123190734,96
sign_test_er0.0__norm_spectral_radius,matched_er_4to1_chunk_17,89,KR,3.228067653874556,96
sign_test_er0.0__norm_spectral_radius,matched_er_4to1_chunk_17,89,MC,3.95838508879145,96
sign_test_er0.0__norm_spectral_radius,matched_er_4to1_chunk_17,89,cosine_similarity,0.042730306275188874,96
sign_test_er0.0__norm_spectral_radius,matched_er_4to1_chunk_17,89,kl_to_gaussian,0.0,96
sign_test_er0.0__norm_spectral_radius,matched_er_4to1_chunk_17,89,wt_mean,0.00285513052949675,96
sign_test_er0.0__norm_spectral_radius,matched_er_4to1_chunk_18,90,GR,6.071577637145917,96
sign_test_er0.0__norm_spectral_radius,matched_er_4to1_chunk_18,90,IPC,7.340376016039844,96
sign_test_er0.0__norm_spectral_radius,matched_er_4to1_chunk_18,90,KR,3.5305465968946614,96
sign_test_er0.0__norm_spectral_radius,matched_er_4to1_chunk_18,90,MC,3.9831610483427844,96
sign_test_er0.0__norm_spectral_radius,matched_er_4to1_chunk_18,90,cosine_similarity,0.043007784523069775,96
sign_test_er0.0__norm_spectral_radius,matched_er_4to1_chunk_18,90,kl_to_gaussian,0.0,96
sign_test_er0.0__norm_spectral_radius,matched_er_4to1_chunk_18,90,wt_mean,0.002874037949368325,96
sign_test_er0.0__norm_spectral_radius,matched_er_4to1_chunk_18,91,GR,5.823752651611964,96
sign_test_er0.0__norm_spectral_radius,matched_er_4to1_chunk_18,91,IPC,6.853739505461641,96
sign_test_er0.0__norm_spectral_radius,matched_er_4to1_chunk_18,91,KR,3.439829181879759,96
sign_test_er0.0__norm_spectral_radius,matched_er_4to1_chunk_18,91,MC,3.7518088333308697,96
sign_test_er0.0__norm_spectral_radius,matched_er_4to1_chunk_18,91,cosine_similarity,0.0452275294810533,96
sign_test_er0.0__norm_spectral_radius,matched_er_4to1_chunk_18,91,kl_to_gaussian,0.0,96
sign_test_er0.0__norm_spectral_radius,matched_er_4to1_chunk_18,91,wt_mean,0.00285325222648675,96
sign_test_er0.0__norm_spectral_radius,matched_er_4to1_chunk_18,92,GR,5.755009553084771,96
sign_test_er0.0__norm_spectral_radius,matched_er_4to1_chunk_18,92,IPC,6.843158610656122,96
sign_test_er0.0__norm_spectral_radius,matched_er_4to1_chunk_18,92,KR,3.4814398462573686,96
sign_test_er0.0__norm_spectral_radius,matched_er_4to1_chunk_18,92,MC,3.7787154987454414,96
sign_test_er0.0__norm_spectral_radius,matched_er_4to1_chunk_18,92,cosine_similarity,0.0435627177357673,96
sign_test_er0.0__norm_spectral_radius,matched_er_4to1_chunk_18,92,kl_to_gaussian,0.0,96
sign_test_er0.0__norm_spectral_radius,matched_er_4to1_chunk_18,92,wt_mean,0.00283530319575215,96
sign_test_er0.0__norm_spectral_radius,matched_er_4to1_chunk_18,93,GR,4.992089622964461,96
sign_test_er0.0__norm_spectral_radius,matched_er_4to1_chunk_18,93,IPC,7.139644174170474,96
sign_test_er0.0__norm_spectral_radius,matched_er_4to1_chunk_18,93,KR,2.999051045626402,96
sign_test_er0.0__norm_spectral_radius,matched_er_4to1_chunk_18,93,MC,3.998044023911158,96
sign_test_er0.0__norm_spectral_radius,matched_er_4to1_chunk_18,93,cosine_similarity,0.0438401736319065,96
sign_test_er0.0__norm_spectral_radius,matched_er_4to1_chunk_18,93,kl_to_gaussian,0.0,96
sign_test_er0.0__norm_spectral_radius,matched_er_4to1_chunk_18,93,wt_mean,0.0028773230733349503,96
sign_test_er0.0__norm_spectral_radius,matched_er_4to1_chunk_18,94,GR,4.973265826702118,96
sign_test_er0.0__norm_spectral_radius,matched_er_4to1_chunk_18,94,IPC,7.32141079517404,96
sign_test_er0.0__norm_spectral_radius,matched_er_4to1_chunk_18,94,KR,2.923965604354938,96
sign_test_er0.0__norm_spectral_radius,matched_er_4to1_chunk_18,94,MC,3.855215740700563,96
sign_test_er0.0__norm_spectral_radius,matched_er_4to1_chunk_18,94,cosine_similarity,0.04716980643570415,96
sign_test_er0.0__norm_spectral_radius,matched_er_4to1_chunk_18,94,kl_to_gaussian,0.0,96
sign_test_er0.0__norm_spectral_radius,matched_er_4to1_chunk_18,94,wt_mean,0.002867167990188975,96
sign_test_er0.0__norm_spectral_radius,matched_er_4to1_chunk_19,95,GR,5.306488207230966,96
sign_test_er0.0__norm_spectral_radius,matched_er_4to1_chunk_19,95,IPC,6.842048890665243,96
sign_test_er0.0__norm_spectral_radius,matched_er_4to1_chunk_19,95,KR,3.1377779009441533,96
sign_test_er0.0__norm_spectral_radius,matched_er_4to1_chunk_19,95,MC,3.871291150649389,96
sign_test_er0.0__norm_spectral_radius,matched_er_4to1_chunk_19,95,cosine_similarity,0.04189789853990075,96
sign_test_er0.0__norm_spectral_radius,matched_er_4to1_chunk_19,95,kl_to_gaussian,0.0,96
sign_test_er0.0__norm_spectral_radius,matched_er_4to1_chunk_19,95,wt_mean,0.0028542253421619,96
sign_test_er0.0__norm_spectral_radius,matched_er_4to1_chunk_19,96,GR,6.393140972902377,96
sign_test_er0.0__norm_spectral_radius,matched_er_4to1_chunk_19,96,IPC,6.611994974411975,96
sign_test_er0.0__norm_spectral_radius,matched_er_4to1_chunk_19,96,KR,3.626772578805685,96
sign_test_er0.0__norm_spectral_radius,matched_er_4to1_chunk_19,96,MC,3.747404887030522,96
sign_test_er0.0__norm_spectral_radius,matched_er_4to1_chunk_19,96,cosine_similarity,0.0366259738802909,96
sign_test_er0.0__norm_spectral_radius,matched_er_4to1_chunk_19,96,kl_to_gaussian,0.0,96
sign_test_er0.0__norm_spectral_radius,matched_er_4to1_chunk_19,96,wt_mean,0.002875147562008325,96
sign_test_er0.0__norm_spectral_radius,matched_er_4to1_chunk_19,97,GR,5.924529111633698,96
sign_test_er0.0__norm_spectral_radius,matched_er_4to1_chunk_19,97,IPC,6.990823811795839,96
sign_test_er0.0__norm_spectral_radius,matched_er_4to1_chunk_19,97,KR,3.507154485831658,96
sign_test_er0.0__norm_spectral_radius,matched_er_4to1_chunk_19,97,MC,3.9041775229076543,96
sign_test_er0.0__norm_spectral_radius,matched_er_4to1_chunk_19,97,cosine_similarity,0.04078802000731222,96
sign_test_er0.0__norm_spectral_radius,matched_er_4to1_chunk_19,97,kl_to_gaussian,0.0,96
sign_test_er0.0__norm_spectral_radius,matched_er_4to1_chunk_19,97,wt_mean,0.0028633188339880996,96
sign_test_er0.0__norm_spectral_radius,matched_er_4to1_chunk_19,98,GR,5.260208155959845,96
sign_test_er0.0__norm_spectral_radius,matched_er_4to1_chunk_19,98,IPC,7.294619377038699,96
sign_test_er0.0__norm_spectral_radius,matched_er_4to1_chunk_19,98,KR,3.1086465679109097,96
sign_test_er0.0__norm_spectral_radius,matched_er_4to1_chunk_19,98,MC,3.9995787839094796,96
sign_test_er0.0__norm_spectral_radius,matched_er_4to1_chunk_19,98,cosine_similarity,0.0474472641944885,96
sign_test_er0.0__norm_spectral_radius,matched_er_4to1_chunk_19,98,kl_to_gaussian,0.0,96
sign_test_er0.0__norm_spectral_radius,matched_er_4to1_chunk_19,98,wt_mean,0.0028757341206073,96
sign_test_er0.0__norm_spectral_radius,matched_er_4to1_chunk_19,99,GR,5.165158128986756,96
sign_test_er0.0__norm_spectral_radius,matched_er_4to1_chunk_19,99,IPC,7.029568439359775,96
sign_test_er0.0__norm_spectral_radius,matched_er_4to1_chunk_19,99,KR,3.20731283724308,96
sign_test_er0.0__norm_spectral_radius,matched_er_4to1_chunk_19,99,MC,4.0395134302477045,96
sign_test_er0.0__norm_spectral_radius,matched_er_4to1_chunk_19,99,cosine_similarity,0.03940066602081053,96
sign_test_er0.0__norm_spectral_radius,matched_er_4to1_chunk_19,99,kl_to_gaussian,0.0,96
sign_test_er0.0__norm_spectral_radius,matched_er_4to1_chunk_19,99,wt_mean,0.002842732239514525,96
sign_test_er0.0__norm_spectral_radius,matched_er_4to1_chunk_2,10,GR,5.529794242233038,96
sign_test_er0.0__norm_spectral_radius,matched_er_4to1_chunk_2,10,IPC,7.1317610615517175,96
sign_test_er0.0__norm_spectral_radius,matched_er_4to1_chunk_2,10,KR,3.2676653961340585,96
sign_test_er0.0__norm_spectral_radius,matched_er_4to1_chunk_2,10,MC,3.8105456245442233,96
sign_test_er0.0__norm_spectral_radius,matched_er_4to1_chunk_2,10,cosine_similarity,0.041065485216677175,96
sign_test_er0.0__norm_spectral_radius,matched_er_4to1_chunk_2,10,kl_to_gaussian,0.0,96
sign_test_er0.0__norm_spectral_radius,matched_er_4to1_chunk_2,10,wt_mean,0.002872720826417175,96
sign_test_er0.0__norm_spectral_radius,matched_er_4to1_chunk_2,11,GR,5.534360817323129,96
sign_test_er0.0__norm_spectral_radius,matched_er_4to1_chunk_2,11,IPC,7.741008660087236,96
sign_test_er0.0__norm_spectral_radius,matched_er_4to1_chunk_2,11,KR,3.3660250206788382,96
sign_test_er0.0__norm_spectral_radius,matched_er_4to1_chunk_2,11,MC,4.3272775659958524,96
sign_test_er0.0__norm_spectral_radius,matched_er_4to1_chunk_2,11,cosine_similarity,0.0413429550826549,96
sign_test_er0.0__norm_spectral_radius,matched_er_4to1_chunk_2,11,kl_to_gaussian,0.0,96
sign_test_er0.0__norm_spectral_radius,matched_er_4to1_chunk_2,11,wt_mean,0.00283563783159475,96
sign_test_er0.0__norm_spectral_radius,matched_er_4to1_chunk_2,12,GR,6.393089452137549,96
sign_test_er0.0__norm_spectral_radius,matched_er_4to1_chunk_2,12,IPC,6.932339093633456,96
sign_test_er0.0__norm_spectral_radius,matched_er_4to1_chunk_2,12,KR,3.6597099689145884,96
sign_test_er0.0__norm_spectral_radius,matched_er_4to1_chunk_2,12,MC,3.7546871018906436,96
sign_test_er0.0__norm_spectral_radius,matched_er_4to1_chunk_2,12,cosine_similarity,0.041065493598580353,96
sign_test_er0.0__norm_spectral_radius,matched_er_4to1_chunk_2,12,kl_to_gaussian,0.0,96
sign_test_er0.0__norm_spectral_radius,matched_er_4to1_chunk_2,12,wt_mean,0.002875854726880725,96
sign_test_er0.0__norm_spectral_radius,matched_er_4to1_chunk_2,13,GR,5.71576310818394,96
sign_test_er0.0__norm_spectral_radius,matched_er_4to1_chunk_2,13,IPC,7.273423361146013,96
sign_test_er0.0__norm_spectral_radius,matched_er_4to1_chunk_2,13,KR,3.3954177536070347,96
sign_test_er0.0__norm_spectral_radius,matched_er_4to1_chunk_2,13,MC,4.0792121440172195,96
sign_test_er0.0__norm_spectral_radius,matched_er_4to1_chunk_2,13,cosine_similarity,0.04051054082810875,96
sign_test_er0.0__norm_spectral_radius,matched_er_4to1_chunk_2,13,kl_to_gaussian,0.0,96
sign_test_er0.0__norm_spectral_radius,matched_er_4to1_chunk_2,13,wt_mean,0.0028630970045923497,96
sign_test_er0.0__norm_spectral_radius,matched_er_4to1_chunk_2,14,GR,5.0905738572279615,96
sign_test_er0.0__norm_spectral_radius,matched_er_4to1_chunk_2,14,IPC,7.5181688996197815,96
sign_test_er0.0__norm_spectral_radius,matched_er_4to1_chunk_2,14,KR,2.9976146407425404,96
sign_test_er0.0__norm_spectral_radius,matched_er_4to1_chunk_2,14,MC,4.005228913078706,96
sign_test_er0.0__norm_spectral_radius,matched_er_4to1_chunk_2,14,cosine_similarity,0.04189789108932015,96
sign_test_er0.0__norm_spectral_radius,matched_er_4to1_chunk_2,14,kl_to_gaussian,0.0,96
sign_test_er0.0__norm_spectral_radius,matched_er_4to1_chunk_2,14,wt_mean,0.0028559656348078996,96
sign_test_er0.0__norm_spectral_radius,matched_er_4to1_chunk_3,15,GR,5.04379491135478,96
sign_test_er0.0__norm_spectral_radius,matched_er_4to1_chunk_3,15,IPC,7.540511444355133,96
sign_test_er0.0__norm_spectral_radius,matched_er_4to1_chunk_3,15,KR,2.9916298737128577,96
sign_test_er0.0__norm_spectral_radius,matched_er_4to1_chunk_3,15,MC,3.98579860975345,96
sign_test_er0.0__norm_spectral_radius,matched_er_4to1_chunk_3,15,cosine_similarity,0.042730291374027674,96
sign_test_er0.0__norm_spectral_radius,matched_er_4to1_chunk_3,15,kl_to_gaussian,0.0,96
sign_test_er0.0__norm_spectral_radius,matched_er_4to1_chunk_3,15,wt_mean,0.00284539326094085,96
sign_test_er0.0__norm_spectral_radius,matched_er_4to1_chunk_3,16,GR,6.322122644633055,96
sign_test_er0.0__norm_spectral_radius,matched_er_4to1_chunk_3,16,IPC,7.1872899998875495,96
sign_test_er0.0__norm_spectral_radius,matched_er_4to1_chunk_3,16,KR,3.6877137906849384,96
sign_test_er0.0__norm_spectral_radius,matched_er_4to1_chunk_3,16,MC,4.007124196738005,96
sign_test_er0.0__norm_spectral_radius,matched_er_4to1_chunk_3,16,cosine_similarity,0.03856825642287725,96
sign_test_er0.0__norm_spectral_radius,matched_er_4to1_chunk_3,16,kl_to_gaussian,0.0,96
sign_test_er0.0__norm_spectral_radius,matched_er_4to1_chunk_3,16,wt_mean,0.002830256707966275,96
sign_test_er0.0__norm_spectral_radius,matched_er_4to1_chunk_3,17,GR,4.916214351852735,96
sign_test_er0.0__norm_spectral_radius,matched_er_4to1_chunk_3,17,IPC,7.23133306040311,96
sign_test_er0.0__norm_spectral_radius,matched_er_4to1_chunk_3,17,KR,2.9292528443038464,96
sign_test_er0.0__norm_spectral_radius,matched_er_4to1_chunk_3,17,MC,3.8242907958726087,96
sign_test_er0.0__norm_spectral_radius,matched_er_4to1_chunk_3,17,cosine_similarity,0.04273031093180175,96
sign_test_er0.0__norm_spectral_radius,matched_er_4to1_chunk_3,17,kl_to_gaussian,0.0,96
sign_test_er0.0__norm_spectral_radius,matched_er_4to1_chunk_3,17,wt_mean,0.0028631606837734003,96
sign_test_er0.0__norm_spectral_radius,matched_er_4to1_chunk_3,18,GR,6.075758748998244,96
sign_test_er0.0__norm_spectral_radius,matched_er_4to1_chunk_3,18,IPC,7.61532435043765,96
sign_test_er0.0__norm_spectral_radius,matched_er_4to1_chunk_3,18,KR,3.5498430418471494,96
sign_test_er0.0__norm_spectral_radius,matched_er_4to1_chunk_3,18,MC,4.062293010453383,96
sign_test_er0.0__norm_spectral_radius,matched_er_4to1_chunk_3,18,cosine_similarity,0.0413429550826549,96
sign_test_er0.0__norm_spectral_radius,matched_er_4to1_chunk_3,18,kl_to_gaussian,0.0,96
sign_test_er0.0__norm_spectral_radius,matched_er_4to1_chunk_3,18,wt_mean,0.002888626069761775,96
sign_test_er0.0__norm_spectral_radius,matched_er_4to1_chunk_3,19,GR,5.909583350022634,96
sign_test_er0.0__norm_spectral_radius,matched_er_4to1_chunk_3,19,IPC,7.432823308226855,96
sign_test_er0.0__norm_spectral_radius,matched_er_4to1_chunk_3,19,KR,3.495469426115354,96
sign_test_er0.0__norm_spectral_radius,matched_er_4to1_chunk_3,19,MC,4.068120318154494,96
sign_test_er0.0__norm_spectral_radius,matched_er_4to1_chunk_3,19,cosine_similarity,0.0385682582855224,96
sign_test_er0.0__norm_spectral_radius,matched_er_4to1_chunk_3,19,kl_to_gaussian,0.0,96
sign_test_er0.0__norm_spectral_radius,matched_er_4to1_chunk_3,19,wt_mean,0.0028595686890184,96
sign_test_er0.0__norm_spectral_radius,matched_er_4to1_chunk_4,20,GR,5.305447765936454,96
sign_test_er0.0__norm_spectral_radius,matched_er_4to1_chunk_4,20,IPC,7.983903400136956,96
sign_test_er0.0__norm_spectral_radius,matched_er_4to1_chunk_4,20,KR,3.0790499734381833,96
sign_test_er0.0__norm_spectral_radius,matched_er_4to1_chunk_4,20,MC,4.165299617995818,96
sign_test_er0.0__norm_spectral_radius,matched_er_4to1_chunk_4,20,cosine_similarity,0.04522752668708563,96
sign_test_er0.0__norm_spectral_radius,matched_er_4to1_chunk_4,20,kl_to_gaussian,0.0,96
sign_test_er0.0__norm_spectral_radius,matched_er_4to1_chunk_4,20,wt_mean,0.0028670808533206252,96
sign_test_er0.0__norm_spectral_radius,matched_er_4to1_chunk_4,21,GR,5.189119166384141,96
sign_test_er0.0__norm_spectral_radius,matched_er_4to1_chunk_4,21,IPC,7.45787540161907,96
sign_test_er0.0__norm_spectral_radius,matched_er_4to1_chunk_4,21,KR,3.1048945436875024,96
sign_test_er0.0__norm_spectral_radius,matched_er_4to1_chunk_4,21,MC,3.966735521952311,96
sign_test_er0.0__norm_spectral_radius,matched_er_4to1_chunk_4,21,cosine_similarity,0.04245283268392085,96
sign_test_er0.0__norm_spectral_radius,matched_er_4to1_chunk_4,21,kl_to_gaussian,0.0,96
sign_test_er0.0__norm_spectral_radius,matched_er_4to1_chunk_4,21,wt_mean,0.002877961960621125,96
sign_test_er0.0__norm_spectral_radius,matched_er_4to1_chunk_4,22,GR,5.130546394735575,96
sign_test_er0.0__norm_spectral_radius,matched_er_4to1_chunk_4,22,IPC,7.195468876233579,96
sign_test_er0.0__norm_spectral_radius,matched_er_4to1_chunk_4,22,KR,3.0395587707559266,96
sign_test_er0.0__norm_spectral_radius,matched_er_4to1_chunk_4,22,MC,3.826739008227984,96
sign_test_er0.0__norm_spectral_radius,matched_er_4to1_chunk_4,22,cosine_similarity,0.038845733739435624,96
sign_test_er0.0__norm_spectral_radius,matched_er_4to1_chunk_4,22,kl_to_gaussian,0.0,96
sign_test_er0.0__norm_spectral_radius,matched_er_4to1_chunk_4,22,wt_mean,0.0028812776436097248,96
sign_test_er0.0__norm_spectral_radius,matched_er_4to1_chunk_4,23,GR,5.078722702960174,96
sign_test_er0.0__norm_spectral_radius,matched_er_4to1_chunk_4,23,IPC,8.043266125214341,96
sign_test_er0.0__norm_spectral_radius,matched_er_4to1_chunk_4,23,KR,3.008317109197378,96
sign_test_er0.0__norm_spectral_radius,matched_er_4to1_chunk_4,23,MC,4.151634479562442,96
sign_test_er0.0__norm_spectral_radius,matched_er_4to1_chunk_4,23,cosine_similarity,0.032741405069828,96
sign_test_er0.0__norm_spectral_radius,matched_er_4to1_chunk_4,23,kl_to_gaussian,0.0,96
sign_test_er0.0__norm_spectral_radius,matched_er_4to1_chunk_4,23,wt_mean,0.002845513692591275,96
sign_test_er0.0__norm_spectral_radius,matched_er_4to1_chunk_4,24,GR,5.521896277864774,96
sign_test_er0.0__norm_spectral_radius,matched_er_4to1_chunk_4,24,IPC,7.249775808149248,96
sign_test_er0.0__norm_spectral_radius,matched_er_4to1_chunk_4,24,KR,3.2566968674461045,96
sign_test_er0.0__norm_spectral_radius,matched_er_4to1_chunk_4,24,MC,3.825231458991766,96
sign_test_er0.0__norm_spectral_radius,matched_er_4to1_chunk_4,24,cosine_similarity,0.04023306816816325,96
sign_test_er0.0__norm_spectral_radius,matched_er_4to1_chunk_4,24,kl_to_gaussian,0.0,96
sign_test_er0.0__norm_spectral_radius,matched_er_4to1_chunk_4,24,wt_mean,0.0028657072107307,96
sign_test_er0.0__norm_spectral_radius,matched_er_4to1_chunk_5,25,GR,4.999693053464095,96
sign_test_er0.0__norm_spectral_radius,matched_er_4to1_chunk_5,25,IPC,7.506775621479126,96
sign_test_er0.0__norm_spectral_radius,matched_er_4to1_chunk_5,25,KR,2.9280834682285786,96
sign_test_er0.0__norm_spectral_radius,matched_er_4to1_chunk_5,25,MC,3.822229392826557,96
sign_test_er0.0__norm_spectral_radius,matched_er_4to1_chunk_5,25,cosine_similarity,0.03995558433234685,96
sign_test_er0.0__norm_spectral_radius,matched_er_4to1_chunk_5,25,kl_to_gaussian,0.0,96
sign_test_er0.0__norm_spectral_radius,matched_er_4to1_chunk_5,25,wt_mean,0.0028533122967928,96
sign_test_er0.0__norm_spectral_radius,matched_er_4to1_chunk_5,26,GR,6.265352622916301,96
sign_test_er0.0__norm_spectral_radius,matched_er_4to1_chunk_5,26,IPC,7.092598239868703,96
sign_test_er0.0__norm_spectral_radius,matched_er_4to1_chunk_5,26,KR,3.741125072042147,96
sign_test_er0.0__norm_spectral_radius,matched_er_4to1_chunk_5,26,MC,3.9010952276488147,96
sign_test_er0.0__norm_spectral_radius,matched_er_4to1_chunk_5,26,cosine_similarity,0.039955604821443495,96
sign_test_er0.0__norm_spectral_radius,matched_er_4to1_chunk_5,26,kl_to_gaussian,0.0,96
sign_test_er0.0__norm_spectral_radius,matched_er_4to1_chunk_5,26,wt_mean,0.002848867268767175,96
sign_test_er0.0__norm_spectral_radius,matched_er_4to1_chunk_5,27,GR,5.391297344118357,96
sign_test_er0.0__norm_spectral_radius,matched_er_4to1_chunk_5,27,IPC,7.385089432090166,96
sign_test_er0.0__norm_spectral_radius,matched_er_4to1_chunk_5,27,KR,3.1355085832377276,96
sign_test_er0.0__norm_spectral_radius,matched_er_4to1_chunk_5,27,MC,3.898724573353926,96
sign_test_er0.0__norm_spectral_radius,matched_er_4to1_chunk_5,27,cosine_similarity,0.0416204230859875,96
sign_test_er0.0__norm_spectral_radius,matched_er_4to1_chunk_5,27,kl_to_gaussian,0.0,96
sign_test_er0.0__norm_spectral_radius,matched_er_4to1_chunk_5,27,wt_mean,0.00286282290471715,96
sign_test_er0.0__norm_spectral_radius,matched_er_4to1_chunk_5,28,GR,5.266335944334666,96
sign_test_er0.0__norm_spectral_radius,matched_er_4to1_chunk_5,28,IPC,7.528292216834257,96
sign_test_er0.0__norm_spectral_radius,matched_er_4to1_chunk_5,28,KR,3.1666904812057814,96
sign_test_er0.0__norm_spectral_radius,matched_er_4to1_chunk_5,28,MC,4.121840838342905,96
sign_test_er0.0__norm_spectral_radius,matched_er_4to1_chunk_5,28,cosine_similarity,0.03912320174276825,96
sign_test_er0.0__norm_spectral_radius,matched_er_4to1_chunk_5,28,kl_to_gaussian,0.0,96
sign_test_er0.0__norm_spectral_radius,matched_er_4to1_chunk_5,28,wt_mean,0.002881886030081625,96
sign_test_er0.0__norm_spectral_radius,matched_er_4to1_chunk_5,29,GR,5.329023435711861,96
sign_test_er0.0__norm_spectral_radius,matched_er_4to1_chunk_5,29,IPC,7.427604953197786,96
sign_test_er0.0__norm_spectral_radius,matched_er_4to1_chunk_5,29,KR,3.054037199666103,96
sign_test_er0.0__norm_spectral_radius,matched_er_4to1_chunk_5,29,MC,3.8759326276679835,96
sign_test_er0.0__norm_spectral_radius,matched_er_4to1_chunk_5,29,cosine_similarity,0.043562699109315796,96
sign_test_er0.0__norm_spectral_radius,matched_er_4to1_chunk_5,29,kl_to_gaussian,0.0,96
sign_test_er0.0__norm_spectral_radius,matched_er_4to1_chunk_5,29,wt_mean,0.0028533681761473,96
sign_test_er0.0__norm_spectral_radius,matched_er_4to1_chunk_6,30,GR,5.8406487827499705,96
sign_test_er0.0__norm_spectral_radius,matched_er_4to1_chunk_6,30,IPC,7.223454325702637,96
sign_test_er0.0__norm_spectral_radius,matched_er_4to1_chunk_6,30,KR,3.4748896149297557,96
sign_test_er0.0__norm_spectral_radius,matched_er_4to1_chunk_6,30,MC,3.85726555933555,96
sign_test_er0.0__norm_spectral_radius,matched_er_4to1_chunk_6,30,cosine_similarity,0.044117641635239076,96
sign_test_er0.0__norm_spectral_radius,matched_er_4to1_chunk_6,30,kl_to_gaussian,0.0,96
sign_test_er0.0__norm_spectral_radius,matched_er_4to1_chunk_6,30,wt_mean,0.002850535442121275,96
sign_test_er0.0__norm_spectral_radius,matched_er_4to1_chunk_6,31,GR,5.018431273599465,96
sign_test_er0.0__norm_spectral_radius,matched_er_4to1_chunk_6,31,IPC,7.937170451502637,96
sign_test_er0.0__norm_spectral_radius,matched_er_4to1_chunk_6,31,KR,2.9283735690017543,96
sign_test_er0.0__norm_spectral_radius,matched_er_4to1_chunk_6,31,MC,4.258909692366918,96
sign_test_er0.0__norm_spectral_radius,matched_er_4to1_chunk_6,31,cosine_similarity,0.04078800790011875,96
sign_test_er0.0__norm_spectral_radius,matched_er_4to1_chunk_6,31,kl_to_gaussian,0.0,96
sign_test_er0.0__norm_spectral_radius,matched_er_4to1_chunk_6,31,wt_mean,0.002847352472599525,96
sign_test_er0.0__norm_spectral_radius,matched_er_4to1_chunk_6,32,GR,5.4208525729676085,96
sign_test_er0.0__norm_spectral_radius,matched_er_4to1_chunk_6,32,IPC,7.7696344383997875,96
sign_test_er0.0__norm_spectral_radius,matched_er_4to1_chunk_6,32,KR,3.337969380120436,96
sign_test_er0.0__norm_spectral_radius,matched_er_4to1_chunk_6,32,MC,4.278859688589971,96
sign_test_er0.0__norm_spectral_radius,matched_er_4to1_chunk_6,32,cosine_similarity,0.0405105538666248,96
sign_test_er0.0__norm_spectral_radius,matched_er_4to1_chunk_6,32,kl_to_gaussian,0.0,96
sign_test_er0.0__norm_spectral_radius,matched_er_4to1_chunk_6,32,wt_mean,0.002886829315684675,96
sign_test_er0.0__norm_spectral_radius,matched_er_4to1_chunk_6,33,GR,5.625730911890666,96
sign_test_er0.0__norm_spectral_radius,matched_er_4to1_chunk_6,33,IPC,7.626587722376399,96
sign_test_er0.0__norm_spectral_radius,matched_er_4to1_chunk_6,33,KR,3.3215726700921855,96
sign_test_er0.0__norm_spectral_radius,matched_er_4to1_chunk_6,33,MC,4.1741905609766645,96
sign_test_er0.0__norm_spectral_radius,matched_er_4to1_chunk_6,33,cosine_similarity,0.040233087725937276,96
sign_test_er0.0__norm_spectral_radius,matched_er_4to1_chunk_6,33,kl_to_gaussian,0.0,96
sign_test_er0.0__norm_spectral_radius,matched_er_4to1_chunk_6,33,wt_mean,0.002880372281651875,96
sign_test_er0.0__norm_spectral_radius,matched_er_4to1_chunk_6,34,GR,5.502249890317519,96
sign_test_er0.0__norm_spectral_radius,matched_er_4to1_chunk_6,34,IPC,7.395983855344684,96
sign_test_er0.0__norm_spectral_radius,matched_er_4to1_chunk_6,34,KR,3.2165039082368216,96
sign_test_er0.0__norm_spectral_radius,matched_er_4to1_chunk_6,34,MC,4.042176395654678,96
sign_test_er0.0__norm_spectral_radius,matched_er_4to1_chunk_6,34,cosine_similarity,0.04467258788645265,96
sign_test_er0.0__norm_spectral_radius,matched_er_4to1_chunk_6,34,kl_to_gaussian,0.0,96
sign_test_er0.0__norm_spectral_radius,matched_er_4to1_chunk_6,34,wt_mean,0.002866183873265925,96
sign_test_er0.0__norm_spectral_radius,matched_er_4to1_chunk_7,35,GR,5.296264385183652,96
sign_test_er0.0__norm_spectral_radius,matched_er_4to1_chunk_7,35,IPC,7.4426928628033835,96
sign_test_er0.0__norm_spectral_radius,matched_er_4to1_chunk_7,35,KR,3.1479424064358077,96
sign_test_er0.0__norm_spectral_radius,matched_er_4to1_chunk_7,35,MC,4.060585742195447,96
sign_test_er0.0__norm_spectral_radius,matched_er_4to1_chunk_7,35,cosine_similarity,0.03634850773960348,96
sign_test_er0.0__norm_spectral_radius,matched_er_4to1_chunk_7,35,kl_to_gaussian,0.0,96
sign_test_er0.0__norm_spectral_radius,matched_er_4to1_chunk_7,35,wt_mean,0.0028756592655553997,96
sign_test_er0.0__norm_spectral_radius,matched_er_4to1_chunk_7,36,GR,6.183845121413469,96
sign_test_er0.0__norm_spectral_radius,matched_er_4to1_chunk_7,36,IPC,7.241764163551788,96
sign_test_er0.0__norm_spectral_radius,matched_er_4to1_chunk_7,36,KR,3.6144912081460157,96
sign_test_er0.0__norm_spectral_radius,matched_er_4to1_chunk_7,36,MC,3.9986829658349357,96
sign_test_er0.0__norm_spectral_radius,matched_er_4to1_chunk_7,36,cosine_similarity,0.047169820405542774,96
sign_test_er0.0__norm_spectral_radius,matched_er_4to1_chunk_7,36,kl_to_gaussian,0.0,96
sign_test_er0.0__norm_spectral_radius,matched_er_4to1_chunk_7,36,wt_mean,0.00285379250999535,96
sign_test_er0.0__norm_spectral_radius,matched_er_4to1_chunk_7,37,GR,4.981286442528169,96
sign_test_er0.0__norm_spectral_radius,matched_er_4to1_chunk_7,37,IPC,7.6680034449214185,96
sign_test_er0.0__norm_spectral_radius,matched_er_4to1_chunk_7,37,KR,2.9509026209513345,96
sign_test_er0.0__norm_spectral_radius,matched_er_4to1_chunk_7,37,MC,3.9922759818534055,96
sign_test_er0.0__norm_spectral_radius,matched_er_4to1_chunk_7,37,cosine_similarity,0.04439512081444255,96
sign_test_er0.0__norm_spectral_radius,matched_er_4to1_chunk_7,37,kl_to_gaussian,0.0,96
sign_test_er0.0__norm_spectral_radius,matched_er_4to1_chunk_7,37,wt_mean,0.00285658135544505,96
sign_test_er0.0__norm_spectral_radius,matched_er_4to1_chunk_7,38,GR,5.152081311990817,96
sign_test_er0.0__norm_spectral_radius,matched_er_4to1_chunk_7,38,IPC,7.189419286705043,96
sign_test_er0.0__norm_spectral_radius,matched_er_4to1_chunk_7,38,KR,3.0469365877409778,96
sign_test_er0.0__norm_spectral_radius,matched_er_4to1_chunk_7,38,MC,3.7015442798535028,96
sign_test_er0.0__norm_spectral_radius,matched_er_4to1_chunk_7,38,cosine_similarity,0.03967813588678835,96
sign_test_er0.0__norm_spectral_radius,matched_er_4to1_chunk_7,38,kl_to_gaussian,0.0,96
sign_test_er0.0__norm_spectral_radius,matched_er_4to1_chunk_7,38,wt_mean,0.00284306326648215,96
sign_test_er0.0__norm_spectral_radius,matched_er_4to1_chunk_7,39,GR,5.453360208620627,96
sign_test_er0.0__norm_spectral_radius,matched_er_4to1_chunk_7,39,IPC,7.237714500480242,96
sign_test_er0.0__norm_spectral_radius,matched_er_4to1_chunk_7,39,KR,3.218939402451118,96
sign_test_er0.0__norm_spectral_radius,matched_er_4to1_chunk_7,39,MC,4.087268960972627,96
sign_test_er0.0__norm_spectral_radius,matched_er_4to1_chunk_7,39,cosine_similarity,0.0413429550826549,96
sign_test_er0.0__norm_spectral_radius,matched_er_4to1_chunk_7,39,kl_to_gaussian,0.0,96
sign_test_er0.0__norm_spectral_radius,matched_er_4to1_chunk_7,39,wt_mean,0.0028714649379253,96
sign_test_er0.0__norm_spectral_radius,matched_er_4to1_chunk_8,40,GR,5.422339644283056,96
sign_test_er0.0__norm_spectral_radius,matched_er_4to1_chunk_8,40,IPC,7.097438396840381,96
sign_test_er0.0__norm_spectral_radius,matched_er_4to1_chunk_8,40,KR,3.2662757051487765,96
sign_test_er0.0__norm_spectral_radius,matched_er_4to1_chunk_8,40,MC,3.785875417292118,96
sign_test_er0.0__norm_spectral_radius,matched_er_4to1_chunk_8,40,cosine_similarity,0.036348494701087426,96
sign_test_er0.0__norm_spectral_radius,matched_er_4to1_chunk_8,40,kl_to_gaussian,0.0,96
sign_test_er0.0__norm_spectral_radius,matched_er_4to1_chunk_8,40,wt_mean,0.002865317161194925,96
sign_test_er0.0__norm_spectral_radius,matched_er_4to1_chunk_8,41,GR,5.1552404910326,96
sign_test_er0.0__norm_spectral_radius,matched_er_4to1_chunk_8,41,IPC,7.442948422653566,96
sign_test_er0.0__norm_spectral_radius,matched_er_4to1_chunk_8,41,KR,2.955687750130892,96
sign_test_er0.0__norm_spectral_radius,matched_er_4to1_chunk_8,41,MC,3.9396004428466163,96
sign_test_er0.0__norm_spectral_radius,matched_er_4to1_chunk_8,41,cosine_similarity,0.038013313896953976,96
sign_test_er0.0__norm_spectral_radius,matched_er_4to1_chunk_8,41,kl_to_gaussian,0.0,96
sign_test_er0.0__norm_spectral_radius,matched_er_4to1_chunk_8,41,wt_mean,0.002873819845262875,96
sign_test_er0.0__norm_spectral_radius,matched_er_4to1_chunk_8,42,GR,5.432463423659404,96
sign_test_er0.0__norm_spectral_radius,matched_er_4to1_chunk_8,42,IPC,7.803704849879921,96
sign_test_er0.0__norm_spectral_radius,matched_er_4to1_chunk_8,42,KR,3.2919316701591015,96
sign_test_er0.0__norm_spectral_radius,matched_er_4to1_chunk_8,42,MC,4.330683608849843,96
sign_test_er0.0__norm_spectral_radius,matched_er_4to1_chunk_8,42,cosine_similarity,0.03884572908282277,96
sign_test_er0.0__norm_spectral_radius,matched_er_4to1_chunk_8,42,kl_to_gaussian,0.0,96
sign_test_er0.0__norm_spectral_radius,matched_er_4to1_chunk_8,42,wt_mean,0.0028819692670367246,96
sign_test_er0.0__norm_spectral_radius,matched_er_4to1_chunk_8,43,GR,5.178671518961589,96
sign_test_er0.0__norm_spectral_radius,matched_er_4to1_chunk_8,43,IPC,7.415036450678941,96
sign_test_er0.0__norm_spectral_radius,matched_er_4to1_chunk_8,43,KR,3.1200427636504173,96
sign_test_er0.0__norm_spectral_radius,matched_er_4to1_chunk_8,43,MC,4.063152951498826,96
sign_test_er0.0__norm_spectral_radius,matched_er_4to1_chunk_8,43,cosine_similarity,0.04800223000347608,96
sign_test_er0.0__norm_spectral_radius,matched_er_4to1_chunk_8,43,kl_to_gaussian,0.0,96
sign_test_er0.0__norm_spectral_radius,matched_er_4to1_chunk_8,43,wt_mean,0.002850986085832075,96
sign_test_er0.0__norm_spectral_radius,matched_er_4to1_chunk_8,44,GR,4.670325922469298,96
sign_test_er0.0__norm_spectral_radius,matched_er_4to1_chunk_8,44,IPC,7.522783639238818,96
sign_test_er0.0__norm_spectral_radius,matched_er_4to1_chunk_8,44,KR,2.8288640715181828,96
sign_test_er0.0__norm_spectral_radius,matched_er_4to1_chunk_8,44,MC,4.024113303050399,96
sign_test_er0.0__norm_spectral_radius,matched_er_4to1_chunk_8,44,cosine_similarity,0.0374583816155791,96
sign_test_er0.0__norm_spectral_radius,matched_er_4to1_chunk_8,44,kl_to_gaussian,0.0,96
sign_test_er0.0__norm_spectral_radius,matched_er_4to1_chunk_8,44,wt_mean,0.0028644896810874,96
sign_test_er0.0__norm_spectral_radius,matched_er_4to1_chunk_9,45,GR,5.3743613585829735,96
sign_test_er0.0__norm_spectral_radius,matched_er_4to1_chunk_9,45,IPC,7.780662591144555,96
sign_test_er0.0__norm_spectral_radius,matched_er_4to1_chunk_9,45,KR,3.222247574478388,96
sign_test_er0.0__norm_spectral_radius,matched_er_4to1_chunk_9,45,MC,4.20952329908808,96
sign_test_er0.0__norm_spectral_radius,matched_er_4to1_chunk_9,45,cosine_similarity,0.03940066043287508,96
sign_test_er0.0__norm_spectral_radius,matched_er_4to1_chunk_9,45,kl_to_gaussian,0.0,96
sign_test_er0.0__norm_spectral_radius,matched_er_4to1_chunk_9,45,wt_mean,0.00288521940819915,96
sign_test_er0.0__norm_spectral_radius,matched_er_4to1_chunk_9,46,GR,5.904313487311204,96
sign_test_er0.0__norm_spectral_radius,matched_er_4to1_chunk_9,46,IPC,7.046772405558907,96
sign_test_er0.0__norm_spectral_radius,matched_er_4to1_chunk_9,46,KR,3.543874798963467,96
sign_test_er0.0__norm_spectral_radius,matched_er_4to1_chunk_9,46,MC,4.117671826233466,96
sign_test_er0.0__norm_spectral_radius,matched_er_4to1_chunk_9,46,cosine_similarity,0.047447273507714244,96
sign_test_er0.0__norm_spectral_radius,matched_er_4to1_chunk_9,46,kl_to_gaussian,0.0,96
sign_test_er0.0__norm_spectral_radius,matched_er_4to1_chunk_9,46,wt_mean,0.0028671619947999503,96
sign_test_er0.0__norm_spectral_radius,matched_er_4to1_chunk_9,47,GR,5.961214687675238,96
sign_test_er0.0__norm_spectral_radius,matched_er_4to1_chunk_9,47,IPC,7.0284641916548525,96
sign_test_er0.0__norm_spectral_radius,matched_er_4to1_chunk_9,47,KR,3.512306708842516,96
sign_test_er0.0__norm_spectral_radius,matched_er_4to1_chunk_9,47,MC,3.851220474888881,96
sign_test_er0.0__norm_spectral_radius,matched_er_4to1_chunk_9,47,cosine_similarity,0.040788012556731625,96
sign_test_er0.0__norm_spectral_radius,matched_er_4to1_chunk_9,47,kl_to_gaussian,0.0,96
sign_test_er0.0__norm_spectral_radius,matched_er_4to1_chunk_9,47,wt_mean,0.0028542887885123,96
sign_test_er0.0__norm_spectral_radius,matched_er_4to1_chunk_9,48,GR,5.858215135832627,96
sign_test_er0.0__norm_spectral_radius,matched_er_4to1_chunk_9,48,IPC,7.330846221260722,96
sign_test_er0.0__norm_spectral_radius,matched_er_4to1_chunk_9,48,KR,3.5064669251441956,96
sign_test_er0.0__norm_spectral_radius,matched_er_4to1_chunk_9,48,MC,3.9871742514272532,96
sign_test_er0.0__norm_spectral_radius,matched_er_4to1_chunk_9,48,cosine_similarity,0.039955602958798346,96
sign_test_er0.0__norm_spectral_radius,matched_er_4to1_chunk_9,48,kl_to_gaussian,0.0,96
sign_test_er0.0__norm_spectral_radius,matched_er_4to1_chunk_9,48,wt_mean,0.002863347821403225,96
sign_test_er0.0__norm_spectral_radius,matched_er_4to1_chunk_9,49,GR,5.640395852426688,96
sign_test_er0.0__norm_spectral_radius,matched_er_4to1_chunk_9,49,IPC,7.796896037507307,96
sign_test_er0.0__norm_spectral_radius,matched_er_4to1_chunk_9,49,KR,3.3569985950986543,96
sign_test_er0.0__norm_spectral_radius,matched_er_4to1_chunk_9,49,MC,4.235316889981429,96
sign_test_er0.0__norm_spectral_radius,matched_er_4to1_chunk_9,49,cosine_similarity,0.04106548987329005,96
sign_test_er0.0__norm_spectral_radius,matched_er_4to1_chunk_9,49,kl_to_gaussian,0.0,96
sign_test_er0.0__norm_spectral_radius,matched_er_4to1_chunk_9,49,wt_mean,0.00285375426756215,96
sign_test_er0.2__norm_original_radius,matched_er_4to1_chunk_0,0,GR,11.588737996915976,96
sign_test_er0.2__norm_original_radius,matched_er_4to1_chunk_0,0,IPC,9.996391044605694,96
sign_test_er0.2__norm_original_radius,matched_er_4to1_chunk_0,0,KR,5.7207690725723905,96
sign_test_er0.2__norm_original_radius,matched_er_4to1_chunk_0,0,MC,5.165873307734728,96
sign_test_er0.2__norm_original_radius,matched_er_4to1_chunk_0,0,cosine_similarity,0.024417311884462802,96
sign_test_er0.2__norm_original_radius,matched_er_4to1_chunk_0,0,kl_to_gaussian,0.0,96
sign_test_er0.2__norm_original_radius,matched_er_4to1_chunk_0,0,wt_mean,0.003069257654715275,96
sign_test_er0.2__norm_original_radius,matched_er_4to1_chunk_0,1,GR,12.121230411032835,96
sign_test_er0.2__norm_original_radius,matched_er_4to1_chunk_0,1,IPC,10.857530380669473,96
sign_test_er0.2__norm_original_radius,matched_er_4to1_chunk_0,1,KR,6.11723027875026,96
sign_test_er0.2__norm_original_radius,matched_er_4to1_chunk_0,1,MC,5.660404019057751,96
sign_test_er0.2__norm_original_radius,matched_er_4to1_chunk_0,1,cosine_similarity,0.022752498276531627,96
sign_test_er0.2__norm_original_radius,matched_er_4to1_chunk_0,1,kl_to_gaussian,0.0,96
sign_test_er0.2__norm_original_radius,matched_er_4to1_chunk_0,1,wt_mean,0.003154496778733975,96
sign_test_er0.2__norm_original_radius,matched_er_4to1_chunk_0,2,GR,11.012745223939419,96
sign_test_er0.2__norm_original_radius,matched_er_4to1_chunk_0,2,IPC,9.919384716967334,96
sign_test_er0.2__norm_original_radius,matched_er_4to1_chunk_0,2,KR,5.598492336769898,96
sign_test_er0.2__norm_original_radius,matched_er_4to1_chunk_0,2,MC,5.291123744100332,96
sign_test_er0.2__norm_original_radius,matched_er_4to1_chunk_0,2,cosine_similarity,0.023584901355206925,96
sign_test_er0.2__norm_original_radius,matched_er_4to1_chunk_0,2,kl_to_gaussian,0.0,96
sign_test_er0.2__norm_original_radius,matched_er_4to1_chunk_0,2,wt_mean,0.00308889232110225,96
sign_test_er0.2__norm_original_radius,matched_er_4to1_chunk_0,3,GR,12.476479341586431,96
sign_test_er0.2__norm_original_radius,matched_er_4to1_chunk_0,3,IPC,10.803707251477894,96
sign_test_er0.2__norm_original_radius,matched_er_4to1_chunk_0,3,KR,6.045359392960866,96
sign_test_er0.2__norm_original_radius,matched_er_4to1_chunk_0,3,MC,5.471581615507603,96
sign_test_er0.2__norm_original_radius,matched_er_4to1_chunk_0,3,cosine_similarity,0.02053274400532245,96
sign_test_er0.2__norm_original_radius,matched_er_4to1_chunk_0,3,kl_to_gaussian,0.0,96
sign_test_er0.2__norm_original_radius,matched_er_4to1_chunk_0,3,wt_mean,0.0031331984791904,96
sign_test_er0.2__norm_original_radius,matched_er_4to1_chunk_0,4,GR,11.673237510025501,96
sign_test_er0.2__norm_original_radius,matched_er_4to1_chunk_0,4,IPC,9.894212276255567,96
sign_test_er0.2__norm_original_radius,matched_er_4to1_chunk_0,4,KR,5.982942787309487,96
sign_test_er0.2__norm_original_radius,matched_er_4to1_chunk_0,4,MC,5.314980511864026,96
sign_test_er0.2__norm_original_radius,matched_er_4to1_chunk_0,4,cosine_similarity,0.028301891405135376,96
sign_test_er0.2__norm_original_radius,matched_er_4to1_chunk_0,4,kl_to_gaussian,0.0,96
sign_test_er0.2__norm_original_radius,matched_er_4to1_chunk_0,4,wt_mean,0.003058364032767675,96
sign_test_er0.2__norm_original_radius,matched_er_4to1_chunk_1,5,GR,11.685537340740362,96
sign_test_er0.2__norm_original_radius,matched_er_4to1_chunk_1,5,IPC,10.862048872543218,96
sign_test_er0.2__norm_original_radius,matched_er_4to1_chunk_1,5,KR,6.088572437564532,96
sign_test_er0.2__norm_original_radius,matched_er_4to1_chunk_1,5,MC,5.850733185807864,96
sign_test_er0.2__norm_original_radius,matched_er_4to1_chunk_1,5,cosine_similarity,0.0216426220722496,96
sign_test_er0.2__norm_original_radius,matched_er_4to1_chunk_1,5,kl_to_gaussian,0.0,96
sign_test_er0.2__norm_original_radius,matched_er_4to1_chunk_1,5,wt_mean,0.003106050833594,96
sign_test_er0.2__norm_original_radius,matched_er_4to1_chunk_1,6,GR,11.072897265354792,96
sign_test_er0.2__norm_original_radius,matched_er_4to1_chunk_1,6,IPC,10.020197156362842,96
sign_test_er0.2__norm_original_radius,matched_er_4to1_chunk_1,6,KR,5.782978939513366,96
sign_test_er0.2__norm_original_radius,matched_er_4to1_chunk_1,6,MC,5.4093156680464745,96
sign_test_er0.2__norm_original_radius,matched_er_4to1_chunk_1,6,cosine_similarity,0.024417303036898323,96
sign_test_er0.2__norm_original_radius,matched_er_4to1_chunk_1,6,kl_to_gaussian,0.0,96
sign_test_er0.2__norm_original_radius,matched_er_4to1_chunk_1,6,wt_mean,0.00300174689618865,96
sign_test_er0.2__norm_original_radius,matched_er_4to1_chunk_1,7,GR,11.701874750355879,96
sign_test_er0.2__norm_original_radius,matched_er_4to1_chunk_1,7,IPC,10.480201863746602,96
sign_test_er0.2__norm_original_radius,matched_er_4to1_chunk_1,7,KR,5.7782937462131185,96
sign_test_er0.2__norm_original_radius,matched_er_4to1_chunk_1,7,MC,5.390075764308373,96
sign_test_er0.2__norm_original_radius,matched_er_4to1_chunk_1,7,cosine_similarity,0.029134296346455774,96
sign_test_er0.2__norm_original_radius,matched_er_4to1_chunk_1,7,kl_to_gaussian,0.0,96
sign_test_er0.2__norm_original_radius,matched_er_4to1_chunk_1,7,wt_mean,0.0029964642017147754,96
sign_test_er0.2__norm_original_radius,matched_er_4to1_chunk_1,8,GR,12.201011257867018,96
sign_test_er0.2__norm_original_radius,matched_er_4to1_chunk_1,8,IPC,9.868952982932736,96
sign_test_er0.2__norm_original_radius,matched_er_4to1_chunk_1,8,KR,6.142090633511543,96
sign_test_er0.2__norm_original_radius,matched_er_4to1_chunk_1,8,MC,5.235365714877844,96
sign_test_er0.2__norm_original_radius,matched_er_4to1_chunk_1,8,cosine_similarity,0.01970033161342135,96
sign_test_er0.2__norm_original_radius,matched_er_4to1_chunk_1,8,kl_to_gaussian,0.0,96
sign_test_er0.2__norm_original_radius,matched_er_4to1_chunk_1,8,wt_mean,0.0030409326427615502,96
sign_test_er0.2__norm_original_radius,matched_er_4to1_chunk_1,9,GR,12.251405656337738,96
sign_test_er0.2__norm_original_radius,matched_er_4to1_chunk_1,9,IPC,10.626440567320985,96
sign_test_er0.2__norm_original_radius,matched_er_4to1_chunk_1,9,KR,6.070257291197777,96
sign_test_er0.2__norm_original_radius,matched_er_4to1_chunk_1,9,MC,5.43255873893698,96
sign_test_er0.2__norm_original_radius,matched_er_4to1_chunk_1,9,cosine_similarity,0.021087681408971475,96
sign_test_er0.2__norm_original_radius,matched_er_4to1_chunk_1,9,kl_to_gaussian,0.0,96
sign_test_er0.2__norm_original_radius,matched_er_4to1_chunk_1,9,wt_mean,0.00317151303170245,96
sign_test_er0.2__norm_original_radius,matched_er_4to1_chunk_10,50,GR,12.49951208382845,96
sign_test_er0.2__norm_original_radius,matched_er_4to1_chunk_10,50,IPC,10.153590155349464,96
sign_test_er0.2__norm_original_radius,matched_er_4to1_chunk_10,50,KR,6.604524850845337,96
sign_test_er0.2__norm_original_radius,matched_er_4to1_chunk_10,50,MC,5.430486091723044,96
sign_test_er0.2__norm_original_radius,matched_er_4to1_chunk_10,50,cosine_similarity,0.021087679546326347,96
sign_test_er0.2__norm_original_radius,matched_er_4to1_chunk_10,50,kl_to_gaussian,0.0,96
sign_test_er0.2__norm_original_radius,matched_er_4to1_chunk_10,50,wt_mean,0.003115376399364275,96
sign_test_er0.2__norm_original_radius,matched_er_4to1_chunk_10,51,GR,12.228243164718151,96
sign_test_er0.2__norm_original_radius,matched_er_4to1_chunk_10,51,IPC,10.124956610365208,96
sign_test_er0.2__norm_original_radius,matched_er_4to1_chunk_10,51,KR,6.180187289913495,96
sign_test_er0.2__norm_original_radius,matched_er_4to1_chunk_10,51,MC,5.350756126145522,96
sign_test_er0.2__norm_original_radius,matched_er_4to1_chunk_10,51,cosine_similarity,0.021642617881298024,96
sign_test_er0.2__norm_original_radius,matched_er_4to1_chunk_10,51,kl_to_gaussian,0.0,96
sign_test_er0.2__norm_original_radius,matched_er_4to1_chunk_10,51,wt_mean,0.00306803209241475,96
sign_test_er0.2__norm_original_radius,matched_er_4to1_chunk_10,52,GR,10.550435562928518,96
sign_test_er0.2__norm_original_radius,matched_er_4to1_chunk_10,52,IPC,9.628817822759098,96
sign_test_er0.2__norm_original_radius,matched_er_4to1_chunk_10,52,KR,5.367468590537707,96
sign_test_er0.2__norm_original_radius,matched_er_4to1_chunk_10,52,MC,5.145046057800452,96
sign_test_er0.2__norm_original_radius,matched_er_4to1_chunk_10,52,cosine_similarity,0.0216426183469593,96
sign_test_er0.2__norm_original_radius,matched_er_4to1_chunk_10,52,kl_to_gaussian,0.0,96
sign_test_er0.2__norm_original_radius,matched_er_4to1_chunk_10,52,wt_mean,0.003088094294071125,96
sign_test_er0.2__norm_original_radius,matched_er_4to1_chunk_10,53,GR,13.708285503089428,96
sign_test_er0.2__norm_original_radius,matched_er_4to1_chunk_10,53,IPC,10.980705474656633,96
sign_test_er0.2__norm_original_radius,matched_er_4to1_chunk_10,53,KR,6.874641997118791,96
sign_test_er0.2__norm_original_radius,matched_er_4to1_chunk_10,53,MC,5.803573372463386,96
sign_test_er0.2__norm_original_radius,matched_er_4to1_chunk_10,53,cosine_similarity,0.028579352423548653,96
sign_test_er0.2__norm_original_radius,matched_er_4to1_chunk_10,53,kl_to_gaussian,0.0,96
sign_test_er0.2__norm_original_radius,matched_er_4to1_chunk_10,53,wt_mean,0.003210297494661025,96
sign_test_er0.2__norm_original_radius,matched_er_4to1_chunk_10,54,GR,11.540865533053875,96
sign_test_er0.2__norm_original_radius,matched_er_4to1_chunk_10,54,IPC,10.396236476383978,96
sign_test_er0.2__norm_original_radius,matched_er_4to1_chunk_10,54,KR,5.906514813502629,96
sign_test_er0.2__norm_original_radius,matched_er_4to1_chunk_10,54,MC,5.661396708339453,96
sign_test_er0.2__norm_original_radius,matched_er_4to1_chunk_10,54,cosine_similarity,0.01970032881945365,96
sign_test_er0.2__norm_original_radius,matched_er_4to1_chunk_10,54,kl_to_gaussian,0.0,96
sign_test_er0.2__norm_original_radius,matched_er_4to1_chunk_10,54,wt_mean,0.0031053879065438745,96
sign_test_er0.2__norm_original_radius,matched_er_4to1_chunk_11,55,GR,11.878819033503532,96
sign_test_er0.2__norm_original_radius,matched_er_4to1_chunk_11,55,IPC,10.705663196254038,96
sign_test_er0.2__norm_original_radius,matched_er_4to1_chunk_11,55,KR,5.947023332118988,96
sign_test_er0.2__norm_original_radius,matched_er_4to1_chunk_11,55,MC,5.50987412656347,96
sign_test_er0.2__norm_original_radius,matched_er_4to1_chunk_11,55,cosine_similarity,0.023862378206103974,96
sign_test_er0.2__norm_original_radius,matched_er_4to1_chunk_11,55,kl_to_gaussian,0.0,96
sign_test_er0.2__norm_original_radius,matched_er_4to1_chunk_11,55,wt_mean,0.00302216858835885,96
sign_test_er0.2__norm_original_radius,matched_er_4to1_chunk_11,56,GR,11.58990735312303,96
sign_test_er0.2__norm_original_radius,matched_er_4to1_chunk_11,56,IPC,10.458923870605409,96
sign_test_er0.2__norm_original_radius,matched_er_4to1_chunk_11,56,KR,5.998983025550842,96
sign_test_er0.2__norm_original_radius,matched_er_4to1_chunk_11,56,MC,5.574550544222196,96
sign_test_er0.2__norm_original_radius,matched_er_4to1_chunk_11,56,cosine_similarity,0.021087687462568224,96
sign_test_er0.2__norm_original_radius,matched_er_4to1_chunk_11,56,kl_to_gaussian,0.0,96
sign_test_er0.2__norm_original_radius,matched_er_4to1_chunk_11,56,wt_mean,0.003012382599990775,96
sign_test_er0.2__norm_original_radius,matched_er_4to1_chunk_11,57,GR,12.03381489465634,96
sign_test_er0.2__norm_original_radius,matched_er_4to1_chunk_11,57,IPC,10.801582722284579,96
sign_test_er0.2__norm_original_radius,matched_er_4to1_chunk_11,57,KR,5.905252414445083,96
sign_test_er0.2__norm_original_radius,matched_er_4to1_chunk_11,57,MC,5.340035576373339,96
sign_test_er0.2__norm_original_radius,matched_er_4to1_chunk_11,57,cosine_similarity,0.02635960467159745,96
sign_test_er0.2__norm_original_radius,matched_er_4to1_chunk_11,57,kl_to_gaussian,0.0,96
sign_test_er0.2__norm_original_radius,matched_er_4to1_chunk_11,57,wt_mean,0.003058007510844575,96
sign_test_er0.2__norm_original_radius,matched_er_4to1_chunk_11,58,GR,11.178795024752617,96
sign_test_er0.2__norm_original_radius,matched_er_4to1_chunk_11,58,IPC,9.899423412189464,96
sign_test_er0.2__norm_original_radius,matched_er_4to1_chunk_11,58,KR,5.615993169446786,96
sign_test_er0.2__norm_original_radius,matched_er_4to1_chunk_11,58,MC,5.093502881626288,96
sign_test_er0.2__norm_original_radius,matched_er_4to1_chunk_11,58,cosine_similarity,0.02663706196472042,96
sign_test_er0.2__norm_original_radius,matched_er_4to1_chunk_11,58,kl_to_gaussian,0.0,96
sign_test_er0.2__norm_original_radius,matched_er_4to1_chunk_11,58,wt_mean,0.003062027390114925,96
sign_test_er0.2__norm_original_radius,matched_er_4to1_chunk_11,59,GR,11.497498214244843,96
sign_test_er0.2__norm_original_radius,matched_er_4to1_chunk_11,59,IPC,10.281284988902721,96
sign_test_er0.2__norm_original_radius,matched_er_4to1_chunk_11,59,KR,5.89078722645839,96
sign_test_er0.2__norm_original_radius,matched_er_4to1_chunk_11,59,MC,5.276457189271848,96
sign_test_er0.2__norm_original_radius,matched_er_4to1_chunk_11,59,cosine_similarity,0.021920086815953227,96
sign_test_er0.2__norm_original_radius,matched_er_4to1_chunk_11,59,kl_to_gaussian,0.0,96
sign_test_er0.2__norm_original_radius,matched_er_4to1_chunk_11,59,wt_mean,0.0030695688328705503,96
sign_test_er0.2__norm_original_radius,matched_er_4to1_chunk_12,60,GR,11.69537845502297,96
sign_test_er0.2__norm_original_radius,matched_er_4to1_chunk_12,60,IPC,10.301935251304824,96
sign_test_er0.2__norm_original_radius,matched_er_4to1_chunk_12,60,KR,6.032867560784022,96
sign_test_er0.2__norm_original_radius,matched_er_4to1_chunk_12,60,MC,5.37427660326163,96
sign_test_er0.2__norm_original_radius,matched_er_4to1_chunk_12,60,cosine_similarity,0.030799105763435298,96
sign_test_er0.2__norm_original_radius,matched_er_4to1_chunk_12,60,kl_to_gaussian,0.0,96
sign_test_er0.2__norm_original_radius,matched_er_4to1_chunk_12,60,wt_mean,0.00308221031446005,96
sign_test_er0.2__norm_original_radius,matched_er_4to1_chunk_12,61,GR,13.149709803362688,96
sign_test_er0.2__norm_original_radius,matched_er_4to1_chunk_12,61,IPC,10.732924836060093,96
sign_test_er0.2__norm_original_radius,matched_er_4to1_chunk_12,61,KR,6.588112883269787,96
sign_test_er0.2__norm_original_radius,matched_er_4to1_chunk_12,61,MC,5.522998740275701,96
sign_test_er0.2__norm_original_radius,matched_er_4to1_chunk_12,61,cosine_similarity,0.026637067086994575,96
sign_test_er0.2__norm_original_radius,matched_er_4to1_chunk_12,61,kl_to_gaussian,0.0,96
sign_test_er0.2__norm_original_radius,matched_er_4to1_chunk_12,61,wt_mean,0.003041620308067575,96
sign_test_er0.2__norm_original_radius,matched_er_4to1_chunk_12,62,GR,12.169601902365685,96
sign_test_er0.2__norm_original_radius,matched_er_4to1_chunk_12,62,IPC,10.327568251892153,96
sign_test_er0.2__norm_original_radius,matched_er_4to1_chunk_12,62,KR,6.180210063854854,96
sign_test_er0.2__norm_original_radius,matched_er_4to1_chunk_12,62,MC,5.551544732103745,96
sign_test_er0.2__norm_original_radius,matched_er_4to1_chunk_12,62,cosine_similarity,0.025527192745357724,96
sign_test_er0.2__norm_original_radius,matched_er_4to1_chunk_12,62,kl_to_gaussian,0.0,96
sign_test_er0.2__norm_original_radius,matched_er_4to1_chunk_12,62,wt_mean,0.0031174223404377,96
sign_test_er0.2__norm_original_radius,matched_er_4to1_chunk_12,63,GR,11.7443667948246,96
sign_test_er0.2__norm_original_radius,matched_er_4to1_chunk_12,63,IPC,10.44408284889214,96
sign_test_er0.2__norm_original_radius,matched_er_4to1_chunk_12,63,KR,6.037938751280308,96
sign_test_er0.2__norm_original_radius,matched_er_4to1_chunk_12,63,MC,5.500525549054146,96
sign_test_er0.2__norm_original_radius,matched_er_4to1_chunk_12,63,cosine_similarity,0.02053274028003215,96
sign_test_er0.2__norm_original_radius,matched_er_4to1_chunk_12,63,kl_to_gaussian,0.0,96
sign_test_er0.2__norm_original_radius,matched_er_4to1_chunk_12,63,wt_mean,0.003024178382474875,96
sign_test_er0.2__norm_original_radius,matched_er_4to1_chunk_12,64,GR,10.441655116776625,96
sign_test_er0.2__norm_original_radius,matched_er_4to1_chunk_12,64,IPC,9.62261933924084,96
sign_test_er0.2__norm_original_radius,matched_er_4to1_chunk_12,64,KR,5.367362221082051,96
sign_test_er0.2__norm_original_radius,matched_er_4to1_chunk_12,64,MC,5.04973899324735,96
sign_test_er0.2__norm_original_radius,matched_er_4to1_chunk_12,64,cosine_similarity,0.0277469479478895,96
sign_test_er0.2__norm_original_radius,matched_er_4to1_chunk_12,64,kl_to_gaussian,0.0,96
sign_test_er0.2__norm_original_radius,matched_er_4to1_chunk_12,64,wt_mean,0.002999219927005425,96
sign_test_er0.2__norm_original_radius,matched_er_4to1_chunk_13,65,GR,12.380556675295034,96
sign_test_er0.2__norm_original_radius,matched_er_4to1_chunk_13,65,IPC,10.739946934323912,96
sign_test_er0.2__norm_original_radius,matched_er_4to1_chunk_13,65,KR,6.307323440909386,96
sign_test_er0.2__norm_original_radius,matched_er_4to1_chunk_13,65,MC,5.563270729035139,96
sign_test_er0.2__norm_original_radius,matched_er_4to1_chunk_13,65,cosine_similarity,0.026637067086994603,96
sign_test_er0.2__norm_original_radius,matched_er_4to1_chunk_13,65,kl_to_gaussian,0.0,96
sign_test_er0.2__norm_original_radius,matched_er_4to1_chunk_13,65,wt_mean,0.003111788362730275,96
sign_test_er0.2__norm_original_radius,matched_er_4to1_chunk_13,66,GR,11.28610327343146,96
sign_test_er0.2__norm_original_radius,matched_er_4to1_chunk_13,66,IPC,10.164006603483697,96
sign_test_er0.2__norm_original_radius,matched_er_4to1_chunk_13,66,KR,5.708287564416726,96
sign_test_er0.2__norm_original_radius,matched_er_4to1_chunk_13,66,MC,5.102250716338555,96
sign_test_er0.2__norm_original_radius,matched_er_4to1_chunk_13,66,cosine_similarity,0.025527183897793224,96
sign_test_er0.2__norm_original_radius,matched_er_4to1_chunk_13,66,kl_to_gaussian,0.0,96
sign_test_er0.2__norm_original_radius,matched_er_4to1_chunk_13,66,wt_mean,0.003095840162131875,96
sign_test_er0.2__norm_original_radius,matched_er_4to1_chunk_13,67,GR,11.749696855743727,96
sign_test_er0.2__norm_original_radius,matched_er_4to1_chunk_13,67,IPC,10.043937937747721,96
sign_test_er0.2__norm_original_radius,matched_er_4to1_chunk_13,67,KR,6.013494091729323,96
sign_test_er0.2__norm_original_radius,matched_er_4to1_chunk_13,67,MC,5.294941447675228,96
sign_test_er0.2__norm_original_radius,matched_er_4to1_chunk_13,67,cosine_similarity,0.026637074537575176,96
sign_test_er0.2__norm_original_radius,matched_er_4to1_chunk_13,67,kl_to_gaussian,0.0,96
sign_test_er0.2__norm_original_radius,matched_er_4to1_chunk_13,67,wt_mean,0.003063213080167725,96
sign_test_er0.2__norm_original_radius,matched_er_4to1_chunk_13,68,GR,12.516831981639067,96
sign_test_er0.2__norm_original_radius,matched_er_4to1_chunk_13,68,IPC,10.420817194825945,96
sign_test_er0.2__norm_original_radius,matched_er_4to1_chunk_13,68,KR,6.364564028879006,96
sign_test_er0.2__norm_original_radius,matched_er_4to1_chunk_13,68,MC,5.545585454752048,96
sign_test_er0.2__norm_original_radius,matched_er_4to1_chunk_13,68,cosine_similarity,0.02386237541213625,96
sign_test_er0.2__norm_original_radius,matched_er_4to1_chunk_13,68,kl_to_gaussian,0.0,96
sign_test_er0.2__norm_original_radius,matched_er_4to1_chunk_13,68,wt_mean,0.003086773445829675,96
sign_test_er0.2__norm_original_radius,matched_er_4to1_chunk_13,69,GR,12.450710840523243,96
sign_test_er0.2__norm_original_radius,matched_er_4to1_chunk_13,69,IPC,10.642532086553883,96
sign_test_er0.2__norm_original_radius,matched_er_4to1_chunk_13,69,KR,6.287628362576167,96
sign_test_er0.2__norm_original_radius,matched_er_4to1_chunk_13,69,MC,5.547295318295558,96
sign_test_er0.2__norm_original_radius,matched_er_4to1_chunk_13,69,cosine_similarity,0.022197556216269676,96
sign_test_er0.2__norm_original_radius,matched_er_4to1_chunk_13,69,kl_to_gaussian,0.0,96
sign_test_er0.2__norm_original_radius,matched_er_4to1_chunk_13,69,wt_mean,0.0030538702267221747,96
sign_test_er0.2__norm_original_radius,matched_er_4to1_chunk_14,70,GR,11.125559712449709,96
sign_test_er0.2__norm_original_radius,matched_er_4to1_chunk_14,70,IPC,9.99648873035208,96
sign_test_er0.2__norm_original_radius,matched_er_4to1_chunk_14,70,KR,5.613565889497598,96
sign_test_er0.2__norm_original_radius,matched_er_4to1_chunk_14,70,MC,5.22797200952967,96
sign_test_er0.2__norm_original_radius,matched_er_4to1_chunk_14,70,cosine_similarity,0.018312986008822824,96
sign_test_er0.2__norm_original_radius,matched_er_4to1_chunk_14,70,kl_to_gaussian,0.0,96
sign_test_er0.2__norm_original_radius,matched_er_4to1_chunk_14,70,wt_mean,0.0030562486499547503,96
sign_test_er0.2__norm_original_radius,matched_er_4to1_chunk_14,71,GR,11.540215641260147,96
sign_test_er0.2__norm_original_radius,matched_er_4to1_chunk_14,71,IPC,10.25816177120445,96
sign_test_er0.2__norm_original_radius,matched_er_4to1_chunk_14,71,KR,5.965840270121892,96
sign_test_er0.2__norm_original_radius,matched_er_4to1_chunk_14,71,MC,5.420745915422837,96
sign_test_er0.2__norm_original_radius,matched_er_4to1_chunk_14,71,cosine_similarity,0.01997779775410885,96
sign_test_er0.2__norm_original_radius,matched_er_4to1_chunk_14,71,kl_to_gaussian,0.0,96
sign_test_er0.2__norm_original_radius,matched_er_4to1_chunk_14,71,wt_mean,0.00307902880012985,96
sign_test_er0.2__norm_original_radius,matched_er_4to1_chunk_14,72,GR,11.70645535737276,96
sign_test_er0.2__norm_original_radius,matched_er_4to1_chunk_14,72,IPC,10.277261170767092,96
sign_test_er0.2__norm_original_radius,matched_er_4to1_chunk_14,72,KR,6.063147264222304,96
sign_test_er0.2__norm_original_radius,matched_er_4to1_chunk_14,72,MC,5.536149362723033,96
sign_test_er0.2__norm_original_radius,matched_er_4to1_chunk_14,72,cosine_similarity,0.023584905080497223,96
sign_test_er0.2__norm_original_radius,matched_er_4to1_chunk_14,72,kl_to_gaussian,0.0,96
sign_test_er0.2__norm_original_radius,matched_er_4to1_chunk_14,72,wt_mean,0.0030914039816707004,96
sign_test_er0.2__norm_original_radius,matched_er_4to1_chunk_14,73,GR,10.984865210950375,96
sign_test_er0.2__norm_original_radius,matched_er_4to1_chunk_14,73,IPC,10.70229272001531,96
sign_test_er0.2__norm_original_radius,matched_er_4to1_chunk_14,73,KR,5.733090487619241,96
sign_test_er0.2__norm_original_radius,matched_er_4to1_chunk_14,73,MC,5.674686602006356,96
sign_test_er0.2__norm_original_radius,matched_er_4to1_chunk_14,73,cosine_similarity,0.024972257204353726,96
sign_test_er0.2__norm_original_radius,matched_er_4to1_chunk_14,73,kl_to_gaussian,0.0,96
sign_test_er0.2__norm_original_radius,matched_er_4to1_chunk_14,73,wt_mean,0.0031046428484841748,96
sign_test_er0.2__norm_original_radius,matched_er_4to1_chunk_14,74,GR,12.834365531802177,96
sign_test_er0.2__norm_original_radius,matched_er_4to1_chunk_14,74,IPC,10.637478870829241,96
sign_test_er0.2__norm_original_radius,matched_er_4to1_chunk_14,74,KR,6.251368023455143,96
sign_test_er0.2__norm_original_radius,matched_er_4to1_chunk_14,74,MC,5.429385036230087,96
sign_test_er0.2__norm_original_radius,matched_er_4to1_chunk_14,74,cosine_similarity,0.022475022356957124,96
sign_test_er0.2__norm_original_radius,matched_er_4to1_chunk_14,74,kl_to_gaussian,0.0,96
sign_test_er0.2__norm_original_radius,matched_er_4to1_chunk_14,74,wt_mean,0.0031253806664607747,96
sign_test_er0.2__norm_original_radius,matched_er_4to1_chunk_15,75,GR,11.813891788323721,96
sign_test_er0.2__norm_original_radius,matched_er_4to1_chunk_15,75,IPC,10.745085329199481,96
sign_test_er0.2__norm_original_radius,matched_er_4to1_chunk_15,75,KR,5.963046637674172,96
sign_test_er0.2__norm_original_radius,matched_er_4to1_chunk_15,75,MC,5.657241585354011,96
sign_test_er0.2__norm_original_radius,matched_er_4to1_chunk_15,75,cosine_similarity,0.027192009147256575,96
sign_test_er0.2__norm_original_radius,matched_er_4to1_chunk_15,75,kl_to_gaussian,0.0,96
sign_test_er0.2__norm_original_radius,matched_er_4to1_chunk_15,75,wt_mean,0.003064016986172575,96
sign_test_er0.2__norm_original_radius,matched_er_4to1_chunk_15,76,GR,12.06784932812055,96
sign_test_er0.2__norm_original_radius,matched_er_4to1_chunk_15,76,IPC,10.861198250311666,96
sign_test_er0.2__norm_original_radius,matched_er_4to1_chunk_15,76,KR,6.124379247426987,96
sign_test_er0.2__norm_original_radius,matched_er_4to1_chunk_15,76,MC,5.8127357338865595,96
sign_test_er0.2__norm_original_radius,matched_er_4to1_chunk_15,76,cosine_similarity,0.02524971822276705,96
sign_test_er0.2__norm_original_radius,matched_er_4to1_chunk_15,76,kl_to_gaussian,0.0,96
sign_test_er0.2__norm_original_radius,matched_er_4to1_chunk_15,76,wt_mean,0.0031440861639566004,96
sign_test_er0.2__norm_original_radius,matched_er_4to1_chunk_15,77,GR,10.84404811511437,96
sign_test_er0.2__norm_original_radius,matched_er_4to1_chunk_15,77,IPC,10.5290124177816,96
sign_test_er0.2__norm_original_radius,matched_er_4to1_chunk_15,77,KR,5.669349654267232,96
sign_test_er0.2__norm_original_radius,matched_er_4to1_chunk_15,77,MC,5.557856695105632,96
sign_test_er0.2__norm_original_radius,matched_er_4to1_chunk_15,77,cosine_similarity,0.0185904568061232,96
sign_test_er0.2__norm_original_radius,matched_er_4to1_chunk_15,77,kl_to_gaussian,0.0,96
sign_test_er0.2__norm_original_radius,matched_er_4to1_chunk_15,77,wt_mean,0.00308498856611545,96
sign_test_er0.2__norm_original_radius,matched_er_4to1_chunk_15,78,GR,12.574371131757895,96
sign_test_er0.2__norm_original_radius,matched_er_4to1_chunk_15,78,IPC,10.477478139417965,96
sign_test_er0.2__norm_original_radius,matched_er_4to1_chunk_15,78,KR,6.2971711953481035,96
sign_test_er0.2__norm_original_radius,matched_er_4to1_chunk_15,78,MC,5.607899580150843,96
sign_test_er0.2__norm_original_radius,matched_er_4to1_chunk_15,78,cosine_similarity,0.022475025150924876,96
sign_test_er0.2__norm_original_radius,matched_er_4to1_chunk_15,78,kl_to_gaussian,0.0,96
sign_test_er0.2__norm_original_radius,matched_er_4to1_chunk_15,78,wt_mean,0.0030564302578568003,96
sign_test_er0.2__norm_original_radius,matched_er_4to1_chunk_15,79,GR,11.781863083442053,96
sign_test_er0.2__norm_original_radius,matched_er_4to1_chunk_15,79,IPC,10.611792443777203,96
sign_test_er0.2__norm_original_radius,matched_er_4to1_chunk_15,79,KR,5.945292296508948,96
sign_test_er0.2__norm_original_radius,matched_er_4to1_chunk_15,79,MC,5.485992915928364,96
sign_test_er0.2__norm_original_radius,matched_er_4to1_chunk_15,79,cosine_similarity,0.019700334407389098,96
sign_test_er0.2__norm_original_radius,matched_er_4to1_chunk_15,79,kl_to_gaussian,0.0,96
sign_test_er0.2__norm_original_radius,matched_er_4to1_chunk_15,79,wt_mean,0.003079473157413275,96
sign_test_er0.2__norm_original_radius,matched_er_4to1_chunk_16,80,GR,12.850280111034712,96
sign_test_er0.2__norm_original_radius,matched_er_4to1_chunk_16,80,IPC,9.49691832003961,96
sign_test_er0.2__norm_original_radius,matched_er_4to1_chunk_16,80,KR,6.59143861134847,96
sign_test_er0.2__norm_original_radius,matched_er_4to1_chunk_16,80,MC,5.467817426969607,96
sign_test_er0.2__norm_original_radius,matched_er_4to1_chunk_16,80,cosine_similarity,0.022475026547908724,96
sign_test_er0.2__norm_original_radius,matched_er_4to1_chunk_16,80,kl_to_gaussian,0.0,96
sign_test_er0.2__norm_original_radius,matched_er_4to1_chunk_16,80,wt_mean,0.0031219494412652996,96
sign_test_er0.2__norm_original_radius,matched_er_4to1_chunk_16,81,GR,12.517317526042461,96
sign_test_er0.2__norm_original_radius,matched_er_4to1_chunk_16,81,IPC,8.674098620778294,96
sign_test_er0.2__norm_original_radius,matched_er_4to1_chunk_16,81,KR,6.439001992344856,96
sign_test_er0.2__norm_original_radius,matched_er_4to1_chunk_16,81,MC,4.93915410215656,96
sign_test_er0.2__norm_original_radius,matched_er_4to1_chunk_16,81,cosine_similarity,0.02552719181403515,96
sign_test_er0.2__norm_original_radius,matched_er_4to1_chunk_16,81,kl_to_gaussian,0.0,96
sign_test_er0.2__norm_original_radius,matched_er_4to1_chunk_16,81,wt_mean,0.003097220847848775,96
sign_test_er0.2__norm_original_radius,matched_er_4to1_chunk_16,82,GR,11.545469010869661,96
sign_test_er0.2__norm_original_radius,matched_er_4to1_chunk_16,82,IPC,8.531061757088958,96
sign_test_er0.2__norm_original_radius,matched_er_4to1_chunk_16,82,KR,5.839710536102454,96
sign_test_er0.2__norm_original_radius,matched_er_4to1_chunk_16,82,MC,4.806775009880464,96
sign_test_er0.2__norm_original_radius,matched_er_4to1_chunk_16,82,cosine_similarity,0.021920090075582224,96
sign_test_er0.2__norm_original_radius,matched_er_4to1_chunk_16,82,kl_to_gaussian,0.0,96
sign_test_er0.2__norm_original_radius,matched_er_4to1_chunk_16,82,wt_mean,0.0030431261402554498,96
sign_test_er0.2__norm_original_radius,matched_er_4to1_chunk_16,83,GR,12.226379533608755,96
sign_test_er0.2__norm_original_radius,matched_er_4to1_chunk_16,83,IPC,8.754493660501081,96
sign_test_er0.2__norm_original_radius,matched_er_4to1_chunk_16,83,KR,5.951659766336282,96
sign_test_er0.2__norm_original_radius,matched_er_4to1_chunk_16,83,MC,4.771651434401671,96
sign_test_er0.2__norm_original_radius,matched_er_4to1_chunk_16,83,cosine_similarity,0.0224750284105539,96
sign_test_er0.2__norm_original_radius,matched_er_4to1_chunk_16,83,kl_to_gaussian,0.0,96
sign_test_er0.2__norm_original_radius,matched_er_4to1_chunk_16,83,wt_mean,0.0030981210293248,96
sign_test_er0.2__norm_original_radius,matched_er_4to1_chunk_16,84,GR,11.527797838052114,96
sign_test_er0.2__norm_original_radius,matched_er_4to1_chunk_16,84,IPC,9.0390465489309,96
sign_test_er0.2__norm_original_radius,matched_er_4to1_chunk_16,84,KR,5.814299094180266,96
sign_test_er0.2__norm_original_radius,matched_er_4to1_chunk_16,84,MC,5.01293455188473,96
sign_test_er0.2__norm_original_radius,matched_er_4to1_chunk_16,84,cosine_similarity,0.023307437077164598,96
sign_test_er0.2__norm_original_radius,matched_er_4to1_chunk_16,84,kl_to_gaussian,0.0,96
sign_test_er0.2__norm_original_radius,matched_er_4to1_chunk_16,84,wt_mean,0.0030661040800623,96
sign_test_er0.2__norm_original_radius,matched_er_4to1_chunk_17,85,GR,12.73501226802667,96
sign_test_er0.2__norm_original_radius,matched_er_4to1_chunk_17,85,IPC,8.388032761449434,96
sign_test_er0.2__norm_original_radius,matched_er_4to1_chunk_17,85,KR,6.365012973546982,96
sign_test_er0.2__norm_original_radius,matched_er_4to1_chunk_17,85,MC,4.799396415551503,96
sign_test_er0.2__norm_original_radius,matched_er_4to1_chunk_17,85,cosine_similarity,0.030244173016399076,96
sign_test_er0.2__norm_original_radius,matched_er_4to1_chunk_17,85,kl_to_gaussian,0.0,96
sign_test_er0.2__norm_original_radius,matched_er_4to1_chunk_17,85,wt_mean,0.0030534674879163,96
sign_test_er0.2__norm_original_radius,matched_er_4to1_chunk_17,86,GR,13.175103403627872,96
sign_test_er0.2__norm_original_radius,matched_er_4to1_chunk_17,86,IPC,9.081189369708516,96
sign_test_er0.2__norm_original_radius,matched_er_4to1_chunk_17,86,KR,6.5808636372288065,96
sign_test_er0.2__norm_original_radius,matched_er_4to1_chunk_17,86,MC,5.126727865387996,96
sign_test_er0.2__norm_original_radius,matched_er_4to1_chunk_17,86,cosine_similarity,0.016648166347295,96
sign_test_er0.2__norm_original_radius,matched_er_4to1_chunk_17,86,kl_to_gaussian,0.0,96
sign_test_er0.2__norm_original_radius,matched_er_4to1_chunk_17,86,wt_mean,0.0031515892478637254,96
sign_test_er0.2__norm_original_radius,matched_er_4to1_chunk_17,87,GR,13.255361092587313,96
sign_test_er0.2__norm_original_radius,matched_er_4to1_chunk_17,87,IPC,8.594497372883902,96
sign_test_er0.2__norm_original_radius,matched_er_4to1_chunk_17,87,KR,6.634902204076449,96
sign_test_er0.2__norm_original_radius,matched_er_4to1_chunk_17,87,MC,4.795300097515185,96
sign_test_er0.2__norm_original_radius,matched_er_4to1_chunk_17,87,cosine_similarity,0.02719200588762755,96
sign_test_er0.2__norm_original_radius,matched_er_4to1_chunk_17,87,kl_to_gaussian,0.0,96
sign_test_er0.2__norm_original_radius,matched_er_4to1_chunk_17,87,wt_mean,0.0030636335141025,96
sign_test_er0.2__norm_original_radius,matched_er_4to1_chunk_17,88,GR,13.05869635939598,96
sign_test_er0.2__norm_original_radius,matched_er_4to1_chunk_17,88,IPC,8.482672304156667,96
sign_test_er0.2__norm_original_radius,matched_er_4to1_chunk_17,88,KR,6.331303512056668,96
sign_test_er0.2__norm_original_radius,matched_er_4to1_chunk_17,88,MC,4.750337007765968,96
sign_test_er0.2__norm_original_radius,matched_er_4to1_chunk_17,88,cosine_similarity,0.031354048289358574,96
sign_test_er0.2__norm_original_radius,matched_er_4to1_chunk_17,88,kl_to_gaussian,0.0,96
sign_test_er0.2__norm_original_radius,matched_er_4to1_chunk_17,88,wt_mean,0.0031274133361875248,96
sign_test_er0.2__norm_original_radius,matched_er_4to1_chunk_17,89,GR,12.221365933616957,96
sign_test_er0.2__norm_original_radius,matched_er_4to1_chunk_17,89,IPC,8.838985488638853,96
sign_test_er0.2__norm_original_radius,matched_er_4to1_chunk_17,89,KR,6.206903333465259,96
sign_test_er0.2__norm_original_radius,matched_er_4to1_chunk_17,89,MC,5.042275900642077,96
sign_test_er0.2__norm_original_radius,matched_er_4to1_chunk_17,89,cosine_similarity,0.024972255341708622,96
sign_test_er0.2__norm_original_radius,matched_er_4to1_chunk_17,89,kl_to_gaussian,0.0,96
sign_test_er0.2__norm_original_radius,matched_er_4to1_chunk_17,89,wt_mean,0.0030797199578955496,96
sign_test_er0.2__norm_original_radius,matched_er_4to1_chunk_18,90,GR,12.828080102801323,96
sign_test_er0.2__norm_original_radius,matched_er_4to1_chunk_18,90,IPC,9.518993190138028,96
sign_test_er0.2__norm_original_radius,matched_er_4to1_chunk_18,90,KR,6.43229607741038,96
sign_test_er0.2__norm_original_radius,matched_er_4to1_chunk_18,90,MC,5.13953360170126,96
sign_test_er0.2__norm_original_radius,matched_er_4to1_chunk_18,90,cosine_similarity,0.024694780353456697,96
sign_test_er0.2__norm_original_radius,matched_er_4to1_chunk_18,90,kl_to_gaussian,0.0,96
sign_test_er0.2__norm_original_radius,matched_er_4to1_chunk_18,90,wt_mean,0.0030522590386681,96
sign_test_er0.2__norm_original_radius,matched_er_4to1_chunk_18,91,GR,12.282719338933626,96
sign_test_er0.2__norm_original_radius,matched_er_4to1_chunk_18,91,IPC,8.881841252054786,96
sign_test_er0.2__norm_original_radius,matched_er_4to1_chunk_18,91,KR,6.366067908704281,96
sign_test_er0.2__norm_original_radius,matched_er_4to1_chunk_18,91,MC,4.803464133292437,96
sign_test_er0.2__norm_original_radius,matched_er_4to1_chunk_18,91,cosine_similarity,0.023029969073831976,96
sign_test_er0.2__norm_original_radius,matched_er_4to1_chunk_18,91,kl_to_gaussian,0.0,96
sign_test_er0.2__norm_original_radius,matched_er_4to1_chunk_18,91,wt_mean,0.00306053692474955,96
sign_test_er0.2__norm_original_radius,matched_er_4to1_chunk_18,92,GR,11.67888737966617,96
sign_test_er0.2__norm_original_radius,matched_er_4to1_chunk_18,92,IPC,9.229484623534889,96
sign_test_er0.2__norm_original_radius,matched_er_4to1_chunk_18,92,KR,6.153333547214667,96
sign_test_er0.2__norm_original_radius,matched_er_4to1_chunk_18,92,MC,5.1736897838612395,96
sign_test_er0.2__norm_original_radius,matched_er_4to1_chunk_18,92,cosine_similarity,0.026359605602920024,96
sign_test_er0.2__norm_original_radius,matched_er_4to1_chunk_18,92,kl_to_gaussian,0.0,96
sign_test_er0.2__norm_original_radius,matched_er_4to1_chunk_18,92,wt_mean,0.0030523636960424,96
sign_test_er0.2__norm_original_radius,matched_er_4to1_chunk_18,93,GR,11.214612193405628,96
sign_test_er0.2__norm_original_radius,matched_er_4to1_chunk_18,93,IPC,9.025869134949545,96
sign_test_er0.2__norm_original_radius,matched_er_4to1_chunk_18,93,KR,5.762361278136571,96
sign_test_er0.2__norm_original_radius,matched_er_4to1_chunk_18,93,MC,5.165551949292421,96
sign_test_er0.2__norm_original_radius,matched_er_4to1_chunk_18,93,cosine_similarity,0.024972251150757,96
sign_test_er0.2__norm_original_radius,matched_er_4to1_chunk_18,93,kl_to_gaussian,0.0,96
sign_test_er0.2__norm_original_radius,matched_er_4to1_chunk_18,93,wt_mean,0.003084639611188275,96
sign_test_er0.2__norm_original_radius,matched_er_4to1_chunk_18,94,GR,11.694610891242823,96
sign_test_er0.2__norm_original_radius,matched_er_4to1_chunk_18,94,IPC,9.015950787437218,96
sign_test_er0.2__norm_original_radius,matched_er_4to1_chunk_18,94,KR,5.921498772998651,96
sign_test_er0.2__norm_original_radius,matched_er_4to1_chunk_18,94,MC,5.003509948650996,96
sign_test_er0.2__norm_original_radius,matched_er_4to1_chunk_18,94,cosine_similarity,0.024417317006736976,96
sign_test_er0.2__norm_original_radius,matched_er_4to1_chunk_18,94,kl_to_gaussian,0.0,96
sign_test_er0.2__norm_original_radius,matched_er_4to1_chunk_18,94,wt_mean,0.0031341972062363752,96
sign_test_er0.2__norm_original_radius,matched_er_4to1_chunk_19,95,GR,11.605898182839155,96
sign_test_er0.2__norm_original_radius,matched_er_4to1_chunk_19,95,IPC,8.567993181364495,96
sign_test_er0.2__norm_original_radius,matched_er_4to1_chunk_19,95,KR,5.825572115679582,96
sign_test_er0.2__norm_original_radius,matched_er_4to1_chunk_19,95,MC,4.84815010925134,96
sign_test_er0.2__norm_original_radius,matched_er_4to1_chunk_19,95,cosine_similarity,0.02413984900340435,96
sign_test_er0.2__norm_original_radius,matched_er_4to1_chunk_19,95,kl_to_gaussian,0.0,96
sign_test_er0.2__norm_original_radius,matched_er_4to1_chunk_19,95,wt_mean,0.0031099750194698,96
sign_test_er0.2__norm_original_radius,matched_er_4to1_chunk_19,96,GR,13.67465432236592,96
sign_test_er0.2__norm_original_radius,matched_er_4to1_chunk_19,96,IPC,9.157342403697994,96
sign_test_er0.2__norm_original_radius,matched_er_4to1_chunk_19,96,KR,6.712215917805831,96
sign_test_er0.2__norm_original_radius,matched_er_4to1_chunk_19,96,MC,5.02425850306948,96
sign_test_er0.2__norm_original_radius,matched_er_4to1_chunk_19,96,cosine_similarity,0.022197562269866425,96
sign_test_er0.2__norm_original_radius,matched_er_4to1_chunk_19,96,kl_to_gaussian,0.0,96
sign_test_er0.2__norm_original_radius,matched_er_4to1_chunk_19,96,wt_mean,0.00311521854018785,96
sign_test_er0.2__norm_original_radius,matched_er_4to1_chunk_19,97,GR,12.875105294088522,96
sign_test_er0.2__norm_original_radius,matched_er_4to1_chunk_19,97,IPC,8.85885502581184,96
sign_test_er0.2__norm_original_radius,matched_er_4to1_chunk_19,97,KR,6.564500826100509,96
sign_test_er0.2__norm_original_radius,matched_er_4to1_chunk_19,97,MC,4.9905830683807535,96
sign_test_er0.2__norm_original_radius,matched_er_4to1_chunk_19,97,cosine_similarity,0.023584903217852074,96
sign_test_er0.2__norm_original_radius,matched_er_4to1_chunk_19,97,kl_to_gaussian,0.0,96
sign_test_er0.2__norm_original_radius,matched_er_4to1_chunk_19,97,wt_mean,0.0030841922271065253,96
sign_test_er0.2__norm_original_radius,matched_er_4to1_chunk_19,98,GR,12.145235357185205,96
sign_test_er0.2__norm_original_radius,matched_er_4to1_chunk_19,98,IPC,9.209571256179293,96
sign_test_er0.2__norm_original_radius,matched_er_4to1_chunk_19,98,KR,6.074969358742237,96
sign_test_er0.2__norm_original_radius,matched_er_4to1_chunk_19,98,MC,5.049272662649552,96
sign_test_er0.2__norm_original_radius,matched_er_4to1_chunk_19,98,cosine_similarity,0.026914539281278824,96
sign_test_er0.2__norm_original_radius,matched_er_4to1_chunk_19,98,kl_to_gaussian,0.0,96
sign_test_er0.2__norm_original_radius,matched_er_4to1_chunk_19,98,wt_mean,0.003101674548815925,96
sign_test_er0.2__norm_original_radius,matched_er_4to1_chunk_19,99,GR,12.00368125985066,96
sign_test_er0.2__norm_original_radius,matched_er_4to1_chunk_19,99,IPC,9.087092037676923,96
sign_test_er0.2__norm_original_radius,matched_er_4to1_chunk_19,99,KR,6.315101698040962,96
sign_test_er0.2__norm_original_radius,matched_er_4to1_chunk_19,99,MC,5.259775597602129,96
sign_test_er0.2__norm_original_radius,matched_er_4to1_chunk_19,99,cosine_similarity,0.02774694329127665,96
sign_test_er0.2__norm_original_radius,matched_er_4to1_chunk_19,99,kl_to_gaussian,0.0,96
sign_test_er0.2__norm_original_radius,matched_er_4to1_chunk_19,99,wt_mean,0.003087181190494375,96
sign_test_er0.2__norm_original_radius,matched_er_4to1_chunk_2,10,GR,12.036140342553457,96
sign_test_er0.2__norm_original_radius,matched_er_4to1_chunk_2,10,IPC,9.953794407956964,96
sign_test_er0.2__norm_original_radius,matched_er_4to1_chunk_2,10,KR,6.147560089826584,96
sign_test_er0.2__norm_original_radius,matched_er_4to1_chunk_2,10,MC,5.252974753578504,96
sign_test_er0.2__norm_original_radius,matched_er_4to1_chunk_2,10,cosine_similarity,0.024417310487478926,96
sign_test_er0.2__norm_original_radius,matched_er_4to1_chunk_2,10,kl_to_gaussian,0.0,96
sign_test_er0.2__norm_original_radius,matched_er_4to1_chunk_2,10,wt_mean,0.00308355252491305,96
sign_test_er0.2__norm_original_radius,matched_er_4to1_chunk_2,11,GR,11.89036681999763,96
sign_test_er0.2__norm_original_radius,matched_er_4to1_chunk_2,11,IPC,10.645970477487646,96
sign_test_er0.2__norm_original_radius,matched_er_4to1_chunk_2,11,KR,6.259053918222587,96
sign_test_er0.2__norm_original_radius,matched_er_4to1_chunk_2,11,MC,5.616396850595872,96
sign_test_er0.2__norm_original_radius,matched_er_4to1_chunk_2,11,cosine_similarity,0.024139844346791475,96
sign_test_er0.2__norm_original_radius,matched_er_4to1_chunk_2,11,kl_to_gaussian,0.0,96
sign_test_er0.2__norm_original_radius,matched_er_4to1_chunk_2,11,wt_mean,0.003026622754987275,96
sign_test_er0.2__norm_original_radius,matched_er_4to1_chunk_2,12,GR,13.721370647350946,96
sign_test_er0.2__norm_original_radius,matched_er_4to1_chunk_2,12,IPC,10.177296906622654,96
sign_test_er0.2__norm_original_radius,matched_er_4to1_chunk_2,12,KR,6.703854503730933,96
sign_test_er0.2__norm_original_radius,matched_er_4to1_chunk_2,12,MC,5.363460645079613,96
sign_test_er0.2__norm_original_radius,matched_er_4to1_chunk_2,12,cosine_similarity,0.025527189020067426,96
sign_test_er0.2__norm_original_radius,matched_er_4to1_chunk_2,12,kl_to_gaussian,0.0,96
sign_test_er0.2__norm_original_radius,matched_er_4to1_chunk_2,12,wt_mean,0.003066768927965275,96
sign_test_er0.2__norm_original_radius,matched_er_4to1_chunk_2,13,GR,12.10078095893065,96
sign_test_er0.2__norm_original_radius,matched_er_4to1_chunk_2,13,IPC,10.061200924636692,96
sign_test_er0.2__norm_original_radius,matched_er_4to1_chunk_2,13,KR,6.123897929986318,96
sign_test_er0.2__norm_original_radius,matched_er_4to1_chunk_2,13,MC,5.404699843376875,96
sign_test_er0.2__norm_original_radius,matched_er_4to1_chunk_2,13,cosine_similarity,0.0238623777404427,96
sign_test_er0.2__norm_original_radius,matched_er_4to1_chunk_2,13,kl_to_gaussian,0.0,96
sign_test_er0.2__norm_original_radius,matched_er_4to1_chunk_2,13,wt_mean,0.00312617124291135,96
sign_test_er0.2__norm_original_radius,matched_er_4to1_chunk_2,14,GR,11.896051697432995,96
sign_test_er0.2__norm_original_radius,matched_er_4to1_chunk_2,14,IPC,10.448930844075333,96
sign_test_er0.2__norm_original_radius,matched_er_4to1_chunk_2,14,KR,6.067747111121814,96
sign_test_er0.2__norm_original_radius,matched_er_4to1_chunk_2,14,MC,5.617961338410775,96
sign_test_er0.2__norm_original_radius,matched_er_4to1_chunk_2,14,cosine_similarity,0.025804657954722626,96
sign_test_er0.2__norm_original_radius,matched_er_4to1_chunk_2,14,kl_to_gaussian,0.0,96
sign_test_er0.2__norm_original_radius,matched_er_4to1_chunk_2,14,wt_mean,0.003113442158792125,96
sign_test_er0.2__norm_original_radius,matched_er_4to1_chunk_3,15,GR,10.782310528059801,96
sign_test_er0.2__norm_original_radius,matched_er_4to1_chunk_3,15,IPC,10.334495995290458,96
sign_test_er0.2__norm_original_radius,matched_er_4to1_chunk_3,15,KR,5.539728946983814,96
sign_test_er0.2__norm_original_radius,matched_er_4to1_chunk_3,15,MC,5.441399181882541,96
sign_test_er0.2__norm_original_radius,matched_er_4to1_chunk_3,15,cosine_similarity,0.0255271927453577,96
sign_test_er0.2__norm_original_radius,matched_er_4to1_chunk_3,15,kl_to_gaussian,0.0,96
sign_test_er0.2__norm_original_radius,matched_er_4to1_chunk_3,15,wt_mean,0.0030474081286228755,96
sign_test_er0.2__norm_original_radius,matched_er_4to1_chunk_3,16,GR,13.16331465790669,96
sign_test_er0.2__norm_original_radius,matched_er_4to1_chunk_3,16,IPC,10.55840631286473,96
sign_test_er0.2__norm_original_radius,matched_er_4to1_chunk_3,16,KR,6.571413526932399,96
sign_test_er0.2__norm_original_radius,matched_er_4to1_chunk_3,16,MC,5.550786214570205,96
sign_test_er0.2__norm_original_radius,matched_er_4to1_chunk_3,16,cosine_similarity,0.02081021107733245,96
sign_test_er0.2__norm_original_radius,matched_er_4to1_chunk_3,16,kl_to_gaussian,0.0,96
sign_test_er0.2__norm_original_radius,matched_er_4to1_chunk_3,16,wt_mean,0.00308316247537725,96
sign_test_er0.2__norm_original_radius,matched_er_4to1_chunk_3,17,GR,11.417268231511116,96
sign_test_er0.2__norm_original_radius,matched_er_4to1_chunk_3,17,IPC,9.781787609718053,96
sign_test_er0.2__norm_original_radius,matched_er_4to1_chunk_3,17,KR,5.758803377548854,96
sign_test_er0.2__norm_original_radius,matched_er_4to1_chunk_3,17,MC,5.16389013081789,96
sign_test_er0.2__norm_original_radius,matched_er_4to1_chunk_3,17,cosine_similarity,0.021642612293362548,96
sign_test_er0.2__norm_original_radius,matched_er_4to1_chunk_3,17,kl_to_gaussian,0.0,96
sign_test_er0.2__norm_original_radius,matched_er_4to1_chunk_3,17,wt_mean,0.0030743687530047754,96
sign_test_er0.2__norm_original_radius,matched_er_4to1_chunk_3,18,GR,13.403405574460825,96
sign_test_er0.2__norm_original_radius,matched_er_4to1_chunk_3,18,IPC,11.170120589989414,96
sign_test_er0.2__norm_original_radius,matched_er_4to1_chunk_3,18,KR,6.785100032885869,96
sign_test_er0.2__norm_original_radius,matched_er_4to1_chunk_3,18,MC,5.8078100855151815,96
sign_test_er0.2__norm_original_radius,matched_er_4to1_chunk_3,18,cosine_similarity,0.0258046630769968,96
sign_test_er0.2__norm_original_radius,matched_er_4to1_chunk_3,18,kl_to_gaussian,0.0,96
sign_test_er0.2__norm_original_radius,matched_er_4to1_chunk_3,18,wt_mean,0.00314039393560955,96
sign_test_er0.2__norm_original_radius,matched_er_4to1_chunk_3,19,GR,12.206209771335125,96
sign_test_er0.2__norm_original_radius,matched_er_4to1_chunk_3,19,IPC,10.407280371124834,96
sign_test_er0.2__norm_original_radius,matched_er_4to1_chunk_3,19,KR,6.198772522310416,96
sign_test_er0.2__norm_original_radius,matched_er_4to1_chunk_3,19,MC,5.432449658711751,96
sign_test_er0.2__norm_original_radius,matched_er_4to1_chunk_3,19,cosine_similarity,0.019145398400723924,96
sign_test_er0.2__norm_original_radius,matched_er_4to1_chunk_3,19,kl_to_gaussian,0.0,96
sign_test_er0.2__norm_original_radius,matched_er_4to1_chunk_3,19,wt_mean,0.003120005654636725,96
sign_test_er0.2__norm_original_radius,matched_er_4to1_chunk_4,20,GR,11.272383650143942,96
sign_test_er0.2__norm_original_radius,matched_er_4to1_chunk_4,20,IPC,10.485858000302112,96
sign_test_er0.2__norm_original_radius,matched_er_4to1_chunk_4,20,KR,5.656803293774526,96
sign_test_er0.2__norm_original_radius,matched_er_4to1_chunk_4,20,MC,5.430003993213177,96
sign_test_er0.2__norm_original_radius,matched_er_4to1_chunk_4,20,cosine_similarity,0.025804661680012924,96
sign_test_er0.2__norm_original_radius,matched_er_4to1_chunk_4,20,kl_to_gaussian,0.0,96
sign_test_er0.2__norm_original_radius,matched_er_4to1_chunk_4,20,wt_mean,0.003037143964320375,96
sign_test_er0.2__norm_original_radius,matched_er_4to1_chunk_4,21,GR,12.279602835575739,96
sign_test_er0.2__norm_original_radius,matched_er_4to1_chunk_4,21,IPC,10.196364151356445,96
sign_test_er0.2__norm_original_radius,matched_er_4to1_chunk_4,21,KR,6.176023095846176,96
sign_test_er0.2__norm_original_radius,matched_er_4to1_chunk_4,21,MC,5.292097073048353,96
sign_test_er0.2__norm_original_radius,matched_er_4to1_chunk_4,21,cosine_similarity,0.0246947868727147,96
sign_test_er0.2__norm_original_radius,matched_er_4to1_chunk_4,21,kl_to_gaussian,0.0,96
sign_test_er0.2__norm_original_radius,matched_er_4to1_chunk_4,21,wt_mean,0.00314018485369155,96
sign_test_er0.2__norm_original_radius,matched_er_4to1_chunk_4,22,GR,11.441037443776926,96
sign_test_er0.2__norm_original_radius,matched_er_4to1_chunk_4,22,IPC,10.24419013308305,96
sign_test_er0.2__norm_original_radius,matched_er_4to1_chunk_4,22,KR,5.832091850539048,96
sign_test_er0.2__norm_original_radius,matched_er_4to1_chunk_4,22,MC,5.200049784034491,96
sign_test_er0.2__norm_original_radius,matched_er_4to1_chunk_4,22,cosine_similarity,0.02164262160658835,96
sign_test_er0.2__norm_original_radius,matched_er_4to1_chunk_4,22,kl_to_gaussian,0.0,96
sign_test_er0.2__norm_original_radius,matched_er_4to1_chunk_4,22,wt_mean,0.003021830692887275,96
sign_test_er0.2__norm_original_radius,matched_er_4to1_chunk_4,23,GR,12.672180307408174,96
sign_test_er0.2__norm_original_radius,matched_er_4to1_chunk_4,23,IPC,11.331442378743828,96
sign_test_er0.2__norm_original_radius,matched_er_4to1_chunk_4,23,KR,6.522687611480554,96
sign_test_er0.2__norm_original_radius,matched_er_4to1_chunk_4,23,MC,5.880225567768018,96
sign_test_er0.2__norm_original_radius,matched_er_4to1_chunk_4,23,cosine_similarity,0.018312984146177675,96
sign_test_er0.2__norm_original_radius,matched_er_4to1_chunk_4,23,kl_to_gaussian,0.0,96
sign_test_er0.2__norm_original_radius,matched_er_4to1_chunk_4,23,wt_mean,0.0031541059724986,96
sign_test_er0.2__norm_original_radius,matched_er_4to1_chunk_4,24,GR,12.298866177598635,96
sign_test_er0.2__norm_original_radius,matched_er_4to1_chunk_4,24,IPC,10.261154054251419,96
sign_test_er0.2__norm_original_radius,matched_er_4to1_chunk_4,24,KR,6.2609974419077234,96
sign_test_er0.2__norm_original_radius,matched_er_4to1_chunk_4,24,MC,5.381677754223347,96
sign_test_er0.2__norm_original_radius,matched_er_4to1_chunk_4,24,cosine_similarity,0.023584905080497223,96
sign_test_er0.2__norm_original_radius,matched_er_4to1_chunk_4,24,kl_to_gaussian,0.0,96
sign_test_er0.2__norm_original_radius,matched_er_4to1_chunk_4,24,wt_mean,0.003092917904723375,96
sign_test_er0.2__norm_original_radius,matched_er_4to1_chunk_5,25,GR,11.678741820156574,96
sign_test_er0.2__norm_original_radius,matched_er_4to1_chunk_5,25,IPC,10.467367956406537,96
sign_test_er0.2__norm_original_radius,matched_er_4to1_chunk_5,25,KR,5.879950433969498,96
sign_test_er0.2__norm_original_radius,matched_er_4to1_chunk_5,25,MC,5.387445228795211,96
sign_test_er0.2__norm_original_radius,matched_er_4to1_chunk_5,25,cosine_similarity,0.027192009147256575,96
sign_test_er0.2__norm_original_radius,matched_er_4to1_chunk_5,25,kl_to_gaussian,0.0,96
sign_test_er0.2__norm_original_radius,matched_er_4to1_chunk_5,25,wt_mean,0.0030389767489395754,96
sign_test_er0.2__norm_original_radius,matched_er_4to1_chunk_5,26,GR,12.223381270964941,96
sign_test_er0.2__norm_original_radius,matched_er_4to1_chunk_5,26,IPC,10.200097118636048,96
sign_test_er0.2__norm_original_radius,matched_er_4to1_chunk_5,26,KR,6.298476437727611,96
sign_test_er0.2__norm_original_radius,matched_er_4to1_chunk_5,26,MC,5.350458865364392,96
sign_test_er0.2__norm_original_radius,matched_er_4to1_chunk_5,26,cosine_similarity,0.023862373549491098,96
sign_test_er0.2__norm_original_radius,matched_er_4to1_chunk_5,26,kl_to_gaussian,0.0,96
sign_test_er0.2__norm_original_radius,matched_er_4to1_chunk_5,26,wt_mean,0.0030328212305903,96
sign_test_er0.2__norm_original_radius,matched_er_4to1_chunk_5,27,GR,11.821900005141893,96
sign_test_er0.2__norm_original_radius,matched_er_4to1_chunk_5,27,IPC,10.176921053841756,96
sign_test_er0.2__norm_original_radius,matched_er_4to1_chunk_5,27,KR,5.87510318805774,96
sign_test_er0.2__norm_original_radius,matched_er_4to1_chunk_5,27,MC,5.156520187854767,96
sign_test_er0.2__norm_original_radius,matched_er_4to1_chunk_5,27,cosine_similarity,0.024417312350124076,96
sign_test_er0.2__norm_original_radius,matched_er_4to1_chunk_5,27,kl_to_gaussian,0.0,96
sign_test_er0.2__norm_original_radius,matched_er_4to1_chunk_5,27,wt_mean,0.0030428461614064248,96
sign_test_er0.2__norm_original_radius,matched_er_4to1_chunk_5,28,GR,11.719144945343336,96
sign_test_er0.2__norm_original_radius,matched_er_4to1_chunk_5,28,IPC,10.625086053547049,96
sign_test_er0.2__norm_original_radius,matched_er_4to1_chunk_5,28,KR,5.846440941095352,96
sign_test_er0.2__norm_original_radius,matched_er_4to1_chunk_5,28,MC,5.441135336955388,96
sign_test_er0.2__norm_original_radius,matched_er_4to1_chunk_5,28,cosine_similarity,0.029689241200685477,96
sign_test_er0.2__norm_original_radius,matched_er_4to1_chunk_5,28,kl_to_gaussian,0.0,96
sign_test_er0.2__norm_original_radius,matched_er_4to1_chunk_5,28,wt_mean,0.0031209158478304254,96
sign_test_er0.2__norm_original_radius,matched_er_4to1_chunk_5,29,GR,12.764756533006826,96
sign_test_er0.2__norm_original_radius,matched_er_4to1_chunk_5,29,IPC,10.351322590247095,96
sign_test_er0.2__norm_original_radius,matched_er_4to1_chunk_5,29,KR,6.3063696175813675,96
sign_test_er0.2__norm_original_radius,matched_er_4to1_chunk_5,29,MC,5.4506524701913195,96
sign_test_er0.2__norm_original_radius,matched_er_4to1_chunk_5,29,cosine_similarity,0.028579356614500253,96
sign_test_er0.2__norm_original_radius,matched_er_4to1_chunk_5,29,kl_to_gaussian,0.0,96
sign_test_er0.2__norm_original_radius,matched_er_4to1_chunk_5,29,wt_mean,0.0031344445305875753,96
sign_test_er0.2__norm_original_radius,matched_er_4to1_chunk_6,30,GR,12.219372846186161,96
sign_test_er0.2__norm_original_radius,matched_er_4to1_chunk_6,30,IPC,10.707006979520669,96
sign_test_er0.2__norm_original_radius,matched_er_4to1_chunk_6,30,KR,6.206971933444341,96
sign_test_er0.2__norm_original_radius,matched_er_4to1_chunk_6,30,MC,5.480368170887232,96
sign_test_er0.2__norm_original_radius,matched_er_4to1_chunk_6,30,cosine_similarity,0.020810206886380852,96
sign_test_er0.2__norm_original_radius,matched_er_4to1_chunk_6,30,kl_to_gaussian,0.0,96
sign_test_er0.2__norm_original_radius,matched_er_4to1_chunk_6,30,wt_mean,0.0030696622561663003,96
sign_test_er0.2__norm_original_radius,matched_er_4to1_chunk_6,31,GR,11.288917362689972,96
sign_test_er0.2__norm_original_radius,matched_er_4to1_chunk_6,31,IPC,10.709640948995363,96
sign_test_er0.2__norm_original_radius,matched_er_4to1_chunk_6,31,KR,5.751240114370982,96
sign_test_er0.2__norm_original_radius,matched_er_4to1_chunk_6,31,MC,5.7276547104120255,96
sign_test_er0.2__norm_original_radius,matched_er_4to1_chunk_6,31,cosine_similarity,0.021920085418969375,96
sign_test_er0.2__norm_original_radius,matched_er_4to1_chunk_6,31,kl_to_gaussian,0.0,96
sign_test_er0.2__norm_original_radius,matched_er_4to1_chunk_6,31,wt_mean,0.003076172375585825,96
sign_test_er0.2__norm_original_radius,matched_er_4to1_chunk_6,32,GR,11.910178850094477,96
sign_test_er0.2__norm_original_radius,matched_er_4to1_chunk_6,32,IPC,10.820368617711607,96
sign_test_er0.2__norm_original_radius,matched_er_4to1_chunk_6,32,KR,6.193546883761883,96
sign_test_er0.2__norm_original_radius,matched_er_4to1_chunk_6,32,MC,5.781017142037551,96
sign_test_er0.2__norm_original_radius,matched_er_4to1_chunk_6,32,cosine_similarity,0.023307443596422627,96
sign_test_er0.2__norm_original_radius,matched_er_4to1_chunk_6,32,kl_to_gaussian,0.0,96
sign_test_er0.2__norm_original_radius,matched_er_4to1_chunk_6,32,wt_mean,0.003179128398187425,96
sign_test_er0.2__norm_original_radius,matched_er_4to1_chunk_6,33,GR,11.925667941570282,96
sign_test_er0.2__norm_original_radius,matched_er_4to1_chunk_6,33,IPC,10.542912190262472,96
sign_test_er0.2__norm_original_radius,matched_er_4to1_chunk_6,33,KR,6.0383939643700915,96
sign_test_er0.2__norm_original_radius,matched_er_4to1_chunk_6,33,MC,5.589320028821628,96
sign_test_er0.2__norm_original_radius,matched_er_4to1_chunk_6,33,cosine_similarity,0.027469474356621424,96
sign_test_er0.2__norm_original_radius,matched_er_4to1_chunk_6,33,kl_to_gaussian,0.0,96
sign_test_er0.2__norm_original_radius,matched_er_4to1_chunk_6,33,wt_mean,0.003096603322774125,96
sign_test_er0.2__norm_original_radius,matched_er_4to1_chunk_6,34,GR,12.934010416269302,96
sign_test_er0.2__norm_original_radius,matched_er_4to1_chunk_6,34,IPC,10.724601713381887,96
sign_test_er0.2__norm_original_radius,matched_er_4to1_chunk_6,34,KR,6.46929120272398,96
sign_test_er0.2__norm_original_radius,matched_er_4to1_chunk_6,34,MC,5.646026750405629,96
sign_test_er0.2__norm_original_radius,matched_er_4to1_chunk_6,34,cosine_similarity,0.029134302400052502,96
sign_test_er0.2__norm_original_radius,matched_er_4to1_chunk_6,34,kl_to_gaussian,0.0,96
sign_test_er0.2__norm_original_radius,matched_er_4to1_chunk_6,34,wt_mean,0.003099633846431925,96
sign_test_er0.2__norm_original_radius,matched_er_4to1_chunk_7,35,GR,11.205849215388298,96
sign_test_er0.2__norm_original_radius,matched_er_4to1_chunk_7,35,IPC,10.173762144144508,96
sign_test_er0.2__norm_original_radius,matched_er_4to1_chunk_7,35,KR,5.639390243838231,96
sign_test_er0.2__norm_original_radius,matched_er_4to1_chunk_7,35,MC,5.248542297631502,96
sign_test_er0.2__norm_original_radius,matched_er_4to1_chunk_7,35,cosine_similarity,0.018590449821203902,96
sign_test_er0.2__norm_original_radius,matched_er_4to1_chunk_7,35,kl_to_gaussian,0.0,96
sign_test_er0.2__norm_original_radius,matched_er_4to1_chunk_7,35,wt_mean,0.003104555828031075,96
sign_test_er0.2__norm_original_radius,matched_er_4to1_chunk_7,36,GR,12.908085606992245,96
sign_test_er0.2__norm_original_radius,matched_er_4to1_chunk_7,36,IPC,10.083109277095875,96
sign_test_er0.2__norm_original_radius,matched_er_4to1_chunk_7,36,KR,6.4631480152408285,96
sign_test_er0.2__norm_original_radius,matched_er_4to1_chunk_7,36,MC,5.49116609369715,96
sign_test_er0.2__norm_original_radius,matched_er_4to1_chunk_7,36,cosine_similarity,0.0266370703466236,96
sign_test_er0.2__norm_original_radius,matched_er_4to1_chunk_7,36,kl_to_gaussian,0.0,96
sign_test_er0.2__norm_original_radius,matched_er_4to1_chunk_7,36,wt_mean,0.003101808135397675,96
sign_test_er0.2__norm_original_radius,matched_er_4to1_chunk_7,37,GR,12.033884855608145,96
sign_test_er0.2__norm_original_radius,matched_er_4to1_chunk_7,37,IPC,10.869037071182822,96
sign_test_er0.2__norm_original_radius,matched_er_4to1_chunk_7,37,KR,6.148108857373397,96
sign_test_er0.2__norm_original_radius,matched_er_4to1_chunk_7,37,MC,5.627033048619826,96
sign_test_er0.2__norm_original_radius,matched_er_4to1_chunk_7,37,cosine_similarity,0.02996670594438905,96
sign_test_er0.2__norm_original_radius,matched_er_4to1_chunk_7,37,kl_to_gaussian,0.0,96
sign_test_er0.2__norm_original_radius,matched_er_4to1_chunk_7,37,wt_mean,0.0031202398240565503,96
sign_test_er0.2__norm_original_radius,matched_er_4to1_chunk_7,38,GR,11.349782874186834,96
sign_test_er0.2__norm_original_radius,matched_er_4to1_chunk_7,38,IPC,10.165277916508803,96
sign_test_er0.2__norm_original_radius,matched_er_4to1_chunk_7,38,KR,5.900287573536237,96
sign_test_er0.2__norm_original_radius,matched_er_4to1_chunk_7,38,MC,5.327988617122173,96
sign_test_er0.2__norm_original_radius,matched_er_4to1_chunk_7,38,cosine_similarity,0.023029966279864252,96
sign_test_er0.2__norm_original_radius,matched_er_4to1_chunk_7,38,kl_to_gaussian,0.0,96
sign_test_er0.2__norm_original_radius,matched_er_4to1_chunk_7,38,wt_mean,0.0029888661229051003,96
sign_test_er0.2__norm_original_radius,matched_er_4to1_chunk_7,39,GR,11.625322572886944,96
sign_test_er0.2__norm_original_radius,matched_er_4to1_chunk_7,39,IPC,10.158962011684208,96
sign_test_er0.2__norm_original_radius,matched_er_4to1_chunk_7,39,KR,5.874538607895374,96
sign_test_er0.2__norm_original_radius,matched_er_4to1_chunk_7,39,MC,5.511086775610845,96
sign_test_er0.2__norm_original_radius,matched_er_4to1_chunk_7,39,cosine_similarity,0.0258046658709645,96
sign_test_er0.2__norm_original_radius,matched_er_4to1_chunk_7,39,kl_to_gaussian,0.0,96
sign_test_er0.2__norm_original_radius,matched_er_4to1_chunk_7,39,wt_mean,0.003050568979233475,96
sign_test_er0.2__norm_original_radius,matched_er_4to1_chunk_8,40,GR,12.556828834116459,96
sign_test_er0.2__norm_original_radius,matched_er_4to1_chunk_8,40,IPC,10.229728830704031,96
sign_test_er0.2__norm_original_radius,matched_er_4to1_chunk_8,40,KR,6.465784373382728,96
sign_test_er0.2__norm_original_radius,matched_er_4to1_chunk_8,40,MC,5.331738583743572,96
sign_test_er0.2__norm_original_radius,matched_er_4to1_chunk_8,40,cosine_similarity,0.019700331147760076,96
sign_test_er0.2__norm_original_radius,matched_er_4to1_chunk_8,40,kl_to_gaussian,0.0,96
sign_test_er0.2__norm_original_radius,matched_er_4to1_chunk_8,40,wt_mean,0.00312456762185315,96
sign_test_er0.2__norm_original_radius,matched_er_4to1_chunk_8,41,GR,11.843176955978075,96
sign_test_er0.2__norm_original_radius,matched_er_4to1_chunk_8,41,IPC,10.176828816894607,96
sign_test_er0.2__norm_original_radius,matched_er_4to1_chunk_8,41,KR,5.807480938732624,96
sign_test_er0.2__norm_original_radius,matched_er_4to1_chunk_8,41,MC,5.188722778111696,96
sign_test_er0.2__norm_original_radius,matched_er_4to1_chunk_8,41,cosine_similarity,0.021365150809288,96
sign_test_er0.2__norm_original_radius,matched_er_4to1_chunk_8,41,kl_to_gaussian,0.0,96
sign_test_er0.2__norm_original_radius,matched_er_4to1_chunk_8,41,wt_mean,0.003040879266336525,96
sign_test_er0.2__norm_original_radius,matched_er_4to1_chunk_8,42,GR,13.392807818949223,96
sign_test_er0.2__norm_original_radius,matched_er_4to1_chunk_8,42,IPC,10.952682555580664,96
sign_test_er0.2__norm_original_radius,matched_er_4to1_chunk_8,42,KR,6.942444148163001,96
sign_test_er0.2__norm_original_radius,matched_er_4to1_chunk_8,42,MC,5.862129295865695,96
sign_test_er0.2__norm_original_radius,matched_er_4to1_chunk_8,42,cosine_similarity,0.024972251150757022,96
sign_test_er0.2__norm_original_radius,matched_er_4to1_chunk_8,42,kl_to_gaussian,0.0,96
sign_test_er0.2__norm_original_radius,matched_er_4to1_chunk_8,42,wt_mean,0.00307747331680725,96
sign_test_er0.2__norm_original_radius,matched_er_4to1_chunk_8,43,GR,10.877798502643904,96
sign_test_er0.2__norm_original_radius,matched_er_4to1_chunk_8,43,IPC,9.79362486211528,96
sign_test_er0.2__norm_original_radius,matched_er_4to1_chunk_8,43,KR,5.59672740350167,96
sign_test_er0.2__norm_original_radius,matched_er_4to1_chunk_8,43,MC,5.30122905721267,96
sign_test_er0.2__norm_original_radius,matched_er_4to1_chunk_8,43,cosine_similarity,0.026359600480645826,96
sign_test_er0.2__norm_original_radius,matched_er_4to1_chunk_8,43,kl_to_gaussian,0.0,96
sign_test_er0.2__norm_original_radius,matched_er_4to1_chunk_8,43,wt_mean,0.00299969775369385,96
sign_test_er0.2__norm_original_radius,matched_er_4to1_chunk_8,44,GR,10.727332964539528,96
sign_test_er0.2__norm_original_radius,matched_er_4to1_chunk_8,44,IPC,9.853070015002022,96
sign_test_er0.2__norm_original_radius,matched_er_4to1_chunk_8,44,KR,5.511754567424457,96
sign_test_er0.2__norm_original_radius,matched_er_4to1_chunk_8,44,MC,5.214823762575786,96
sign_test_er0.2__norm_original_radius,matched_er_4to1_chunk_8,44,cosine_similarity,0.025249721482396074,96
sign_test_er0.2__norm_original_radius,matched_er_4to1_chunk_8,44,kl_to_gaussian,0.0,96
sign_test_er0.2__norm_original_radius,matched_er_4to1_chunk_8,44,wt_mean,0.003068851481657425,96
sign_test_er0.2__norm_original_radius,matched_er_4to1_chunk_9,45,GR,11.161464301248392,96
sign_test_er0.2__norm_original_radius,matched_er_4to1_chunk_9,45,IPC,10.4347829012245,96
sign_test_er0.2__norm_original_radius,matched_er_4to1_chunk_9,45,KR,5.777058216432731,96
sign_test_er0.2__norm_original_radius,matched_er_4to1_chunk_9,45,MC,5.641472374399503,96
sign_test_er0.2__norm_original_radius,matched_er_4to1_chunk_9,45,cosine_similarity,0.0277469446882605,96
sign_test_er0.2__norm_original_radius,matched_er_4to1_chunk_9,45,kl_to_gaussian,0.0,96
sign_test_er0.2__norm_original_radius,matched_er_4to1_chunk_9,45,wt_mean,0.0030616639414802,96
sign_test_er0.2__norm_original_radius,matched_er_4to1_chunk_9,46,GR,13.059971752266089,96
sign_test_er0.2__norm_original_radius,matched_er_4to1_chunk_9,46,IPC,10.098761852081386,96
sign_test_er0.2__norm_original_radius,matched_er_4to1_chunk_9,46,KR,6.681723460555077,96
sign_test_er0.2__norm_original_radius,matched_er_4to1_chunk_9,46,MC,5.6839235958953696,96
sign_test_er0.2__norm_original_radius,matched_er_4to1_chunk_9,46,cosine_similarity,0.02746947342529885,96
sign_test_er0.2__norm_original_radius,matched_er_4to1_chunk_9,46,kl_to_gaussian,0.0,96
sign_test_er0.2__norm_original_radius,matched_er_4to1_chunk_9,46,wt_mean,0.003141485038213375,96
sign_test_er0.2__norm_original_radius,matched_er_4to1_chunk_9,47,GR,13.358209416270256,96
sign_test_er0.2__norm_original_radius,matched_er_4to1_chunk_9,47,IPC,10.187088056134607,96
sign_test_er0.2__norm_original_radius,matched_er_4to1_chunk_9,47,KR,6.7061797529459,96
sign_test_er0.2__norm_original_radius,matched_er_4to1_chunk_9,47,MC,5.562332304815452,96
sign_test_er0.2__norm_original_radius,matched_er_4to1_chunk_9,47,cosine_similarity,0.022475026547908724,96
sign_test_er0.2__norm_original_radius,matched_er_4to1_chunk_9,47,kl_to_gaussian,0.0,96
sign_test_er0.2__norm_original_radius,matched_er_4to1_chunk_9,47,wt_mean,0.003161588334478375,96
sign_test_er0.2__norm_original_radius,matched_er_4to1_chunk_9,48,GR,12.424157929917177,96
sign_test_er0.2__norm_original_radius,matched_er_4to1_chunk_9,48,IPC,10.391733121123625,96
sign_test_er0.2__norm_original_radius,matched_er_4to1_chunk_9,48,KR,6.417981299261252,96
sign_test_er0.2__norm_original_radius,matched_er_4to1_chunk_9,48,MC,5.605846693118413,96
sign_test_er0.2__norm_original_radius,matched_er_4to1_chunk_9,48,cosine_similarity,0.02275249129161235,96
sign_test_er0.2__norm_original_radius,matched_er_4to1_chunk_9,48,kl_to_gaussian,0.0,96
sign_test_er0.2__norm_original_radius,matched_er_4to1_chunk_9,48,wt_mean,0.003045012417714975,96
sign_test_er0.2__norm_original_radius,matched_er_4to1_chunk_9,49,GR,11.642487173279127,96
sign_test_er0.2__norm_original_radius,matched_er_4to1_chunk_9,49,IPC,10.59318154091662,96
sign_test_er0.2__norm_original_radius,matched_er_4to1_chunk_9,49,KR,5.984165698289871,96
sign_test_er0.2__norm_original_radius,matched_er_4to1_chunk_9,49,MC,5.597738915433486,96
sign_test_er0.2__norm_original_radius,matched_er_4to1_chunk_9,49,cosine_similarity,0.02608212362974875,96
sign_test_er0.2__norm_original_radius,matched_er_4to1_chunk_9,49,kl_to_gaussian,0.0,96
sign_test_er0.2__norm_original_radius,matched_er_4to1_chunk_9,49,wt_mean,0.0030646719969808747,96
sign_test_er0.2__norm_spectral_radius,matched_er_4to1_chunk_0,0,GR,9.93255609770616,96
sign_test_er0.2__norm_spectral_radius,matched_er_4to1_chunk_0,0,IPC,9.391814077595242,96
sign_test_er0.2__norm_spectral_radius,matched_er_4to1_chunk_0,0,KR,4.98019486044844,96
sign_test_er0.2__norm_spectral_radius,matched_er_4to1_chunk_0,0,MC,5.060171236594518,96
sign_test_er0.2__norm_spectral_radius,matched_er_4to1_chunk_0,0,cosine_similarity,0.024417306296527348,96
sign_test_er0.2__norm_spectral_radius,matched_er_4to1_chunk_0,0,kl_to_gaussian,0.0,96
sign_test_er0.2__norm_spectral_radius,matched_er_4to1_chunk_0,0,wt_mean,0.002871354983653825,96
sign_test_er0.2__norm_spectral_radius,matched_er_4to1_chunk_0,1,GR,10.16284154355526,96
sign_test_er0.2__norm_spectral_radius,matched_er_4to1_chunk_0,1,IPC,10.560239503611527,96
sign_test_er0.2__norm_spectral_radius,matched_er_4to1_chunk_0,1,KR,5.242841107149919,96
sign_test_er0.2__norm_spectral_radius,matched_er_4to1_chunk_0,1,MC,5.6498909294605255,96
sign_test_er0.2__norm_spectral_radius,matched_er_4to1_chunk_0,1,cosine_similarity,0.022752495482563927,96
sign_test_er0.2__norm_spectral_radius,matched_er_4to1_chunk_0,1,kl_to_gaussian,0.0,96
sign_test_er0.2__norm_spectral_radius,matched_er_4to1_chunk_0,1,wt_mean,0.0029265495832077747,96
sign_test_er0.2__norm_spectral_radius,matched_er_4to1_chunk_0,2,GR,9.367914586017529,96
sign_test_er0.2__norm_spectral_radius,matched_er_4to1_chunk_0,2,IPC,9.686550806844496,96
sign_test_er0.2__norm_spectral_radius,matched_er_4to1_chunk_0,2,KR,4.870241966098547,96
sign_test_er0.2__norm_spectral_radius,matched_er_4to1_chunk_0,2,MC,5.333449414620797,96
sign_test_er0.2__norm_spectral_radius,matched_er_4to1_chunk_0,2,cosine_similarity,0.0235849055461585,96
sign_test_er0.2__norm_spectral_radius,matched_er_4to1_chunk_0,2,kl_to_gaussian,0.0,96
sign_test_er0.2__norm_spectral_radius,matched_er_4to1_chunk_0,2,wt_mean,0.002887329785153225,96
sign_test_er0.2__norm_spectral_radius,matched_er_4to1_chunk_0,3,GR,10.651155563692251,96
sign_test_er0.2__norm_spectral_radius,matched_er_4to1_chunk_0,3,IPC,10.697943000731513,96
sign_test_er0.2__norm_spectral_radius,matched_er_4to1_chunk_0,3,KR,5.2488667368888855,96
sign_test_er0.2__norm_spectral_radius,matched_er_4to1_chunk_0,3,MC,5.5121615168948965,96
sign_test_er0.2__norm_spectral_radius,matched_er_4to1_chunk_0,3,cosine_similarity,0.020532738883048275,96
sign_test_er0.2__norm_spectral_radius,matched_er_4to1_chunk_0,3,kl_to_gaussian,0.0,96
sign_test_er0.2__norm_spectral_radius,matched_er_4to1_chunk_0,3,wt_mean,0.0029325460782274,96
sign_test_er0.2__norm_spectral_radius,matched_er_4to1_chunk_0,4,GR,10.05184102555116,96
sign_test_er0.2__norm_spectral_radius,matched_er_4to1_chunk_0,4,IPC,9.842270031088967,96
sign_test_er0.2__norm_spectral_radius,matched_er_4to1_chunk_0,4,KR,5.217318469037612,96
sign_test_er0.2__norm_spectral_radius,matched_er_4to1_chunk_0,4,MC,5.335304472595453,96
sign_test_er0.2__norm_spectral_radius,matched_er_4to1_chunk_0,4,cosine_similarity,0.028301883023232204,96
sign_test_er0.2__norm_spectral_radius,matched_er_4to1_chunk_0,4,kl_to_gaussian,0.0,96
sign_test_er0.2__norm_spectral_radius,matched_er_4to1_chunk_0,4,wt_mean,0.0028574584866873248,96
sign_test_er0.2__norm_spectral_radius,matched_er_4to1_chunk_1,5,GR,9.750041169424852,96
sign_test_er0.2__norm_spectral_radius,matched_er_4to1_chunk_1,5,IPC,10.688631948166245,96
sign_test_er0.2__norm_spectral_radius,matched_er_4to1_chunk_1,5,KR,5.208756166199843,96
sign_test_er0.2__norm_spectral_radius,matched_er_4to1_chunk_1,5,MC,5.955336358398199,96
sign_test_er0.2__norm_spectral_radius,matched_er_4to1_chunk_1,5,cosine_similarity,0.0216426150873303,96
sign_test_er0.2__norm_spectral_radius,matched_er_4to1_chunk_1,5,kl_to_gaussian,0.0,96
sign_test_er0.2__norm_spectral_radius,matched_er_4to1_chunk_1,5,wt_mean,0.00287809746805575,96
sign_test_er0.2__norm_spectral_radius,matched_er_4to1_chunk_1,6,GR,9.44492906332016,96
sign_test_er0.2__norm_spectral_radius,matched_er_4to1_chunk_1,6,IPC,9.942833807767629,96
sign_test_er0.2__norm_spectral_radius,matched_er_4to1_chunk_1,6,KR,5.054335008064906,96
sign_test_er0.2__norm_spectral_radius,matched_er_4to1_chunk_1,6,MC,5.496527769913276,96
sign_test_er0.2__norm_spectral_radius,matched_er_4to1_chunk_1,6,cosine_similarity,0.024417314212769225,96
sign_test_er0.2__norm_spectral_radius,matched_er_4to1_chunk_1,6,kl_to_gaussian,0.0,96
sign_test_er0.2__norm_spectral_radius,matched_er_4to1_chunk_1,6,wt_mean,0.00280623760772865,96
sign_test_er0.2__norm_spectral_radius,matched_er_4to1_chunk_1,7,GR,10.07121287782987,96
sign_test_er0.2__norm_spectral_radius,matched_er_4to1_chunk_1,7,IPC,9.92768008638343,96
sign_test_er0.2__norm_spectral_radius,matched_er_4to1_chunk_1,7,KR,5.068945900847514,96
sign_test_er0.2__norm_spectral_radius,matched_er_4to1_chunk_1,7,MC,5.287719858189424,96
sign_test_er0.2__norm_spectral_radius,matched_er_4to1_chunk_1,7,cosine_similarity,0.029134294483810625,96
sign_test_er0.2__norm_spectral_radius,matched_er_4to1_chunk_1,7,kl_to_gaussian,0.0,96
sign_test_er0.2__norm_spectral_radius,matched_er_4to1_chunk_1,7,wt_mean,0.0028080534539185,96
sign_test_er0.2__norm_spectral_radius,matched_er_4to1_chunk_1,8,GR,10.29882658024629,96
sign_test_er0.2__norm_spectral_radius,matched_er_4to1_chunk_1,8,IPC,9.830980982312987,96
sign_test_er0.2__norm_spectral_radius,matched_er_4to1_chunk_1,8,KR,5.2966141775250435,96
sign_test_er0.2__norm_spectral_radius,matched_er_4to1_chunk_1,8,MC,5.28502015893658,96
sign_test_er0.2__norm_spectral_radius,matched_er_4to1_chunk_1,8,cosine_similarity,0.019700332544743925,96
sign_test_er0.2__norm_spectral_radius,matched_er_4to1_chunk_1,8,kl_to_gaussian,0.0,96
sign_test_er0.2__norm_spectral_radius,matched_er_4to1_chunk_1,8,wt_mean,0.002827250398695425,96
sign_test_er0.2__norm_spectral_radius,matched_er_4to1_chunk_1,9,GR,10.01462766279777,96
sign_test_er0.2__norm_spectral_radius,matched_er_4to1_chunk_1,9,IPC,10.315063389281937,96
sign_test_er0.2__norm_spectral_radius,matched_er_4to1_chunk_1,9,KR,5.088169366121292,96
sign_test_er0.2__norm_spectral_radius,matched_er_4to1_chunk_1,9,MC,5.408698121706645,96
sign_test_er0.2__norm_spectral_radius,matched_er_4to1_chunk_1,9,cosine_similarity,0.021087674889713453,96
sign_test_er0.2__norm_spectral_radius,matched_er_4to1_chunk_1,9,kl_to_gaussian,0.0,96
sign_test_er0.2__norm_spectral_radius,matched_er_4to1_chunk_1,9,wt_mean,0.002908607770223125,96
sign_test_er0.2__norm_spectral_radius,matched_er_4to1_chunk_10,50,GR,10.755311409632364,96
sign_test_er0.2__norm_spectral_radius,matched_er_4to1_chunk_10,50,IPC,9.921033404440545,96
sign_test_er0.2__norm_spectral_radius,matched_er_4to1_chunk_10,50,KR,5.7389848828315735,96
sign_test_er0.2__norm_spectral_radius,matched_er_4to1_chunk_10,50,MC,5.422714378684759,96
sign_test_er0.2__norm_spectral_radius,matched_er_4to1_chunk_10,50,cosine_similarity,0.021087683737277946,96
sign_test_er0.2__norm_spectral_radius,matched_er_4to1_chunk_10,50,kl_to_gaussian,0.0,96
sign_test_er0.2__norm_spectral_radius,matched_er_4to1_chunk_10,50,wt_mean,0.0028996124165132,96
sign_test_er0.2__norm_spectral_radius,matched_er_4to1_chunk_10,51,GR,10.428234294056892,96
sign_test_er0.2__norm_spectral_radius,matched_er_4to1_chunk_10,51,IPC,10.044488062520749,96
sign_test_er0.2__norm_spectral_radius,matched_er_4to1_chunk_10,51,KR,5.3663480170071125,96
sign_test_er0.2__norm_spectral_radius,matched_er_4to1_chunk_10,51,MC,5.375135034322739,96
sign_test_er0.2__norm_spectral_radius,matched_er_4to1_chunk_10,51,cosine_similarity,0.0216426150873303,96
sign_test_er0.2__norm_spectral_radius,matched_er_4to1_chunk_10,51,kl_to_gaussian,0.0,96
sign_test_er0.2__norm_spectral_radius,matched_er_4to1_chunk_10,51,wt_mean,0.002867238828912325,96
sign_test_er0.2__norm_spectral_radius,matched_er_4to1_chunk_10,52,GR,8.783345044900974,96
sign_test_er0.2__norm_spectral_radius,matched_er_4to1_chunk_10,52,IPC,9.392971663960404,96
sign_test_er0.2__norm_spectral_radius,matched_er_4to1_chunk_10,52,KR,4.5955925360322,96
sign_test_er0.2__norm_spectral_radius,matched_er_4to1_chunk_10,52,MC,5.0953684362272424,96
sign_test_er0.2__norm_spectral_radius,matched_er_4to1_chunk_10,52,cosine_similarity,0.021642616949975425,96
sign_test_er0.2__norm_spectral_radius,matched_er_4to1_chunk_10,52,kl_to_gaussian,0.0,96
sign_test_er0.2__norm_spectral_radius,matched_er_4to1_chunk_10,52,wt_mean,0.00285009498475115,96
sign_test_er0.2__norm_spectral_radius,matched_er_4to1_chunk_10,53,GR,11.330571261545023,96
sign_test_er0.2__norm_spectral_radius,matched_er_4to1_chunk_10,53,IPC,10.64215720093608,96
sign_test_er0.2__norm_spectral_radius,matched_er_4to1_chunk_10,53,KR,5.817898914217949,96
sign_test_er0.2__norm_spectral_radius,matched_er_4to1_chunk_10,53,MC,5.784044124186039,96
sign_test_er0.2__norm_spectral_radius,matched_er_4to1_chunk_10,53,cosine_similarity,0.028579351026564826,96
sign_test_er0.2__norm_spectral_radius,matched_er_4to1_chunk_10,53,kl_to_gaussian,0.0,96
sign_test_er0.2__norm_spectral_radius,matched_er_4to1_chunk_10,53,wt_mean,0.0029574051150120253,96
sign_test_er0.2__norm_spectral_radius,matched_er_4to1_chunk_10,54,GR,9.919648038844267,96
sign_test_er0.2__norm_spectral_radius,matched_er_4to1_chunk_10,54,IPC,10.3306534786502,96
sign_test_er0.2__norm_spectral_radius,matched_er_4to1_chunk_10,54,KR,5.1627175870041055,96
sign_test_er0.2__norm_spectral_radius,matched_er_4to1_chunk_10,54,MC,5.751742318272591,96
sign_test_er0.2__norm_spectral_radius,matched_er_4to1_chunk_10,54,cosine_similarity,0.019700334407389098,96
sign_test_er0.2__norm_spectral_radius,matched_er_4to1_chunk_10,54,kl_to_gaussian,0.0,96
sign_test_er0.2__norm_spectral_radius,matched_er_4to1_chunk_10,54,wt_mean,0.0029070234159007248,96
sign_test_er0.2__norm_spectral_radius,matched_er_4to1_chunk_11,55,GR,10.02609899888436,96
sign_test_er0.2__norm_spectral_radius,matched_er_4to1_chunk_11,55,IPC,10.545682203994026,96
sign_test_er0.2__norm_spectral_radius,matched_er_4to1_chunk_11,55,KR,5.125229810674985,96
sign_test_er0.2__norm_spectral_radius,matched_er_4to1_chunk_11,55,MC,5.568808775395155,96
sign_test_er0.2__norm_spectral_radius,matched_er_4to1_chunk_11,55,cosine_similarity,0.02386237913742655,96
sign_test_er0.2__norm_spectral_radius,matched_er_4to1_chunk_11,55,kl_to_gaussian,0.0,96
sign_test_er0.2__norm_spectral_radius,matched_er_4to1_chunk_11,55,wt_mean,0.0028078390168956753,96
sign_test_er0.2__norm_spectral_radius,matched_er_4to1_chunk_11,56,GR,10.304857768118382,96
sign_test_er0.2__norm_spectral_radius,matched_er_4to1_chunk_11,56,IPC,10.265026798449881,96
sign_test_er0.2__norm_spectral_radius,matched_er_4to1_chunk_11,56,KR,5.423428202668826,96
sign_test_er0.2__norm_spectral_radius,matched_er_4to1_chunk_11,56,MC,5.523499704897404,96
sign_test_er0.2__norm_spectral_radius,matched_er_4to1_chunk_11,56,cosine_similarity,0.021087686065584376,96
sign_test_er0.2__norm_spectral_radius,matched_er_4to1_chunk_11,56,kl_to_gaussian,0.0,96
sign_test_er0.2__norm_spectral_radius,matched_er_4to1_chunk_11,56,wt_mean,0.002848222095053575,96
sign_test_er0.2__norm_spectral_radius,matched_er_4to1_chunk_11,57,GR,10.369851862390837,96
sign_test_er0.2__norm_spectral_radius,matched_er_4to1_chunk_11,57,IPC,10.546934011420893,96
sign_test_er0.2__norm_spectral_radius,matched_er_4to1_chunk_11,57,KR,5.160647984594107,96
sign_test_er0.2__norm_spectral_radius,matched_er_4to1_chunk_11,57,MC,5.3885380166272325,96
sign_test_er0.2__norm_spectral_radius,matched_er_4to1_chunk_11,57,cosine_similarity,0.026359601877629726,96
sign_test_er0.2__norm_spectral_radius,matched_er_4to1_chunk_11,57,kl_to_gaussian,0.0,96
sign_test_er0.2__norm_spectral_radius,matched_er_4to1_chunk_11,57,wt_mean,0.0028643915429711,96
sign_test_er0.2__norm_spectral_radius,matched_er_4to1_chunk_11,58,GR,9.501427441835403,96
sign_test_er0.2__norm_spectral_radius,matched_er_4to1_chunk_11,58,IPC,9.76322432684651,96
sign_test_er0.2__norm_spectral_radius,matched_er_4to1_chunk_11,58,KR,4.84471757337451,96
sign_test_er0.2__norm_spectral_radius,matched_er_4to1_chunk_11,58,MC,5.260684696336587,96
sign_test_er0.2__norm_spectral_radius,matched_er_4to1_chunk_11,58,cosine_similarity,0.02663706801831715,96
sign_test_er0.2__norm_spectral_radius,matched_er_4to1_chunk_11,58,kl_to_gaussian,0.0,96
sign_test_er0.2__norm_spectral_radius,matched_er_4to1_chunk_11,58,wt_mean,0.002850119140930425,96
sign_test_er0.2__norm_spectral_radius,matched_er_4to1_chunk_11,59,GR,9.567473707099756,96
sign_test_er0.2__norm_spectral_radius,matched_er_4to1_chunk_11,59,IPC,9.854229762662895,96
sign_test_er0.2__norm_spectral_radius,matched_er_4to1_chunk_11,59,KR,5.034874364733696,96
sign_test_er0.2__norm_spectral_radius,matched_er_4to1_chunk_11,59,MC,5.242153849452734,96
sign_test_er0.2__norm_spectral_radius,matched_er_4to1_chunk_11,59,cosine_similarity,0.02192008914425965,96
sign_test_er0.2__norm_spectral_radius,matched_er_4to1_chunk_11,59,kl_to_gaussian,0.0,96
sign_test_er0.2__norm_spectral_radius,matched_er_4to1_chunk_11,59,wt_mean,0.002834386250469775,96
sign_test_er0.2__norm_spectral_radius,matched_er_4to1_chunk_12,60,GR,10.016609301169714,96
sign_test_er0.2__norm_spectral_radius,matched_er_4to1_chunk_12,60,IPC,9.855063861627267,96
sign_test_er0.2__norm_spectral_radius,matched_er_4to1_chunk_12,60,KR,5.214263986796141,96
sign_test_er0.2__norm_spectral_radius,matched_er_4to1_chunk_12,60,MC,5.316436054805915,96
sign_test_er0.2__norm_spectral_radius,matched_er_4to1_chunk_12,60,cosine_similarity,0.030799109023064323,96
sign_test_er0.2__norm_spectral_radius,matched_er_4to1_chunk_12,60,kl_to_gaussian,0.0,96
sign_test_er0.2__norm_spectral_radius,matched_er_4to1_chunk_12,60,wt_mean,0.00287917192326855,96
sign_test_er0.2__norm_spectral_radius,matched_er_4to1_chunk_12,61,GR,11.342471115291119,96
sign_test_er0.2__norm_spectral_radius,matched_er_4to1_chunk_12,61,IPC,10.358172716106074,96
sign_test_er0.2__norm_spectral_radius,matched_er_4to1_chunk_12,61,KR,5.778765074908733,96
sign_test_er0.2__norm_spectral_radius,matched_er_4to1_chunk_12,61,MC,5.452909596264362,96
sign_test_er0.2__norm_spectral_radius,matched_er_4to1_chunk_12,61,cosine_similarity,0.026637067552655876,96
sign_test_er0.2__norm_spectral_radius,matched_er_4to1_chunk_12,61,kl_to_gaussian,0.0,96
sign_test_er0.2__norm_spectral_radius,matched_er_4to1_chunk_12,61,wt_mean,0.002843758149538125,96
sign_test_er0.2__norm_spectral_radius,matched_er_4to1_chunk_12,62,GR,10.230779195825258,96
sign_test_er0.2__norm_spectral_radius,matched_er_4to1_chunk_12,62,IPC,10.296914624630087,96
sign_test_er0.2__norm_spectral_radius,matched_er_4to1_chunk_12,62,KR,5.310637429356575,96
sign_test_er0.2__norm_spectral_radius,matched_er_4to1_chunk_12,62,MC,5.555019850532214,96
sign_test_er0.2__norm_spectral_radius,matched_er_4to1_chunk_12,62,cosine_similarity,0.02552719553932545,96
sign_test_er0.2__norm_spectral_radius,matched_er_4to1_chunk_12,62,kl_to_gaussian,0.0,96
sign_test_er0.2__norm_spectral_radius,matched_er_4to1_chunk_12,62,wt_mean,0.00288479082519185,96
sign_test_er0.2__norm_spectral_radius,matched_er_4to1_chunk_12,63,GR,10.07487516850233,96
sign_test_er0.2__norm_spectral_radius,matched_er_4to1_chunk_12,63,IPC,10.626914026711168,96
sign_test_er0.2__norm_spectral_radius,matched_er_4to1_chunk_12,63,KR,5.3147314339876175,96
sign_test_er0.2__norm_spectral_radius,matched_er_4to1_chunk_12,63,MC,5.618513632565737,96
sign_test_er0.2__norm_spectral_radius,matched_er_4to1_chunk_12,63,cosine_similarity,0.02053273981437085,96
sign_test_er0.2__norm_spectral_radius,matched_er_4to1_chunk_12,63,kl_to_gaussian,0.0,96
sign_test_er0.2__norm_spectral_radius,matched_er_4to1_chunk_12,63,wt_mean,0.002824259572662375,96
sign_test_er0.2__norm_spectral_radius,matched_er_4to1_chunk_12,64,GR,8.896862951417765,96
sign_test_er0.2__norm_spectral_radius,matched_er_4to1_chunk_12,64,IPC,9.262423512620172,96
sign_test_er0.2__norm_spectral_radius,matched_er_4to1_chunk_12,64,KR,4.646341582139333,96
sign_test_er0.2__norm_spectral_radius,matched_er_4to1_chunk_12,64,MC,4.99326432744662,96
sign_test_er0.2__norm_spectral_radius,matched_er_4to1_chunk_12,64,cosine_similarity,0.027746940962970226,96
sign_test_er0.2__norm_spectral_radius,matched_er_4to1_chunk_12,64,kl_to_gaussian,0.0,96
sign_test_er0.2__norm_spectral_radius,matched_er_4to1_chunk_12,64,wt_mean,0.002798030793201125,96
sign_test_er0.2__norm_spectral_radius,matched_er_4to1_chunk_13,65,GR,10.463724014659723,96
sign_test_er0.2__norm_spectral_radius,matched_er_4to1_chunk_13,65,IPC,10.297180303457568,96
sign_test_er0.2__norm_spectral_radius,matched_er_4to1_chunk_13,65,KR,5.437669383982818,96
sign_test_er0.2__norm_spectral_radius,matched_er_4to1_chunk_13,65,MC,5.481781143695116,96
sign_test_er0.2__norm_spectral_radius,matched_er_4to1_chunk_13,65,cosine_similarity,0.026637071277946203,96
sign_test_er0.2__norm_spectral_radius,matched_er_4to1_chunk_13,65,kl_to_gaussian,0.0,96
sign_test_er0.2__norm_spectral_radius,matched_er_4to1_chunk_13,65,wt_mean,0.0029088286100886255,96
sign_test_er0.2__norm_spectral_radius,matched_er_4to1_chunk_13,66,GR,9.511478605369726,96
sign_test_er0.2__norm_spectral_radius,matched_er_4to1_chunk_13,66,IPC,9.932331665248006,96
sign_test_er0.2__norm_spectral_radius,matched_er_4to1_chunk_13,66,KR,4.9221818173925085,96
sign_test_er0.2__norm_spectral_radius,matched_er_4to1_chunk_13,66,MC,5.192265868186951,96
sign_test_er0.2__norm_spectral_radius,matched_er_4to1_chunk_13,66,cosine_similarity,0.025527193211019,96
sign_test_er0.2__norm_spectral_radius,matched_er_4to1_chunk_13,66,kl_to_gaussian,0.0,96
sign_test_er0.2__norm_spectral_radius,matched_er_4to1_chunk_13,66,wt_mean,0.00287442718399685,96
sign_test_er0.2__norm_spectral_radius,matched_er_4to1_chunk_13,67,GR,10.040108342965445,96
sign_test_er0.2__norm_spectral_radius,matched_er_4to1_chunk_13,67,IPC,9.80925378164336,96
sign_test_er0.2__norm_spectral_radius,matched_er_4to1_chunk_13,67,KR,5.2544084166487055,96
sign_test_er0.2__norm_spectral_radius,matched_er_4to1_chunk_13,67,MC,5.361366315434377,96
sign_test_er0.2__norm_spectral_radius,matched_er_4to1_chunk_13,67,cosine_similarity,0.02663706382736557,96
sign_test_er0.2__norm_spectral_radius,matched_er_4to1_chunk_13,67,kl_to_gaussian,0.0,96
sign_test_er0.2__norm_spectral_radius,matched_er_4to1_chunk_13,67,wt_mean,0.0028637858922593,96
sign_test_er0.2__norm_spectral_radius,matched_er_4to1_chunk_13,68,GR,10.330905055006346,96
sign_test_er0.2__norm_spectral_radius,matched_er_4to1_chunk_13,68,IPC,10.233552395481338,96
sign_test_er0.2__norm_spectral_radius,matched_er_4to1_chunk_13,68,KR,5.383987296372652,96
sign_test_er0.2__norm_spectral_radius,matched_er_4to1_chunk_13,68,MC,5.608716778457165,96
sign_test_er0.2__norm_spectral_radius,matched_er_4to1_chunk_13,68,cosine_similarity,0.0238623730838298,96
sign_test_er0.2__norm_spectral_radius,matched_er_4to1_chunk_13,68,kl_to_gaussian,0.0,96
sign_test_er0.2__norm_spectral_radius,matched_er_4to1_chunk_13,68,wt_mean,0.0028506303788162247,96
sign_test_er0.2__norm_spectral_radius,matched_er_4to1_chunk_13,69,GR,10.677972460786501,96
sign_test_er0.2__norm_spectral_radius,matched_er_4to1_chunk_13,69,IPC,10.420694077942327,96
sign_test_er0.2__norm_spectral_radius,matched_er_4to1_chunk_13,69,KR,5.482130313913028,96
sign_test_er0.2__norm_spectral_radius,matched_er_4to1_chunk_13,69,MC,5.475716481606166,96
sign_test_er0.2__norm_spectral_radius,matched_er_4to1_chunk_13,69,cosine_similarity,0.022197555284947126,96
sign_test_er0.2__norm_spectral_radius,matched_er_4to1_chunk_13,69,kl_to_gaussian,0.0,96
sign_test_er0.2__norm_spectral_radius,matched_er_4to1_chunk_13,69,wt_mean,0.0028450906393118,96
sign_test_er0.2__norm_spectral_radius,matched_er_4to1_chunk_14,70,GR,9.678690284490585,96
sign_test_er0.2__norm_spectral_radius,matched_er_4to1_chunk_14,70,IPC,9.581782899173623,96
sign_test_er0.2__norm_spectral_radius,matched_er_4to1_chunk_14,70,KR,4.966865199307601,96
sign_test_er0.2__norm_spectral_radius,matched_er_4to1_chunk_14,70,MC,5.128460433334112,96
sign_test_er0.2__norm_spectral_radius,matched_er_4to1_chunk_14,70,cosine_similarity,0.01831298507750025,96
sign_test_er0.2__norm_spectral_radius,matched_er_4to1_chunk_14,70,kl_to_gaussian,0.0,96
sign_test_er0.2__norm_spectral_radius,matched_er_4to1_chunk_14,70,wt_mean,0.002881854074075775,96
sign_test_er0.2__norm_spectral_radius,matched_er_4to1_chunk_14,71,GR,9.696395841737589,96
sign_test_er0.2__norm_spectral_radius,matched_er_4to1_chunk_14,71,IPC,10.437593574893086,96
sign_test_er0.2__norm_spectral_radius,matched_er_4to1_chunk_14,71,KR,5.160149032870929,96
sign_test_er0.2__norm_spectral_radius,matched_er_4to1_chunk_14,71,MC,5.608525540679693,96
sign_test_er0.2__norm_spectral_radius,matched_er_4to1_chunk_14,71,cosine_similarity,0.01997779868543145,96
sign_test_er0.2__norm_spectral_radius,matched_er_4to1_chunk_14,71,kl_to_gaussian,0.0,96
sign_test_er0.2__norm_spectral_radius,matched_er_4to1_chunk_14,71,wt_mean,0.002857918967492825,96
sign_test_er0.2__norm_spectral_radius,matched_er_4to1_chunk_14,72,GR,9.651962061723074,96
sign_test_er0.2__norm_spectral_radius,matched_er_4to1_chunk_14,72,IPC,10.127237453885668,96
sign_test_er0.2__norm_spectral_radius,matched_er_4to1_chunk_14,72,KR,5.127607847253482,96
sign_test_er0.2__norm_spectral_radius,matched_er_4to1_chunk_14,72,MC,5.657842059930165,96
sign_test_er0.2__norm_spectral_radius,matched_er_4to1_chunk_14,72,cosine_similarity,0.023584908805787525,96
sign_test_er0.2__norm_spectral_radius,matched_er_4to1_chunk_14,72,kl_to_gaussian,0.0,96
sign_test_er0.2__norm_spectral_radius,matched_er_4to1_chunk_14,72,wt_mean,0.00285095412982625,96
sign_test_er0.2__norm_spectral_radius,matched_er_4to1_chunk_14,73,GR,9.307806375126043,96
sign_test_er0.2__norm_spectral_radius,matched_er_4to1_chunk_14,73,IPC,10.562832120929194,96
sign_test_er0.2__norm_spectral_radius,matched_er_4to1_chunk_14,73,KR,4.9603313989937305,96
sign_test_er0.2__norm_spectral_radius,matched_er_4to1_chunk_14,73,MC,5.740247710297505,96
sign_test_er0.2__norm_spectral_radius,matched_er_4to1_chunk_14,73,cosine_similarity,0.024972251616418275,96
sign_test_er0.2__norm_spectral_radius,matched_er_4to1_chunk_14,73,kl_to_gaussian,0.0,96
sign_test_er0.2__norm_spectral_radius,matched_er_4to1_chunk_14,73,wt_mean,0.0028942598728462754,96
sign_test_er0.2__norm_spectral_radius,matched_er_4to1_chunk_14,74,GR,10.580589992304644,96
sign_test_er0.2__norm_spectral_radius,matched_er_4to1_chunk_14,74,IPC,10.524143380199817,96
sign_test_er0.2__norm_spectral_radius,matched_er_4to1_chunk_14,74,KR,5.260469196985166,96
sign_test_er0.2__norm_spectral_radius,matched_er_4to1_chunk_14,74,MC,5.518032795439164,96
sign_test_er0.2__norm_spectral_radius,matched_er_4to1_chunk_14,74,cosine_similarity,0.022475028410553877,96
sign_test_er0.2__norm_spectral_radius,matched_er_4to1_chunk_14,74,kl_to_gaussian,0.0,96
sign_test_er0.2__norm_spectral_radius,matched_er_4to1_chunk_14,74,wt_mean,0.0028834046679548247,96
sign_test_er0.2__norm_spectral_radius,matched_er_4to1_chunk_15,75,GR,10.077470016976198,96
sign_test_er0.2__norm_spectral_radius,matched_er_4to1_chunk_15,75,IPC,10.430369044714244,96
sign_test_er0.2__norm_spectral_radius,matched_er_4to1_chunk_15,75,KR,5.17990975578626,96
sign_test_er0.2__norm_spectral_radius,matched_er_4to1_chunk_15,75,MC,5.676038590570291,96
sign_test_er0.2__norm_spectral_radius,matched_er_4to1_chunk_15,75,cosine_similarity,0.027192008215934024,96
sign_test_er0.2__norm_spectral_radius,matched_er_4to1_chunk_15,75,kl_to_gaussian,0.0,96
sign_test_er0.2__norm_spectral_radius,matched_er_4to1_chunk_15,75,wt_mean,0.0028638626681640245,96
sign_test_er0.2__norm_spectral_radius,matched_er_4to1_chunk_15,76,GR,9.954628710945448,96
sign_test_er0.2__norm_spectral_radius,matched_er_4to1_chunk_15,76,IPC,10.638503783978948,96
sign_test_er0.2__norm_spectral_radius,matched_er_4to1_chunk_15,76,KR,5.1937098279595375,96
sign_test_er0.2__norm_spectral_radius,matched_er_4to1_chunk_15,76,MC,5.8741743713617325,96
sign_test_er0.2__norm_spectral_radius,matched_er_4to1_chunk_15,76,cosine_similarity,0.025249721948057347,96
sign_test_er0.2__norm_spectral_radius,matched_er_4to1_chunk_15,76,kl_to_gaussian,0.0,96
sign_test_er0.2__norm_spectral_radius,matched_er_4to1_chunk_15,76,wt_mean,0.002886648464482225,96
sign_test_er0.2__norm_spectral_radius,matched_er_4to1_chunk_15,77,GR,9.234122145920992,96
sign_test_er0.2__norm_spectral_radius,matched_er_4to1_chunk_15,77,IPC,10.139980644790873,96
sign_test_er0.2__norm_spectral_radius,matched_er_4to1_chunk_15,77,KR,4.924564770112435,96
sign_test_er0.2__norm_spectral_radius,matched_er_4to1_chunk_15,77,MC,5.5037632547318935,96
sign_test_er0.2__norm_spectral_radius,matched_er_4to1_chunk_15,77,cosine_similarity,0.01859045773744575,96
sign_test_er0.2__norm_spectral_radius,matched_er_4to1_chunk_15,77,kl_to_gaussian,0.0,96
sign_test_er0.2__norm_spectral_radius,matched_er_4to1_chunk_15,77,wt_mean,0.0028828211943618246,96
sign_test_er0.2__norm_spectral_radius,matched_er_4to1_chunk_15,78,GR,10.664230786263943,96
sign_test_er0.2__norm_spectral_radius,matched_er_4to1_chunk_15,78,IPC,10.306957696344371,96
sign_test_er0.2__norm_spectral_radius,matched_er_4to1_chunk_15,78,KR,5.438621502369642,96
sign_test_er0.2__norm_spectral_radius,matched_er_4to1_chunk_15,78,MC,5.702342959741752,96
sign_test_er0.2__norm_spectral_radius,matched_er_4to1_chunk_15,78,cosine_similarity,0.022475026547908724,96
sign_test_er0.2__norm_spectral_radius,matched_er_4to1_chunk_15,78,kl_to_gaussian,0.0,96
sign_test_er0.2__norm_spectral_radius,matched_er_4to1_chunk_15,78,wt_mean,0.0028445972129702,96
sign_test_er0.2__norm_spectral_radius,matched_er_4to1_chunk_15,79,GR,10.041882005830606,96
sign_test_er0.2__norm_spectral_radius,matched_er_4to1_chunk_15,79,IPC,10.103504235066637,96
sign_test_er0.2__norm_spectral_radius,matched_er_4to1_chunk_15,79,KR,5.162532759209474,96
sign_test_er0.2__norm_spectral_radius,matched_er_4to1_chunk_15,79,MC,5.446022612353166,96
sign_test_er0.2__norm_spectral_radius,matched_er_4to1_chunk_15,79,cosine_similarity,0.019700336735695524,96
sign_test_er0.2__norm_spectral_radius,matched_er_4to1_chunk_15,79,kl_to_gaussian,0.0,96
sign_test_er0.2__norm_spectral_radius,matched_er_4to1_chunk_15,79,wt_mean,0.0028759465203620003,96
sign_test_er0.2__norm_spectral_radius,matched_er_4to1_chunk_16,80,GR,10.780661158263683,96
sign_test_er0.2__norm_spectral_radius,matched_er_4to1_chunk_16,80,IPC,9.422118867094257,96
sign_test_er0.2__norm_spectral_radius,matched_er_4to1_chunk_16,80,KR,5.644125732282798,96
sign_test_er0.2__norm_spectral_radius,matched_er_4to1_chunk_16,80,MC,5.583406006296475,96
sign_test_er0.2__norm_spectral_radius,matched_er_4to1_chunk_16,80,cosine_similarity,0.022475026082247426,96
sign_test_er0.2__norm_spectral_radius,matched_er_4to1_chunk_16,80,kl_to_gaussian,0.0,96
sign_test_er0.2__norm_spectral_radius,matched_er_4to1_chunk_16,80,wt_mean,0.00288830843055615,96
sign_test_er0.2__norm_spectral_radius,matched_er_4to1_chunk_16,81,GR,10.313709187010923,96
sign_test_er0.2__norm_spectral_radius,matched_er_4to1_chunk_16,81,IPC,8.573706845006623,96
sign_test_er0.2__norm_spectral_radius,matched_er_4to1_chunk_16,81,KR,5.459469335774581,96
sign_test_er0.2__norm_spectral_radius,matched_er_4to1_chunk_16,81,MC,4.9090228614707785,96
sign_test_er0.2__norm_spectral_radius,matched_er_4to1_chunk_16,81,cosine_similarity,0.0255271904170513,96
sign_test_er0.2__norm_spectral_radius,matched_er_4to1_chunk_16,81,kl_to_gaussian,0.0,96
sign_test_er0.2__norm_spectral_radius,matched_er_4to1_chunk_16,81,wt_mean,0.002848796313628475,96
sign_test_er0.2__norm_spectral_radius,matched_er_4to1_chunk_16,82,GR,9.895948673288027,96
sign_test_er0.2__norm_spectral_radius,matched_er_4to1_chunk_16,82,IPC,8.711633590198847,96
sign_test_er0.2__norm_spectral_radius,matched_er_4to1_chunk_16,82,KR,5.144204024225473,96
sign_test_er0.2__norm_spectral_radius,matched_er_4to1_chunk_16,82,MC,4.898256796101729,96
sign_test_er0.2__norm_spectral_radius,matched_er_4to1_chunk_16,82,cosine_similarity,0.0219200868159532,96
sign_test_er0.2__norm_spectral_radius,matched_er_4to1_chunk_16,82,kl_to_gaussian,0.0,96
sign_test_er0.2__norm_spectral_radius,matched_er_4to1_chunk_16,82,wt_mean,0.00284467858728015,96
sign_test_er0.2__norm_spectral_radius,matched_er_4to1_chunk_16,83,GR,10.43053395797809,96
sign_test_er0.2__norm_spectral_radius,matched_er_4to1_chunk_16,83,IPC,8.483895551168645,96
sign_test_er0.2__norm_spectral_radius,matched_er_4to1_chunk_16,83,KR,5.186597480128209,96
sign_test_er0.2__norm_spectral_radius,matched_er_4to1_chunk_16,83,MC,4.721381579836209,96
sign_test_er0.2__norm_spectral_radius,matched_er_4to1_chunk_16,83,cosine_similarity,0.02247502701357,96
sign_test_er0.2__norm_spectral_radius,matched_er_4to1_chunk_16,83,kl_to_gaussian,0.0,96
sign_test_er0.2__norm_spectral_radius,matched_er_4to1_chunk_16,83,wt_mean,0.00290047522867095,96
sign_test_er0.2__norm_spectral_radius,matched_er_4to1_chunk_16,84,GR,9.686351036032042,96
sign_test_er0.2__norm_spectral_radius,matched_er_4to1_chunk_16,84,IPC,9.357710734486464,96
sign_test_er0.2__norm_spectral_radius,matched_er_4to1_chunk_16,84,KR,4.9874471339086694,96
sign_test_er0.2__norm_spectral_radius,matched_er_4to1_chunk_16,84,MC,5.250229711333911,96
sign_test_er0.2__norm_spectral_radius,matched_er_4to1_chunk_16,84,cosine_similarity,0.023307431954890448,96
sign_test_er0.2__norm_spectral_radius,matched_er_4to1_chunk_16,84,kl_to_gaussian,0.0,96
sign_test_er0.2__norm_spectral_radius,matched_er_4to1_chunk_16,84,wt_mean,0.0028450179961509252,96
sign_test_er0.2__norm_spectral_radius,matched_er_4to1_chunk_17,85,GR,10.928470422824224,96
sign_test_er0.2__norm_spectral_radius,matched_er_4to1_chunk_17,85,IPC,8.471088198725502,96
sign_test_er0.2__norm_spectral_radius,matched_er_4to1_chunk_17,85,KR,5.594136667748292,96
sign_test_er0.2__norm_spectral_radius,matched_er_4to1_chunk_17,85,MC,4.844167524327834,96
sign_test_er0.2__norm_spectral_radius,matched_er_4to1_chunk_17,85,cosine_similarity,0.030244173482060373,96
sign_test_er0.2__norm_spectral_radius,matched_er_4to1_chunk_17,85,kl_to_gaussian,0.0,96
sign_test_er0.2__norm_spectral_radius,matched_er_4to1_chunk_17,85,wt_mean,0.0028613841277546747,96
sign_test_er0.2__norm_spectral_radius,matched_er_4to1_chunk_17,86,GR,10.739887421329817,96
sign_test_er0.2__norm_spectral_radius,matched_er_4to1_chunk_17,86,IPC,8.732310087111085,96
sign_test_er0.2__norm_spectral_radius,matched_er_4to1_chunk_17,86,KR,5.560998069743316,96
sign_test_er0.2__norm_spectral_radius,matched_er_4to1_chunk_17,86,MC,5.138774957507849,96
sign_test_er0.2__norm_spectral_radius,matched_er_4to1_chunk_17,86,cosine_similarity,0.016648169606923998,96
sign_test_er0.2__norm_spectral_radius,matched_er_4to1_chunk_17,86,kl_to_gaussian,0.0,96
sign_test_er0.2__norm_spectral_radius,matched_er_4to1_chunk_17,86,wt_mean,0.0028915324364788253,96
sign_test_er0.2__norm_spectral_radius,matched_er_4to1_chunk_17,87,GR,11.140449985861778,96
sign_test_er0.2__norm_spectral_radius,matched_er_4to1_chunk_17,87,IPC,8.498037756773888,96
sign_test_er0.2__norm_spectral_radius,matched_er_4to1_chunk_17,87,KR,5.693189096947511,96
sign_test_er0.2__norm_spectral_radius,matched_er_4to1_chunk_17,87,MC,4.812631353735924,96
sign_test_er0.2__norm_spectral_radius,matched_er_4to1_chunk_17,87,cosine_similarity,0.0271920040249824,96
sign_test_er0.2__norm_spectral_radius,matched_er_4to1_chunk_17,87,kl_to_gaussian,0.0,96
sign_test_er0.2__norm_spectral_radius,matched_er_4to1_chunk_17,87,wt_mean,0.00283197942189865,96
sign_test_er0.2__norm_spectral_radius,matched_er_4to1_chunk_17,88,GR,10.819015348951021,96
sign_test_er0.2__norm_spectral_radius,matched_er_4to1_chunk_17,88,IPC,8.575470948383451,96
sign_test_er0.2__norm_spectral_radius,matched_er_4to1_chunk_17,88,KR,5.428273066878319,96
sign_test_er0.2__norm_spectral_radius,matched_er_4to1_chunk_17,88,MC,4.847589921206236,96
sign_test_er0.2__norm_spectral_radius,matched_er_4to1_chunk_17,88,cosine_similarity,0.0313540510833263,96
sign_test_er0.2__norm_spectral_radius,matched_er_4to1_chunk_17,88,kl_to_gaussian,0.0,96
sign_test_er0.2__norm_spectral_radius,matched_er_4to1_chunk_17,88,wt_mean,0.0028703899006358746,96
sign_test_er0.2__norm_spectral_radius,matched_er_4to1_chunk_17,89,GR,10.217766977846622,96
sign_test_er0.2__norm_spectral_radius,matched_er_4to1_chunk_17,89,IPC,8.480112689146775,96
sign_test_er0.2__norm_spectral_radius,matched_er_4to1_chunk_17,89,KR,5.3153334483504295,96
sign_test_er0.2__norm_spectral_radius,matched_er_4to1_chunk_17,89,MC,5.0289698367317515,96
sign_test_er0.2__norm_spectral_radius,matched_er_4to1_chunk_17,89,cosine_similarity,0.024972253479063473,96
sign_test_er0.2__norm_spectral_radius,matched_er_4to1_chunk_17,89,kl_to_gaussian,0.0,96
sign_test_er0.2__norm_spectral_radius,matched_er_4to1_chunk_17,89,wt_mean,0.00285510713001705,96
sign_test_er0.2__norm_spectral_radius,matched_er_4to1_chunk_18,90,GR,11.103332281112671,96
sign_test_er0.2__norm_spectral_radius,matched_er_4to1_chunk_18,90,IPC,9.400436389793631,96
sign_test_er0.2__norm_spectral_radius,matched_er_4to1_chunk_18,90,KR,5.668263256549835,96
sign_test_er0.2__norm_spectral_radius,matched_er_4to1_chunk_18,90,MC,5.182468303789695,96
sign_test_er0.2__norm_spectral_radius,matched_er_4to1_chunk_18,90,cosine_similarity,0.024694785475730827,96
sign_test_er0.2__norm_spectral_radius,matched_er_4to1_chunk_18,90,kl_to_gaussian,0.0,96
sign_test_er0.2__norm_spectral_radius,matched_er_4to1_chunk_18,90,wt_mean,0.00286953756585715,96
sign_test_er0.2__norm_spectral_radius,matched_er_4to1_chunk_18,91,GR,10.66578826556603,96
sign_test_er0.2__norm_spectral_radius,matched_er_4to1_chunk_18,91,IPC,8.896098613487153,96
sign_test_er0.2__norm_spectral_radius,matched_er_4to1_chunk_18,91,KR,5.526656677325566,96
sign_test_er0.2__norm_spectral_radius,matched_er_4to1_chunk_18,91,MC,4.9213283353795605,96
sign_test_er0.2__norm_spectral_radius,matched_er_4to1_chunk_18,91,cosine_similarity,0.023029968608170703,96
sign_test_er0.2__norm_spectral_radius,matched_er_4to1_chunk_18,91,kl_to_gaussian,0.0,96
sign_test_er0.2__norm_spectral_radius,matched_er_4to1_chunk_18,91,wt_mean,0.0028415546403266,96
sign_test_er0.2__norm_spectral_radius,matched_er_4to1_chunk_18,92,GR,10.054385942717394,96
sign_test_er0.2__norm_spectral_radius,matched_er_4to1_chunk_18,92,IPC,9.148774034618727,96
sign_test_er0.2__norm_spectral_radius,matched_er_4to1_chunk_18,92,KR,5.387763810654481,96
sign_test_er0.2__norm_spectral_radius,matched_er_4to1_chunk_18,92,MC,5.197696673373382,96
sign_test_er0.2__norm_spectral_radius,matched_er_4to1_chunk_18,92,cosine_similarity,0.0263596028089523,96
sign_test_er0.2__norm_spectral_radius,matched_er_4to1_chunk_18,92,kl_to_gaussian,0.0,96
sign_test_er0.2__norm_spectral_radius,matched_er_4to1_chunk_18,92,wt_mean,0.0028612276655621497,96
sign_test_er0.2__norm_spectral_radius,matched_er_4to1_chunk_18,93,GR,9.57215574135383,96
sign_test_er0.2__norm_spectral_radius,matched_er_4to1_chunk_18,93,IPC,8.892065553231653,96
sign_test_er0.2__norm_spectral_radius,matched_er_4to1_chunk_18,93,KR,5.014260832220316,96
sign_test_er0.2__norm_spectral_radius,matched_er_4to1_chunk_18,93,MC,5.200205286343892,96
sign_test_er0.2__norm_spectral_radius,matched_er_4to1_chunk_18,93,cosine_similarity,0.024972258135676325,96
sign_test_er0.2__norm_spectral_radius,matched_er_4to1_chunk_18,93,kl_to_gaussian,0.0,96
sign_test_er0.2__norm_spectral_radius,matched_er_4to1_chunk_18,93,wt_mean,0.0028903305646963,96
sign_test_er0.2__norm_spectral_radius,matched_er_4to1_chunk_18,94,GR,9.975020080804825,96
sign_test_er0.2__norm_spectral_radius,matched_er_4to1_chunk_18,94,IPC,9.2615274374882,96
sign_test_er0.2__norm_spectral_radius,matched_er_4to1_chunk_18,94,KR,5.157209478318691,96
sign_test_er0.2__norm_spectral_radius,matched_er_4to1_chunk_18,94,MC,5.140712950378656,96
sign_test_er0.2__norm_spectral_radius,matched_er_4to1_chunk_18,94,cosine_similarity,0.0244173188693821,96
sign_test_er0.2__norm_spectral_radius,matched_er_4to1_chunk_18,94,kl_to_gaussian,0.0,96
sign_test_er0.2__norm_spectral_radius,matched_er_4to1_chunk_18,94,wt_mean,0.0029311582911759003,96
sign_test_er0.2__norm_spectral_radius,matched_er_4to1_chunk_19,95,GR,9.907599290211996,96
sign_test_er0.2__norm_spectral_radius,matched_er_4to1_chunk_19,95,IPC,8.638003683127096,96
sign_test_er0.2__norm_spectral_radius,matched_er_4to1_chunk_19,95,KR,5.056257462749879,96
sign_test_er0.2__norm_spectral_radius,matched_er_4to1_chunk_19,95,MC,4.915984779596329,96
sign_test_er0.2__norm_spectral_radius,matched_er_4to1_chunk_19,95,cosine_similarity,0.024139839224517328,96
sign_test_er0.2__norm_spectral_radius,matched_er_4to1_chunk_19,95,kl_to_gaussian,0.0,96
sign_test_er0.2__norm_spectral_radius,matched_er_4to1_chunk_19,95,wt_mean,0.0028968246188014,96
sign_test_er0.2__norm_spectral_radius,matched_er_4to1_chunk_19,96,GR,11.62304405371348,96
sign_test_er0.2__norm_spectral_radius,matched_er_4to1_chunk_19,96,IPC,9.073867680259085,96
sign_test_er0.2__norm_spectral_radius,matched_er_4to1_chunk_19,96,KR,5.797619397441546,96
sign_test_er0.2__norm_spectral_radius,matched_er_4to1_chunk_19,96,MC,5.009894337505102,96
sign_test_er0.2__norm_spectral_radius,matched_er_4to1_chunk_19,96,cosine_similarity,0.022197552490979374,96
sign_test_er0.2__norm_spectral_radius,matched_er_4to1_chunk_19,96,kl_to_gaussian,0.0,96
sign_test_er0.2__norm_spectral_radius,matched_er_4to1_chunk_19,96,wt_mean,0.0028941768687218,96
sign_test_er0.2__norm_spectral_radius,matched_er_4to1_chunk_19,97,GR,11.207244182626406,96
sign_test_er0.2__norm_spectral_radius,matched_er_4to1_chunk_19,97,IPC,9.023221584525666,96
sign_test_er0.2__norm_spectral_radius,matched_er_4to1_chunk_19,97,KR,5.836757612725099,96
sign_test_er0.2__norm_spectral_radius,matched_er_4to1_chunk_19,97,MC,5.168273547043403,96
sign_test_er0.2__norm_spectral_radius,matched_er_4to1_chunk_19,97,cosine_similarity,0.023584911134093948,96
sign_test_er0.2__norm_spectral_radius,matched_er_4to1_chunk_19,97,kl_to_gaussian,0.0,96
sign_test_er0.2__norm_spectral_radius,matched_er_4to1_chunk_19,97,wt_mean,0.002893915690947275,96
sign_test_er0.2__norm_spectral_radius,matched_er_4to1_chunk_19,98,GR,10.38919829328855,96
sign_test_er0.2__norm_spectral_radius,matched_er_4to1_chunk_19,98,IPC,9.173227707420562,96
sign_test_er0.2__norm_spectral_radius,matched_er_4to1_chunk_19,98,KR,5.27701439584295,96
sign_test_er0.2__norm_spectral_radius,matched_er_4to1_chunk_19,98,MC,5.138253742208083,96
sign_test_er0.2__norm_spectral_radius,matched_er_4to1_chunk_19,98,cosine_similarity,0.026914544403553,96
sign_test_er0.2__norm_spectral_radius,matched_er_4to1_chunk_19,98,kl_to_gaussian,0.0,96
sign_test_er0.2__norm_spectral_radius,matched_er_4to1_chunk_19,98,wt_mean,0.0029068579897284248,96
sign_test_er0.2__norm_spectral_radius,matched_er_4to1_chunk_19,99,GR,9.907394029200077,96
sign_test_er0.2__norm_spectral_radius,matched_er_4to1_chunk_19,99,IPC,8.812555163945442,96
sign_test_er0.2__norm_spectral_radius,matched_er_4to1_chunk_19,99,KR,5.3970921114087105,96
sign_test_er0.2__norm_spectral_radius,matched_er_4to1_chunk_19,99,MC,5.263750314712524,96
sign_test_er0.2__norm_spectral_radius,matched_er_4to1_chunk_19,99,cosine_similarity,0.0277469418942928,96
sign_test_er0.2__norm_spectral_radius,matched_er_4to1_chunk_19,99,kl_to_gaussian,0.0,96
sign_test_er0.2__norm_spectral_radius,matched_er_4to1_chunk_19,99,wt_mean,0.0028562308871186996,96
sign_test_er0.2__norm_spectral_radius,matched_er_4to1_chunk_2,10,GR,10.3966009542346,96
sign_test_er0.2__norm_spectral_radius,matched_er_4to1_chunk_2,10,IPC,10.018432868636825,96
sign_test_er0.2__norm_spectral_radius,matched_er_4to1_chunk_2,10,KR,5.402836998303731,96
sign_test_er0.2__norm_spectral_radius,matched_er_4to1_chunk_2,10,MC,5.30728496114413,96
sign_test_er0.2__norm_spectral_radius,matched_er_4to1_chunk_2,10,cosine_similarity,0.02441731328144665,96
sign_test_er0.2__norm_spectral_radius,matched_er_4to1_chunk_2,10,kl_to_gaussian,0.0,96
sign_test_er0.2__norm_spectral_radius,matched_er_4to1_chunk_2,10,wt_mean,0.0028885609353891998,96
sign_test_er0.2__norm_spectral_radius,matched_er_4to1_chunk_2,11,GR,10.256951580444971,96
sign_test_er0.2__norm_spectral_radius,matched_er_4to1_chunk_2,11,IPC,10.730530227840577,96
sign_test_er0.2__norm_spectral_radius,matched_er_4to1_chunk_2,11,KR,5.457181530694167,96
sign_test_er0.2__norm_spectral_radius,matched_er_4to1_chunk_2,11,MC,5.8199712211887045,96
sign_test_er0.2__norm_spectral_radius,matched_er_4to1_chunk_2,11,cosine_similarity,0.024139837827533425,96
sign_test_er0.2__norm_spectral_radius,matched_er_4to1_chunk_2,11,kl_to_gaussian,0.0,96
sign_test_er0.2__norm_spectral_radius,matched_er_4to1_chunk_2,11,wt_mean,0.00283002125797785,96
sign_test_er0.2__norm_spectral_radius,matched_er_4to1_chunk_2,12,GR,11.84673186391592,96
sign_test_er0.2__norm_spectral_radius,matched_er_4to1_chunk_2,12,IPC,9.811171097326602,96
sign_test_er0.2__norm_spectral_radius,matched_er_4to1_chunk_2,12,KR,5.9367662742733955,96
sign_test_er0.2__norm_spectral_radius,matched_er_4to1_chunk_2,12,MC,5.283993357171615,96
sign_test_er0.2__norm_spectral_radius,matched_er_4to1_chunk_2,12,cosine_similarity,0.025527189485728727,96
sign_test_er0.2__norm_spectral_radius,matched_er_4to1_chunk_2,12,kl_to_gaussian,0.0,96
sign_test_er0.2__norm_spectral_radius,matched_er_4to1_chunk_2,12,wt_mean,0.0028700120747089,96
sign_test_er0.2__norm_spectral_radius,matched_er_4to1_chunk_2,13,GR,9.796613521873951,96
sign_test_er0.2__norm_spectral_radius,matched_er_4to1_chunk_2,13,IPC,9.846217271812227,96
sign_test_er0.2__norm_spectral_radius,matched_er_4to1_chunk_2,13,KR,5.11681130900979,96
sign_test_er0.2__norm_spectral_radius,matched_er_4to1_chunk_2,13,MC,5.520781581600507,96
sign_test_er0.2__norm_spectral_radius,matched_er_4to1_chunk_2,13,cosine_similarity,0.0238623698242008,96
sign_test_er0.2__norm_spectral_radius,matched_er_4to1_chunk_2,13,kl_to_gaussian,0.0,96
sign_test_er0.2__norm_spectral_radius,matched_er_4to1_chunk_2,13,wt_mean,0.0028593271854333003,96
sign_test_er0.2__norm_spectral_radius,matched_er_4to1_chunk_2,14,GR,9.981993682682514,96
sign_test_er0.2__norm_spectral_radius,matched_er_4to1_chunk_2,14,IPC,10.321136839284753,96
sign_test_er0.2__norm_spectral_radius,matched_er_4to1_chunk_2,14,KR,5.228648050377767,96
sign_test_er0.2__norm_spectral_radius,matched_er_4to1_chunk_2,14,MC,5.692649990320206,96
sign_test_er0.2__norm_spectral_radius,matched_er_4to1_chunk_2,14,cosine_similarity,0.025804654695093576,96
sign_test_er0.2__norm_spectral_radius,matched_er_4to1_chunk_2,14,kl_to_gaussian,0.0,96
sign_test_er0.2__norm_spectral_radius,matched_er_4to1_chunk_2,14,wt_mean,0.0028833635151385754,96
sign_test_er0.2__norm_spectral_radius,matched_er_4to1_chunk_3,15,GR,9.286050784091154,96
sign_test_er0.2__norm_spectral_radius,matched_er_4to1_chunk_3,15,IPC,10.10133278155757,96
sign_test_er0.2__norm_spectral_radius,matched_er_4to1_chunk_3,15,KR,4.855389745285113,96
sign_test_er0.2__norm_spectral_radius,matched_er_4to1_chunk_3,15,MC,5.523695347209771,96
sign_test_er0.2__norm_spectral_radius,matched_er_4to1_chunk_3,15,cosine_similarity,0.02552718995139,96
sign_test_er0.2__norm_spectral_radius,matched_er_4to1_chunk_3,15,kl_to_gaussian,0.0,96
sign_test_er0.2__norm_spectral_radius,matched_er_4to1_chunk_3,15,wt_mean,0.0028549071284942,96
sign_test_er0.2__norm_spectral_radius,matched_er_4to1_chunk_3,16,GR,11.255458374818167,96
sign_test_er0.2__norm_spectral_radius,matched_er_4to1_chunk_3,16,IPC,10.513996891366132,96
sign_test_er0.2__norm_spectral_radius,matched_er_4to1_chunk_3,16,KR,5.720621769626935,96
sign_test_er0.2__norm_spectral_radius,matched_er_4to1_chunk_3,16,MC,5.604961109658082,96
sign_test_er0.2__norm_spectral_radius,matched_er_4to1_chunk_3,16,cosine_similarity,0.020810213871300175,96
sign_test_er0.2__norm_spectral_radius,matched_er_4to1_chunk_3,16,kl_to_gaussian,0.0,96
sign_test_er0.2__norm_spectral_radius,matched_er_4to1_chunk_3,16,wt_mean,0.002876419923268225,96
sign_test_er0.2__norm_spectral_radius,matched_er_4to1_chunk_3,17,GR,9.61037320892016,96
sign_test_er0.2__norm_spectral_radius,matched_er_4to1_chunk_3,17,IPC,9.489184901628375,96
sign_test_er0.2__norm_spectral_radius,matched_er_4to1_chunk_3,17,KR,4.970831883450349,96
sign_test_er0.2__norm_spectral_radius,matched_er_4to1_chunk_3,17,MC,5.155869998037815,96
sign_test_er0.2__norm_spectral_radius,matched_er_4to1_chunk_3,17,cosine_similarity,0.021642619743943173,96
sign_test_er0.2__norm_spectral_radius,matched_er_4to1_chunk_3,17,kl_to_gaussian,0.0,96
sign_test_er0.2__norm_spectral_radius,matched_er_4to1_chunk_3,17,wt_mean,0.0028540661442093,96
sign_test_er0.2__norm_spectral_radius,matched_er_4to1_chunk_3,18,GR,11.418332196772099,96
sign_test_er0.2__norm_spectral_radius,matched_er_4to1_chunk_3,18,IPC,10.818778774415248,96
sign_test_er0.2__norm_spectral_radius,matched_er_4to1_chunk_3,18,KR,5.8361486941576,96
sign_test_er0.2__norm_spectral_radius,matched_er_4to1_chunk_3,18,MC,5.740931365638971,96
sign_test_er0.2__norm_spectral_radius,matched_er_4to1_chunk_3,18,cosine_similarity,0.025804655626416175,96
sign_test_er0.2__norm_spectral_radius,matched_er_4to1_chunk_3,18,kl_to_gaussian,0.0,96
sign_test_er0.2__norm_spectral_radius,matched_er_4to1_chunk_3,18,wt_mean,0.002908214693888975,96
sign_test_er0.2__norm_spectral_radius,matched_er_4to1_chunk_3,19,GR,10.39979862421751,96
sign_test_er0.2__norm_spectral_radius,matched_er_4to1_chunk_3,19,IPC,10.664605582856153,96
sign_test_er0.2__norm_spectral_radius,matched_er_4to1_chunk_3,19,KR,5.4101584777235985,96
sign_test_er0.2__norm_spectral_radius,matched_er_4to1_chunk_3,19,MC,5.6699937134981155,96
sign_test_er0.2__norm_spectral_radius,matched_er_4to1_chunk_3,19,cosine_similarity,0.01914539374411105,96
sign_test_er0.2__norm_spectral_radius,matched_er_4to1_chunk_3,19,kl_to_gaussian,0.0,96
sign_test_er0.2__norm_spectral_radius,matched_er_4to1_chunk_3,19,wt_mean,0.00290727149695155,96
sign_test_er0.2__norm_spectral_radius,matched_er_4to1_chunk_4,20,GR,9.674893158177534,96
sign_test_er0.2__norm_spectral_radius,matched_er_4to1_chunk_4,20,IPC,10.4491706665051,96
sign_test_er0.2__norm_spectral_radius,matched_er_4to1_chunk_4,20,KR,4.945756380756696,96
sign_test_er0.2__norm_spectral_radius,matched_er_4to1_chunk_4,20,MC,5.534229546785355,96
sign_test_er0.2__norm_spectral_radius,matched_er_4to1_chunk_4,20,cosine_similarity,0.025804660283029076,96
sign_test_er0.2__norm_spectral_radius,matched_er_4to1_chunk_4,20,kl_to_gaussian,0.0,96
sign_test_er0.2__norm_spectral_radius,matched_er_4to1_chunk_4,20,wt_mean,0.002840299392119,96
sign_test_er0.2__norm_spectral_radius,matched_er_4to1_chunk_4,21,GR,10.039545419315496,96
sign_test_er0.2__norm_spectral_radius,matched_er_4to1_chunk_4,21,IPC,9.877524622872313,96
sign_test_er0.2__norm_spectral_radius,matched_er_4to1_chunk_4,21,KR,5.195275103052457,96
sign_test_er0.2__norm_spectral_radius,matched_er_4to1_chunk_4,21,MC,5.266029573976994,96
sign_test_er0.2__norm_spectral_radius,matched_er_4to1_chunk_4,21,cosine_similarity,0.024694781750440552,96
sign_test_er0.2__norm_spectral_radius,matched_er_4to1_chunk_4,21,kl_to_gaussian,0.0,96
sign_test_er0.2__norm_spectral_radius,matched_er_4to1_chunk_4,21,wt_mean,0.002880924672353975,96
sign_test_er0.2__norm_spectral_radius,matched_er_4to1_chunk_4,22,GR,9.893478751182556,96
sign_test_er0.2__norm_spectral_radius,matched_er_4to1_chunk_4,22,IPC,10.142711237618448,96
sign_test_er0.2__norm_spectral_radius,matched_er_4to1_chunk_4,22,KR,5.116481685390075,96
sign_test_er0.2__norm_spectral_radius,matched_er_4to1_chunk_4,22,MC,5.271579250693321,96
sign_test_er0.2__norm_spectral_radius,matched_er_4to1_chunk_4,22,cosine_similarity,0.021642617881298024,96
sign_test_er0.2__norm_spectral_radius,matched_er_4to1_chunk_4,22,kl_to_gaussian,0.0,96
sign_test_er0.2__norm_spectral_radius,matched_er_4to1_chunk_4,22,wt_mean,0.0028391398955136,96
sign_test_er0.2__norm_spectral_radius,matched_er_4to1_chunk_4,23,GR,10.607993294795355,96
sign_test_er0.2__norm_spectral_radius,matched_er_4to1_chunk_4,23,IPC,11.436127056084958,96
sign_test_er0.2__norm_spectral_radius,matched_er_4to1_chunk_4,23,KR,5.580916640659173,96
sign_test_er0.2__norm_spectral_radius,matched_er_4to1_chunk_4,23,MC,6.040724786619346,96
sign_test_er0.2__norm_spectral_radius,matched_er_4to1_chunk_4,23,cosine_similarity,0.01831298973411315,96
sign_test_er0.2__norm_spectral_radius,matched_er_4to1_chunk_4,23,kl_to_gaussian,0.0,96
sign_test_er0.2__norm_spectral_radius,matched_er_4to1_chunk_4,23,wt_mean,0.00291603326331815,96
sign_test_er0.2__norm_spectral_radius,matched_er_4to1_chunk_4,24,GR,10.184382600088915,96
sign_test_er0.2__norm_spectral_radius,matched_er_4to1_chunk_4,24,IPC,10.292904557236081,96
sign_test_er0.2__norm_spectral_radius,matched_er_4to1_chunk_4,24,KR,5.310465692232053,96
sign_test_er0.2__norm_spectral_radius,matched_er_4to1_chunk_4,24,MC,5.580215893685818,96
sign_test_er0.2__norm_spectral_radius,matched_er_4to1_chunk_4,24,cosine_similarity,0.023584902752190773,96
sign_test_er0.2__norm_spectral_radius,matched_er_4to1_chunk_4,24,kl_to_gaussian,0.0,96
sign_test_er0.2__norm_spectral_radius,matched_er_4to1_chunk_4,24,wt_mean,0.002854986989404925,96
sign_test_er0.2__norm_spectral_radius,matched_er_4to1_chunk_5,25,GR,9.939199760556221,96
sign_test_er0.2__norm_spectral_radius,matched_er_4to1_chunk_5,25,IPC,10.409634411698585,96
sign_test_er0.2__norm_spectral_radius,matched_er_4to1_chunk_5,25,KR,5.104927223175764,96
sign_test_er0.2__norm_spectral_radius,matched_er_4to1_chunk_5,25,MC,5.57063244531552,96
sign_test_er0.2__norm_spectral_radius,matched_er_4to1_chunk_5,25,cosine_similarity,0.0271920086815953,96
sign_test_er0.2__norm_spectral_radius,matched_er_4to1_chunk_5,25,kl_to_gaussian,0.0,96
sign_test_er0.2__norm_spectral_radius,matched_er_4to1_chunk_5,25,wt_mean,0.002839599561411825,96
sign_test_er0.2__norm_spectral_radius,matched_er_4to1_chunk_5,26,GR,10.539935941497484,96
sign_test_er0.2__norm_spectral_radius,matched_er_4to1_chunk_5,26,IPC,10.293181353025602,96
sign_test_er0.2__norm_spectral_radius,matched_er_4to1_chunk_5,26,KR,5.545551451543967,96
sign_test_er0.2__norm_spectral_radius,matched_er_4to1_chunk_5,26,MC,5.407581631094217,96
sign_test_er0.2__norm_spectral_radius,matched_er_4to1_chunk_5,26,cosine_similarity,0.023862372152507225,96
sign_test_er0.2__norm_spectral_radius,matched_er_4to1_chunk_5,26,kl_to_gaussian,0.0,96
sign_test_er0.2__norm_spectral_radius,matched_er_4to1_chunk_5,26,wt_mean,0.0028294579242355497,96
sign_test_er0.2__norm_spectral_radius,matched_er_4to1_chunk_5,27,GR,9.858269994457563,96
sign_test_er0.2__norm_spectral_radius,matched_er_4to1_chunk_5,27,IPC,9.784127172959497,96
sign_test_er0.2__norm_spectral_radius,matched_er_4to1_chunk_5,27,KR,5.042348772287369,96
sign_test_er0.2__norm_spectral_radius,matched_er_4to1_chunk_5,27,MC,5.135354398439328,96
sign_test_er0.2__norm_spectral_radius,matched_er_4to1_chunk_5,27,cosine_similarity,0.024417312350124076,96
sign_test_er0.2__norm_spectral_radius,matched_er_4to1_chunk_5,27,kl_to_gaussian,0.0,96
sign_test_er0.2__norm_spectral_radius,matched_er_4to1_chunk_5,27,wt_mean,0.0028120775823481,96
sign_test_er0.2__norm_spectral_radius,matched_er_4to1_chunk_5,28,GR,9.902735030899445,96
sign_test_er0.2__norm_spectral_radius,matched_er_4to1_chunk_5,28,IPC,10.21126668594808,96
sign_test_er0.2__norm_spectral_radius,matched_er_4to1_chunk_5,28,KR,5.04244547833999,96
sign_test_er0.2__norm_spectral_radius,matched_er_4to1_chunk_5,28,MC,5.453940354287624,96
sign_test_er0.2__norm_spectral_radius,matched_er_4to1_chunk_5,28,cosine_similarity,0.029689230956137177,96
sign_test_er0.2__norm_spectral_radius,matched_er_4to1_chunk_5,28,kl_to_gaussian,0.0,96
sign_test_er0.2__norm_spectral_radius,matched_er_4to1_chunk_5,28,wt_mean,0.002908026508521225,96
sign_test_er0.2__norm_spectral_radius,matched_er_4to1_chunk_5,29,GR,10.596605715652307,96
sign_test_er0.2__norm_spectral_radius,matched_er_4to1_chunk_5,29,IPC,10.146146873251935,96
sign_test_er0.2__norm_spectral_radius,matched_er_4to1_chunk_5,29,KR,5.373377027610938,96
sign_test_er0.2__norm_spectral_radius,matched_er_4to1_chunk_5,29,MC,5.4438321851193905,96
sign_test_er0.2__norm_spectral_radius,matched_er_4to1_chunk_5,29,cosine_similarity,0.028579357080161526,96
sign_test_er0.2__norm_spectral_radius,matched_er_4to1_chunk_5,29,kl_to_gaussian,0.0,96
sign_test_er0.2__norm_spectral_radius,matched_er_4to1_chunk_5,29,wt_mean,0.002884648216422575,96
sign_test_er0.2__norm_spectral_radius,matched_er_4to1_chunk_6,30,GR,10.51371610412995,96
sign_test_er0.2__norm_spectral_radius,matched_er_4to1_chunk_6,30,IPC,10.46093431380336,96
sign_test_er0.2__norm_spectral_radius,matched_er_4to1_chunk_6,30,KR,5.4493980060021086,96
sign_test_er0.2__norm_spectral_radius,matched_er_4to1_chunk_6,30,MC,5.397698422273,96
sign_test_er0.2__norm_spectral_radius,matched_er_4to1_chunk_6,30,cosine_similarity,0.02081021107733245,96
sign_test_er0.2__norm_spectral_radius,matched_er_4to1_chunk_6,30,kl_to_gaussian,0.0,96
sign_test_er0.2__norm_spectral_radius,matched_er_4to1_chunk_6,30,wt_mean,0.002876820857636575,96
sign_test_er0.2__norm_spectral_radius,matched_er_4to1_chunk_6,31,GR,9.518924770255884,96
sign_test_er0.2__norm_spectral_radius,matched_er_4to1_chunk_6,31,IPC,10.70043692806378,96
sign_test_er0.2__norm_spectral_radius,matched_er_4to1_chunk_6,31,KR,4.9675830242534476,96
sign_test_er0.2__norm_spectral_radius,matched_er_4to1_chunk_6,31,MC,5.83028440674146,96
sign_test_er0.2__norm_spectral_radius,matched_er_4to1_chunk_6,31,cosine_similarity,0.02192008960992095,96
sign_test_er0.2__norm_spectral_radius,matched_er_4to1_chunk_6,31,kl_to_gaussian,0.0,96
sign_test_er0.2__norm_spectral_radius,matched_er_4to1_chunk_6,31,wt_mean,0.0028593941824510247,96
sign_test_er0.2__norm_spectral_radius,matched_er_4to1_chunk_6,32,GR,10.045456312596798,96
sign_test_er0.2__norm_spectral_radius,matched_er_4to1_chunk_6,32,IPC,10.613124694723268,96
sign_test_er0.2__norm_spectral_radius,matched_er_4to1_chunk_6,32,KR,5.341699281086524,96
sign_test_er0.2__norm_spectral_radius,matched_er_4to1_chunk_6,32,MC,5.794904152552287,96
sign_test_er0.2__norm_spectral_radius,matched_er_4to1_chunk_6,32,cosine_similarity,0.023307436145842023,96
sign_test_er0.2__norm_spectral_radius,matched_er_4to1_chunk_6,32,kl_to_gaussian,0.0,96
sign_test_er0.2__norm_spectral_radius,matched_er_4to1_chunk_6,32,wt_mean,0.0029589860932901,96
sign_test_er0.2__norm_spectral_radius,matched_er_4to1_chunk_6,33,GR,9.898458061118921,96
sign_test_er0.2__norm_spectral_radius,matched_er_4to1_chunk_6,33,IPC,10.466157752629913,96
sign_test_er0.2__norm_spectral_radius,matched_er_4to1_chunk_6,33,KR,5.1535514158507185,96
sign_test_er0.2__norm_spectral_radius,matched_er_4to1_chunk_6,33,MC,5.747792179385821,96
sign_test_er0.2__norm_spectral_radius,matched_er_4to1_chunk_6,33,cosine_similarity,0.0274694715626537,96
sign_test_er0.2__norm_spectral_radius,matched_er_4to1_chunk_6,33,kl_to_gaussian,0.0,96
sign_test_er0.2__norm_spectral_radius,matched_er_4to1_chunk_6,33,wt_mean,0.00285347382305185,96
sign_test_er0.2__norm_spectral_radius,matched_er_4to1_chunk_6,34,GR,10.86759061863025,96
sign_test_er0.2__norm_spectral_radius,matched_er_4to1_chunk_6,34,IPC,10.411300950314816,96
sign_test_er0.2__norm_spectral_radius,matched_er_4to1_chunk_6,34,KR,5.546920987466971,96
sign_test_er0.2__norm_spectral_radius,matched_er_4to1_chunk_6,34,MC,5.58809481933713,96
sign_test_er0.2__norm_spectral_radius,matched_er_4to1_chunk_6,34,cosine_similarity,0.029134302400052502,96
sign_test_er0.2__norm_spectral_radius,matched_er_4to1_chunk_6,34,kl_to_gaussian,0.0,96
sign_test_er0.2__norm_spectral_radius,matched_er_4to1_chunk_6,34,wt_mean,0.0028837663121521,96
sign_test_er0.2__norm_spectral_radius,matched_er_4to1_chunk_7,35,GR,9.467903980364403,96
sign_test_er0.2__norm_spectral_radius,matched_er_4to1_chunk_7,35,IPC,10.032098684740879,96
sign_test_er0.2__norm_spectral_radius,matched_er_4to1_chunk_7,35,KR,4.872309270004432,96
sign_test_er0.2__norm_spectral_radius,matched_er_4to1_chunk_7,35,MC,5.341973815113306,96
sign_test_er0.2__norm_spectral_radius,matched_er_4to1_chunk_7,35,cosine_similarity,0.01859045447781675,96
sign_test_er0.2__norm_spectral_radius,matched_er_4to1_chunk_7,35,kl_to_gaussian,0.0,96
sign_test_er0.2__norm_spectral_radius,matched_er_4to1_chunk_7,35,wt_mean,0.00288576964521775,96
sign_test_er0.2__norm_spectral_radius,matched_er_4to1_chunk_7,36,GR,10.792831979691982,96
sign_test_er0.2__norm_spectral_radius,matched_er_4to1_chunk_7,36,IPC,10.058204191820176,96
sign_test_er0.2__norm_spectral_radius,matched_er_4to1_chunk_7,36,KR,5.52338220179081,96
sign_test_er0.2__norm_spectral_radius,matched_er_4to1_chunk_7,36,MC,5.530035660912593,96
sign_test_er0.2__norm_spectral_radius,matched_er_4to1_chunk_7,36,cosine_similarity,0.026637069415301026,96
sign_test_er0.2__norm_spectral_radius,matched_er_4to1_chunk_7,36,kl_to_gaussian,0.0,96
sign_test_er0.2__norm_spectral_radius,matched_er_4to1_chunk_7,36,wt_mean,0.00285530550172545,96
sign_test_er0.2__norm_spectral_radius,matched_er_4to1_chunk_7,37,GR,10.251273776094118,96
sign_test_er0.2__norm_spectral_radius,matched_er_4to1_chunk_7,37,IPC,10.832613253663125,96
sign_test_er0.2__norm_spectral_radius,matched_er_4to1_chunk_7,37,KR,5.295372226585944,96
sign_test_er0.2__norm_spectral_radius,matched_er_4to1_chunk_7,37,MC,5.692011043429375,96
sign_test_er0.2__norm_spectral_radius,matched_er_4to1_chunk_7,37,cosine_similarity,0.02996669849380845,96
sign_test_er0.2__norm_spectral_radius,matched_er_4to1_chunk_7,37,kl_to_gaussian,0.0,96
sign_test_er0.2__norm_spectral_radius,matched_er_4to1_chunk_7,37,wt_mean,0.002908833615947425,96
sign_test_er0.2__norm_spectral_radius,matched_er_4to1_chunk_7,38,GR,9.870415352284908,96
sign_test_er0.2__norm_spectral_radius,matched_er_4to1_chunk_7,38,IPC,9.714266810540506,96
sign_test_er0.2__norm_spectral_radius,matched_er_4to1_chunk_7,38,KR,5.197837722798188,96
sign_test_er0.2__norm_spectral_radius,matched_er_4to1_chunk_7,38,MC,5.17767417927583,96
sign_test_er0.2__norm_spectral_radius,matched_er_4to1_chunk_7,38,cosine_similarity,0.023029972799122275,96
sign_test_er0.2__norm_spectral_radius,matched_er_4to1_chunk_7,38,kl_to_gaussian,0.0,96
sign_test_er0.2__norm_spectral_radius,matched_er_4to1_chunk_7,38,wt_mean,0.00280196807580065,96
sign_test_er0.2__norm_spectral_radius,matched_er_4to1_chunk_7,39,GR,9.980671507616838,96
sign_test_er0.2__norm_spectral_radius,matched_er_4to1_chunk_7,39,IPC,9.873521083615557,96
sign_test_er0.2__norm_spectral_radius,matched_er_4to1_chunk_7,39,KR,5.1162089842061205,96
sign_test_er0.2__norm_spectral_radius,matched_er_4to1_chunk_7,39,MC,5.419257226089637,96
sign_test_er0.2__norm_spectral_radius,matched_er_4to1_chunk_7,39,cosine_similarity,0.02580465981736775,96
sign_test_er0.2__norm_spectral_radius,matched_er_4to1_chunk_7,39,kl_to_gaussian,0.0,96
sign_test_er0.2__norm_spectral_radius,matched_er_4to1_chunk_7,39,wt_mean,0.0028552508447319005,96
sign_test_er0.2__norm_spectral_radius,matched_er_4to1_chunk_8,40,GR,10.830569818615913,96
sign_test_er0.2__norm_spectral_radius,matched_er_4to1_chunk_8,40,IPC,9.843566494437091,96
sign_test_er0.2__norm_spectral_radius,matched_er_4to1_chunk_8,40,KR,5.667421539624532,96
sign_test_er0.2__norm_spectral_radius,matched_er_4to1_chunk_8,40,MC,5.24689348662893,96
sign_test_er0.2__norm_spectral_radius,matched_er_4to1_chunk_8,40,cosine_similarity,0.019700329750776225,96
sign_test_er0.2__norm_spectral_radius,matched_er_4to1_chunk_8,40,kl_to_gaussian,0.0,96
sign_test_er0.2__norm_spectral_radius,matched_er_4to1_chunk_8,40,wt_mean,0.0029180890414863252,96
sign_test_er0.2__norm_spectral_radius,matched_er_4to1_chunk_8,41,GR,10.22623080511888,96
sign_test_er0.2__norm_spectral_radius,matched_er_4to1_chunk_8,41,IPC,9.939521903125724,96
sign_test_er0.2__norm_spectral_radius,matched_er_4to1_chunk_8,41,KR,5.106581127891938,96
sign_test_er0.2__norm_spectral_radius,matched_er_4to1_chunk_8,41,MC,5.2072061995665235,96
sign_test_er0.2__norm_spectral_radius,matched_er_4to1_chunk_8,41,cosine_similarity,0.021365148946642848,96
sign_test_er0.2__norm_spectral_radius,matched_er_4to1_chunk_8,41,kl_to_gaussian,0.0,96
sign_test_er0.2__norm_spectral_radius,matched_er_4to1_chunk_8,41,wt_mean,0.002849909244105175,96
sign_test_er0.2__norm_spectral_radius,matched_er_4to1_chunk_8,42,GR,11.266127206385136,96
sign_test_er0.2__norm_spectral_radius,matched_er_4to1_chunk_8,42,IPC,10.774519922134608,96
sign_test_er0.2__norm_spectral_radius,matched_er_4to1_chunk_8,42,KR,5.947996544341247,96
sign_test_er0.2__norm_spectral_radius,matched_er_4to1_chunk_8,42,MC,5.894662365317345,96
sign_test_er0.2__norm_spectral_radius,matched_er_4to1_chunk_8,42,cosine_similarity,0.024972251150757022,96
sign_test_er0.2__norm_spectral_radius,matched_er_4to1_chunk_8,42,kl_to_gaussian,0.0,96
sign_test_er0.2__norm_spectral_radius,matched_er_4to1_chunk_8,42,wt_mean,0.002851541736163175,96
sign_test_er0.2__norm_spectral_radius,matched_er_4to1_chunk_8,43,GR,9.22224992265304,96
sign_test_er0.2__norm_spectral_radius,matched_er_4to1_chunk_8,43,IPC,9.444216180302492,96
sign_test_er0.2__norm_spectral_radius,matched_er_4to1_chunk_8,43,KR,4.8411953039467335,96
sign_test_er0.2__norm_spectral_radius,matched_er_4to1_chunk_8,43,MC,5.1630583964288235,96
sign_test_er0.2__norm_spectral_radius,matched_er_4to1_chunk_8,43,cosine_similarity,0.02635960793122645,96
sign_test_er0.2__norm_spectral_radius,matched_er_4to1_chunk_8,43,kl_to_gaussian,0.0,96
sign_test_er0.2__norm_spectral_radius,matched_er_4to1_chunk_8,43,wt_mean,0.0027979693259112,96
sign_test_er0.2__norm_spectral_radius,matched_er_4to1_chunk_8,44,GR,8.966595862060785,96
sign_test_er0.2__norm_spectral_radius,matched_er_4to1_chunk_8,44,IPC,9.911875157596754,96
sign_test_er0.2__norm_spectral_radius,matched_er_4to1_chunk_8,44,KR,4.730748397608598,96
sign_test_er0.2__norm_spectral_radius,matched_er_4to1_chunk_8,44,MC,5.380135901272297,96
sign_test_er0.2__norm_spectral_radius,matched_er_4to1_chunk_8,44,cosine_similarity,0.025249726139008954,96
sign_test_er0.2__norm_spectral_radius,matched_er_4to1_chunk_8,44,kl_to_gaussian,0.0,96
sign_test_er0.2__norm_spectral_radius,matched_er_4to1_chunk_8,44,wt_mean,0.0028398913564160245,96
sign_test_er0.2__norm_spectral_radius,matched_er_4to1_chunk_9,45,GR,9.476418292770783,96
sign_test_er0.2__norm_spectral_radius,matched_er_4to1_chunk_9,45,IPC,10.354751491714916,96
sign_test_er0.2__norm_spectral_radius,matched_er_4to1_chunk_9,45,KR,5.011791835228602,96
sign_test_er0.2__norm_spectral_radius,matched_er_4to1_chunk_9,45,MC,5.661656675239404,96
sign_test_er0.2__norm_spectral_radius,matched_er_4to1_chunk_9,45,cosine_similarity,0.02774693537503475,96
sign_test_er0.2__norm_spectral_radius,matched_er_4to1_chunk_9,45,kl_to_gaussian,0.0,96
sign_test_er0.2__norm_spectral_radius,matched_er_4to1_chunk_9,45,wt_mean,0.002860714797861825,96
sign_test_er0.2__norm_spectral_radius,matched_er_4to1_chunk_9,46,GR,10.73142941792806,96
sign_test_er0.2__norm_spectral_radius,matched_er_4to1_chunk_9,46,IPC,10.141743031153387,96
sign_test_er0.2__norm_spectral_radius,matched_er_4to1_chunk_9,46,KR,5.6407854209343595,96
sign_test_er0.2__norm_spectral_radius,matched_er_4to1_chunk_9,46,MC,5.755743144700925,96
sign_test_er0.2__norm_spectral_radius,matched_er_4to1_chunk_9,46,cosine_similarity,0.027469475287944023,96
sign_test_er0.2__norm_spectral_radius,matched_er_4to1_chunk_9,46,kl_to_gaussian,0.0,96
sign_test_er0.2__norm_spectral_radius,matched_er_4to1_chunk_9,46,wt_mean,0.00287478341488165,96
sign_test_er0.2__norm_spectral_radius,matched_er_4to1_chunk_9,47,GR,11.19011635830005,96
sign_test_er0.2__norm_spectral_radius,matched_er_4to1_chunk_9,47,IPC,10.080677513433903,96
sign_test_er0.2__norm_spectral_radius,matched_er_4to1_chunk_9,47,KR,5.753246766825517,96
sign_test_er0.2__norm_spectral_radius,matched_er_4to1_chunk_9,47,MC,5.548502662529548,96
sign_test_er0.2__norm_spectral_radius,matched_er_4to1_chunk_9,47,cosine_similarity,0.022475029807537725,96
sign_test_er0.2__norm_spectral_radius,matched_er_4to1_chunk_9,47,kl_to_gaussian,0.0,96
sign_test_er0.2__norm_spectral_radius,matched_er_4to1_chunk_9,47,wt_mean,0.002923735766671575,96
sign_test_er0.2__norm_spectral_radius,matched_er_4to1_chunk_9,48,GR,10.572987409929434,96
sign_test_er0.2__norm_spectral_radius,matched_er_4to1_chunk_9,48,IPC,10.2339705004893,96
sign_test_er0.2__norm_spectral_radius,matched_er_4to1_chunk_9,48,KR,5.594245163102944,96
sign_test_er0.2__norm_spectral_radius,matched_er_4to1_chunk_9,48,MC,5.575667065878709,96
sign_test_er0.2__norm_spectral_radius,matched_er_4to1_chunk_9,48,cosine_similarity,0.022752496413886502,96
sign_test_er0.2__norm_spectral_radius,matched_er_4to1_chunk_9,48,kl_to_gaussian,0.0,96
sign_test_er0.2__norm_spectral_radius,matched_er_4to1_chunk_9,48,wt_mean,0.002840668312273875,96
sign_test_er0.2__norm_spectral_radius,matched_er_4to1_chunk_9,49,GR,9.694916968544325,96
sign_test_er0.2__norm_spectral_radius,matched_er_4to1_chunk_9,49,IPC,10.590152495727265,96
sign_test_er0.2__norm_spectral_radius,matched_er_4to1_chunk_9,49,KR,5.109420290837686,96
sign_test_er0.2__norm_spectral_radius,matched_er_4to1_chunk_9,49,MC,5.713557027280331,96
sign_test_er0.2__norm_spectral_radius,matched_er_4to1_chunk_9,49,cosine_similarity,0.02608212735503905,96
sign_test_er0.2__norm_spectral_radius,matched_er_4to1_chunk_9,49,kl_to_gaussian,0.0,96
sign_test_er0.2__norm_spectral_radius,matched_er_4to1_chunk_9,49,wt_mean,0.0028344633756205,96
sign_test_er0.4__norm_original_radius,matched_er_4to1_chunk_0,0,GR,11.311076864600182,96
sign_test_er0.4__norm_original_radius,matched_er_4to1_chunk_0,0,IPC,10.754484698196919,96
sign_test_er0.4__norm_original_radius,matched_er_4to1_chunk_0,0,KR,5.549058077236016,96
sign_test_er0.4__norm_original_radius,matched_er_4to1_chunk_0,0,MC,5.741068969170253,96
sign_test_er0.4__norm_original_radius,matched_er_4to1_chunk_0,0,cosine_similarity,0.00665926712099455,96
sign_test_er0.4__norm_original_radius,matched_er_4to1_chunk_0,0,kl_to_gaussian,0.0,96
sign_test_er0.4__norm_original_radius,matched_er_4to1_chunk_0,0,wt_mean,0.0010240314441033749,96
sign_test_er0.4__norm_original_radius,matched_er_4to1_chunk_0,1,GR,11.87287604312102,96
sign_test_er0.4__norm_original_radius,matched_er_4to1_chunk_0,1,IPC,11.691368273200455,96
sign_test_er0.4__norm_original_radius,matched_er_4to1_chunk_0,1,KR,5.934748247265816,96
sign_test_er0.4__norm_original_radius,matched_er_4to1_chunk_0,1,MC,6.352435864508152,96
sign_test_er0.4__norm_original_radius,matched_er_4to1_chunk_0,1,cosine_similarity,0.008324084337800726,96
sign_test_er0.4__norm_original_radius,matched_er_4to1_chunk_0,1,kl_to_gaussian,0.0,96
sign_test_er0.4__norm_original_radius,matched_er_4to1_chunk_0,1,wt_mean,0.001052470615832075,96
sign_test_er0.4__norm_original_radius,matched_er_4to1_chunk_0,2,GR,10.43891599526008,96
sign_test_er0.4__norm_original_radius,matched_er_4to1_chunk_0,2,IPC,10.829257387202583,96
sign_test_er0.4__norm_original_radius,matched_er_4to1_chunk_0,2,KR,5.288022305816412,96
sign_test_er0.4__norm_original_radius,matched_er_4to1_chunk_0,2,MC,6.037397723644972,96
sign_test_er0.4__norm_original_radius,matched_er_4to1_chunk_0,2,cosine_similarity,0.0052719191880896245,96
sign_test_er0.4__norm_original_radius,matched_er_4to1_chunk_0,2,kl_to_gaussian,0.0,96
sign_test_er0.4__norm_original_radius,matched_er_4to1_chunk_0,2,wt_mean,0.001030582367093275,96
sign_test_er0.4__norm_original_radius,matched_er_4to1_chunk_0,3,GR,11.09135672201713,96
sign_test_er0.4__norm_original_radius,matched_er_4to1_chunk_0,3,IPC,11.602939477381282,96
sign_test_er0.4__norm_original_radius,matched_er_4to1_chunk_0,3,KR,5.342627086987098,96
sign_test_er0.4__norm_original_radius,matched_er_4to1_chunk_0,3,MC,6.178704482813676,96
sign_test_er0.4__norm_original_radius,matched_er_4to1_chunk_0,3,cosine_similarity,0.004994451301172325,96
sign_test_er0.4__norm_original_radius,matched_er_4to1_chunk_0,3,kl_to_gaussian,0.0,96
sign_test_er0.4__norm_original_radius,matched_er_4to1_chunk_0,3,wt_mean,0.001045364755555025,96
sign_test_er0.4__norm_original_radius,matched_er_4to1_chunk_0,4,GR,10.206567034125328,96
sign_test_er0.4__norm_original_radius,matched_er_4to1_chunk_0,4,IPC,10.622083952401619,96
sign_test_er0.4__norm_original_radius,matched_er_4to1_chunk_0,4,KR,5.151616321255763,96
sign_test_er0.4__norm_original_radius,matched_er_4to1_chunk_0,4,MC,5.673196581502755,96
sign_test_er0.4__norm_original_radius,matched_er_4to1_chunk_0,4,cosine_similarity,0.014983354602009025,96
sign_test_er0.4__norm_original_radius,matched_er_4to1_chunk_0,4,kl_to_gaussian,0.0,96
sign_test_er0.4__norm_original_radius,matched_er_4to1_chunk_0,4,wt_mean,0.001020396870444475,96
sign_test_er0.4__norm_original_radius,matched_er_4to1_chunk_1,5,GR,10.325120297571024,96
sign_test_er0.4__norm_original_radius,matched_er_4to1_chunk_1,5,IPC,11.446965766261554,96
sign_test_er0.4__norm_original_radius,matched_er_4to1_chunk_1,5,KR,5.349566126863162,96
sign_test_er0.4__norm_original_radius,matched_er_4to1_chunk_1,5,MC,6.379298975070317,96
sign_test_er0.4__norm_original_radius,matched_er_4to1_chunk_1,5,cosine_similarity,0.00832408526912325,96
sign_test_er0.4__norm_original_radius,matched_er_4to1_chunk_1,5,kl_to_gaussian,0.0,96
sign_test_er0.4__norm_original_radius,matched_er_4to1_chunk_1,5,wt_mean,0.001036307163303675,96
sign_test_er0.4__norm_original_radius,matched_er_4to1_chunk_1,6,GR,9.023859878381094,96
sign_test_er0.4__norm_original_radius,matched_er_4to1_chunk_1,6,IPC,10.457134435590977,96
sign_test_er0.4__norm_original_radius,matched_er_4to1_chunk_1,6,KR,4.766033127903938,96
sign_test_er0.4__norm_original_radius,matched_er_4to1_chunk_1,6,MC,5.724639140069485,96
sign_test_er0.4__norm_original_radius,matched_er_4to1_chunk_1,6,cosine_similarity,0.0088790191803127,96
sign_test_er0.4__norm_original_radius,matched_er_4to1_chunk_1,6,kl_to_gaussian,0.0,96
sign_test_er0.4__norm_original_radius,matched_er_4to1_chunk_1,6,wt_mean,0.0010015069856308,96
sign_test_er0.4__norm_original_radius,matched_er_4to1_chunk_1,7,GR,10.770201419790586,96
sign_test_er0.4__norm_original_radius,matched_er_4to1_chunk_1,7,IPC,10.59631328070873,96
sign_test_er0.4__norm_original_radius,matched_er_4to1_chunk_1,7,KR,5.289990069965522,96
sign_test_er0.4__norm_original_radius,matched_er_4to1_chunk_1,7,MC,5.639256062606971,96
sign_test_er0.4__norm_original_radius,matched_er_4to1_chunk_1,7,cosine_similarity,0.009711431572213726,96
sign_test_er0.4__norm_original_radius,matched_er_4to1_chunk_1,7,kl_to_gaussian,0.0,96
sign_test_er0.4__norm_original_radius,matched_er_4to1_chunk_1,7,wt_mean,0.000999744544969825,96
sign_test_er0.4__norm_original_radius,matched_er_4to1_chunk_1,8,GR,11.119104765355587,96
sign_test_er0.4__norm_original_radius,matched_er_4to1_chunk_1,8,IPC,10.878979944405367,96
sign_test_er0.4__norm_original_radius,matched_er_4to1_chunk_1,8,KR,5.57941634953022,96
sign_test_er0.4__norm_original_radius,matched_er_4to1_chunk_1,8,MC,5.891379068295161,96
sign_test_er0.4__norm_original_radius,matched_er_4to1_chunk_1,8,cosine_similarity,-0.001387347234413,96
sign_test_er0.4__norm_original_radius,matched_er_4to1_chunk_1,8,kl_to_gaussian,0.0,96
sign_test_er0.4__norm_original_radius,matched_er_4to1_chunk_1,8,wt_mean,0.001014580950140925,96
sign_test_er0.4__norm_original_radius,matched_er_4to1_chunk_1,9,GR,10.290656201541424,96
sign_test_er0.4__norm_original_radius,matched_er_4to1_chunk_1,9,IPC,10.99965559842002,96
sign_test_er0.4__norm_original_radius,matched_er_4to1_chunk_1,9,KR,5.16088434184591,96
sign_test_er0.4__norm_original_radius,matched_er_4to1_chunk_1,9,MC,5.838142027457555,96
sign_test_er0.4__norm_original_radius,matched_er_4to1_chunk_1,9,cosine_similarity,0.00554938986897465,96
sign_test_er0.4__norm_original_radius,matched_er_4to1_chunk_1,9,kl_to_gaussian,0.0,96
sign_test_er0.4__norm_original_radius,matched_er_4to1_chunk_1,9,wt_mean,0.001058148089214175,96
sign_test_er0.4__norm_original_radius,matched_er_4to1_chunk_10,50,GR,10.176866680383682,96
sign_test_er0.4__norm_original_radius,matched_er_4to1_chunk_10,50,IPC,10.62710401026678,96
sign_test_er0.4__norm_original_radius,matched_er_4to1_chunk_10,50,KR,5.3345374539494514,96
sign_test_er0.4__norm_original_radius,matched_er_4to1_chunk_10,50,MC,5.709585656101505,96
sign_test_er0.4__norm_original_radius,matched_er_4to1_chunk_10,50,cosine_similarity,0.001664816896663925,96
sign_test_er0.4__norm_original_radius,matched_er_4to1_chunk_10,50,kl_to_gaussian,0.0,96
sign_test_er0.4__norm_original_radius,matched_er_4to1_chunk_10,50,wt_mean,0.001039418566506325,96
sign_test_er0.4__norm_original_radius,matched_er_4to1_chunk_10,51,GR,10.669921584427357,96
sign_test_er0.4__norm_original_radius,matched_er_4to1_chunk_10,51,IPC,10.719004460195706,96
sign_test_er0.4__norm_original_radius,matched_er_4to1_chunk_10,51,KR,5.472402125597,96
sign_test_er0.4__norm_original_radius,matched_er_4to1_chunk_10,51,MC,5.811508439481258,96
sign_test_er0.4__norm_original_radius,matched_er_4to1_chunk_10,51,cosine_similarity,0.004439511219970825,96
sign_test_er0.4__norm_original_radius,matched_er_4to1_chunk_10,51,kl_to_gaussian,0.0,96
sign_test_er0.4__norm_original_radius,matched_er_4to1_chunk_10,51,wt_mean,0.0010236225207336,96
sign_test_er0.4__norm_original_radius,matched_er_4to1_chunk_10,52,GR,10.331035089989504,96
sign_test_er0.4__norm_original_radius,matched_er_4to1_chunk_10,52,IPC,10.748127887567962,96
sign_test_er0.4__norm_original_radius,matched_er_4to1_chunk_10,52,KR,5.2455932175119715,96
sign_test_er0.4__norm_original_radius,matched_er_4to1_chunk_10,52,MC,5.830249764025211,96
sign_test_er0.4__norm_original_radius,matched_er_4to1_chunk_10,52,cosine_similarity,0.00610432843677695,96
sign_test_er0.4__norm_original_radius,matched_er_4to1_chunk_10,52,kl_to_gaussian,0.0,96
sign_test_er0.4__norm_original_radius,matched_er_4to1_chunk_10,52,wt_mean,0.001030316125252225,96
sign_test_er0.4__norm_original_radius,matched_er_4to1_chunk_10,53,GR,11.299791884919008,96
sign_test_er0.4__norm_original_radius,matched_er_4to1_chunk_10,53,IPC,11.884756082730249,96
sign_test_er0.4__norm_original_radius,matched_er_4to1_chunk_10,53,KR,5.670949014524619,96
sign_test_er0.4__norm_original_radius,matched_er_4to1_chunk_10,53,MC,6.4856243915855885,96
sign_test_er0.4__norm_original_radius,matched_er_4to1_chunk_10,53,cosine_similarity,0.012486124876886525,96
sign_test_er0.4__norm_original_radius,matched_er_4to1_chunk_10,53,kl_to_gaussian,0.0,96
sign_test_er0.4__norm_original_radius,matched_er_4to1_chunk_10,53,wt_mean,0.001071088205208025,96
sign_test_er0.4__norm_original_radius,matched_er_4to1_chunk_10,54,GR,10.500840549667677,96
sign_test_er0.4__norm_original_radius,matched_er_4to1_chunk_10,54,IPC,10.971358635798012,96
sign_test_er0.4__norm_original_radius,matched_er_4to1_chunk_10,54,KR,5.345915704965591,96
sign_test_er0.4__norm_original_radius,matched_er_4to1_chunk_10,54,MC,6.113741631309192,96
sign_test_er0.4__norm_original_radius,matched_er_4to1_chunk_10,54,cosine_similarity,0.006381796789355525,96
sign_test_er0.4__norm_original_radius,matched_er_4to1_chunk_10,54,kl_to_gaussian,0.0,96
sign_test_er0.4__norm_original_radius,matched_er_4to1_chunk_10,54,wt_mean,0.001036086076055625,96
sign_test_er0.4__norm_original_radius,matched_er_4to1_chunk_11,55,GR,10.780025514463583,96
sign_test_er0.4__norm_original_radius,matched_er_4to1_chunk_11,55,IPC,11.350949217022785,96
sign_test_er0.4__norm_original_radius,matched_er_4to1_chunk_11,55,KR,5.391606902082761,96
sign_test_er0.4__norm_original_radius,matched_er_4to1_chunk_11,55,MC,6.001922304431598,96
sign_test_er0.4__norm_original_radius,matched_er_4to1_chunk_11,55,cosine_similarity,0.008324085036292625,96
sign_test_er0.4__norm_original_radius,matched_er_4to1_chunk_11,55,kl_to_gaussian,0.0,96
sign_test_er0.4__norm_original_radius,matched_er_4to1_chunk_11,55,wt_mean,0.001008320614346225,96
sign_test_er0.4__norm_original_radius,matched_er_4to1_chunk_11,56,GR,10.160910005370775,96
sign_test_er0.4__norm_original_radius,matched_er_4to1_chunk_11,56,IPC,10.925279962490885,96
sign_test_er0.4__norm_original_radius,matched_er_4to1_chunk_11,56,KR,5.226400410135587,96
sign_test_er0.4__norm_original_radius,matched_er_4to1_chunk_11,56,MC,5.798327572643757,96
sign_test_er0.4__norm_original_radius,matched_er_4to1_chunk_11,56,cosine_similarity,0.003884573990944725,96
sign_test_er0.4__norm_original_radius,matched_er_4to1_chunk_11,56,kl_to_gaussian,0.0,96
sign_test_er0.4__norm_original_radius,matched_er_4to1_chunk_11,56,wt_mean,0.0010050555574707,96
sign_test_er0.4__norm_original_radius,matched_er_4to1_chunk_11,57,GR,10.451182566583157,96
sign_test_er0.4__norm_original_radius,matched_er_4to1_chunk_11,57,IPC,11.245687200676228,96
sign_test_er0.4__norm_original_radius,matched_er_4to1_chunk_11,57,KR,5.160514426728089,96
sign_test_er0.4__norm_original_radius,matched_er_4to1_chunk_11,57,MC,5.7585800513625145,96
sign_test_er0.4__norm_original_radius,matched_er_4to1_chunk_11,57,cosine_similarity,0.0080466163344681,96
sign_test_er0.4__norm_original_radius,matched_er_4to1_chunk_11,57,kl_to_gaussian,0.0,96
sign_test_er0.4__norm_original_radius,matched_er_4to1_chunk_11,57,wt_mean,0.0010202779667451499,96
sign_test_er0.4__norm_original_radius,matched_er_4to1_chunk_11,58,GR,10.763490649561087,96
sign_test_er0.4__norm_original_radius,matched_er_4to1_chunk_11,58,IPC,10.763175084494117,96
sign_test_er0.4__norm_original_radius,matched_er_4to1_chunk_11,58,KR,5.292422411342462,96
sign_test_er0.4__norm_original_radius,matched_er_4to1_chunk_11,58,MC,5.709098346531391,96
sign_test_er0.4__norm_original_radius,matched_er_4to1_chunk_11,58,cosine_similarity,0.00832408247515555,96
sign_test_er0.4__norm_original_radius,matched_er_4to1_chunk_11,58,kl_to_gaussian,0.0,96
sign_test_er0.4__norm_original_radius,matched_er_4to1_chunk_11,58,wt_mean,0.0010216191294602501,96
sign_test_er0.4__norm_original_radius,matched_er_4to1_chunk_11,59,GR,10.12806831796964,96
sign_test_er0.4__norm_original_radius,matched_er_4to1_chunk_11,59,IPC,11.030212145365825,96
sign_test_er0.4__norm_original_radius,matched_er_4to1_chunk_11,59,KR,5.217314573625724,96
sign_test_er0.4__norm_original_radius,matched_er_4to1_chunk_11,59,MC,5.817992761731148,96
sign_test_er0.4__norm_original_radius,matched_er_4to1_chunk_11,59,cosine_similarity,0.00027746942942025,96
sign_test_er0.4__norm_original_radius,matched_er_4to1_chunk_11,59,kl_to_gaussian,0.0,96
sign_test_er0.4__norm_original_radius,matched_er_4to1_chunk_11,59,wt_mean,0.00102413525746665,96
sign_test_er0.4__norm_original_radius,matched_er_4to1_chunk_12,60,GR,10.727318237225214,96
sign_test_er0.4__norm_original_radius,matched_er_4to1_chunk_12,60,IPC,10.900266992019324,96
sign_test_er0.4__norm_original_radius,matched_er_4to1_chunk_12,60,KR,5.534749895334244,96
sign_test_er0.4__norm_original_radius,matched_er_4to1_chunk_12,60,MC,5.905498498429854,96
sign_test_er0.4__norm_original_radius,matched_er_4to1_chunk_12,60,cosine_similarity,0.011931185144931024,96
sign_test_er0.4__norm_original_radius,matched_er_4to1_chunk_12,60,kl_to_gaussian,0.0,96
sign_test_er0.4__norm_original_radius,matched_er_4to1_chunk_12,60,wt_mean,0.001028353057336,96
sign_test_er0.4__norm_original_radius,matched_er_4to1_chunk_12,61,GR,11.790070079267025,96
sign_test_er0.4__norm_original_radius,matched_er_4to1_chunk_12,61,IPC,11.390967412677073,96
sign_test_er0.4__norm_original_radius,matched_er_4to1_chunk_12,61,KR,5.868597713609536,96
sign_test_er0.4__norm_original_radius,matched_er_4to1_chunk_12,61,MC,6.010434597730637,96
sign_test_er0.4__norm_original_radius,matched_er_4to1_chunk_12,61,cosine_similarity,0.008879022207111101,96
sign_test_er0.4__norm_original_radius,matched_er_4to1_chunk_12,61,kl_to_gaussian,0.0,96
sign_test_er0.4__norm_original_radius,matched_er_4to1_chunk_12,61,wt_mean,0.0010148104629479,96
sign_test_er0.4__norm_original_radius,matched_er_4to1_chunk_12,62,GR,10.818553733328978,96
sign_test_er0.4__norm_original_radius,matched_er_4to1_chunk_12,62,IPC,11.127608747628607,96
sign_test_er0.4__norm_original_radius,matched_er_4to1_chunk_12,62,KR,5.468294066687425,96
sign_test_er0.4__norm_original_radius,matched_er_4to1_chunk_12,62,MC,5.927201433728139,96
sign_test_er0.4__norm_original_radius,matched_er_4to1_chunk_12,62,cosine_similarity,0.006659267586655876,96
sign_test_er0.4__norm_original_radius,matched_er_4to1_chunk_12,62,kl_to_gaussian,0.0,96
sign_test_er0.4__norm_original_radius,matched_er_4to1_chunk_12,62,wt_mean,0.0010401011677458499,96
sign_test_er0.4__norm_original_radius,matched_er_4to1_chunk_12,63,GR,10.200613419214884,96
sign_test_er0.4__norm_original_radius,matched_er_4to1_chunk_12,63,IPC,11.407686077662161,96
sign_test_er0.4__norm_original_radius,matched_er_4to1_chunk_12,63,KR,5.197442849477132,96
sign_test_er0.4__norm_original_radius,matched_er_4to1_chunk_12,63,MC,5.924718350172043,96
sign_test_er0.4__norm_original_radius,matched_er_4to1_chunk_12,63,cosine_similarity,0.005549389519728675,96
sign_test_er0.4__norm_original_radius,matched_er_4to1_chunk_12,63,kl_to_gaussian,0.0,96
sign_test_er0.4__norm_original_radius,matched_er_4to1_chunk_12,63,wt_mean,0.00100899113749615,96
sign_test_er0.4__norm_original_radius,matched_er_4to1_chunk_12,64,GR,10.036653434236845,96
sign_test_er0.4__norm_original_radius,matched_er_4to1_chunk_12,64,IPC,10.039911124680307,96
sign_test_er0.4__norm_original_radius,matched_er_4to1_chunk_12,64,KR,5.0763006793955965,96
sign_test_er0.4__norm_original_radius,matched_er_4to1_chunk_12,64,MC,5.4778007219235105,96
sign_test_er0.4__norm_original_radius,matched_er_4to1_chunk_12,64,cosine_similarity,0.014983351808041273,96
sign_test_er0.4__norm_original_radius,matched_er_4to1_chunk_12,64,kl_to_gaussian,0.0,96
sign_test_er0.4__norm_original_radius,matched_er_4to1_chunk_12,64,wt_mean,0.001000663964077775,96
sign_test_er0.4__norm_original_radius,matched_er_4to1_chunk_13,65,GR,10.532868271072706,96
sign_test_er0.4__norm_original_radius,matched_er_4to1_chunk_13,65,IPC,11.276943930845762,96
sign_test_er0.4__norm_original_radius,matched_er_4to1_chunk_13,65,KR,5.388417075077693,96
sign_test_er0.4__norm_original_radius,matched_er_4to1_chunk_13,65,MC,5.905630866686503,96
sign_test_er0.4__norm_original_radius,matched_er_4to1_chunk_13,65,cosine_similarity,0.0099889005068689,96
sign_test_er0.4__norm_original_radius,matched_er_4to1_chunk_13,65,kl_to_gaussian,0.0,96
sign_test_er0.4__norm_original_radius,matched_er_4to1_chunk_13,65,wt_mean,0.001038221482303875,96
sign_test_er0.4__norm_original_radius,matched_er_4to1_chunk_13,66,GR,10.299202986061573,96
sign_test_er0.4__norm_original_radius,matched_er_4to1_chunk_13,66,IPC,10.542832489975131,96
sign_test_er0.4__norm_original_radius,matched_er_4to1_chunk_13,66,KR,5.201918235669534,96
sign_test_er0.4__norm_original_radius,matched_er_4to1_chunk_13,66,MC,5.699402983610828,96
sign_test_er0.4__norm_original_radius,matched_er_4to1_chunk_13,66,cosine_similarity,0.008324081776663625,96
sign_test_er0.4__norm_original_radius,matched_er_4to1_chunk_13,66,kl_to_gaussian,0.0,96
sign_test_er0.4__norm_original_radius,matched_er_4to1_chunk_13,66,wt_mean,0.0010329004580853,96
sign_test_er0.4__norm_original_radius,matched_er_4to1_chunk_13,67,GR,10.268529658516249,96
sign_test_er0.4__norm_original_radius,matched_er_4to1_chunk_13,67,IPC,10.645338190620782,96
sign_test_er0.4__norm_original_radius,matched_er_4to1_chunk_13,67,KR,5.28229105224212,96
sign_test_er0.4__norm_original_radius,matched_er_4to1_chunk_13,67,MC,5.809445095558961,96
sign_test_er0.4__norm_original_radius,matched_er_4to1_chunk_13,67,cosine_similarity,0.010543841402977627,96
sign_test_er0.4__norm_original_radius,matched_er_4to1_chunk_13,67,kl_to_gaussian,0.0,96
sign_test_er0.4__norm_original_radius,matched_er_4to1_chunk_13,67,wt_mean,0.0010220146505161502,96
sign_test_er0.4__norm_original_radius,matched_er_4to1_chunk_13,68,GR,10.217048190534115,96
sign_test_er0.4__norm_original_radius,matched_er_4to1_chunk_13,68,IPC,11.103880773813474,96
sign_test_er0.4__norm_original_radius,matched_er_4to1_chunk_13,68,KR,5.226268927256267,96
sign_test_er0.4__norm_original_radius,matched_er_4to1_chunk_13,68,MC,5.938869262735049,96
sign_test_er0.4__norm_original_radius,matched_er_4to1_chunk_13,68,cosine_similarity,0.006104328669607574,96
sign_test_er0.4__norm_original_radius,matched_er_4to1_chunk_13,68,kl_to_gaussian,0.0,96
sign_test_er0.4__norm_original_radius,matched_er_4to1_chunk_13,68,wt_mean,0.001029875362291875,96
sign_test_er0.4__norm_original_radius,matched_er_4to1_chunk_13,69,GR,11.21338007847468,96
sign_test_er0.4__norm_original_radius,matched_er_4to1_chunk_13,69,IPC,11.196859775364628,96
sign_test_er0.4__norm_original_radius,matched_er_4to1_chunk_13,69,KR,5.5802804455161095,96
sign_test_er0.4__norm_original_radius,matched_er_4to1_chunk_13,69,MC,5.9609586497147875,96
sign_test_er0.4__norm_original_radius,matched_er_4to1_chunk_13,69,cosine_similarity,0.0099889005068689,96
sign_test_er0.4__norm_original_radius,matched_er_4to1_chunk_13,69,kl_to_gaussian,0.0,96
sign_test_er0.4__norm_original_radius,matched_er_4to1_chunk_13,69,wt_mean,0.001018897586618525,96
sign_test_er0.4__norm_original_radius,matched_er_4to1_chunk_14,70,GR,10.206058596571287,96
sign_test_er0.4__norm_original_radius,matched_er_4to1_chunk_14,70,IPC,10.244462014819879,96
sign_test_er0.4__norm_original_radius,matched_er_4to1_chunk_14,70,KR,5.162603382021189,96
sign_test_er0.4__norm_original_radius,matched_er_4to1_chunk_14,70,MC,5.616819474846125,96
sign_test_er0.4__norm_original_radius,matched_er_4to1_chunk_14,70,cosine_similarity,0.002219755726400725,96
sign_test_er0.4__norm_original_radius,matched_er_4to1_chunk_14,70,kl_to_gaussian,0.0,96
sign_test_er0.4__norm_original_radius,matched_er_4to1_chunk_14,70,wt_mean,0.0010196911753155,96
sign_test_er0.4__norm_original_radius,matched_er_4to1_chunk_14,71,GR,9.178477741777897,96
sign_test_er0.4__norm_original_radius,matched_er_4to1_chunk_14,71,IPC,10.921768394494828,96
sign_test_er0.4__norm_original_radius,matched_er_4to1_chunk_14,71,KR,4.802817411720753,96
sign_test_er0.4__norm_original_radius,matched_er_4to1_chunk_14,71,MC,5.677624410639207,96
sign_test_er0.4__norm_original_radius,matched_er_4to1_chunk_14,71,cosine_similarity,0.00554938847199075,96
sign_test_er0.4__norm_original_radius,matched_er_4to1_chunk_14,71,kl_to_gaussian,0.0,96
sign_test_er0.4__norm_original_radius,matched_er_4to1_chunk_14,71,wt_mean,0.0010272914805682,96
sign_test_er0.4__norm_original_radius,matched_er_4to1_chunk_14,72,GR,9.814042088886103,96
sign_test_er0.4__norm_original_radius,matched_er_4to1_chunk_14,72,IPC,11.37050113498542,96
sign_test_er0.4__norm_original_radius,matched_er_4to1_chunk_14,72,KR,5.080027787635724,96
sign_test_er0.4__norm_original_radius,matched_er_4to1_chunk_14,72,MC,6.231005236506462,96
sign_test_er0.4__norm_original_radius,matched_er_4to1_chunk_14,72,cosine_similarity,0.0063817977206780995,96
sign_test_er0.4__norm_original_radius,matched_er_4to1_chunk_14,72,kl_to_gaussian,0.0,96
sign_test_er0.4__norm_original_radius,matched_er_4to1_chunk_14,72,wt_mean,0.001031420295475925,96
sign_test_er0.4__norm_original_radius,matched_er_4to1_chunk_14,73,GR,9.953215137124062,96
sign_test_er0.4__norm_original_radius,matched_er_4to1_chunk_14,73,IPC,11.26621009182413,96
sign_test_er0.4__norm_original_radius,matched_er_4to1_chunk_14,73,KR,5.269770398736,96
sign_test_er0.4__norm_original_radius,matched_er_4to1_chunk_14,73,MC,6.201677447805802,96
sign_test_er0.4__norm_original_radius,matched_er_4to1_chunk_14,73,cosine_similarity,0.011098781134933176,96
sign_test_er0.4__norm_original_radius,matched_er_4to1_chunk_14,73,kl_to_gaussian,0.0,96
sign_test_er0.4__norm_original_radius,matched_er_4to1_chunk_14,73,wt_mean,0.00103583739837625,96
sign_test_er0.4__norm_original_radius,matched_er_4to1_chunk_14,74,GR,11.880763771633307,96
sign_test_er0.4__norm_original_radius,matched_er_4to1_chunk_14,74,IPC,11.421874604283031,96
sign_test_er0.4__norm_original_radius,matched_er_4to1_chunk_14,74,KR,5.800262190401554,96
sign_test_er0.4__norm_original_radius,matched_er_4to1_chunk_14,74,MC,6.026297916968663,96
sign_test_er0.4__norm_original_radius,matched_er_4to1_chunk_14,74,cosine_similarity,0.013596001313999274,96
sign_test_er0.4__norm_original_radius,matched_er_4to1_chunk_14,74,kl_to_gaussian,0.0,96
sign_test_er0.4__norm_original_radius,matched_er_4to1_chunk_14,74,wt_mean,0.0010427563684060998,96
sign_test_er0.4__norm_original_radius,matched_er_4to1_chunk_15,75,GR,10.204076950748762,96
sign_test_er0.4__norm_original_radius,matched_er_4to1_chunk_15,75,IPC,11.163323890314437,96
sign_test_er0.4__norm_original_radius,matched_er_4to1_chunk_15,75,KR,5.199121192097664,96
sign_test_er0.4__norm_original_radius,matched_er_4to1_chunk_15,75,MC,6.04133706043164,96
sign_test_er0.4__norm_original_radius,matched_er_4to1_chunk_15,75,cosine_similarity,0.013873474905267325,96
sign_test_er0.4__norm_original_radius,matched_er_4to1_chunk_15,75,kl_to_gaussian,0.0,96
sign_test_er0.4__norm_original_radius,matched_er_4to1_chunk_15,75,wt_mean,0.0010222829441772251,96
sign_test_er0.4__norm_original_radius,matched_er_4to1_chunk_15,76,GR,10.752997696399689,96
sign_test_er0.4__norm_original_radius,matched_er_4to1_chunk_15,76,IPC,11.522084007044365,96
sign_test_er0.4__norm_original_radius,matched_er_4to1_chunk_15,76,KR,5.473988547921181,96
sign_test_er0.4__norm_original_radius,matched_er_4to1_chunk_15,76,MC,6.235847383737564,96
sign_test_er0.4__norm_original_radius,matched_er_4to1_chunk_15,76,cosine_similarity,0.011376246111467425,96
sign_test_er0.4__norm_original_radius,matched_er_4to1_chunk_15,76,kl_to_gaussian,0.0,96
sign_test_er0.4__norm_original_radius,matched_er_4to1_chunk_15,76,wt_mean,0.0010489973647054,96
sign_test_er0.4__norm_original_radius,matched_er_4to1_chunk_15,77,GR,9.756269333263239,96
sign_test_er0.4__norm_original_radius,matched_er_4to1_chunk_15,77,IPC,11.000727082300253,96
sign_test_er0.4__norm_original_radius,matched_er_4to1_chunk_15,77,KR,5.155153748889764,96
sign_test_er0.4__norm_original_radius,matched_er_4to1_chunk_15,77,MC,6.024981329838435,96
sign_test_er0.4__norm_original_radius,matched_er_4to1_chunk_15,77,cosine_similarity,0.0041620425181463005,96
sign_test_er0.4__norm_original_radius,matched_er_4to1_chunk_15,77,kl_to_gaussian,0.0,96
sign_test_er0.4__norm_original_radius,matched_er_4to1_chunk_15,77,wt_mean,0.001029279912472675,96
sign_test_er0.4__norm_original_radius,matched_er_4to1_chunk_15,78,GR,10.591514475643635,96
sign_test_er0.4__norm_original_radius,matched_er_4to1_chunk_15,78,IPC,11.025148214290574,96
sign_test_er0.4__norm_original_radius,matched_er_4to1_chunk_15,78,KR,5.237595625221729,96
sign_test_er0.4__norm_original_radius,matched_er_4to1_chunk_15,78,MC,5.877107518414657,96
sign_test_er0.4__norm_original_radius,matched_er_4to1_chunk_15,78,cosine_similarity,0.009156491840258175,96
sign_test_er0.4__norm_original_radius,matched_er_4to1_chunk_15,78,kl_to_gaussian,0.0,96
sign_test_er0.4__norm_original_radius,matched_er_4to1_chunk_15,78,wt_mean,0.001019751667627075,96
sign_test_er0.4__norm_original_radius,matched_er_4to1_chunk_15,79,GR,10.813280507922173,96
sign_test_er0.4__norm_original_radius,matched_er_4to1_chunk_15,79,IPC,10.842871650062172,96
sign_test_er0.4__norm_original_radius,matched_er_4to1_chunk_15,79,KR,5.4107552121082945,96
sign_test_er0.4__norm_original_radius,matched_er_4to1_chunk_15,79,MC,5.956016355504592,96
sign_test_er0.4__norm_original_radius,matched_er_4to1_chunk_15,79,cosine_similarity,0.0030521643930114498,96
sign_test_er0.4__norm_original_radius,matched_er_4to1_chunk_15,79,kl_to_gaussian,0.0,96
sign_test_er0.4__norm_original_radius,matched_er_4to1_chunk_15,79,wt_mean,0.001027439720928625,96
sign_test_er0.4__norm_original_radius,matched_er_4to1_chunk_16,80,GR,10.887211181223392,96
sign_test_er0.4__norm_original_radius,matched_er_4to1_chunk_16,80,IPC,9.938416716147547,96
sign_test_er0.4__norm_original_radius,matched_er_4to1_chunk_16,80,KR,5.5353825117150945,96
sign_test_er0.4__norm_original_radius,matched_er_4to1_chunk_16,80,MC,5.872592056790988,96
sign_test_er0.4__norm_original_radius,matched_er_4to1_chunk_16,80,cosine_similarity,0.0069367365213110245,96
sign_test_er0.4__norm_original_radius,matched_er_4to1_chunk_16,80,kl_to_gaussian,0.0,96
sign_test_er0.4__norm_original_radius,matched_er_4to1_chunk_16,80,wt_mean,0.0010416116128908,96
sign_test_er0.4__norm_original_radius,matched_er_4to1_chunk_16,81,GR,10.240268543362617,96
sign_test_er0.4__norm_original_radius,matched_er_4to1_chunk_16,81,IPC,9.875298680474858,96
sign_test_er0.4__norm_original_radius,matched_er_4to1_chunk_16,81,KR,5.282786466181278,96
sign_test_er0.4__norm_original_radius,matched_er_4to1_chunk_16,81,MC,5.670869970073302,96
sign_test_er0.4__norm_original_radius,matched_er_4to1_chunk_16,81,cosine_similarity,0.004439511918462776,96
sign_test_er0.4__norm_original_radius,matched_er_4to1_chunk_16,81,kl_to_gaussian,0.0,96
sign_test_er0.4__norm_original_radius,matched_er_4to1_chunk_16,81,wt_mean,0.001033361069858025,96
sign_test_er0.4__norm_original_radius,matched_er_4to1_chunk_16,82,GR,10.022962344189486,96
sign_test_er0.4__norm_original_radius,matched_er_4to1_chunk_16,82,IPC,9.400888574854585,96
sign_test_er0.4__norm_original_radius,matched_er_4to1_chunk_16,82,KR,5.022045919050773,96
sign_test_er0.4__norm_original_radius,matched_er_4to1_chunk_16,82,MC,5.2642316420873,96
sign_test_er0.4__norm_original_radius,matched_er_4to1_chunk_16,82,cosine_similarity,0.011931188637390676,96
sign_test_er0.4__norm_original_radius,matched_er_4to1_chunk_16,82,kl_to_gaussian,0.0,96
sign_test_er0.4__norm_original_radius,matched_er_4to1_chunk_16,82,wt_mean,0.001015312911476875,96
sign_test_er0.4__norm_original_radius,matched_er_4to1_chunk_16,83,GR,10.99822005132834,96
sign_test_er0.4__norm_original_radius,matched_er_4to1_chunk_16,83,IPC,9.14105888112105,96
sign_test_er0.4__norm_original_radius,matched_er_4to1_chunk_16,83,KR,5.331151096771161,96
sign_test_er0.4__norm_original_radius,matched_er_4to1_chunk_16,83,MC,5.181124327083428,96
sign_test_er0.4__norm_original_radius,matched_er_4to1_chunk_16,83,cosine_similarity,0.011376248672604549,96
sign_test_er0.4__norm_original_radius,matched_er_4to1_chunk_16,83,kl_to_gaussian,0.0,96
sign_test_er0.4__norm_original_radius,matched_er_4to1_chunk_16,83,wt_mean,0.001033661479596,96
sign_test_er0.4__norm_original_radius,matched_er_4to1_chunk_16,84,GR,11.1264936303099,96
sign_test_er0.4__norm_original_radius,matched_er_4to1_chunk_16,84,IPC,10.36853199722883,96
sign_test_er0.4__norm_original_radius,matched_er_4to1_chunk_16,84,KR,5.61314735809962,96
sign_test_er0.4__norm_original_radius,matched_er_4to1_chunk_16,84,MC,5.813109481086333,96
sign_test_er0.4__norm_original_radius,matched_er_4to1_chunk_16,84,cosine_similarity,0.011098779505118674,96
sign_test_er0.4__norm_original_radius,matched_er_4to1_chunk_16,84,kl_to_gaussian,0.0,96
sign_test_er0.4__norm_original_radius,matched_er_4to1_chunk_16,84,wt_mean,0.0010229793406324,96
sign_test_er0.4__norm_original_radius,matched_er_4to1_chunk_17,85,GR,10.744229815900326,96
sign_test_er0.4__norm_original_radius,matched_er_4to1_chunk_17,85,IPC,9.697020027630405,96
sign_test_er0.4__norm_original_radius,matched_er_4to1_chunk_17,85,KR,5.325146660208702,96
sign_test_er0.4__norm_original_radius,matched_er_4to1_chunk_17,85,MC,5.471726787587007,96
sign_test_er0.4__norm_original_radius,matched_er_4to1_chunk_17,85,cosine_similarity,0.010266370605677325,96
sign_test_er0.4__norm_original_radius,matched_er_4to1_chunk_17,85,kl_to_gaussian,0.0,96
sign_test_er0.4__norm_original_radius,matched_er_4to1_chunk_17,85,wt_mean,0.001018763272440925,96
sign_test_er0.4__norm_original_radius,matched_er_4to1_chunk_17,86,GR,10.994937516748905,96
sign_test_er0.4__norm_original_radius,matched_er_4to1_chunk_17,86,IPC,9.733221979422085,96
sign_test_er0.4__norm_original_radius,matched_er_4to1_chunk_17,86,KR,5.477626254161199,96
sign_test_er0.4__norm_original_radius,matched_er_4to1_chunk_17,86,MC,5.664592518160741,96
sign_test_er0.4__norm_original_radius,matched_er_4to1_chunk_17,86,cosine_similarity,0.00166481663472945,96
sign_test_er0.4__norm_original_radius,matched_er_4to1_chunk_17,86,kl_to_gaussian,0.0,96
sign_test_er0.4__norm_original_radius,matched_er_4to1_chunk_17,86,wt_mean,0.00105150067247445,96
sign_test_er0.4__norm_original_radius,matched_er_4to1_chunk_17,87,GR,10.979083580275377,96
sign_test_er0.4__norm_original_radius,matched_er_4to1_chunk_17,87,IPC,9.290717153429373,96
sign_test_er0.4__norm_original_radius,matched_er_4to1_chunk_17,87,KR,5.402192369103432,96
sign_test_er0.4__norm_original_radius,matched_er_4to1_chunk_17,87,MC,5.264092129965623,96
sign_test_er0.4__norm_original_radius,matched_er_4to1_chunk_17,87,cosine_similarity,0.0105438395403325,96
sign_test_er0.4__norm_original_radius,matched_er_4to1_chunk_17,87,kl_to_gaussian,0.0,96
sign_test_er0.4__norm_original_radius,matched_er_4to1_chunk_17,87,wt_mean,0.0010221549746347,96
sign_test_er0.4__norm_original_radius,matched_er_4to1_chunk_17,88,GR,11.107678579787413,96
sign_test_er0.4__norm_original_radius,matched_er_4to1_chunk_17,88,IPC,9.57695319386618,96
sign_test_er0.4__norm_original_radius,matched_er_4to1_chunk_17,88,KR,5.40166409065326,96
sign_test_er0.4__norm_original_radius,matched_er_4to1_chunk_17,88,MC,5.342250699798266,96
sign_test_er0.4__norm_original_radius,matched_er_4to1_chunk_17,88,cosine_similarity,0.014705880777910301,96
sign_test_er0.4__norm_original_radius,matched_er_4to1_chunk_17,88,kl_to_gaussian,0.0,96
sign_test_er0.4__norm_original_radius,matched_er_4to1_chunk_17,88,wt_mean,0.001043434560415275,96
sign_test_er0.4__norm_original_radius,matched_er_4to1_chunk_17,89,GR,10.342706426978111,96
sign_test_er0.4__norm_original_radius,matched_er_4to1_chunk_17,89,IPC,9.459446382389503,96
sign_test_er0.4__norm_original_radius,matched_er_4to1_chunk_17,89,KR,5.283415844043096,96
sign_test_er0.4__norm_original_radius,matched_er_4to1_chunk_17,89,MC,5.52077888076504,96
sign_test_er0.4__norm_original_radius,matched_er_4to1_chunk_17,89,cosine_similarity,0.007769145886413725,96
sign_test_er0.4__norm_original_radius,matched_er_4to1_chunk_17,89,kl_to_gaussian,0.0,96
sign_test_er0.4__norm_original_radius,matched_er_4to1_chunk_17,89,wt_mean,0.0010275220847688249,96
sign_test_er0.4__norm_original_radius,matched_er_4to1_chunk_18,90,GR,10.993012388547262,96
sign_test_er0.4__norm_original_radius,matched_er_4to1_chunk_18,90,IPC,10.09086221835105,96
sign_test_er0.4__norm_original_radius,matched_er_4to1_chunk_18,90,KR,5.488611698150635,96
sign_test_er0.4__norm_original_radius,matched_er_4to1_chunk_18,90,MC,5.528702226777871,96
sign_test_er0.4__norm_original_radius,matched_er_4to1_chunk_18,90,cosine_similarity,0.004162041936069675,96
sign_test_er0.4__norm_original_radius,matched_er_4to1_chunk_18,90,kl_to_gaussian,0.0,96
sign_test_er0.4__norm_original_radius,matched_er_4to1_chunk_18,90,wt_mean,0.001018359951558475,96
sign_test_er0.4__norm_original_radius,matched_er_4to1_chunk_18,91,GR,10.669650527338186,96
sign_test_er0.4__norm_original_radius,matched_er_4to1_chunk_18,91,IPC,9.643046618137587,96
sign_test_er0.4__norm_original_radius,matched_er_4to1_chunk_18,91,KR,5.361430471142133,96
sign_test_er0.4__norm_original_radius,matched_er_4to1_chunk_18,91,MC,5.356266348312299,96
sign_test_er0.4__norm_original_radius,matched_er_4to1_chunk_18,91,cosine_similarity,0.001942286267876575,96
sign_test_er0.4__norm_original_radius,matched_er_4to1_chunk_18,91,kl_to_gaussian,0.0,96
sign_test_er0.4__norm_original_radius,matched_er_4to1_chunk_18,91,wt_mean,0.001021121788653475,96
sign_test_er0.4__norm_original_radius,matched_er_4to1_chunk_18,92,GR,10.226692433158556,96
sign_test_er0.4__norm_original_radius,matched_er_4to1_chunk_18,92,IPC,9.809759976979093,96
sign_test_er0.4__norm_original_radius,matched_er_4to1_chunk_18,92,KR,5.3131424660484,96
sign_test_er0.4__norm_original_radius,matched_er_4to1_chunk_18,92,MC,5.5166377400358515,96
sign_test_er0.4__norm_original_radius,matched_er_4to1_chunk_18,92,cosine_similarity,0.0052719210507347495,96
sign_test_er0.4__norm_original_radius,matched_er_4to1_chunk_18,92,kl_to_gaussian,0.0,96
sign_test_er0.4__norm_original_radius,matched_er_4to1_chunk_18,92,wt_mean,0.001018394978018425,96
sign_test_er0.4__norm_original_radius,matched_er_4to1_chunk_18,93,GR,10.11282971749703,96
sign_test_er0.4__norm_original_radius,matched_er_4to1_chunk_18,93,IPC,9.76656892396843,96
sign_test_er0.4__norm_original_radius,matched_er_4to1_chunk_18,93,KR,5.210452914237976,96
sign_test_er0.4__norm_original_radius,matched_er_4to1_chunk_18,93,MC,5.610723266998927,96
sign_test_er0.4__norm_original_radius,matched_er_4to1_chunk_18,93,cosine_similarity,0.005549389286898,96
sign_test_er0.4__norm_original_radius,matched_er_4to1_chunk_18,93,kl_to_gaussian,0.0,96
sign_test_er0.4__norm_original_radius,matched_er_4to1_chunk_18,93,wt_mean,0.001029163497150825,96
sign_test_er0.4__norm_original_radius,matched_er_4to1_chunk_18,94,GR,11.061065748333931,96
sign_test_er0.4__norm_original_radius,matched_er_4to1_chunk_18,94,IPC,10.295778824966323,96
sign_test_er0.4__norm_original_radius,matched_er_4to1_chunk_18,94,KR,5.526451622446378,96
sign_test_er0.4__norm_original_radius,matched_er_4to1_chunk_18,94,MC,5.802075879027446,96
sign_test_er0.4__norm_original_radius,matched_er_4to1_chunk_18,94,cosine_similarity,0.004439511918462775,96
sign_test_er0.4__norm_original_radius,matched_er_4to1_chunk_18,94,kl_to_gaussian,0.0,96
sign_test_er0.4__norm_original_radius,matched_er_4to1_chunk_18,94,wt_mean,0.0010456979362061,96
sign_test_er0.4__norm_original_radius,matched_er_4to1_chunk_19,95,GR,10.865100234746933,96
sign_test_er0.4__norm_original_radius,matched_er_4to1_chunk_19,95,IPC,9.853137155326214,96
sign_test_er0.4__norm_original_radius,matched_er_4to1_chunk_19,95,KR,5.448047176003456,96
sign_test_er0.4__norm_original_radius,matched_er_4to1_chunk_19,95,MC,5.686145252237718,96
sign_test_er0.4__norm_original_radius,matched_er_4to1_chunk_19,95,cosine_similarity,0.008046616101637425,96
sign_test_er0.4__norm_original_radius,matched_er_4to1_chunk_19,95,kl_to_gaussian,0.0,96
sign_test_er0.4__norm_original_radius,matched_er_4to1_chunk_19,95,wt_mean,0.001037616442772525,96
sign_test_er0.4__norm_original_radius,matched_er_4to1_chunk_19,96,GR,11.832054493327936,96
sign_test_er0.4__norm_original_radius,matched_er_4to1_chunk_19,96,IPC,9.819393282515533,96
sign_test_er0.4__norm_original_radius,matched_er_4to1_chunk_19,96,KR,5.698902529974778,96
sign_test_er0.4__norm_original_radius,matched_er_4to1_chunk_19,96,MC,5.50057874682049,96
sign_test_er0.4__norm_original_radius,matched_er_4to1_chunk_19,96,cosine_similarity,0.005549390567466575,96
sign_test_er0.4__norm_original_radius,matched_er_4to1_chunk_19,96,kl_to_gaussian,0.0,96
sign_test_er0.4__norm_original_radius,matched_er_4to1_chunk_19,96,wt_mean,0.001039365830365525,96
sign_test_er0.4__norm_original_radius,matched_er_4to1_chunk_19,97,GR,10.620989290376505,96
sign_test_er0.4__norm_original_radius,matched_er_4to1_chunk_19,97,IPC,9.917536721574042,96
sign_test_er0.4__norm_original_radius,matched_er_4to1_chunk_19,97,KR,5.364523174862067,96
sign_test_er0.4__norm_original_radius,matched_er_4to1_chunk_19,97,MC,5.58347288146615,96
sign_test_er0.4__norm_original_radius,matched_er_4to1_chunk_19,97,cosine_similarity,0.0041620418196543505,96
sign_test_er0.4__norm_original_radius,matched_er_4to1_chunk_19,97,kl_to_gaussian,0.0,96
sign_test_er0.4__norm_original_radius,matched_er_4to1_chunk_19,97,wt_mean,0.00102901426726015,96
sign_test_er0.4__norm_original_radius,matched_er_4to1_chunk_19,98,GR,10.768219788869223,96
sign_test_er0.4__norm_original_radius,matched_er_4to1_chunk_19,98,IPC,9.956318570889367,96
sign_test_er0.4__norm_original_radius,matched_er_4to1_chunk_19,98,KR,5.403891583283742,96
sign_test_er0.4__norm_original_radius,matched_er_4to1_chunk_19,98,MC,5.604433011263609,96
sign_test_er0.4__norm_original_radius,matched_er_4to1_chunk_19,98,cosine_similarity,0.011376249138265774,96
sign_test_er0.4__norm_original_radius,matched_er_4to1_chunk_19,98,kl_to_gaussian,0.0,96
sign_test_er0.4__norm_original_radius,matched_er_4to1_chunk_19,98,wt_mean,0.0010348470823373249,96
sign_test_er0.4__norm_original_radius,matched_er_4to1_chunk_19,99,GR,10.814622178673744,96
sign_test_er0.4__norm_original_radius,matched_er_4to1_chunk_19,99,IPC,9.803018213388802,96
sign_test_er0.4__norm_original_radius,matched_er_4to1_chunk_19,99,KR,5.6373951236406965,96
sign_test_er0.4__norm_original_radius,matched_er_4to1_chunk_19,99,MC,5.690759529670079,96
sign_test_er0.4__norm_original_radius,matched_er_4to1_chunk_19,99,cosine_similarity,0.01220865524373945,96
sign_test_er0.4__norm_original_radius,matched_er_4to1_chunk_19,99,kl_to_gaussian,0.0,96
sign_test_er0.4__norm_original_radius,matched_er_4to1_chunk_19,99,wt_mean,0.0010300114372512,96
sign_test_er0.4__norm_original_radius,matched_er_4to1_chunk_2,10,GR,10.600120017925898,96
sign_test_er0.4__norm_original_radius,matched_er_4to1_chunk_2,10,IPC,10.992884424287519,96
sign_test_er0.4__norm_original_radius,matched_er_4to1_chunk_2,10,KR,5.286940014610688,96
sign_test_er0.4__norm_original_radius,matched_er_4to1_chunk_2,10,MC,5.85865190004309,96
sign_test_er0.4__norm_original_radius,matched_er_4to1_chunk_2,10,cosine_similarity,0.007214205572381575,96
sign_test_er0.4__norm_original_radius,matched_er_4to1_chunk_2,10,kl_to_gaussian,0.0,96
sign_test_er0.4__norm_original_radius,matched_er_4to1_chunk_2,10,wt_mean,0.001028800805215675,96
sign_test_er0.4__norm_original_radius,matched_er_4to1_chunk_2,11,GR,10.393639860053858,96
sign_test_er0.4__norm_original_radius,matched_er_4to1_chunk_2,11,IPC,11.644911690631703,96
sign_test_er0.4__norm_original_radius,matched_er_4to1_chunk_2,11,KR,5.360214362541835,96
sign_test_er0.4__norm_original_radius,matched_er_4to1_chunk_2,11,MC,6.202447358518839,96
sign_test_er0.4__norm_original_radius,matched_er_4to1_chunk_2,11,cosine_similarity,0.0047169810859486,96
sign_test_er0.4__norm_original_radius,matched_er_4to1_chunk_2,11,kl_to_gaussian,0.0,96
sign_test_er0.4__norm_original_radius,matched_er_4to1_chunk_2,11,wt_mean,0.001009806714137025,96
sign_test_er0.4__norm_original_radius,matched_er_4to1_chunk_2,12,GR,12.03799625982841,96
sign_test_er0.4__norm_original_radius,matched_er_4to1_chunk_2,12,IPC,10.623399630714662,96
sign_test_er0.4__norm_original_radius,matched_er_4to1_chunk_2,12,KR,5.83332767834266,96
sign_test_er0.4__norm_original_radius,matched_er_4to1_chunk_2,12,MC,5.6581586711108685,96
sign_test_er0.4__norm_original_radius,matched_er_4to1_chunk_2,12,cosine_similarity,0.008879022439941726,96
sign_test_er0.4__norm_original_radius,matched_er_4to1_chunk_2,12,kl_to_gaussian,0.0,96
sign_test_er0.4__norm_original_radius,matched_er_4to1_chunk_2,12,wt_mean,0.001023201082716625,96
sign_test_er0.4__norm_original_radius,matched_er_4to1_chunk_2,13,GR,10.761934963365396,96
sign_test_er0.4__norm_original_radius,matched_er_4to1_chunk_2,13,IPC,11.005814913216577,96
sign_test_er0.4__norm_original_radius,matched_er_4to1_chunk_2,13,KR,5.38207729657491,96
sign_test_er0.4__norm_original_radius,matched_er_4to1_chunk_2,13,MC,5.994228977710009,96
sign_test_er0.4__norm_original_radius,matched_er_4to1_chunk_2,13,cosine_similarity,0.007769146119244351,96
sign_test_er0.4__norm_original_radius,matched_er_4to1_chunk_2,13,kl_to_gaussian,0.0,96
sign_test_er0.4__norm_original_radius,matched_er_4to1_chunk_2,13,wt_mean,0.00104302018007725,96
sign_test_er0.4__norm_original_radius,matched_er_4to1_chunk_2,14,GR,10.690883358319601,96
sign_test_er0.4__norm_original_radius,matched_er_4to1_chunk_2,14,IPC,11.431170763785952,96
sign_test_er0.4__norm_original_radius,matched_er_4to1_chunk_2,14,KR,5.417852816482385,96
sign_test_er0.4__norm_original_radius,matched_er_4to1_chunk_2,14,MC,5.996034114311139,96
sign_test_er0.4__norm_original_radius,matched_er_4to1_chunk_2,14,cosine_similarity,0.010266368975862824,96
sign_test_er0.4__norm_original_radius,matched_er_4to1_chunk_2,14,kl_to_gaussian,0.0,96
sign_test_er0.4__norm_original_radius,matched_er_4to1_chunk_2,14,wt_mean,0.00103877321816975,96
sign_test_er0.4__norm_original_radius,matched_er_4to1_chunk_3,15,GR,9.970984607934952,96
sign_test_er0.4__norm_original_radius,matched_er_4to1_chunk_3,15,IPC,10.830563953688314,96
sign_test_er0.4__norm_original_radius,matched_er_4to1_chunk_3,15,KR,5.0839632240434485,96
sign_test_er0.4__norm_original_radius,matched_er_4to1_chunk_3,15,MC,5.968073812623818,96
sign_test_er0.4__norm_original_radius,matched_er_4to1_chunk_3,15,cosine_similarity,0.00887902313843365,96
sign_test_er0.4__norm_original_radius,matched_er_4to1_chunk_3,15,kl_to_gaussian,0.0,96
sign_test_er0.4__norm_original_radius,matched_er_4to1_chunk_3,15,wt_mean,0.0010167415166506,96
sign_test_er0.4__norm_original_radius,matched_er_4to1_chunk_3,16,GR,11.245002202689648,96
sign_test_er0.4__norm_original_radius,matched_er_4to1_chunk_3,16,IPC,11.088727329515452,96
sign_test_er0.4__norm_original_radius,matched_er_4to1_chunk_3,16,KR,5.475869367520015,96
sign_test_er0.4__norm_original_radius,matched_er_4to1_chunk_3,16,MC,5.924458966900905,96
sign_test_er0.4__norm_original_radius,matched_er_4to1_chunk_3,16,cosine_similarity,0.0058268595021217255,96
sign_test_er0.4__norm_original_radius,matched_er_4to1_chunk_3,16,kl_to_gaussian,0.0,96
sign_test_er0.4__norm_original_radius,matched_er_4to1_chunk_3,16,wt_mean,0.0010286706965416251,96
sign_test_er0.4__norm_original_radius,matched_er_4to1_chunk_3,17,GR,10.47032979130745,96
sign_test_er0.4__norm_original_radius,matched_er_4to1_chunk_3,17,IPC,10.827124756596822,96
sign_test_er0.4__norm_original_radius,matched_er_4to1_chunk_3,17,KR,5.326165017982324,96
sign_test_er0.4__norm_original_radius,matched_er_4to1_chunk_3,17,MC,5.815311134482424,96
sign_test_er0.4__norm_original_radius,matched_er_4to1_chunk_3,17,cosine_similarity,0.004994449205696525,96
sign_test_er0.4__norm_original_radius,matched_er_4to1_chunk_3,17,kl_to_gaussian,0.0,96
sign_test_er0.4__norm_original_radius,matched_er_4to1_chunk_3,17,wt_mean,0.001025736724841375,96
sign_test_er0.4__norm_original_radius,matched_er_4to1_chunk_3,18,GR,11.124826724330584,96
sign_test_er0.4__norm_original_radius,matched_er_4to1_chunk_3,18,IPC,11.75898635388397,96
sign_test_er0.4__norm_original_radius,matched_er_4to1_chunk_3,18,KR,5.518279197315375,96
sign_test_er0.4__norm_original_radius,matched_er_4to1_chunk_3,18,MC,6.167647918065389,96
sign_test_er0.4__norm_original_radius,matched_er_4to1_chunk_3,18,cosine_similarity,0.0102663715369999,96
sign_test_er0.4__norm_original_radius,matched_er_4to1_chunk_3,18,kl_to_gaussian,0.0,96
sign_test_er0.4__norm_original_radius,matched_er_4to1_chunk_3,18,wt_mean,0.0010477654432179,96
sign_test_er0.4__norm_original_radius,matched_er_4to1_chunk_3,19,GR,10.688543202976385,96
sign_test_er0.4__norm_original_radius,matched_er_4to1_chunk_3,19,IPC,11.444321701140316,96
sign_test_er0.4__norm_original_radius,matched_er_4to1_chunk_3,19,KR,5.336972653865814,96
sign_test_er0.4__norm_original_radius,matched_er_4to1_chunk_3,19,MC,6.148462139070034,96
sign_test_er0.4__norm_original_radius,matched_er_4to1_chunk_3,19,cosine_similarity,0.00582686054985965,96
sign_test_er0.4__norm_original_radius,matched_er_4to1_chunk_3,19,kl_to_gaussian,0.0,96
sign_test_er0.4__norm_original_radius,matched_er_4to1_chunk_3,19,wt_mean,0.001040963048581,96
sign_test_er0.4__norm_original_radius,matched_er_4to1_chunk_4,20,GR,10.53520684192578,96
sign_test_er0.4__norm_original_radius,matched_er_4to1_chunk_4,20,IPC,10.826500563140494,96
sign_test_er0.4__norm_original_radius,matched_er_4to1_chunk_4,20,KR,5.286574711402257,96
sign_test_er0.4__norm_original_radius,matched_er_4to1_chunk_4,20,MC,5.7602713244656725,96
sign_test_er0.4__norm_original_radius,matched_er_4to1_chunk_4,20,cosine_similarity,0.0058268592692911,96
sign_test_er0.4__norm_original_radius,matched_er_4to1_chunk_4,20,kl_to_gaussian,0.0,96
sign_test_er0.4__norm_original_radius,matched_er_4to1_chunk_4,20,wt_mean,0.001013316941680325,96
sign_test_er0.4__norm_original_radius,matched_er_4to1_chunk_4,21,GR,10.882971823215485,96
sign_test_er0.4__norm_original_radius,matched_er_4to1_chunk_4,21,IPC,11.199470016916926,96
sign_test_er0.4__norm_original_radius,matched_er_4to1_chunk_4,21,KR,5.479107511540254,96
sign_test_er0.4__norm_original_radius,matched_er_4to1_chunk_4,21,MC,5.944516818970442,96
sign_test_er0.4__norm_original_radius,matched_er_4to1_chunk_4,21,cosine_similarity,0.0069367375690489496,96
sign_test_er0.4__norm_original_radius,matched_er_4to1_chunk_4,21,kl_to_gaussian,0.0,96
sign_test_er0.4__norm_original_radius,matched_er_4to1_chunk_4,21,wt_mean,0.0010476956958882001,96
sign_test_er0.4__norm_original_radius,matched_er_4to1_chunk_4,22,GR,10.280687848726908,96
sign_test_er0.4__norm_original_radius,matched_er_4to1_chunk_4,22,IPC,10.958564898395155,96
sign_test_er0.4__norm_original_radius,matched_er_4to1_chunk_4,22,KR,5.181512127319972,96
sign_test_er0.4__norm_original_radius,matched_er_4to1_chunk_4,22,MC,5.714803067346414,96
sign_test_er0.4__norm_original_radius,matched_er_4to1_chunk_4,22,cosine_similarity,0.007769146468490325,96
sign_test_er0.4__norm_original_radius,matched_er_4to1_chunk_4,22,kl_to_gaussian,0.0,96
sign_test_er0.4__norm_original_radius,matched_er_4to1_chunk_4,22,wt_mean,0.001008207851555125,96
sign_test_er0.4__norm_original_radius,matched_er_4to1_chunk_4,23,GR,10.726289803783098,96
sign_test_er0.4__norm_original_radius,matched_er_4to1_chunk_4,23,IPC,12.1192877270407,96
sign_test_er0.4__norm_original_radius,matched_er_4to1_chunk_4,23,KR,5.454897503058116,96
sign_test_er0.4__norm_original_radius,matched_er_4to1_chunk_4,23,MC,6.465162092198928,96
sign_test_er0.4__norm_original_radius,matched_er_4to1_chunk_4,23,cosine_similarity,0.007214205805212175,96
sign_test_er0.4__norm_original_radius,matched_er_4to1_chunk_4,23,kl_to_gaussian,0.0,96
sign_test_er0.4__norm_original_radius,matched_er_4to1_chunk_4,23,wt_mean,0.00105234033253505,96
sign_test_er0.4__norm_original_radius,matched_er_4to1_chunk_4,24,GR,10.07551625619332,96
sign_test_er0.4__norm_original_radius,matched_er_4to1_chunk_4,24,IPC,10.821512474226445,96
sign_test_er0.4__norm_original_radius,matched_er_4to1_chunk_4,24,KR,5.091389543066422,96
sign_test_er0.4__norm_original_radius,matched_er_4to1_chunk_4,24,MC,5.719972401857376,96
sign_test_er0.4__norm_original_radius,matched_er_4to1_chunk_4,24,cosine_similarity,0.0074916757876053,96
sign_test_er0.4__norm_original_radius,matched_er_4to1_chunk_4,24,kl_to_gaussian,0.0,96
sign_test_er0.4__norm_original_radius,matched_er_4to1_chunk_4,24,wt_mean,0.00103192552342075,96
sign_test_er0.4__norm_original_radius,matched_er_4to1_chunk_5,25,GR,10.795740522444248,96
sign_test_er0.4__norm_original_radius,matched_er_4to1_chunk_5,25,IPC,11.244254821241265,96
sign_test_er0.4__norm_original_radius,matched_er_4to1_chunk_5,25,KR,5.414898234109084,96
sign_test_er0.4__norm_original_radius,matched_er_4to1_chunk_5,25,MC,5.9682305579384165,96
sign_test_er0.4__norm_original_radius,matched_er_4to1_chunk_5,25,cosine_similarity,0.014428413007408325,96
sign_test_er0.4__norm_original_radius,matched_er_4to1_chunk_5,25,kl_to_gaussian,0.0,96
sign_test_er0.4__norm_original_radius,matched_er_4to1_chunk_5,25,wt_mean,0.00101392851502165,96
sign_test_er0.4__norm_original_radius,matched_er_4to1_chunk_5,26,GR,10.361328860123953,96
sign_test_er0.4__norm_original_radius,matched_er_4to1_chunk_5,26,IPC,10.805023099339927,96
sign_test_er0.4__norm_original_radius,matched_er_4to1_chunk_5,26,KR,5.341433979570866,96
sign_test_er0.4__norm_original_radius,matched_er_4to1_chunk_5,26,MC,5.79142966804405,96
sign_test_er0.4__norm_original_radius,matched_er_4to1_chunk_5,26,cosine_similarity,0.0049944501370191,96
sign_test_er0.4__norm_original_radius,matched_er_4to1_chunk_5,26,kl_to_gaussian,0.0,96
sign_test_er0.4__norm_original_radius,matched_er_4to1_chunk_5,26,wt_mean,0.001011874730465875,96
sign_test_er0.4__norm_original_radius,matched_er_4to1_chunk_5,27,GR,10.266701124608517,96
sign_test_er0.4__norm_original_radius,matched_er_4to1_chunk_5,27,IPC,10.820910871759866,96
sign_test_er0.4__norm_original_radius,matched_er_4to1_chunk_5,27,KR,5.14371237034599,96
sign_test_er0.4__norm_original_radius,matched_er_4to1_chunk_5,27,MC,5.654709625989199,96
sign_test_er0.4__norm_original_radius,matched_er_4to1_chunk_5,27,cosine_similarity,0.0049944502534344255,96
sign_test_er0.4__norm_original_radius,matched_er_4to1_chunk_5,27,kl_to_gaussian,0.0,96
sign_test_er0.4__norm_original_radius,matched_er_4to1_chunk_5,27,wt_mean,0.0010152194736292,96
sign_test_er0.4__norm_original_radius,matched_er_4to1_chunk_5,28,GR,10.627008271714052,96
sign_test_er0.4__norm_original_radius,matched_er_4to1_chunk_5,28,IPC,11.202752319049639,96
sign_test_er0.4__norm_original_radius,matched_er_4to1_chunk_5,28,KR,5.362372405827045,96
sign_test_er0.4__norm_original_radius,matched_er_4to1_chunk_5,28,MC,5.964815745751063,96
sign_test_er0.4__norm_original_radius,matched_er_4to1_chunk_5,28,cosine_similarity,0.007491677883081075,96
sign_test_er0.4__norm_original_radius,matched_er_4to1_chunk_5,28,kl_to_gaussian,0.0,96
sign_test_er0.4__norm_original_radius,matched_er_4to1_chunk_5,28,wt_mean,0.0010412667470517999,96
sign_test_er0.4__norm_original_radius,matched_er_4to1_chunk_5,29,GR,11.157164451976618,96
sign_test_er0.4__norm_original_radius,matched_er_4to1_chunk_5,29,IPC,11.351725606089637,96
sign_test_er0.4__norm_original_radius,matched_er_4to1_chunk_5,29,KR,5.496192743380864,96
sign_test_er0.4__norm_original_radius,matched_er_4to1_chunk_5,29,MC,6.003229717413585,96
sign_test_er0.4__norm_original_radius,matched_er_4to1_chunk_5,29,cosine_similarity,0.010266370605677326,96
sign_test_er0.4__norm_original_radius,matched_er_4to1_chunk_5,29,kl_to_gaussian,0.0,96
sign_test_er0.4__norm_original_radius,matched_er_4to1_chunk_5,29,wt_mean,0.0010457804455654251,96
sign_test_er0.4__norm_original_radius,matched_er_4to1_chunk_6,30,GR,10.965145034094652,96
sign_test_er0.4__norm_original_radius,matched_er_4to1_chunk_6,30,IPC,11.688938713613043,96
sign_test_er0.4__norm_original_radius,matched_er_4to1_chunk_6,30,KR,5.469083291788896,96
sign_test_er0.4__norm_original_radius,matched_er_4to1_chunk_6,30,MC,5.9600895668069525,96
sign_test_er0.4__norm_original_radius,matched_er_4to1_chunk_6,30,cosine_similarity,0.006381796672940226,96
sign_test_er0.4__norm_original_radius,matched_er_4to1_chunk_6,30,kl_to_gaussian,0.0,96
sign_test_er0.4__norm_original_radius,matched_er_4to1_chunk_6,30,wt_mean,0.00102416641311715,96
sign_test_er0.4__norm_original_radius,matched_er_4to1_chunk_6,31,GR,10.332288511097431,96
sign_test_er0.4__norm_original_radius,matched_er_4to1_chunk_6,31,IPC,11.461945443581975,96
sign_test_er0.4__norm_original_radius,matched_er_4to1_chunk_6,31,KR,5.207726091146469,96
sign_test_er0.4__norm_original_radius,matched_er_4to1_chunk_6,31,MC,6.027263568093379,96
sign_test_er0.4__norm_original_radius,matched_er_4to1_chunk_6,31,cosine_similarity,0.010821308707818349,96
sign_test_er0.4__norm_original_radius,matched_er_4to1_chunk_6,31,kl_to_gaussian,0.0,96
sign_test_er0.4__norm_original_radius,matched_er_4to1_chunk_6,31,wt_mean,0.001026338475639875,96
sign_test_er0.4__norm_original_radius,matched_er_4to1_chunk_6,32,GR,10.38603620727857,96
sign_test_er0.4__norm_original_radius,matched_er_4to1_chunk_6,32,IPC,11.375593357831008,96
sign_test_er0.4__norm_original_radius,matched_er_4to1_chunk_6,32,KR,5.393906642993291,96
sign_test_er0.4__norm_original_radius,matched_er_4to1_chunk_6,32,MC,6.227432941397031,96
sign_test_er0.4__norm_original_radius,matched_er_4to1_chunk_6,32,cosine_similarity,0.008324086898937775,96
sign_test_er0.4__norm_original_radius,matched_er_4to1_chunk_6,32,kl_to_gaussian,0.0,96
sign_test_er0.4__norm_original_radius,matched_er_4to1_chunk_6,32,wt_mean,0.0010606888245092499,96
sign_test_er0.4__norm_original_radius,matched_er_4to1_chunk_6,33,GR,10.54490328580141,96
sign_test_er0.4__norm_original_radius,matched_er_4to1_chunk_6,33,IPC,11.49383318066726,96
sign_test_er0.4__norm_original_radius,matched_er_4to1_chunk_6,33,KR,5.335978363951047,96
sign_test_er0.4__norm_original_radius,matched_er_4to1_chunk_6,33,MC,6.266438312828541,96
sign_test_er0.4__norm_original_radius,matched_er_4to1_chunk_6,33,cosine_similarity,0.010821308242157076,96
sign_test_er0.4__norm_original_radius,matched_er_4to1_chunk_6,33,kl_to_gaussian,0.0,96
sign_test_er0.4__norm_original_radius,matched_er_4to1_chunk_6,33,wt_mean,0.001033155087497975,96
sign_test_er0.4__norm_original_radius,matched_er_4to1_chunk_6,34,GR,11.227922866741816,96
sign_test_er0.4__norm_original_radius,matched_er_4to1_chunk_6,34,IPC,10.940409328597466,96
sign_test_er0.4__norm_original_radius,matched_er_4to1_chunk_6,34,KR,5.551014803349972,96
sign_test_er0.4__norm_original_radius,matched_er_4to1_chunk_6,34,MC,6.023054417222738,96
sign_test_er0.4__norm_original_radius,matched_er_4to1_chunk_6,34,cosine_similarity,0.012486129533499426,96
sign_test_er0.4__norm_original_radius,matched_er_4to1_chunk_6,34,kl_to_gaussian,0.0,96
sign_test_er0.4__norm_original_radius,matched_er_4to1_chunk_6,34,wt_mean,0.0010341662127757,96
sign_test_er0.4__norm_original_radius,matched_er_4to1_chunk_7,35,GR,10.694524923960367,96
sign_test_er0.4__norm_original_radius,matched_er_4to1_chunk_7,35,IPC,11.452625151335093,96
sign_test_er0.4__norm_original_radius,matched_er_4to1_chunk_7,35,KR,5.396854909757773,96
sign_test_er0.4__norm_original_radius,matched_er_4to1_chunk_7,35,MC,6.079901645580928,96
sign_test_er0.4__norm_original_radius,matched_er_4to1_chunk_7,35,cosine_similarity,0.001942285831319125,96
sign_test_er0.4__norm_original_radius,matched_er_4to1_chunk_7,35,kl_to_gaussian,0.0,96
sign_test_er0.4__norm_original_radius,matched_er_4to1_chunk_7,35,wt_mean,0.0010358083236496499,96
sign_test_er0.4__norm_original_radius,matched_er_4to1_chunk_7,36,GR,11.102276345094046,96
sign_test_er0.4__norm_original_radius,matched_er_4to1_chunk_7,36,IPC,11.062725124260085,96
sign_test_er0.4__norm_original_radius,matched_er_4to1_chunk_7,36,KR,5.530792484680812,96
sign_test_er0.4__norm_original_radius,matched_er_4to1_chunk_7,36,MC,6.076399361093839,96
sign_test_er0.4__norm_original_radius,matched_er_4to1_chunk_7,36,cosine_similarity,0.008324084803461975,96
sign_test_er0.4__norm_original_radius,matched_er_4to1_chunk_7,36,kl_to_gaussian,0.0,96
sign_test_er0.4__norm_original_radius,matched_er_4to1_chunk_7,36,wt_mean,0.00103489164030175,96
sign_test_er0.4__norm_original_radius,matched_er_4to1_chunk_7,37,GR,11.815631374716759,96
sign_test_er0.4__norm_original_radius,matched_er_4to1_chunk_7,37,IPC,11.934893981234362,96
sign_test_er0.4__norm_original_radius,matched_er_4to1_chunk_7,37,KR,5.931066406269868,96
sign_test_er0.4__norm_original_radius,matched_er_4to1_chunk_7,37,MC,6.203614601244529,96
sign_test_er0.4__norm_original_radius,matched_er_4to1_chunk_7,37,cosine_similarity,0.009988901438191476,96
sign_test_er0.4__norm_original_radius,matched_er_4to1_chunk_7,37,kl_to_gaussian,0.0,96
sign_test_er0.4__norm_original_radius,matched_er_4to1_chunk_7,37,wt_mean,0.001041041221469575,96
sign_test_er0.4__norm_original_radius,matched_er_4to1_chunk_7,38,GR,10.283111587166786,96
sign_test_er0.4__norm_original_radius,matched_er_4to1_chunk_7,38,IPC,10.552803198784757,96
sign_test_er0.4__norm_original_radius,matched_er_4to1_chunk_7,38,KR,5.296604322890441,96
sign_test_er0.4__norm_original_radius,matched_er_4to1_chunk_7,38,MC,5.739179655909538,96
sign_test_er0.4__norm_original_radius,matched_er_4to1_chunk_7,38,cosine_similarity,0.004162042168900325,96
sign_test_er0.4__norm_original_radius,matched_er_4to1_chunk_7,38,kl_to_gaussian,0.0,96
sign_test_er0.4__norm_original_radius,matched_er_4to1_chunk_7,38,wt_mean,0.0009972094849217,96
sign_test_er0.4__norm_original_radius,matched_er_4to1_chunk_7,39,GR,10.839785064260164,96
sign_test_er0.4__norm_original_radius,matched_er_4to1_chunk_7,39,IPC,10.724698001675883,96
sign_test_er0.4__norm_original_radius,matched_er_4to1_chunk_7,39,KR,5.406678646802902,96
sign_test_er0.4__norm_original_radius,matched_er_4to1_chunk_7,39,MC,5.82652713606755,96
sign_test_er0.4__norm_original_radius,matched_er_4to1_chunk_7,39,cosine_similarity,0.0058268597349524,96
sign_test_er0.4__norm_original_radius,matched_er_4to1_chunk_7,39,kl_to_gaussian,0.0,96
sign_test_er0.4__norm_original_radius,matched_er_4to1_chunk_7,39,wt_mean,0.0010177960793953,96
sign_test_er0.4__norm_original_radius,matched_er_4to1_chunk_8,40,GR,11.224488293131193,96
sign_test_er0.4__norm_original_radius,matched_er_4to1_chunk_8,40,IPC,10.78660239411323,96
sign_test_er0.4__norm_original_radius,matched_er_4to1_chunk_8,40,KR,5.668071786562602,96
sign_test_er0.4__norm_original_radius,matched_er_4to1_chunk_8,40,MC,5.692196254308025,96
sign_test_er0.4__norm_original_radius,matched_er_4to1_chunk_8,40,cosine_similarity,0.0047169806202873,96
sign_test_er0.4__norm_original_radius,matched_er_4to1_chunk_8,40,kl_to_gaussian,0.0,96
sign_test_er0.4__norm_original_radius,matched_er_4to1_chunk_8,40,wt_mean,0.0010424851207062,96
sign_test_er0.4__norm_original_radius,matched_er_4to1_chunk_8,41,GR,10.768661277989546,96
sign_test_er0.4__norm_original_radius,matched_er_4to1_chunk_8,41,IPC,10.878388246238794,96
sign_test_er0.4__norm_original_radius,matched_er_4to1_chunk_8,41,KR,5.308161526918411,96
sign_test_er0.4__norm_original_radius,matched_er_4to1_chunk_8,41,MC,5.745172588775556,96
sign_test_er0.4__norm_original_radius,matched_er_4to1_chunk_8,41,cosine_similarity,0.0074916763696819,96
sign_test_er0.4__norm_original_radius,matched_er_4to1_chunk_8,41,kl_to_gaussian,0.0,96
sign_test_er0.4__norm_original_radius,matched_er_4to1_chunk_8,41,wt_mean,0.001014563240460075,96
sign_test_er0.4__norm_original_radius,matched_er_4to1_chunk_8,42,GR,11.182893432676792,96
sign_test_er0.4__norm_original_radius,matched_er_4to1_chunk_8,42,IPC,11.456310969313252,96
sign_test_er0.4__norm_original_radius,matched_er_4to1_chunk_8,42,KR,5.708314811189969,96
sign_test_er0.4__norm_original_radius,matched_er_4to1_chunk_8,42,MC,6.198342931767304,96
sign_test_er0.4__norm_original_radius,matched_er_4to1_chunk_8,42,cosine_similarity,0.012208656175062,96
sign_test_er0.4__norm_original_radius,matched_er_4to1_chunk_8,42,kl_to_gaussian,0.0,96
sign_test_er0.4__norm_original_radius,matched_er_4to1_chunk_8,42,wt_mean,0.001026772486511575,96
sign_test_er0.4__norm_original_radius,matched_er_4to1_chunk_8,43,GR,9.923548340797424,96
sign_test_er0.4__norm_original_radius,matched_er_4to1_chunk_8,43,IPC,10.345941713230003,96
sign_test_er0.4__norm_original_radius,matched_er_4to1_chunk_8,43,KR,5.09744093939662,96
sign_test_er0.4__norm_original_radius,matched_er_4to1_chunk_8,43,MC,5.823106598109007,96
sign_test_er0.4__norm_original_radius,matched_er_4to1_chunk_8,43,cosine_similarity,0.00693673710338765,96
sign_test_er0.4__norm_original_radius,matched_er_4to1_chunk_8,43,kl_to_gaussian,0.0,96
sign_test_er0.4__norm_original_radius,matched_er_4to1_chunk_8,43,wt_mean,0.001000823322101425,96
sign_test_er0.4__norm_original_radius,matched_er_4to1_chunk_8,44,GR,10.491850353777409,96
sign_test_er0.4__norm_original_radius,matched_er_4to1_chunk_8,44,IPC,11.050207126169092,96
sign_test_er0.4__norm_original_radius,matched_er_4to1_chunk_8,44,KR,5.389165798823039,96
sign_test_er0.4__norm_original_radius,matched_er_4to1_chunk_8,44,MC,6.0370859776933985,96
sign_test_er0.4__norm_original_radius,matched_er_4to1_chunk_8,44,cosine_similarity,0.00915649207308885,96
sign_test_er0.4__norm_original_radius,matched_er_4to1_chunk_8,44,kl_to_gaussian,0.0,96
sign_test_er0.4__norm_original_radius,matched_er_4to1_chunk_8,44,wt_mean,0.001023895878461125,96
sign_test_er0.4__norm_original_radius,matched_er_4to1_chunk_9,45,GR,10.88065479695797,96
sign_test_er0.4__norm_original_radius,matched_er_4to1_chunk_9,45,IPC,11.08778653739813,96
sign_test_er0.4__norm_original_radius,matched_er_4to1_chunk_9,45,KR,5.5472766906023026,96
sign_test_er0.4__norm_original_radius,matched_er_4to1_chunk_9,45,MC,6.0729606946309405,96
sign_test_er0.4__norm_original_radius,matched_er_4to1_chunk_9,45,cosine_similarity,0.01054383930750185,96
sign_test_er0.4__norm_original_radius,matched_er_4to1_chunk_9,45,kl_to_gaussian,0.0,96
sign_test_er0.4__norm_original_radius,matched_er_4to1_chunk_9,45,wt_mean,0.001021497853798725,96
sign_test_er0.4__norm_original_radius,matched_er_4to1_chunk_9,46,GR,10.32287467767795,96
sign_test_er0.4__norm_original_radius,matched_er_4to1_chunk_9,46,IPC,11.270365244907076,96
sign_test_er0.4__norm_original_radius,matched_er_4to1_chunk_9,46,KR,5.27314384529988,96
sign_test_er0.4__norm_original_radius,matched_er_4to1_chunk_9,46,MC,6.2100965194404125,96
sign_test_er0.4__norm_original_radius,matched_er_4to1_chunk_9,46,cosine_similarity,0.006936735589988475,96
sign_test_er0.4__norm_original_radius,matched_er_4to1_chunk_9,46,kl_to_gaussian,0.0,96
sign_test_er0.4__norm_original_radius,matched_er_4to1_chunk_9,46,wt_mean,0.00104812947392925,96
sign_test_er0.4__norm_original_radius,matched_er_4to1_chunk_9,47,GR,11.339960070947805,96
sign_test_er0.4__norm_original_radius,matched_er_4to1_chunk_9,47,IPC,11.181803831917295,96
sign_test_er0.4__norm_original_radius,matched_er_4to1_chunk_9,47,KR,5.634706258773804,96
sign_test_er0.4__norm_original_radius,matched_er_4to1_chunk_9,47,MC,5.955228116363287,96
sign_test_er0.4__norm_original_radius,matched_er_4to1_chunk_9,47,cosine_similarity,0.010266369907185425,96
sign_test_er0.4__norm_original_radius,matched_er_4to1_chunk_9,47,kl_to_gaussian,0.0,96
sign_test_er0.4__norm_original_radius,matched_er_4to1_chunk_9,47,wt_mean,0.0010548367718001249,96
sign_test_er0.4__norm_original_radius,matched_er_4to1_chunk_9,48,GR,9.850668787956238,96
sign_test_er0.4__norm_original_radius,matched_er_4to1_chunk_9,48,IPC,11.24721813663301,96
sign_test_er0.4__norm_original_radius,matched_er_4to1_chunk_9,48,KR,5.101249386866887,96
sign_test_er0.4__norm_original_radius,matched_er_4to1_chunk_9,48,MC,5.886826440691948,96
sign_test_er0.4__norm_original_radius,matched_er_4to1_chunk_9,48,cosine_similarity,0.002219755435362375,96
sign_test_er0.4__norm_original_radius,matched_er_4to1_chunk_9,48,kl_to_gaussian,0.0,96
sign_test_er0.4__norm_original_radius,matched_er_4to1_chunk_9,48,wt_mean,0.001015942165395175,96
sign_test_er0.4__norm_original_radius,matched_er_4to1_chunk_9,49,GR,10.010601135591665,96
sign_test_er0.4__norm_original_radius,matched_er_4to1_chunk_9,49,IPC,11.18219862154872,96
sign_test_er0.4__norm_original_radius,matched_er_4to1_chunk_9,49,KR,5.1729805047313375,96
sign_test_er0.4__norm_original_radius,matched_er_4to1_chunk_9,49,MC,6.0178598413864774,96
sign_test_er0.4__norm_original_radius,matched_er_4to1_chunk_9,49,cosine_similarity,0.011098775546997725,96
sign_test_er0.4__norm_original_radius,matched_er_4to1_chunk_9,49,kl_to_gaussian,0.0,96
sign_test_er0.4__norm_original_radius,matched_er_4to1_chunk_9,49,wt_mean,0.0010225014702882498,96
sign_test_er0.4__norm_spectral_radius,matched_er_4to1_chunk_0,0,GR,53.415159111221634,96
sign_test_er0.4__norm_spectral_radius,matched_er_4to1_chunk_0,0,IPC,16.995692580400632,96
sign_test_er0.4__norm_spectral_radius,matched_er_4to1_chunk_0,0,KR,26.854711736241978,96
sign_test_er0.4__norm_spectral_radius,matched_er_4to1_chunk_0,0,MC,10.517231153945128,96
sign_test_er0.4__norm_spectral_radius,matched_er_4to1_chunk_0,0,cosine_similarity,0.0066592672374099,96
sign_test_er0.4__norm_spectral_radius,matched_er_4to1_chunk_0,0,kl_to_gaussian,0.0,96
sign_test_er0.4__norm_spectral_radius,matched_er_4to1_chunk_0,0,wt_mean,0.0019263955473433749,96
sign_test_er0.4__norm_spectral_radius,matched_er_4to1_chunk_0,1,GR,60.79753302782774,96
sign_test_er0.4__norm_spectral_radius,matched_er_4to1_chunk_0,1,IPC,17.252755926319868,96
sign_test_er0.4__norm_spectral_radius,matched_er_4to1_chunk_0,1,KR,32.07534302274386,96
sign_test_er0.4__norm_spectral_radius,matched_er_4to1_chunk_0,1,MC,11.133447743952274,96
sign_test_er0.4__norm_spectral_radius,matched_er_4to1_chunk_0,1,cosine_similarity,0.008324083872139424,96
sign_test_er0.4__norm_spectral_radius,matched_er_4to1_chunk_0,1,kl_to_gaussian,0.0,96
sign_test_er0.4__norm_spectral_radius,matched_er_4to1_chunk_0,1,wt_mean,0.0019871130352839502,96
sign_test_er0.4__norm_spectral_radius,matched_er_4to1_chunk_0,2,GR,53.529381136099495,96
sign_test_er0.4__norm_spectral_radius,matched_er_4to1_chunk_0,2,IPC,17.092208446670018,96
sign_test_er0.4__norm_spectral_radius,matched_er_4to1_chunk_0,2,KR,27.64499745766322,96
sign_test_er0.4__norm_spectral_radius,matched_er_4to1_chunk_0,2,MC,10.984720441202322,96
sign_test_er0.4__norm_spectral_radius,matched_er_4to1_chunk_0,2,cosine_similarity,0.0052719191880896245,96
sign_test_er0.4__norm_spectral_radius,matched_er_4to1_chunk_0,2,kl_to_gaussian,0.0,96
sign_test_er0.4__norm_spectral_radius,matched_er_4to1_chunk_0,2,wt_mean,0.0019455188303254,96
sign_test_er0.4__norm_spectral_radius,matched_er_4to1_chunk_0,3,GR,54.801661513745785,96
sign_test_er0.4__norm_spectral_radius,matched_er_4to1_chunk_0,3,IPC,18.50880333056735,96
sign_test_er0.4__norm_spectral_radius,matched_er_4to1_chunk_0,3,KR,27.599095843732357,96
sign_test_er0.4__norm_spectral_radius,matched_er_4to1_chunk_0,3,MC,11.363246689240137,96
sign_test_er0.4__norm_spectral_radius,matched_er_4to1_chunk_0,3,cosine_similarity,0.00499445258174085,96
sign_test_er0.4__norm_spectral_radius,matched_er_4to1_chunk_0,3,kl_to_gaussian,0.0,96
sign_test_er0.4__norm_spectral_radius,matched_er_4to1_chunk_0,3,wt_mean,0.0019466571393422251,96
sign_test_er0.4__norm_spectral_radius,matched_er_4to1_chunk_0,4,GR,51.12056584407886,96
sign_test_er0.4__norm_spectral_radius,matched_er_4to1_chunk_0,4,IPC,17.008161488214093,96
sign_test_er0.4__norm_spectral_radius,matched_er_4to1_chunk_0,4,KR,25.742085613310337,96
sign_test_er0.4__norm_spectral_radius,matched_er_4to1_chunk_0,4,MC,10.618464842438698,96
sign_test_er0.4__norm_spectral_radius,matched_er_4to1_chunk_0,4,cosine_similarity,0.0149833497125655,96
sign_test_er0.4__norm_spectral_radius,matched_er_4to1_chunk_0,4,kl_to_gaussian,0.0,96
sign_test_er0.4__norm_spectral_radius,matched_er_4to1_chunk_0,4,wt_mean,0.001934253377839875,96
sign_test_er0.4__norm_spectral_radius,matched_er_4to1_chunk_1,5,GR,50.15562395751476,96
sign_test_er0.4__norm_spectral_radius,matched_er_4to1_chunk_1,5,IPC,17.774199572205998,96
sign_test_er0.4__norm_spectral_radius,matched_er_4to1_chunk_1,5,KR,25.95074353615443,96
sign_test_er0.4__norm_spectral_radius,matched_er_4to1_chunk_1,5,MC,11.473641723394394,96
sign_test_er0.4__norm_spectral_radius,matched_er_4to1_chunk_1,5,cosine_similarity,0.00832408620044585,96
sign_test_er0.4__norm_spectral_radius,matched_er_4to1_chunk_1,5,kl_to_gaussian,0.0,96
sign_test_er0.4__norm_spectral_radius,matched_er_4to1_chunk_1,5,wt_mean,0.0019154891197103502,96
sign_test_er0.4__norm_spectral_radius,matched_er_4to1_chunk_1,6,GR,44.37125099698702,96
sign_test_er0.4__norm_spectral_radius,matched_er_4to1_chunk_1,6,IPC,17.995233250467013,96
sign_test_er0.4__norm_spectral_radius,matched_er_4to1_chunk_1,6,KR,22.522831432521343,96
sign_test_er0.4__norm_spectral_radius,matched_er_4to1_chunk_1,6,MC,11.070705212652683,96
sign_test_er0.4__norm_spectral_radius,matched_er_4to1_chunk_1,6,cosine_similarity,0.008879025233909451,96
sign_test_er0.4__norm_spectral_radius,matched_er_4to1_chunk_1,6,kl_to_gaussian,0.0,96
sign_test_er0.4__norm_spectral_radius,matched_er_4to1_chunk_1,6,wt_mean,0.001876487542176575,96
sign_test_er0.4__norm_spectral_radius,matched_er_4to1_chunk_1,7,GR,55.97595193733772,96
sign_test_er0.4__norm_spectral_radius,matched_er_4to1_chunk_1,7,IPC,17.57640411346311,96
sign_test_er0.4__norm_spectral_radius,matched_er_4to1_chunk_1,7,KR,28.33126670618852,96
sign_test_er0.4__norm_spectral_radius,matched_er_4to1_chunk_1,7,MC,10.794804001847902,96
sign_test_er0.4__norm_spectral_radius,matched_er_4to1_chunk_1,7,cosine_similarity,0.009711431572213726,96
sign_test_er0.4__norm_spectral_radius,matched_er_4to1_chunk_1,7,kl_to_gaussian,0.0,96
sign_test_er0.4__norm_spectral_radius,matched_er_4to1_chunk_1,7,wt_mean,0.001943246665177825,96
sign_test_er0.4__norm_spectral_radius,matched_er_4to1_chunk_1,8,GR,55.23788847525915,96
sign_test_er0.4__norm_spectral_radius,matched_er_4to1_chunk_1,8,IPC,17.26400645621795,96
sign_test_er0.4__norm_spectral_radius,matched_er_4to1_chunk_1,8,KR,28.07381263623635,96
sign_test_er0.4__norm_spectral_radius,matched_er_4to1_chunk_1,8,MC,10.74314988652865,96
sign_test_er0.4__norm_spectral_radius,matched_er_4to1_chunk_1,8,cosine_similarity,-0.0013873475545551001,96
sign_test_er0.4__norm_spectral_radius,matched_er_4to1_chunk_1,8,kl_to_gaussian,0.0,96
sign_test_er0.4__norm_spectral_radius,matched_er_4to1_chunk_1,8,wt_mean,0.0019280319975223,96
sign_test_er0.4__norm_spectral_radius,matched_er_4to1_chunk_1,9,GR,48.300204495588936,96
sign_test_er0.4__norm_spectral_radius,matched_er_4to1_chunk_1,9,IPC,17.98563182259649,96
sign_test_er0.4__norm_spectral_radius,matched_er_4to1_chunk_1,9,KR,23.975273489952087,96
sign_test_er0.4__norm_spectral_radius,matched_er_4to1_chunk_1,9,MC,10.881747834384441,96
sign_test_er0.4__norm_spectral_radius,matched_er_4to1_chunk_1,9,cosine_similarity,0.005549389170482724,96
sign_test_er0.4__norm_spectral_radius,matched_er_4to1_chunk_1,9,kl_to_gaussian,0.0,96
sign_test_er0.4__norm_spectral_radius,matched_er_4to1_chunk_1,9,wt_mean,0.0019402529578655498,96
sign_test_er0.4__norm_spectral_radius,matched_er_4to1_chunk_10,50,GR,40.71333124985298,96
sign_test_er0.4__norm_spectral_radius,matched_er_4to1_chunk_10,50,IPC,17.151961239828545,96
sign_test_er0.4__norm_spectral_radius,matched_er_4to1_chunk_10,50,KR,20.372606861094635,96
sign_test_er0.4__norm_spectral_radius,matched_er_4to1_chunk_10,50,MC,10.354218619565168,96
sign_test_er0.4__norm_spectral_radius,matched_er_4to1_chunk_10,50,cosine_similarity,0.0016648165765218,96
sign_test_er0.4__norm_spectral_radius,matched_er_4to1_chunk_10,50,kl_to_gaussian,0.0,96
sign_test_er0.4__norm_spectral_radius,matched_er_4to1_chunk_10,50,wt_mean,0.0018195488955825001,96
sign_test_er0.4__norm_spectral_radius,matched_er_4to1_chunk_10,51,GR,54.19715891033411,96
sign_test_er0.4__norm_spectral_radius,matched_er_4to1_chunk_10,51,IPC,17.469262354115553,96
sign_test_er0.4__norm_spectral_radius,matched_er_4to1_chunk_10,51,KR,28.42441524316867,96
sign_test_er0.4__norm_spectral_radius,matched_er_4to1_chunk_10,51,MC,11.166331683595976,96
sign_test_er0.4__norm_spectral_radius,matched_er_4to1_chunk_10,51,cosine_similarity,0.0044395104050635745,96
sign_test_er0.4__norm_spectral_radius,matched_er_4to1_chunk_10,51,kl_to_gaussian,0.0,96
sign_test_er0.4__norm_spectral_radius,matched_er_4to1_chunk_10,51,wt_mean,0.0019543131056707,96
sign_test_er0.4__norm_spectral_radius,matched_er_4to1_chunk_10,52,GR,50.256291235486664,96
sign_test_er0.4__norm_spectral_radius,matched_er_4to1_chunk_10,52,IPC,17.55811917888571,96
sign_test_er0.4__norm_spectral_radius,matched_er_4to1_chunk_10,52,KR,25.482233375310898,96
sign_test_er0.4__norm_spectral_radius,matched_er_4to1_chunk_10,52,MC,10.92903916289409,96
sign_test_er0.4__norm_spectral_radius,matched_er_4to1_chunk_10,52,cosine_similarity,0.006104328087531,96
sign_test_er0.4__norm_spectral_radius,matched_er_4to1_chunk_10,52,kl_to_gaussian,0.0,96
sign_test_er0.4__norm_spectral_radius,matched_er_4to1_chunk_10,52,wt_mean,0.001927551609696775,96
sign_test_er0.4__norm_spectral_radius,matched_er_4to1_chunk_10,53,GR,55.49902762224277,96
sign_test_er0.4__norm_spectral_radius,matched_er_4to1_chunk_10,53,IPC,17.936173776345576,96
sign_test_er0.4__norm_spectral_radius,matched_er_4to1_chunk_10,53,KR,28.941186487674713,96
sign_test_er0.4__norm_spectral_radius,matched_er_4to1_chunk_10,53,MC,11.49494140346845,96
sign_test_er0.4__norm_spectral_radius,matched_er_4to1_chunk_10,53,cosine_similarity,0.012486127205192975,96
sign_test_er0.4__norm_spectral_radius,matched_er_4to1_chunk_10,53,kl_to_gaussian,0.0,96
sign_test_er0.4__norm_spectral_radius,matched_er_4to1_chunk_10,53,wt_mean,0.00196690743905485,96
sign_test_er0.4__norm_spectral_radius,matched_er_4to1_chunk_10,54,GR,54.49696091065804,96
sign_test_er0.4__norm_spectral_radius,matched_er_4to1_chunk_10,54,IPC,17.05756738877151,96
sign_test_er0.4__norm_spectral_radius,matched_er_4to1_chunk_10,54,KR,28.0113562643528,96
sign_test_er0.4__norm_spectral_radius,matched_er_4to1_chunk_10,54,MC,11.033024874826273,96
sign_test_er0.4__norm_spectral_radius,matched_er_4to1_chunk_10,54,cosine_similarity,0.0063817988848312995,96
sign_test_er0.4__norm_spectral_radius,matched_er_4to1_chunk_10,54,kl_to_gaussian,0.0,96
sign_test_er0.4__norm_spectral_radius,matched_er_4to1_chunk_10,54,wt_mean,0.0019694041111506,96
sign_test_er0.4__norm_spectral_radius,matched_er_4to1_chunk_11,55,GR,56.81612974653641,96
sign_test_er0.4__norm_spectral_radius,matched_er_4to1_chunk_11,55,IPC,18.02155514030502,96
sign_test_er0.4__norm_spectral_radius,matched_er_4to1_chunk_11,55,KR,29.384468297163647,96
sign_test_er0.4__norm_spectral_radius,matched_er_4to1_chunk_11,55,MC,11.357037849724293,96
sign_test_er0.4__norm_spectral_radius,matched_er_4to1_chunk_11,55,cosine_similarity,0.008324086898937775,96
sign_test_er0.4__norm_spectral_radius,matched_er_4to1_chunk_11,55,kl_to_gaussian,0.0,96
sign_test_er0.4__norm_spectral_radius,matched_er_4to1_chunk_11,55,wt_mean,0.00195218701264815,96
sign_test_er0.4__norm_spectral_radius,matched_er_4to1_chunk_11,56,GR,51.16102234274149,96
sign_test_er0.4__norm_spectral_radius,matched_er_4to1_chunk_11,56,IPC,17.47143570846649,96
sign_test_er0.4__norm_spectral_radius,matched_er_4to1_chunk_11,56,KR,26.438579246401787,96
sign_test_er0.4__norm_spectral_radius,matched_er_4to1_chunk_11,56,MC,10.839873728652796,96
sign_test_er0.4__norm_spectral_radius,matched_er_4to1_chunk_11,56,cosine_similarity,0.0038845721865072,96
sign_test_er0.4__norm_spectral_radius,matched_er_4to1_chunk_11,56,kl_to_gaussian,0.0,96
sign_test_er0.4__norm_spectral_radius,matched_er_4to1_chunk_11,56,wt_mean,0.00191841207561075,96
sign_test_er0.4__norm_spectral_radius,matched_er_4to1_chunk_11,57,GR,51.47106541941563,96
sign_test_er0.4__norm_spectral_radius,matched_er_4to1_chunk_11,57,IPC,18.391761909270773,96
sign_test_er0.4__norm_spectral_radius,matched_er_4to1_chunk_11,57,KR,25.825539434949558,96
sign_test_er0.4__norm_spectral_radius,matched_er_4to1_chunk_11,57,MC,10.990535798172155,96
sign_test_er0.4__norm_spectral_radius,matched_er_4to1_chunk_11,57,cosine_similarity,0.0080466149374842,96
sign_test_er0.4__norm_spectral_radius,matched_er_4to1_chunk_11,57,kl_to_gaussian,0.0,96
sign_test_er0.4__norm_spectral_radius,matched_er_4to1_chunk_11,57,wt_mean,0.0019399003067519002,96
sign_test_er0.4__norm_spectral_radius,matched_er_4to1_chunk_11,58,GR,52.82321621477604,96
sign_test_er0.4__norm_spectral_radius,matched_er_4to1_chunk_11,58,IPC,16.860002374338496,96
sign_test_er0.4__norm_spectral_radius,matched_er_4to1_chunk_11,58,KR,26.544328910609085,96
sign_test_er0.4__norm_spectral_radius,matched_er_4to1_chunk_11,58,MC,10.536798988779386,96
sign_test_er0.4__norm_spectral_radius,matched_er_4to1_chunk_11,58,cosine_similarity,0.008324085036292625,96
sign_test_er0.4__norm_spectral_radius,matched_er_4to1_chunk_11,58,kl_to_gaussian,0.0,96
sign_test_er0.4__norm_spectral_radius,matched_er_4to1_chunk_11,58,wt_mean,0.00193599166232155,96
sign_test_er0.4__norm_spectral_radius,matched_er_4to1_chunk_11,59,GR,55.60539832959572,96
sign_test_er0.4__norm_spectral_radius,matched_er_4to1_chunk_11,59,IPC,17.110793897378283,96
sign_test_er0.4__norm_spectral_radius,matched_er_4to1_chunk_11,59,KR,29.016629869739216,96
sign_test_er0.4__norm_spectral_radius,matched_er_4to1_chunk_11,59,MC,10.796217503647009,96
sign_test_er0.4__norm_spectral_radius,matched_er_4to1_chunk_11,59,cosine_similarity,0.00027746942942025,96
sign_test_er0.4__norm_spectral_radius,matched_er_4to1_chunk_11,59,kl_to_gaussian,0.0,96
sign_test_er0.4__norm_spectral_radius,matched_er_4to1_chunk_11,59,wt_mean,0.001977455278392825,96
sign_test_er0.4__norm_spectral_radius,matched_er_4to1_chunk_12,60,GR,53.643614249924816,96
sign_test_er0.4__norm_spectral_radius,matched_er_4to1_chunk_12,60,IPC,16.99192164126174,96
sign_test_er0.4__norm_spectral_radius,matched_er_4to1_chunk_12,60,KR,28.053232071300346,96
sign_test_er0.4__norm_spectral_radius,matched_er_4to1_chunk_12,60,MC,10.666309935351213,96
sign_test_er0.4__norm_spectral_radius,matched_er_4to1_chunk_12,60,cosine_similarity,0.011931185377761675,96
sign_test_er0.4__norm_spectral_radius,matched_er_4to1_chunk_12,60,kl_to_gaussian,0.0,96
sign_test_er0.4__norm_spectral_radius,matched_er_4to1_chunk_12,60,wt_mean,0.0019303155713714252,96
sign_test_er0.4__norm_spectral_radius,matched_er_4to1_chunk_12,61,GR,51.34118214994669,96
sign_test_er0.4__norm_spectral_radius,matched_er_4to1_chunk_12,61,IPC,17.54995763196433,96
sign_test_er0.4__norm_spectral_radius,matched_er_4to1_chunk_12,61,KR,25.79039192199707,96
sign_test_er0.4__norm_spectral_radius,matched_er_4to1_chunk_12,61,MC,10.67817342778047,96
sign_test_er0.4__norm_spectral_radius,matched_er_4to1_chunk_12,61,cosine_similarity,0.0088790238369256,96
sign_test_er0.4__norm_spectral_radius,matched_er_4to1_chunk_12,61,kl_to_gaussian,0.0,96
sign_test_er0.4__norm_spectral_radius,matched_er_4to1_chunk_12,61,wt_mean,0.0018661479116417,96
sign_test_er0.4__norm_spectral_radius,matched_er_4to1_chunk_12,62,GR,54.0572640200456,96
sign_test_er0.4__norm_spectral_radius,matched_er_4to1_chunk_12,62,IPC,17.840809199747806,96
sign_test_er0.4__norm_spectral_radius,matched_er_4to1_chunk_12,62,KR,27.688488850990932,96
sign_test_er0.4__norm_spectral_radius,matched_er_4to1_chunk_12,62,MC,11.065312859912714,96
sign_test_er0.4__norm_spectral_radius,matched_er_4to1_chunk_12,62,cosine_similarity,0.006659266306087325,96
sign_test_er0.4__norm_spectral_radius,matched_er_4to1_chunk_12,62,kl_to_gaussian,0.0,96
sign_test_er0.4__norm_spectral_radius,matched_er_4to1_chunk_12,62,wt_mean,0.0019694515503942502,96
sign_test_er0.4__norm_spectral_radius,matched_er_4to1_chunk_12,63,GR,53.31311596184969,96
sign_test_er0.4__norm_spectral_radius,matched_er_4to1_chunk_12,63,IPC,18.010922630188436,96
sign_test_er0.4__norm_spectral_radius,matched_er_4to1_chunk_12,63,KR,27.50497990598281,96
sign_test_er0.4__norm_spectral_radius,matched_er_4to1_chunk_12,63,MC,10.873460667828718,96
sign_test_er0.4__norm_spectral_radius,matched_er_4to1_chunk_12,63,cosine_similarity,0.0055493908002972004,96
sign_test_er0.4__norm_spectral_radius,matched_er_4to1_chunk_12,63,kl_to_gaussian,0.0,96
sign_test_er0.4__norm_spectral_radius,matched_er_4to1_chunk_12,63,wt_mean,0.00193782197311515,96
sign_test_er0.4__norm_spectral_radius,matched_er_4to1_chunk_12,64,GR,52.4685785373052,96
sign_test_er0.4__norm_spectral_radius,matched_er_4to1_chunk_12,64,IPC,17.283431997621403,96
sign_test_er0.4__norm_spectral_radius,matched_er_4to1_chunk_12,64,KR,26.695185214281082,96
sign_test_er0.4__norm_spectral_radius,matched_er_4to1_chunk_12,64,MC,10.786893740296364,96
sign_test_er0.4__norm_spectral_radius,matched_er_4to1_chunk_12,64,cosine_similarity,0.01498334994539615,96
sign_test_er0.4__norm_spectral_radius,matched_er_4to1_chunk_12,64,kl_to_gaussian,0.0,96
sign_test_er0.4__norm_spectral_radius,matched_er_4to1_chunk_12,64,wt_mean,0.001941904745763125,96
sign_test_er0.4__norm_spectral_radius,matched_er_4to1_chunk_13,65,GR,57.35474708427986,96
sign_test_er0.4__norm_spectral_radius,matched_er_4to1_chunk_13,65,IPC,17.549114384300463,96
sign_test_er0.4__norm_spectral_radius,matched_er_4to1_chunk_13,65,KR,29.9773717969656,96
sign_test_er0.4__norm_spectral_radius,matched_er_4to1_chunk_13,65,MC,10.829052726427713,96
sign_test_er0.4__norm_spectral_radius,matched_er_4to1_chunk_13,65,cosine_similarity,0.009988902136683424,96
sign_test_er0.4__norm_spectral_radius,matched_er_4to1_chunk_13,65,kl_to_gaussian,0.0,96
sign_test_er0.4__norm_spectral_radius,matched_er_4to1_chunk_13,65,wt_mean,0.00201173784444105,96
sign_test_er0.4__norm_spectral_radius,matched_er_4to1_chunk_13,66,GR,50.465712301433086,96
sign_test_er0.4__norm_spectral_radius,matched_er_4to1_chunk_13,66,IPC,17.663266801534892,96
sign_test_er0.4__norm_spectral_radius,matched_er_4to1_chunk_13,66,KR,25.70829686522484,96
sign_test_er0.4__norm_spectral_radius,matched_er_4to1_chunk_13,66,MC,10.780154066781202,96
sign_test_er0.4__norm_spectral_radius,matched_er_4to1_chunk_13,66,cosine_similarity,0.008324083173647474,96
sign_test_er0.4__norm_spectral_radius,matched_er_4to1_chunk_13,66,kl_to_gaussian,0.0,96
sign_test_er0.4__norm_spectral_radius,matched_er_4to1_chunk_13,66,wt_mean,0.0019218788656871252,96
sign_test_er0.4__norm_spectral_radius,matched_er_4to1_chunk_13,67,GR,55.171353754897915,96
sign_test_er0.4__norm_spectral_radius,matched_er_4to1_chunk_13,67,IPC,16.826764686259416,96
sign_test_er0.4__norm_spectral_radius,matched_er_4to1_chunk_13,67,KR,28.545194913943607,96
sign_test_er0.4__norm_spectral_radius,matched_er_4to1_chunk_13,67,MC,10.580308673282465,96
sign_test_er0.4__norm_spectral_radius,matched_er_4to1_chunk_13,67,cosine_similarity,0.010543837212026076,96
sign_test_er0.4__norm_spectral_radius,matched_er_4to1_chunk_13,67,kl_to_gaussian,0.0,96
sign_test_er0.4__norm_spectral_radius,matched_er_4to1_chunk_13,67,wt_mean,0.0019643352425191,96
sign_test_er0.4__norm_spectral_radius,matched_er_4to1_chunk_13,68,GR,54.52873415251573,96
sign_test_er0.4__norm_spectral_radius,matched_er_4to1_chunk_13,68,IPC,17.37557191951423,96
sign_test_er0.4__norm_spectral_radius,matched_er_4to1_chunk_13,68,KR,28.540574217836063,96
sign_test_er0.4__norm_spectral_radius,matched_er_4to1_chunk_13,68,MC,11.101300584773222,96
sign_test_er0.4__norm_spectral_radius,matched_er_4to1_chunk_13,68,cosine_similarity,0.006104328669607574,96
sign_test_er0.4__norm_spectral_radius,matched_er_4to1_chunk_13,68,kl_to_gaussian,0.0,96
sign_test_er0.4__norm_spectral_radius,matched_er_4to1_chunk_13,68,wt_mean,0.00196545169455925,96
sign_test_er0.4__norm_spectral_radius,matched_er_4to1_chunk_13,69,GR,54.9304853156209,96
sign_test_er0.4__norm_spectral_radius,matched_er_4to1_chunk_13,69,IPC,17.410181961838724,96
sign_test_er0.4__norm_spectral_radius,matched_er_4to1_chunk_13,69,KR,28.00696836411953,96
sign_test_er0.4__norm_spectral_radius,matched_er_4to1_chunk_13,69,MC,10.87441773712635,96
sign_test_er0.4__norm_spectral_radius,matched_er_4to1_chunk_13,69,cosine_similarity,0.00998890283517535,96
sign_test_er0.4__norm_spectral_radius,matched_er_4to1_chunk_13,69,kl_to_gaussian,0.0,96
sign_test_er0.4__norm_spectral_radius,matched_er_4to1_chunk_13,69,wt_mean,0.0019272278586867752,96
sign_test_er0.4__norm_spectral_radius,matched_er_4to1_chunk_14,70,GR,46.564190497001015,96
sign_test_er0.4__norm_spectral_radius,matched_er_4to1_chunk_14,70,IPC,16.643546844174818,96
sign_test_er0.4__norm_spectral_radius,matched_er_4to1_chunk_14,70,KR,23.06249734510978,96
sign_test_er0.4__norm_spectral_radius,matched_er_4to1_chunk_14,70,MC,10.37511346489191,96
sign_test_er0.4__norm_spectral_radius,matched_er_4to1_chunk_14,70,cosine_similarity,0.0022197557264007502,96
sign_test_er0.4__norm_spectral_radius,matched_er_4to1_chunk_14,70,kl_to_gaussian,0.0,96
sign_test_er0.4__norm_spectral_radius,matched_er_4to1_chunk_14,70,wt_mean,0.001859204436186675,96
sign_test_er0.4__norm_spectral_radius,matched_er_4to1_chunk_14,71,GR,41.99308126916488,96
sign_test_er0.4__norm_spectral_radius,matched_er_4to1_chunk_14,71,IPC,18.072396661261074,96
sign_test_er0.4__norm_spectral_radius,matched_er_4to1_chunk_14,71,KR,21.00177068511645,96
sign_test_er0.4__norm_spectral_radius,matched_er_4to1_chunk_14,71,MC,10.39055348932743,96
sign_test_er0.4__norm_spectral_radius,matched_er_4to1_chunk_14,71,cosine_similarity,0.00554938777349885,96
sign_test_er0.4__norm_spectral_radius,matched_er_4to1_chunk_14,71,kl_to_gaussian,0.0,96
sign_test_er0.4__norm_spectral_radius,matched_er_4to1_chunk_14,71,wt_mean,0.00187148095574225,96
sign_test_er0.4__norm_spectral_radius,matched_er_4to1_chunk_14,72,GR,43.69066569954157,96
sign_test_er0.4__norm_spectral_radius,matched_er_4to1_chunk_14,72,IPC,18.245907500421122,96
sign_test_er0.4__norm_spectral_radius,matched_er_4to1_chunk_14,72,KR,22.111487341423828,96
sign_test_er0.4__norm_spectral_radius,matched_er_4to1_chunk_14,72,MC,11.408464521169662,96
sign_test_er0.4__norm_spectral_radius,matched_er_4to1_chunk_14,72,cosine_similarity,0.00638179737143215,96
sign_test_er0.4__norm_spectral_radius,matched_er_4to1_chunk_14,72,kl_to_gaussian,0.0,96
sign_test_er0.4__norm_spectral_radius,matched_er_4to1_chunk_14,72,wt_mean,0.00185384784708725,96
sign_test_er0.4__norm_spectral_radius,matched_er_4to1_chunk_14,73,GR,51.70860240856806,96
sign_test_er0.4__norm_spectral_radius,matched_er_4to1_chunk_14,73,IPC,17.984223826150306,96
sign_test_er0.4__norm_spectral_radius,matched_er_4to1_chunk_14,73,KR,26.99263333529234,96
sign_test_er0.4__norm_spectral_radius,matched_er_4to1_chunk_14,73,MC,11.364181637763977,96
sign_test_er0.4__norm_spectral_radius,matched_er_4to1_chunk_14,73,cosine_similarity,0.011098778340965449,96
sign_test_er0.4__norm_spectral_radius,matched_er_4to1_chunk_14,73,kl_to_gaussian,0.0,96
sign_test_er0.4__norm_spectral_radius,matched_er_4to1_chunk_14,73,wt_mean,0.001960871421033475,96
sign_test_er0.4__norm_spectral_radius,matched_er_4to1_chunk_14,74,GR,55.58392076690992,96
sign_test_er0.4__norm_spectral_radius,matched_er_4to1_chunk_14,74,IPC,17.151157537361218,96
sign_test_er0.4__norm_spectral_radius,matched_er_4to1_chunk_14,74,KR,28.11253614226977,96
sign_test_er0.4__norm_spectral_radius,matched_er_4to1_chunk_14,74,MC,10.472512220342955,96
sign_test_er0.4__norm_spectral_radius,matched_er_4to1_chunk_14,74,cosine_similarity,0.013596001779660525,96
sign_test_er0.4__norm_spectral_radius,matched_er_4to1_chunk_14,74,kl_to_gaussian,0.0,96
sign_test_er0.4__norm_spectral_radius,matched_er_4to1_chunk_14,74,wt_mean,0.0019455997389740503,96
sign_test_er0.4__norm_spectral_radius,matched_er_4to1_chunk_15,75,GR,49.51829931885004,96
sign_test_er0.4__norm_spectral_radius,matched_er_4to1_chunk_15,75,IPC,17.83704782668179,96
sign_test_er0.4__norm_spectral_radius,matched_er_4to1_chunk_15,75,KR,25.27447096755107,96
sign_test_er0.4__norm_spectral_radius,matched_er_4to1_chunk_15,75,MC,11.126405395567417,96
sign_test_er0.4__norm_spectral_radius,matched_er_4to1_chunk_15,75,cosine_similarity,0.013873471179976999,96
sign_test_er0.4__norm_spectral_radius,matched_er_4to1_chunk_15,75,kl_to_gaussian,0.0,96
sign_test_er0.4__norm_spectral_radius,matched_er_4to1_chunk_15,75,wt_mean,0.0019093994051217502,96
sign_test_er0.4__norm_spectral_radius,matched_er_4to1_chunk_15,76,GR,51.88939157128334,96
sign_test_er0.4__norm_spectral_radius,matched_er_4to1_chunk_15,76,IPC,17.7870133219273,96
sign_test_er0.4__norm_spectral_radius,matched_er_4to1_chunk_15,76,KR,26.816068852941196,96
sign_test_er0.4__norm_spectral_radius,matched_er_4to1_chunk_15,76,MC,11.204027709861597,96
sign_test_er0.4__norm_spectral_radius,matched_er_4to1_chunk_15,76,cosine_similarity,0.011376247741281974,96
sign_test_er0.4__norm_spectral_radius,matched_er_4to1_chunk_15,76,kl_to_gaussian,0.0,96
sign_test_er0.4__norm_spectral_radius,matched_er_4to1_chunk_15,76,wt_mean,0.0019423428748268,96
sign_test_er0.4__norm_spectral_radius,matched_er_4to1_chunk_15,77,GR,49.652515918016434,96
sign_test_er0.4__norm_spectral_radius,matched_er_4to1_chunk_15,77,IPC,17.769604246141373,96
sign_test_er0.4__norm_spectral_radius,matched_er_4to1_chunk_15,77,KR,26.041207465032738,96
sign_test_er0.4__norm_spectral_radius,matched_er_4to1_chunk_15,77,MC,11.114151572187742,96
sign_test_er0.4__norm_spectral_radius,matched_er_4to1_chunk_15,77,cosine_similarity,0.004162042983807575,96
sign_test_er0.4__norm_spectral_radius,matched_er_4to1_chunk_15,77,kl_to_gaussian,0.0,96
sign_test_er0.4__norm_spectral_radius,matched_er_4to1_chunk_15,77,wt_mean,0.0019319744314997749,96
sign_test_er0.4__norm_spectral_radius,matched_er_4to1_chunk_15,78,GR,53.14586587498585,96
sign_test_er0.4__norm_spectral_radius,matched_er_4to1_chunk_15,78,IPC,18.018382412553596,96
sign_test_er0.4__norm_spectral_radius,matched_er_4to1_chunk_15,78,KR,26.753857920567196,96
sign_test_er0.4__norm_spectral_radius,matched_er_4to1_chunk_15,78,MC,11.232826647659143,96
sign_test_er0.4__norm_spectral_radius,matched_er_4to1_chunk_15,78,cosine_similarity,0.00915649044327435,96
sign_test_er0.4__norm_spectral_radius,matched_er_4to1_chunk_15,78,kl_to_gaussian,0.0,96
sign_test_er0.4__norm_spectral_radius,matched_er_4to1_chunk_15,78,wt_mean,0.0019393696857150252,96
sign_test_er0.4__norm_spectral_radius,matched_er_4to1_chunk_15,79,GR,49.747504775722824,96
sign_test_er0.4__norm_spectral_radius,matched_er_4to1_chunk_15,79,IPC,17.060950588398516,96
sign_test_er0.4__norm_spectral_radius,matched_er_4to1_chunk_15,79,KR,24.88323347022136,96
sign_test_er0.4__norm_spectral_radius,matched_er_4to1_chunk_15,79,MC,10.724878368278345,96
sign_test_er0.4__norm_spectral_radius,matched_er_4to1_chunk_15,79,cosine_similarity,0.003052165149711025,96
sign_test_er0.4__norm_spectral_radius,matched_er_4to1_chunk_15,79,kl_to_gaussian,0.0,96
sign_test_er0.4__norm_spectral_radius,matched_er_4to1_chunk_15,79,wt_mean,0.001881651260191525,96
sign_test_er0.4__norm_spectral_radius,matched_er_4to1_chunk_16,80,GR,54.6652664889892,96
sign_test_er0.4__norm_spectral_radius,matched_er_4to1_chunk_16,80,IPC,16.948104250278405,96
sign_test_er0.4__norm_spectral_radius,matched_er_4to1_chunk_16,80,KR,28.166612913211186,96
sign_test_er0.4__norm_spectral_radius,matched_er_4to1_chunk_16,80,MC,11.228252475460371,96
sign_test_er0.4__norm_spectral_radius,matched_er_4to1_chunk_16,80,cosine_similarity,0.00693673768546425,96
sign_test_er0.4__norm_spectral_radius,matched_er_4to1_chunk_16,80,kl_to_gaussian,0.0,96
sign_test_er0.4__norm_spectral_radius,matched_er_4to1_chunk_16,80,wt_mean,0.00196339431568045,96
sign_test_er0.4__norm_spectral_radius,matched_er_4to1_chunk_16,81,GR,54.36674836526314,96
sign_test_er0.4__norm_spectral_radius,matched_er_4to1_chunk_16,81,IPC,16.67093525119005,96
sign_test_er0.4__norm_spectral_radius,matched_er_4to1_chunk_16,81,KR,28.500966330369312,96
sign_test_er0.4__norm_spectral_radius,matched_er_4to1_chunk_16,81,MC,10.860490207870802,96
sign_test_er0.4__norm_spectral_radius,matched_er_4to1_chunk_16,81,cosine_similarity,0.00443951180204745,96
sign_test_er0.4__norm_spectral_radius,matched_er_4to1_chunk_16,81,kl_to_gaussian,0.0,96
sign_test_er0.4__norm_spectral_radius,matched_er_4to1_chunk_16,81,wt_mean,0.001959364017238775,96
sign_test_er0.4__norm_spectral_radius,matched_er_4to1_chunk_16,82,GR,53.21294707804918,96
sign_test_er0.4__norm_spectral_radius,matched_er_4to1_chunk_16,82,IPC,17.187741256424403,96
sign_test_er0.4__norm_spectral_radius,matched_er_4to1_chunk_16,82,KR,26.75100453943014,96
sign_test_er0.4__norm_spectral_radius,matched_er_4to1_chunk_16,82,MC,10.814564642806848,96
sign_test_er0.4__norm_spectral_radius,matched_er_4to1_chunk_16,82,cosine_similarity,0.0119311870075762,96
sign_test_er0.4__norm_spectral_radius,matched_er_4to1_chunk_16,82,kl_to_gaussian,0.0,96
sign_test_er0.4__norm_spectral_radius,matched_er_4to1_chunk_16,82,wt_mean,0.001964392489753575,96
sign_test_er0.4__norm_spectral_radius,matched_er_4to1_chunk_16,83,GR,54.93431622038285,96
sign_test_er0.4__norm_spectral_radius,matched_er_4to1_chunk_16,83,IPC,16.285199981358254,96
sign_test_er0.4__norm_spectral_radius,matched_er_4to1_chunk_16,83,KR,27.21435080220302,96
sign_test_er0.4__norm_spectral_radius,matched_er_4to1_chunk_16,83,MC,10.1352343869706,96
sign_test_er0.4__norm_spectral_radius,matched_er_4to1_chunk_16,83,cosine_similarity,0.0113762491382658,96
sign_test_er0.4__norm_spectral_radius,matched_er_4to1_chunk_16,83,kl_to_gaussian,0.0,96
sign_test_er0.4__norm_spectral_radius,matched_er_4to1_chunk_16,83,wt_mean,0.0019646243890747,96
sign_test_er0.4__norm_spectral_radius,matched_er_4to1_chunk_16,84,GR,55.149782645205654,96
sign_test_er0.4__norm_spectral_radius,matched_er_4to1_chunk_16,84,IPC,17.339887587071196,96
sign_test_er0.4__norm_spectral_radius,matched_er_4to1_chunk_16,84,KR,28.73553041865428,96
sign_test_er0.4__norm_spectral_radius,matched_er_4to1_chunk_16,84,MC,11.059535602728525,96
sign_test_er0.4__norm_spectral_radius,matched_er_4to1_chunk_16,84,cosine_similarity,0.011098777642473525,96
sign_test_er0.4__norm_spectral_radius,matched_er_4to1_chunk_16,84,kl_to_gaussian,0.0,96
sign_test_er0.4__norm_spectral_radius,matched_er_4to1_chunk_16,84,wt_mean,0.00194095264305355,96
sign_test_er0.4__norm_spectral_radius,matched_er_4to1_chunk_17,85,GR,54.83166968077421,96
sign_test_er0.4__norm_spectral_radius,matched_er_4to1_chunk_17,85,IPC,15.983991485785893,96
sign_test_er0.4__norm_spectral_radius,matched_er_4to1_chunk_17,85,KR,27.74084300051133,96
sign_test_er0.4__norm_spectral_radius,matched_er_4to1_chunk_17,85,MC,10.137450536092123,96
sign_test_er0.4__norm_spectral_radius,matched_er_4to1_chunk_17,85,cosine_similarity,0.010266371536999925,96
sign_test_er0.4__norm_spectral_radius,matched_er_4to1_chunk_17,85,kl_to_gaussian,0.0,96
sign_test_er0.4__norm_spectral_radius,matched_er_4to1_chunk_17,85,wt_mean,0.0019395049603189501,96
sign_test_er0.4__norm_spectral_radius,matched_er_4to1_chunk_17,86,GR,50.329865803321205,96
sign_test_er0.4__norm_spectral_radius,matched_er_4to1_chunk_17,86,IPC,16.603606432953324,96
sign_test_er0.4__norm_spectral_radius,matched_er_4to1_chunk_17,86,KR,25.342298132677872,96
sign_test_er0.4__norm_spectral_radius,matched_er_4to1_chunk_17,86,MC,10.692258425056934,96
sign_test_er0.4__norm_spectral_radius,matched_er_4to1_chunk_17,86,cosine_similarity,0.00166481689666395,96
sign_test_er0.4__norm_spectral_radius,matched_er_4to1_chunk_17,86,kl_to_gaussian,0.0,96
sign_test_er0.4__norm_spectral_radius,matched_er_4to1_chunk_17,86,wt_mean,0.0019082209910265752,96
sign_test_er0.4__norm_spectral_radius,matched_er_4to1_chunk_17,87,GR,53.83155606687069,96
sign_test_er0.4__norm_spectral_radius,matched_er_4to1_chunk_17,87,IPC,16.440383810637083,96
sign_test_er0.4__norm_spectral_radius,matched_er_4to1_chunk_17,87,KR,27.136914655566216,96
sign_test_er0.4__norm_spectral_radius,matched_er_4to1_chunk_17,87,MC,10.469133694966635,96
sign_test_er0.4__norm_spectral_radius,matched_er_4to1_chunk_17,87,cosine_similarity,0.010543838143348624,96
sign_test_er0.4__norm_spectral_radius,matched_er_4to1_chunk_17,87,kl_to_gaussian,0.0,96
sign_test_er0.4__norm_spectral_radius,matched_er_4to1_chunk_17,87,wt_mean,0.0019375925767234998,96
sign_test_er0.4__norm_spectral_radius,matched_er_4to1_chunk_17,88,GR,52.768229288359485,96
sign_test_er0.4__norm_spectral_radius,matched_er_4to1_chunk_17,88,IPC,16.171510295639983,96
sign_test_er0.4__norm_spectral_radius,matched_er_4to1_chunk_17,88,KR,26.542905648549397,96
sign_test_er0.4__norm_spectral_radius,matched_er_4to1_chunk_17,88,MC,10.2331622193257,96
sign_test_er0.4__norm_spectral_radius,matched_er_4to1_chunk_17,88,cosine_similarity,0.014705879148095775,96
sign_test_er0.4__norm_spectral_radius,matched_er_4to1_chunk_17,88,kl_to_gaussian,0.0,96
sign_test_er0.4__norm_spectral_radius,matched_er_4to1_chunk_17,88,wt_mean,0.00194844027282665,96
sign_test_er0.4__norm_spectral_radius,matched_er_4to1_chunk_17,89,GR,52.774034370978676,96
sign_test_er0.4__norm_spectral_radius,matched_er_4to1_chunk_17,89,IPC,16.56979478269753,96
sign_test_er0.4__norm_spectral_radius,matched_er_4to1_chunk_17,89,KR,27.229062067965668,96
sign_test_er0.4__norm_spectral_radius,matched_er_4to1_chunk_17,89,MC,10.912946363290152,96
sign_test_er0.4__norm_spectral_radius,matched_er_4to1_chunk_17,89,cosine_similarity,0.007769146468490325,96
sign_test_er0.4__norm_spectral_radius,matched_er_4to1_chunk_17,89,kl_to_gaussian,0.0,96
sign_test_er0.4__norm_spectral_radius,matched_er_4to1_chunk_17,89,wt_mean,0.0019428993982728,96
sign_test_er0.4__norm_spectral_radius,matched_er_4to1_chunk_18,90,GR,56.59864788254102,96
sign_test_er0.4__norm_spectral_radius,matched_er_4to1_chunk_18,90,IPC,16.93356221651803,96
sign_test_er0.4__norm_spectral_radius,matched_er_4to1_chunk_18,90,KR,29.232656742135685,96
sign_test_er0.4__norm_spectral_radius,matched_er_4to1_chunk_18,90,MC,10.687263697385788,96
sign_test_er0.4__norm_spectral_radius,matched_er_4to1_chunk_18,90,cosine_similarity,0.00416204123757775,96
sign_test_er0.4__norm_spectral_radius,matched_er_4to1_chunk_18,90,kl_to_gaussian,0.0,96
sign_test_er0.4__norm_spectral_radius,matched_er_4to1_chunk_18,90,wt_mean,0.001963886432349625,96
sign_test_er0.4__norm_spectral_radius,matched_er_4to1_chunk_18,91,GR,53.324140225847565,96
sign_test_er0.4__norm_spectral_radius,matched_er_4to1_chunk_18,91,IPC,16.557248648986548,96
sign_test_er0.4__norm_spectral_radius,matched_er_4to1_chunk_18,91,KR,27.141049245993297,96
sign_test_er0.4__norm_spectral_radius,matched_er_4to1_chunk_18,91,MC,10.44580744455258,96
sign_test_er0.4__norm_spectral_radius,matched_er_4to1_chunk_18,91,cosine_similarity,0.001942286238772725,96
sign_test_er0.4__norm_spectral_radius,matched_er_4to1_chunk_18,91,kl_to_gaussian,0.0,96
sign_test_er0.4__norm_spectral_radius,matched_er_4to1_chunk_18,91,wt_mean,0.0019304132729302502,96
sign_test_er0.4__norm_spectral_radius,matched_er_4to1_chunk_18,92,GR,48.72694648305575,96
sign_test_er0.4__norm_spectral_radius,matched_er_4to1_chunk_18,92,IPC,16.9875173748286,96
sign_test_er0.4__norm_spectral_radius,matched_er_4to1_chunk_18,92,KR,25.205543413758278,96
sign_test_er0.4__norm_spectral_radius,matched_er_4to1_chunk_18,92,MC,10.526174073417982,96
sign_test_er0.4__norm_spectral_radius,matched_er_4to1_chunk_18,92,cosine_similarity,0.0052719202358275,96
sign_test_er0.4__norm_spectral_radius,matched_er_4to1_chunk_18,92,kl_to_gaussian,0.0,96
sign_test_er0.4__norm_spectral_radius,matched_er_4to1_chunk_18,92,wt_mean,0.001879563351394575,96
sign_test_er0.4__norm_spectral_radius,matched_er_4to1_chunk_18,93,GR,53.031481159230076,96
sign_test_er0.4__norm_spectral_radius,matched_er_4to1_chunk_18,93,IPC,16.649461331496827,96
sign_test_er0.4__norm_spectral_radius,matched_er_4to1_chunk_18,93,KR,27.27780805528164,96
sign_test_er0.4__norm_spectral_radius,matched_er_4to1_chunk_18,93,MC,10.863775588572025,96
sign_test_er0.4__norm_spectral_radius,matched_er_4to1_chunk_18,93,cosine_similarity,0.00554938986897465,96
sign_test_er0.4__norm_spectral_radius,matched_er_4to1_chunk_18,93,kl_to_gaussian,0.0,96
sign_test_er0.4__norm_spectral_radius,matched_er_4to1_chunk_18,93,wt_mean,0.001954138773726275,96
sign_test_er0.4__norm_spectral_radius,matched_er_4to1_chunk_18,94,GR,54.917027873297535,96
sign_test_er0.4__norm_spectral_radius,matched_er_4to1_chunk_18,94,IPC,17.467313834338075,96
sign_test_er0.4__norm_spectral_radius,matched_er_4to1_chunk_18,94,KR,28.489205839733284,96
sign_test_er0.4__norm_spectral_radius,matched_er_4to1_chunk_18,94,MC,11.00913426031669,96
sign_test_er0.4__norm_spectral_radius,matched_er_4to1_chunk_18,94,cosine_similarity,0.0044395111035555,96
sign_test_er0.4__norm_spectral_radius,matched_er_4to1_chunk_18,94,kl_to_gaussian,0.0,96
sign_test_er0.4__norm_spectral_radius,matched_er_4to1_chunk_18,94,wt_mean,0.00195024447748435,96
sign_test_er0.4__norm_spectral_radius,matched_er_4to1_chunk_19,95,GR,50.286551589767136,96
sign_test_er0.4__norm_spectral_radius,matched_er_4to1_chunk_19,95,IPC,16.597749990581242,96
sign_test_er0.4__norm_spectral_radius,matched_er_4to1_chunk_19,95,KR,25.581820008655388,96
sign_test_er0.4__norm_spectral_radius,matched_er_4to1_chunk_19,95,MC,10.62943304081758,96
sign_test_er0.4__norm_spectral_radius,matched_er_4to1_chunk_19,95,cosine_similarity,0.008046616334468074,96
sign_test_er0.4__norm_spectral_radius,matched_er_4to1_chunk_19,95,kl_to_gaussian,0.0,96
sign_test_er0.4__norm_spectral_radius,matched_er_4to1_chunk_19,95,wt_mean,0.0018941818270831752,96
sign_test_er0.4__norm_spectral_radius,matched_er_4to1_chunk_19,96,GR,54.2784474020203,96
sign_test_er0.4__norm_spectral_radius,matched_er_4to1_chunk_19,96,IPC,16.99289636292046,96
sign_test_er0.4__norm_spectral_radius,matched_er_4to1_chunk_19,96,KR,26.965657194455463,96
sign_test_er0.4__norm_spectral_radius,matched_er_4to1_chunk_19,96,MC,10.677378885447979,96
sign_test_er0.4__norm_spectral_radius,matched_er_4to1_chunk_19,96,cosine_similarity,0.005549388704821425,96
sign_test_er0.4__norm_spectral_radius,matched_er_4to1_chunk_19,96,kl_to_gaussian,0.0,96
sign_test_er0.4__norm_spectral_radius,matched_er_4to1_chunk_19,96,wt_mean,0.0019364055478945,96
sign_test_er0.4__norm_spectral_radius,matched_er_4to1_chunk_19,97,GR,55.22303388019403,96
sign_test_er0.4__norm_spectral_radius,matched_er_4to1_chunk_19,97,IPC,17.651671771924196,96
sign_test_er0.4__norm_spectral_radius,matched_er_4to1_chunk_19,97,KR,28.8901580820481,96
sign_test_er0.4__norm_spectral_radius,matched_er_4to1_chunk_19,97,MC,11.027198185523352,96
sign_test_er0.4__norm_spectral_radius,matched_er_4to1_chunk_19,97,cosine_similarity,0.0041620415868237,96
sign_test_er0.4__norm_spectral_radius,matched_er_4to1_chunk_19,97,kl_to_gaussian,0.0,96
sign_test_er0.4__norm_spectral_radius,matched_er_4to1_chunk_19,97,wt_mean,0.001969392789760575,96
sign_test_er0.4__norm_spectral_radius,matched_er_4to1_chunk_19,98,GR,51.42332429687182,96
sign_test_er0.4__norm_spectral_radius,matched_er_4to1_chunk_19,98,IPC,17.172872373887323,96
sign_test_er0.4__norm_spectral_radius,matched_er_4to1_chunk_19,98,KR,26.127291788657505,96
sign_test_er0.4__norm_spectral_radius,matched_er_4to1_chunk_19,98,MC,10.827992389599482,96
sign_test_er0.4__norm_spectral_radius,matched_er_4to1_chunk_19,98,cosine_similarity,0.0113762491382658,96
sign_test_er0.4__norm_spectral_radius,matched_er_4to1_chunk_19,98,kl_to_gaussian,0.0,96
sign_test_er0.4__norm_spectral_radius,matched_er_4to1_chunk_19,98,wt_mean,0.0019173311884514751,96
sign_test_er0.4__norm_spectral_radius,matched_er_4to1_chunk_19,99,GR,55.78338374694189,96
sign_test_er0.4__norm_spectral_radius,matched_er_4to1_chunk_19,99,IPC,16.44464098284129,96
sign_test_er0.4__norm_spectral_radius,matched_er_4to1_chunk_19,99,KR,29.486895509064198,96
sign_test_er0.4__norm_spectral_radius,matched_er_4to1_chunk_19,99,MC,10.873887360095978,96
sign_test_er0.4__norm_spectral_radius,matched_er_4to1_chunk_19,99,cosine_similarity,0.012208657804876502,96
sign_test_er0.4__norm_spectral_radius,matched_er_4to1_chunk_19,99,kl_to_gaussian,0.0,96
sign_test_er0.4__norm_spectral_radius,matched_er_4to1_chunk_19,99,wt_mean,0.0019494652806314999,96
sign_test_er0.4__norm_spectral_radius,matched_er_4to1_chunk_2,10,GR,52.04436275611321,96
sign_test_er0.4__norm_spectral_radius,matched_er_4to1_chunk_2,10,IPC,17.15006432457352,96
sign_test_er0.4__norm_spectral_radius,matched_er_4to1_chunk_2,10,KR,26.45229957252741,96
sign_test_er0.4__norm_spectral_radius,matched_er_4to1_chunk_2,10,MC,10.583493821322918,96
sign_test_er0.4__norm_spectral_radius,matched_er_4to1_chunk_2,10,cosine_similarity,0.00721420708578075,96
sign_test_er0.4__norm_spectral_radius,matched_er_4to1_chunk_2,10,kl_to_gaussian,0.0,96
sign_test_er0.4__norm_spectral_radius,matched_er_4to1_chunk_2,10,wt_mean,0.0019260928384028,96
sign_test_er0.4__norm_spectral_radius,matched_er_4to1_chunk_2,11,GR,48.39399085690578,96
sign_test_er0.4__norm_spectral_radius,matched_er_4to1_chunk_2,11,IPC,17.614012841788213,96
sign_test_er0.4__norm_spectral_radius,matched_er_4to1_chunk_2,11,KR,24.843098133802414,96
sign_test_er0.4__norm_spectral_radius,matched_er_4to1_chunk_2,11,MC,10.855184949934483,96
sign_test_er0.4__norm_spectral_radius,matched_er_4to1_chunk_2,11,cosine_similarity,0.004716981784440525,96
sign_test_er0.4__norm_spectral_radius,matched_er_4to1_chunk_2,11,kl_to_gaussian,0.0,96
sign_test_er0.4__norm_spectral_radius,matched_er_4to1_chunk_2,11,wt_mean,0.0018601282208691998,96
sign_test_er0.4__norm_spectral_radius,matched_er_4to1_chunk_2,12,GR,57.06733903785547,96
sign_test_er0.4__norm_spectral_radius,matched_er_4to1_chunk_2,12,IPC,16.27643611780065,96
sign_test_er0.4__norm_spectral_radius,matched_er_4to1_chunk_2,12,KR,28.527590697010357,96
sign_test_er0.4__norm_spectral_radius,matched_er_4to1_chunk_2,12,MC,10.072960620125135,96
sign_test_er0.4__norm_spectral_radius,matched_er_4to1_chunk_2,12,cosine_similarity,0.008879022905603001,96
sign_test_er0.4__norm_spectral_radius,matched_er_4to1_chunk_2,12,kl_to_gaussian,0.0,96
sign_test_er0.4__norm_spectral_radius,matched_er_4to1_chunk_2,12,wt_mean,0.001938471745233925,96
sign_test_er0.4__norm_spectral_radius,matched_er_4to1_chunk_2,13,GR,49.33582352101803,96
sign_test_er0.4__norm_spectral_radius,matched_er_4to1_chunk_2,13,IPC,17.204356588035854,96
sign_test_er0.4__norm_spectral_radius,matched_er_4to1_chunk_2,13,KR,24.80210014929374,96
sign_test_er0.4__norm_spectral_radius,matched_er_4to1_chunk_2,13,MC,10.841487313310305,96
sign_test_er0.4__norm_spectral_radius,matched_er_4to1_chunk_2,13,cosine_similarity,0.0077691453043371,96
sign_test_er0.4__norm_spectral_radius,matched_er_4to1_chunk_2,13,kl_to_gaussian,0.0,96
sign_test_er0.4__norm_spectral_radius,matched_er_4to1_chunk_2,13,wt_mean,0.0018956895510200001,96
sign_test_er0.4__norm_spectral_radius,matched_er_4to1_chunk_2,14,GR,48.33865129947662,96
sign_test_er0.4__norm_spectral_radius,matched_er_4to1_chunk_2,14,IPC,18.025407276091226,96
sign_test_er0.4__norm_spectral_radius,matched_er_4to1_chunk_2,14,KR,24.35900571445624,96
sign_test_er0.4__norm_spectral_radius,matched_er_4to1_chunk_2,14,MC,10.871686264872551,96
sign_test_er0.4__norm_spectral_radius,matched_er_4to1_chunk_2,14,cosine_similarity,0.01026637083850795,96
sign_test_er0.4__norm_spectral_radius,matched_er_4to1_chunk_2,14,kl_to_gaussian,0.0,96
sign_test_er0.4__norm_spectral_radius,matched_er_4to1_chunk_2,14,wt_mean,0.0018975449784192752,96
sign_test_er0.4__norm_spectral_radius,matched_er_4to1_chunk_3,15,GR,49.86120494951805,96
sign_test_er0.4__norm_spectral_radius,matched_er_4to1_chunk_3,15,IPC,17.759009039649406,96
sign_test_er0.4__norm_spectral_radius,matched_er_4to1_chunk_3,15,KR,25.880564481019974,96
sign_test_er0.4__norm_spectral_radius,matched_er_4to1_chunk_3,15,MC,11.368024880687395,96
sign_test_er0.4__norm_spectral_radius,matched_er_4to1_chunk_3,15,cosine_similarity,0.008879020111635301,96
sign_test_er0.4__norm_spectral_radius,matched_er_4to1_chunk_3,15,kl_to_gaussian,0.0,96
sign_test_er0.4__norm_spectral_radius,matched_er_4to1_chunk_3,15,wt_mean,0.001922156021464575,96
sign_test_er0.4__norm_spectral_radius,matched_er_4to1_chunk_3,16,GR,54.07071042557558,96
sign_test_er0.4__norm_spectral_radius,matched_er_4to1_chunk_3,16,IPC,17.697343100770702,96
sign_test_er0.4__norm_spectral_radius,matched_er_4to1_chunk_3,16,KR,26.913476027548313,96
sign_test_er0.4__norm_spectral_radius,matched_er_4to1_chunk_3,16,MC,10.859819404780865,96
sign_test_er0.4__norm_spectral_radius,matched_er_4to1_chunk_3,16,cosine_similarity,0.005826859269291125,96
sign_test_er0.4__norm_spectral_radius,matched_er_4to1_chunk_3,16,kl_to_gaussian,0.0,96
sign_test_er0.4__norm_spectral_radius,matched_er_4to1_chunk_3,16,wt_mean,0.001923713571159125,96
sign_test_er0.4__norm_spectral_radius,matched_er_4to1_chunk_3,17,GR,57.34234037746986,96
sign_test_er0.4__norm_spectral_radius,matched_er_4to1_chunk_3,17,IPC,17.09429642380311,96
sign_test_er0.4__norm_spectral_radius,matched_er_4to1_chunk_3,17,KR,29.62699785331885,96
sign_test_er0.4__norm_spectral_radius,matched_er_4to1_chunk_3,17,MC,10.762988028426966,96
sign_test_er0.4__norm_spectral_radius,matched_er_4to1_chunk_3,17,cosine_similarity,0.0049944506026804005,96
sign_test_er0.4__norm_spectral_radius,matched_er_4to1_chunk_3,17,kl_to_gaussian,0.0,96
sign_test_er0.4__norm_spectral_radius,matched_er_4to1_chunk_3,17,wt_mean,0.0019872029079124,96
sign_test_er0.4__norm_spectral_radius,matched_er_4to1_chunk_3,18,GR,52.59184514731169,96
sign_test_er0.4__norm_spectral_radius,matched_er_4to1_chunk_3,18,IPC,17.7450114140457,96
sign_test_er0.4__norm_spectral_radius,matched_er_4to1_chunk_3,18,KR,26.728738223512966,96
sign_test_er0.4__norm_spectral_radius,matched_er_4to1_chunk_3,18,MC,11.029481572409471,96
sign_test_er0.4__norm_spectral_radius,matched_er_4to1_chunk_3,18,cosine_similarity,0.01026637060567735,96
sign_test_er0.4__norm_spectral_radius,matched_er_4to1_chunk_3,18,kl_to_gaussian,0.0,96
sign_test_er0.4__norm_spectral_radius,matched_er_4to1_chunk_3,18,wt_mean,0.001954105973709325,96
sign_test_er0.4__norm_spectral_radius,matched_er_4to1_chunk_3,19,GR,46.965199453135334,96
sign_test_er0.4__norm_spectral_radius,matched_er_4to1_chunk_3,19,IPC,17.868168030257497,96
sign_test_er0.4__norm_spectral_radius,matched_er_4to1_chunk_3,19,KR,23.274091487129528,96
sign_test_er0.4__norm_spectral_radius,matched_er_4to1_chunk_3,19,MC,10.873324155807495,96
sign_test_er0.4__norm_spectral_radius,matched_er_4to1_chunk_3,19,cosine_similarity,0.00582685775589195,96
sign_test_er0.4__norm_spectral_radius,matched_er_4to1_chunk_3,19,kl_to_gaussian,0.0,96
sign_test_er0.4__norm_spectral_radius,matched_er_4to1_chunk_3,19,wt_mean,0.001861725206254,96
sign_test_er0.4__norm_spectral_radius,matched_er_4to1_chunk_4,20,GR,47.31944086154302,96
sign_test_er0.4__norm_spectral_radius,matched_er_4to1_chunk_4,20,IPC,18.208000586767604,96
sign_test_er0.4__norm_spectral_radius,matched_er_4to1_chunk_4,20,KR,23.415835956732433,96
sign_test_er0.4__norm_spectral_radius,matched_er_4to1_chunk_4,20,MC,10.902024631698927,96
sign_test_er0.4__norm_spectral_radius,matched_er_4to1_chunk_4,20,cosine_similarity,0.005826859967783025,96
sign_test_er0.4__norm_spectral_radius,matched_er_4to1_chunk_4,20,kl_to_gaussian,0.0,96
sign_test_er0.4__norm_spectral_radius,matched_er_4to1_chunk_4,20,wt_mean,0.00187414072570385,96
sign_test_er0.4__norm_spectral_radius,matched_er_4to1_chunk_4,21,GR,49.505516504247986,96
sign_test_er0.4__norm_spectral_radius,matched_er_4to1_chunk_4,21,IPC,17.63774616749752,96
sign_test_er0.4__norm_spectral_radius,matched_er_4to1_chunk_4,21,KR,24.774630347887676,96
sign_test_er0.4__norm_spectral_radius,matched_er_4to1_chunk_4,21,MC,10.713991982241472,96
sign_test_er0.4__norm_spectral_radius,matched_er_4to1_chunk_4,21,cosine_similarity,0.006936736754141699,96
sign_test_er0.4__norm_spectral_radius,matched_er_4to1_chunk_4,21,kl_to_gaussian,0.0,96
sign_test_er0.4__norm_spectral_radius,matched_er_4to1_chunk_4,21,wt_mean,0.00189645617501805,96
sign_test_er0.4__norm_spectral_radius,matched_er_4to1_chunk_4,22,GR,52.00456095238527,96
sign_test_er0.4__norm_spectral_radius,matched_er_4to1_chunk_4,22,IPC,17.75997995711762,96
sign_test_er0.4__norm_spectral_radius,matched_er_4to1_chunk_4,22,KR,26.875140426059563,96
sign_test_er0.4__norm_spectral_radius,matched_er_4to1_chunk_4,22,MC,10.663474932312965,96
sign_test_er0.4__norm_spectral_radius,matched_er_4to1_chunk_4,22,cosine_similarity,0.00776914495509115,96
sign_test_er0.4__norm_spectral_radius,matched_er_4to1_chunk_4,22,kl_to_gaussian,0.0,96
sign_test_er0.4__norm_spectral_radius,matched_er_4to1_chunk_4,22,wt_mean,0.0019427457300479998,96
sign_test_er0.4__norm_spectral_radius,matched_er_4to1_chunk_4,23,GR,50.99384445697069,96
sign_test_er0.4__norm_spectral_radius,matched_er_4to1_chunk_4,23,IPC,18.40522680996745,96
sign_test_er0.4__norm_spectral_radius,matched_er_4to1_chunk_4,23,KR,26.59515732030074,96
sign_test_er0.4__norm_spectral_radius,matched_er_4to1_chunk_4,23,MC,11.566423505544662,96
sign_test_er0.4__norm_spectral_radius,matched_er_4to1_chunk_4,23,cosine_similarity,0.007214206154458151,96
sign_test_er0.4__norm_spectral_radius,matched_er_4to1_chunk_4,23,kl_to_gaussian,0.0,96
sign_test_er0.4__norm_spectral_radius,matched_er_4to1_chunk_4,23,wt_mean,0.0019130626751575,96
sign_test_er0.4__norm_spectral_radius,matched_er_4to1_chunk_4,24,GR,48.73994897057613,96
sign_test_er0.4__norm_spectral_radius,matched_er_4to1_chunk_4,24,IPC,17.422486648067032,96
sign_test_er0.4__norm_spectral_radius,matched_er_4to1_chunk_4,24,KR,24.65966899941365,96
sign_test_er0.4__norm_spectral_radius,matched_er_4to1_chunk_4,24,MC,10.581707996626696,96
sign_test_er0.4__norm_spectral_radius,matched_er_4to1_chunk_4,24,cosine_similarity,0.007491676486097249,96
sign_test_er0.4__norm_spectral_radius,matched_er_4to1_chunk_4,24,kl_to_gaussian,0.0,96
sign_test_er0.4__norm_spectral_radius,matched_er_4to1_chunk_4,24,wt_mean,0.0019178373040630748,96
sign_test_er0.4__norm_spectral_radius,matched_er_4to1_chunk_5,25,GR,55.97606362899145,96
sign_test_er0.4__norm_spectral_radius,matched_er_4to1_chunk_5,25,IPC,17.650253549703425,96
sign_test_er0.4__norm_spectral_radius,matched_er_4to1_chunk_5,25,KR,28.830374506612618,96
sign_test_er0.4__norm_spectral_radius,matched_er_4to1_chunk_5,25,MC,10.979117833077908,96
sign_test_er0.4__norm_spectral_radius,matched_er_4to1_chunk_5,25,cosine_similarity,0.014428409282118049,96
sign_test_er0.4__norm_spectral_radius,matched_er_4to1_chunk_5,25,kl_to_gaussian,0.0,96
sign_test_er0.4__norm_spectral_radius,matched_er_4to1_chunk_5,25,wt_mean,0.0019376413838471751,96
sign_test_er0.4__norm_spectral_radius,matched_er_4to1_chunk_5,26,GR,56.12558722496033,96
sign_test_er0.4__norm_spectral_radius,matched_er_4to1_chunk_5,26,IPC,17.035322124929746,96
sign_test_er0.4__norm_spectral_radius,matched_er_4to1_chunk_5,26,KR,28.982426370183628,96
sign_test_er0.4__norm_spectral_radius,matched_er_4to1_chunk_5,26,MC,10.702753519018492,96
sign_test_er0.4__norm_spectral_radius,matched_er_4to1_chunk_5,26,cosine_similarity,0.004994451534002975,96
sign_test_er0.4__norm_spectral_radius,matched_er_4to1_chunk_5,26,kl_to_gaussian,0.0,96
sign_test_er0.4__norm_spectral_radius,matched_er_4to1_chunk_5,26,wt_mean,0.0019693444482981747,96
sign_test_er0.4__norm_spectral_radius,matched_er_4to1_chunk_5,27,GR,51.00413887947798,96
sign_test_er0.4__norm_spectral_radius,matched_er_4to1_chunk_5,27,IPC,17.627059491200495,96
sign_test_er0.4__norm_spectral_radius,matched_er_4to1_chunk_5,27,KR,25.724824227392673,96
sign_test_er0.4__norm_spectral_radius,matched_er_4to1_chunk_5,27,MC,10.543123863637447,96
sign_test_er0.4__norm_spectral_radius,matched_er_4to1_chunk_5,27,cosine_similarity,0.004994451184757,96
sign_test_er0.4__norm_spectral_radius,matched_er_4to1_chunk_5,27,kl_to_gaussian,0.0,96
sign_test_er0.4__norm_spectral_radius,matched_er_4to1_chunk_5,27,wt_mean,0.0019223325653000998,96
sign_test_er0.4__norm_spectral_radius,matched_er_4to1_chunk_5,28,GR,50.44394990056753,96
sign_test_er0.4__norm_spectral_radius,matched_er_4to1_chunk_5,28,IPC,18.01192029562379,96
sign_test_er0.4__norm_spectral_radius,matched_er_4to1_chunk_5,28,KR,25.438472161690395,96
sign_test_er0.4__norm_spectral_radius,matched_er_4to1_chunk_5,28,MC,11.00176971157392,96
sign_test_er0.4__norm_spectral_radius,matched_er_4to1_chunk_5,28,cosine_similarity,0.0074916757876053,96
sign_test_er0.4__norm_spectral_radius,matched_er_4to1_chunk_5,28,kl_to_gaussian,0.0,96
sign_test_er0.4__norm_spectral_radius,matched_er_4to1_chunk_5,28,wt_mean,0.0019309388007967998,96
sign_test_er0.4__norm_spectral_radius,matched_er_4to1_chunk_5,29,GR,52.09175389508406,96
sign_test_er0.4__norm_spectral_radius,matched_er_4to1_chunk_5,29,IPC,17.692425821875844,96
sign_test_er0.4__norm_spectral_radius,matched_er_4to1_chunk_5,29,KR,26.186784237623215,96
sign_test_er0.4__norm_spectral_radius,matched_er_4to1_chunk_5,29,MC,10.948411586383978,96
sign_test_er0.4__norm_spectral_radius,matched_er_4to1_chunk_5,29,cosine_similarity,0.010266372933983775,96
sign_test_er0.4__norm_spectral_radius,matched_er_4to1_chunk_5,29,kl_to_gaussian,0.0,96
sign_test_er0.4__norm_spectral_radius,matched_er_4to1_chunk_5,29,wt_mean,0.0019212492043152,96
sign_test_er0.4__norm_spectral_radius,matched_er_4to1_chunk_6,30,GR,53.504966335992016,96
sign_test_er0.4__norm_spectral_radius,matched_er_4to1_chunk_6,30,IPC,17.624304203098426,96
sign_test_er0.4__norm_spectral_radius,matched_er_4to1_chunk_6,30,KR,27.396841764450073,96
sign_test_er0.4__norm_spectral_radius,matched_er_4to1_chunk_6,30,MC,10.56341302394867,96
sign_test_er0.4__norm_spectral_radius,matched_er_4to1_chunk_6,30,cosine_similarity,0.0063817973714321505,96
sign_test_er0.4__norm_spectral_radius,matched_er_4to1_chunk_6,30,kl_to_gaussian,0.0,96
sign_test_er0.4__norm_spectral_radius,matched_er_4to1_chunk_6,30,wt_mean,0.0019190050370525003,96
sign_test_er0.4__norm_spectral_radius,matched_er_4to1_chunk_6,31,GR,52.29266751805941,96
sign_test_er0.4__norm_spectral_radius,matched_er_4to1_chunk_6,31,IPC,18.373156101092466,96
sign_test_er0.4__norm_spectral_radius,matched_er_4to1_chunk_6,31,KR,26.652769317229588,96
sign_test_er0.4__norm_spectral_radius,matched_er_4to1_chunk_6,31,MC,11.32493720203638,96
sign_test_er0.4__norm_spectral_radius,matched_er_4to1_chunk_6,31,cosine_similarity,0.010821312433108625,96
sign_test_er0.4__norm_spectral_radius,matched_er_4to1_chunk_6,31,kl_to_gaussian,0.0,96
sign_test_er0.4__norm_spectral_radius,matched_er_4to1_chunk_6,31,wt_mean,0.00193180720089,96
sign_test_er0.4__norm_spectral_radius,matched_er_4to1_chunk_6,32,GR,48.47327221930027,96
sign_test_er0.4__norm_spectral_radius,matched_er_4to1_chunk_6,32,IPC,18.00686036816847,96
sign_test_er0.4__norm_spectral_radius,matched_er_4to1_chunk_6,32,KR,24.974699730674427,96
sign_test_er0.4__norm_spectral_radius,matched_er_4to1_chunk_6,32,MC,11.214929861327013,96
sign_test_er0.4__norm_spectral_radius,matched_er_4to1_chunk_6,32,cosine_similarity,0.0083240831736475,96
sign_test_er0.4__norm_spectral_radius,matched_er_4to1_chunk_6,32,kl_to_gaussian,0.0,96
sign_test_er0.4__norm_spectral_radius,matched_er_4to1_chunk_6,32,wt_mean,0.0019241168047301,96
sign_test_er0.4__norm_spectral_radius,matched_er_4to1_chunk_6,33,GR,56.599742494523525,96
sign_test_er0.4__norm_spectral_radius,matched_er_4to1_chunk_6,33,IPC,17.83651933840799,96
sign_test_er0.4__norm_spectral_radius,matched_er_4to1_chunk_6,33,KR,29.66370842109124,96
sign_test_er0.4__norm_spectral_radius,matched_er_4to1_chunk_6,33,MC,11.494768403470516,96
sign_test_er0.4__norm_spectral_radius,matched_er_4to1_chunk_6,33,cosine_similarity,0.010821310803294126,96
sign_test_er0.4__norm_spectral_radius,matched_er_4to1_chunk_6,33,kl_to_gaussian,0.0,96
sign_test_er0.4__norm_spectral_radius,matched_er_4to1_chunk_6,33,wt_mean,0.00198470565374005,96
sign_test_er0.4__norm_spectral_radius,matched_er_4to1_chunk_6,34,GR,54.81001850962639,96
sign_test_er0.4__norm_spectral_radius,matched_er_4to1_chunk_6,34,IPC,17.544669896557185,96
sign_test_er0.4__norm_spectral_radius,matched_er_4to1_chunk_6,34,KR,27.9276416276892,96
sign_test_er0.4__norm_spectral_radius,matched_er_4to1_chunk_6,34,MC,11.239445636669794,96
sign_test_er0.4__norm_spectral_radius,matched_er_4to1_chunk_6,34,cosine_similarity,0.012486126972362325,96
sign_test_er0.4__norm_spectral_radius,matched_er_4to1_chunk_6,34,kl_to_gaussian,0.0,96
sign_test_er0.4__norm_spectral_radius,matched_er_4to1_chunk_6,34,wt_mean,0.0019429228268563001,96
sign_test_er0.4__norm_spectral_radius,matched_er_4to1_chunk_7,35,GR,48.892085552215576,96
sign_test_er0.4__norm_spectral_radius,matched_er_4to1_chunk_7,35,IPC,18.250589882896577,96
sign_test_er0.4__norm_spectral_radius,matched_er_4to1_chunk_7,35,KR,24.700559032460053,96
sign_test_er0.4__norm_spectral_radius,matched_er_4to1_chunk_7,35,MC,10.984875323871771,96
sign_test_er0.4__norm_spectral_radius,matched_er_4to1_chunk_7,35,cosine_similarity,0.0019422859768382752,96
sign_test_er0.4__norm_spectral_radius,matched_er_4to1_chunk_7,35,kl_to_gaussian,0.0,96
sign_test_er0.4__norm_spectral_radius,matched_er_4to1_chunk_7,35,wt_mean,0.00190372325596395,96
sign_test_er0.4__norm_spectral_radius,matched_er_4to1_chunk_7,36,GR,53.56306941062212,96
sign_test_er0.4__norm_spectral_radius,matched_er_4to1_chunk_7,36,IPC,17.05210908456598,96
sign_test_er0.4__norm_spectral_radius,matched_er_4to1_chunk_7,36,KR,27.003878767291706,96
sign_test_er0.4__norm_spectral_radius,matched_er_4to1_chunk_7,36,MC,10.863635577261448,96
sign_test_er0.4__norm_spectral_radius,matched_er_4to1_chunk_7,36,cosine_similarity,0.008324084337800675,96
sign_test_er0.4__norm_spectral_radius,matched_er_4to1_chunk_7,36,kl_to_gaussian,0.0,96
sign_test_er0.4__norm_spectral_radius,matched_er_4to1_chunk_7,36,wt_mean,0.0019258819520472752,96
sign_test_er0.4__norm_spectral_radius,matched_er_4to1_chunk_7,37,GR,57.29845221092304,96
sign_test_er0.4__norm_spectral_radius,matched_er_4to1_chunk_7,37,IPC,17.52868887394064,96
sign_test_er0.4__norm_spectral_radius,matched_er_4to1_chunk_7,37,KR,29.783192719022434,96
sign_test_er0.4__norm_spectral_radius,matched_er_4to1_chunk_7,37,MC,10.808447053035101,96
sign_test_er0.4__norm_spectral_radius,matched_er_4to1_chunk_7,37,cosine_similarity,0.009988899342715725,96
sign_test_er0.4__norm_spectral_radius,matched_er_4to1_chunk_7,37,kl_to_gaussian,0.0,96
sign_test_er0.4__norm_spectral_radius,matched_er_4to1_chunk_7,37,wt_mean,0.001947201148141125,96
sign_test_er0.4__norm_spectral_radius,matched_er_4to1_chunk_7,38,GR,53.09776854763428,96
sign_test_er0.4__norm_spectral_radius,matched_er_4to1_chunk_7,38,IPC,17.16692194825664,96
sign_test_er0.4__norm_spectral_radius,matched_er_4to1_chunk_7,38,KR,27.347090646624565,96
sign_test_er0.4__norm_spectral_radius,matched_er_4to1_chunk_7,38,MC,10.967277601361275,96
sign_test_er0.4__norm_spectral_radius,matched_er_4to1_chunk_7,38,cosine_similarity,0.004162041936069675,96
sign_test_er0.4__norm_spectral_radius,matched_er_4to1_chunk_7,38,kl_to_gaussian,0.0,96
sign_test_er0.4__norm_spectral_radius,matched_er_4to1_chunk_7,38,wt_mean,0.0019200003880541251,96
sign_test_er0.4__norm_spectral_radius,matched_er_4to1_chunk_7,39,GR,55.54644902795553,96
sign_test_er0.4__norm_spectral_radius,matched_er_4to1_chunk_7,39,IPC,16.966299014632124,96
sign_test_er0.4__norm_spectral_radius,matched_er_4to1_chunk_7,39,KR,28.27022035171588,96
sign_test_er0.4__norm_spectral_radius,matched_er_4to1_chunk_7,39,MC,10.754698333640894,96
sign_test_er0.4__norm_spectral_radius,matched_er_4to1_chunk_7,39,cosine_similarity,0.0058268581051379,96
sign_test_er0.4__norm_spectral_radius,matched_er_4to1_chunk_7,39,kl_to_gaussian,0.0,96
sign_test_er0.4__norm_spectral_radius,matched_er_4to1_chunk_7,39,wt_mean,0.0019474611035547752,96
sign_test_er0.4__norm_spectral_radius,matched_er_4to1_chunk_8,40,GR,54.727841739853226,96
sign_test_er0.4__norm_spectral_radius,matched_er_4to1_chunk_8,40,IPC,16.87617790655784,96
sign_test_er0.4__norm_spectral_radius,matched_er_4to1_chunk_8,40,KR,28.05243628968795,96
sign_test_er0.4__norm_spectral_radius,matched_er_4to1_chunk_8,40,MC,10.394008095065752,96
sign_test_er0.4__norm_spectral_radius,matched_er_4to1_chunk_8,40,cosine_similarity,0.00471698027104135,96
sign_test_er0.4__norm_spectral_radius,matched_er_4to1_chunk_8,40,kl_to_gaussian,0.0,96
sign_test_er0.4__norm_spectral_radius,matched_er_4to1_chunk_8,40,wt_mean,0.001956534193595825,96
sign_test_er0.4__norm_spectral_radius,matched_er_4to1_chunk_8,41,GR,56.0710720817248,96
sign_test_er0.4__norm_spectral_radius,matched_er_4to1_chunk_8,41,IPC,17.204381612658356,96
sign_test_er0.4__norm_spectral_radius,matched_er_4to1_chunk_8,41,KR,28.16828598578771,96
sign_test_er0.4__norm_spectral_radius,matched_er_4to1_chunk_8,41,MC,10.774127950270971,96
sign_test_er0.4__norm_spectral_radius,matched_er_4to1_chunk_8,41,cosine_similarity,0.007491674739867425,96
sign_test_er0.4__norm_spectral_radius,matched_er_4to1_chunk_8,41,kl_to_gaussian,0.0,96
sign_test_er0.4__norm_spectral_radius,matched_er_4to1_chunk_8,41,wt_mean,0.001958911831025,96
sign_test_er0.4__norm_spectral_radius,matched_er_4to1_chunk_8,42,GR,46.67628848801056,96
sign_test_er0.4__norm_spectral_radius,matched_er_4to1_chunk_8,42,IPC,17.796017284145822,96
sign_test_er0.4__norm_spectral_radius,matched_er_4to1_chunk_8,42,KR,23.55247188359499,96
sign_test_er0.4__norm_spectral_radius,matched_er_4to1_chunk_8,42,MC,10.722699746489525,96
sign_test_er0.4__norm_spectral_radius,matched_er_4to1_chunk_8,42,cosine_similarity,0.01220865477807815,96
sign_test_er0.4__norm_spectral_radius,matched_er_4to1_chunk_8,42,kl_to_gaussian,0.0,96
sign_test_er0.4__norm_spectral_radius,matched_er_4to1_chunk_8,42,wt_mean,0.001847023551817925,96
sign_test_er0.4__norm_spectral_radius,matched_er_4to1_chunk_8,43,GR,51.70070173839728,96
sign_test_er0.4__norm_spectral_radius,matched_er_4to1_chunk_8,43,IPC,16.724727957966802,96
sign_test_er0.4__norm_spectral_radius,matched_er_4to1_chunk_8,43,KR,26.4180991773804,96
sign_test_er0.4__norm_spectral_radius,matched_er_4to1_chunk_8,43,MC,10.862066599229971,96
sign_test_er0.4__norm_spectral_radius,matched_er_4to1_chunk_8,43,cosine_similarity,0.0069367367541417,96
sign_test_er0.4__norm_spectral_radius,matched_er_4to1_chunk_8,43,kl_to_gaussian,0.0,96
sign_test_er0.4__norm_spectral_radius,matched_er_4to1_chunk_8,43,wt_mean,0.0019072310824412748,96
sign_test_er0.4__norm_spectral_radius,matched_er_4to1_chunk_8,44,GR,50.26383797079325,96
sign_test_er0.4__norm_spectral_radius,matched_er_4to1_chunk_8,44,IPC,17.384343771100752,96
sign_test_er0.4__norm_spectral_radius,matched_er_4to1_chunk_8,44,KR,25.630875147879124,96
sign_test_er0.4__norm_spectral_radius,matched_er_4to1_chunk_8,44,MC,10.918648809194565,96
sign_test_er0.4__norm_spectral_radius,matched_er_4to1_chunk_8,44,cosine_similarity,0.0091564925387501,96
sign_test_er0.4__norm_spectral_radius,matched_er_4to1_chunk_8,44,kl_to_gaussian,0.0,96
sign_test_er0.4__norm_spectral_radius,matched_er_4to1_chunk_8,44,wt_mean,0.0018942661699838752,96
sign_test_er0.4__norm_spectral_radius,matched_er_4to1_chunk_9,45,GR,52.963901445269585,96
sign_test_er0.4__norm_spectral_radius,matched_er_4to1_chunk_9,45,IPC,17.187873675859084,96
sign_test_er0.4__norm_spectral_radius,matched_er_4to1_chunk_9,45,KR,27.01192545394103,96
sign_test_er0.4__norm_spectral_radius,matched_er_4to1_chunk_9,45,MC,10.979756464560827,96
sign_test_er0.4__norm_spectral_radius,matched_er_4to1_chunk_9,45,cosine_similarity,0.010543837444856726,96
sign_test_er0.4__norm_spectral_radius,matched_er_4to1_chunk_9,45,kl_to_gaussian,0.0,96
sign_test_er0.4__norm_spectral_radius,matched_er_4to1_chunk_9,45,wt_mean,0.0019180186791345,96
sign_test_er0.4__norm_spectral_radius,matched_er_4to1_chunk_9,46,GR,48.59436143686374,96
sign_test_er0.4__norm_spectral_radius,matched_er_4to1_chunk_9,46,IPC,17.520527476755394,96
sign_test_er0.4__norm_spectral_radius,matched_er_4to1_chunk_9,46,KR,24.79895243793726,96
sign_test_er0.4__norm_spectral_radius,matched_er_4to1_chunk_9,46,MC,11.251131107409796,96
sign_test_er0.4__norm_spectral_radius,matched_er_4to1_chunk_9,46,cosine_similarity,0.006936735589988499,96
sign_test_er0.4__norm_spectral_radius,matched_er_4to1_chunk_9,46,kl_to_gaussian,0.0,96
sign_test_er0.4__norm_spectral_radius,matched_er_4to1_chunk_9,46,wt_mean,0.001908742502564525,96
sign_test_er0.4__norm_spectral_radius,matched_er_4to1_chunk_9,47,GR,51.99888907621304,96
sign_test_er0.4__norm_spectral_radius,matched_er_4to1_chunk_9,47,IPC,17.174077999044762,96
sign_test_er0.4__norm_spectral_radius,matched_er_4to1_chunk_9,47,KR,26.42093462248643,96
sign_test_er0.4__norm_spectral_radius,matched_er_4to1_chunk_9,47,MC,10.581725604832172,96
sign_test_er0.4__norm_spectral_radius,matched_er_4to1_chunk_9,47,cosine_similarity,0.010266368743032201,96
sign_test_er0.4__norm_spectral_radius,matched_er_4to1_chunk_9,47,kl_to_gaussian,0.0,96
sign_test_er0.4__norm_spectral_radius,matched_er_4to1_chunk_9,47,wt_mean,0.0019248740863986001,96
sign_test_er0.4__norm_spectral_radius,matched_er_4to1_chunk_9,48,GR,51.564738710721336,96
sign_test_er0.4__norm_spectral_radius,matched_er_4to1_chunk_9,48,IPC,18.343559897786932,96
sign_test_er0.4__norm_spectral_radius,matched_er_4to1_chunk_9,48,KR,26.557159818708897,96
sign_test_er0.4__norm_spectral_radius,matched_er_4to1_chunk_9,48,MC,11.231511194258928,96
sign_test_er0.4__norm_spectral_radius,matched_er_4to1_chunk_9,48,cosine_similarity,0.0022197557846083747,96
sign_test_er0.4__norm_spectral_radius,matched_er_4to1_chunk_9,48,kl_to_gaussian,0.0,96
sign_test_er0.4__norm_spectral_radius,matched_er_4to1_chunk_9,48,wt_mean,0.0019297850667498251,96
sign_test_er0.4__norm_spectral_radius,matched_er_4to1_chunk_9,49,GR,50.70973841597637,96
sign_test_er0.4__norm_spectral_radius,matched_er_4to1_chunk_9,49,IPC,17.593400587777378,96
sign_test_er0.4__norm_spectral_radius,matched_er_4to1_chunk_9,49,KR,26.05933888753255,96
sign_test_er0.4__norm_spectral_radius,matched_er_4to1_chunk_9,49,MC,11.010503428677717,96
sign_test_er0.4__norm_spectral_radius,matched_er_4to1_chunk_9,49,cosine_similarity,0.011098782764747699,96
sign_test_er0.4__norm_spectral_radius,matched_er_4to1_chunk_9,49,kl_to_gaussian,0.0,96
sign_test_er0.4__norm_spectral_radius,matched_er_4to1_chunk_9,49,wt_mean,0.001924146286910325,96
sign_test_er0.6__norm_original_radius,matched_er_4to1_chunk_0,0,GR,10.803211289147535,96
sign_test_er0.6__norm_original_radius,matched_er_4to1_chunk_0,0,IPC,10.90125681947373,96
sign_test_er0.6__norm_original_radius,matched_er_4to1_chunk_0,0,KR,5.345755477746327,96
sign_test_er0.6__norm_original_radius,matched_er_4to1_chunk_0,0,MC,5.87858684360981,96
sign_test_er0.6__norm_original_radius,matched_er_4to1_chunk_0,0,cosine_similarity,-0.0127635952085256,96
sign_test_er0.6__norm_original_radius,matched_er_4to1_chunk_0,0,kl_to_gaussian,0.0,96
sign_test_er0.6__norm_original_radius,matched_er_4to1_chunk_0,0,wt_mean,-0.0010211947956121749,96
sign_test_er0.6__norm_original_radius,matched_er_4to1_chunk_0,1,GR,11.16598217189312,96
sign_test_er0.6__norm_original_radius,matched_er_4to1_chunk_0,1,IPC,11.509480935723376,96
sign_test_er0.6__norm_original_radius,matched_er_4to1_chunk_0,1,KR,5.601760479311149,96
sign_test_er0.6__norm_original_radius,matched_er_4to1_chunk_0,1,MC,6.197046995162964,96
sign_test_er0.6__norm_original_radius,matched_er_4to1_chunk_0,1,cosine_similarity,-0.0094339624047279,96
sign_test_er0.6__norm_original_radius,matched_er_4to1_chunk_0,1,kl_to_gaussian,0.0,96
sign_test_er0.6__norm_original_radius,matched_er_4to1_chunk_0,1,wt_mean,-0.0010495552560314,96
sign_test_er0.6__norm_original_radius,matched_er_4to1_chunk_0,2,GR,11.119533556203047,96
sign_test_er0.6__norm_original_radius,matched_er_4to1_chunk_0,2,IPC,11.171582618401695,96
sign_test_er0.6__norm_original_radius,matched_er_4to1_chunk_0,2,KR,5.5656926309068995,96
sign_test_er0.6__norm_original_radius,matched_er_4to1_chunk_0,2,MC,6.055370327085257,96
sign_test_er0.6__norm_original_radius,matched_er_4to1_chunk_0,2,cosine_similarity,-0.008601552806794576,96
sign_test_er0.6__norm_original_radius,matched_er_4to1_chunk_0,2,kl_to_gaussian,0.0,96
sign_test_er0.6__norm_original_radius,matched_er_4to1_chunk_0,2,wt_mean,-0.0010277275578118499,96
sign_test_er0.6__norm_original_radius,matched_er_4to1_chunk_0,3,GR,11.040965899825096,96
sign_test_er0.6__norm_original_radius,matched_er_4to1_chunk_0,3,IPC,11.456514849805822,96
sign_test_er0.6__norm_original_radius,matched_er_4to1_chunk_0,3,KR,5.354541276892026,96
sign_test_er0.6__norm_original_radius,matched_er_4to1_chunk_0,3,MC,6.1353141367435455,96
sign_test_er0.6__norm_original_radius,matched_er_4to1_chunk_0,3,cosine_similarity,-0.0083240852691233,96
sign_test_er0.6__norm_original_radius,matched_er_4to1_chunk_0,3,kl_to_gaussian,0.0,96
sign_test_er0.6__norm_original_radius,matched_er_4to1_chunk_0,3,wt_mean,-0.00104246899718415,96
sign_test_er0.6__norm_original_radius,matched_er_4to1_chunk_0,4,GR,11.117723186810812,96
sign_test_er0.6__norm_original_radius,matched_er_4to1_chunk_0,4,IPC,10.733888412877791,96
sign_test_er0.6__norm_original_radius,matched_er_4to1_chunk_0,4,KR,5.56428308536609,96
sign_test_er0.6__norm_original_radius,matched_er_4to1_chunk_0,4,MC,5.859046918650468,96
sign_test_er0.6__norm_original_radius,matched_er_4to1_chunk_0,4,cosine_similarity,-0.003884573350660475,96
sign_test_er0.6__norm_original_radius,matched_er_4to1_chunk_0,4,kl_to_gaussian,0.0,96
sign_test_er0.6__norm_original_radius,matched_er_4to1_chunk_0,4,wt_mean,-0.0010175702918786,96
sign_test_er0.6__norm_original_radius,matched_er_4to1_chunk_1,5,GR,10.437199920415878,96
sign_test_er0.6__norm_original_radius,matched_er_4to1_chunk_1,5,IPC,11.67471350528195,96
sign_test_er0.6__norm_original_radius,matched_er_4to1_chunk_1,5,KR,5.402712315320969,96
sign_test_er0.6__norm_original_radius,matched_er_4to1_chunk_1,5,MC,6.504668640593688,96
sign_test_er0.6__norm_original_radius,matched_er_4to1_chunk_1,5,cosine_similarity,-0.0088790245354175,96
sign_test_er0.6__norm_original_radius,matched_er_4to1_chunk_1,5,kl_to_gaussian,0.0,96
sign_test_er0.6__norm_original_radius,matched_er_4to1_chunk_1,5,wt_mean,-0.0010334364924346501,96
sign_test_er0.6__norm_original_radius,matched_er_4to1_chunk_1,6,GR,8.795384661604961,96
sign_test_er0.6__norm_original_radius,matched_er_4to1_chunk_1,6,IPC,10.802986544303183,96
sign_test_er0.6__norm_original_radius,matched_er_4to1_chunk_1,6,KR,4.673795076707999,96
sign_test_er0.6__norm_original_radius,matched_er_4to1_chunk_1,6,MC,5.780434447030227,96
sign_test_er0.6__norm_original_radius,matched_er_4to1_chunk_1,6,cosine_similarity,-0.008324080845341026,96
sign_test_er0.6__norm_original_radius,matched_er_4to1_chunk_1,6,kl_to_gaussian,0.0,96
sign_test_er0.6__norm_original_radius,matched_er_4to1_chunk_1,6,wt_mean,-0.0009987327503040001,96
sign_test_er0.6__norm_original_radius,matched_er_4to1_chunk_1,7,GR,11.03823338697354,96
sign_test_er0.6__norm_original_radius,matched_er_4to1_chunk_1,7,IPC,10.898275282997163,96
sign_test_er0.6__norm_original_radius,matched_er_4to1_chunk_1,7,KR,5.381212996939818,96
sign_test_er0.6__norm_original_radius,matched_er_4to1_chunk_1,7,MC,5.676157431056102,96
sign_test_er0.6__norm_original_radius,matched_er_4to1_chunk_1,7,cosine_similarity,-0.010821310104802175,96
sign_test_er0.6__norm_original_radius,matched_er_4to1_chunk_1,7,kl_to_gaussian,0.0,96
sign_test_er0.6__norm_original_radius,matched_er_4to1_chunk_1,7,wt_mean,-0.00099697519908655,96
sign_test_er0.6__norm_original_radius,matched_er_4to1_chunk_1,8,GR,10.747249325116476,96
sign_test_er0.6__norm_original_radius,matched_er_4to1_chunk_1,8,IPC,10.732251023409567,96
sign_test_er0.6__norm_original_radius,matched_er_4to1_chunk_1,8,KR,5.375209814558427,96
sign_test_er0.6__norm_original_radius,matched_er_4to1_chunk_1,8,MC,5.711175046861172,96
sign_test_er0.6__norm_original_radius,matched_er_4to1_chunk_1,8,cosine_similarity,-0.01415094244293865,96
sign_test_er0.6__norm_original_radius,matched_er_4to1_chunk_1,8,kl_to_gaussian,0.0,96
sign_test_er0.6__norm_original_radius,matched_er_4to1_chunk_1,8,wt_mean,-0.00101177052420095,96
sign_test_er0.6__norm_original_radius,matched_er_4to1_chunk_1,9,GR,11.24174523105224,96
sign_test_er0.6__norm_original_radius,matched_er_4to1_chunk_1,9,IPC,11.352750380667649,96
sign_test_er0.6__norm_original_radius,matched_er_4to1_chunk_1,9,KR,5.6714430302381516,96
sign_test_er0.6__norm_original_radius,matched_er_4to1_chunk_1,9,MC,6.037447654952605,96
sign_test_er0.6__norm_original_radius,matched_er_4to1_chunk_1,9,cosine_similarity,-0.009988902136683424,96
sign_test_er0.6__norm_original_radius,matched_er_4to1_chunk_1,9,kl_to_gaussian,0.0,96
sign_test_er0.6__norm_original_radius,matched_er_4to1_chunk_1,9,wt_mean,-0.0010552169696892999,96
sign_test_er0.6__norm_original_radius,matched_er_4to1_chunk_10,50,GR,9.934041020770868,96
sign_test_er0.6__norm_original_radius,matched_er_4to1_chunk_10,50,IPC,10.747962559866538,96
sign_test_er0.6__norm_original_radius,matched_er_4to1_chunk_10,50,KR,5.242860642572244,96
sign_test_er0.6__norm_original_radius,matched_er_4to1_chunk_10,50,MC,5.873672470450401,96
sign_test_er0.6__norm_original_radius,matched_er_4to1_chunk_10,50,cosine_similarity,-0.0116537176072597,96
sign_test_er0.6__norm_original_radius,matched_er_4to1_chunk_10,50,kl_to_gaussian,0.0,96
sign_test_er0.6__norm_original_radius,matched_er_4to1_chunk_10,50,wt_mean,-0.0010365392954554,96
sign_test_er0.6__norm_original_radius,matched_er_4to1_chunk_10,51,GR,10.884620127578577,96
sign_test_er0.6__norm_original_radius,matched_er_4to1_chunk_10,51,IPC,10.868952287094425,96
sign_test_er0.6__norm_original_radius,matched_er_4to1_chunk_10,51,KR,5.543890950580438,96
sign_test_er0.6__norm_original_radius,matched_er_4to1_chunk_10,51,MC,5.940107061217229,96
sign_test_er0.6__norm_original_radius,matched_er_4to1_chunk_10,51,cosine_similarity,-0.010543839074671225,96
sign_test_er0.6__norm_original_radius,matched_er_4to1_chunk_10,51,kl_to_gaussian,0.0,96
sign_test_er0.6__norm_original_radius,matched_er_4to1_chunk_10,51,wt_mean,-0.0010207870509475,96
sign_test_er0.6__norm_original_radius,matched_er_4to1_chunk_10,52,GR,10.315260355671247,96
sign_test_er0.6__norm_original_radius,matched_er_4to1_chunk_10,52,IPC,10.684291658382463,96
sign_test_er0.6__norm_original_radius,matched_er_4to1_chunk_10,52,KR,5.328792954484622,96
sign_test_er0.6__norm_original_radius,matched_er_4to1_chunk_10,52,MC,5.981266247729461,96
sign_test_er0.6__norm_original_radius,matched_er_4to1_chunk_10,52,cosine_similarity,-0.009988900972530199,96
sign_test_er0.6__norm_original_radius,matched_er_4to1_chunk_10,52,kl_to_gaussian,0.0,96
sign_test_er0.6__norm_original_radius,matched_er_4to1_chunk_10,52,wt_mean,-0.001027462058118525,96
sign_test_er0.6__norm_original_radius,matched_er_4to1_chunk_10,53,GR,11.280986934900284,96
sign_test_er0.6__norm_original_radius,matched_er_4to1_chunk_10,53,IPC,11.636931712316285,96
sign_test_er0.6__norm_original_radius,matched_er_4to1_chunk_10,53,KR,5.643701521058877,96
sign_test_er0.6__norm_original_radius,matched_er_4to1_chunk_10,53,MC,6.280627101659775,96
sign_test_er0.6__norm_original_radius,matched_er_4to1_chunk_10,53,cosine_similarity,-0.0008324083173646999,96
sign_test_er0.6__norm_original_radius,matched_er_4to1_chunk_10,53,kl_to_gaussian,0.0,96
sign_test_er0.6__norm_original_radius,matched_er_4to1_chunk_10,53,wt_mean,-0.001068121157004425,96
sign_test_er0.6__norm_original_radius,matched_er_4to1_chunk_10,54,GR,10.78168149292469,96
sign_test_er0.6__norm_original_radius,matched_er_4to1_chunk_10,54,IPC,11.278694714503155,96
sign_test_er0.6__norm_original_radius,matched_er_4to1_chunk_10,54,KR,5.418792145947616,96
sign_test_er0.6__norm_original_radius,matched_er_4to1_chunk_10,54,MC,6.303720315297444,96
sign_test_er0.6__norm_original_radius,matched_er_4to1_chunk_10,54,cosine_similarity,-0.010266368743032174,96
sign_test_er0.6__norm_original_radius,matched_er_4to1_chunk_10,54,kl_to_gaussian,0.0,96
sign_test_er0.6__norm_original_radius,matched_er_4to1_chunk_10,54,wt_mean,-0.0010332159581594,96
sign_test_er0.6__norm_original_radius,matched_er_4to1_chunk_11,55,GR,10.685557201504707,96
sign_test_er0.6__norm_original_radius,matched_er_4to1_chunk_11,55,IPC,11.12638952529119,96
sign_test_er0.6__norm_original_radius,matched_er_4to1_chunk_11,55,KR,5.363593698789676,96
sign_test_er0.6__norm_original_radius,matched_er_4to1_chunk_11,55,MC,5.88442970563968,96
sign_test_er0.6__norm_original_radius,matched_er_4to1_chunk_11,55,cosine_similarity,-0.008879024535417526,96
sign_test_er0.6__norm_original_radius,matched_er_4to1_chunk_11,55,kl_to_gaussian,0.0,96
sign_test_er0.6__norm_original_radius,matched_er_4to1_chunk_11,55,wt_mean,-0.001005527476081575,96
sign_test_er0.6__norm_original_radius,matched_er_4to1_chunk_11,56,GR,10.666873993972937,96
sign_test_er0.6__norm_original_radius,matched_er_4to1_chunk_11,56,IPC,11.181868128280838,96
sign_test_er0.6__norm_original_radius,matched_er_4to1_chunk_11,56,KR,5.445659138262272,96
sign_test_er0.6__norm_original_radius,matched_er_4to1_chunk_11,56,MC,5.855902265757322,96
sign_test_er0.6__norm_original_radius,matched_er_4to1_chunk_11,56,cosine_similarity,-0.0094339656643569,96
sign_test_er0.6__norm_original_radius,matched_er_4to1_chunk_11,56,kl_to_gaussian,0.0,96
sign_test_er0.6__norm_original_radius,matched_er_4to1_chunk_11,56,wt_mean,-0.0010022714850492249,96
sign_test_er0.6__norm_original_radius,matched_er_4to1_chunk_11,57,GR,11.17837213476499,96
sign_test_er0.6__norm_original_radius,matched_er_4to1_chunk_11,57,IPC,11.42580766100824,96
sign_test_er0.6__norm_original_radius,matched_er_4to1_chunk_11,57,KR,5.483736691375573,96
sign_test_er0.6__norm_original_radius,matched_er_4to1_chunk_11,57,MC,5.927103330691655,96
sign_test_er0.6__norm_original_radius,matched_er_4to1_chunk_11,57,cosine_similarity,-0.00915649416856465,96
sign_test_er0.6__norm_original_radius,matched_er_4to1_chunk_11,57,kl_to_gaussian,0.0,96
sign_test_er0.6__norm_original_radius,matched_er_4to1_chunk_11,57,wt_mean,-0.0010174517083214,96
sign_test_er0.6__norm_original_radius,matched_er_4to1_chunk_11,58,GR,10.909415582815805,96
sign_test_er0.6__norm_original_radius,matched_er_4to1_chunk_11,58,IPC,10.37185744678144,96
sign_test_er0.6__norm_original_radius,matched_er_4to1_chunk_11,58,KR,5.338238790631294,96
sign_test_er0.6__norm_original_radius,matched_er_4to1_chunk_11,58,MC,5.626899593820174,96
sign_test_er0.6__norm_original_radius,matched_er_4to1_chunk_11,58,cosine_similarity,-0.012208653613924925,96
sign_test_er0.6__norm_original_radius,matched_er_4to1_chunk_11,58,kl_to_gaussian,0.0,96
sign_test_er0.6__norm_original_radius,matched_er_4to1_chunk_11,58,wt_mean,-0.001018789160298125,96
sign_test_er0.6__norm_original_radius,matched_er_4to1_chunk_11,59,GR,10.143288445969423,96
sign_test_er0.6__norm_original_radius,matched_er_4to1_chunk_11,59,IPC,10.803904008038636,96
sign_test_er0.6__norm_original_radius,matched_er_4to1_chunk_11,59,KR,5.2457614714900656,96
sign_test_er0.6__norm_original_radius,matched_er_4to1_chunk_11,59,MC,5.8279452448089915,96
sign_test_er0.6__norm_original_radius,matched_er_4to1_chunk_11,59,cosine_similarity,-0.013596003642305675,96
sign_test_er0.6__norm_original_radius,matched_er_4to1_chunk_11,59,kl_to_gaussian,0.0,96
sign_test_er0.6__norm_original_radius,matched_er_4to1_chunk_11,59,wt_mean,-0.0010212983615928751,96
sign_test_er0.6__norm_original_radius,matched_er_4to1_chunk_12,60,GR,11.175048261880875,96
sign_test_er0.6__norm_original_radius,matched_er_4to1_chunk_12,60,IPC,11.200804262793085,96
sign_test_er0.6__norm_original_radius,matched_er_4to1_chunk_12,60,KR,5.730359519521396,96
sign_test_er0.6__norm_original_radius,matched_er_4to1_chunk_12,60,MC,5.986993876596292,96
sign_test_er0.6__norm_original_radius,matched_er_4to1_chunk_12,60,cosine_similarity,-0.0069367353571578244,96
sign_test_er0.6__norm_original_radius,matched_er_4to1_chunk_12,60,kl_to_gaussian,0.0,96
sign_test_er0.6__norm_original_radius,matched_er_4to1_chunk_12,60,wt_mean,-0.001025504374410925,96
sign_test_er0.6__norm_original_radius,matched_er_4to1_chunk_12,61,GR,11.095367302497229,96
sign_test_er0.6__norm_original_radius,matched_er_4to1_chunk_12,61,IPC,10.999069233391074,96
sign_test_er0.6__norm_original_radius,matched_er_4to1_chunk_12,61,KR,5.55023105442524,96
sign_test_er0.6__norm_original_radius,matched_er_4to1_chunk_12,61,MC,5.768890467782815,96
sign_test_er0.6__norm_original_radius,matched_er_4to1_chunk_12,61,cosine_similarity,-0.007769144605845175,96
sign_test_er0.6__norm_original_radius,matched_er_4to1_chunk_12,61,kl_to_gaussian,0.0,96
sign_test_er0.6__norm_original_radius,matched_er_4to1_chunk_12,61,wt_mean,-0.0010119993530679,96
sign_test_er0.6__norm_original_radius,matched_er_4to1_chunk_12,62,GR,10.631255013247332,96
sign_test_er0.6__norm_original_radius,matched_er_4to1_chunk_12,62,IPC,11.203574294998306,96
sign_test_er0.6__norm_original_radius,matched_er_4to1_chunk_12,62,KR,5.451267890632153,96
sign_test_er0.6__norm_original_radius,matched_er_4to1_chunk_12,62,MC,6.055173424383004,96
sign_test_er0.6__norm_original_radius,matched_er_4to1_chunk_12,62,cosine_similarity,-0.0110987790394574,96
sign_test_er0.6__norm_original_radius,matched_er_4to1_chunk_12,62,kl_to_gaussian,0.0,96
sign_test_er0.6__norm_original_radius,matched_er_4to1_chunk_12,62,wt_mean,-0.0010372199467383,96
sign_test_er0.6__norm_original_radius,matched_er_4to1_chunk_12,63,GR,10.16804380963246,96
sign_test_er0.6__norm_original_radius,matched_er_4to1_chunk_12,63,IPC,11.2522807019785,96
sign_test_er0.6__norm_original_radius,matched_er_4to1_chunk_12,63,KR,5.215016730129719,96
sign_test_er0.6__norm_original_radius,matched_er_4to1_chunk_12,63,MC,5.873521491885185,96
sign_test_er0.6__norm_original_radius,matched_er_4to1_chunk_12,63,cosine_similarity,-0.011098779039457376,96
sign_test_er0.6__norm_original_radius,matched_er_4to1_chunk_12,63,kl_to_gaussian,0.0,96
sign_test_er0.6__norm_original_radius,matched_er_4to1_chunk_12,63,wt_mean,-0.0010061961220344249,96
sign_test_er0.6__norm_original_radius,matched_er_4to1_chunk_12,64,GR,9.882527026037375,96
sign_test_er0.6__norm_original_radius,matched_er_4to1_chunk_12,64,IPC,10.236346828402832,96
sign_test_er0.6__norm_original_radius,matched_er_4to1_chunk_12,64,KR,5.0306133689979715,96
sign_test_er0.6__norm_original_radius,matched_er_4to1_chunk_12,64,MC,5.635873322685559,96
sign_test_er0.6__norm_original_radius,matched_er_4to1_chunk_12,64,cosine_similarity,-0.004994450835511025,96
sign_test_er0.6__norm_original_radius,matched_er_4to1_chunk_12,64,kl_to_gaussian,0.0,96
sign_test_er0.6__norm_original_radius,matched_er_4to1_chunk_12,64,wt_mean,-0.000997892042505525,96
sign_test_er0.6__norm_original_radius,matched_er_4to1_chunk_13,65,GR,10.643431561688582,96
sign_test_er0.6__norm_original_radius,matched_er_4to1_chunk_13,65,IPC,10.852460465372301,96
sign_test_er0.6__norm_original_radius,matched_er_4to1_chunk_13,65,KR,5.4538944984475775,96
sign_test_er0.6__norm_original_radius,matched_er_4to1_chunk_13,65,MC,5.7962411766250925,96
sign_test_er0.6__norm_original_radius,matched_er_4to1_chunk_13,65,cosine_similarity,-0.012208655476570076,96
sign_test_er0.6__norm_original_radius,matched_er_4to1_chunk_13,65,kl_to_gaussian,0.0,96
sign_test_er0.6__norm_original_radius,matched_er_4to1_chunk_13,65,wt_mean,-0.001035345485433875,96
sign_test_er0.6__norm_original_radius,matched_er_4to1_chunk_13,66,GR,10.299449602762857,96
sign_test_er0.6__norm_original_radius,matched_er_4to1_chunk_13,66,IPC,10.590859603876005,96
sign_test_er0.6__norm_original_radius,matched_er_4to1_chunk_13,66,KR,5.21365821113189,96
sign_test_er0.6__norm_original_radius,matched_er_4to1_chunk_13,66,MC,5.766819657136996,96
sign_test_er0.6__norm_original_radius,matched_er_4to1_chunk_13,66,cosine_similarity,-0.0061043265741318005,96
sign_test_er0.6__norm_original_radius,matched_er_4to1_chunk_13,66,kl_to_gaussian,0.0,96
sign_test_er0.6__norm_original_radius,matched_er_4to1_chunk_13,66,wt_mean,-0.0010300392459612,96
sign_test_er0.6__norm_original_radius,matched_er_4to1_chunk_13,67,GR,10.27212262650331,96
sign_test_er0.6__norm_original_radius,matched_er_4to1_chunk_13,67,IPC,10.461504475269985,96
sign_test_er0.6__norm_original_radius,matched_er_4to1_chunk_13,67,KR,5.2561281224091845,96
sign_test_er0.6__norm_original_radius,matched_er_4to1_chunk_13,67,MC,5.696535671750705,96
sign_test_er0.6__norm_original_radius,matched_er_4to1_chunk_13,67,cosine_similarity,-0.007214207784272675,96
sign_test_er0.6__norm_original_radius,matched_er_4to1_chunk_13,67,kl_to_gaussian,0.0,96
sign_test_er0.6__norm_original_radius,matched_er_4to1_chunk_13,67,wt_mean,-0.001019183677271875,96
sign_test_er0.6__norm_original_radius,matched_er_4to1_chunk_13,68,GR,10.461069941520691,96
sign_test_er0.6__norm_original_radius,matched_er_4to1_chunk_13,68,IPC,11.447390930536564,96
sign_test_er0.6__norm_original_radius,matched_er_4to1_chunk_13,68,KR,5.394598548611005,96
sign_test_er0.6__norm_original_radius,matched_er_4to1_chunk_13,68,MC,6.137352887541056,96
sign_test_er0.6__norm_original_radius,matched_er_4to1_chunk_13,68,cosine_similarity,-0.009433962870389175,96
sign_test_er0.6__norm_original_radius,matched_er_4to1_chunk_13,68,kl_to_gaussian,0.0,96
sign_test_er0.6__norm_original_radius,matched_er_4to1_chunk_13,68,wt_mean,-0.00102702256117475,96
sign_test_er0.6__norm_original_radius,matched_er_4to1_chunk_13,69,GR,11.079102076590061,96
sign_test_er0.6__norm_original_radius,matched_er_4to1_chunk_13,69,IPC,11.221796514616043,96
sign_test_er0.6__norm_original_radius,matched_er_4to1_chunk_13,69,KR,5.539585828781128,96
sign_test_er0.6__norm_original_radius,matched_er_4to1_chunk_13,69,MC,5.990029235680898,96
sign_test_er0.6__norm_original_radius,matched_er_4to1_chunk_13,69,cosine_similarity,-0.007214205339550924,96
sign_test_er0.6__norm_original_radius,matched_er_4to1_chunk_13,69,kl_to_gaussian,0.0,96
sign_test_er0.6__norm_original_radius,matched_er_4to1_chunk_13,69,wt_mean,-0.001016075169900375,96
sign_test_er0.6__norm_original_radius,matched_er_4to1_chunk_14,70,GR,11.298727420469126,96
sign_test_er0.6__norm_original_radius,matched_er_4to1_chunk_14,70,IPC,10.654311007218723,96
sign_test_er0.6__norm_original_radius,matched_er_4to1_chunk_14,70,KR,5.648904887338479,96
sign_test_er0.6__norm_original_radius,matched_er_4to1_chunk_14,70,MC,5.847543480495612,96
sign_test_er0.6__norm_original_radius,matched_er_4to1_chunk_14,70,cosine_similarity,-0.00887902313843365,96
sign_test_er0.6__norm_original_radius,matched_er_4to1_chunk_14,70,kl_to_gaussian,0.0,96
sign_test_er0.6__norm_original_radius,matched_er_4to1_chunk_14,70,wt_mean,-0.0010168665176024,96
sign_test_er0.6__norm_original_radius,matched_er_4to1_chunk_14,71,GR,9.439284189293781,96
sign_test_er0.6__norm_original_radius,matched_er_4to1_chunk_14,71,IPC,11.08735349606354,96
sign_test_er0.6__norm_original_radius,matched_er_4to1_chunk_14,71,KR,4.961440748224656,96
sign_test_er0.6__norm_original_radius,matched_er_4to1_chunk_14,71,MC,5.911664271106322,96
sign_test_er0.6__norm_original_radius,matched_er_4to1_chunk_14,71,cosine_similarity,-0.012208654545247477,96
sign_test_er0.6__norm_original_radius,matched_er_4to1_chunk_14,71,kl_to_gaussian,0.0,96
sign_test_er0.6__norm_original_radius,matched_er_4to1_chunk_14,71,wt_mean,-0.001024445795337625,96
sign_test_er0.6__norm_original_radius,matched_er_4to1_chunk_14,72,GR,10.511230257650217,96
sign_test_er0.6__norm_original_radius,matched_er_4to1_chunk_14,72,IPC,11.505178163589646,96
sign_test_er0.6__norm_original_radius,matched_er_4to1_chunk_14,72,KR,5.448511078953743,96
sign_test_er0.6__norm_original_radius,matched_er_4to1_chunk_14,72,MC,6.410440894464652,96
sign_test_er0.6__norm_original_radius,matched_er_4to1_chunk_14,72,cosine_similarity,-0.00860155420377845,96
sign_test_er0.6__norm_original_radius,matched_er_4to1_chunk_14,72,kl_to_gaussian,0.0,96
sign_test_er0.6__norm_original_radius,matched_er_4to1_chunk_14,72,wt_mean,-0.001028563201543825,96
sign_test_er0.6__norm_original_radius,matched_er_4to1_chunk_14,73,GR,10.678797036409378,96
sign_test_er0.6__norm_original_radius,matched_er_4to1_chunk_14,73,IPC,11.474972211737372,96
sign_test_er0.6__norm_original_radius,matched_er_4to1_chunk_14,73,KR,5.552825428545475,96
sign_test_er0.6__norm_original_radius,matched_er_4to1_chunk_14,73,MC,6.294082411875327,96
sign_test_er0.6__norm_original_radius,matched_er_4to1_chunk_14,73,cosine_similarity,-0.0061043293680995,96
sign_test_er0.6__norm_original_radius,matched_er_4to1_chunk_14,73,kl_to_gaussian,0.0,96
sign_test_er0.6__norm_original_radius,matched_er_4to1_chunk_14,73,wt_mean,-0.0010329680080758,96
sign_test_er0.6__norm_original_radius,matched_er_4to1_chunk_14,74,GR,11.502194459239641,96
sign_test_er0.6__norm_original_radius,matched_er_4to1_chunk_14,74,IPC,11.14223414362961,96
sign_test_er0.6__norm_original_radius,matched_er_4to1_chunk_14,74,KR,5.676345797876517,96
sign_test_er0.6__norm_original_radius,matched_er_4to1_chunk_14,74,MC,5.94570080563426,96
sign_test_er0.6__norm_original_radius,matched_er_4to1_chunk_14,74,cosine_similarity,-0.006936735240742525,96
sign_test_er0.6__norm_original_radius,matched_er_4to1_chunk_14,74,kl_to_gaussian,0.0,96
sign_test_er0.6__norm_original_radius,matched_er_4to1_chunk_14,74,wt_mean,-0.0010398678277851751,96
sign_test_er0.6__norm_original_radius,matched_er_4to1_chunk_15,75,GR,10.13851291189591,96
sign_test_er0.6__norm_original_radius,matched_er_4to1_chunk_15,75,IPC,11.096983400599427,96
sign_test_er0.6__norm_original_radius,matched_er_4to1_chunk_15,75,KR,5.15440355738004,96
sign_test_er0.6__norm_original_radius,matched_er_4to1_chunk_15,75,MC,6.030900926639636,96
sign_test_er0.6__norm_original_radius,matched_er_4to1_chunk_15,75,cosine_similarity,-0.0066592678194864995,96
sign_test_er0.6__norm_original_radius,matched_er_4to1_chunk_15,75,kl_to_gaussian,0.0,96
sign_test_er0.6__norm_original_radius,matched_er_4to1_chunk_15,75,wt_mean,-0.0010194511414738001,96
sign_test_er0.6__norm_original_radius,matched_er_4to1_chunk_15,76,GR,10.532775844136873,96
sign_test_er0.6__norm_original_radius,matched_er_4to1_chunk_15,76,IPC,11.77668663739309,96
sign_test_er0.6__norm_original_radius,matched_er_4to1_chunk_15,76,KR,5.397978524367015,96
sign_test_er0.6__norm_original_radius,matched_er_4to1_chunk_15,76,MC,6.337971820185582,96
sign_test_er0.6__norm_original_radius,matched_er_4to1_chunk_15,76,cosine_similarity,-0.00471698038745665,96
sign_test_er0.6__norm_original_radius,matched_er_4to1_chunk_15,76,kl_to_gaussian,0.0,96
sign_test_er0.6__norm_original_radius,matched_er_4to1_chunk_15,76,wt_mean,-0.0010460915800649,96
sign_test_er0.6__norm_original_radius,matched_er_4to1_chunk_15,77,GR,10.560721096893152,96
sign_test_er0.6__norm_original_radius,matched_er_4to1_chunk_15,77,IPC,11.09586658766492,96
sign_test_er0.6__norm_original_radius,matched_er_4to1_chunk_15,77,KR,5.510469143589337,96
sign_test_er0.6__norm_original_radius,matched_er_4to1_chunk_15,77,MC,5.998753930131595,96
sign_test_er0.6__norm_original_radius,matched_er_4to1_chunk_15,77,cosine_similarity,-0.00360710354289035,96
sign_test_er0.6__norm_original_radius,matched_er_4to1_chunk_15,77,kl_to_gaussian,0.0,96
sign_test_er0.6__norm_original_radius,matched_er_4to1_chunk_15,77,wt_mean,-0.001026428697514275,96
sign_test_er0.6__norm_original_radius,matched_er_4to1_chunk_15,78,GR,11.348037799199423,96
sign_test_er0.6__norm_original_radius,matched_er_4to1_chunk_15,78,IPC,11.436043285004699,96
sign_test_er0.6__norm_original_radius,matched_er_4to1_chunk_15,78,KR,5.5871812626719475,96
sign_test_er0.6__norm_original_radius,matched_er_4to1_chunk_15,78,MC,6.168268479406834,96
sign_test_er0.6__norm_original_radius,matched_er_4to1_chunk_15,78,cosine_similarity,-0.00971143064089115,96
sign_test_er0.6__norm_original_radius,matched_er_4to1_chunk_15,78,kl_to_gaussian,0.0,96
sign_test_er0.6__norm_original_radius,matched_er_4to1_chunk_15,78,wt_mean,-0.001016926820739125,96
sign_test_er0.6__norm_original_radius,matched_er_4to1_chunk_15,79,GR,10.162148075799147,96
sign_test_er0.6__norm_original_radius,matched_er_4to1_chunk_15,79,IPC,10.725217134620328,96
sign_test_er0.6__norm_original_radius,matched_er_4to1_chunk_15,79,KR,5.118782338996728,96
sign_test_er0.6__norm_original_radius,matched_er_4to1_chunk_15,79,MC,5.84205303589503,96
sign_test_er0.6__norm_original_radius,matched_er_4to1_chunk_15,79,cosine_similarity,-0.0091564930044114,96
sign_test_er0.6__norm_original_radius,matched_er_4to1_chunk_15,79,kl_to_gaussian,0.0,96
sign_test_er0.6__norm_original_radius,matched_er_4to1_chunk_15,79,wt_mean,-0.0010245936282444249,96
sign_test_er0.6__norm_original_radius,matched_er_4to1_chunk_16,80,GR,10.543719833095869,96
sign_test_er0.6__norm_original_radius,matched_er_4to1_chunk_16,80,IPC,10.093840759525772,96
sign_test_er0.6__norm_original_radius,matched_er_4to1_chunk_16,80,KR,5.384337589144707,96
sign_test_er0.6__norm_original_radius,matched_er_4to1_chunk_16,80,MC,5.9679464275638265,96
sign_test_er0.6__norm_original_radius,matched_er_4to1_chunk_16,80,cosine_similarity,-0.0097114308737218,96
sign_test_er0.6__norm_original_radius,matched_er_4to1_chunk_16,80,kl_to_gaussian,0.0,96
sign_test_er0.6__norm_original_radius,matched_er_4to1_chunk_16,80,wt_mean,-0.0010387262882431251,96
sign_test_er0.6__norm_original_radius,matched_er_4to1_chunk_16,81,GR,10.55966953933239,96
sign_test_er0.6__norm_original_radius,matched_er_4to1_chunk_16,81,IPC,9.798637319756027,96
sign_test_er0.6__norm_original_radius,matched_er_4to1_chunk_16,81,KR,5.413817177216212,96
sign_test_er0.6__norm_original_radius,matched_er_4to1_chunk_16,81,MC,5.633984889835119,96
sign_test_er0.6__norm_original_radius,matched_er_4to1_chunk_16,81,cosine_similarity,-0.014983351808041273,96
sign_test_er0.6__norm_original_radius,matched_er_4to1_chunk_16,81,kl_to_gaussian,0.0,96
sign_test_er0.6__norm_original_radius,matched_er_4to1_chunk_16,81,wt_mean,-0.00103049857716535,96
sign_test_er0.6__norm_original_radius,matched_er_4to1_chunk_16,82,GR,10.58719976246357,96
sign_test_er0.6__norm_original_radius,matched_er_4to1_chunk_16,82,IPC,9.409985321555993,96
sign_test_er0.6__norm_original_radius,matched_er_4to1_chunk_16,82,KR,5.266880646348,96
sign_test_er0.6__norm_original_radius,matched_er_4to1_chunk_16,82,MC,5.2920999974012375,96
sign_test_er0.6__norm_original_radius,matched_er_4to1_chunk_16,82,cosine_similarity,-0.007491676369681926,96
sign_test_er0.6__norm_original_radius,matched_er_4to1_chunk_16,82,kl_to_gaussian,0.0,96
sign_test_er0.6__norm_original_radius,matched_er_4to1_chunk_16,82,wt_mean,-0.0010125003755091999,96
sign_test_er0.6__norm_original_radius,matched_er_4to1_chunk_16,83,GR,11.095356347660223,96
sign_test_er0.6__norm_original_radius,matched_er_4to1_chunk_16,83,IPC,9.100483102696868,96
sign_test_er0.6__norm_original_radius,matched_er_4to1_chunk_16,83,KR,5.438846305012703,96
sign_test_er0.6__norm_original_radius,matched_er_4to1_chunk_16,83,MC,5.181992094963789,96
sign_test_er0.6__norm_original_radius,matched_er_4to1_chunk_16,83,cosine_similarity,-0.00416204216890035,96
sign_test_er0.6__norm_original_radius,matched_er_4to1_chunk_16,83,kl_to_gaussian,0.0,96
sign_test_er0.6__norm_original_radius,matched_er_4to1_chunk_16,83,wt_mean,-0.001030798128340325,96
sign_test_er0.6__norm_original_radius,matched_er_4to1_chunk_16,84,GR,10.651105657219887,96
sign_test_er0.6__norm_original_radius,matched_er_4to1_chunk_16,84,IPC,10.377735371534664,96
sign_test_er0.6__norm_original_radius,matched_er_4to1_chunk_16,84,KR,5.433478591342767,96
sign_test_er0.6__norm_original_radius,matched_er_4to1_chunk_16,84,MC,5.786844598750274,96
sign_test_er0.6__norm_original_radius,matched_er_4to1_chunk_16,84,cosine_similarity,-0.0033296339679509,96
sign_test_er0.6__norm_original_radius,matched_er_4to1_chunk_16,84,kl_to_gaussian,0.0,96
sign_test_er0.6__norm_original_radius,matched_er_4to1_chunk_16,84,wt_mean,-0.001020145587972325,96
sign_test_er0.6__norm_original_radius,matched_er_4to1_chunk_17,85,GR,10.813515238463879,96
sign_test_er0.6__norm_original_radius,matched_er_4to1_chunk_17,85,IPC,9.471336204736836,96
sign_test_er0.6__norm_original_radius,matched_er_4to1_chunk_17,85,KR,5.422767226894696,96
sign_test_er0.6__norm_original_radius,matched_er_4to1_chunk_17,85,MC,5.434012182056904,96
sign_test_er0.6__norm_original_radius,matched_er_4to1_chunk_17,85,cosine_similarity,-0.004716981085948575,96
sign_test_er0.6__norm_original_radius,matched_er_4to1_chunk_17,85,kl_to_gaussian,0.0,96
sign_test_er0.6__norm_original_radius,matched_er_4to1_chunk_17,85,wt_mean,-0.00101594119041685,96
sign_test_er0.6__norm_original_radius,matched_er_4to1_chunk_17,86,GR,11.01802720874548,96
sign_test_er0.6__norm_original_radius,matched_er_4to1_chunk_17,86,IPC,9.766247215111399,96
sign_test_er0.6__norm_original_radius,matched_er_4to1_chunk_17,86,KR,5.495133690536022,96
sign_test_er0.6__norm_original_radius,matched_er_4to1_chunk_17,86,MC,5.6929655484855175,96
sign_test_er0.6__norm_original_radius,matched_er_4to1_chunk_17,86,cosine_similarity,-0.00776914448942985,96
sign_test_er0.6__norm_original_radius,matched_er_4to1_chunk_17,86,kl_to_gaussian,0.0,96
sign_test_er0.6__norm_original_radius,matched_er_4to1_chunk_17,86,wt_mean,-0.0010485879029147,96
sign_test_er0.6__norm_original_radius,matched_er_4to1_chunk_17,87,GR,10.401684381067753,96
sign_test_er0.6__norm_original_radius,matched_er_4to1_chunk_17,87,IPC,9.33383451397598,96
sign_test_er0.6__norm_original_radius,matched_er_4to1_chunk_17,87,KR,5.215020136286815,96
sign_test_er0.6__norm_original_radius,matched_er_4to1_chunk_17,87,MC,5.271707035601139,96
sign_test_er0.6__norm_original_radius,matched_er_4to1_chunk_17,87,cosine_similarity,-0.0061043283203616495,96
sign_test_er0.6__norm_original_radius,matched_er_4to1_chunk_17,87,kl_to_gaussian,0.0,96
sign_test_er0.6__norm_original_radius,matched_er_4to1_chunk_17,87,wt_mean,-0.001019323564832975,96
sign_test_er0.6__norm_original_radius,matched_er_4to1_chunk_17,88,GR,11.248012100656828,96
sign_test_er0.6__norm_original_radius,matched_er_4to1_chunk_17,88,IPC,9.575470494140005,96
sign_test_er0.6__norm_original_radius,matched_er_4to1_chunk_17,88,KR,5.402892676492532,96
sign_test_er0.6__norm_original_radius,matched_er_4to1_chunk_17,88,MC,5.328032338370879,96
sign_test_er0.6__norm_original_radius,matched_er_4to1_chunk_17,88,cosine_similarity,-0.009156491607427524,96
sign_test_er0.6__norm_original_radius,matched_er_4to1_chunk_17,88,kl_to_gaussian,0.0,96
sign_test_er0.6__norm_original_radius,matched_er_4to1_chunk_17,88,wt_mean,-0.001040544157149225,96
sign_test_er0.6__norm_original_radius,matched_er_4to1_chunk_17,89,GR,10.66468178977569,96
sign_test_er0.6__norm_original_radius,matched_er_4to1_chunk_17,89,IPC,9.343444880355408,96
sign_test_er0.6__norm_original_radius,matched_er_4to1_chunk_17,89,KR,5.402812719345093,96
sign_test_er0.6__norm_original_radius,matched_er_4to1_chunk_17,89,MC,5.412477431197961,96
sign_test_er0.6__norm_original_radius,matched_er_4to1_chunk_17,89,cosine_similarity,-0.011098779970779975,96
sign_test_er0.6__norm_original_radius,matched_er_4to1_chunk_17,89,kl_to_gaussian,0.0,96
sign_test_er0.6__norm_original_radius,matched_er_4to1_chunk_17,89,wt_mean,-0.0010246757738058751,96
sign_test_er0.6__norm_original_radius,matched_er_4to1_chunk_18,90,GR,11.021771339078745,96
sign_test_er0.6__norm_original_radius,matched_er_4to1_chunk_18,90,IPC,10.309116350091669,96
sign_test_er0.6__norm_original_radius,matched_er_4to1_chunk_18,90,KR,5.497785526017348,96
sign_test_er0.6__norm_original_radius,matched_er_4to1_chunk_18,90,MC,5.6580949400862055,96
sign_test_er0.6__norm_original_radius,matched_er_4to1_chunk_18,90,cosine_similarity,-0.011376248206943225,96
sign_test_er0.6__norm_original_radius,matched_er_4to1_chunk_18,90,kl_to_gaussian,0.0,96
sign_test_er0.6__norm_original_radius,matched_er_4to1_chunk_18,90,wt_mean,-0.00101553904823955,96
sign_test_er0.6__norm_original_radius,matched_er_4to1_chunk_18,91,GR,10.416768645246824,96
sign_test_er0.6__norm_original_radius,matched_er_4to1_chunk_18,91,IPC,9.762447375956635,96
sign_test_er0.6__norm_original_radius,matched_er_4to1_chunk_18,91,KR,5.281722132116556,96
sign_test_er0.6__norm_original_radius,matched_er_4to1_chunk_18,91,MC,5.336747642606497,96
sign_test_er0.6__norm_original_radius,matched_er_4to1_chunk_18,91,cosine_similarity,-0.01137624937109645,96
sign_test_er0.6__norm_original_radius,matched_er_4to1_chunk_18,91,kl_to_gaussian,0.0,96
sign_test_er0.6__norm_original_radius,matched_er_4to1_chunk_18,91,wt_mean,-0.00101829323102715,96
sign_test_er0.6__norm_original_radius,matched_er_4to1_chunk_18,92,GR,9.782832014063993,96
sign_test_er0.6__norm_original_radius,matched_er_4to1_chunk_18,92,IPC,9.870414583625385,96
sign_test_er0.6__norm_original_radius,matched_er_4to1_chunk_18,92,KR,5.129096336662769,96
sign_test_er0.6__norm_original_radius,matched_er_4to1_chunk_18,92,MC,5.417993913094203,96
sign_test_er0.6__norm_original_radius,matched_er_4to1_chunk_18,92,cosine_similarity,-0.016925641801208174,96
sign_test_er0.6__norm_original_radius,matched_er_4to1_chunk_18,92,kl_to_gaussian,0.0,96
sign_test_er0.6__norm_original_radius,matched_er_4to1_chunk_18,92,wt_mean,-0.001015573958284175,96
sign_test_er0.6__norm_original_radius,matched_er_4to1_chunk_18,93,GR,10.79355958600839,96
sign_test_er0.6__norm_original_radius,matched_er_4to1_chunk_18,93,IPC,9.89318381648553,96
sign_test_er0.6__norm_original_radius,matched_er_4to1_chunk_18,93,KR,5.523123095432918,96
sign_test_er0.6__norm_original_radius,matched_er_4to1_chunk_18,93,MC,5.715581241995096,96
sign_test_er0.6__norm_original_radius,matched_er_4to1_chunk_18,93,cosine_similarity,-0.01331853400915855,96
sign_test_er0.6__norm_original_radius,matched_er_4to1_chunk_18,93,kl_to_gaussian,0.0,96
sign_test_er0.6__norm_original_radius,matched_er_4to1_chunk_18,93,wt_mean,-0.0010263126168865,96
sign_test_er0.6__norm_original_radius,matched_er_4to1_chunk_18,94,GR,11.286627744634947,96
sign_test_er0.6__norm_original_radius,matched_er_4to1_chunk_18,94,IPC,10.35062829141674,96
sign_test_er0.6__norm_original_radius,matched_er_4to1_chunk_18,94,KR,5.676362819969654,96
sign_test_er0.6__norm_original_radius,matched_er_4to1_chunk_18,94,MC,5.820885702967644,96
sign_test_er0.6__norm_original_radius,matched_er_4to1_chunk_18,94,cosine_similarity,-0.01165371993556615,96
sign_test_er0.6__norm_original_radius,matched_er_4to1_chunk_18,94,kl_to_gaussian,0.0,96
sign_test_er0.6__norm_original_radius,matched_er_4to1_chunk_18,94,wt_mean,-0.00104280127561645,96
sign_test_er0.6__norm_original_radius,matched_er_4to1_chunk_19,95,GR,11.105548349519571,96
sign_test_er0.6__norm_original_radius,matched_er_4to1_chunk_19,95,IPC,9.675416193085022,96
sign_test_er0.6__norm_original_radius,matched_er_4to1_chunk_19,95,KR,5.526233375072479,96
sign_test_er0.6__norm_original_radius,matched_er_4to1_chunk_19,95,MC,5.5779692605137825,96
sign_test_er0.6__norm_original_radius,matched_er_4to1_chunk_19,95,cosine_similarity,-0.010266372468322476,96
sign_test_er0.6__norm_original_radius,matched_er_4to1_chunk_19,95,kl_to_gaussian,0.0,96
sign_test_er0.6__norm_original_radius,matched_er_4to1_chunk_19,95,wt_mean,-0.0010347421484766001,96
sign_test_er0.6__norm_original_radius,matched_er_4to1_chunk_19,96,GR,12.162435166537762,96
sign_test_er0.6__norm_original_radius,matched_er_4to1_chunk_19,96,IPC,10.009761132281389,96
sign_test_er0.6__norm_original_radius,matched_er_4to1_chunk_19,96,KR,5.814406601091226,96
sign_test_er0.6__norm_original_radius,matched_er_4to1_chunk_19,96,MC,5.5682420916855335,96
sign_test_er0.6__norm_original_radius,matched_er_4to1_chunk_19,96,cosine_similarity,-0.007214207900687975,96
sign_test_er0.6__norm_original_radius,matched_er_4to1_chunk_19,96,kl_to_gaussian,0.0,96
sign_test_er0.6__norm_original_radius,matched_er_4to1_chunk_19,96,wt_mean,-0.001036486748489525,96
sign_test_er0.6__norm_original_radius,matched_er_4to1_chunk_19,97,GR,10.422481680909792,96
sign_test_er0.6__norm_original_radius,matched_er_4to1_chunk_19,97,IPC,9.910358779057551,96
sign_test_er0.6__norm_original_radius,matched_er_4to1_chunk_19,97,KR,5.277336897949378,96
sign_test_er0.6__norm_original_radius,matched_er_4to1_chunk_19,97,MC,5.561800058931112,96
sign_test_er0.6__norm_original_radius,matched_er_4to1_chunk_19,97,cosine_similarity,-0.008601553272455875,96
sign_test_er0.6__norm_original_radius,matched_er_4to1_chunk_19,97,kl_to_gaussian,0.0,96
sign_test_er0.6__norm_original_radius,matched_er_4to1_chunk_19,97,wt_mean,-0.001026163794449475,96
sign_test_er0.6__norm_original_radius,matched_er_4to1_chunk_19,98,GR,10.980041397114595,96
sign_test_er0.6__norm_original_radius,matched_er_4to1_chunk_19,98,IPC,9.66111663589212,96
sign_test_er0.6__norm_original_radius,matched_er_4to1_chunk_19,98,KR,5.4888693789641065,96
sign_test_er0.6__norm_original_radius,matched_er_4to1_chunk_19,98,MC,5.4384091931084795,96
sign_test_er0.6__norm_original_radius,matched_er_4to1_chunk_19,98,cosine_similarity,-0.006381798069924075,96
sign_test_er0.6__norm_original_radius,matched_er_4to1_chunk_19,98,kl_to_gaussian,0.0,96
sign_test_er0.6__norm_original_radius,matched_er_4to1_chunk_19,98,wt_mean,-0.0010319804569007501,96
sign_test_er0.6__norm_original_radius,matched_er_4to1_chunk_19,99,GR,10.374281751612822,96
sign_test_er0.6__norm_original_radius,matched_er_4to1_chunk_19,99,IPC,9.75119246884523,96
sign_test_er0.6__norm_original_radius,matched_er_4to1_chunk_19,99,KR,5.423077868918578,96
sign_test_er0.6__norm_original_radius,matched_er_4to1_chunk_19,99,MC,5.602152278025945,96
sign_test_er0.6__norm_original_radius,matched_er_4to1_chunk_19,99,cosine_similarity,-0.004994450020603776,96
sign_test_er0.6__norm_original_radius,matched_er_4to1_chunk_19,99,kl_to_gaussian,0.0,96
sign_test_er0.6__norm_original_radius,matched_er_4to1_chunk_19,99,wt_mean,-0.0010271581850247,96
sign_test_er0.6__norm_original_radius,matched_er_4to1_chunk_2,10,GR,10.442563861608505,96
sign_test_er0.6__norm_original_radius,matched_er_4to1_chunk_2,10,IPC,11.124147524098552,96
sign_test_er0.6__norm_original_radius,matched_er_4to1_chunk_2,10,KR,5.221582882106304,96
sign_test_er0.6__norm_original_radius,matched_er_4to1_chunk_2,10,MC,5.968880978723367,96
sign_test_er0.6__norm_original_radius,matched_er_4to1_chunk_2,10,cosine_similarity,-0.006659266538917974,96
sign_test_er0.6__norm_original_radius,matched_er_4to1_chunk_2,10,kl_to_gaussian,0.0,96
sign_test_er0.6__norm_original_radius,matched_er_4to1_chunk_2,10,wt_mean,-0.001025950914481625,96
sign_test_er0.6__norm_original_radius,matched_er_4to1_chunk_2,11,GR,10.424878117938837,96
sign_test_er0.6__norm_original_radius,matched_er_4to1_chunk_2,11,IPC,11.57076775992411,96
sign_test_er0.6__norm_original_radius,matched_er_4to1_chunk_2,11,KR,5.4042390411098795,96
sign_test_er0.6__norm_original_radius,matched_er_4to1_chunk_2,11,MC,6.076237003008525,96
sign_test_er0.6__norm_original_radius,matched_er_4to1_chunk_2,11,cosine_similarity,-0.013596004107966976,96
sign_test_er0.6__norm_original_radius,matched_er_4to1_chunk_2,11,kl_to_gaussian,0.0,96
sign_test_er0.6__norm_original_radius,matched_er_4to1_chunk_2,11,wt_mean,-0.001007009486784175,96
sign_test_er0.6__norm_original_radius,matched_er_4to1_chunk_2,12,GR,11.838154025375843,96
sign_test_er0.6__norm_original_radius,matched_er_4to1_chunk_2,12,IPC,10.72374519630146,96
sign_test_er0.6__norm_original_radius,matched_er_4to1_chunk_2,12,KR,5.671244504551093,96
sign_test_er0.6__norm_original_radius,matched_er_4to1_chunk_2,12,MC,5.734210275113583,96
sign_test_er0.6__norm_original_radius,matched_er_4to1_chunk_2,12,cosine_similarity,-0.00277469441061835,96
sign_test_er0.6__norm_original_radius,matched_er_4to1_chunk_2,12,kl_to_gaussian,0.0,96
sign_test_er0.6__norm_original_radius,matched_er_4to1_chunk_2,12,wt_mean,-0.0010203667188761,96
sign_test_er0.6__norm_original_radius,matched_er_4to1_chunk_2,13,GR,10.529254905879498,96
sign_test_er0.6__norm_original_radius,matched_er_4to1_chunk_2,13,IPC,10.888180222774286,96
sign_test_er0.6__norm_original_radius,matched_er_4to1_chunk_2,13,KR,5.285955374439557,96
sign_test_er0.6__norm_original_radius,matched_er_4to1_chunk_2,13,MC,5.9943834617733955,96
sign_test_er0.6__norm_original_radius,matched_er_4to1_chunk_2,13,cosine_similarity,-0.0072142073186113745,96
sign_test_er0.6__norm_original_radius,matched_er_4to1_chunk_2,13,kl_to_gaussian,0.0,96
sign_test_er0.6__norm_original_radius,matched_er_4to1_chunk_2,13,wt_mean,-0.001040130955516325,96
sign_test_er0.6__norm_original_radius,matched_er_4to1_chunk_2,14,GR,10.984570595125357,96
sign_test_er0.6__norm_original_radius,matched_er_4to1_chunk_2,14,IPC,11.670472744828267,96
sign_test_er0.6__norm_original_radius,matched_er_4to1_chunk_2,14,KR,5.553294335802396,96
sign_test_er0.6__norm_original_radius,matched_er_4to1_chunk_2,14,MC,6.285389857987563,96
sign_test_er0.6__norm_original_radius,matched_er_4to1_chunk_2,14,cosine_similarity,-0.007491674972698026,96
sign_test_er0.6__norm_original_radius,matched_er_4to1_chunk_2,14,kl_to_gaussian,0.0,96
sign_test_er0.6__norm_original_radius,matched_er_4to1_chunk_2,14,wt_mean,-0.001035895693348675,96
sign_test_er0.6__norm_original_radius,matched_er_4to1_chunk_3,15,GR,10.292279543975988,96
sign_test_er0.6__norm_original_radius,matched_er_4to1_chunk_3,15,IPC,10.852126987183786,96
sign_test_er0.6__norm_original_radius,matched_er_4to1_chunk_3,15,KR,5.252055471142133,96
sign_test_er0.6__norm_original_radius,matched_er_4to1_chunk_3,15,MC,5.9432999442021055,96
sign_test_er0.6__norm_original_radius,matched_er_4to1_chunk_3,15,cosine_similarity,-0.008879023604094925,96
sign_test_er0.6__norm_original_radius,matched_er_4to1_chunk_3,15,kl_to_gaussian,0.0,96
sign_test_er0.6__norm_original_radius,matched_er_4to1_chunk_3,15,wt_mean,-0.0010139250371139,96
sign_test_er0.6__norm_original_radius,matched_er_4to1_chunk_3,16,GR,11.24064535399278,96
sign_test_er0.6__norm_original_radius,matched_er_4to1_chunk_3,16,IPC,11.140952240656304,96
sign_test_er0.6__norm_original_radius,matched_er_4to1_chunk_3,16,KR,5.476458502312501,96
sign_test_er0.6__norm_original_radius,matched_er_4to1_chunk_3,16,MC,5.974557069440682,96
sign_test_er0.6__norm_original_radius,matched_er_4to1_chunk_3,16,cosine_similarity,-0.007491676136851275,96
sign_test_er0.6__norm_original_radius,matched_er_4to1_chunk_3,16,kl_to_gaussian,0.0,96
sign_test_er0.6__norm_original_radius,matched_er_4to1_chunk_3,16,wt_mean,-0.001025821169605425,96
sign_test_er0.6__norm_original_radius,matched_er_4to1_chunk_3,17,GR,10.50838333616654,96
sign_test_er0.6__norm_original_radius,matched_er_4to1_chunk_3,17,IPC,10.770353873356102,96
sign_test_er0.6__norm_original_radius,matched_er_4to1_chunk_3,17,KR,5.370650753378868,96
sign_test_er0.6__norm_original_radius,matched_er_4to1_chunk_3,17,MC,5.823052008946736,96
sign_test_er0.6__norm_original_radius,matched_er_4to1_chunk_3,17,cosine_similarity,-0.014428408117964824,96
sign_test_er0.6__norm_original_radius,matched_er_4to1_chunk_3,17,kl_to_gaussian,0.0,96
sign_test_er0.6__norm_original_radius,matched_er_4to1_chunk_3,17,wt_mean,-0.0010228953324257749,96
sign_test_er0.6__norm_original_radius,matched_er_4to1_chunk_3,18,GR,11.000270585219065,96
sign_test_er0.6__norm_original_radius,matched_er_4to1_chunk_3,18,IPC,11.531124402241439,96
sign_test_er0.6__norm_original_radius,matched_er_4to1_chunk_3,18,KR,5.466194609800975,96
sign_test_er0.6__norm_original_radius,matched_er_4to1_chunk_3,18,MC,5.922915785262982,96
sign_test_er0.6__norm_original_radius,matched_er_4to1_chunk_3,18,cosine_similarity,-0.0080466154031455,96
sign_test_er0.6__norm_original_radius,matched_er_4to1_chunk_3,18,kl_to_gaussian,0.0,96
sign_test_er0.6__norm_original_radius,matched_er_4to1_chunk_3,18,wt_mean,-0.001044863049173675,96
sign_test_er0.6__norm_original_radius,matched_er_4to1_chunk_3,19,GR,10.124956215421358,96
sign_test_er0.6__norm_original_radius,matched_er_4to1_chunk_3,19,IPC,11.44443625294666,96
sign_test_er0.6__norm_original_radius,matched_er_4to1_chunk_3,19,KR,5.098386647800605,96
sign_test_er0.6__norm_original_radius,matched_er_4to1_chunk_3,19,MC,6.009338929007451,96
sign_test_er0.6__norm_original_radius,matched_er_4to1_chunk_3,19,cosine_similarity,-0.006936738500371524,96
sign_test_er0.6__norm_original_radius,matched_er_4to1_chunk_3,19,kl_to_gaussian,0.0,96
sign_test_er0.6__norm_original_radius,matched_er_4to1_chunk_3,19,wt_mean,-0.001038079470163175,96
sign_test_er0.6__norm_original_radius,matched_er_4to1_chunk_4,20,GR,10.511125656465689,96
sign_test_er0.6__norm_original_radius,matched_er_4to1_chunk_4,20,IPC,11.292026767787227,96
sign_test_er0.6__norm_original_radius,matched_er_4to1_chunk_4,20,KR,5.263486905644338,96
sign_test_er0.6__norm_original_radius,matched_er_4to1_chunk_4,20,MC,5.921471097817023,96
sign_test_er0.6__norm_original_radius,matched_er_4to1_chunk_4,20,cosine_similarity,-0.009711431805044376,96
sign_test_er0.6__norm_original_radius,matched_er_4to1_chunk_4,20,kl_to_gaussian,0.0,96
sign_test_er0.6__norm_original_radius,matched_er_4to1_chunk_4,20,wt_mean,-0.00101050996454425,96
sign_test_er0.6__norm_original_radius,matched_er_4to1_chunk_4,21,GR,10.73457865913709,96
sign_test_er0.6__norm_original_radius,matched_er_4to1_chunk_4,21,IPC,11.185317859741225,96
sign_test_er0.6__norm_original_radius,matched_er_4to1_chunk_4,21,KR,5.378149745364984,96
sign_test_er0.6__norm_original_radius,matched_er_4to1_chunk_4,21,MC,5.968363602956136,96
sign_test_er0.6__norm_original_radius,matched_er_4to1_chunk_4,21,cosine_similarity,-0.0069367378018796,96
sign_test_er0.6__norm_original_radius,matched_er_4to1_chunk_4,21,kl_to_gaussian,0.0,96
sign_test_er0.6__norm_original_radius,matched_er_4to1_chunk_4,21,wt_mean,-0.001044793403707375,96
sign_test_er0.6__norm_original_radius,matched_er_4to1_chunk_4,22,GR,10.37710682551066,96
sign_test_er0.6__norm_original_radius,matched_er_4to1_chunk_4,22,IPC,11.214545476607606,96
sign_test_er0.6__norm_original_radius,matched_er_4to1_chunk_4,22,KR,5.276210065931082,96
sign_test_er0.6__norm_original_radius,matched_er_4to1_chunk_4,22,MC,5.837269139786561,96
sign_test_er0.6__norm_original_radius,matched_er_4to1_chunk_4,22,cosine_similarity,-0.00943396333605045,96
sign_test_er0.6__norm_original_radius,matched_er_4to1_chunk_4,22,kl_to_gaussian,0.0,96
sign_test_er0.6__norm_original_radius,matched_er_4to1_chunk_4,22,wt_mean,-0.0010054150334326,96
sign_test_er0.6__norm_original_radius,matched_er_4to1_chunk_4,23,GR,10.646824039518833,96
sign_test_er0.6__norm_original_radius,matched_er_4to1_chunk_4,23,IPC,12.134464257401044,96
sign_test_er0.6__norm_original_radius,matched_er_4to1_chunk_4,23,KR,5.417476360996564,96
sign_test_er0.6__norm_original_radius,matched_er_4to1_chunk_4,23,MC,6.411000106483698,96
sign_test_er0.6__norm_original_radius,matched_er_4to1_chunk_4,23,cosine_similarity,-0.0072142059216275005,96
sign_test_er0.6__norm_original_radius,matched_er_4to1_chunk_4,23,kl_to_gaussian,0.0,96
sign_test_er0.6__norm_original_radius,matched_er_4to1_chunk_4,23,wt_mean,-0.001049425263772675,96
sign_test_er0.6__norm_original_radius,matched_er_4to1_chunk_4,24,GR,10.62370510150989,96
sign_test_er0.6__norm_original_radius,matched_er_4to1_chunk_4,24,IPC,11.098627577447331,96
sign_test_er0.6__norm_original_radius,matched_er_4to1_chunk_4,24,KR,5.349553437282641,96
sign_test_er0.6__norm_original_radius,matched_er_4to1_chunk_4,24,MC,5.8172373833755655,96
sign_test_er0.6__norm_original_radius,matched_er_4to1_chunk_4,24,cosine_similarity,-0.0074916755547746496,96
sign_test_er0.6__norm_original_radius,matched_er_4to1_chunk_4,24,kl_to_gaussian,0.0,96
sign_test_er0.6__norm_original_radius,matched_er_4to1_chunk_4,24,wt_mean,-0.0010290670034009501,96
sign_test_er0.6__norm_original_radius,matched_er_4to1_chunk_5,25,GR,10.375154929856459,96
sign_test_er0.6__norm_original_radius,matched_er_4to1_chunk_5,25,IPC,11.015093957079955,96
sign_test_er0.6__norm_original_radius,matched_er_4to1_chunk_5,25,KR,5.2023464404046535,96
sign_test_er0.6__norm_original_radius,matched_er_4to1_chunk_5,25,MC,5.784664798527956,96
sign_test_er0.6__norm_original_radius,matched_er_4to1_chunk_5,25,cosine_similarity,-0.0005549388297367501,96
sign_test_er0.6__norm_original_radius,matched_er_4to1_chunk_5,25,kl_to_gaussian,0.0,96
sign_test_er0.6__norm_original_radius,matched_er_4to1_chunk_5,25,wt_mean,-0.0010111198498634,96
sign_test_er0.6__norm_original_radius,matched_er_4to1_chunk_5,26,GR,10.212469287216663,96
sign_test_er0.6__norm_original_radius,matched_er_4to1_chunk_5,26,IPC,10.765517421516074,96
sign_test_er0.6__norm_original_radius,matched_er_4to1_chunk_5,26,KR,5.275396163264911,96
sign_test_er0.6__norm_original_radius,matched_er_4to1_chunk_5,26,MC,5.677300362537305,96
sign_test_er0.6__norm_original_radius,matched_er_4to1_chunk_5,26,cosine_similarity,-0.009433961240574674,96
sign_test_er0.6__norm_original_radius,matched_er_4to1_chunk_5,26,kl_to_gaussian,0.0,96
sign_test_er0.6__norm_original_radius,matched_er_4to1_chunk_5,26,wt_mean,-0.0010090717260026751,96
sign_test_er0.6__norm_original_radius,matched_er_4to1_chunk_5,27,GR,10.990155756473541,96
sign_test_er0.6__norm_original_radius,matched_er_4to1_chunk_5,27,IPC,11.00763399963113,96
sign_test_er0.6__norm_original_radius,matched_er_4to1_chunk_5,27,KR,5.45921075095733,96
sign_test_er0.6__norm_original_radius,matched_er_4to1_chunk_5,27,MC,5.7368774848679704,96
sign_test_er0.6__norm_original_radius,matched_er_4to1_chunk_5,27,cosine_similarity,-0.013318533776327926,96
sign_test_er0.6__norm_original_radius,matched_er_4to1_chunk_5,27,kl_to_gaussian,0.0,96
sign_test_er0.6__norm_original_radius,matched_er_4to1_chunk_5,27,wt_mean,-0.0010124072869075,96
sign_test_er0.6__norm_original_radius,matched_er_4to1_chunk_5,28,GR,10.739824369549751,96
sign_test_er0.6__norm_original_radius,matched_er_4to1_chunk_5,28,IPC,10.881729226561736,96
sign_test_er0.6__norm_original_radius,matched_er_4to1_chunk_5,28,KR,5.418568295737107,96
sign_test_er0.6__norm_original_radius,matched_er_4to1_chunk_5,28,MC,5.894047430406014,96
sign_test_er0.6__norm_original_radius,matched_er_4to1_chunk_5,28,cosine_similarity,-0.006381799583323224,96
sign_test_er0.6__norm_original_radius,matched_er_4to1_chunk_5,28,kl_to_gaussian,0.0,96
sign_test_er0.6__norm_original_radius,matched_er_4to1_chunk_5,28,wt_mean,-0.001038382295519075,96
sign_test_er0.6__norm_original_radius,matched_er_4to1_chunk_5,29,GR,11.165256544947624,96
sign_test_er0.6__norm_original_radius,matched_er_4to1_chunk_5,29,IPC,11.468235521802322,96
sign_test_er0.6__norm_original_radius,matched_er_4to1_chunk_5,29,KR,5.464961109062036,96
sign_test_er0.6__norm_original_radius,matched_er_4to1_chunk_5,29,MC,5.99590062101682,96
sign_test_er0.6__norm_original_radius,matched_er_4to1_chunk_5,29,cosine_similarity,-0.010266370372846676,96
sign_test_er0.6__norm_original_radius,matched_er_4to1_chunk_5,29,kl_to_gaussian,0.0,96
sign_test_er0.6__norm_original_radius,matched_er_4to1_chunk_5,29,wt_mean,-0.001042883566697075,96
sign_test_er0.6__norm_original_radius,matched_er_4to1_chunk_6,30,GR,10.95179515083631,96
sign_test_er0.6__norm_original_radius,matched_er_4to1_chunk_6,30,IPC,11.423155643582177,96
sign_test_er0.6__norm_original_radius,matched_er_4to1_chunk_6,30,KR,5.480390814443429,96
sign_test_er0.6__norm_original_radius,matched_er_4to1_chunk_6,30,MC,5.923881011704604,96
sign_test_er0.6__norm_original_radius,matched_er_4to1_chunk_6,30,cosine_similarity,-0.006381796789355549,96
sign_test_er0.6__norm_original_radius,matched_er_4to1_chunk_6,30,kl_to_gaussian,0.0,96
sign_test_er0.6__norm_original_radius,matched_er_4to1_chunk_6,30,wt_mean,-0.001021329371724225,96
sign_test_er0.6__norm_original_radius,matched_er_4to1_chunk_6,31,GR,10.461508291463057,96
sign_test_er0.6__norm_original_radius,matched_er_4to1_chunk_6,31,IPC,11.428297040188584,96
sign_test_er0.6__norm_original_radius,matched_er_4to1_chunk_6,31,KR,5.266013413667679,96
sign_test_er0.6__norm_original_radius,matched_er_4to1_chunk_6,31,MC,6.15622794876496,96
sign_test_er0.6__norm_original_radius,matched_er_4to1_chunk_6,31,cosine_similarity,-0.0030521638691425,96
sign_test_er0.6__norm_original_radius,matched_er_4to1_chunk_6,31,kl_to_gaussian,0.0,96
sign_test_er0.6__norm_original_radius,matched_er_4to1_chunk_6,31,wt_mean,-0.001023495409754075,96
sign_test_er0.6__norm_original_radius,matched_er_4to1_chunk_6,32,GR,11.220439702272415,96
sign_test_er0.6__norm_original_radius,matched_er_4to1_chunk_6,32,IPC,11.55690571985838,96
sign_test_er0.6__norm_original_radius,matched_er_4to1_chunk_6,32,KR,5.75873626768589,96
sign_test_er0.6__norm_original_radius,matched_er_4to1_chunk_6,32,MC,6.387631056209405,96
sign_test_er0.6__norm_original_radius,matched_er_4to1_chunk_6,32,cosine_similarity,-0.008324086666107124,96
sign_test_er0.6__norm_original_radius,matched_er_4to1_chunk_6,32,kl_to_gaussian,0.0,96
sign_test_er0.6__norm_original_radius,matched_er_4to1_chunk_6,32,wt_mean,-0.001057750632753525,96
sign_test_er0.6__norm_original_radius,matched_er_4to1_chunk_6,33,GR,10.67599338789781,96
sign_test_er0.6__norm_original_radius,matched_er_4to1_chunk_6,33,IPC,11.363309071075209,96
sign_test_er0.6__norm_original_radius,matched_er_4to1_chunk_6,33,KR,5.393267517288526,96
sign_test_er0.6__norm_original_radius,matched_er_4to1_chunk_6,33,MC,6.21453678359588,96
sign_test_er0.6__norm_original_radius,matched_er_4to1_chunk_6,33,cosine_similarity,-0.0074916752055286745,96
sign_test_er0.6__norm_original_radius,matched_er_4to1_chunk_6,33,kl_to_gaussian,0.0,96
sign_test_er0.6__norm_original_radius,matched_er_4to1_chunk_6,33,wt_mean,-0.0010302931041223501,96
sign_test_er0.6__norm_original_radius,matched_er_4to1_chunk_6,34,GR,11.120857966442903,96
sign_test_er0.6__norm_original_radius,matched_er_4to1_chunk_6,34,IPC,11.471145682262504,96
sign_test_er0.6__norm_original_radius,matched_er_4to1_chunk_6,34,KR,5.509413376450539,96
sign_test_er0.6__norm_original_radius,matched_er_4to1_chunk_6,34,MC,6.231311107675235,96
sign_test_er0.6__norm_original_radius,matched_er_4to1_chunk_6,34,cosine_similarity,-0.0047169822501018,96
sign_test_er0.6__norm_original_radius,matched_er_4to1_chunk_6,34,kl_to_gaussian,0.0,96
sign_test_er0.6__norm_original_radius,matched_er_4to1_chunk_6,34,wt_mean,-0.00103130149364,96
sign_test_er0.6__norm_original_radius,matched_er_4to1_chunk_7,35,GR,10.895980224013329,96
sign_test_er0.6__norm_original_radius,matched_er_4to1_chunk_7,35,IPC,11.539687553183223,96
sign_test_er0.6__norm_original_radius,matched_er_4to1_chunk_7,35,KR,5.438326778511207,96
sign_test_er0.6__norm_original_radius,matched_er_4to1_chunk_7,35,MC,6.036456982294719,96
sign_test_er0.6__norm_original_radius,matched_er_4to1_chunk_7,35,cosine_similarity,-0.0074916735757142,96
sign_test_er0.6__norm_original_radius,matched_er_4to1_chunk_7,35,kl_to_gaussian,0.0,96
sign_test_er0.6__norm_original_radius,matched_er_4to1_chunk_7,35,wt_mean,-0.001032939049764475,96
sign_test_er0.6__norm_original_radius,matched_er_4to1_chunk_7,36,GR,11.180765395363172,96
sign_test_er0.6__norm_original_radius,matched_er_4to1_chunk_7,36,IPC,11.023867210282008,96
sign_test_er0.6__norm_original_radius,matched_er_4to1_chunk_7,36,KR,5.534102189044158,96
sign_test_er0.6__norm_original_radius,matched_er_4to1_chunk_7,36,MC,6.058884005993605,96
sign_test_er0.6__norm_original_radius,matched_er_4to1_chunk_7,36,cosine_similarity,-0.011653718072921024,96
sign_test_er0.6__norm_original_radius,matched_er_4to1_chunk_7,36,kl_to_gaussian,0.0,96
sign_test_er0.6__norm_original_radius,matched_er_4to1_chunk_7,36,wt_mean,-0.001032024927553675,96
sign_test_er0.6__norm_original_radius,matched_er_4to1_chunk_7,37,GR,10.688132906953493,96
sign_test_er0.6__norm_original_radius,matched_er_4to1_chunk_7,37,IPC,11.58822474158317,96
sign_test_er0.6__norm_original_radius,matched_er_4to1_chunk_7,37,KR,5.419398317734401,96
sign_test_er0.6__norm_original_radius,matched_er_4to1_chunk_7,37,MC,6.123476096739371,96
sign_test_er0.6__norm_original_radius,matched_er_4to1_chunk_7,37,cosine_similarity,-0.007214206852950075,96
sign_test_er0.6__norm_original_radius,matched_er_4to1_chunk_7,37,kl_to_gaussian,0.0,96
sign_test_er0.6__norm_original_radius,matched_er_4to1_chunk_7,37,wt_mean,-0.00103815745387685,96
sign_test_er0.6__norm_original_radius,matched_er_4to1_chunk_7,38,GR,9.751207302014032,96
sign_test_er0.6__norm_original_radius,matched_er_4to1_chunk_7,38,IPC,10.50896559591353,96
sign_test_er0.6__norm_original_radius,matched_er_4to1_chunk_7,38,KR,5.032643154263496,96
sign_test_er0.6__norm_original_radius,matched_er_4to1_chunk_7,38,MC,5.635352910806735,96
sign_test_er0.6__norm_original_radius,matched_er_4to1_chunk_7,38,cosine_similarity,-0.010821309639140924,96
sign_test_er0.6__norm_original_radius,matched_er_4to1_chunk_7,38,kl_to_gaussian,0.0,96
sign_test_er0.6__norm_original_radius,matched_er_4to1_chunk_7,38,wt_mean,-0.00099444712395775,96
sign_test_er0.6__norm_original_radius,matched_er_4to1_chunk_7,39,GR,10.921528513232866,96
sign_test_er0.6__norm_original_radius,matched_er_4to1_chunk_7,39,IPC,10.689363812059584,96
sign_test_er0.6__norm_original_radius,matched_er_4to1_chunk_7,39,KR,5.454793073236942,96
sign_test_er0.6__norm_original_radius,matched_er_4to1_chunk_7,39,MC,5.883595791955789,96
sign_test_er0.6__norm_original_radius,matched_er_4to1_chunk_7,39,cosine_similarity,-0.00860155513510105,96
sign_test_er0.6__norm_original_radius,matched_er_4to1_chunk_7,39,kl_to_gaussian,0.0,96
sign_test_er0.6__norm_original_radius,matched_er_4to1_chunk_7,39,wt_mean,-0.00101497670402745,96
sign_test_er0.6__norm_original_radius,matched_er_4to1_chunk_8,40,GR,11.42370100816091,96
sign_test_er0.6__norm_original_radius,matched_er_4to1_chunk_8,40,IPC,10.967698656022828,96
sign_test_er0.6__norm_original_radius,matched_er_4to1_chunk_8,40,KR,5.71855849524339,96
sign_test_er0.6__norm_original_radius,matched_er_4to1_chunk_8,40,MC,5.775564048439264,96
sign_test_er0.6__norm_original_radius,matched_er_4to1_chunk_8,40,cosine_similarity,-0.009156491840258175,96
sign_test_er0.6__norm_original_radius,matched_er_4to1_chunk_8,40,kl_to_gaussian,0.0,96
sign_test_er0.6__norm_original_radius,matched_er_4to1_chunk_8,40,wt_mean,-0.001039597380440625,96
sign_test_er0.6__norm_original_radius,matched_er_4to1_chunk_8,41,GR,10.523197119434675,96
sign_test_er0.6__norm_original_radius,matched_er_4to1_chunk_8,41,IPC,11.150351109476153,96
sign_test_er0.6__norm_original_radius,matched_er_4to1_chunk_8,41,KR,5.20684877038002,96
sign_test_er0.6__norm_original_radius,matched_er_4to1_chunk_8,41,MC,5.7538839901487036,96
sign_test_er0.6__norm_original_radius,matched_er_4to1_chunk_8,41,cosine_similarity,-0.0074916763696819,96
sign_test_er0.6__norm_original_radius,matched_er_4to1_chunk_8,41,kl_to_gaussian,0.0,96
sign_test_er0.6__norm_original_radius,matched_er_4to1_chunk_8,41,wt_mean,-0.001011752785416275,96
sign_test_er0.6__norm_original_radius,matched_er_4to1_chunk_8,42,GR,10.613561203082403,96
sign_test_er0.6__norm_original_radius,matched_er_4to1_chunk_8,42,IPC,11.34382351137648,96
sign_test_er0.6__norm_original_radius,matched_er_4to1_chunk_8,42,KR,5.405738286674023,96
sign_test_er0.6__norm_original_radius,matched_er_4to1_chunk_8,42,MC,6.057925143589576,96
sign_test_er0.6__norm_original_radius,matched_er_4to1_chunk_8,42,cosine_similarity,-0.0055493891704827,96
sign_test_er0.6__norm_original_radius,matched_er_4to1_chunk_8,42,kl_to_gaussian,0.0,96
sign_test_er0.6__norm_original_radius,matched_er_4to1_chunk_8,42,wt_mean,-0.0010239282419206,96
sign_test_er0.6__norm_original_radius,matched_er_4to1_chunk_8,43,GR,9.674129843711853,96
sign_test_er0.6__norm_original_radius,matched_er_4to1_chunk_8,43,IPC,10.459834005235201,96
sign_test_er0.6__norm_original_radius,matched_er_4to1_chunk_8,43,KR,4.995009521643321,96
sign_test_er0.6__norm_original_radius,matched_er_4to1_chunk_8,43,MC,5.792916461825371,96
sign_test_er0.6__norm_original_radius,matched_er_4to1_chunk_8,43,cosine_similarity,-0.010821309406310277,96
sign_test_er0.6__norm_original_radius,matched_er_4to1_chunk_8,43,kl_to_gaussian,0.0,96
sign_test_er0.6__norm_original_radius,matched_er_4to1_chunk_8,43,wt_mean,-0.000998051007627425,96
sign_test_er0.6__norm_original_radius,matched_er_4to1_chunk_8,44,GR,10.488747457663218,96
sign_test_er0.6__norm_original_radius,matched_er_4to1_chunk_8,44,IPC,11.222531615524543,96
sign_test_er0.6__norm_original_radius,matched_er_4to1_chunk_8,44,KR,5.384980082511902,96
sign_test_er0.6__norm_original_radius,matched_er_4to1_chunk_8,44,MC,6.139707200229168,96
sign_test_er0.6__norm_original_radius,matched_er_4to1_chunk_8,44,cosine_similarity,-0.007491675671189975,96
sign_test_er0.6__norm_original_radius,matched_er_4to1_chunk_8,44,kl_to_gaussian,0.0,96
sign_test_er0.6__norm_original_radius,matched_er_4to1_chunk_8,44,wt_mean,-0.0010210595937678,96
sign_test_er0.6__norm_original_radius,matched_er_4to1_chunk_9,45,GR,10.581340360144774,96
sign_test_er0.6__norm_original_radius,matched_er_4to1_chunk_9,45,IPC,10.893496440312239,96
sign_test_er0.6__norm_original_radius,matched_er_4to1_chunk_9,45,KR,5.402557939291,96
sign_test_er0.6__norm_original_radius,matched_er_4to1_chunk_9,45,MC,6.000603382786115,96
sign_test_er0.6__norm_original_radius,matched_er_4to1_chunk_9,45,cosine_similarity,-0.006104328203946275,96
sign_test_er0.6__norm_original_radius,matched_er_4to1_chunk_9,45,kl_to_gaussian,0.0,96
sign_test_er0.6__norm_original_radius,matched_er_4to1_chunk_9,45,wt_mean,-0.001018668233882575,96
sign_test_er0.6__norm_original_radius,matched_er_4to1_chunk_9,46,GR,10.632086845735708,96
sign_test_er0.6__norm_original_radius,matched_er_4to1_chunk_9,46,IPC,11.354939737561473,96
sign_test_er0.6__norm_original_radius,matched_er_4to1_chunk_9,46,KR,5.388069858153661,96
sign_test_er0.6__norm_original_radius,matched_er_4to1_chunk_9,46,MC,6.2284112721681595,96
sign_test_er0.6__norm_original_radius,matched_er_4to1_chunk_9,46,cosine_similarity,-0.0124861246440559,96
sign_test_er0.6__norm_original_radius,matched_er_4to1_chunk_9,46,kl_to_gaussian,0.0,96
sign_test_er0.6__norm_original_radius,matched_er_4to1_chunk_9,46,wt_mean,-0.00104522611945865,96
sign_test_er0.6__norm_original_radius,matched_er_4to1_chunk_9,47,GR,10.961199514567852,96
sign_test_er0.6__norm_original_radius,matched_er_4to1_chunk_9,47,IPC,11.228887076539216,96
sign_test_er0.6__norm_original_radius,matched_er_4to1_chunk_9,47,KR,5.504705719649792,96
sign_test_er0.6__norm_original_radius,matched_er_4to1_chunk_9,47,MC,5.992407479633887,96
sign_test_er0.6__norm_original_radius,matched_er_4to1_chunk_9,47,cosine_similarity,-0.00027746934210875004,96
sign_test_er0.6__norm_original_radius,matched_er_4to1_chunk_9,47,kl_to_gaussian,0.0,96
sign_test_er0.6__norm_original_radius,matched_er_4to1_chunk_9,47,wt_mean,-0.001051914790878025,96
sign_test_er0.6__norm_original_radius,matched_er_4to1_chunk_9,48,GR,9.944668605923653,96
sign_test_er0.6__norm_original_radius,matched_er_4to1_chunk_9,48,IPC,10.997454101604838,96
sign_test_er0.6__norm_original_radius,matched_er_4to1_chunk_9,48,KR,5.09408301487565,96
sign_test_er0.6__norm_original_radius,matched_er_4to1_chunk_9,48,MC,5.761008623987436,96
sign_test_er0.6__norm_original_radius,matched_er_4to1_chunk_9,48,cosine_similarity,-0.011098776711150926,96
sign_test_er0.6__norm_original_radius,matched_er_4to1_chunk_9,48,kl_to_gaussian,0.0,96
sign_test_er0.6__norm_original_radius,matched_er_4to1_chunk_9,48,wt_mean,-0.001013127926853425,96
sign_test_er0.6__norm_original_radius,matched_er_4to1_chunk_9,49,GR,9.983612189690271,96
sign_test_er0.6__norm_original_radius,matched_er_4to1_chunk_9,49,IPC,11.141045286433389,96
sign_test_er0.6__norm_original_radius,matched_er_4to1_chunk_9,49,KR,5.154804306725661,96
sign_test_er0.6__norm_original_radius,matched_er_4to1_chunk_9,49,MC,6.0674287130435305,96
sign_test_er0.6__norm_original_radius,matched_er_4to1_chunk_9,49,cosine_similarity,-0.008324081776663625,96
sign_test_er0.6__norm_original_radius,matched_er_4to1_chunk_9,49,kl_to_gaussian,0.0,96
sign_test_er0.6__norm_original_radius,matched_er_4to1_chunk_9,49,wt_mean,-0.001019669041852425,96
sign_test_er0.6__norm_spectral_radius,matched_er_4to1_chunk_0,0,GR,49.88468668113152,96
sign_test_er0.6__norm_spectral_radius,matched_er_4to1_chunk_0,0,IPC,17.28166992181488,96
sign_test_er0.6__norm_spectral_radius,matched_er_4to1_chunk_0,0,KR,24.905937997003395,96
sign_test_er0.6__norm_spectral_radius,matched_er_4to1_chunk_0,0,MC,10.89638822277387,96
sign_test_er0.6__norm_spectral_radius,matched_er_4to1_chunk_0,0,cosine_similarity,-0.012763598002493326,96
sign_test_er0.6__norm_spectral_radius,matched_er_4to1_chunk_0,0,kl_to_gaussian,0.0,96
sign_test_er0.6__norm_spectral_radius,matched_er_4to1_chunk_0,0,wt_mean,-0.0018916955159511,96
sign_test_er0.6__norm_spectral_radius,matched_er_4to1_chunk_0,1,GR,55.84538755814234,96
sign_test_er0.6__norm_spectral_radius,matched_er_4to1_chunk_0,1,IPC,17.185754654081567,96
sign_test_er0.6__norm_spectral_radius,matched_er_4to1_chunk_0,1,KR,29.16561968624592,96
sign_test_er0.6__norm_spectral_radius,matched_er_4to1_chunk_0,1,MC,10.924638676146666,96
sign_test_er0.6__norm_spectral_radius,matched_er_4to1_chunk_0,1,cosine_similarity,-0.009433960774913375,96
sign_test_er0.6__norm_spectral_radius,matched_er_4to1_chunk_0,1,kl_to_gaussian,0.0,96
sign_test_er0.6__norm_spectral_radius,matched_er_4to1_chunk_0,1,wt_mean,-0.001953699480509325,96
sign_test_er0.6__norm_spectral_radius,matched_er_4to1_chunk_0,2,GR,48.25212733447552,96
sign_test_er0.6__norm_spectral_radius,matched_er_4to1_chunk_0,2,IPC,16.990363733339613,96
sign_test_er0.6__norm_spectral_radius,matched_er_4to1_chunk_0,2,KR,24.02518254518509,96
sign_test_er0.6__norm_spectral_radius,matched_er_4to1_chunk_0,2,MC,10.675722728172937,96
sign_test_er0.6__norm_spectral_radius,matched_er_4to1_chunk_0,2,cosine_similarity,-0.008601550245657525,96
sign_test_er0.6__norm_spectral_radius,matched_er_4to1_chunk_0,2,kl_to_gaussian,0.0,96
sign_test_er0.6__norm_spectral_radius,matched_er_4to1_chunk_0,2,wt_mean,-0.001851052918937025,96
sign_test_er0.6__norm_spectral_radius,matched_er_4to1_chunk_0,3,GR,45.87900674839815,96
sign_test_er0.6__norm_spectral_radius,matched_er_4to1_chunk_0,3,IPC,18.34760088906126,96
sign_test_er0.6__norm_spectral_radius,matched_er_4to1_chunk_0,3,KR,22.228612932066124,96
sign_test_er0.6__norm_spectral_radius,matched_er_4to1_chunk_0,3,MC,11.057431928813457,96
sign_test_er0.6__norm_spectral_radius,matched_er_4to1_chunk_0,3,cosine_similarity,-0.008324083406478151,96
sign_test_er0.6__norm_spectral_radius,matched_er_4to1_chunk_0,3,kl_to_gaussian,0.0,96
sign_test_er0.6__norm_spectral_radius,matched_er_4to1_chunk_0,3,wt_mean,-0.001840034790802675,96
sign_test_er0.6__norm_spectral_radius,matched_er_4to1_chunk_0,4,GR,49.45512307435274,96
sign_test_er0.6__norm_spectral_radius,matched_er_4to1_chunk_0,4,IPC,16.405479075840883,96
sign_test_er0.6__norm_spectral_radius,matched_er_4to1_chunk_0,4,KR,24.57406538973252,96
sign_test_er0.6__norm_spectral_radius,matched_er_4to1_chunk_0,4,MC,10.312158558517694,96
sign_test_er0.6__norm_spectral_radius,matched_er_4to1_chunk_0,4,cosine_similarity,-0.00388457393273705,96
sign_test_er0.6__norm_spectral_radius,matched_er_4to1_chunk_0,4,kl_to_gaussian,0.0,96
sign_test_er0.6__norm_spectral_radius,matched_er_4to1_chunk_0,4,wt_mean,-0.00186939749983135,96
sign_test_er0.6__norm_spectral_radius,matched_er_4to1_chunk_1,5,GR,46.93396746367216,96
sign_test_er0.6__norm_spectral_radius,matched_er_4to1_chunk_1,5,IPC,18.32023087940673,96
sign_test_er0.6__norm_spectral_radius,matched_er_4to1_chunk_1,5,KR,24.07204534113407,96
sign_test_er0.6__norm_spectral_radius,matched_er_4to1_chunk_1,5,MC,11.534471116960049,96
sign_test_er0.6__norm_spectral_radius,matched_er_4to1_chunk_1,5,cosine_similarity,-0.00887902313843365,96
sign_test_er0.6__norm_spectral_radius,matched_er_4to1_chunk_1,5,kl_to_gaussian,0.0,96
sign_test_er0.6__norm_spectral_radius,matched_er_4to1_chunk_1,5,wt_mean,-0.0018558593001216249,96
sign_test_er0.6__norm_spectral_radius,matched_er_4to1_chunk_1,6,GR,52.406301947931446,96
sign_test_er0.6__norm_spectral_radius,matched_er_4to1_chunk_1,6,IPC,18.15833069699999,96
sign_test_er0.6__norm_spectral_radius,matched_er_4to1_chunk_1,6,KR,27.725523203611374,96
sign_test_er0.6__norm_spectral_radius,matched_er_4to1_chunk_1,6,MC,11.335106365382671,96
sign_test_er0.6__norm_spectral_radius,matched_er_4to1_chunk_1,6,cosine_similarity,-0.0083240838721394,96
sign_test_er0.6__norm_spectral_radius,matched_er_4to1_chunk_1,6,kl_to_gaussian,0.0,96
sign_test_er0.6__norm_spectral_radius,matched_er_4to1_chunk_1,6,wt_mean,-0.0019823684415314,96
sign_test_er0.6__norm_spectral_radius,matched_er_4to1_chunk_1,7,GR,54.89759110907713,96
sign_test_er0.6__norm_spectral_radius,matched_er_4to1_chunk_1,7,IPC,17.85122546836281,96
sign_test_er0.6__norm_spectral_radius,matched_er_4to1_chunk_1,7,KR,27.524129713575046,96
sign_test_er0.6__norm_spectral_radius,matched_er_4to1_chunk_1,7,MC,10.752683949967226,96
sign_test_er0.6__norm_spectral_radius,matched_er_4to1_chunk_1,7,cosine_similarity,-0.01082130987197155,96
sign_test_er0.6__norm_spectral_radius,matched_er_4to1_chunk_1,7,kl_to_gaussian,0.0,96
sign_test_er0.6__norm_spectral_radius,matched_er_4to1_chunk_1,7,wt_mean,-0.0019234093779231748,96
sign_test_er0.6__norm_spectral_radius,matched_er_4to1_chunk_1,8,GR,58.45282122989496,96
sign_test_er0.6__norm_spectral_radius,matched_er_4to1_chunk_1,8,IPC,17.845759670666677,96
sign_test_er0.6__norm_spectral_radius,matched_er_4to1_chunk_1,8,KR,29.997920704384644,96
sign_test_er0.6__norm_spectral_radius,matched_er_4to1_chunk_1,8,MC,10.967274941504002,96
sign_test_er0.6__norm_spectral_radius,matched_er_4to1_chunk_1,8,cosine_similarity,-0.01415094407275315,96
sign_test_er0.6__norm_spectral_radius,matched_er_4to1_chunk_1,8,kl_to_gaussian,0.0,96
sign_test_er0.6__norm_spectral_radius,matched_er_4to1_chunk_1,8,wt_mean,-0.001995281461859075,96
sign_test_er0.6__norm_spectral_radius,matched_er_4to1_chunk_1,9,GR,53.297267347574234,96
sign_test_er0.6__norm_spectral_radius,matched_er_4to1_chunk_1,9,IPC,17.952593930197718,96
sign_test_er0.6__norm_spectral_radius,matched_er_4to1_chunk_1,9,KR,27.380902849137783,96
sign_test_er0.6__norm_spectral_radius,matched_er_4to1_chunk_1,9,MC,10.936894334852695,96
sign_test_er0.6__norm_spectral_radius,matched_er_4to1_chunk_1,9,cosine_similarity,-0.0099889014381915,96
sign_test_er0.6__norm_spectral_radius,matched_er_4to1_chunk_1,9,kl_to_gaussian,0.0,96
sign_test_er0.6__norm_spectral_radius,matched_er_4to1_chunk_1,9,wt_mean,-0.0019332152733113,96
sign_test_er0.6__norm_spectral_radius,matched_er_4to1_chunk_10,50,GR,46.920163045326866,96
sign_test_er0.6__norm_spectral_radius,matched_er_4to1_chunk_10,50,IPC,16.96629700639296,96
sign_test_er0.6__norm_spectral_radius,matched_er_4to1_chunk_10,50,KR,24.081999781231087,96
sign_test_er0.6__norm_spectral_radius,matched_er_4to1_chunk_10,50,MC,10.48440724114577,96
sign_test_er0.6__norm_spectral_radius,matched_er_4to1_chunk_10,50,cosine_similarity,-0.0116537155117839,96
sign_test_er0.6__norm_spectral_radius,matched_er_4to1_chunk_10,50,kl_to_gaussian,0.0,96
sign_test_er0.6__norm_spectral_radius,matched_er_4to1_chunk_10,50,wt_mean,-0.001901987416204,96
sign_test_er0.6__norm_spectral_radius,matched_er_4to1_chunk_10,51,GR,45.07789100706577,96
sign_test_er0.6__norm_spectral_radius,matched_er_4to1_chunk_10,51,IPC,17.0758070107917,96
sign_test_er0.6__norm_spectral_radius,matched_er_4to1_chunk_10,51,KR,22.953443584342796,96
sign_test_er0.6__norm_spectral_radius,matched_er_4to1_chunk_10,51,MC,10.467120056351026,96
sign_test_er0.6__norm_spectral_radius,matched_er_4to1_chunk_10,51,cosine_similarity,-0.0105438416358083,96
sign_test_er0.6__norm_spectral_radius,matched_er_4to1_chunk_10,51,kl_to_gaussian,0.0,96
sign_test_er0.6__norm_spectral_radius,matched_er_4to1_chunk_10,51,wt_mean,-0.0018173361022490498,96
sign_test_er0.6__norm_spectral_radius,matched_er_4to1_chunk_10,52,GR,49.15396519998709,96
sign_test_er0.6__norm_spectral_radius,matched_er_4to1_chunk_10,52,IPC,17.342376750219092,96
sign_test_er0.6__norm_spectral_radius,matched_er_4to1_chunk_10,52,KR,25.08170231928428,96
sign_test_er0.6__norm_spectral_radius,matched_er_4to1_chunk_10,52,MC,10.998363450169563,96
sign_test_er0.6__norm_spectral_radius,matched_er_4to1_chunk_10,52,cosine_similarity,-0.00998890120536085,96
sign_test_er0.6__norm_spectral_radius,matched_er_4to1_chunk_10,52,kl_to_gaussian,0.0,96
sign_test_er0.6__norm_spectral_radius,matched_er_4to1_chunk_10,52,wt_mean,-0.0018964906048495,96
sign_test_er0.6__norm_spectral_radius,matched_er_4to1_chunk_10,53,GR,54.56554972628752,96
sign_test_er0.6__norm_spectral_radius,matched_er_4to1_chunk_10,53,IPC,17.770332457677558,96
sign_test_er0.6__norm_spectral_radius,matched_er_4to1_chunk_10,53,KR,28.15548911690712,96
sign_test_er0.6__norm_spectral_radius,matched_er_4to1_chunk_10,53,MC,11.104748348395029,96
sign_test_er0.6__norm_spectral_radius,matched_er_4to1_chunk_10,53,cosine_similarity,-0.0008324084919876751,96
sign_test_er0.6__norm_spectral_radius,matched_er_4to1_chunk_10,53,kl_to_gaussian,0.0,96
sign_test_er0.6__norm_spectral_radius,matched_er_4to1_chunk_10,53,wt_mean,-0.00196508271619675,96
sign_test_er0.6__norm_spectral_radius,matched_er_4to1_chunk_10,54,GR,55.73036927729845,96
sign_test_er0.6__norm_spectral_radius,matched_er_4to1_chunk_10,54,IPC,17.487548068945955,96
sign_test_er0.6__norm_spectral_radius,matched_er_4to1_chunk_10,54,KR,29.075820696850617,96
sign_test_er0.6__norm_spectral_radius,matched_er_4to1_chunk_10,54,MC,11.509084716439247,96
sign_test_er0.6__norm_spectral_radius,matched_er_4to1_chunk_10,54,cosine_similarity,-0.01026637083850795,96
sign_test_er0.6__norm_spectral_radius,matched_er_4to1_chunk_10,54,kl_to_gaussian,0.0,96
sign_test_er0.6__norm_spectral_radius,matched_er_4to1_chunk_10,54,wt_mean,-0.00195132821681905,96
sign_test_er0.6__norm_spectral_radius,matched_er_4to1_chunk_11,55,GR,55.417872766653694,96
sign_test_er0.6__norm_spectral_radius,matched_er_4to1_chunk_11,55,IPC,18.060928186262007,96
sign_test_er0.6__norm_spectral_radius,matched_er_4to1_chunk_11,55,KR,28.350034934779007,96
sign_test_er0.6__norm_spectral_radius,matched_er_4to1_chunk_11,55,MC,11.136940268178781,96
sign_test_er0.6__norm_spectral_radius,matched_er_4to1_chunk_11,55,cosine_similarity,-0.008879021974280425,96
sign_test_er0.6__norm_spectral_radius,matched_er_4to1_chunk_11,55,kl_to_gaussian,0.0,96
sign_test_er0.6__norm_spectral_radius,matched_er_4to1_chunk_11,55,wt_mean,-0.001959322806214875,96
sign_test_er0.6__norm_spectral_radius,matched_er_4to1_chunk_11,56,GR,51.73840972036123,96
sign_test_er0.6__norm_spectral_radius,matched_er_4to1_chunk_11,56,IPC,17.455371986841246,96
sign_test_er0.6__norm_spectral_radius,matched_er_4to1_chunk_11,56,KR,26.725774737695854,96
sign_test_er0.6__norm_spectral_radius,matched_er_4to1_chunk_11,56,MC,10.784398625294367,96
sign_test_er0.6__norm_spectral_radius,matched_er_4to1_chunk_11,56,cosine_similarity,-0.00943396170623595,96
sign_test_er0.6__norm_spectral_radius,matched_er_4to1_chunk_11,56,kl_to_gaussian,0.0,96
sign_test_er0.6__norm_spectral_radius,matched_er_4to1_chunk_11,56,wt_mean,-0.001898480230011,96
sign_test_er0.6__norm_spectral_radius,matched_er_4to1_chunk_11,57,GR,61.11451712002357,96
sign_test_er0.6__norm_spectral_radius,matched_er_4to1_chunk_11,57,IPC,18.14502584414208,96
sign_test_er0.6__norm_spectral_radius,matched_er_4to1_chunk_11,57,KR,31.372478385766346,96
sign_test_er0.6__norm_spectral_radius,matched_er_4to1_chunk_11,57,MC,11.215915886064371,96
sign_test_er0.6__norm_spectral_radius,matched_er_4to1_chunk_11,57,cosine_similarity,-0.0091564930044114,96
sign_test_er0.6__norm_spectral_radius,matched_er_4to1_chunk_11,57,kl_to_gaussian,0.0,96
sign_test_er0.6__norm_spectral_radius,matched_er_4to1_chunk_11,57,wt_mean,-0.00202201367937955,96
sign_test_er0.6__norm_spectral_radius,matched_er_4to1_chunk_11,58,GR,50.74781256665786,96
sign_test_er0.6__norm_spectral_radius,matched_er_4to1_chunk_11,58,IPC,16.857098164905242,96
sign_test_er0.6__norm_spectral_radius,matched_er_4to1_chunk_11,58,KR,25.144983847935993,96
sign_test_er0.6__norm_spectral_radius,matched_er_4to1_chunk_11,58,MC,10.348579078912735,96
sign_test_er0.6__norm_spectral_radius,matched_er_4to1_chunk_11,58,cosine_similarity,-0.012208660831674876,96
sign_test_er0.6__norm_spectral_radius,matched_er_4to1_chunk_11,58,kl_to_gaussian,0.0,96
sign_test_er0.6__norm_spectral_radius,matched_er_4to1_chunk_11,58,wt_mean,-0.001891112508019375,96
sign_test_er0.6__norm_spectral_radius,matched_er_4to1_chunk_11,59,GR,53.51787382860979,96
sign_test_er0.6__norm_spectral_radius,matched_er_4to1_chunk_11,59,IPC,17.423153984539606,96
sign_test_er0.6__norm_spectral_radius,matched_er_4to1_chunk_11,59,KR,27.902022148172062,96
sign_test_er0.6__norm_spectral_radius,matched_er_4to1_chunk_11,59,MC,10.831201086441675,96
sign_test_er0.6__norm_spectral_radius,matched_er_4to1_chunk_11,59,cosine_similarity,-0.013596002478152477,96
sign_test_er0.6__norm_spectral_radius,matched_er_4to1_chunk_11,59,kl_to_gaussian,0.0,96
sign_test_er0.6__norm_spectral_radius,matched_er_4to1_chunk_11,59,wt_mean,-0.001939329638844325,96
sign_test_er0.6__norm_spectral_radius,matched_er_4to1_chunk_12,60,GR,53.423649614055954,96
sign_test_er0.6__norm_spectral_radius,matched_er_4to1_chunk_12,60,IPC,17.143254139067242,96
sign_test_er0.6__norm_spectral_radius,matched_er_4to1_chunk_12,60,KR,27.699923743804295,96
sign_test_er0.6__norm_spectral_radius,matched_er_4to1_chunk_12,60,MC,10.681464490791162,96
sign_test_er0.6__norm_spectral_radius,matched_er_4to1_chunk_12,60,cosine_similarity,-0.00693673698697235,96
sign_test_er0.6__norm_spectral_radius,matched_er_4to1_chunk_12,60,kl_to_gaussian,0.0,96
sign_test_er0.6__norm_spectral_radius,matched_er_4to1_chunk_12,60,wt_mean,-0.0019131587760056752,96
sign_test_er0.6__norm_spectral_radius,matched_er_4to1_chunk_12,61,GR,51.83002298822006,96
sign_test_er0.6__norm_spectral_radius,matched_er_4to1_chunk_12,61,IPC,17.408076981530424,96
sign_test_er0.6__norm_spectral_radius,matched_er_4to1_chunk_12,61,KR,25.93625604858001,96
sign_test_er0.6__norm_spectral_radius,matched_er_4to1_chunk_12,61,MC,10.412068384389082,96
sign_test_er0.6__norm_spectral_radius,matched_er_4to1_chunk_12,61,cosine_similarity,-0.007769144722260475,96
sign_test_er0.6__norm_spectral_radius,matched_er_4to1_chunk_12,61,kl_to_gaussian,0.0,96
sign_test_er0.6__norm_spectral_radius,matched_er_4to1_chunk_12,61,wt_mean,-0.00191602969425725,96
sign_test_er0.6__norm_spectral_radius,matched_er_4to1_chunk_12,62,GR,52.28854486594597,96
sign_test_er0.6__norm_spectral_radius,matched_er_4to1_chunk_12,62,IPC,18.030552061489008,96
sign_test_er0.6__norm_spectral_radius,matched_er_4to1_chunk_12,62,KR,26.888084429005783,96
sign_test_er0.6__norm_spectral_radius,matched_er_4to1_chunk_12,62,MC,11.129342471559843,96
sign_test_er0.6__norm_spectral_radius,matched_er_4to1_chunk_12,62,cosine_similarity,-0.011098778573796075,96
sign_test_er0.6__norm_spectral_radius,matched_er_4to1_chunk_12,62,kl_to_gaussian,0.0,96
sign_test_er0.6__norm_spectral_radius,matched_er_4to1_chunk_12,62,wt_mean,-0.00193703686818475,96
sign_test_er0.6__norm_spectral_radius,matched_er_4to1_chunk_12,63,GR,53.139689149955906,96
sign_test_er0.6__norm_spectral_radius,matched_er_4to1_chunk_12,63,IPC,17.986404195947433,96
sign_test_er0.6__norm_spectral_radius,matched_er_4to1_chunk_12,63,KR,27.355704468985397,96
sign_test_er0.6__norm_spectral_radius,matched_er_4to1_chunk_12,63,MC,11.029585175216198,96
sign_test_er0.6__norm_spectral_radius,matched_er_4to1_chunk_12,63,cosine_similarity,-0.0110987764783203,96
sign_test_er0.6__norm_spectral_radius,matched_er_4to1_chunk_12,63,kl_to_gaussian,0.0,96
sign_test_er0.6__norm_spectral_radius,matched_er_4to1_chunk_12,63,wt_mean,-0.0019343854510225,96
sign_test_er0.6__norm_spectral_radius,matched_er_4to1_chunk_12,64,GR,53.58300693333149,96
sign_test_er0.6__norm_spectral_radius,matched_er_4to1_chunk_12,64,IPC,17.29102275429234,96
sign_test_er0.6__norm_spectral_radius,matched_er_4to1_chunk_12,64,KR,27.853646193941433,96
sign_test_er0.6__norm_spectral_radius,matched_er_4to1_chunk_12,64,MC,11.159387057026228,96
sign_test_er0.6__norm_spectral_radius,matched_er_4to1_chunk_12,64,cosine_similarity,-0.0049944506026804005,96
sign_test_er0.6__norm_spectral_radius,matched_er_4to1_chunk_12,64,kl_to_gaussian,0.0,96
sign_test_er0.6__norm_spectral_radius,matched_er_4to1_chunk_12,64,wt_mean,-0.00193902416503985,96
sign_test_er0.6__norm_spectral_radius,matched_er_4to1_chunk_13,65,GR,52.39761201788982,96
sign_test_er0.6__norm_spectral_radius,matched_er_4to1_chunk_13,65,IPC,17.191958444122744,96
sign_test_er0.6__norm_spectral_radius,matched_er_4to1_chunk_13,65,KR,26.957205186287563,96
sign_test_er0.6__norm_spectral_radius,matched_er_4to1_chunk_13,65,MC,10.61388586461544,96
sign_test_er0.6__norm_spectral_radius,matched_er_4to1_chunk_13,65,cosine_similarity,-0.0122086571063846,96
sign_test_er0.6__norm_spectral_radius,matched_er_4to1_chunk_13,65,kl_to_gaussian,0.0,96
sign_test_er0.6__norm_spectral_radius,matched_er_4to1_chunk_13,65,wt_mean,-0.00193351131747475,96
sign_test_er0.6__norm_spectral_radius,matched_er_4to1_chunk_13,66,GR,50.654885224998,96
sign_test_er0.6__norm_spectral_radius,matched_er_4to1_chunk_13,66,IPC,17.202935447615086,96
sign_test_er0.6__norm_spectral_radius,matched_er_4to1_chunk_13,66,KR,25.901725932955742,96
sign_test_er0.6__norm_spectral_radius,matched_er_4to1_chunk_13,66,MC,10.698729907472929,96
sign_test_er0.6__norm_spectral_radius,matched_er_4to1_chunk_13,66,cosine_similarity,-0.0061043291352689,96
sign_test_er0.6__norm_spectral_radius,matched_er_4to1_chunk_13,66,kl_to_gaussian,0.0,96
sign_test_er0.6__norm_spectral_radius,matched_er_4to1_chunk_13,66,wt_mean,-0.0019191162136848502,96
sign_test_er0.6__norm_spectral_radius,matched_er_4to1_chunk_13,67,GR,50.533575877547264,96
sign_test_er0.6__norm_spectral_radius,matched_er_4to1_chunk_13,67,IPC,17.26560681076227,96
sign_test_er0.6__norm_spectral_radius,matched_er_4to1_chunk_13,67,KR,25.81775264441967,96
sign_test_er0.6__norm_spectral_radius,matched_er_4to1_chunk_13,67,MC,10.747963498036066,96
sign_test_er0.6__norm_spectral_radius,matched_er_4to1_chunk_13,67,cosine_similarity,-0.00721420708578075,96
sign_test_er0.6__norm_spectral_radius,matched_er_4to1_chunk_13,67,kl_to_gaussian,0.0,96
sign_test_er0.6__norm_spectral_radius,matched_er_4to1_chunk_13,67,wt_mean,-0.001913294749101575,96
sign_test_er0.6__norm_spectral_radius,matched_er_4to1_chunk_13,68,GR,54.782427445054054,96
sign_test_er0.6__norm_spectral_radius,matched_er_4to1_chunk_13,68,IPC,17.41246846554103,96
sign_test_er0.6__norm_spectral_radius,matched_er_4to1_chunk_13,68,KR,28.743005809684593,96
sign_test_er0.6__norm_spectral_radius,matched_er_4to1_chunk_13,68,MC,10.948215695718924,96
sign_test_er0.6__norm_spectral_radius,matched_er_4to1_chunk_13,68,cosine_similarity,-0.009433962171897224,96
sign_test_er0.6__norm_spectral_radius,matched_er_4to1_chunk_13,68,kl_to_gaussian,0.0,96
sign_test_er0.6__norm_spectral_radius,matched_er_4to1_chunk_13,68,wt_mean,-0.0019614717457443,96
sign_test_er0.6__norm_spectral_radius,matched_er_4to1_chunk_13,69,GR,52.21651298801104,96
sign_test_er0.6__norm_spectral_radius,matched_er_4to1_chunk_13,69,IPC,17.690144716129662,96
sign_test_er0.6__norm_spectral_radius,matched_er_4to1_chunk_13,69,KR,26.438738383352757,96
sign_test_er0.6__norm_spectral_radius,matched_er_4to1_chunk_13,69,MC,11.003757648169994,96
sign_test_er0.6__norm_spectral_radius,matched_er_4to1_chunk_13,69,cosine_similarity,-0.007214204175397701,96
sign_test_er0.6__norm_spectral_radius,matched_er_4to1_chunk_13,69,kl_to_gaussian,0.0,96
sign_test_er0.6__norm_spectral_radius,matched_er_4to1_chunk_13,69,wt_mean,-0.001909060665639075,96
sign_test_er0.6__norm_spectral_radius,matched_er_4to1_chunk_14,70,GR,56.603928258021675,96
sign_test_er0.6__norm_spectral_radius,matched_er_4to1_chunk_14,70,IPC,16.792405569206988,96
sign_test_er0.6__norm_spectral_radius,matched_er_4to1_chunk_14,70,KR,28.576688167949516,96
sign_test_er0.6__norm_spectral_radius,matched_er_4to1_chunk_14,70,MC,10.518791933854422,96
sign_test_er0.6__norm_spectral_radius,matched_er_4to1_chunk_14,70,cosine_similarity,-0.0088790233712643,96
sign_test_er0.6__norm_spectral_radius,matched_er_4to1_chunk_14,70,kl_to_gaussian,0.0,96
sign_test_er0.6__norm_spectral_radius,matched_er_4to1_chunk_14,70,wt_mean,-0.0019346527114975753,96
sign_test_er0.6__norm_spectral_radius,matched_er_4to1_chunk_14,71,GR,47.34652786205212,96
sign_test_er0.6__norm_spectral_radius,matched_er_4to1_chunk_14,71,IPC,18.13663564875379,96
sign_test_er0.6__norm_spectral_radius,matched_er_4to1_chunk_14,71,KR,24.425738061467808,96
sign_test_er0.6__norm_spectral_radius,matched_er_4to1_chunk_14,71,MC,10.98605939000845,96
sign_test_er0.6__norm_spectral_radius,matched_er_4to1_chunk_14,71,cosine_similarity,-0.012208655942231375,96
sign_test_er0.6__norm_spectral_radius,matched_er_4to1_chunk_14,71,kl_to_gaussian,0.0,96
sign_test_er0.6__norm_spectral_radius,matched_er_4to1_chunk_14,71,wt_mean,-0.001907701866002725,96
sign_test_er0.6__norm_spectral_radius,matched_er_4to1_chunk_14,72,GR,52.90306808551153,96
sign_test_er0.6__norm_spectral_radius,matched_er_4to1_chunk_14,72,IPC,17.644228192101334,96
sign_test_er0.6__norm_spectral_radius,matched_er_4to1_chunk_14,72,KR,27.852886366347473,96
sign_test_er0.6__norm_spectral_radius,matched_er_4to1_chunk_14,72,MC,11.367244007686773,96
sign_test_er0.6__norm_spectral_radius,matched_er_4to1_chunk_14,72,cosine_similarity,-0.008601551642641375,96
sign_test_er0.6__norm_spectral_radius,matched_er_4to1_chunk_14,72,kl_to_gaussian,0.0,96
sign_test_er0.6__norm_spectral_radius,matched_er_4to1_chunk_14,72,wt_mean,-0.00192129772040055,96
sign_test_er0.6__norm_spectral_radius,matched_er_4to1_chunk_14,73,GR,51.679844523469605,96
sign_test_er0.6__norm_spectral_radius,matched_er_4to1_chunk_14,73,IPC,17.47863621489569,96
sign_test_er0.6__norm_spectral_radius,matched_er_4to1_chunk_14,73,KR,26.881924510002136,96
sign_test_er0.6__norm_spectral_radius,matched_er_4to1_chunk_14,73,MC,11.278430501619974,96
sign_test_er0.6__norm_spectral_radius,matched_er_4to1_chunk_14,73,cosine_similarity,-0.006104327854700349,96
sign_test_er0.6__norm_spectral_radius,matched_er_4to1_chunk_14,73,kl_to_gaussian,0.0,96
sign_test_er0.6__norm_spectral_radius,matched_er_4to1_chunk_14,73,wt_mean,-0.0019215965585317252,96
sign_test_er0.6__norm_spectral_radius,matched_er_4to1_chunk_14,74,GR,49.70175459484259,96
sign_test_er0.6__norm_spectral_radius,matched_er_4to1_chunk_14,74,IPC,17.249445956030886,96
sign_test_er0.6__norm_spectral_radius,matched_er_4to1_chunk_14,74,KR,24.889661592741806,96
sign_test_er0.6__norm_spectral_radius,matched_er_4to1_chunk_14,74,MC,10.275632257262865,96
sign_test_er0.6__norm_spectral_radius,matched_er_4to1_chunk_14,74,cosine_similarity,-0.0069367361720651,96
sign_test_er0.6__norm_spectral_radius,matched_er_4to1_chunk_14,74,kl_to_gaussian,0.0,96
sign_test_er0.6__norm_spectral_radius,matched_er_4to1_chunk_14,74,wt_mean,-0.0018796679214573748,96
sign_test_er0.6__norm_spectral_radius,matched_er_4to1_chunk_15,75,GR,51.49869900445143,96
sign_test_er0.6__norm_spectral_radius,matched_er_4to1_chunk_15,75,IPC,17.69014340840159,96
sign_test_er0.6__norm_spectral_radius,matched_er_4to1_chunk_15,75,KR,26.545637279748917,96
sign_test_er0.6__norm_spectral_radius,matched_er_4to1_chunk_15,75,MC,11.143220116694769,96
sign_test_er0.6__norm_spectral_radius,matched_er_4to1_chunk_15,75,cosine_similarity,-0.006659266306087325,96
sign_test_er0.6__norm_spectral_radius,matched_er_4to1_chunk_15,75,kl_to_gaussian,0.0,96
sign_test_er0.6__norm_spectral_radius,matched_er_4to1_chunk_15,75,wt_mean,-0.0019209020538255251,96
sign_test_er0.6__norm_spectral_radius,matched_er_4to1_chunk_15,76,GR,55.56757378578186,96
sign_test_er0.6__norm_spectral_radius,matched_er_4to1_chunk_15,76,IPC,17.831916267683066,96
sign_test_er0.6__norm_spectral_radius,matched_er_4to1_chunk_15,76,KR,29.373382901151974,96
sign_test_er0.6__norm_spectral_radius,matched_er_4to1_chunk_15,76,MC,11.319032994409403,96
sign_test_er0.6__norm_spectral_radius,matched_er_4to1_chunk_15,76,cosine_similarity,-0.00471698027104135,96
sign_test_er0.6__norm_spectral_radius,matched_er_4to1_chunk_15,76,kl_to_gaussian,0.0,96
sign_test_er0.6__norm_spectral_radius,matched_er_4to1_chunk_15,76,wt_mean,-0.00198297292808995,96
sign_test_er0.6__norm_spectral_radius,matched_er_4to1_chunk_15,77,GR,54.99657486875852,96
sign_test_er0.6__norm_spectral_radius,matched_er_4to1_chunk_15,77,IPC,17.420005688300538,96
sign_test_er0.6__norm_spectral_radius,matched_er_4to1_chunk_15,77,KR,29.051271706819534,96
sign_test_er0.6__norm_spectral_radius,matched_er_4to1_chunk_15,77,MC,10.941920223335424,96
sign_test_er0.6__norm_spectral_radius,matched_er_4to1_chunk_15,77,cosine_similarity,-0.003607103659305675,96
sign_test_er0.6__norm_spectral_radius,matched_er_4to1_chunk_15,77,kl_to_gaussian,0.0,96
sign_test_er0.6__norm_spectral_radius,matched_er_4to1_chunk_15,77,wt_mean,-0.0019522978982421748,96
sign_test_er0.6__norm_spectral_radius,matched_er_4to1_chunk_15,78,GR,53.03616640716791,96
sign_test_er0.6__norm_spectral_radius,matched_er_4to1_chunk_15,78,IPC,17.960086196287765,96
sign_test_er0.6__norm_spectral_radius,matched_er_4to1_chunk_15,78,KR,26.610418503483135,96
sign_test_er0.6__norm_spectral_radius,matched_er_4to1_chunk_15,78,MC,11.246765996019045,96
sign_test_er0.6__norm_spectral_radius,matched_er_4to1_chunk_15,78,cosine_similarity,-0.00971143227070565,96
sign_test_er0.6__norm_spectral_radius,matched_er_4to1_chunk_15,78,kl_to_gaussian,0.0,96
sign_test_er0.6__norm_spectral_radius,matched_er_4to1_chunk_15,78,wt_mean,-0.001889503822894725,96
sign_test_er0.6__norm_spectral_radius,matched_er_4to1_chunk_15,79,GR,46.9943351422747,96
sign_test_er0.6__norm_spectral_radius,matched_er_4to1_chunk_15,79,IPC,17.64961752765169,96
sign_test_er0.6__norm_spectral_radius,matched_er_4to1_chunk_15,79,KR,23.728394962847233,96
sign_test_er0.6__norm_spectral_radius,matched_er_4to1_chunk_15,79,MC,10.870236297448477,96
sign_test_er0.6__norm_spectral_radius,matched_er_4to1_chunk_15,79,cosine_similarity,-0.009156492073088824,96
sign_test_er0.6__norm_spectral_radius,matched_er_4to1_chunk_15,79,kl_to_gaussian,0.0,96
sign_test_er0.6__norm_spectral_radius,matched_er_4to1_chunk_15,79,wt_mean,-0.0018916593980975,96
sign_test_er0.6__norm_spectral_radius,matched_er_4to1_chunk_16,80,GR,57.085662484169006,96
sign_test_er0.6__norm_spectral_radius,matched_er_4to1_chunk_16,80,IPC,16.940958799077077,96
sign_test_er0.6__norm_spectral_radius,matched_er_4to1_chunk_16,80,KR,30.235551829139393,96
sign_test_er0.6__norm_spectral_radius,matched_er_4to1_chunk_16,80,MC,11.360110295315584,96
sign_test_er0.6__norm_spectral_radius,matched_er_4to1_chunk_16,80,cosine_similarity,-0.009711432037874999,96
sign_test_er0.6__norm_spectral_radius,matched_er_4to1_chunk_16,80,kl_to_gaussian,0.0,96
sign_test_er0.6__norm_spectral_radius,matched_er_4to1_chunk_16,80,wt_mean,-0.001973844890017,96
sign_test_er0.6__norm_spectral_radius,matched_er_4to1_chunk_16,81,GR,51.53704201926788,96
sign_test_er0.6__norm_spectral_radius,matched_er_4to1_chunk_16,81,IPC,16.86674442684817,96
sign_test_er0.6__norm_spectral_radius,matched_er_4to1_chunk_16,81,KR,26.583800079921883,96
sign_test_er0.6__norm_spectral_radius,matched_er_4to1_chunk_16,81,MC,10.735460087656975,96
sign_test_er0.6__norm_spectral_radius,matched_er_4to1_chunk_16,81,cosine_similarity,-0.014983349014073576,96
sign_test_er0.6__norm_spectral_radius,matched_er_4to1_chunk_16,81,kl_to_gaussian,0.0,96
sign_test_er0.6__norm_spectral_radius,matched_er_4to1_chunk_16,81,wt_mean,-0.001921978458994925,96
sign_test_er0.6__norm_spectral_radius,matched_er_4to1_chunk_16,82,GR,42.94763886680206,96
sign_test_er0.6__norm_spectral_radius,matched_er_4to1_chunk_16,82,IPC,16.1853827710588,96
sign_test_er0.6__norm_spectral_radius,matched_er_4to1_chunk_16,82,KR,20.633391660948593,96
sign_test_er0.6__norm_spectral_radius,matched_er_4to1_chunk_16,82,MC,9.552434217184782,96
sign_test_er0.6__norm_spectral_radius,matched_er_4to1_chunk_16,82,cosine_similarity,-0.0074916762532666005,96
sign_test_er0.6__norm_spectral_radius,matched_er_4to1_chunk_16,82,kl_to_gaussian,0.0,96
sign_test_er0.6__norm_spectral_radius,matched_er_4to1_chunk_16,82,wt_mean,-0.001803538005333325,96
sign_test_er0.6__norm_spectral_radius,matched_er_4to1_chunk_16,83,GR,56.066043791671596,96
sign_test_er0.6__norm_spectral_radius,matched_er_4to1_chunk_16,83,IPC,15.806987264514637,96
sign_test_er0.6__norm_spectral_radius,matched_er_4to1_chunk_16,83,KR,28.01405415435632,96
sign_test_er0.6__norm_spectral_radius,matched_er_4to1_chunk_16,83,MC,10.041951674968004,96
sign_test_er0.6__norm_spectral_radius,matched_er_4to1_chunk_16,83,cosine_similarity,-0.004162041470408425,96
sign_test_er0.6__norm_spectral_radius,matched_er_4to1_chunk_16,83,kl_to_gaussian,0.0,96
sign_test_er0.6__norm_spectral_radius,matched_er_4to1_chunk_16,83,wt_mean,-0.001952555059688125,96
sign_test_er0.6__norm_spectral_radius,matched_er_4to1_chunk_16,84,GR,53.49628475805124,96
sign_test_er0.6__norm_spectral_radius,matched_er_4to1_chunk_16,84,IPC,17.362497642850432,96
sign_test_er0.6__norm_spectral_radius,matched_er_4to1_chunk_16,84,KR,27.8366261596481,96
sign_test_er0.6__norm_spectral_radius,matched_er_4to1_chunk_16,84,MC,10.797857277095318,96
sign_test_er0.6__norm_spectral_radius,matched_er_4to1_chunk_16,84,cosine_similarity,-0.003329633385874275,96
sign_test_er0.6__norm_spectral_radius,matched_er_4to1_chunk_16,84,kl_to_gaussian,0.0,96
sign_test_er0.6__norm_spectral_radius,matched_er_4to1_chunk_16,84,wt_mean,-0.0019282249268143998,96
sign_test_er0.6__norm_spectral_radius,matched_er_4to1_chunk_17,85,GR,51.62775296717882,96
sign_test_er0.6__norm_spectral_radius,matched_er_4to1_chunk_17,85,IPC,15.959832487448372,96
sign_test_er0.6__norm_spectral_radius,matched_er_4to1_chunk_17,85,KR,25.879802376031876,96
sign_test_er0.6__norm_spectral_radius,matched_er_4to1_chunk_17,85,MC,10.262603697677454,96
sign_test_er0.6__norm_spectral_radius,matched_er_4to1_chunk_17,85,cosine_similarity,-0.004716981900855825,96
sign_test_er0.6__norm_spectral_radius,matched_er_4to1_chunk_17,85,kl_to_gaussian,0.0,96
sign_test_er0.6__norm_spectral_radius,matched_er_4to1_chunk_17,85,wt_mean,-0.0018907519406638751,96
sign_test_er0.6__norm_spectral_radius,matched_er_4to1_chunk_17,86,GR,53.38146851956844,96
sign_test_er0.6__norm_spectral_radius,matched_er_4to1_chunk_17,86,IPC,16.571334163983085,96
sign_test_er0.6__norm_spectral_radius,matched_er_4to1_chunk_17,86,KR,27.29635016868512,96
sign_test_er0.6__norm_spectral_radius,matched_er_4to1_chunk_17,86,MC,10.883942248920599,96
sign_test_er0.6__norm_spectral_radius,matched_er_4to1_chunk_17,86,cosine_similarity,-0.0077691448386758,96
sign_test_er0.6__norm_spectral_radius,matched_er_4to1_chunk_17,86,kl_to_gaussian,0.0,96
sign_test_er0.6__norm_spectral_radius,matched_er_4to1_chunk_17,86,wt_mean,-0.0019408610532990998,96
sign_test_er0.6__norm_spectral_radius,matched_er_4to1_chunk_17,87,GR,53.83269943048557,96
sign_test_er0.6__norm_spectral_radius,matched_er_4to1_chunk_17,87,IPC,16.377243043728175,96
sign_test_er0.6__norm_spectral_radius,matched_er_4to1_chunk_17,87,KR,27.643811305363972,96
sign_test_er0.6__norm_spectral_radius,matched_er_4to1_chunk_17,87,MC,10.355248327056566,96
sign_test_er0.6__norm_spectral_radius,matched_er_4to1_chunk_17,87,cosine_similarity,-0.006104327738285,96
sign_test_er0.6__norm_spectral_radius,matched_er_4to1_chunk_17,87,kl_to_gaussian,0.0,96
sign_test_er0.6__norm_spectral_radius,matched_er_4to1_chunk_17,87,wt_mean,-0.001950983598362625,96
sign_test_er0.6__norm_spectral_radius,matched_er_4to1_chunk_17,88,GR,50.04428445299467,96
sign_test_er0.6__norm_spectral_radius,matched_er_4to1_chunk_17,88,IPC,16.418431972880175,96
sign_test_er0.6__norm_spectral_radius,matched_er_4to1_chunk_17,88,KR,24.77474403878053,96
sign_test_er0.6__norm_spectral_radius,matched_er_4to1_chunk_17,88,MC,10.069125786423683,96
sign_test_er0.6__norm_spectral_radius,matched_er_4to1_chunk_17,88,cosine_similarity,-0.0091564925387501,96
sign_test_er0.6__norm_spectral_radius,matched_er_4to1_chunk_17,88,kl_to_gaussian,0.0,96
sign_test_er0.6__norm_spectral_radius,matched_er_4to1_chunk_17,88,wt_mean,-0.0019027742382604002,96
sign_test_er0.6__norm_spectral_radius,matched_er_4to1_chunk_17,89,GR,49.13321564594904,96
sign_test_er0.6__norm_spectral_radius,matched_er_4to1_chunk_17,89,IPC,16.462145511104357,96
sign_test_er0.6__norm_spectral_radius,matched_er_4to1_chunk_17,89,KR,24.716242497165997,96
sign_test_er0.6__norm_spectral_radius,matched_er_4to1_chunk_17,89,MC,10.60547192270557,96
sign_test_er0.6__norm_spectral_radius,matched_er_4to1_chunk_17,89,cosine_similarity,-0.01109877740964285,96
sign_test_er0.6__norm_spectral_radius,matched_er_4to1_chunk_17,89,kl_to_gaussian,0.0,96
sign_test_er0.6__norm_spectral_radius,matched_er_4to1_chunk_17,89,wt_mean,-0.0018786894215735749,96
sign_test_er0.6__norm_spectral_radius,matched_er_4to1_chunk_18,90,GR,54.51697543511788,96
sign_test_er0.6__norm_spectral_radius,matched_er_4to1_chunk_18,90,IPC,16.98413112064469,96
sign_test_er0.6__norm_spectral_radius,matched_er_4to1_chunk_18,90,KR,28.008106482525665,96
sign_test_er0.6__norm_spectral_radius,matched_er_4to1_chunk_18,90,MC,10.699596146742502,96
sign_test_er0.6__norm_spectral_radius,matched_er_4to1_chunk_18,90,cosine_similarity,-0.011376246344298076,96
sign_test_er0.6__norm_spectral_radius,matched_er_4to1_chunk_18,90,kl_to_gaussian,0.0,96
sign_test_er0.6__norm_spectral_radius,matched_er_4to1_chunk_18,90,wt_mean,-0.0019416944996919,96
sign_test_er0.6__norm_spectral_radius,matched_er_4to1_chunk_18,91,GR,50.430698258181415,96
sign_test_er0.6__norm_spectral_radius,matched_er_4to1_chunk_18,91,IPC,17.06468184296678,96
sign_test_er0.6__norm_spectral_radius,matched_er_4to1_chunk_18,91,KR,25.43993212779363,96
sign_test_er0.6__norm_spectral_radius,matched_er_4to1_chunk_18,91,MC,10.31630427390337,96
sign_test_er0.6__norm_spectral_radius,matched_er_4to1_chunk_18,91,cosine_similarity,-0.011376252397894799,96
sign_test_er0.6__norm_spectral_radius,matched_er_4to1_chunk_18,91,kl_to_gaussian,0.0,96
sign_test_er0.6__norm_spectral_radius,matched_er_4to1_chunk_18,91,wt_mean,-0.001908203819766575,96
sign_test_er0.6__norm_spectral_radius,matched_er_4to1_chunk_18,92,GR,44.078794894119106,96
sign_test_er0.6__norm_spectral_radius,matched_er_4to1_chunk_18,92,IPC,16.76307787962916,96
sign_test_er0.6__norm_spectral_radius,matched_er_4to1_chunk_18,92,KR,22.676130212843418,96
sign_test_er0.6__norm_spectral_radius,matched_er_4to1_chunk_18,92,MC,10.197287642707428,96
sign_test_er0.6__norm_spectral_radius,matched_er_4to1_chunk_18,92,cosine_similarity,-0.016925634350627623,96
sign_test_er0.6__norm_spectral_radius,matched_er_4to1_chunk_18,92,kl_to_gaussian,0.0,96
sign_test_er0.6__norm_spectral_radius,matched_er_4to1_chunk_18,92,wt_mean,-0.0018415910017210498,96
sign_test_er0.6__norm_spectral_radius,matched_er_4to1_chunk_18,93,GR,56.30380408962568,96
sign_test_er0.6__norm_spectral_radius,matched_er_4to1_chunk_18,93,IPC,16.900302902883798,96
sign_test_er0.6__norm_spectral_radius,matched_er_4to1_chunk_18,93,KR,29.435900064806145,96
sign_test_er0.6__norm_spectral_radius,matched_er_4to1_chunk_18,93,MC,11.182651807864508,96
sign_test_er0.6__norm_spectral_radius,matched_er_4to1_chunk_18,93,cosine_similarity,-0.013318533310666625,96
sign_test_er0.6__norm_spectral_radius,matched_er_4to1_chunk_18,93,kl_to_gaussian,0.0,96
sign_test_er0.6__norm_spectral_radius,matched_er_4to1_chunk_18,93,wt_mean,-0.001953628758201325,96
sign_test_er0.6__norm_spectral_radius,matched_er_4to1_chunk_18,94,GR,50.328130044043064,96
sign_test_er0.6__norm_spectral_radius,matched_er_4to1_chunk_18,94,IPC,16.805892333716717,96
sign_test_er0.6__norm_spectral_radius,matched_er_4to1_chunk_18,94,KR,25.61184897770484,96
sign_test_er0.6__norm_spectral_radius,matched_er_4to1_chunk_18,94,MC,10.394429070254168,96
sign_test_er0.6__norm_spectral_radius,matched_er_4to1_chunk_18,94,cosine_similarity,-0.011653718072921001,96
sign_test_er0.6__norm_spectral_radius,matched_er_4to1_chunk_18,94,kl_to_gaussian,0.0,96
sign_test_er0.6__norm_spectral_radius,matched_er_4to1_chunk_18,94,wt_mean,-0.001874860259704225,96
sign_test_er0.6__norm_spectral_radius,matched_er_4to1_chunk_19,95,GR,48.952545473972954,96
sign_test_er0.6__norm_spectral_radius,matched_er_4to1_chunk_19,95,IPC,16.22625234519777,96
sign_test_er0.6__norm_spectral_radius,matched_er_4to1_chunk_19,95,KR,24.735233878095944,96
sign_test_er0.6__norm_spectral_radius,matched_er_4to1_chunk_19,95,MC,10.532225608825684,96
sign_test_er0.6__norm_spectral_radius,matched_er_4to1_chunk_19,95,cosine_similarity,-0.010266371071338624,96
sign_test_er0.6__norm_spectral_radius,matched_er_4to1_chunk_19,95,kl_to_gaussian,0.0,96
sign_test_er0.6__norm_spectral_radius,matched_er_4to1_chunk_19,95,wt_mean,-0.001859844662249025,96
sign_test_er0.6__norm_spectral_radius,matched_er_4to1_chunk_19,96,GR,58.23330346246561,96
sign_test_er0.6__norm_spectral_radius,matched_er_4to1_chunk_19,96,IPC,17.058769754245365,96
sign_test_er0.6__norm_spectral_radius,matched_er_4to1_chunk_19,96,KR,29.20004261781772,96
sign_test_er0.6__norm_spectral_radius,matched_er_4to1_chunk_19,96,MC,10.586592289308706,96
sign_test_er0.6__norm_spectral_radius,matched_er_4to1_chunk_19,96,cosine_similarity,-0.007214206270873501,96
sign_test_er0.6__norm_spectral_radius,matched_er_4to1_chunk_19,96,kl_to_gaussian,0.0,96
sign_test_er0.6__norm_spectral_radius,matched_er_4to1_chunk_19,96,wt_mean,-0.001963719172636,96
sign_test_er0.6__norm_spectral_radius,matched_er_4to1_chunk_19,97,GR,53.64825156579415,96
sign_test_er0.6__norm_spectral_radius,matched_er_4to1_chunk_19,97,IPC,17.820489971017007,96
sign_test_er0.6__norm_spectral_radius,matched_er_4to1_chunk_19,97,KR,27.930205896496773,96
sign_test_er0.6__norm_spectral_radius,matched_er_4to1_chunk_19,97,MC,11.131927107771238,96
sign_test_er0.6__norm_spectral_radius,matched_er_4to1_chunk_19,97,cosine_similarity,-0.008601553272455901,96
sign_test_er0.6__norm_spectral_radius,matched_er_4to1_chunk_19,97,kl_to_gaussian,0.0,96
sign_test_er0.6__norm_spectral_radius,matched_er_4to1_chunk_19,97,wt_mean,-0.0019599149818531497,96
sign_test_er0.6__norm_spectral_radius,matched_er_4to1_chunk_19,98,GR,53.34166512389978,96
sign_test_er0.6__norm_spectral_radius,matched_er_4to1_chunk_19,98,IPC,16.619013396387597,96
sign_test_er0.6__norm_spectral_radius,matched_er_4to1_chunk_19,98,KR,27.081685942908127,96
sign_test_er0.6__norm_spectral_radius,matched_er_4to1_chunk_19,98,MC,10.469557739794254,96
sign_test_er0.6__norm_spectral_radius,matched_er_4to1_chunk_19,98,cosine_similarity,-0.00638179841917005,96
sign_test_er0.6__norm_spectral_radius,matched_er_4to1_chunk_19,98,kl_to_gaussian,0.0,96
sign_test_er0.6__norm_spectral_radius,matched_er_4to1_chunk_19,98,wt_mean,-0.0019379730510990748,96
sign_test_er0.6__norm_spectral_radius,matched_er_4to1_chunk_19,99,GR,51.91237539798021,96
sign_test_er0.6__norm_spectral_radius,matched_er_4to1_chunk_19,99,IPC,16.456627129497075,96
sign_test_er0.6__norm_spectral_radius,matched_er_4to1_chunk_19,99,KR,27.164370114604633,96
sign_test_er0.6__norm_spectral_radius,matched_er_4to1_chunk_19,99,MC,10.736475413044294,96
sign_test_er0.6__norm_spectral_radius,matched_er_4to1_chunk_19,99,cosine_similarity,-0.004994450835511025,96
sign_test_er0.6__norm_spectral_radius,matched_er_4to1_chunk_19,99,kl_to_gaussian,0.0,96
sign_test_er0.6__norm_spectral_radius,matched_er_4to1_chunk_19,99,wt_mean,-0.00192649415112095,96
sign_test_er0.6__norm_spectral_radius,matched_er_4to1_chunk_2,10,GR,55.83520709474882,96
sign_test_er0.6__norm_spectral_radius,matched_er_4to1_chunk_2,10,IPC,17.51193023464387,96
sign_test_er0.6__norm_spectral_radius,matched_er_4to1_chunk_2,10,KR,28.592310172816116,96
sign_test_er0.6__norm_spectral_radius,matched_er_4to1_chunk_2,10,MC,10.796592012047768,96
sign_test_er0.6__norm_spectral_radius,matched_er_4to1_chunk_2,10,cosine_similarity,-0.00665926956571635,96
sign_test_er0.6__norm_spectral_radius,matched_er_4to1_chunk_2,10,kl_to_gaussian,0.0,96
sign_test_er0.6__norm_spectral_radius,matched_er_4to1_chunk_2,10,wt_mean,-0.001970561337657225,96
sign_test_er0.6__norm_spectral_radius,matched_er_4to1_chunk_2,11,GR,55.2612935702006,96
sign_test_er0.6__norm_spectral_radius,matched_er_4to1_chunk_2,11,IPC,17.984767581819874,96
sign_test_er0.6__norm_spectral_radius,matched_er_4to1_chunk_2,11,KR,28.54743463297685,96
sign_test_er0.6__norm_spectral_radius,matched_er_4to1_chunk_2,11,MC,11.149025003115336,96
sign_test_er0.6__norm_spectral_radius,matched_er_4to1_chunk_2,11,cosine_similarity,-0.01359600177966055,96
sign_test_er0.6__norm_spectral_radius,matched_er_4to1_chunk_2,11,kl_to_gaussian,0.0,96
sign_test_er0.6__norm_spectral_radius,matched_er_4to1_chunk_2,11,wt_mean,-0.001958591601578475,96
sign_test_er0.6__norm_spectral_radius,matched_er_4to1_chunk_2,12,GR,54.90181736151377,96
sign_test_er0.6__norm_spectral_radius,matched_er_4to1_chunk_2,12,IPC,16.45787099147123,96
sign_test_er0.6__norm_spectral_radius,matched_er_4to1_chunk_2,12,KR,27.30937813470761,96
sign_test_er0.6__norm_spectral_radius,matched_er_4to1_chunk_2,12,MC,10.212709990640482,96
sign_test_er0.6__norm_spectral_radius,matched_er_4to1_chunk_2,12,cosine_similarity,-0.0027746948180719746,96
sign_test_er0.6__norm_spectral_radius,matched_er_4to1_chunk_2,12,kl_to_gaussian,0.0,96
sign_test_er0.6__norm_spectral_radius,matched_er_4to1_chunk_2,12,wt_mean,-0.001914436899824,96
sign_test_er0.6__norm_spectral_radius,matched_er_4to1_chunk_2,13,GR,50.64258570472399,96
sign_test_er0.6__norm_spectral_radius,matched_er_4to1_chunk_2,13,IPC,17.489339970215962,96
sign_test_er0.6__norm_spectral_radius,matched_er_4to1_chunk_2,13,KR,25.634892525772255,96
sign_test_er0.6__norm_spectral_radius,matched_er_4to1_chunk_2,13,MC,11.179385801156362,96
sign_test_er0.6__norm_spectral_radius,matched_er_4to1_chunk_2,13,cosine_similarity,-0.0072142069693654,96
sign_test_er0.6__norm_spectral_radius,matched_er_4to1_chunk_2,13,kl_to_gaussian,0.0,96
sign_test_er0.6__norm_spectral_radius,matched_er_4to1_chunk_2,13,wt_mean,-0.001927865901961875,96
sign_test_er0.6__norm_spectral_radius,matched_er_4to1_chunk_2,14,GR,54.451758556067944,96
sign_test_er0.6__norm_spectral_radius,matched_er_4to1_chunk_2,14,IPC,17.74887696618861,96
sign_test_er0.6__norm_spectral_radius,matched_er_4to1_chunk_2,14,KR,28.162060476839542,96
sign_test_er0.6__norm_spectral_radius,matched_er_4to1_chunk_2,14,MC,11.346121167143187,96
sign_test_er0.6__norm_spectral_radius,matched_er_4to1_chunk_2,14,cosine_similarity,-0.0074916777666657495,96
sign_test_er0.6__norm_spectral_radius,matched_er_4to1_chunk_2,14,kl_to_gaussian,0.0,96
sign_test_er0.6__norm_spectral_radius,matched_er_4to1_chunk_2,14,wt_mean,-0.0019398543518036,96
sign_test_er0.6__norm_spectral_radius,matched_er_4to1_chunk_3,15,GR,52.10222867131233,96
sign_test_er0.6__norm_spectral_radius,matched_er_4to1_chunk_3,15,IPC,17.55290456088439,96
sign_test_er0.6__norm_spectral_radius,matched_er_4to1_chunk_3,15,KR,26.948476997514565,96
sign_test_er0.6__norm_spectral_radius,matched_er_4to1_chunk_3,15,MC,11.120083600282669,96
sign_test_er0.6__norm_spectral_radius,matched_er_4to1_chunk_3,15,cosine_similarity,-0.0088790238369256,96
sign_test_er0.6__norm_spectral_radius,matched_er_4to1_chunk_3,15,kl_to_gaussian,0.0,96
sign_test_er0.6__norm_spectral_radius,matched_er_4to1_chunk_3,15,wt_mean,-0.0019250904442741999,96
sign_test_er0.6__norm_spectral_radius,matched_er_4to1_chunk_3,16,GR,58.075645104050636,96
sign_test_er0.6__norm_spectral_radius,matched_er_4to1_chunk_3,16,IPC,17.753077005290457,96
sign_test_er0.6__norm_spectral_radius,matched_er_4to1_chunk_3,16,KR,29.52976769457261,96
sign_test_er0.6__norm_spectral_radius,matched_er_4to1_chunk_3,16,MC,11.305549494922161,96
sign_test_er0.6__norm_spectral_radius,matched_er_4to1_chunk_3,16,cosine_similarity,-0.007491675904020625,96
sign_test_er0.6__norm_spectral_radius,matched_er_4to1_chunk_3,16,kl_to_gaussian,0.0,96
sign_test_er0.6__norm_spectral_radius,matched_er_4to1_chunk_3,16,wt_mean,-0.0019582056556828,96
sign_test_er0.6__norm_spectral_radius,matched_er_4to1_chunk_3,17,GR,50.578498827914395,96
sign_test_er0.6__norm_spectral_radius,matched_er_4to1_chunk_3,17,IPC,16.99010456038049,96
sign_test_er0.6__norm_spectral_radius,matched_er_4to1_chunk_3,17,KR,25.62196574608485,96
sign_test_er0.6__norm_spectral_radius,matched_er_4to1_chunk_3,17,MC,10.605607440074285,96
sign_test_er0.6__norm_spectral_radius,matched_er_4to1_chunk_3,17,cosine_similarity,-0.014428412541747001,96
sign_test_er0.6__norm_spectral_radius,matched_er_4to1_chunk_3,17,kl_to_gaussian,0.0,96
sign_test_er0.6__norm_spectral_radius,matched_er_4to1_chunk_3,17,wt_mean,-0.00188746568164785,96
sign_test_er0.6__norm_spectral_radius,matched_er_4to1_chunk_3,18,GR,51.40012536942959,96
sign_test_er0.6__norm_spectral_radius,matched_er_4to1_chunk_3,18,IPC,17.95536564985782,96
sign_test_er0.6__norm_spectral_radius,matched_er_4to1_chunk_3,18,KR,25.948110058903694,96
sign_test_er0.6__norm_spectral_radius,matched_er_4to1_chunk_3,18,MC,10.83410339554151,96
sign_test_er0.6__norm_spectral_radius,matched_er_4to1_chunk_3,18,cosine_similarity,-0.008046615403145501,96
sign_test_er0.6__norm_spectral_radius,matched_er_4to1_chunk_3,18,kl_to_gaussian,0.0,96
sign_test_er0.6__norm_spectral_radius,matched_er_4to1_chunk_3,18,wt_mean,-0.0019446350634097498,96
sign_test_er0.6__norm_spectral_radius,matched_er_4to1_chunk_3,19,GR,50.939688762029014,96
sign_test_er0.6__norm_spectral_radius,matched_er_4to1_chunk_3,19,IPC,18.35040276390376,96
sign_test_er0.6__norm_spectral_radius,matched_er_4to1_chunk_3,19,KR,26.166894622147083,96
sign_test_er0.6__norm_spectral_radius,matched_er_4to1_chunk_3,19,MC,11.306541177133719,96
sign_test_er0.6__norm_spectral_radius,matched_er_4to1_chunk_3,19,cosine_similarity,-0.006936736754141675,96
sign_test_er0.6__norm_spectral_radius,matched_er_4to1_chunk_3,19,kl_to_gaussian,0.0,96
sign_test_er0.6__norm_spectral_radius,matched_er_4to1_chunk_3,19,wt_mean,-0.0019401525787543,96
sign_test_er0.6__norm_spectral_radius,matched_er_4to1_chunk_4,20,GR,49.27100027600924,96
sign_test_er0.6__norm_spectral_radius,matched_er_4to1_chunk_4,20,IPC,18.067162571175036,96
sign_test_er0.6__norm_spectral_radius,matched_er_4to1_chunk_4,20,KR,24.462392513950665,96
sign_test_er0.6__norm_spectral_radius,matched_er_4to1_chunk_4,20,MC,10.942817476888498,96
sign_test_er0.6__norm_spectral_radius,matched_er_4to1_chunk_4,20,cosine_similarity,-0.009711432969197575,96
sign_test_er0.6__norm_spectral_radius,matched_er_4to1_chunk_4,20,kl_to_gaussian,0.0,96
sign_test_er0.6__norm_spectral_radius,matched_er_4to1_chunk_4,20,wt_mean,-0.0018808097520377,96
sign_test_er0.6__norm_spectral_radius,matched_er_4to1_chunk_4,21,GR,56.14654103666544,96
sign_test_er0.6__norm_spectral_radius,matched_er_4to1_chunk_4,21,IPC,17.525567958105743,96
sign_test_er0.6__norm_spectral_radius,matched_er_4to1_chunk_4,21,KR,29.20255137483279,96
sign_test_er0.6__norm_spectral_radius,matched_er_4to1_chunk_4,21,MC,11.092767598728338,96
sign_test_er0.6__norm_spectral_radius,matched_er_4to1_chunk_4,21,cosine_similarity,-0.00693673710338765,96
sign_test_er0.6__norm_spectral_radius,matched_er_4to1_chunk_4,21,kl_to_gaussian,0.0,96
sign_test_er0.6__norm_spectral_radius,matched_er_4to1_chunk_4,21,wt_mean,-0.0019759707502089003,96
sign_test_er0.6__norm_spectral_radius,matched_er_4to1_chunk_4,22,GR,48.05818933993578,96
sign_test_er0.6__norm_spectral_radius,matched_er_4to1_chunk_4,22,IPC,17.632936728589367,96
sign_test_er0.6__norm_spectral_radius,matched_er_4to1_chunk_4,22,KR,24.5656395132343,96
sign_test_er0.6__norm_spectral_radius,matched_er_4to1_chunk_4,22,MC,10.499200761318207,96
sign_test_er0.6__norm_spectral_radius,matched_er_4to1_chunk_4,22,cosine_similarity,-0.00943396124057465,96
sign_test_er0.6__norm_spectral_radius,matched_er_4to1_chunk_4,22,kl_to_gaussian,0.0,96
sign_test_er0.6__norm_spectral_radius,matched_er_4to1_chunk_4,22,wt_mean,-0.0018716171616687748,96
sign_test_er0.6__norm_spectral_radius,matched_er_4to1_chunk_4,23,GR,46.85992812861999,96
sign_test_er0.6__norm_spectral_radius,matched_er_4to1_chunk_4,23,IPC,18.772508521627916,96
sign_test_er0.6__norm_spectral_radius,matched_er_4to1_chunk_4,23,KR,23.928959771990776,96
sign_test_er0.6__norm_spectral_radius,matched_er_4to1_chunk_4,23,MC,11.493063680827618,96
sign_test_er0.6__norm_spectral_radius,matched_er_4to1_chunk_4,23,cosine_similarity,-0.00721420487388965,96
sign_test_er0.6__norm_spectral_radius,matched_er_4to1_chunk_4,23,kl_to_gaussian,0.0,96
sign_test_er0.6__norm_spectral_radius,matched_er_4to1_chunk_4,23,wt_mean,-0.001873643632279625,96
sign_test_er0.6__norm_spectral_radius,matched_er_4to1_chunk_4,24,GR,54.473324912289776,96
sign_test_er0.6__norm_spectral_radius,matched_er_4to1_chunk_4,24,IPC,17.51243224179966,96
sign_test_er0.6__norm_spectral_radius,matched_er_4to1_chunk_4,24,KR,28.026365963121254,96
sign_test_er0.6__norm_spectral_radius,matched_er_4to1_chunk_4,24,MC,10.855043108264605,96
sign_test_er0.6__norm_spectral_radius,matched_er_4to1_chunk_4,24,cosine_similarity,-0.0074916766025125495,96
sign_test_er0.6__norm_spectral_radius,matched_er_4to1_chunk_4,24,kl_to_gaussian,0.0,96
sign_test_er0.6__norm_spectral_radius,matched_er_4to1_chunk_4,24,wt_mean,-0.001954558072611625,96
sign_test_er0.6__norm_spectral_radius,matched_er_4to1_chunk_5,25,GR,48.29627487808466,96
sign_test_er0.6__norm_spectral_radius,matched_er_4to1_chunk_5,25,IPC,17.91964532018821,96
sign_test_er0.6__norm_spectral_radius,matched_er_4to1_chunk_5,25,KR,24.05921744555235,96
sign_test_er0.6__norm_spectral_radius,matched_er_4to1_chunk_5,25,MC,10.862720814843973,96
sign_test_er0.6__norm_spectral_radius,matched_er_4to1_chunk_5,25,cosine_similarity,-0.000554938975255875,96
sign_test_er0.6__norm_spectral_radius,matched_er_4to1_chunk_5,25,kl_to_gaussian,0.0,96
sign_test_er0.6__norm_spectral_radius,matched_er_4to1_chunk_5,25,wt_mean,-0.0018821528647094499,96
sign_test_er0.6__norm_spectral_radius,matched_er_4to1_chunk_5,26,GR,48.12100146214167,96
sign_test_er0.6__norm_spectral_radius,matched_er_4to1_chunk_5,26,IPC,17.052441730171818,96
sign_test_er0.6__norm_spectral_radius,matched_er_4to1_chunk_5,26,KR,24.290306786696117,96
sign_test_er0.6__norm_spectral_radius,matched_er_4to1_chunk_5,26,MC,10.298644279440245,96
sign_test_er0.6__norm_spectral_radius,matched_er_4to1_chunk_5,26,cosine_similarity,-0.009433960309252124,96
sign_test_er0.6__norm_spectral_radius,matched_er_4to1_chunk_5,26,kl_to_gaussian,0.0,96
sign_test_er0.6__norm_spectral_radius,matched_er_4to1_chunk_5,26,wt_mean,-0.0018841648125089247,96
sign_test_er0.6__norm_spectral_radius,matched_er_4to1_chunk_5,27,GR,54.31405297666788,96
sign_test_er0.6__norm_spectral_radius,matched_er_4to1_chunk_5,27,IPC,17.03282321243952,96
sign_test_er0.6__norm_spectral_radius,matched_er_4to1_chunk_5,27,KR,27.49704934904973,96
sign_test_er0.6__norm_spectral_radius,matched_er_4to1_chunk_5,27,MC,10.491158321499825,96
sign_test_er0.6__norm_spectral_radius,matched_er_4to1_chunk_5,27,cosine_similarity,-0.013318534474819824,96
sign_test_er0.6__norm_spectral_radius,matched_er_4to1_chunk_5,27,kl_to_gaussian,0.0,96
sign_test_er0.6__norm_spectral_radius,matched_er_4to1_chunk_5,27,wt_mean,-0.0019281810673418998,96
sign_test_er0.6__norm_spectral_radius,matched_er_4to1_chunk_5,28,GR,51.254151687026024,96
sign_test_er0.6__norm_spectral_radius,matched_er_4to1_chunk_5,28,IPC,17.59453237078331,96
sign_test_er0.6__norm_spectral_radius,matched_er_4to1_chunk_5,28,KR,25.79499436666568,96
sign_test_er0.6__norm_spectral_radius,matched_er_4to1_chunk_5,28,MC,10.929081112146378,96
sign_test_er0.6__norm_spectral_radius,matched_er_4to1_chunk_5,28,cosine_similarity,-0.006381797837093425,96
sign_test_er0.6__norm_spectral_radius,matched_er_4to1_chunk_5,28,kl_to_gaussian,0.0,96
sign_test_er0.6__norm_spectral_radius,matched_er_4to1_chunk_5,28,wt_mean,-0.001939918758580425,96
sign_test_er0.6__norm_spectral_radius,matched_er_4to1_chunk_5,29,GR,52.719010780255,96
sign_test_er0.6__norm_spectral_radius,matched_er_4to1_chunk_5,29,IPC,17.69377837587204,96
sign_test_er0.6__norm_spectral_radius,matched_er_4to1_chunk_5,29,KR,26.70534087220828,96
sign_test_er0.6__norm_spectral_radius,matched_er_4to1_chunk_5,29,MC,10.833052535851797,96
sign_test_er0.6__norm_spectral_radius,matched_er_4to1_chunk_5,29,cosine_similarity,-0.010266369907185399,96
sign_test_er0.6__norm_spectral_radius,matched_er_4to1_chunk_5,29,kl_to_gaussian,0.0,96
sign_test_er0.6__norm_spectral_radius,matched_er_4to1_chunk_5,29,wt_mean,-0.001910009304992775,96
sign_test_er0.6__norm_spectral_radius,matched_er_4to1_chunk_6,30,GR,54.145133217175804,96
sign_test_er0.6__norm_spectral_radius,matched_er_4to1_chunk_6,30,IPC,17.686725119945738,96
sign_test_er0.6__norm_spectral_radius,matched_er_4to1_chunk_6,30,KR,27.705168431003887,96
sign_test_er0.6__norm_spectral_radius,matched_er_4to1_chunk_6,30,MC,10.68441546956698,96
sign_test_er0.6__norm_spectral_radius,matched_er_4to1_chunk_6,30,cosine_similarity,-0.00638179795350875,96
sign_test_er0.6__norm_spectral_radius,matched_er_4to1_chunk_6,30,kl_to_gaussian,0.0,96
sign_test_er0.6__norm_spectral_radius,matched_er_4to1_chunk_6,30,wt_mean,-0.0019299429550301,96
sign_test_er0.6__norm_spectral_radius,matched_er_4to1_chunk_6,31,GR,51.18262513478597,96
sign_test_er0.6__norm_spectral_radius,matched_er_4to1_chunk_6,31,IPC,18.441479817265357,96
sign_test_er0.6__norm_spectral_radius,matched_er_4to1_chunk_6,31,KR,26.13229305545489,96
sign_test_er0.6__norm_spectral_radius,matched_er_4to1_chunk_6,31,MC,11.505847334861755,96
sign_test_er0.6__norm_spectral_radius,matched_er_4to1_chunk_6,31,cosine_similarity,-0.0030521642183884497,96
sign_test_er0.6__norm_spectral_radius,matched_er_4to1_chunk_6,31,kl_to_gaussian,0.0,96
sign_test_er0.6__norm_spectral_radius,matched_er_4to1_chunk_6,31,wt_mean,-0.0019080485799349248,96
sign_test_er0.6__norm_spectral_radius,matched_er_4to1_chunk_6,32,GR,50.73983304947615,96
sign_test_er0.6__norm_spectral_radius,matched_er_4to1_chunk_6,32,IPC,17.664145736411445,96
sign_test_er0.6__norm_spectral_radius,matched_er_4to1_chunk_6,32,KR,26.23084957897663,96
sign_test_er0.6__norm_spectral_radius,matched_er_4to1_chunk_6,32,MC,11.35418076813221,96
sign_test_er0.6__norm_spectral_radius,matched_er_4to1_chunk_6,32,cosine_similarity,-0.008324085269123276,96
sign_test_er0.6__norm_spectral_radius,matched_er_4to1_chunk_6,32,kl_to_gaussian,0.0,96
sign_test_er0.6__norm_spectral_radius,matched_er_4to1_chunk_6,32,wt_mean,-0.00190219300566235,96
sign_test_er0.6__norm_spectral_radius,matched_er_4to1_chunk_6,33,GR,52.899146561821304,96
sign_test_er0.6__norm_spectral_radius,matched_er_4to1_chunk_6,33,IPC,17.739502222927857,96
sign_test_er0.6__norm_spectral_radius,matched_er_4to1_chunk_6,33,KR,27.129387301703293,96
sign_test_er0.6__norm_spectral_radius,matched_er_4to1_chunk_6,33,MC,11.466234204669794,96
sign_test_er0.6__norm_spectral_radius,matched_er_4to1_chunk_6,33,cosine_similarity,-0.0074916742742061,96
sign_test_er0.6__norm_spectral_radius,matched_er_4to1_chunk_6,33,kl_to_gaussian,0.0,96
sign_test_er0.6__norm_spectral_radius,matched_er_4to1_chunk_6,33,wt_mean,-0.0019364200707058753,96
sign_test_er0.6__norm_spectral_radius,matched_er_4to1_chunk_6,34,GR,46.32083508372307,96
sign_test_er0.6__norm_spectral_radius,matched_er_4to1_chunk_6,34,IPC,17.60339273805509,96
sign_test_er0.6__norm_spectral_radius,matched_er_4to1_chunk_6,34,KR,22.93206665168206,96
sign_test_er0.6__norm_spectral_radius,matched_er_4to1_chunk_6,34,MC,10.719717855254808,96
sign_test_er0.6__norm_spectral_radius,matched_er_4to1_chunk_6,34,cosine_similarity,-0.00471698038745665,96
sign_test_er0.6__norm_spectral_radius,matched_er_4to1_chunk_6,34,kl_to_gaussian,0.0,96
sign_test_er0.6__norm_spectral_radius,matched_er_4to1_chunk_6,34,wt_mean,-0.001830341556342275,96
sign_test_er0.6__norm_spectral_radius,matched_er_4to1_chunk_7,35,GR,52.88288445274035,96
sign_test_er0.6__norm_spectral_radius,matched_er_4to1_chunk_7,35,IPC,18.005336374541805,96
sign_test_er0.6__norm_spectral_radius,matched_er_4to1_chunk_7,35,KR,27.086091563105583,96
sign_test_er0.6__norm_spectral_radius,matched_er_4to1_chunk_7,35,MC,10.932391765216986,96
sign_test_er0.6__norm_spectral_radius,matched_er_4to1_chunk_7,35,cosine_similarity,-0.0074916754383593,96
sign_test_er0.6__norm_spectral_radius,matched_er_4to1_chunk_7,35,kl_to_gaussian,0.0,96
sign_test_er0.6__norm_spectral_radius,matched_er_4to1_chunk_7,35,wt_mean,-0.0019406838982831,96
sign_test_er0.6__norm_spectral_radius,matched_er_4to1_chunk_7,36,GR,54.636419735848904,96
sign_test_er0.6__norm_spectral_radius,matched_er_4to1_chunk_7,36,IPC,17.457636036953605,96
sign_test_er0.6__norm_spectral_radius,matched_er_4to1_chunk_7,36,KR,27.53819391876459,96
sign_test_er0.6__norm_spectral_radius,matched_er_4to1_chunk_7,36,MC,11.177579956750074,96
sign_test_er0.6__norm_spectral_radius,matched_er_4to1_chunk_7,36,cosine_similarity,-0.01165372086688875,96
sign_test_er0.6__norm_spectral_radius,matched_er_4to1_chunk_7,36,kl_to_gaussian,0.0,96
sign_test_er0.6__norm_spectral_radius,matched_er_4to1_chunk_7,36,wt_mean,-0.001933617808390375,96
sign_test_er0.6__norm_spectral_radius,matched_er_4to1_chunk_7,37,GR,48.97673543045918,96
sign_test_er0.6__norm_spectral_radius,matched_er_4to1_chunk_7,37,IPC,18.272547140645447,96
sign_test_er0.6__norm_spectral_radius,matched_er_4to1_chunk_7,37,KR,25.11767695347468,96
sign_test_er0.6__norm_spectral_radius,matched_er_4to1_chunk_7,37,MC,11.194399108489355,96
sign_test_er0.6__norm_spectral_radius,matched_er_4to1_chunk_7,37,cosine_similarity,-0.007214206154458149,96
sign_test_er0.6__norm_spectral_radius,matched_er_4to1_chunk_7,37,kl_to_gaussian,0.0,96
sign_test_er0.6__norm_spectral_radius,matched_er_4to1_chunk_7,37,wt_mean,-0.0018987472867592501,96
sign_test_er0.6__norm_spectral_radius,matched_er_4to1_chunk_7,38,GR,45.268585128088795,96
sign_test_er0.6__norm_spectral_radius,matched_er_4to1_chunk_7,38,IPC,16.810892833388774,96
sign_test_er0.6__norm_spectral_radius,matched_er_4to1_chunk_7,38,KR,22.65233725309372,96
sign_test_er0.6__norm_spectral_radius,matched_er_4to1_chunk_7,38,MC,10.415263277788958,96
sign_test_er0.6__norm_spectral_radius,matched_er_4to1_chunk_7,38,cosine_similarity,-0.01082130917347965,96
sign_test_er0.6__norm_spectral_radius,matched_er_4to1_chunk_7,38,kl_to_gaussian,0.0,96
sign_test_er0.6__norm_spectral_radius,matched_er_4to1_chunk_7,38,wt_mean,-0.0018363609560765003,96
sign_test_er0.6__norm_spectral_radius,matched_er_4to1_chunk_7,39,GR,55.19811447213093,96
sign_test_er0.6__norm_spectral_radius,matched_er_4to1_chunk_7,39,IPC,17.016133046721873,96
sign_test_er0.6__norm_spectral_radius,matched_er_4to1_chunk_7,39,KR,27.88762677460909,96
sign_test_er0.6__norm_spectral_radius,matched_er_4to1_chunk_7,39,MC,10.8722332517306,96
sign_test_er0.6__norm_spectral_radius,matched_er_4to1_chunk_7,39,cosine_similarity,-0.0086015539709478,96
sign_test_er0.6__norm_spectral_radius,matched_er_4to1_chunk_7,39,kl_to_gaussian,0.0,96
sign_test_er0.6__norm_spectral_radius,matched_er_4to1_chunk_7,39,wt_mean,-0.001953203580342175,96
sign_test_er0.6__norm_spectral_radius,matched_er_4to1_chunk_8,40,GR,55.61338879416386,96
sign_test_er0.6__norm_spectral_radius,matched_er_4to1_chunk_8,40,IPC,16.915654228229908,96
sign_test_er0.6__norm_spectral_radius,matched_er_4to1_chunk_8,40,KR,28.649917011459667,96
sign_test_er0.6__norm_spectral_radius,matched_er_4to1_chunk_8,40,MC,10.421394129594168,96
sign_test_er0.6__norm_spectral_radius,matched_er_4to1_chunk_8,40,cosine_similarity,-0.0091564946342259,96
sign_test_er0.6__norm_spectral_radius,matched_er_4to1_chunk_8,40,kl_to_gaussian,0.0,96
sign_test_er0.6__norm_spectral_radius,matched_er_4to1_chunk_8,40,wt_mean,-0.00193892593961205,96
sign_test_er0.6__norm_spectral_radius,matched_er_4to1_chunk_8,41,GR,51.81713803360859,96
sign_test_er0.6__norm_spectral_radius,matched_er_4to1_chunk_8,41,IPC,17.599828112247803,96
sign_test_er0.6__norm_spectral_radius,matched_er_4to1_chunk_8,41,KR,25.70867896080017,96
sign_test_er0.6__norm_spectral_radius,matched_er_4to1_chunk_8,41,MC,10.690850911041101,96
sign_test_er0.6__norm_spectral_radius,matched_er_4to1_chunk_8,41,cosine_similarity,-0.00749167497269805,96
sign_test_er0.6__norm_spectral_radius,matched_er_4to1_chunk_8,41,kl_to_gaussian,0.0,96
sign_test_er0.6__norm_spectral_radius,matched_er_4to1_chunk_8,41,wt_mean,-0.0019155499176121752,96
sign_test_er0.6__norm_spectral_radius,matched_er_4to1_chunk_8,42,GR,52.63720827549696,96
sign_test_er0.6__norm_spectral_radius,matched_er_4to1_chunk_8,42,IPC,17.763125513468143,96
sign_test_er0.6__norm_spectral_radius,matched_er_4to1_chunk_8,42,KR,27.281207263469696,96
sign_test_er0.6__norm_spectral_radius,matched_er_4to1_chunk_8,42,MC,11.061584204435349,96
sign_test_er0.6__norm_spectral_radius,matched_er_4to1_chunk_8,42,cosine_similarity,-0.005549389636144,96
sign_test_er0.6__norm_spectral_radius,matched_er_4to1_chunk_8,42,kl_to_gaussian,0.0,96
sign_test_er0.6__norm_spectral_radius,matched_er_4to1_chunk_8,42,wt_mean,-0.0019384062034077248,96
sign_test_er0.6__norm_spectral_radius,matched_er_4to1_chunk_8,43,GR,53.16696991274754,96
sign_test_er0.6__norm_spectral_radius,matched_er_4to1_chunk_8,43,IPC,17.452658602858403,96
sign_test_er0.6__norm_spectral_radius,matched_er_4to1_chunk_8,43,KR,27.52367442349593,96
sign_test_er0.6__norm_spectral_radius,matched_er_4to1_chunk_8,43,MC,11.108753179510435,96
sign_test_er0.6__norm_spectral_radius,matched_er_4to1_chunk_8,43,cosine_similarity,-0.010821308707818349,96
sign_test_er0.6__norm_spectral_radius,matched_er_4to1_chunk_8,43,kl_to_gaussian,0.0,96
sign_test_er0.6__norm_spectral_radius,matched_er_4to1_chunk_8,43,wt_mean,-0.001933360617840625,96
sign_test_er0.6__norm_spectral_radius,matched_er_4to1_chunk_8,44,GR,50.83986923843622,96
sign_test_er0.6__norm_spectral_radius,matched_er_4to1_chunk_8,44,IPC,17.506879613854384,96
sign_test_er0.6__norm_spectral_radius,matched_er_4to1_chunk_8,44,KR,25.864815838634968,96
sign_test_er0.6__norm_spectral_radius,matched_er_4to1_chunk_8,44,MC,10.946910731494427,96
sign_test_er0.6__norm_spectral_radius,matched_er_4to1_chunk_8,44,cosine_similarity,-0.0074916762532665744,96
sign_test_er0.6__norm_spectral_radius,matched_er_4to1_chunk_8,44,kl_to_gaussian,0.0,96
sign_test_er0.6__norm_spectral_radius,matched_er_4to1_chunk_8,44,wt_mean,-0.001907083380501675,96
sign_test_er0.6__norm_spectral_radius,matched_er_4to1_chunk_9,45,GR,48.530291847884655,96
sign_test_er0.6__norm_spectral_radius,matched_er_4to1_chunk_9,45,IPC,17.365531863991905,96
sign_test_er0.6__norm_spectral_radius,matched_er_4to1_chunk_9,45,KR,24.48638641089201,96
sign_test_er0.6__norm_spectral_radius,matched_er_4to1_chunk_9,45,MC,10.865031495690346,96
sign_test_er0.6__norm_spectral_radius,matched_er_4to1_chunk_9,45,cosine_similarity,-0.0061043287860228996,96
sign_test_er0.6__norm_spectral_radius,matched_er_4to1_chunk_9,45,kl_to_gaussian,0.0,96
sign_test_er0.6__norm_spectral_radius,matched_er_4to1_chunk_9,45,wt_mean,-0.001877731323474975,96
sign_test_er0.6__norm_spectral_radius,matched_er_4to1_chunk_9,46,GR,52.71317367752393,96
sign_test_er0.6__norm_spectral_radius,matched_er_4to1_chunk_9,46,IPC,17.178136569193075,96
sign_test_er0.6__norm_spectral_radius,matched_er_4to1_chunk_9,46,KR,27.082750332852203,96
sign_test_er0.6__norm_spectral_radius,matched_er_4to1_chunk_9,46,MC,11.124911131958166,96
sign_test_er0.6__norm_spectral_radius,matched_er_4to1_chunk_9,46,cosine_similarity,-0.01248612860217685,96
sign_test_er0.6__norm_spectral_radius,matched_er_4to1_chunk_9,46,kl_to_gaussian,0.0,96
sign_test_er0.6__norm_spectral_radius,matched_er_4to1_chunk_9,46,wt_mean,-0.001931344595504875,96
sign_test_er0.6__norm_spectral_radius,matched_er_4to1_chunk_9,47,GR,51.13731077065071,96
sign_test_er0.6__norm_spectral_radius,matched_er_4to1_chunk_9,47,IPC,16.97926197483533,96
sign_test_er0.6__norm_spectral_radius,matched_er_4to1_chunk_9,47,KR,26.061271337171394,96
sign_test_er0.6__norm_spectral_radius,matched_er_4to1_chunk_9,47,MC,10.630198135972023,96
sign_test_er0.6__norm_spectral_radius,matched_er_4to1_chunk_9,47,cosine_similarity,-0.000277469458524075,96
sign_test_er0.6__norm_spectral_radius,matched_er_4to1_chunk_9,47,kl_to_gaussian,0.0,96
sign_test_er0.6__norm_spectral_radius,matched_er_4to1_chunk_9,47,wt_mean,-0.001916435401653825,96
sign_test_er0.6__norm_spectral_radius,matched_er_4to1_chunk_9,48,GR,51.733879283070564,96
sign_test_er0.6__norm_spectral_radius,matched_er_4to1_chunk_9,48,IPC,17.574117756614516,96
sign_test_er0.6__norm_spectral_radius,matched_er_4to1_chunk_9,48,KR,26.491005279123783,96
sign_test_er0.6__norm_spectral_radius,matched_er_4to1_chunk_9,48,MC,11.002284231285254,96
sign_test_er0.6__norm_spectral_radius,matched_er_4to1_chunk_9,48,cosine_similarity,-0.01109877950511865,96
sign_test_er0.6__norm_spectral_radius,matched_er_4to1_chunk_9,48,kl_to_gaussian,0.0,96
sign_test_er0.6__norm_spectral_radius,matched_er_4to1_chunk_9,48,wt_mean,-0.001931053207954325,96
sign_test_er0.6__norm_spectral_radius,matched_er_4to1_chunk_9,49,GR,49.67627998193105,96
sign_test_er0.6__norm_spectral_radius,matched_er_4to1_chunk_9,49,IPC,17.836544982384627,96
sign_test_er0.6__norm_spectral_radius,matched_er_4to1_chunk_9,49,KR,25.494446905950706,96
sign_test_er0.6__norm_spectral_radius,matched_er_4to1_chunk_9,49,MC,11.072063103318214,96
sign_test_er0.6__norm_spectral_radius,matched_er_4to1_chunk_9,49,cosine_similarity,-0.00832408154383295,96
sign_test_er0.6__norm_spectral_radius,matched_er_4to1_chunk_9,49,kl_to_gaussian,0.0,96
sign_test_er0.6__norm_spectral_radius,matched_er_4to1_chunk_9,49,wt_mean,-0.0019096136675215748,96
sign_test_er0.8__norm_original_radius,matched_er_4to1_chunk_0,0,GR,11.180526907245318,96
sign_test_er0.8__norm_original_radius,matched_er_4to1_chunk_0,0,IPC,10.773364318147246,96
sign_test_er0.8__norm_original_radius,matched_er_4to1_chunk_0,0,KR,5.409608683238427,96
sign_test_er0.8__norm_original_radius,matched_er_4to1_chunk_0,0,MC,5.95093301186959,96
sign_test_er0.8__norm_original_radius,matched_er_4to1_chunk_0,0,cosine_similarity,-0.0305216405540704,96
sign_test_er0.8__norm_original_radius,matched_er_4to1_chunk_0,0,kl_to_gaussian,0.0,96
sign_test_er0.8__norm_original_radius,matched_er_4to1_chunk_0,0,wt_mean,-0.0030664211371913253,96
sign_test_er0.8__norm_original_radius,matched_er_4to1_chunk_0,1,GR,11.253967727224031,96
sign_test_er0.8__norm_original_radius,matched_er_4to1_chunk_0,1,IPC,11.05269424396363,96
sign_test_er0.8__norm_original_radius,matched_er_4to1_chunk_0,1,KR,5.481901856760184,96
sign_test_er0.8__norm_original_radius,matched_er_4to1_chunk_0,1,MC,6.033202273150285,96
sign_test_er0.8__norm_original_radius,matched_er_4to1_chunk_0,1,cosine_similarity,-0.027746948879212075,96
sign_test_er0.8__norm_original_radius,matched_er_4to1_chunk_0,1,kl_to_gaussian,0.0,96
sign_test_er0.8__norm_original_radius,matched_er_4to1_chunk_0,1,wt_mean,-0.00315158127341415,96
sign_test_er0.8__norm_original_radius,matched_er_4to1_chunk_0,2,GR,11.062262381116549,96
sign_test_er0.8__norm_original_radius,matched_er_4to1_chunk_0,2,IPC,10.531598425286804,96
sign_test_er0.8__norm_original_radius,matched_er_4to1_chunk_0,2,KR,5.429749488830566,96
sign_test_er0.8__norm_original_radius,matched_er_4to1_chunk_0,2,MC,5.946970887482166,96
sign_test_er0.8__norm_original_radius,matched_er_4to1_chunk_0,2,cosine_similarity,-0.024694780353456697,96
sign_test_er0.8__norm_original_radius,matched_er_4to1_chunk_0,2,kl_to_gaussian,0.0,96
sign_test_er0.8__norm_original_radius,matched_er_4to1_chunk_0,2,wt_mean,-0.003086037526372775,96
sign_test_er0.8__norm_original_radius,matched_er_4to1_chunk_0,3,GR,11.72659732401371,96
sign_test_er0.8__norm_original_radius,matched_er_4to1_chunk_0,3,IPC,11.059276405880757,96
sign_test_er0.8__norm_original_radius,matched_er_4to1_chunk_0,3,KR,5.4326251447200775,96
sign_test_er0.8__norm_original_radius,matched_er_4to1_chunk_0,3,MC,6.045466626683871,96
sign_test_er0.8__norm_original_radius,matched_er_4to1_chunk_0,3,cosine_similarity,-0.021087683271616652,96
sign_test_er0.8__norm_original_radius,matched_er_4to1_chunk_0,3,kl_to_gaussian,0.0,96
sign_test_er0.8__norm_original_radius,matched_er_4to1_chunk_0,3,wt_mean,-0.00313030270626765,96
sign_test_er0.8__norm_original_radius,matched_er_4to1_chunk_0,4,GR,11.806712227563063,96
sign_test_er0.8__norm_original_radius,matched_er_4to1_chunk_0,4,IPC,10.51586702281079,96
sign_test_er0.8__norm_original_radius,matched_er_4to1_chunk_0,4,KR,5.904323776563008,96
sign_test_er0.8__norm_original_radius,matched_er_4to1_chunk_0,4,MC,5.990062252928813,96
sign_test_er0.8__norm_original_radius,matched_er_4to1_chunk_0,4,cosine_similarity,-0.025527196936309324,96
sign_test_er0.8__norm_original_radius,matched_er_4to1_chunk_0,4,kl_to_gaussian,0.0,96
sign_test_er0.8__norm_original_radius,matched_er_4to1_chunk_0,4,wt_mean,-0.003055537526961375,96
sign_test_er0.8__norm_original_radius,matched_er_4to1_chunk_1,5,GR,11.07933051387469,96
sign_test_er0.8__norm_original_radius,matched_er_4to1_chunk_1,5,IPC,11.016515175568713,96
sign_test_er0.8__norm_original_radius,matched_er_4to1_chunk_1,5,KR,5.53936584169666,96
sign_test_er0.8__norm_original_radius,matched_er_4to1_chunk_1,5,MC,6.269669286906719,96
sign_test_er0.8__norm_original_radius,matched_er_4to1_chunk_1,5,cosine_similarity,-0.024417316541075675,96
sign_test_er0.8__norm_original_radius,matched_er_4to1_chunk_1,5,kl_to_gaussian,0.0,96
sign_test_er0.8__norm_original_radius,matched_er_4to1_chunk_1,5,wt_mean,-0.003103180206380725,96
sign_test_er0.8__norm_original_radius,matched_er_4to1_chunk_1,6,GR,9.539037636170784,96
sign_test_er0.8__norm_original_radius,matched_er_4to1_chunk_1,6,IPC,10.34285179476995,96
sign_test_er0.8__norm_original_radius,matched_er_4to1_chunk_1,6,KR,4.9176253490149975,96
sign_test_er0.8__norm_original_radius,matched_er_4to1_chunk_1,6,MC,5.929272795716922,96
sign_test_er0.8__norm_original_radius,matched_er_4to1_chunk_1,6,cosine_similarity,-0.02497224183753125,96
sign_test_er0.8__norm_original_radius,matched_er_4to1_chunk_1,6,kl_to_gaussian,0.0,96
sign_test_er0.8__norm_original_radius,matched_er_4to1_chunk_1,6,wt_mean,-0.0029989724280312,96
sign_test_er0.8__norm_original_radius,matched_er_4to1_chunk_1,7,GR,11.023755125701427,96
sign_test_er0.8__norm_original_radius,matched_er_4to1_chunk_1,7,IPC,10.654873270470034,96
sign_test_er0.8__norm_original_radius,matched_er_4to1_chunk_1,7,KR,5.32305313150088,96
sign_test_er0.8__norm_original_radius,matched_er_4to1_chunk_1,7,MC,5.709802341957887,96
sign_test_er0.8__norm_original_radius,matched_er_4to1_chunk_1,7,cosine_similarity,-0.029134296346455747,96
sign_test_er0.8__norm_original_radius,matched_er_4to1_chunk_1,7,kl_to_gaussian,0.0,96
sign_test_er0.8__norm_original_radius,matched_er_4to1_chunk_1,7,wt_mean,-0.00299369497224685,96
sign_test_er0.8__norm_original_radius,matched_er_4to1_chunk_1,8,GR,10.332757083078226,96
sign_test_er0.8__norm_original_radius,matched_er_4to1_chunk_1,8,IPC,10.542531782281953,96
sign_test_er0.8__norm_original_radius,matched_er_4to1_chunk_1,8,KR,5.2664420294264955,96
sign_test_er0.8__norm_original_radius,matched_er_4to1_chunk_1,8,MC,5.7623385811845464,96
sign_test_er0.8__norm_original_radius,matched_er_4to1_chunk_1,8,cosine_similarity,-0.024694782216101826,96
sign_test_er0.8__norm_original_radius,matched_er_4to1_chunk_1,8,kl_to_gaussian,0.0,96
sign_test_er0.8__norm_original_radius,matched_er_4to1_chunk_1,8,wt_mean,-0.00303812208585435,96
sign_test_er0.8__norm_original_radius,matched_er_4to1_chunk_1,9,GR,11.670958451926708,96
sign_test_er0.8__norm_original_radius,matched_er_4to1_chunk_1,9,IPC,10.620975835930215,96
sign_test_er0.8__norm_original_radius,matched_er_4to1_chunk_1,9,KR,5.603630758821964,96
sign_test_er0.8__norm_original_radius,matched_er_4to1_chunk_1,9,MC,5.855548457552989,96
sign_test_er0.8__norm_original_radius,matched_er_4to1_chunk_1,9,cosine_similarity,-0.023307437077164626,96
sign_test_er0.8__norm_original_radius,matched_er_4to1_chunk_1,9,kl_to_gaussian,0.0,96
sign_test_er0.8__norm_original_radius,matched_er_4to1_chunk_1,9,wt_mean,-0.0031685818103141753,96
sign_test_er0.8__norm_original_radius,matched_er_4to1_chunk_10,50,GR,12.291670702397823,96
sign_test_er0.8__norm_original_radius,matched_er_4to1_chunk_10,50,IPC,10.600800124314778,96
sign_test_er0.8__norm_original_radius,matched_er_4to1_chunk_10,50,KR,6.221948146820068,96
sign_test_er0.8__norm_original_radius,matched_er_4to1_chunk_10,50,MC,5.983328523735206,96
sign_test_er0.8__norm_original_radius,matched_er_4to1_chunk_10,50,cosine_similarity,-0.026637069880962348,96
sign_test_er0.8__norm_original_radius,matched_er_4to1_chunk_10,50,kl_to_gaussian,0.0,96
sign_test_er0.8__norm_original_radius,matched_er_4to1_chunk_10,50,wt_mean,-0.003112497157417175,96
sign_test_er0.8__norm_original_radius,matched_er_4to1_chunk_10,51,GR,10.921178792913755,96
sign_test_er0.8__norm_original_radius,matched_er_4to1_chunk_10,51,IPC,10.485779038603836,96
sign_test_er0.8__norm_original_radius,matched_er_4to1_chunk_10,51,KR,5.358880008260409,96
sign_test_er0.8__norm_original_radius,matched_er_4to1_chunk_10,51,MC,5.659377925097942,96
sign_test_er0.8__norm_original_radius,matched_er_4to1_chunk_10,51,cosine_similarity,-0.030521639157086573,96
sign_test_er0.8__norm_original_radius,matched_er_4to1_chunk_10,51,kl_to_gaussian,0.0,96
sign_test_er0.8__norm_original_radius,matched_er_4to1_chunk_10,51,wt_mean,-0.00306519650621335,96
sign_test_er0.8__norm_original_radius,matched_er_4to1_chunk_10,52,GR,10.71948141604662,96
sign_test_er0.8__norm_original_radius,matched_er_4to1_chunk_10,52,IPC,10.62094465856948,96
sign_test_er0.8__norm_original_radius,matched_er_4to1_chunk_10,52,KR,5.438113088409106,96
sign_test_er0.8__norm_original_radius,matched_er_4to1_chunk_10,52,MC,5.950501047074795,96
sign_test_er0.8__norm_original_radius,matched_er_4to1_chunk_10,52,cosine_similarity,-0.025527191814035125,96
sign_test_er0.8__norm_original_radius,matched_er_4to1_chunk_10,52,kl_to_gaussian,0.0,96
sign_test_er0.8__norm_original_radius,matched_er_4to1_chunk_10,52,wt_mean,-0.00308524025604125,96
sign_test_er0.8__norm_original_radius,matched_er_4to1_chunk_10,53,GR,13.88233169913292,96
sign_test_er0.8__norm_original_radius,matched_er_4to1_chunk_10,53,IPC,11.5005250275508,96
sign_test_er0.8__norm_original_radius,matched_er_4to1_chunk_10,53,KR,6.742510395745437,96
sign_test_er0.8__norm_original_radius,matched_er_4to1_chunk_10,53,MC,6.477651695410411,96
sign_test_er0.8__norm_original_radius,matched_er_4to1_chunk_10,53,cosine_similarity,-0.024139842484146325,96
sign_test_er0.8__norm_original_radius,matched_er_4to1_chunk_10,53,kl_to_gaussian,0.0,96
sign_test_er0.8__norm_original_radius,matched_er_4to1_chunk_10,53,wt_mean,-0.003207330591976575,96
sign_test_er0.8__norm_original_radius,matched_er_4to1_chunk_10,54,GR,11.129728205502033,96
sign_test_er0.8__norm_original_radius,matched_er_4to1_chunk_10,54,IPC,11.21095018877903,96
sign_test_er0.8__norm_original_radius,matched_er_4to1_chunk_10,54,KR,5.531603194773197,96
sign_test_er0.8__norm_original_radius,matched_er_4to1_chunk_10,54,MC,6.307147208601236,96
sign_test_er0.8__norm_original_radius,matched_er_4to1_chunk_10,54,cosine_similarity,-0.028024411760270526,96
sign_test_er0.8__norm_original_radius,matched_er_4to1_chunk_10,54,kl_to_gaussian,0.0,96
sign_test_er0.8__norm_original_radius,matched_er_4to1_chunk_10,54,wt_mean,-0.0031025180360301752,96
sign_test_er0.8__norm_original_radius,matched_er_4to1_chunk_11,55,GR,10.745468094944954,96
sign_test_er0.8__norm_original_radius,matched_er_4to1_chunk_11,55,IPC,10.764227788804364,96
sign_test_er0.8__norm_original_radius,matched_er_4to1_chunk_11,55,KR,5.345610328018665,96
sign_test_er0.8__norm_original_radius,matched_er_4to1_chunk_11,55,MC,5.884644201646249,96
sign_test_er0.8__norm_original_radius,matched_er_4to1_chunk_11,55,cosine_similarity,-0.023307439405471028,96
sign_test_er0.8__norm_original_radius,matched_er_4to1_chunk_11,55,kl_to_gaussian,0.0,96
sign_test_er0.8__norm_original_radius,matched_er_4to1_chunk_11,55,wt_mean,-0.0030193754355422498,96
sign_test_er0.8__norm_original_radius,matched_er_4to1_chunk_11,56,GR,10.806687332689762,96
sign_test_er0.8__norm_original_radius,matched_er_4to1_chunk_11,56,IPC,11.01677036155565,96
sign_test_er0.8__norm_original_radius,matched_er_4to1_chunk_11,56,KR,5.577907782047987,96
sign_test_er0.8__norm_original_radius,matched_er_4to1_chunk_11,56,MC,6.080932851880789,96
sign_test_er0.8__norm_original_radius,matched_er_4to1_chunk_11,56,cosine_similarity,-0.023862383328378128,96
sign_test_er0.8__norm_original_radius,matched_er_4to1_chunk_11,56,kl_to_gaussian,0.0,96
sign_test_er0.8__norm_original_radius,matched_er_4to1_chunk_11,56,wt_mean,-0.0030095985857769253,96
sign_test_er0.8__norm_original_radius,matched_er_4to1_chunk_11,57,GR,11.356973389784494,96
sign_test_er0.8__norm_original_radius,matched_er_4to1_chunk_11,57,IPC,11.061324544561359,96
sign_test_er0.8__norm_original_radius,matched_er_4to1_chunk_11,57,KR,5.5167306537429495,96
sign_test_er0.8__norm_original_radius,matched_er_4to1_chunk_11,57,MC,5.886436142027378,96
sign_test_er0.8__norm_original_radius,matched_er_4to1_chunk_11,57,cosine_similarity,-0.02635960467159745,96
sign_test_er0.8__norm_original_radius,matched_er_4to1_chunk_11,57,kl_to_gaussian,0.0,96
sign_test_er0.8__norm_original_radius,matched_er_4to1_chunk_11,57,wt_mean,-0.00305518135428425,96
sign_test_er0.8__norm_original_radius,matched_er_4to1_chunk_11,58,GR,11.710708672801653,96
sign_test_er0.8__norm_original_radius,matched_er_4to1_chunk_11,58,IPC,10.87326931709831,96
sign_test_er0.8__norm_original_radius,matched_er_4to1_chunk_11,58,KR,5.69122854868571,96
sign_test_er0.8__norm_original_radius,matched_er_4to1_chunk_11,58,MC,5.936147976666689,96
sign_test_er0.8__norm_original_radius,matched_er_4to1_chunk_11,58,cosine_similarity,-0.025527184829115798,96
sign_test_er0.8__norm_original_radius,matched_er_4to1_chunk_11,58,kl_to_gaussian,0.0,96
sign_test_er0.8__norm_original_radius,matched_er_4to1_chunk_11,58,wt_mean,-0.0030591974500565997,96
sign_test_er0.8__norm_original_radius,matched_er_4to1_chunk_11,59,GR,10.841384574770927,96
sign_test_er0.8__norm_original_radius,matched_er_4to1_chunk_11,59,IPC,10.603569547944273,96
sign_test_er0.8__norm_original_radius,matched_er_4to1_chunk_11,59,KR,5.349529427786668,96
sign_test_er0.8__norm_original_radius,matched_er_4to1_chunk_11,59,MC,5.815217858801286,96
sign_test_er0.8__norm_original_radius,matched_er_4to1_chunk_11,59,cosine_similarity,-0.028579354751855076,96
sign_test_er0.8__norm_original_radius,matched_er_4to1_chunk_11,59,kl_to_gaussian,0.0,96
sign_test_er0.8__norm_original_radius,matched_er_4to1_chunk_11,59,wt_mean,-0.003066731907892925,96
sign_test_er0.8__norm_original_radius,matched_er_4to1_chunk_12,60,GR,10.389781102538109,96
sign_test_er0.8__norm_original_radius,matched_er_4to1_chunk_12,60,IPC,10.916776710620468,96
sign_test_er0.8__norm_original_radius,matched_er_4to1_chunk_12,60,KR,5.313816154996554,96
sign_test_er0.8__norm_original_radius,matched_er_4to1_chunk_12,60,MC,5.869044820467631,96
sign_test_er0.8__norm_original_radius,matched_er_4to1_chunk_12,60,cosine_similarity,-0.0280244126915931,96
sign_test_er0.8__norm_original_radius,matched_er_4to1_chunk_12,60,kl_to_gaussian,0.0,96
sign_test_er0.8__norm_original_radius,matched_er_4to1_chunk_12,60,wt_mean,-0.0030793619807809,96
sign_test_er0.8__norm_original_radius,matched_er_4to1_chunk_12,61,GR,12.486432520051798,96
sign_test_er0.8__norm_original_radius,matched_er_4to1_chunk_12,61,IPC,11.350981080984726,96
sign_test_er0.8__norm_original_radius,matched_er_4to1_chunk_12,61,KR,6.028053370614846,96
sign_test_er0.8__norm_original_radius,matched_er_4to1_chunk_12,61,MC,5.978482402861118,96
sign_test_er0.8__norm_original_radius,matched_er_4to1_chunk_12,61,cosine_similarity,-0.020532738417387,96
sign_test_er0.8__norm_original_radius,matched_er_4to1_chunk_12,61,kl_to_gaussian,0.0,96
sign_test_er0.8__norm_original_radius,matched_er_4to1_chunk_12,61,wt_mean,-0.003038809169083775,96
sign_test_er0.8__norm_original_radius,matched_er_4to1_chunk_12,62,GR,11.494121968746185,96
sign_test_er0.8__norm_original_radius,matched_er_4to1_chunk_12,62,IPC,11.202418482391709,96
sign_test_er0.8__norm_original_radius,matched_er_4to1_chunk_12,62,KR,5.766794758538405,96
sign_test_er0.8__norm_original_radius,matched_er_4to1_chunk_12,62,MC,6.143885654707749,96
sign_test_er0.8__norm_original_radius,matched_er_4to1_chunk_12,62,cosine_similarity,-0.02774694701656695,96
sign_test_er0.8__norm_original_radius,matched_er_4to1_chunk_12,62,kl_to_gaussian,0.0,96
sign_test_er0.8__norm_original_radius,matched_er_4to1_chunk_12,62,wt_mean,-0.00311454111943015,96
sign_test_er0.8__norm_original_radius,matched_er_4to1_chunk_12,63,GR,10.009562601645788,96
sign_test_er0.8__norm_original_radius,matched_er_4to1_chunk_12,63,IPC,10.87266559300587,96
sign_test_er0.8__norm_original_radius,matched_er_4to1_chunk_12,63,KR,4.992507332315047,96
sign_test_er0.8__norm_original_radius,matched_er_4to1_chunk_12,63,MC,5.758713213105996,96
sign_test_er0.8__norm_original_radius,matched_er_4to1_chunk_12,63,cosine_similarity,-0.02552719088271255,96
sign_test_er0.8__norm_original_radius,matched_er_4to1_chunk_12,63,kl_to_gaussian,0.0,96
sign_test_er0.8__norm_original_radius,matched_er_4to1_chunk_12,63,wt_mean,-0.003021383483428475,96
sign_test_er0.8__norm_original_radius,matched_er_4to1_chunk_12,64,GR,10.414587875207266,96
sign_test_er0.8__norm_original_radius,matched_er_4to1_chunk_12,64,IPC,10.197540992126214,96
sign_test_er0.8__norm_original_radius,matched_er_4to1_chunk_12,64,KR,5.259172905236483,96
sign_test_er0.8__norm_original_radius,matched_er_4to1_chunk_12,64,MC,5.6861036469539,96
sign_test_er0.8__norm_original_radius,matched_er_4to1_chunk_12,64,cosine_similarity,-0.022197559475898673,96
sign_test_er0.8__norm_original_radius,matched_er_4to1_chunk_12,64,kl_to_gaussian,0.0,96
sign_test_er0.8__norm_original_radius,matched_er_4to1_chunk_12,64,wt_mean,-0.00299644801998505,96
sign_test_er0.8__norm_original_radius,matched_er_4to1_chunk_13,65,GR,11.317919358611107,96
sign_test_er0.8__norm_original_radius,matched_er_4to1_chunk_13,65,IPC,11.061465852644035,96
sign_test_er0.8__norm_original_radius,matched_er_4to1_chunk_13,65,KR,5.605514499048392,96
sign_test_er0.8__norm_original_radius,matched_er_4to1_chunk_13,65,MC,5.918991984178622,96
sign_test_er0.8__norm_original_radius,matched_er_4to1_chunk_13,65,cosine_similarity,-0.030521641019731722,96
sign_test_er0.8__norm_original_radius,matched_er_4to1_chunk_13,65,kl_to_gaussian,0.0,96
sign_test_er0.8__norm_original_radius,matched_er_4to1_chunk_13,65,wt_mean,-0.00310891232220455,96
sign_test_er0.8__norm_original_radius,matched_er_4to1_chunk_13,66,GR,10.558254631857077,96
sign_test_er0.8__norm_original_radius,matched_er_4to1_chunk_13,66,IPC,10.128770346175143,96
sign_test_er0.8__norm_original_radius,matched_er_4to1_chunk_13,66,KR,5.212238006293774,96
sign_test_er0.8__norm_original_radius,matched_er_4to1_chunk_13,66,MC,5.634825338919957,96
sign_test_er0.8__norm_original_radius,matched_er_4to1_chunk_13,66,cosine_similarity,-0.0271920002996921,96
sign_test_er0.8__norm_original_radius,matched_er_4to1_chunk_13,66,kl_to_gaussian,0.0,96
sign_test_er0.8__norm_original_radius,matched_er_4to1_chunk_13,66,wt_mean,-0.003092978848144375,96
sign_test_er0.8__norm_original_radius,matched_er_4to1_chunk_13,67,GR,10.900039958457151,96
sign_test_er0.8__norm_original_radius,matched_er_4to1_chunk_13,67,IPC,10.236940484247855,96
sign_test_er0.8__norm_original_radius,matched_er_4to1_chunk_13,67,KR,5.39131519322594,96
sign_test_er0.8__norm_original_radius,matched_er_4to1_chunk_13,67,MC,5.700225815176964,96
sign_test_er0.8__norm_original_radius,matched_er_4to1_chunk_13,67,cosine_similarity,-0.027192013338208126,96
sign_test_er0.8__norm_original_radius,matched_er_4to1_chunk_13,67,kl_to_gaussian,0.0,96
sign_test_er0.8__norm_original_radius,matched_er_4to1_chunk_13,67,wt_mean,-0.003060381975956225,96
sign_test_er0.8__norm_original_radius,matched_er_4to1_chunk_13,68,GR,10.941956989467144,96
sign_test_er0.8__norm_original_radius,matched_er_4to1_chunk_13,68,IPC,10.681491786747818,96
sign_test_er0.8__norm_original_radius,matched_er_4to1_chunk_13,68,KR,5.465573047598203,96
sign_test_er0.8__norm_original_radius,matched_er_4to1_chunk_13,68,MC,5.97944505016009,96
sign_test_er0.8__norm_original_radius,matched_er_4to1_chunk_13,68,cosine_similarity,-0.023862374946475,96
sign_test_er0.8__norm_original_radius,matched_er_4to1_chunk_13,68,kl_to_gaussian,0.0,96
sign_test_er0.8__norm_original_radius,matched_er_4to1_chunk_13,68,wt_mean,-0.003083920513745375,96
sign_test_er0.8__norm_original_radius,matched_er_4to1_chunk_13,69,GR,11.886784844100475,96
sign_test_er0.8__norm_original_radius,matched_er_4to1_chunk_13,69,IPC,11.112328440422273,96
sign_test_er0.8__norm_original_radius,matched_er_4to1_chunk_13,69,KR,5.854387352863948,96
sign_test_er0.8__norm_original_radius,matched_er_4to1_chunk_13,69,MC,6.14926662047704,96
sign_test_er0.8__norm_original_radius,matched_er_4to1_chunk_13,69,cosine_similarity,-0.0244173109531402,96
sign_test_er0.8__norm_original_radius,matched_er_4to1_chunk_13,69,kl_to_gaussian,0.0,96
sign_test_er0.8__norm_original_radius,matched_er_4to1_chunk_13,69,wt_mean,-0.003051047970075125,96
sign_test_er0.8__norm_original_radius,matched_er_4to1_chunk_14,70,GR,10.9280786216259,96
sign_test_er0.8__norm_original_radius,matched_er_4to1_chunk_14,70,IPC,10.071356041963924,96
sign_test_er0.8__norm_original_radius,matched_er_4to1_chunk_14,70,KR,5.382156985501449,96
sign_test_er0.8__norm_original_radius,matched_er_4to1_chunk_14,70,MC,5.647345462193091,96
sign_test_er0.8__norm_original_radius,matched_er_4to1_chunk_14,70,cosine_similarity,-0.021642618346959325,96
sign_test_er0.8__norm_original_radius,matched_er_4to1_chunk_14,70,kl_to_gaussian,0.0,96
sign_test_er0.8__norm_original_radius,matched_er_4to1_chunk_14,70,wt_mean,-0.0030534241814165752,96
sign_test_er0.8__norm_original_radius,matched_er_4to1_chunk_14,71,GR,10.806398339569569,96
sign_test_er0.8__norm_original_radius,matched_er_4to1_chunk_14,71,IPC,11.238890223706882,96
sign_test_er0.8__norm_original_radius,matched_er_4to1_chunk_14,71,KR,5.419950560977061,96
sign_test_er0.8__norm_original_radius,matched_er_4to1_chunk_14,71,MC,6.126003332436085,96
sign_test_er0.8__norm_original_radius,matched_er_4to1_chunk_14,71,cosine_similarity,-0.025527186226099674,96
sign_test_er0.8__norm_original_radius,matched_er_4to1_chunk_14,71,kl_to_gaussian,0.0,96
sign_test_er0.8__norm_original_radius,matched_er_4to1_chunk_14,71,wt_mean,-0.0030761829693801003,96
sign_test_er0.8__norm_original_radius,matched_er_4to1_chunk_14,72,GR,10.734631483753523,96
sign_test_er0.8__norm_original_radius,matched_er_4to1_chunk_14,72,IPC,11.121367598853203,96
sign_test_er0.8__norm_original_radius,matched_er_4to1_chunk_14,72,KR,5.319180740664403,96
sign_test_er0.8__norm_original_radius,matched_er_4to1_chunk_14,72,MC,6.119506736596425,96
sign_test_er0.8__norm_original_radius,matched_er_4to1_chunk_14,72,cosine_similarity,-0.025249721948057347,96
sign_test_er0.8__norm_original_radius,matched_er_4to1_chunk_14,72,kl_to_gaussian,0.0,96
sign_test_er0.8__norm_original_radius,matched_er_4to1_chunk_14,72,wt_mean,-0.0030885466840117498,96
sign_test_er0.8__norm_original_radius,matched_er_4to1_chunk_14,73,GR,11.137898288667202,96
sign_test_er0.8__norm_original_radius,matched_er_4to1_chunk_14,73,IPC,11.111684362372591,96
sign_test_er0.8__norm_original_radius,matched_er_4to1_chunk_14,73,KR,5.553338721394539,96
sign_test_er0.8__norm_original_radius,matched_er_4to1_chunk_14,73,MC,5.978807183603446,96
sign_test_er0.8__norm_original_radius,matched_er_4to1_chunk_14,73,cosine_similarity,-0.02552719460800285,96
sign_test_er0.8__norm_original_radius,matched_er_4to1_chunk_14,73,kl_to_gaussian,0.0,96
sign_test_er0.8__norm_original_radius,matched_er_4to1_chunk_14,73,wt_mean,-0.0031017733854240997,96
sign_test_er0.8__norm_original_radius,matched_er_4to1_chunk_14,74,GR,11.769882947206497,96
sign_test_er0.8__norm_original_radius,matched_er_4to1_chunk_14,74,IPC,11.109852310827934,96
sign_test_er0.8__norm_original_radius,matched_er_4to1_chunk_14,74,KR,5.636801101267338,96
sign_test_er0.8__norm_original_radius,matched_er_4to1_chunk_14,74,MC,5.836272045969963,96
sign_test_er0.8__norm_original_radius,matched_er_4to1_chunk_14,74,cosine_similarity,-0.021920083556324226,96
sign_test_er0.8__norm_original_radius,matched_er_4to1_chunk_14,74,kl_to_gaussian,0.0,96
sign_test_er0.8__norm_original_radius,matched_er_4to1_chunk_14,74,wt_mean,-0.003122492111287975,96
sign_test_er0.8__norm_original_radius,matched_er_4to1_chunk_15,75,GR,9.782883415619532,96
sign_test_er0.8__norm_original_radius,matched_er_4to1_chunk_15,75,IPC,10.590937128802386,96
sign_test_er0.8__norm_original_radius,matched_er_4to1_chunk_15,75,KR,4.934613653769095,96
sign_test_er0.8__norm_original_radius,matched_er_4to1_chunk_15,75,MC,5.7790313474833965,96
sign_test_er0.8__norm_original_radius,matched_er_4to1_chunk_15,75,cosine_similarity,-0.02330743754282588,96
sign_test_er0.8__norm_original_radius,matched_er_4to1_chunk_15,75,kl_to_gaussian,0.0,96
sign_test_er0.8__norm_original_radius,matched_er_4to1_chunk_15,75,wt_mean,-0.0030611852416768,96
sign_test_er0.8__norm_original_radius,matched_er_4to1_chunk_15,76,GR,11.296697236597538,96
sign_test_er0.8__norm_original_radius,matched_er_4to1_chunk_15,76,IPC,11.311136127025264,96
sign_test_er0.8__norm_original_radius,matched_er_4to1_chunk_15,76,KR,5.572432025025289,96
sign_test_er0.8__norm_original_radius,matched_er_4to1_chunk_15,76,MC,6.328065350651741,96
sign_test_er0.8__norm_original_radius,matched_er_4to1_chunk_15,76,cosine_similarity,-0.02081020735204215,96
sign_test_er0.8__norm_original_radius,matched_er_4to1_chunk_15,76,kl_to_gaussian,0.0,96
sign_test_er0.8__norm_original_radius,matched_er_4to1_chunk_15,76,wt_mean,-0.0031411806121468,96
sign_test_er0.8__norm_original_radius,matched_er_4to1_chunk_15,77,GR,11.311532532175383,96
sign_test_er0.8__norm_original_radius,matched_er_4to1_chunk_15,77,IPC,10.950514532424776,96
sign_test_er0.8__norm_original_radius,matched_er_4to1_chunk_15,77,KR,5.734492472062509,96
sign_test_er0.8__norm_original_radius,matched_er_4to1_chunk_15,77,MC,6.094448857009411,96
sign_test_er0.8__norm_original_radius,matched_er_4to1_chunk_15,77,cosine_similarity,-0.02358490740880365,96
sign_test_er0.8__norm_original_radius,matched_er_4to1_chunk_15,77,kl_to_gaussian,0.0,96
sign_test_er0.8__norm_original_radius,matched_er_4to1_chunk_15,77,wt_mean,-0.0030821373220533,96
sign_test_er0.8__norm_original_radius,matched_er_4to1_chunk_15,78,GR,11.548774828513464,96
sign_test_er0.8__norm_original_radius,matched_er_4to1_chunk_15,78,IPC,11.075178301391498,96
sign_test_er0.8__norm_original_radius,matched_er_4to1_chunk_15,78,KR,5.558202837904294,96
sign_test_er0.8__norm_original_radius,matched_er_4to1_chunk_15,78,MC,6.150956915070613,96
sign_test_er0.8__norm_original_radius,matched_er_4to1_chunk_15,78,cosine_similarity,-0.026914536952972398,96
sign_test_er0.8__norm_original_radius,matched_er_4to1_chunk_15,78,kl_to_gaussian,0.0,96
sign_test_er0.8__norm_original_radius,matched_er_4to1_chunk_15,78,wt_mean,-0.003053605381865,96
sign_test_er0.8__norm_original_radius,matched_er_4to1_chunk_15,79,GR,11.368929920097193,96
sign_test_er0.8__norm_original_radius,matched_er_4to1_chunk_15,79,IPC,10.780681625579115,96
sign_test_er0.8__norm_original_radius,matched_er_4to1_chunk_15,79,KR,5.627447304626306,96
sign_test_er0.8__norm_original_radius,matched_er_4to1_chunk_15,79,MC,5.997495080033938,96
sign_test_er0.8__norm_original_radius,matched_er_4to1_chunk_15,79,cosine_similarity,-0.02192008960992095,96
sign_test_er0.8__norm_original_radius,matched_er_4to1_chunk_15,79,kl_to_gaussian,0.0,96
sign_test_er0.8__norm_original_radius,matched_er_4to1_chunk_15,79,wt_mean,-0.003076627035625225,96
sign_test_er0.8__norm_original_radius,matched_er_4to1_chunk_16,80,GR,11.09973901261886,96
sign_test_er0.8__norm_original_radius,matched_er_4to1_chunk_16,80,IPC,9.830711061125475,96
sign_test_er0.8__norm_original_radius,matched_er_4to1_chunk_16,80,KR,5.466337161759536,96
sign_test_er0.8__norm_original_radius,matched_er_4to1_chunk_16,80,MC,5.807847609122594,96
sign_test_er0.8__norm_original_radius,matched_er_4to1_chunk_16,80,cosine_similarity,-0.022475026082247426,96
sign_test_er0.8__norm_original_radius,matched_er_4to1_chunk_16,80,kl_to_gaussian,0.0,96
sign_test_er0.8__norm_original_radius,matched_er_4to1_chunk_16,80,wt_mean,-0.0031190642621367498,96
sign_test_er0.8__norm_original_radius,matched_er_4to1_chunk_16,81,GR,11.508989244699478,96
sign_test_er0.8__norm_original_radius,matched_er_4to1_chunk_16,81,IPC,9.680256712744976,96
sign_test_er0.8__norm_original_radius,matched_er_4to1_chunk_16,81,KR,5.683244167516629,96
sign_test_er0.8__norm_original_radius,matched_er_4to1_chunk_16,81,MC,5.6823371052742,96
sign_test_er0.8__norm_original_radius,matched_er_4to1_chunk_16,81,cosine_similarity,-0.030521643813699453,96
sign_test_er0.8__norm_original_radius,matched_er_4to1_chunk_16,81,kl_to_gaussian,0.0,96
sign_test_er0.8__norm_original_radius,matched_er_4to1_chunk_16,81,wt_mean,-0.0030943581950850247,96
sign_test_er0.8__norm_original_radius,matched_er_4to1_chunk_16,82,GR,11.235283623139063,96
sign_test_er0.8__norm_original_radius,matched_er_4to1_chunk_16,82,IPC,9.133099493141616,96
sign_test_er0.8__norm_original_radius,matched_er_4to1_chunk_16,82,KR,5.5909484426180525,96
sign_test_er0.8__norm_original_radius,matched_er_4to1_chunk_16,82,MC,5.413022146870692,96
sign_test_er0.8__norm_original_radius,matched_er_4to1_chunk_16,82,cosine_similarity,-0.020810212008655,96
sign_test_er0.8__norm_original_radius,matched_er_4to1_chunk_16,82,kl_to_gaussian,0.0,96
sign_test_er0.8__norm_original_radius,matched_er_4to1_chunk_16,82,wt_mean,-0.003040313720703075,96
sign_test_er0.8__norm_original_radius,matched_er_4to1_chunk_16,83,GR,12.254854582250118,96
sign_test_er0.8__norm_original_radius,matched_er_4to1_chunk_16,83,IPC,9.235054975379994,96
sign_test_er0.8__norm_original_radius,matched_er_4to1_chunk_16,83,KR,5.886354456345241,96
sign_test_er0.8__norm_original_radius,matched_er_4to1_chunk_16,83,MC,5.44197915494442,96
sign_test_er0.8__norm_original_radius,matched_er_4to1_chunk_16,83,cosine_similarity,-0.0208102115429937,96
sign_test_er0.8__norm_original_radius,matched_er_4to1_chunk_16,83,kl_to_gaussian,0.0,96
sign_test_er0.8__norm_original_radius,matched_er_4to1_chunk_16,83,wt_mean,-0.0030952577944844497,96
sign_test_er0.8__norm_original_radius,matched_er_4to1_chunk_16,84,GR,10.868443923691908,96
sign_test_er0.8__norm_original_radius,matched_er_4to1_chunk_16,84,IPC,10.061837724961626,96
sign_test_er0.8__norm_original_radius,matched_er_4to1_chunk_16,84,KR,5.478624997039636,96
sign_test_er0.8__norm_original_radius,matched_er_4to1_chunk_16,84,MC,5.811813712120056,96
sign_test_er0.8__norm_original_radius,matched_er_4to1_chunk_16,84,cosine_similarity,-0.02164262020960445,96
sign_test_er0.8__norm_original_radius,matched_er_4to1_chunk_16,84,kl_to_gaussian,0.0,96
sign_test_er0.8__norm_original_radius,matched_er_4to1_chunk_16,84,wt_mean,-0.0030632704147137498,96
sign_test_er0.8__norm_original_radius,matched_er_4to1_chunk_17,85,GR,11.293764675656954,96
sign_test_er0.8__norm_original_radius,matched_er_4to1_chunk_17,85,IPC,9.629843261499227,96
sign_test_er0.8__norm_original_radius,matched_er_4to1_chunk_17,85,KR,5.613634824752808,96
sign_test_er0.8__norm_original_radius,matched_er_4to1_chunk_17,85,MC,5.690881555279096,96
sign_test_er0.8__norm_original_radius,matched_er_4to1_chunk_17,85,cosine_similarity,-0.02968923421576615,96
sign_test_er0.8__norm_original_radius,matched_er_4to1_chunk_17,85,kl_to_gaussian,0.0,96
sign_test_er0.8__norm_original_radius,matched_er_4to1_chunk_17,85,wt_mean,-0.003050645580515225,96
sign_test_er0.8__norm_original_radius,matched_er_4to1_chunk_17,86,GR,11.412297656138739,96
sign_test_er0.8__norm_original_radius,matched_er_4to1_chunk_17,86,IPC,9.39412893830577,96
sign_test_er0.8__norm_original_radius,matched_er_4to1_chunk_17,86,KR,5.498305646081765,96
sign_test_er0.8__norm_original_radius,matched_er_4to1_chunk_17,86,MC,5.586910209308068,96
sign_test_er0.8__norm_original_radius,matched_er_4to1_chunk_17,86,cosine_similarity,-0.017758043948560925,96
sign_test_er0.8__norm_original_radius,matched_er_4to1_chunk_17,86,kl_to_gaussian,0.0,96
sign_test_er0.8__norm_original_radius,matched_er_4to1_chunk_17,86,wt_mean,-0.003148676594719275,96
sign_test_er0.8__norm_original_radius,matched_er_4to1_chunk_17,87,GR,11.228990932305654,96
sign_test_er0.8__norm_original_radius,matched_er_4to1_chunk_17,87,IPC,9.482770372290922,96
sign_test_er0.8__norm_original_radius,matched_er_4to1_chunk_17,87,KR,5.455087602138519,96
sign_test_er0.8__norm_original_radius,matched_er_4to1_chunk_17,87,MC,5.362599454820156,96
sign_test_er0.8__norm_original_radius,matched_er_4to1_chunk_17,87,cosine_similarity,-0.0233074342831969,96
sign_test_er0.8__norm_original_radius,matched_er_4to1_chunk_17,87,kl_to_gaussian,0.0,96
sign_test_er0.8__norm_original_radius,matched_er_4to1_chunk_17,87,wt_mean,-0.0030608021188527,96
sign_test_er0.8__norm_original_radius,matched_er_4to1_chunk_17,88,GR,11.999196936686834,96
sign_test_er0.8__norm_original_radius,matched_er_4to1_chunk_17,88,IPC,9.349360159941622,96
sign_test_er0.8__norm_original_radius,matched_er_4to1_chunk_17,88,KR,5.642983488738537,96
sign_test_er0.8__norm_original_radius,matched_er_4to1_chunk_17,88,MC,5.261184225479762,96
sign_test_er0.8__norm_original_radius,matched_er_4to1_chunk_17,88,cosine_similarity,-0.0269145364873111,96
sign_test_er0.8__norm_original_radius,matched_er_4to1_chunk_17,88,kl_to_gaussian,0.0,96
sign_test_er0.8__norm_original_radius,matched_er_4to1_chunk_17,88,wt_mean,-0.003124522860161925,96
sign_test_er0.8__norm_original_radius,matched_er_4to1_chunk_17,89,GR,10.875745221972466,96
sign_test_er0.8__norm_original_radius,matched_er_4to1_chunk_17,89,IPC,9.028282787542327,96
sign_test_er0.8__norm_original_radius,matched_er_4to1_chunk_17,89,KR,5.359348914275567,96
sign_test_er0.8__norm_original_radius,matched_er_4to1_chunk_17,89,MC,5.407644784698884,96
sign_test_er0.8__norm_original_radius,matched_er_4to1_chunk_17,89,cosine_similarity,-0.025527193211019025,96
sign_test_er0.8__norm_original_radius,matched_er_4to1_chunk_17,89,kl_to_gaussian,0.0,96
sign_test_er0.8__norm_original_radius,matched_er_4to1_chunk_17,89,wt_mean,-0.0030768734868615246,96
sign_test_er0.8__norm_original_radius,matched_er_4to1_chunk_18,90,GR,11.792632761100927,96
sign_test_er0.8__norm_original_radius,matched_er_4to1_chunk_18,90,IPC,10.12654905794748,96
sign_test_er0.8__norm_original_radius,matched_er_4to1_chunk_18,90,KR,5.8175019944707556,96
sign_test_er0.8__norm_original_radius,matched_er_4to1_chunk_18,90,MC,5.767560459673405,96
sign_test_er0.8__norm_original_radius,matched_er_4to1_chunk_18,90,cosine_similarity,-0.026914537418633675,96
sign_test_er0.8__norm_original_radius,matched_er_4to1_chunk_18,90,kl_to_gaussian,0.0,96
sign_test_er0.8__norm_original_radius,matched_er_4to1_chunk_18,90,wt_mean,-0.003049438179004875,96
sign_test_er0.8__norm_original_radius,matched_er_4to1_chunk_18,91,GR,11.398122789959112,96
sign_test_er0.8__norm_original_radius,matched_er_4to1_chunk_18,91,IPC,9.601650312332108,96
sign_test_er0.8__norm_original_radius,matched_er_4to1_chunk_18,91,KR,5.601043619215488,96
sign_test_er0.8__norm_original_radius,matched_er_4to1_chunk_18,91,MC,5.467941996951898,96
sign_test_er0.8__norm_original_radius,matched_er_4to1_chunk_18,91,cosine_similarity,-0.030799115076661072,96
sign_test_er0.8__norm_original_radius,matched_er_4to1_chunk_18,91,kl_to_gaussian,0.0,96
sign_test_er0.8__norm_original_radius,matched_er_4to1_chunk_18,91,wt_mean,-0.0030577082652598,96
sign_test_er0.8__norm_original_radius,matched_er_4to1_chunk_18,92,GR,10.833200417459011,96
sign_test_er0.8__norm_original_radius,matched_er_4to1_chunk_18,92,IPC,9.611659315156514,96
sign_test_er0.8__norm_original_radius,matched_er_4to1_chunk_18,92,KR,5.486924106876056,96
sign_test_er0.8__norm_original_radius,matched_er_4to1_chunk_18,92,MC,5.611973453313112,96
sign_test_er0.8__norm_original_radius,matched_er_4to1_chunk_18,92,cosine_similarity,-0.0357935689389705,96
sign_test_er0.8__norm_original_radius,matched_er_4to1_chunk_18,92,kl_to_gaussian,0.0,96
sign_test_er0.8__norm_original_radius,matched_er_4to1_chunk_18,92,wt_mean,-0.0030495428945869,96
sign_test_er0.8__norm_original_radius,matched_er_4to1_chunk_18,93,GR,11.209644178549448,96
sign_test_er0.8__norm_original_radius,matched_er_4to1_chunk_18,93,IPC,9.55425920038405,96
sign_test_er0.8__norm_original_radius,matched_er_4to1_chunk_18,93,KR,5.521166630089283,96
sign_test_er0.8__norm_original_radius,matched_er_4to1_chunk_18,93,MC,5.703972694774468,96
sign_test_er0.8__norm_original_radius,matched_er_4to1_chunk_18,93,cosine_similarity,-0.0294117629528045,96
sign_test_er0.8__norm_original_radius,matched_er_4to1_chunk_18,93,kl_to_gaussian,0.0,96
sign_test_er0.8__norm_original_radius,matched_er_4to1_chunk_18,93,wt_mean,-0.00308178871637205,96
sign_test_er0.8__norm_original_radius,matched_er_4to1_chunk_18,94,GR,11.134367244939009,96
sign_test_er0.8__norm_original_radius,matched_er_4to1_chunk_18,94,IPC,9.705895753493222,96
sign_test_er0.8__norm_original_radius,matched_er_4to1_chunk_18,94,KR,5.353128995746374,96
sign_test_er0.8__norm_original_radius,matched_er_4to1_chunk_18,94,MC,5.431537923713525,96
sign_test_er0.8__norm_original_radius,matched_er_4to1_chunk_18,94,cosine_similarity,-0.027192013338208126,96
sign_test_er0.8__norm_original_radius,matched_er_4to1_chunk_18,94,kl_to_gaussian,0.0,96
sign_test_er0.8__norm_original_radius,matched_er_4to1_chunk_18,94,wt_mean,-0.0031313003855757246,96
sign_test_er0.8__norm_original_radius,matched_er_4to1_chunk_19,95,GR,11.720006632308165,96
sign_test_er0.8__norm_original_radius,matched_er_4to1_chunk_19,95,IPC,9.302822705434918,96
sign_test_er0.8__norm_original_radius,matched_er_4to1_chunk_19,95,KR,5.622061846156915,96
sign_test_er0.8__norm_original_radius,matched_er_4to1_chunk_19,95,MC,5.518912612150113,96
sign_test_er0.8__norm_original_radius,matched_er_4to1_chunk_19,95,cosine_similarity,-0.026359605137258723,96
sign_test_er0.8__norm_original_radius,matched_er_4to1_chunk_19,95,kl_to_gaussian,0.0,96
sign_test_er0.8__norm_original_radius,matched_er_4to1_chunk_19,95,wt_mean,-0.0031071007251739246,96
sign_test_er0.8__norm_original_radius,matched_er_4to1_chunk_19,96,GR,12.844345912337303,96
sign_test_er0.8__norm_original_radius,matched_er_4to1_chunk_19,96,IPC,9.400876524670375,96
sign_test_er0.8__norm_original_radius,matched_er_4to1_chunk_19,96,KR,6.080195430666208,96
sign_test_er0.8__norm_original_radius,matched_er_4to1_chunk_19,96,MC,5.477605931460857,96
sign_test_er0.8__norm_original_radius,matched_er_4to1_chunk_19,96,cosine_similarity,-0.022197562269866425,96
sign_test_er0.8__norm_original_radius,matched_er_4to1_chunk_19,96,kl_to_gaussian,0.0,96
sign_test_er0.8__norm_original_radius,matched_er_4to1_chunk_19,96,wt_mean,-0.0031123392400331253,96
sign_test_er0.8__norm_original_radius,matched_er_4to1_chunk_19,97,GR,11.563127517700195,96
sign_test_er0.8__norm_original_radius,matched_er_4to1_chunk_19,97,IPC,10.021084159893965,96
sign_test_er0.8__norm_original_radius,matched_er_4to1_chunk_19,97,KR,5.803264739612739,96
sign_test_er0.8__norm_original_radius,matched_er_4to1_chunk_19,97,MC,5.741142548620701,96
sign_test_er0.8__norm_original_radius,matched_er_4to1_chunk_19,97,cosine_similarity,-0.02580465981736775,96
sign_test_er0.8__norm_original_radius,matched_er_4to1_chunk_19,97,kl_to_gaussian,0.0,96
sign_test_er0.8__norm_original_radius,matched_er_4to1_chunk_19,97,wt_mean,-0.0030813417979515755,96
sign_test_er0.8__norm_original_radius,matched_er_4to1_chunk_19,98,GR,11.803640484809875,96
sign_test_er0.8__norm_original_radius,matched_er_4to1_chunk_19,98,IPC,9.758764741796343,96
sign_test_er0.8__norm_original_radius,matched_er_4to1_chunk_19,98,KR,5.87475789959232,96
sign_test_er0.8__norm_original_radius,matched_er_4to1_chunk_19,98,MC,5.684566585967938,96
sign_test_er0.8__norm_original_radius,matched_er_4to1_chunk_19,98,cosine_similarity,-0.024694783613085674,96
sign_test_er0.8__norm_original_radius,matched_er_4to1_chunk_19,98,kl_to_gaussian,0.0,96
sign_test_er0.8__norm_original_radius,matched_er_4to1_chunk_19,98,wt_mean,-0.00309880793793125,96
sign_test_er0.8__norm_original_radius,matched_er_4to1_chunk_19,99,GR,10.693430823584398,96
sign_test_er0.8__norm_original_radius,matched_er_4to1_chunk_19,99,IPC,9.290257604012918,96
sign_test_er0.8__norm_original_radius,matched_er_4to1_chunk_19,99,KR,5.41528245806694,96
sign_test_er0.8__norm_original_radius,matched_er_4to1_chunk_19,99,MC,5.46529512355725,96
sign_test_er0.8__norm_original_radius,matched_er_4to1_chunk_19,99,cosine_similarity,-0.02386237168684595,96
sign_test_er0.8__norm_original_radius,matched_er_4to1_chunk_19,99,kl_to_gaussian,0.0,96
sign_test_er0.8__norm_original_radius,matched_er_4to1_chunk_19,99,wt_mean,-0.00308432796737175,96
sign_test_er0.8__norm_original_radius,matched_er_4to1_chunk_2,10,GR,11.31581753740708,96
sign_test_er0.8__norm_original_radius,matched_er_4to1_chunk_2,10,IPC,10.672178040474869,96
sign_test_er0.8__norm_original_radius,matched_er_4to1_chunk_2,10,KR,5.523397910098235,96
sign_test_er0.8__norm_original_radius,matched_er_4to1_chunk_2,10,MC,5.89357844243447,96
sign_test_er0.8__norm_original_radius,matched_er_4to1_chunk_2,10,cosine_similarity,-0.0271920040249824,96
sign_test_er0.8__norm_original_radius,matched_er_4to1_chunk_2,10,kl_to_gaussian,0.0,96
sign_test_er0.8__norm_original_radius,matched_er_4to1_chunk_2,10,wt_mean,-0.00308070261962705,96
sign_test_er0.8__norm_original_radius,matched_er_4to1_chunk_2,11,GR,10.72550818324089,96
sign_test_er0.8__norm_original_radius,matched_er_4to1_chunk_2,11,IPC,11.457143368898075,96
sign_test_er0.8__norm_original_radius,matched_er_4to1_chunk_2,11,KR,5.500415954738855,96
sign_test_er0.8__norm_original_radius,matched_er_4to1_chunk_2,11,MC,6.280021409193675,96
sign_test_er0.8__norm_original_radius,matched_er_4to1_chunk_2,11,cosine_similarity,-0.029689233750104876,96
sign_test_er0.8__norm_original_radius,matched_er_4to1_chunk_2,11,kl_to_gaussian,0.0,96
sign_test_er0.8__norm_original_radius,matched_er_4to1_chunk_2,11,wt_mean,-0.003023825527634425,96
sign_test_er0.8__norm_original_radius,matched_er_4to1_chunk_2,12,GR,12.902241823573908,96
sign_test_er0.8__norm_original_radius,matched_er_4to1_chunk_2,12,IPC,10.862172933901766,96
sign_test_er0.8__norm_original_radius,matched_er_4to1_chunk_2,12,KR,6.161901493867238,96
sign_test_er0.8__norm_original_radius,matched_er_4to1_chunk_2,12,MC,5.8481452614068985,96
sign_test_er0.8__norm_original_radius,matched_er_4to1_chunk_2,12,cosine_similarity,-0.0244173109531402,96
sign_test_er0.8__norm_original_radius,matched_er_4to1_chunk_2,12,kl_to_gaussian,0.0,96
sign_test_er0.8__norm_original_radius,matched_er_4to1_chunk_2,12,wt_mean,-0.0030639346223324,96
sign_test_er0.8__norm_original_radius,matched_er_4to1_chunk_2,13,GR,12.330107241868973,96
sign_test_er0.8__norm_original_radius,matched_er_4to1_chunk_2,13,IPC,10.73734820660723,96
sign_test_er0.8__norm_original_radius,matched_er_4to1_chunk_2,13,KR,6.110497646033764,96
sign_test_er0.8__norm_original_radius,matched_er_4to1_chunk_2,13,MC,6.229608170688152,96
sign_test_er0.8__norm_original_radius,matched_er_4to1_chunk_2,13,cosine_similarity,-0.021642621606588298,96
sign_test_er0.8__norm_original_radius,matched_er_4to1_chunk_2,13,kl_to_gaussian,0.0,96
sign_test_er0.8__norm_original_radius,matched_er_4to1_chunk_2,13,wt_mean,-0.003123282047454225,96
sign_test_er0.8__norm_original_radius,matched_er_4to1_chunk_2,14,GR,11.018778085708618,96
sign_test_er0.8__norm_original_radius,matched_er_4to1_chunk_2,14,IPC,10.846049700400918,96
sign_test_er0.8__norm_original_radius,matched_er_4to1_chunk_2,14,KR,5.365421414375305,96
sign_test_er0.8__norm_original_radius,matched_er_4to1_chunk_2,14,MC,5.827203390498956,96
sign_test_er0.8__norm_original_radius,matched_er_4to1_chunk_2,14,cosine_similarity,-0.024694779887795403,96
sign_test_er0.8__norm_original_radius,matched_er_4to1_chunk_2,14,kl_to_gaussian,0.0,96
sign_test_er0.8__norm_original_radius,matched_er_4to1_chunk_2,14,wt_mean,-0.003110564721282525,96
sign_test_er0.8__norm_original_radius,matched_er_4to1_chunk_3,15,GR,10.8339301298062,96
sign_test_er0.8__norm_original_radius,matched_er_4to1_chunk_3,15,IPC,10.682786789932933,96
sign_test_er0.8__norm_original_radius,matched_er_4to1_chunk_3,15,KR,5.371971562504768,96
sign_test_er0.8__norm_original_radius,matched_er_4to1_chunk_3,15,MC,5.9646206597487135,96
sign_test_er0.8__norm_original_radius,matched_er_4to1_chunk_3,15,cosine_similarity,-0.028301887214183797,96
sign_test_er0.8__norm_original_radius,matched_er_4to1_chunk_3,15,kl_to_gaussian,0.0,96
sign_test_er0.8__norm_original_radius,matched_er_4to1_chunk_3,15,wt_mean,-0.0030445915763266003,96
sign_test_er0.8__norm_original_radius,matched_er_4to1_chunk_3,16,GR,12.460559777915478,96
sign_test_er0.8__norm_original_radius,matched_er_4to1_chunk_3,16,IPC,11.105108737497835,96
sign_test_er0.8__norm_original_radius,matched_er_4to1_chunk_3,16,KR,5.960215963423252,96
sign_test_er0.8__norm_original_radius,matched_er_4to1_chunk_3,16,MC,6.156386494636536,96
sign_test_er0.8__norm_original_radius,matched_er_4to1_chunk_3,16,cosine_similarity,-0.0202552718110382,96
sign_test_er0.8__norm_original_radius,matched_er_4to1_chunk_3,16,kl_to_gaussian,0.0,96
sign_test_er0.8__norm_original_radius,matched_er_4to1_chunk_3,16,wt_mean,-0.003080312977544925,96
sign_test_er0.8__norm_original_radius,matched_er_4to1_chunk_3,17,GR,10.725957492987314,96
sign_test_er0.8__norm_original_radius,matched_er_4to1_chunk_3,17,IPC,10.30252595533204,96
sign_test_er0.8__norm_original_radius,matched_er_4to1_chunk_3,17,KR,5.358744189143181,96
sign_test_er0.8__norm_original_radius,matched_er_4to1_chunk_3,17,MC,5.648318727811177,96
sign_test_er0.8__norm_original_radius,matched_er_4to1_chunk_3,17,cosine_similarity,-0.02885681670159095,96
sign_test_er0.8__norm_original_radius,matched_er_4to1_chunk_3,17,kl_to_gaussian,0.0,96
sign_test_er0.8__norm_original_radius,matched_er_4to1_chunk_3,17,wt_mean,-0.003071527346037275,96
sign_test_er0.8__norm_original_radius,matched_er_4to1_chunk_3,18,GR,12.294892437756062,96
sign_test_er0.8__norm_original_radius,matched_er_4to1_chunk_3,18,IPC,11.28131614838568,96
sign_test_er0.8__norm_original_radius,matched_er_4to1_chunk_3,18,KR,6.028585262596607,96
sign_test_er0.8__norm_original_radius,matched_er_4to1_chunk_3,18,MC,6.2305659626921015,96
sign_test_er0.8__norm_original_radius,matched_er_4to1_chunk_3,18,cosine_similarity,-0.0246947854757308,96
sign_test_er0.8__norm_original_radius,matched_er_4to1_chunk_3,18,kl_to_gaussian,0.0,96
sign_test_er0.8__norm_original_radius,matched_er_4to1_chunk_3,18,wt_mean,-0.00313749152701345,96
sign_test_er0.8__norm_original_radius,matched_er_4to1_chunk_3,19,GR,11.937186794976393,96
sign_test_er0.8__norm_original_radius,matched_er_4to1_chunk_3,19,IPC,11.196376245878156,96
sign_test_er0.8__norm_original_radius,matched_er_4to1_chunk_3,19,KR,5.808735176920891,96
sign_test_er0.8__norm_original_radius,matched_er_4to1_chunk_3,19,MC,6.098520999153455,96
sign_test_er0.8__norm_original_radius,matched_er_4to1_chunk_3,19,cosine_similarity,-0.019700337201356825,96
sign_test_er0.8__norm_original_radius,matched_er_4to1_chunk_3,19,kl_to_gaussian,0.0,96
sign_test_er0.8__norm_original_radius,matched_er_4to1_chunk_3,19,wt_mean,-0.00311712204711505,96
sign_test_er0.8__norm_original_radius,matched_er_4to1_chunk_4,20,GR,10.977636230488619,96
sign_test_er0.8__norm_original_radius,matched_er_4to1_chunk_4,20,IPC,11.149760308326636,96
sign_test_er0.8__norm_original_radius,matched_er_4to1_chunk_4,20,KR,5.454433913032214,96
sign_test_er0.8__norm_original_radius,matched_er_4to1_chunk_4,20,MC,5.931558292359114,96
sign_test_er0.8__norm_original_radius,matched_er_4to1_chunk_4,20,cosine_similarity,-0.031908992677926996,96
sign_test_er0.8__norm_original_radius,matched_er_4to1_chunk_4,20,kl_to_gaussian,0.0,96
sign_test_er0.8__norm_original_radius,matched_er_4to1_chunk_4,20,wt_mean,-0.00303433684166515,96
sign_test_er0.8__norm_original_radius,matched_er_4to1_chunk_4,21,GR,11.638764704267183,96
sign_test_er0.8__norm_original_radius,matched_er_4to1_chunk_4,21,IPC,10.615535505187955,96
sign_test_er0.8__norm_original_radius,matched_er_4to1_chunk_4,21,KR,5.702341875682275,96
sign_test_er0.8__norm_original_radius,matched_er_4to1_chunk_4,21,MC,5.805180574456851,96
sign_test_er0.8__norm_original_radius,matched_er_4to1_chunk_4,21,cosine_similarity,-0.025249725207686372,96
sign_test_er0.8__norm_original_radius,matched_er_4to1_chunk_4,21,kl_to_gaussian,0.0,96
sign_test_er0.8__norm_original_radius,matched_er_4to1_chunk_4,21,wt_mean,-0.003137282328680125,96
sign_test_er0.8__norm_original_radius,matched_er_4to1_chunk_4,22,GR,9.721851321558157,96
sign_test_er0.8__norm_original_radius,matched_er_4to1_chunk_4,22,IPC,10.798726838684251,96
sign_test_er0.8__norm_original_radius,matched_er_4to1_chunk_4,22,KR,4.960866127163172,96
sign_test_er0.8__norm_original_radius,matched_er_4to1_chunk_4,22,MC,5.734813307722409,96
sign_test_er0.8__norm_original_radius,matched_er_4to1_chunk_4,22,cosine_similarity,-0.022197561804205124,96
sign_test_er0.8__norm_original_radius,matched_er_4to1_chunk_4,22,kl_to_gaussian,0.0,96
sign_test_er0.8__norm_original_radius,matched_er_4to1_chunk_4,22,wt_mean,-0.0030190377729013003,96
sign_test_er0.8__norm_original_radius,matched_er_4to1_chunk_4,23,GR,11.33302445213,96
sign_test_er0.8__norm_original_radius,matched_er_4to1_chunk_4,23,IPC,11.474049451171075,96
sign_test_er0.8__norm_original_radius,matched_er_4to1_chunk_4,23,KR,5.534808333963156,96
sign_test_er0.8__norm_original_radius,matched_er_4to1_chunk_4,23,MC,6.103608552366495,96
sign_test_er0.8__norm_original_radius,matched_er_4to1_chunk_4,23,cosine_similarity,-0.019977801013737875,96
sign_test_er0.8__norm_original_radius,matched_er_4to1_chunk_4,23,kl_to_gaussian,0.0,96
sign_test_er0.8__norm_original_radius,matched_er_4to1_chunk_4,23,wt_mean,-0.003151190874632375,96
sign_test_er0.8__norm_original_radius,matched_er_4to1_chunk_4,24,GR,11.997102998197079,96
sign_test_er0.8__norm_original_radius,matched_er_4to1_chunk_4,24,IPC,10.692560800549082,96
sign_test_er0.8__norm_original_radius,matched_er_4to1_chunk_4,24,KR,5.80545515442888,96
sign_test_er0.8__norm_original_radius,matched_er_4to1_chunk_4,24,MC,5.76229161520799,96
sign_test_er0.8__norm_original_radius,matched_er_4to1_chunk_4,24,cosine_similarity,-0.0224750274792313,96
sign_test_er0.8__norm_original_radius,matched_er_4to1_chunk_4,24,kl_to_gaussian,0.0,96
sign_test_er0.8__norm_original_radius,matched_er_4to1_chunk_4,24,wt_mean,-0.0030900594429112247,96
sign_test_er0.8__norm_original_radius,matched_er_4to1_chunk_5,25,GR,11.106234585245451,96
sign_test_er0.8__norm_original_radius,matched_er_4to1_chunk_5,25,IPC,11.20451370622663,96
sign_test_er0.8__norm_original_radius,matched_er_4to1_chunk_5,25,KR,5.4921872566143675,96
sign_test_er0.8__norm_original_radius,matched_er_4to1_chunk_5,25,MC,5.957801288614671,96
sign_test_er0.8__norm_original_radius,matched_er_4to1_chunk_5,25,cosine_similarity,-0.01775804674252865,96
sign_test_er0.8__norm_original_radius,matched_er_4to1_chunk_5,25,kl_to_gaussian,0.0,96
sign_test_er0.8__norm_original_radius,matched_er_4to1_chunk_5,25,wt_mean,-0.0030361682875081498,96
sign_test_er0.8__norm_original_radius,matched_er_4to1_chunk_5,26,GR,11.960608867307505,96
sign_test_er0.8__norm_original_radius,matched_er_4to1_chunk_5,26,IPC,10.716670646972917,96
sign_test_er0.8__norm_original_radius,matched_er_4to1_chunk_5,26,KR,5.948976593712966,96
sign_test_er0.8__norm_original_radius,matched_er_4to1_chunk_5,26,MC,5.861660511543353,96
sign_test_er0.8__norm_original_radius,matched_er_4to1_chunk_5,26,cosine_similarity,-0.026637067086994575,96
sign_test_er0.8__norm_original_radius,matched_er_4to1_chunk_5,26,kl_to_gaussian,0.0,96
sign_test_er0.8__norm_original_radius,matched_er_4to1_chunk_5,26,wt_mean,-0.003030018240679,96
sign_test_er0.8__norm_original_radius,matched_er_4to1_chunk_5,27,GR,11.147234817345938,96
sign_test_er0.8__norm_original_radius,matched_er_4to1_chunk_5,27,IPC,10.62244025705151,96
sign_test_er0.8__norm_original_radius,matched_er_4to1_chunk_5,27,KR,5.401576588551204,96
sign_test_er0.8__norm_original_radius,matched_er_4to1_chunk_5,27,MC,5.516982369124889,96
sign_test_er0.8__norm_original_radius,matched_er_4to1_chunk_5,27,cosine_similarity,-0.02663706801831715,96
sign_test_er0.8__norm_original_radius,matched_er_4to1_chunk_5,27,kl_to_gaussian,0.0,96
sign_test_er0.8__norm_original_radius,matched_er_4to1_chunk_5,27,wt_mean,-0.0030400340328924,96
sign_test_er0.8__norm_original_radius,matched_er_4to1_chunk_5,28,GR,10.997037035723528,96
sign_test_er0.8__norm_original_radius,matched_er_4to1_chunk_5,28,IPC,10.915739074808156,96
sign_test_er0.8__norm_original_radius,matched_er_4to1_chunk_5,28,KR,5.519988964001338,96
sign_test_er0.8__norm_original_radius,matched_er_4to1_chunk_5,28,MC,6.078282851725817,96
sign_test_er0.8__norm_original_radius,matched_er_4to1_chunk_5,28,cosine_similarity,-0.019700337201356825,96
sign_test_er0.8__norm_original_radius,matched_er_4to1_chunk_5,28,kl_to_gaussian,0.0,96
sign_test_er0.8__norm_original_radius,matched_er_4to1_chunk_5,28,wt_mean,-0.0031180314254015498,96
sign_test_er0.8__norm_original_radius,matched_er_4to1_chunk_5,29,GR,11.99590049435695,96
sign_test_er0.8__norm_original_radius,matched_er_4to1_chunk_5,29,IPC,11.019252159522104,96
sign_test_er0.8__norm_original_radius,matched_er_4to1_chunk_5,29,KR,5.639318628857533,96
sign_test_er0.8__norm_original_radius,matched_er_4to1_chunk_5,29,MC,5.8144923237462836,96
sign_test_er0.8__norm_original_radius,matched_er_4to1_chunk_5,29,cosine_similarity,-0.026914539746940126,96
sign_test_er0.8__norm_original_radius,matched_er_4to1_chunk_5,29,kl_to_gaussian,0.0,96
sign_test_er0.8__norm_original_radius,matched_er_4to1_chunk_5,29,wt_mean,-0.003131547535303925,96
sign_test_er0.8__norm_original_radius,matched_er_4to1_chunk_6,30,GR,11.445455657939116,96
sign_test_er0.8__norm_original_radius,matched_er_4to1_chunk_6,30,IPC,11.408279181560317,96
sign_test_er0.8__norm_original_radius,matched_er_4to1_chunk_6,30,KR,5.695040104289849,96
sign_test_er0.8__norm_original_radius,matched_er_4to1_chunk_6,30,MC,6.023674008746942,96
sign_test_er0.8__norm_original_radius,matched_er_4to1_chunk_6,30,cosine_similarity,-0.020255267620086625,96
sign_test_er0.8__norm_original_radius,matched_er_4to1_chunk_6,30,kl_to_gaussian,0.0,96
sign_test_er0.8__norm_original_radius,matched_er_4to1_chunk_6,30,wt_mean,-0.00306682521477335,96
sign_test_er0.8__norm_original_radius,matched_er_4to1_chunk_6,31,GR,10.765315962334475,96
sign_test_er0.8__norm_original_radius,matched_er_4to1_chunk_6,31,IPC,11.069240742962776,96
sign_test_er0.8__norm_original_radius,matched_er_4to1_chunk_6,31,KR,5.219765805949767,96
sign_test_er0.8__norm_original_radius,matched_er_4to1_chunk_6,31,MC,5.999656433860461,96
sign_test_er0.8__norm_original_radius,matched_er_4to1_chunk_6,31,cosine_similarity,-0.0208102082833647,96
sign_test_er0.8__norm_original_radius,matched_er_4to1_chunk_6,31,kl_to_gaussian,0.0,96
sign_test_er0.8__norm_original_radius,matched_er_4to1_chunk_6,31,wt_mean,-0.003073329280596175,96
sign_test_er0.8__norm_original_radius,matched_er_4to1_chunk_6,32,GR,12.945132864018282,96
sign_test_er0.8__norm_original_radius,matched_er_4to1_chunk_6,32,IPC,11.450371574825667,96
sign_test_er0.8__norm_original_radius,matched_er_4to1_chunk_6,32,KR,6.402714333186547,96
sign_test_er0.8__norm_original_radius,matched_er_4to1_chunk_6,32,MC,6.403200343251228,96
sign_test_er0.8__norm_original_radius,matched_er_4to1_chunk_6,32,cosine_similarity,-0.023307443596422627,96
sign_test_er0.8__norm_original_radius,matched_er_4to1_chunk_6,32,kl_to_gaussian,0.0,96
sign_test_er0.8__norm_original_radius,matched_er_4to1_chunk_6,32,wt_mean,-0.0031761900172568498,96
sign_test_er0.8__norm_original_radius,matched_er_4to1_chunk_6,33,GR,10.55279895911614,96
sign_test_er0.8__norm_original_radius,matched_er_4to1_chunk_6,33,IPC,11.145366474946684,96
sign_test_er0.8__norm_original_radius,matched_er_4to1_chunk_6,33,KR,5.269465791682403,96
sign_test_er0.8__norm_original_radius,matched_er_4to1_chunk_6,33,MC,6.1049617032210035,96
sign_test_er0.8__norm_original_radius,matched_er_4to1_chunk_6,33,cosine_similarity,-0.0235849022865295,96
sign_test_er0.8__norm_original_radius,matched_er_4to1_chunk_6,33,kl_to_gaussian,0.0,96
sign_test_er0.8__norm_original_radius,matched_er_4to1_chunk_6,33,wt_mean,-0.003093741252087,96
sign_test_er0.8__norm_original_radius,matched_er_4to1_chunk_6,34,GR,11.907663169006506,96
sign_test_er0.8__norm_original_radius,matched_er_4to1_chunk_6,34,IPC,10.997436548325844,96
sign_test_er0.8__norm_original_radius,matched_er_4to1_chunk_6,34,KR,5.838919875522454,96
sign_test_er0.8__norm_original_radius,matched_er_4to1_chunk_6,34,MC,6.108505350848039,96
sign_test_er0.8__norm_original_radius,matched_er_4to1_chunk_6,34,cosine_similarity,-0.02192009333521125,96
sign_test_er0.8__norm_original_radius,matched_er_4to1_chunk_6,34,kl_to_gaussian,0.0,96
sign_test_er0.8__norm_original_radius,matched_er_4to1_chunk_6,34,wt_mean,-0.003096769156400075,96
sign_test_er0.8__norm_original_radius,matched_er_4to1_chunk_7,35,GR,11.216531418263912,96
sign_test_er0.8__norm_original_radius,matched_er_4to1_chunk_7,35,IPC,11.27977276071807,96
sign_test_er0.8__norm_original_radius,matched_er_4to1_chunk_7,35,KR,5.4512203472356004,96
sign_test_er0.8__norm_original_radius,matched_er_4to1_chunk_7,35,MC,6.14384213462472,96
sign_test_er0.8__norm_original_radius,matched_er_4to1_chunk_7,35,cosine_similarity,-0.024139835964888303,96
sign_test_er0.8__norm_original_radius,matched_er_4to1_chunk_7,35,kl_to_gaussian,0.0,96
sign_test_er0.8__norm_original_radius,matched_er_4to1_chunk_7,35,wt_mean,-0.0031016863649710497,96
sign_test_er0.8__norm_original_radius,matched_er_4to1_chunk_7,36,GR,12.270023763179779,96
sign_test_er0.8__norm_original_radius,matched_er_4to1_chunk_7,36,IPC,10.60910272255527,96
sign_test_er0.8__norm_original_radius,matched_er_4to1_chunk_7,36,KR,6.029495015740395,96
sign_test_er0.8__norm_original_radius,matched_er_4to1_chunk_7,36,MC,6.086164173980554,96
sign_test_er0.8__norm_original_radius,matched_er_4to1_chunk_7,36,cosine_similarity,-0.032186459749937,96
sign_test_er0.8__norm_original_radius,matched_er_4to1_chunk_7,36,kl_to_gaussian,0.0,96
sign_test_er0.8__norm_original_radius,matched_er_4to1_chunk_7,36,wt_mean,-0.003098941408097675,96
sign_test_er0.8__norm_original_radius,matched_er_4to1_chunk_7,37,GR,10.69253870099783,96
sign_test_er0.8__norm_original_radius,matched_er_4to1_chunk_7,37,IPC,10.861040703880265,96
sign_test_er0.8__norm_original_radius,matched_er_4to1_chunk_7,37,KR,5.2032744362950325,96
sign_test_er0.8__norm_original_radius,matched_er_4to1_chunk_7,37,MC,5.668153163045645,96
sign_test_er0.8__norm_original_radius,matched_er_4to1_chunk_7,37,cosine_similarity,-0.02330743754282588,96
sign_test_er0.8__norm_original_radius,matched_er_4to1_chunk_7,37,kl_to_gaussian,0.0,96
sign_test_er0.8__norm_original_radius,matched_er_4to1_chunk_7,37,wt_mean,-0.0031173562165349496,96
sign_test_er0.8__norm_original_radius,matched_er_4to1_chunk_7,38,GR,10.674599446356297,96
sign_test_er0.8__norm_original_radius,matched_er_4to1_chunk_7,38,IPC,10.938280972000918,96
sign_test_er0.8__norm_original_radius,matched_er_4to1_chunk_7,38,KR,5.412285078316927,96
sign_test_er0.8__norm_original_radius,matched_er_4to1_chunk_7,38,MC,5.875213153660297,96
sign_test_er0.8__norm_original_radius,matched_er_4to1_chunk_7,38,cosine_similarity,-0.0246947836130857,96
sign_test_er0.8__norm_original_radius,matched_er_4to1_chunk_7,38,kl_to_gaussian,0.0,96
sign_test_er0.8__norm_original_radius,matched_er_4to1_chunk_7,38,wt_mean,-0.002986103703733475,96
sign_test_er0.8__norm_original_radius,matched_er_4to1_chunk_7,39,GR,11.288686722517014,96
sign_test_er0.8__norm_original_radius,matched_er_4to1_chunk_7,39,IPC,10.455479929147751,96
sign_test_er0.8__norm_original_radius,matched_er_4to1_chunk_7,39,KR,5.586565787593524,96
sign_test_er0.8__norm_original_radius,matched_er_4to1_chunk_7,39,MC,5.946376442909241,96
sign_test_er0.8__norm_original_radius,matched_er_4to1_chunk_7,39,cosine_similarity,-0.0246947864070534,96
sign_test_er0.8__norm_original_radius,matched_er_4to1_chunk_7,39,kl_to_gaussian,0.0,96
sign_test_er0.8__norm_original_radius,matched_er_4to1_chunk_7,39,wt_mean,-0.0030477494001388,96
sign_test_er0.8__norm_original_radius,matched_er_4to1_chunk_8,40,GR,11.68555328498284,96
sign_test_er0.8__norm_original_radius,matched_er_4to1_chunk_8,40,IPC,10.53821863150881,96
sign_test_er0.8__norm_original_radius,matched_er_4to1_chunk_8,40,KR,5.687887488553922,96
sign_test_er0.8__norm_original_radius,matched_er_4to1_chunk_8,40,MC,5.67086910456419,96
sign_test_er0.8__norm_original_radius,matched_er_4to1_chunk_8,40,cosine_similarity,-0.023029965348541678,96
sign_test_er0.8__norm_original_radius,matched_er_4to1_chunk_8,40,kl_to_gaussian,0.0,96
sign_test_er0.8__norm_original_radius,matched_er_4to1_chunk_8,40,wt_mean,-0.0031216798815875747,96
sign_test_er0.8__norm_original_radius,matched_er_4to1_chunk_8,41,GR,10.469667787353197,96
sign_test_er0.8__norm_original_radius,matched_er_4to1_chunk_8,41,IPC,10.471188295122543,96
sign_test_er0.8__norm_original_radius,matched_er_4to1_chunk_8,41,KR,5.064793111135562,96
sign_test_er0.8__norm_original_radius,matched_er_4to1_chunk_8,41,MC,5.546908920630813,96
sign_test_er0.8__norm_original_radius,matched_er_4to1_chunk_8,41,cosine_similarity,-0.024694784544408252,96
sign_test_er0.8__norm_original_radius,matched_er_4to1_chunk_8,41,kl_to_gaussian,0.0,96
sign_test_er0.8__norm_original_radius,matched_er_4to1_chunk_8,41,wt_mean,-0.0030380689422599247,96
sign_test_er0.8__norm_original_radius,matched_er_4to1_chunk_8,42,GR,10.80488846451044,96
sign_test_er0.8__norm_original_radius,matched_er_4to1_chunk_8,42,IPC,10.837459262845359,96
sign_test_er0.8__norm_original_radius,matched_er_4to1_chunk_8,42,KR,5.408402529855569,96
sign_test_er0.8__norm_original_radius,matched_er_4to1_chunk_8,42,MC,5.927822890381019,96
sign_test_er0.8__norm_original_radius,matched_er_4to1_chunk_8,42,cosine_similarity,-0.019977801013737875,96
sign_test_er0.8__norm_original_radius,matched_er_4to1_chunk_8,42,kl_to_gaussian,0.0,96
sign_test_er0.8__norm_original_radius,matched_er_4to1_chunk_8,42,wt_mean,-0.0030746289994566995,96
sign_test_er0.8__norm_original_radius,matched_er_4to1_chunk_8,43,GR,10.188570782542229,96
sign_test_er0.8__norm_original_radius,matched_er_4to1_chunk_8,43,IPC,10.395757078812307,96
sign_test_er0.8__norm_original_radius,matched_er_4to1_chunk_8,43,KR,5.1964411698281765,96
sign_test_er0.8__norm_original_radius,matched_er_4to1_chunk_8,43,MC,5.868986198057731,96
sign_test_er0.8__norm_original_radius,matched_er_4to1_chunk_8,43,cosine_similarity,-0.0291342949494719,96
sign_test_er0.8__norm_original_radius,matched_er_4to1_chunk_8,43,kl_to_gaussian,0.0,96
sign_test_er0.8__norm_original_radius,matched_er_4to1_chunk_8,43,wt_mean,-0.002996925322804525,96
sign_test_er0.8__norm_original_radius,matched_er_4to1_chunk_8,44,GR,10.155192074676355,96
sign_test_er0.8__norm_original_radius,matched_er_4to1_chunk_8,44,IPC,10.700411462176525,96
sign_test_er0.8__norm_original_radius,matched_er_4to1_chunk_8,44,KR,5.16092515240113,96
sign_test_er0.8__norm_original_radius,matched_er_4to1_chunk_8,44,MC,5.925995338708162,96
sign_test_er0.8__norm_original_radius,matched_er_4to1_chunk_8,44,cosine_similarity,-0.022475026547908727,96
sign_test_er0.8__norm_original_radius,matched_er_4to1_chunk_8,44,kl_to_gaussian,0.0,96
sign_test_er0.8__norm_original_radius,matched_er_4to1_chunk_8,44,wt_mean,-0.0030660150223411,96
sign_test_er0.8__norm_original_radius,matched_er_4to1_chunk_9,45,GR,10.418209803601107,96
sign_test_er0.8__norm_original_radius,matched_er_4to1_chunk_9,45,IPC,11.10069271747556,96
sign_test_er0.8__norm_original_radius,matched_er_4to1_chunk_9,45,KR,5.290498122572899,96
sign_test_er0.8__norm_original_radius,matched_er_4to1_chunk_9,45,MC,6.134742125868797,96
sign_test_er0.8__norm_original_radius,matched_er_4to1_chunk_9,45,cosine_similarity,-0.022752495016902647,96
sign_test_er0.8__norm_original_radius,matched_er_4to1_chunk_9,45,kl_to_gaussian,0.0,96
sign_test_er0.8__norm_original_radius,matched_er_4to1_chunk_9,45,wt_mean,-0.00305883417604485,96
sign_test_er0.8__norm_original_radius,matched_er_4to1_chunk_9,46,GR,11.663007286687693,96
sign_test_er0.8__norm_original_radius,matched_er_4to1_chunk_9,46,IPC,10.903581068815193,96
sign_test_er0.8__norm_original_radius,matched_er_4to1_chunk_9,46,KR,5.688574379930894,96
sign_test_er0.8__norm_original_radius,matched_er_4to1_chunk_9,46,MC,6.226312855879466,96
sign_test_er0.8__norm_original_radius,matched_er_4to1_chunk_9,46,cosine_similarity,-0.0280244126915931,96
sign_test_er0.8__norm_original_radius,matched_er_4to1_chunk_9,46,kl_to_gaussian,0.0,96
sign_test_er0.8__norm_original_radius,matched_er_4to1_chunk_9,46,wt_mean,-0.0031385816982946752,96
sign_test_er0.8__norm_original_radius,matched_er_4to1_chunk_9,47,GR,13.355383351445198,96
sign_test_er0.8__norm_original_radius,matched_er_4to1_chunk_9,47,IPC,11.17020486136635,96
sign_test_er0.8__norm_original_radius,matched_er_4to1_chunk_9,47,KR,6.455365538597107,96
sign_test_er0.8__norm_original_radius,matched_er_4to1_chunk_9,47,MC,6.203296435376008,96
sign_test_er0.8__norm_original_radius,matched_er_4to1_chunk_9,47,cosine_similarity,-0.01914539281278845,96
sign_test_er0.8__norm_original_radius,matched_er_4to1_chunk_9,47,kl_to_gaussian,0.0,96
sign_test_er0.8__norm_original_radius,matched_er_4to1_chunk_9,47,wt_mean,-0.0031586662516929,96
sign_test_er0.8__norm_original_radius,matched_er_4to1_chunk_9,48,GR,11.429775091509024,96
sign_test_er0.8__norm_original_radius,matched_er_4to1_chunk_9,48,IPC,11.141180983901437,96
sign_test_er0.8__norm_original_radius,matched_er_4to1_chunk_9,48,KR,5.7312913325925665,96
sign_test_er0.8__norm_original_radius,matched_er_4to1_chunk_9,48,MC,6.055085181569059,96
sign_test_er0.8__norm_original_radius,matched_er_4to1_chunk_9,48,cosine_similarity,-0.022197552956640675,96
sign_test_er0.8__norm_original_radius,matched_er_4to1_chunk_9,48,kl_to_gaussian,0.0,96
sign_test_er0.8__norm_original_radius,matched_er_4to1_chunk_9,48,wt_mean,-0.003042198135517475,96
sign_test_er0.8__norm_original_radius,matched_er_4to1_chunk_9,49,GR,11.45117132862409,96
sign_test_er0.8__norm_original_radius,matched_er_4to1_chunk_9,49,IPC,11.028413189927596,96
sign_test_er0.8__norm_original_radius,matched_er_4to1_chunk_9,49,KR,5.714149160931508,96
sign_test_er0.8__norm_original_radius,matched_er_4to1_chunk_9,49,MC,6.214411906898022,96
sign_test_er0.8__norm_original_radius,matched_er_4to1_chunk_9,49,cosine_similarity,-0.028301877900958023,96
sign_test_er0.8__norm_original_radius,matched_er_4to1_chunk_9,49,kl_to_gaussian,0.0,96
sign_test_er0.8__norm_original_radius,matched_er_4to1_chunk_9,49,wt_mean,-0.003061839612200825,96
sign_test_er0.8__norm_spectral_radius,matched_er_4to1_chunk_0,0,GR,9.724161438643932,96
sign_test_er0.8__norm_spectral_radius,matched_er_4to1_chunk_0,0,IPC,10.371560520414192,96
sign_test_er0.8__norm_spectral_radius,matched_er_4to1_chunk_0,0,KR,4.870761492600043,96
sign_test_er0.8__norm_spectral_radius,matched_er_4to1_chunk_0,0,MC,5.684958561013143,96
sign_test_er0.8__norm_spectral_radius,matched_er_4to1_chunk_0,0,cosine_similarity,-0.030521639157086573,96
sign_test_er0.8__norm_spectral_radius,matched_er_4to1_chunk_0,0,kl_to_gaussian,0.0,96
sign_test_er0.8__norm_spectral_radius,matched_er_4to1_chunk_0,0,wt_mean,-0.0028692405903711755,96
sign_test_er0.8__norm_spectral_radius,matched_er_4to1_chunk_0,1,GR,9.635354603330294,96
sign_test_er0.8__norm_spectral_radius,matched_er_4to1_chunk_0,1,IPC,10.61668738839733,96
sign_test_er0.8__norm_spectral_radius,matched_er_4to1_chunk_0,1,KR,4.882776965697606,96
sign_test_er0.8__norm_spectral_radius,matched_er_4to1_chunk_0,1,MC,5.724306990702947,96
sign_test_er0.8__norm_spectral_radius,matched_er_4to1_chunk_0,1,cosine_similarity,-0.027746944688260475,96
sign_test_er0.8__norm_spectral_radius,matched_er_4to1_chunk_0,1,kl_to_gaussian,0.0,96
sign_test_er0.8__norm_spectral_radius,matched_er_4to1_chunk_0,1,wt_mean,-0.002932583854999325,96
sign_test_er0.8__norm_spectral_radius,matched_er_4to1_chunk_0,2,GR,9.382175306479136,96
sign_test_er0.8__norm_spectral_radius,matched_er_4to1_chunk_0,2,IPC,10.041904893917337,96
sign_test_er0.8__norm_spectral_radius,matched_er_4to1_chunk_0,2,KR,4.826052249719699,96
sign_test_er0.8__norm_spectral_radius,matched_er_4to1_chunk_0,2,MC,5.694162684182326,96
sign_test_er0.8__norm_spectral_radius,matched_er_4to1_chunk_0,2,cosine_similarity,-0.024694785475730827,96
sign_test_er0.8__norm_spectral_radius,matched_er_4to1_chunk_0,2,kl_to_gaussian,0.0,96
sign_test_er0.8__norm_spectral_radius,matched_er_4to1_chunk_0,2,wt_mean,-0.00285378523403775,96
sign_test_er0.8__norm_spectral_radius,matched_er_4to1_chunk_0,3,GR,9.263068755467733,96
sign_test_er0.8__norm_spectral_radius,matched_er_4to1_chunk_0,3,IPC,10.006912016855088,96
sign_test_er0.8__norm_spectral_radius,matched_er_4to1_chunk_0,3,KR,4.592691474904616,96
sign_test_er0.8__norm_spectral_radius,matched_er_4to1_chunk_0,3,MC,5.556748268504937,96
sign_test_er0.8__norm_spectral_radius,matched_er_4to1_chunk_0,3,cosine_similarity,-0.0210876804776489,96
sign_test_er0.8__norm_spectral_radius,matched_er_4to1_chunk_0,3,kl_to_gaussian,0.0,96
sign_test_er0.8__norm_spectral_radius,matched_er_4to1_chunk_0,3,wt_mean,-0.002782596333417975,96
sign_test_er0.8__norm_spectral_radius,matched_er_4to1_chunk_0,4,GR,10.422022248307863,96
sign_test_er0.8__norm_spectral_radius,matched_er_4to1_chunk_0,4,IPC,9.799168745280571,96
sign_test_er0.8__norm_spectral_radius,matched_er_4to1_chunk_0,4,KR,5.315097858508428,96
sign_test_er0.8__norm_spectral_radius,matched_er_4to1_chunk_0,4,MC,5.646286732206742,96
sign_test_er0.8__norm_spectral_radius,matched_er_4to1_chunk_0,4,cosine_similarity,-0.025527189951389976,96
sign_test_er0.8__norm_spectral_radius,matched_er_4to1_chunk_0,4,kl_to_gaussian,0.0,96
sign_test_er0.8__norm_spectral_radius,matched_er_4to1_chunk_0,4,wt_mean,-0.0028703360585495253,96
sign_test_er0.8__norm_spectral_radius,matched_er_4to1_chunk_1,5,GR,9.206858689586321,96
sign_test_er0.8__norm_spectral_radius,matched_er_4to1_chunk_1,5,IPC,10.612463312532773,96
sign_test_er0.8__norm_spectral_radius,matched_er_4to1_chunk_1,5,KR,4.852823560436566,96
sign_test_er0.8__norm_spectral_radius,matched_er_4to1_chunk_1,5,MC,5.955988643070062,96
sign_test_er0.8__norm_spectral_radius,matched_er_4to1_chunk_1,5,cosine_similarity,-0.0244173188693821,96
sign_test_er0.8__norm_spectral_radius,matched_er_4to1_chunk_1,5,kl_to_gaussian,0.0,96
sign_test_er0.8__norm_spectral_radius,matched_er_4to1_chunk_1,5,wt_mean,-0.002850158489309175,96
sign_test_er0.8__norm_spectral_radius,matched_er_4to1_chunk_1,6,GR,8.277186777442694,96
sign_test_er0.8__norm_spectral_radius,matched_er_4to1_chunk_1,6,IPC,10.337521330756854,96
sign_test_er0.8__norm_spectral_radius,matched_er_4to1_chunk_1,6,KR,4.4556649674971895,96
sign_test_er0.8__norm_spectral_radius,matched_er_4to1_chunk_1,6,MC,5.869353798528512,96
sign_test_er0.8__norm_spectral_radius,matched_er_4to1_chunk_1,6,cosine_similarity,-0.024972251616418296,96
sign_test_er0.8__norm_spectral_radius,matched_er_4to1_chunk_1,6,kl_to_gaussian,0.0,96
sign_test_er0.8__norm_spectral_radius,matched_er_4to1_chunk_1,6,wt_mean,-0.002805135038215625,96
sign_test_er0.8__norm_spectral_radius,matched_er_4to1_chunk_1,7,GR,10.003251952429613,96
sign_test_er0.8__norm_spectral_radius,matched_er_4to1_chunk_1,7,IPC,10.274032391774176,96
sign_test_er0.8__norm_spectral_radius,matched_er_4to1_chunk_1,7,KR,4.908437230934699,96
sign_test_er0.8__norm_spectral_radius,matched_er_4to1_chunk_1,7,MC,5.453420482575893,96
sign_test_er0.8__norm_spectral_radius,matched_er_4to1_chunk_1,7,cosine_similarity,-0.029134294018149324,96
sign_test_er0.8__norm_spectral_radius,matched_er_4to1_chunk_1,7,kl_to_gaussian,0.0,96
sign_test_er0.8__norm_spectral_radius,matched_er_4to1_chunk_1,7,wt_mean,-0.0028507491806521504,96
sign_test_er0.8__norm_spectral_radius,matched_er_4to1_chunk_1,8,GR,9.31940201545755,96
sign_test_er0.8__norm_spectral_radius,matched_er_4to1_chunk_1,8,IPC,9.742803735996747,96
sign_test_er0.8__norm_spectral_radius,matched_er_4to1_chunk_1,8,KR,4.79198024670283,96
sign_test_er0.8__norm_spectral_radius,matched_er_4to1_chunk_1,8,MC,5.400952073434989,96
sign_test_er0.8__norm_spectral_radius,matched_er_4to1_chunk_1,8,cosine_similarity,-0.024694782216101826,96
sign_test_er0.8__norm_spectral_radius,matched_er_4to1_chunk_1,8,kl_to_gaussian,0.0,96
sign_test_er0.8__norm_spectral_radius,matched_er_4to1_chunk_1,8,wt_mean,-0.0028701517148874,96
sign_test_er0.8__norm_spectral_radius,matched_er_4to1_chunk_1,9,GR,9.651267116268476,96
sign_test_er0.8__norm_spectral_radius,matched_er_4to1_chunk_1,9,IPC,10.32199036454472,96
sign_test_er0.8__norm_spectral_radius,matched_er_4to1_chunk_1,9,KR,4.900149878114462,96
sign_test_er0.8__norm_spectral_radius,matched_er_4to1_chunk_1,9,MC,5.6075284493466215,96
sign_test_er0.8__norm_spectral_radius,matched_er_4to1_chunk_1,9,cosine_similarity,-0.023307441268116198,96
sign_test_er0.8__norm_spectral_radius,matched_er_4to1_chunk_1,9,kl_to_gaussian,0.0,96
sign_test_er0.8__norm_spectral_radius,matched_er_4to1_chunk_1,9,wt_mean,-0.00289901130599895,96
sign_test_er0.8__norm_spectral_radius,matched_er_4to1_chunk_10,50,GR,10.033787009616693,96
sign_test_er0.8__norm_spectral_radius,matched_er_4to1_chunk_10,50,IPC,9.971803590344932,96
sign_test_er0.8__norm_spectral_radius,matched_er_4to1_chunk_10,50,KR,5.342982056240241,96
sign_test_er0.8__norm_spectral_radius,matched_er_4to1_chunk_10,50,MC,5.7279184858004255,96
sign_test_er0.8__norm_spectral_radius,matched_er_4to1_chunk_10,50,cosine_similarity,-0.02663706243038175,96
sign_test_er0.8__norm_spectral_radius,matched_er_4to1_chunk_10,50,kl_to_gaussian,0.0,96
sign_test_er0.8__norm_spectral_radius,matched_er_4to1_chunk_10,50,wt_mean,-0.0028279432444832503,96
sign_test_er0.8__norm_spectral_radius,matched_er_4to1_chunk_10,51,GR,9.336746017138163,96
sign_test_er0.8__norm_spectral_radius,matched_er_4to1_chunk_10,51,IPC,10.046859183701992,96
sign_test_er0.8__norm_spectral_radius,matched_er_4to1_chunk_10,51,KR,4.788320771108071,96
sign_test_er0.8__norm_spectral_radius,matched_er_4to1_chunk_10,51,MC,5.389100740353267,96
sign_test_er0.8__norm_spectral_radius,matched_er_4to1_chunk_10,51,cosine_similarity,-0.030521643348038124,96
sign_test_er0.8__norm_spectral_radius,matched_er_4to1_chunk_10,51,kl_to_gaussian,0.0,96
sign_test_er0.8__norm_spectral_radius,matched_er_4to1_chunk_10,51,wt_mean,-0.0028367156628519,96
sign_test_er0.8__norm_spectral_radius,matched_er_4to1_chunk_10,52,GR,9.61578024427096,96
sign_test_er0.8__norm_spectral_radius,matched_er_4to1_chunk_10,52,IPC,10.118669503985313,96
sign_test_er0.8__norm_spectral_radius,matched_er_4to1_chunk_10,52,KR,4.971162773668766,96
sign_test_er0.8__norm_spectral_radius,matched_er_4to1_chunk_10,52,MC,5.6004243940114975,96
sign_test_er0.8__norm_spectral_radius,matched_er_4to1_chunk_10,52,cosine_similarity,-0.025527194142341576,96
sign_test_er0.8__norm_spectral_radius,matched_er_4to1_chunk_10,52,kl_to_gaussian,0.0,96
sign_test_er0.8__norm_spectral_radius,matched_er_4to1_chunk_10,52,wt_mean,-0.0029311787220649,96
sign_test_er0.8__norm_spectral_radius,matched_er_4to1_chunk_10,53,GR,11.256893602510294,96
sign_test_er0.8__norm_spectral_radius,matched_er_4to1_chunk_10,53,IPC,10.624463054313086,96
sign_test_er0.8__norm_spectral_radius,matched_er_4to1_chunk_10,53,KR,5.696113049983978,96
sign_test_er0.8__norm_spectral_radius,matched_er_4to1_chunk_10,53,MC,6.0517916443447275,96
sign_test_er0.8__norm_spectral_radius,matched_er_4to1_chunk_10,53,cosine_similarity,-0.0241398392245173,96
sign_test_er0.8__norm_spectral_radius,matched_er_4to1_chunk_10,53,kl_to_gaussian,0.0,96
sign_test_er0.8__norm_spectral_radius,matched_er_4to1_chunk_10,53,wt_mean,-0.00289921741932625,96
sign_test_er0.8__norm_spectral_radius,matched_er_4to1_chunk_10,54,GR,9.623389991621176,96
sign_test_er0.8__norm_spectral_radius,matched_er_4to1_chunk_10,54,IPC,10.764683041911082,96
sign_test_er0.8__norm_spectral_radius,matched_er_4to1_chunk_10,54,KR,4.931433755904436,96
sign_test_er0.8__norm_spectral_radius,matched_er_4to1_chunk_10,54,MC,5.994649015367031,96
sign_test_er0.8__norm_spectral_radius,matched_er_4to1_chunk_10,54,cosine_similarity,-0.028024420142173725,96
sign_test_er0.8__norm_spectral_radius,matched_er_4to1_chunk_10,54,kl_to_gaussian,0.0,96
sign_test_er0.8__norm_spectral_radius,matched_er_4to1_chunk_10,54,wt_mean,-0.002900727326050375,96
sign_test_er0.8__norm_spectral_radius,matched_er_4to1_chunk_11,55,GR,9.696014595528444,96
sign_test_er0.8__norm_spectral_radius,matched_er_4to1_chunk_11,55,IPC,10.33068175444097,96
sign_test_er0.8__norm_spectral_radius,matched_er_4to1_chunk_11,55,KR,4.890331767499447,96
sign_test_er0.8__norm_spectral_radius,matched_er_4to1_chunk_11,55,MC,5.601449879507224,96
sign_test_er0.8__norm_spectral_radius,matched_er_4to1_chunk_11,55,cosine_similarity,-0.023307427763938876,96
sign_test_er0.8__norm_spectral_radius,matched_er_4to1_chunk_11,55,kl_to_gaussian,0.0,96
sign_test_er0.8__norm_spectral_radius,matched_er_4to1_chunk_11,55,wt_mean,-0.00286054692696775,96
sign_test_er0.8__norm_spectral_radius,matched_er_4to1_chunk_11,56,GR,9.794418277839819,96
sign_test_er0.8__norm_spectral_radius,matched_er_4to1_chunk_11,56,IPC,10.626131871788074,96
sign_test_er0.8__norm_spectral_radius,matched_er_4to1_chunk_11,56,KR,5.06495792294542,96
sign_test_er0.8__norm_spectral_radius,matched_er_4to1_chunk_11,56,MC,5.854755761722724,96
sign_test_er0.8__norm_spectral_radius,matched_er_4to1_chunk_11,56,cosine_similarity,-0.023862370289862073,96
sign_test_er0.8__norm_spectral_radius,matched_er_4to1_chunk_11,56,kl_to_gaussian,0.0,96
sign_test_er0.8__norm_spectral_radius,matched_er_4to1_chunk_11,56,wt_mean,-0.0028441323083824997,96
sign_test_er0.8__norm_spectral_radius,matched_er_4to1_chunk_11,57,GR,10.323483280837536,96
sign_test_er0.8__norm_spectral_radius,matched_er_4to1_chunk_11,57,IPC,10.72439106968295,96
sign_test_er0.8__norm_spectral_radius,matched_er_4to1_chunk_11,57,KR,5.085250087082386,96
sign_test_er0.8__norm_spectral_radius,matched_er_4to1_chunk_11,57,MC,5.588465021302302,96
sign_test_er0.8__norm_spectral_radius,matched_er_4to1_chunk_11,57,cosine_similarity,-0.026359597221016853,96
sign_test_er0.8__norm_spectral_radius,matched_er_4to1_chunk_11,57,kl_to_gaussian,0.0,96
sign_test_er0.8__norm_spectral_radius,matched_er_4to1_chunk_11,57,wt_mean,-0.00291215960169205,96
sign_test_er0.8__norm_spectral_radius,matched_er_4to1_chunk_11,58,GR,10.262955392400423,96
sign_test_er0.8__norm_spectral_radius,matched_er_4to1_chunk_11,58,IPC,10.372621852311697,96
sign_test_er0.8__norm_spectral_radius,matched_er_4to1_chunk_11,58,KR,5.098782442510128,96
sign_test_er0.8__norm_spectral_radius,matched_er_4to1_chunk_11,58,MC,5.674678469697635,96
sign_test_er0.8__norm_spectral_radius,matched_er_4to1_chunk_11,58,cosine_similarity,-0.025527196936309324,96
sign_test_er0.8__norm_spectral_radius,matched_er_4to1_chunk_11,58,kl_to_gaussian,0.0,96
sign_test_er0.8__norm_spectral_radius,matched_er_4to1_chunk_11,58,wt_mean,-0.00286312546813855,96
sign_test_er0.8__norm_spectral_radius,matched_er_4to1_chunk_11,59,GR,8.909977249801159,96
sign_test_er0.8__norm_spectral_radius,matched_er_4to1_chunk_11,59,IPC,9.99867999302977,96
sign_test_er0.8__norm_spectral_radius,matched_er_4to1_chunk_11,59,KR,4.667742799967527,96
sign_test_er0.8__norm_spectral_radius,matched_er_4to1_chunk_11,59,MC,5.469763355950515,96
sign_test_er0.8__norm_spectral_radius,matched_er_4to1_chunk_11,59,cosine_similarity,-0.02857935568317767,96
sign_test_er0.8__norm_spectral_radius,matched_er_4to1_chunk_11,59,kl_to_gaussian,0.0,96
sign_test_er0.8__norm_spectral_radius,matched_er_4to1_chunk_11,59,wt_mean,-0.00278844713466235,96
sign_test_er0.8__norm_spectral_radius,matched_er_4to1_chunk_12,60,GR,9.437192340691885,96
sign_test_er0.8__norm_spectral_radius,matched_er_4to1_chunk_12,60,IPC,10.556864578770968,96
sign_test_er0.8__norm_spectral_radius,matched_er_4to1_chunk_12,60,KR,4.888332347075145,96
sign_test_er0.8__norm_spectral_radius,matched_er_4to1_chunk_12,60,MC,5.609247554093599,96
sign_test_er0.8__norm_spectral_radius,matched_er_4to1_chunk_12,60,cosine_similarity,-0.02802441874518985,96
sign_test_er0.8__norm_spectral_radius,matched_er_4to1_chunk_12,60,kl_to_gaussian,0.0,96
sign_test_er0.8__norm_spectral_radius,matched_er_4to1_chunk_12,60,wt_mean,-0.0029355624574236247,96
sign_test_er0.8__norm_spectral_radius,matched_er_4to1_chunk_12,61,GR,10.78833170235157,96
sign_test_er0.8__norm_spectral_radius,matched_er_4to1_chunk_12,61,IPC,10.888288441640816,96
sign_test_er0.8__norm_spectral_radius,matched_er_4to1_chunk_12,61,KR,5.342255194981893,96
sign_test_er0.8__norm_spectral_radius,matched_er_4to1_chunk_12,61,MC,5.726292635003726,96
sign_test_er0.8__norm_spectral_radius,matched_er_4to1_chunk_12,61,cosine_similarity,-0.020532744936645028,96
sign_test_er0.8__norm_spectral_radius,matched_er_4to1_chunk_12,61,kl_to_gaussian,0.0,96
sign_test_er0.8__norm_spectral_radius,matched_er_4to1_chunk_12,61,wt_mean,-0.002823992166668125,96
sign_test_er0.8__norm_spectral_radius,matched_er_4to1_chunk_12,62,GR,9.96430037667354,96
sign_test_er0.8__norm_spectral_radius,matched_er_4to1_chunk_12,62,IPC,10.633561502068725,96
sign_test_er0.8__norm_spectral_radius,matched_er_4to1_chunk_12,62,KR,5.161815558870633,96
sign_test_er0.8__norm_spectral_radius,matched_er_4to1_chunk_12,62,MC,5.83007467041413,96
sign_test_er0.8__norm_spectral_radius,matched_er_4to1_chunk_12,62,cosine_similarity,-0.027746952604502398,96
sign_test_er0.8__norm_spectral_radius,matched_er_4to1_chunk_12,62,kl_to_gaussian,0.0,96
sign_test_er0.8__norm_spectral_radius,matched_er_4to1_chunk_12,62,wt_mean,-0.002907239540945675,96
sign_test_er0.8__norm_spectral_radius,matched_er_4to1_chunk_12,63,GR,8.854928025354942,96
sign_test_er0.8__norm_spectral_radius,matched_er_4to1_chunk_12,63,IPC,10.194783158302041,96
sign_test_er0.8__norm_spectral_radius,matched_er_4to1_chunk_12,63,KR,4.535672175387542,96
sign_test_er0.8__norm_spectral_radius,matched_er_4to1_chunk_12,63,MC,5.376506745815277,96
sign_test_er0.8__norm_spectral_radius,matched_er_4to1_chunk_12,63,cosine_similarity,-0.025527189020067426,96
sign_test_er0.8__norm_spectral_radius,matched_er_4to1_chunk_12,63,kl_to_gaussian,0.0,96
sign_test_er0.8__norm_spectral_radius,matched_er_4to1_chunk_12,63,wt_mean,-0.00284927157917985,96
sign_test_er0.8__norm_spectral_radius,matched_er_4to1_chunk_12,64,GR,9.291882634162903,96
sign_test_er0.8__norm_spectral_radius,matched_er_4to1_chunk_12,64,IPC,9.599062901695953,96
sign_test_er0.8__norm_spectral_radius,matched_er_4to1_chunk_12,64,KR,4.75876326362292,96
sign_test_er0.8__norm_spectral_radius,matched_er_4to1_chunk_12,64,MC,5.429990167419116,96
sign_test_er0.8__norm_spectral_radius,matched_er_4to1_chunk_12,64,cosine_similarity,-0.02219756413251155,96
sign_test_er0.8__norm_spectral_radius,matched_er_4to1_chunk_12,64,kl_to_gaussian,0.0,96
sign_test_er0.8__norm_spectral_radius,matched_er_4to1_chunk_12,64,wt_mean,-0.0028133219457231,96
sign_test_er0.8__norm_spectral_radius,matched_er_4to1_chunk_13,65,GR,9.757234099010626,96
sign_test_er0.8__norm_spectral_radius,matched_er_4to1_chunk_13,65,IPC,10.398267711800536,96
sign_test_er0.8__norm_spectral_radius,matched_er_4to1_chunk_13,65,KR,5.015861953298251,96
sign_test_er0.8__norm_spectral_radius,matched_er_4to1_chunk_13,65,MC,5.574840518335502,96
sign_test_er0.8__norm_spectral_radius,matched_er_4to1_chunk_13,65,cosine_similarity,-0.03052165172994135,96
sign_test_er0.8__norm_spectral_radius,matched_er_4to1_chunk_13,65,kl_to_gaussian,0.0,96
sign_test_er0.8__norm_spectral_radius,matched_er_4to1_chunk_13,65,wt_mean,-0.0029029270517639248,96
sign_test_er0.8__norm_spectral_radius,matched_er_4to1_chunk_13,66,GR,8.855318648119768,96
sign_test_er0.8__norm_spectral_radius,matched_er_4to1_chunk_13,66,IPC,9.46424620817623,96
sign_test_er0.8__norm_spectral_radius,matched_er_4to1_chunk_13,66,KR,4.596411547313134,96
sign_test_er0.8__norm_spectral_radius,matched_er_4to1_chunk_13,66,MC,5.31101277594765,96
sign_test_er0.8__norm_spectral_radius,matched_er_4to1_chunk_13,66,cosine_similarity,-0.027192009612917848,96
sign_test_er0.8__norm_spectral_radius,matched_er_4to1_chunk_13,66,kl_to_gaussian,0.0,96
sign_test_er0.8__norm_spectral_radius,matched_er_4to1_chunk_13,66,wt_mean,-0.0028434327105059504,96
sign_test_er0.8__norm_spectral_radius,matched_er_4to1_chunk_13,67,GR,9.225943580269814,96
sign_test_er0.8__norm_spectral_radius,matched_er_4to1_chunk_13,67,IPC,9.963984155988568,96
sign_test_er0.8__norm_spectral_radius,matched_er_4to1_chunk_13,67,KR,4.767441287636757,96
sign_test_er0.8__norm_spectral_radius,matched_er_4to1_chunk_13,67,MC,5.4901425540447235,96
sign_test_er0.8__norm_spectral_radius,matched_er_4to1_chunk_13,67,cosine_similarity,-0.027192004956304975,96
sign_test_er0.8__norm_spectral_radius,matched_er_4to1_chunk_13,67,kl_to_gaussian,0.0,96
sign_test_er0.8__norm_spectral_radius,matched_er_4to1_chunk_13,67,wt_mean,-0.0028301259153522,96
sign_test_er0.8__norm_spectral_radius,matched_er_4to1_chunk_13,68,GR,9.268780756741762,96
sign_test_er0.8__norm_spectral_radius,matched_er_4to1_chunk_13,68,IPC,10.218339422790622,96
sign_test_er0.8__norm_spectral_radius,matched_er_4to1_chunk_13,68,KR,4.85303691898783,96
sign_test_er0.8__norm_spectral_radius,matched_er_4to1_chunk_13,68,MC,5.709005404263735,96
sign_test_er0.8__norm_spectral_radius,matched_er_4to1_chunk_13,68,cosine_similarity,-0.023862367495894377,96
sign_test_er0.8__norm_spectral_radius,matched_er_4to1_chunk_13,68,kl_to_gaussian,0.0,96
sign_test_er0.8__norm_spectral_radius,matched_er_4to1_chunk_13,68,wt_mean,-0.0028534844750538,96
sign_test_er0.8__norm_spectral_radius,matched_er_4to1_chunk_13,69,GR,10.558244436979294,96
sign_test_er0.8__norm_spectral_radius,matched_er_4to1_chunk_13,69,IPC,10.83303396644581,96
sign_test_er0.8__norm_spectral_radius,matched_er_4to1_chunk_13,69,KR,5.300559000422557,96
sign_test_er0.8__norm_spectral_radius,matched_er_4to1_chunk_13,69,MC,5.920254322389762,96
sign_test_er0.8__norm_spectral_radius,matched_er_4to1_chunk_13,69,cosine_similarity,-0.024417311884462774,96
sign_test_er0.8__norm_spectral_radius,matched_er_4to1_chunk_13,69,kl_to_gaussian,0.0,96
sign_test_er0.8__norm_spectral_radius,matched_er_4to1_chunk_13,69,wt_mean,-0.0028810567455365504,96
sign_test_er0.8__norm_spectral_radius,matched_er_4to1_chunk_14,70,GR,9.28059928243359,96
sign_test_er0.8__norm_spectral_radius,matched_er_4to1_chunk_14,70,IPC,9.47868812794456,96
sign_test_er0.8__norm_spectral_radius,matched_er_4to1_chunk_14,70,KR,4.767971009016037,96
sign_test_er0.8__norm_spectral_radius,matched_er_4to1_chunk_14,70,MC,5.356495841095845,96
sign_test_er0.8__norm_spectral_radius,matched_er_4to1_chunk_14,70,cosine_similarity,-0.021642621606588298,96
sign_test_er0.8__norm_spectral_radius,matched_er_4to1_chunk_14,70,kl_to_gaussian,0.0,96
sign_test_er0.8__norm_spectral_radius,matched_er_4to1_chunk_14,70,wt_mean,-0.002822839887812675,96
sign_test_er0.8__norm_spectral_radius,matched_er_4to1_chunk_14,71,GR,9.039256906757752,96
sign_test_er0.8__norm_spectral_radius,matched_er_4to1_chunk_14,71,IPC,10.765733518593345,96
sign_test_er0.8__norm_spectral_radius,matched_er_4to1_chunk_14,71,KR,4.784393301854531,96
sign_test_er0.8__norm_spectral_radius,matched_er_4to1_chunk_14,71,MC,5.875916548073292,96
sign_test_er0.8__norm_spectral_radius,matched_er_4to1_chunk_14,71,cosine_similarity,-0.0255271811038255,96
sign_test_er0.8__norm_spectral_radius,matched_er_4to1_chunk_14,71,kl_to_gaussian,0.0,96
sign_test_er0.8__norm_spectral_radius,matched_er_4to1_chunk_14,71,wt_mean,-0.002830515673849675,96
sign_test_er0.8__norm_spectral_radius,matched_er_4to1_chunk_14,72,GR,9.217752120147148,96
sign_test_er0.8__norm_spectral_radius,matched_er_4to1_chunk_14,72,IPC,10.54550366705666,96
sign_test_er0.8__norm_spectral_radius,matched_er_4to1_chunk_14,72,KR,4.7668383816878,96
sign_test_er0.8__norm_spectral_radius,matched_er_4to1_chunk_14,72,MC,5.751956599454085,96
sign_test_er0.8__norm_spectral_radius,matched_er_4to1_chunk_14,72,cosine_similarity,-0.025249723810702496,96
sign_test_er0.8__norm_spectral_radius,matched_er_4to1_chunk_14,72,kl_to_gaussian,0.0,96
sign_test_er0.8__norm_spectral_radius,matched_er_4to1_chunk_14,72,wt_mean,-0.0028765727765857753,96
sign_test_er0.8__norm_spectral_radius,matched_er_4to1_chunk_14,73,GR,9.451457331577936,96
sign_test_er0.8__norm_spectral_radius,matched_er_4to1_chunk_14,73,IPC,10.447568984555046,96
sign_test_er0.8__norm_spectral_radius,matched_er_4to1_chunk_14,73,KR,4.9324997787674265,96
sign_test_er0.8__norm_spectral_radius,matched_er_4to1_chunk_14,73,MC,5.64224848523736,96
sign_test_er0.8__norm_spectral_radius,matched_er_4to1_chunk_14,73,cosine_similarity,-0.025527190882712575,96
sign_test_er0.8__norm_spectral_radius,matched_er_4to1_chunk_14,73,kl_to_gaussian,0.0,96
sign_test_er0.8__norm_spectral_radius,matched_er_4to1_chunk_14,73,wt_mean,-0.00287223671330135,96
sign_test_er0.8__norm_spectral_radius,matched_er_4to1_chunk_14,74,GR,10.263694976766905,96
sign_test_er0.8__norm_spectral_radius,matched_er_4to1_chunk_14,74,IPC,10.57525042317535,96
sign_test_er0.8__norm_spectral_radius,matched_er_4to1_chunk_14,74,KR,5.055156372487545,96
sign_test_er0.8__norm_spectral_radius,matched_er_4to1_chunk_14,74,MC,5.464039366692305,96
sign_test_er0.8__norm_spectral_radius,matched_er_4to1_chunk_14,74,cosine_similarity,-0.021920091472566124,96
sign_test_er0.8__norm_spectral_radius,matched_er_4to1_chunk_14,74,kl_to_gaussian,0.0,96
sign_test_er0.8__norm_spectral_radius,matched_er_4to1_chunk_14,74,wt_mean,-0.002929504960775325,96
sign_test_er0.8__norm_spectral_radius,matched_er_4to1_chunk_15,75,GR,8.821974109858274,96
sign_test_er0.8__norm_spectral_radius,matched_er_4to1_chunk_15,75,IPC,10.154397506051733,96
sign_test_er0.8__norm_spectral_radius,matched_er_4to1_chunk_15,75,KR,4.543216505398353,96
sign_test_er0.8__norm_spectral_radius,matched_er_4to1_chunk_15,75,MC,5.478123822559913,96
sign_test_er0.8__norm_spectral_radius,matched_er_4to1_chunk_15,75,cosine_similarity,-0.023307432420551777,96
sign_test_er0.8__norm_spectral_radius,matched_er_4to1_chunk_15,75,kl_to_gaussian,0.0,96
sign_test_er0.8__norm_spectral_radius,matched_er_4to1_chunk_15,75,wt_mean,-0.0029169647023081,96
sign_test_er0.8__norm_spectral_radius,matched_er_4to1_chunk_15,76,GR,9.223472769061724,96
sign_test_er0.8__norm_spectral_radius,matched_er_4to1_chunk_15,76,IPC,10.490946612521897,96
sign_test_er0.8__norm_spectral_radius,matched_er_4to1_chunk_15,76,KR,4.807893681029479,96
sign_test_er0.8__norm_spectral_radius,matched_er_4to1_chunk_15,76,MC,5.9408477284014225,96
sign_test_er0.8__norm_spectral_radius,matched_er_4to1_chunk_15,76,cosine_similarity,-0.0208102129399776,96
sign_test_er0.8__norm_spectral_radius,matched_er_4to1_chunk_15,76,kl_to_gaussian,0.0,96
sign_test_er0.8__norm_spectral_radius,matched_er_4to1_chunk_15,76,wt_mean,-0.002852831676136675,96
sign_test_er0.8__norm_spectral_radius,matched_er_4to1_chunk_15,77,GR,9.756079914669195,96
sign_test_er0.8__norm_spectral_radius,matched_er_4to1_chunk_15,77,IPC,10.25104274900683,96
sign_test_er0.8__norm_spectral_radius,matched_er_4to1_chunk_15,77,KR,5.10771640141805,96
sign_test_er0.8__norm_spectral_radius,matched_er_4to1_chunk_15,77,MC,5.735181147853534,96
sign_test_er0.8__norm_spectral_radius,matched_er_4to1_chunk_15,77,cosine_similarity,-0.023584909737110072,96
sign_test_er0.8__norm_spectral_radius,matched_er_4to1_chunk_15,77,kl_to_gaussian,0.0,96
sign_test_er0.8__norm_spectral_radius,matched_er_4to1_chunk_15,77,wt_mean,-0.0028643045225179996,96
sign_test_er0.8__norm_spectral_radius,matched_er_4to1_chunk_15,78,GR,9.429266625394424,96
sign_test_er0.8__norm_spectral_radius,matched_er_4to1_chunk_15,78,IPC,10.272490964169156,96
sign_test_er0.8__norm_spectral_radius,matched_er_4to1_chunk_15,78,KR,4.7981880108515425,96
sign_test_er0.8__norm_spectral_radius,matched_er_4to1_chunk_15,78,MC,5.747276013096173,96
sign_test_er0.8__norm_spectral_radius,matched_er_4to1_chunk_15,78,cosine_similarity,-0.02691453415900465,96
sign_test_er0.8__norm_spectral_radius,matched_er_4to1_chunk_15,78,kl_to_gaussian,0.0,96
sign_test_er0.8__norm_spectral_radius,matched_er_4to1_chunk_15,78,wt_mean,-0.002770533377770275,96
sign_test_er0.8__norm_spectral_radius,matched_er_4to1_chunk_15,79,GR,9.952716402709484,96
sign_test_er0.8__norm_spectral_radius,matched_er_4to1_chunk_15,79,IPC,10.053482643913215,96
sign_test_er0.8__norm_spectral_radius,matched_er_4to1_chunk_15,79,KR,5.0330389986435575,96
sign_test_er0.8__norm_spectral_radius,matched_er_4to1_chunk_15,79,MC,5.6851194227735204,96
sign_test_er0.8__norm_spectral_radius,matched_er_4to1_chunk_15,79,cosine_similarity,-0.02192008215934035,96
sign_test_er0.8__norm_spectral_radius,matched_er_4to1_chunk_15,79,kl_to_gaussian,0.0,96
sign_test_er0.8__norm_spectral_radius,matched_er_4to1_chunk_15,79,wt_mean,-0.0028763137524947004,96
sign_test_er0.8__norm_spectral_radius,matched_er_4to1_chunk_16,80,GR,9.019974066565434,96
sign_test_er0.8__norm_spectral_radius,matched_er_4to1_chunk_16,80,IPC,9.473960794030738,96
sign_test_er0.8__norm_spectral_radius,matched_er_4to1_chunk_16,80,KR,4.703723772118489,96
sign_test_er0.8__norm_spectral_radius,matched_er_4to1_chunk_16,80,MC,5.585438922047615,96
sign_test_er0.8__norm_spectral_radius,matched_er_4to1_chunk_16,80,cosine_similarity,-0.022475027479231302,96
sign_test_er0.8__norm_spectral_radius,matched_er_4to1_chunk_16,80,kl_to_gaussian,0.0,96
sign_test_er0.8__norm_spectral_radius,matched_er_4to1_chunk_16,80,wt_mean,-0.0028263165731914,96
sign_test_er0.8__norm_spectral_radius,matched_er_4to1_chunk_16,81,GR,9.428903937339783,96
sign_test_er0.8__norm_spectral_radius,matched_er_4to1_chunk_16,81,IPC,9.279770917072058,96
sign_test_er0.8__norm_spectral_radius,matched_er_4to1_chunk_16,81,KR,4.931386265903711,96
sign_test_er0.8__norm_spectral_radius,matched_er_4to1_chunk_16,81,MC,5.394773120681445,96
sign_test_er0.8__norm_spectral_radius,matched_er_4to1_chunk_16,81,cosine_similarity,-0.03052163263782855,96
sign_test_er0.8__norm_spectral_radius,matched_er_4to1_chunk_16,81,kl_to_gaussian,0.0,96
sign_test_er0.8__norm_spectral_radius,matched_er_4to1_chunk_16,81,wt_mean,-0.002812411636114075,96
sign_test_er0.8__norm_spectral_radius,matched_er_4to1_chunk_16,82,GR,10.025427321592966,96
sign_test_er0.8__norm_spectral_radius,matched_er_4to1_chunk_16,82,IPC,8.797686070287988,96
sign_test_er0.8__norm_spectral_radius,matched_er_4to1_chunk_16,82,KR,5.059879336506128,96
sign_test_er0.8__norm_spectral_radius,matched_er_4to1_chunk_16,82,MC,5.142792627215385,96
sign_test_er0.8__norm_spectral_radius,matched_er_4to1_chunk_16,82,cosine_similarity,-0.0208102124743163,96
sign_test_er0.8__norm_spectral_radius,matched_er_4to1_chunk_16,82,kl_to_gaussian,0.0,96
sign_test_er0.8__norm_spectral_radius,matched_er_4to1_chunk_16,82,wt_mean,-0.002860830514691725,96
sign_test_er0.8__norm_spectral_radius,matched_er_4to1_chunk_16,83,GR,10.36964846154054,96
sign_test_er0.8__norm_spectral_radius,matched_er_4to1_chunk_16,83,IPC,8.787179670903875,96
sign_test_er0.8__norm_spectral_radius,matched_er_4to1_chunk_16,83,KR,5.1520906674365206,96
sign_test_er0.8__norm_spectral_radius,matched_er_4to1_chunk_16,83,MC,5.184462829182546,96
sign_test_er0.8__norm_spectral_radius,matched_er_4to1_chunk_16,83,cosine_similarity,-0.020810213405638874,96
sign_test_er0.8__norm_spectral_radius,matched_er_4to1_chunk_16,83,kl_to_gaussian,0.0,96
sign_test_er0.8__norm_spectral_radius,matched_er_4to1_chunk_16,83,wt_mean,-0.00285491917748,96
sign_test_er0.8__norm_spectral_radius,matched_er_4to1_chunk_16,84,GR,10.0449687987566,96
sign_test_er0.8__norm_spectral_radius,matched_er_4to1_chunk_16,84,IPC,9.994504404841445,96
sign_test_er0.8__norm_spectral_radius,matched_er_4to1_chunk_16,84,KR,5.101973136266072,96
sign_test_er0.8__norm_spectral_radius,matched_er_4to1_chunk_16,84,MC,5.675256455938022,96
sign_test_er0.8__norm_spectral_radius,matched_er_4to1_chunk_16,84,cosine_similarity,-0.021642615087330275,96
sign_test_er0.8__norm_spectral_radius,matched_er_4to1_chunk_16,84,kl_to_gaussian,0.0,96
sign_test_er0.8__norm_spectral_radius,matched_er_4to1_chunk_16,84,wt_mean,-0.0029410618008114,96
sign_test_er0.8__norm_spectral_radius,matched_er_4to1_chunk_17,85,GR,9.99344897766908,96
sign_test_er0.8__norm_spectral_radius,matched_er_4to1_chunk_17,85,IPC,9.258662419746596,96
sign_test_er0.8__norm_spectral_radius,matched_er_4to1_chunk_17,85,KR,5.071162814895312,96
sign_test_er0.8__norm_spectral_radius,matched_er_4to1_chunk_17,85,MC,5.413965042680502,96
sign_test_er0.8__norm_spectral_radius,matched_er_4to1_chunk_17,85,cosine_similarity,-0.029689238872379023,96
sign_test_er0.8__norm_spectral_radius,matched_er_4to1_chunk_17,85,kl_to_gaussian,0.0,96
sign_test_er0.8__norm_spectral_radius,matched_er_4to1_chunk_17,85,wt_mean,-0.0028792556840926253,96
sign_test_er0.8__norm_spectral_radius,matched_er_4to1_chunk_17,86,GR,9.239131492873033,96
sign_test_er0.8__norm_spectral_radius,matched_er_4to1_chunk_17,86,IPC,8.84000182528061,96
sign_test_er0.8__norm_spectral_radius,matched_er_4to1_chunk_17,86,KR,4.731594095627467,96
sign_test_er0.8__norm_spectral_radius,matched_er_4to1_chunk_17,86,MC,5.295686832318704,96
sign_test_er0.8__norm_spectral_radius,matched_er_4to1_chunk_17,86,cosine_similarity,-0.0177580448798835,96
sign_test_er0.8__norm_spectral_radius,matched_er_4to1_chunk_17,86,kl_to_gaussian,0.0,96
sign_test_er0.8__norm_spectral_radius,matched_er_4to1_chunk_17,86,wt_mean,-0.0028461823239921747,96
sign_test_er0.8__norm_spectral_radius,matched_er_4to1_chunk_17,87,GR,10.360672498742739,96
sign_test_er0.8__norm_spectral_radius,matched_er_4to1_chunk_17,87,IPC,9.142867444403747,96
sign_test_er0.8__norm_spectral_radius,matched_er_4to1_chunk_17,87,KR,5.108443309863408,96
sign_test_er0.8__norm_spectral_radius,matched_er_4to1_chunk_17,87,MC,5.21469750503699,96
sign_test_er0.8__norm_spectral_radius,matched_er_4to1_chunk_17,87,cosine_similarity,-0.023307438939809747,96
sign_test_er0.8__norm_spectral_radius,matched_er_4to1_chunk_17,87,kl_to_gaussian,0.0,96
sign_test_er0.8__norm_spectral_radius,matched_er_4to1_chunk_17,87,wt_mean,-0.0029349083779379,96
sign_test_er0.8__norm_spectral_radius,matched_er_4to1_chunk_17,88,GR,10.277898892760277,96
sign_test_er0.8__norm_spectral_radius,matched_er_4to1_chunk_17,88,IPC,9.04717261267559,96
sign_test_er0.8__norm_spectral_radius,matched_er_4to1_chunk_17,88,KR,5.025293900320928,96
sign_test_er0.8__norm_spectral_radius,matched_er_4to1_chunk_17,88,MC,5.123270100603501,96
sign_test_er0.8__norm_spectral_radius,matched_er_4to1_chunk_17,88,cosine_similarity,-0.0269145327620208,96
sign_test_er0.8__norm_spectral_radius,matched_er_4to1_chunk_17,88,kl_to_gaussian,0.0,96
sign_test_er0.8__norm_spectral_radius,matched_er_4to1_chunk_17,88,wt_mean,-0.002897929982282175,96
sign_test_er0.8__norm_spectral_radius,matched_er_4to1_chunk_17,89,GR,8.938559420406818,96
sign_test_er0.8__norm_spectral_radius,matched_er_4to1_chunk_17,89,IPC,8.71858944329968,96
sign_test_er0.8__norm_spectral_radius,matched_er_4to1_chunk_17,89,KR,4.6613448187708855,96
sign_test_er0.8__norm_spectral_radius,matched_er_4to1_chunk_17,89,MC,5.216030848522981,96
sign_test_er0.8__norm_spectral_radius,matched_er_4to1_chunk_17,89,cosine_similarity,-0.02552718762308355,96
sign_test_er0.8__norm_spectral_radius,matched_er_4to1_chunk_17,89,kl_to_gaussian,0.0,96
sign_test_er0.8__norm_spectral_radius,matched_er_4to1_chunk_17,89,wt_mean,-0.0027998983277938753,96
sign_test_er0.8__norm_spectral_radius,matched_er_4to1_chunk_18,90,GR,10.846126911540827,96
sign_test_er0.8__norm_spectral_radius,matched_er_4to1_chunk_18,90,IPC,9.84138569089485,96
sign_test_er0.8__norm_spectral_radius,matched_er_4to1_chunk_18,90,KR,5.416035267213981,96
sign_test_er0.8__norm_spectral_radius,matched_er_4to1_chunk_18,90,MC,5.603750382860501,96
sign_test_er0.8__norm_spectral_radius,matched_er_4to1_chunk_18,90,cosine_similarity,-0.026914535555988526,96
sign_test_er0.8__norm_spectral_radius,matched_er_4to1_chunk_18,90,kl_to_gaussian,0.0,96
sign_test_er0.8__norm_spectral_radius,matched_er_4to1_chunk_18,90,wt_mean,-0.002926397952251075,96
sign_test_er0.8__norm_spectral_radius,matched_er_4to1_chunk_18,91,GR,9.492698300629854,96
sign_test_er0.8__norm_spectral_radius,matched_er_4to1_chunk_18,91,IPC,9.12564556565903,96
sign_test_er0.8__norm_spectral_radius,matched_er_4to1_chunk_18,91,KR,4.901016407956679,96
sign_test_er0.8__norm_spectral_radius,matched_er_4to1_chunk_18,91,MC,5.219307452440262,96
sign_test_er0.8__norm_spectral_radius,matched_er_4to1_chunk_18,91,cosine_similarity,-0.030799114145338497,96
sign_test_er0.8__norm_spectral_radius,matched_er_4to1_chunk_18,91,kl_to_gaussian,0.0,96
sign_test_er0.8__norm_spectral_radius,matched_er_4to1_chunk_18,91,wt_mean,-0.0028042391641064997,96
sign_test_er0.8__norm_spectral_radius,matched_er_4to1_chunk_18,92,GR,9.324184611439705,96
sign_test_er0.8__norm_spectral_radius,matched_er_4to1_chunk_18,92,IPC,9.594997696237389,96
sign_test_er0.8__norm_spectral_radius,matched_er_4to1_chunk_18,92,KR,4.915990872929494,96
sign_test_er0.8__norm_spectral_radius,matched_er_4to1_chunk_18,92,MC,5.454198528081179,96
sign_test_er0.8__norm_spectral_radius,matched_er_4to1_chunk_18,92,cosine_similarity,-0.035793556831777026,96
sign_test_er0.8__norm_spectral_radius,matched_er_4to1_chunk_18,92,kl_to_gaussian,0.0,96
sign_test_er0.8__norm_spectral_radius,matched_er_4to1_chunk_18,92,wt_mean,-0.0028421963215805,96
sign_test_er0.8__norm_spectral_radius,matched_er_4to1_chunk_18,93,GR,9.458908426264921,96
sign_test_er0.8__norm_spectral_radius,matched_er_4to1_chunk_18,93,IPC,9.203298356670382,96
sign_test_er0.8__norm_spectral_radius,matched_er_4to1_chunk_18,93,KR,4.8960325966278715,96
sign_test_er0.8__norm_spectral_radius,matched_er_4to1_chunk_18,93,MC,5.3776743076741695,96
sign_test_er0.8__norm_spectral_radius,matched_er_4to1_chunk_18,93,cosine_similarity,-0.029411768075078674,96
sign_test_er0.8__norm_spectral_radius,matched_er_4to1_chunk_18,93,kl_to_gaussian,0.0,96
sign_test_er0.8__norm_spectral_radius,matched_er_4to1_chunk_18,93,wt_mean,-0.002844584465492475,96
sign_test_er0.8__norm_spectral_radius,matched_er_4to1_chunk_18,94,GR,9.20419262846311,96
sign_test_er0.8__norm_spectral_radius,matched_er_4to1_chunk_18,94,IPC,9.339626664908364,96
sign_test_er0.8__norm_spectral_radius,matched_er_4to1_chunk_18,94,KR,4.682560529559851,96
sign_test_er0.8__norm_spectral_radius,matched_er_4to1_chunk_18,94,MC,5.3213815080622835,96
sign_test_er0.8__norm_spectral_radius,matched_er_4to1_chunk_18,94,cosine_similarity,-0.02719200588762755,96
sign_test_er0.8__norm_spectral_radius,matched_er_4to1_chunk_18,94,kl_to_gaussian,0.0,96
sign_test_er0.8__norm_spectral_radius,matched_er_4to1_chunk_18,94,wt_mean,-0.002853123645763775,96
sign_test_er0.8__norm_spectral_radius,matched_er_4to1_chunk_19,95,GR,9.552966261903444,96
sign_test_er0.8__norm_spectral_radius,matched_er_4to1_chunk_19,95,IPC,9.044919254657996,96
sign_test_er0.8__norm_spectral_radius,matched_er_4to1_chunk_19,95,KR,4.853558202584584,96
sign_test_er0.8__norm_spectral_radius,matched_er_4to1_chunk_19,95,MC,5.3153901894887285,96
sign_test_er0.8__norm_spectral_radius,matched_er_4to1_chunk_19,95,cosine_similarity,-0.026359601411968425,96
sign_test_er0.8__norm_spectral_radius,matched_er_4to1_chunk_19,95,kl_to_gaussian,0.0,96
sign_test_er0.8__norm_spectral_radius,matched_er_4to1_chunk_19,95,wt_mean,-0.00281546346377575,96
sign_test_er0.8__norm_spectral_radius,matched_er_4to1_chunk_19,96,GR,10.830448910593987,96
sign_test_er0.8__norm_spectral_radius,matched_er_4to1_chunk_19,96,IPC,9.08651192932969,96
sign_test_er0.8__norm_spectral_radius,matched_er_4to1_chunk_19,96,KR,5.342878104497989,96
sign_test_er0.8__norm_spectral_radius,matched_er_4to1_chunk_19,96,MC,5.2404029580454035,96
sign_test_er0.8__norm_spectral_radius,matched_er_4to1_chunk_19,96,cosine_similarity,-0.022197560407221248,96
sign_test_er0.8__norm_spectral_radius,matched_er_4to1_chunk_19,96,kl_to_gaussian,0.0,96
sign_test_er0.8__norm_spectral_radius,matched_er_4to1_chunk_19,96,wt_mean,-0.0028651866596191753,96
sign_test_er0.8__norm_spectral_radius,matched_er_4to1_chunk_19,97,GR,10.431790053844452,96
sign_test_er0.8__norm_spectral_radius,matched_er_4to1_chunk_19,97,IPC,9.677111866080041,96
sign_test_er0.8__norm_spectral_radius,matched_er_4to1_chunk_19,97,KR,5.28177039946119,96
sign_test_er0.8__norm_spectral_radius,matched_er_4to1_chunk_19,97,MC,5.486148747305076,96
sign_test_er0.8__norm_spectral_radius,matched_er_4to1_chunk_19,97,cosine_similarity,-0.025804657954722626,96
sign_test_er0.8__norm_spectral_radius,matched_er_4to1_chunk_19,97,kl_to_gaussian,0.0,96
sign_test_er0.8__norm_spectral_radius,matched_er_4to1_chunk_19,97,wt_mean,-0.0029188633197918,96
sign_test_er0.8__norm_spectral_radius,matched_er_4to1_chunk_19,98,GR,10.10593068599701,96
sign_test_er0.8__norm_spectral_radius,matched_er_4to1_chunk_19,98,IPC,9.309018985109669,96
sign_test_er0.8__norm_spectral_radius,matched_er_4to1_chunk_19,98,KR,5.1659330651164055,96
sign_test_er0.8__norm_spectral_radius,matched_er_4to1_chunk_19,98,MC,5.367165358116229,96
sign_test_er0.8__norm_spectral_radius,matched_er_4to1_chunk_19,98,cosine_similarity,-0.024694779887795403,96
sign_test_er0.8__norm_spectral_radius,matched_er_4to1_chunk_19,98,kl_to_gaussian,0.0,96
sign_test_er0.8__norm_spectral_radius,matched_er_4to1_chunk_19,98,wt_mean,-0.0028616458876057995,96
sign_test_er0.8__norm_spectral_radius,matched_er_4to1_chunk_19,99,GR,8.983011076847712,96
sign_test_er0.8__norm_spectral_radius,matched_er_4to1_chunk_19,99,IPC,9.078820567675649,96
sign_test_er0.8__norm_spectral_radius,matched_er_4to1_chunk_19,99,KR,4.7844859436154366,96
sign_test_er0.8__norm_spectral_radius,matched_er_4to1_chunk_19,99,MC,5.351562132438024,96
sign_test_er0.8__norm_spectral_radius,matched_er_4to1_chunk_19,99,cosine_similarity,-0.023862376343458825,96
sign_test_er0.8__norm_spectral_radius,matched_er_4to1_chunk_19,99,kl_to_gaussian,0.0,96
sign_test_er0.8__norm_spectral_radius,matched_er_4to1_chunk_19,99,wt_mean,-0.002840062719769725,96
sign_test_er0.8__norm_spectral_radius,matched_er_4to1_chunk_2,10,GR,9.711768322934708,96
sign_test_er0.8__norm_spectral_radius,matched_er_4to1_chunk_2,10,IPC,10.404445069496175,96
sign_test_er0.8__norm_spectral_radius,matched_er_4to1_chunk_2,10,KR,4.901494258393844,96
sign_test_er0.8__norm_spectral_radius,matched_er_4to1_chunk_2,10,MC,5.7182022122045355,96
sign_test_er0.8__norm_spectral_radius,matched_er_4to1_chunk_2,10,cosine_similarity,-0.027192003093659826,96
sign_test_er0.8__norm_spectral_radius,matched_er_4to1_chunk_2,10,kl_to_gaussian,0.0,96
sign_test_er0.8__norm_spectral_radius,matched_er_4to1_chunk_2,10,wt_mean,-0.0028619574732146754,96
sign_test_er0.8__norm_spectral_radius,matched_er_4to1_chunk_2,11,GR,9.4288773710529,96
sign_test_er0.8__norm_spectral_radius,matched_er_4to1_chunk_2,11,IPC,10.98253220131236,96
sign_test_er0.8__norm_spectral_radius,matched_er_4to1_chunk_2,11,KR,4.9534407419463,96
sign_test_er0.8__norm_spectral_radius,matched_er_4to1_chunk_2,11,MC,5.997308944662412,96
sign_test_er0.8__norm_spectral_radius,matched_er_4to1_chunk_2,11,cosine_similarity,-0.029689237009733874,96
sign_test_er0.8__norm_spectral_radius,matched_er_4to1_chunk_2,11,kl_to_gaussian,0.0,96
sign_test_er0.8__norm_spectral_radius,matched_er_4to1_chunk_2,11,wt_mean,-0.00282837159465995,96
sign_test_er0.8__norm_spectral_radius,matched_er_4to1_chunk_2,12,GR,11.535593310991922,96
sign_test_er0.8__norm_spectral_radius,matched_er_4to1_chunk_2,12,IPC,10.294671404852291,96
sign_test_er0.8__norm_spectral_radius,matched_er_4to1_chunk_2,12,KR,5.6171525319417315,96
sign_test_er0.8__norm_spectral_radius,matched_er_4to1_chunk_2,12,MC,5.584268979728222,96
sign_test_er0.8__norm_spectral_radius,matched_er_4to1_chunk_2,12,cosine_similarity,-0.024417310021817653,96
sign_test_er0.8__norm_spectral_radius,matched_er_4to1_chunk_2,12,kl_to_gaussian,0.0,96
sign_test_er0.8__norm_spectral_radius,matched_er_4to1_chunk_2,12,wt_mean,-0.002902980195358325,96
sign_test_er0.8__norm_spectral_radius,matched_er_4to1_chunk_2,13,GR,10.667402024070421,96
sign_test_er0.8__norm_spectral_radius,matched_er_4to1_chunk_2,13,IPC,10.251438316586487,96
sign_test_er0.8__norm_spectral_radius,matched_er_4to1_chunk_2,13,KR,5.411485551546018,96
sign_test_er0.8__norm_spectral_radius,matched_er_4to1_chunk_2,13,MC,5.919343209515016,96
sign_test_er0.8__norm_spectral_radius,matched_er_4to1_chunk_2,13,cosine_similarity,-0.0216426150873303,96
sign_test_er0.8__norm_spectral_radius,matched_er_4to1_chunk_2,13,kl_to_gaussian,0.0,96
sign_test_er0.8__norm_spectral_radius,matched_er_4to1_chunk_2,13,wt_mean,-0.002905978297349,96
sign_test_er0.8__norm_spectral_radius,matched_er_4to1_chunk_2,14,GR,9.087372610966364,96
sign_test_er0.8__norm_spectral_radius,matched_er_4to1_chunk_2,14,IPC,10.195453409805381,96
sign_test_er0.8__norm_spectral_radius,matched_er_4to1_chunk_2,14,KR,4.688884382446607,96
sign_test_er0.8__norm_spectral_radius,matched_er_4to1_chunk_2,14,MC,5.533262621611357,96
sign_test_er0.8__norm_spectral_radius,matched_er_4to1_chunk_2,14,cosine_similarity,-0.02469478501006955,96
sign_test_er0.8__norm_spectral_radius,matched_er_4to1_chunk_2,14,kl_to_gaussian,0.0,96
sign_test_er0.8__norm_spectral_radius,matched_er_4to1_chunk_2,14,wt_mean,-0.0028273836942389,96
sign_test_er0.8__norm_spectral_radius,matched_er_4to1_chunk_3,15,GR,9.29099311431249,96
sign_test_er0.8__norm_spectral_radius,matched_er_4to1_chunk_3,15,IPC,10.135722951817142,96
sign_test_er0.8__norm_spectral_radius,matched_er_4to1_chunk_3,15,KR,4.787134064982335,96
sign_test_er0.8__norm_spectral_radius,matched_er_4to1_chunk_3,15,MC,5.619390469044447,96
sign_test_er0.8__norm_spectral_radius,matched_er_4to1_chunk_3,15,cosine_similarity,-0.028301885351538627,96
sign_test_er0.8__norm_spectral_radius,matched_er_4to1_chunk_3,15,kl_to_gaussian,0.0,96
sign_test_er0.8__norm_spectral_radius,matched_er_4to1_chunk_3,15,wt_mean,-0.00282446987694125,96
sign_test_er0.8__norm_spectral_radius,matched_er_4to1_chunk_3,16,GR,10.703831839064756,96
sign_test_er0.8__norm_spectral_radius,matched_er_4to1_chunk_3,16,IPC,10.542126449395163,96
sign_test_er0.8__norm_spectral_radius,matched_er_4to1_chunk_3,16,KR,5.281306743621826,96
sign_test_er0.8__norm_spectral_radius,matched_er_4to1_chunk_3,16,MC,5.918672526876132,96
sign_test_er0.8__norm_spectral_radius,matched_er_4to1_chunk_3,16,cosine_similarity,-0.020255269482731774,96
sign_test_er0.8__norm_spectral_radius,matched_er_4to1_chunk_3,16,kl_to_gaussian,0.0,96
sign_test_er0.8__norm_spectral_radius,matched_er_4to1_chunk_3,16,wt_mean,-0.0028624201077036,96
sign_test_er0.8__norm_spectral_radius,matched_er_4to1_chunk_3,17,GR,9.87992706646522,96
sign_test_er0.8__norm_spectral_radius,matched_er_4to1_chunk_3,17,IPC,9.90520488138517,96
sign_test_er0.8__norm_spectral_radius,matched_er_4to1_chunk_3,17,KR,5.004391143719356,96
sign_test_er0.8__norm_spectral_radius,matched_er_4to1_chunk_3,17,MC,5.46933555478851,96
sign_test_er0.8__norm_spectral_radius,matched_er_4to1_chunk_3,17,cosine_similarity,-0.028856832534074724,96
sign_test_er0.8__norm_spectral_radius,matched_er_4to1_chunk_3,17,kl_to_gaussian,0.0,96
sign_test_er0.8__norm_spectral_radius,matched_er_4to1_chunk_3,17,wt_mean,-0.00295102031668645,96
sign_test_er0.8__norm_spectral_radius,matched_er_4to1_chunk_3,18,GR,10.787208631634712,96
sign_test_er0.8__norm_spectral_radius,matched_er_4to1_chunk_3,18,IPC,10.780701274294453,96
sign_test_er0.8__norm_spectral_radius,matched_er_4to1_chunk_3,18,KR,5.388723333676656,96
sign_test_er0.8__norm_spectral_radius,matched_er_4to1_chunk_3,18,MC,5.938976024587949,96
sign_test_er0.8__norm_spectral_radius,matched_er_4to1_chunk_3,18,cosine_similarity,-0.024694787338375976,96
sign_test_er0.8__norm_spectral_radius,matched_er_4to1_chunk_3,18,kl_to_gaussian,0.0,96
sign_test_er0.8__norm_spectral_radius,matched_er_4to1_chunk_3,18,wt_mean,-0.002935594704467775,96
sign_test_er0.8__norm_spectral_radius,matched_er_4to1_chunk_3,19,GR,9.813442091147104,96
sign_test_er0.8__norm_spectral_radius,matched_er_4to1_chunk_3,19,IPC,10.57130372365915,96
sign_test_er0.8__norm_spectral_radius,matched_er_4to1_chunk_3,19,KR,5.013261791318655,96
sign_test_er0.8__norm_spectral_radius,matched_er_4to1_chunk_3,19,MC,5.795220367610455,96
sign_test_er0.8__norm_spectral_radius,matched_er_4to1_chunk_3,19,cosine_similarity,-0.01970032835379235,96
sign_test_er0.8__norm_spectral_radius,matched_er_4to1_chunk_3,19,kl_to_gaussian,0.0,96
sign_test_er0.8__norm_spectral_radius,matched_er_4to1_chunk_3,19,wt_mean,-0.0028357169358059248,96
sign_test_er0.8__norm_spectral_radius,matched_er_4to1_chunk_4,20,GR,9.93526247392098,96
sign_test_er0.8__norm_spectral_radius,matched_er_4to1_chunk_4,20,IPC,10.649496705576489,96
sign_test_er0.8__norm_spectral_radius,matched_er_4to1_chunk_4,20,KR,5.018173636247714,96
sign_test_er0.8__norm_spectral_radius,matched_er_4to1_chunk_4,20,MC,5.71380627900362,96
sign_test_er0.8__norm_spectral_radius,matched_er_4to1_chunk_4,20,cosine_similarity,-0.0319089815020561,96
sign_test_er0.8__norm_spectral_radius,matched_er_4to1_chunk_4,20,kl_to_gaussian,0.0,96
sign_test_er0.8__norm_spectral_radius,matched_er_4to1_chunk_4,20,wt_mean,-0.0028940581833012,96
sign_test_er0.8__norm_spectral_radius,matched_er_4to1_chunk_4,21,GR,9.816883593797684,96
sign_test_er0.8__norm_spectral_radius,matched_er_4to1_chunk_4,21,IPC,10.218210483751273,96
sign_test_er0.8__norm_spectral_radius,matched_er_4to1_chunk_4,21,KR,5.0269269545873,96
sign_test_er0.8__norm_spectral_radius,matched_er_4to1_chunk_4,21,MC,5.613803466161092,96
sign_test_er0.8__norm_spectral_radius,matched_er_4to1_chunk_4,21,cosine_similarity,-0.025249728467315397,96
sign_test_er0.8__norm_spectral_radius,matched_er_4to1_chunk_4,21,kl_to_gaussian,0.0,96
sign_test_er0.8__norm_spectral_radius,matched_er_4to1_chunk_4,21,wt_mean,-0.0028970223502255503,96
sign_test_er0.8__norm_spectral_radius,matched_er_4to1_chunk_4,22,GR,9.089554792890945,96
sign_test_er0.8__norm_spectral_radius,matched_er_4to1_chunk_4,22,IPC,10.367622934125288,96
sign_test_er0.8__norm_spectral_radius,matched_er_4to1_chunk_4,22,KR,4.694364786148071,96
sign_test_er0.8__norm_spectral_radius,matched_er_4to1_chunk_4,22,MC,5.50319663559397,96
sign_test_er0.8__norm_spectral_radius,matched_er_4to1_chunk_4,22,cosine_similarity,-0.022197553887963226,96
sign_test_er0.8__norm_spectral_radius,matched_er_4to1_chunk_4,22,kl_to_gaussian,0.0,96
sign_test_er0.8__norm_spectral_radius,matched_er_4to1_chunk_4,22,wt_mean,-0.0029132211930118,96
sign_test_er0.8__norm_spectral_radius,matched_er_4to1_chunk_4,23,GR,8.890232363094887,96
sign_test_er0.8__norm_spectral_radius,matched_er_4to1_chunk_4,23,IPC,10.927991765247315,96
sign_test_er0.8__norm_spectral_radius,matched_er_4to1_chunk_4,23,KR,4.669902232786019,96
sign_test_er0.8__norm_spectral_radius,matched_er_4to1_chunk_4,23,MC,5.7735172137618065,96
sign_test_er0.8__norm_spectral_radius,matched_er_4to1_chunk_4,23,cosine_similarity,-0.019977802876383025,96
sign_test_er0.8__norm_spectral_radius,matched_er_4to1_chunk_4,23,kl_to_gaussian,0.0,96
sign_test_er0.8__norm_spectral_radius,matched_er_4to1_chunk_4,23,wt_mean,-0.002792431099805925,96
sign_test_er0.8__norm_spectral_radius,matched_er_4to1_chunk_4,24,GR,9.930443863073984,96
sign_test_er0.8__norm_spectral_radius,matched_er_4to1_chunk_4,24,IPC,10.105561129706592,96
sign_test_er0.8__norm_spectral_radius,matched_er_4to1_chunk_4,24,KR,5.0426343977451324,96
sign_test_er0.8__norm_spectral_radius,matched_er_4to1_chunk_4,24,MC,5.4280611251791315,96
sign_test_er0.8__norm_spectral_radius,matched_er_4to1_chunk_4,24,cosine_similarity,-0.022475024219602274,96
sign_test_er0.8__norm_spectral_radius,matched_er_4to1_chunk_4,24,kl_to_gaussian,0.0,96
sign_test_er0.8__norm_spectral_radius,matched_er_4to1_chunk_4,24,wt_mean,-0.002824725816026275,96
sign_test_er0.8__norm_spectral_radius,matched_er_4to1_chunk_5,25,GR,9.987725300093492,96
sign_test_er0.8__norm_spectral_radius,matched_er_4to1_chunk_5,25,IPC,10.731097169042696,96
sign_test_er0.8__norm_spectral_radius,matched_er_4to1_chunk_5,25,KR,5.027863934636116,96
sign_test_er0.8__norm_spectral_radius,matched_er_4to1_chunk_5,25,MC,5.708273281653722,96
sign_test_er0.8__norm_spectral_radius,matched_er_4to1_chunk_5,25,cosine_similarity,-0.0177580444142222,96
sign_test_er0.8__norm_spectral_radius,matched_er_4to1_chunk_5,25,kl_to_gaussian,0.0,96
sign_test_er0.8__norm_spectral_radius,matched_er_4to1_chunk_5,25,wt_mean,-0.0028830100200138253,96
sign_test_er0.8__norm_spectral_radius,matched_er_4to1_chunk_5,26,GR,10.094020294646421,96
sign_test_er0.8__norm_spectral_radius,matched_er_4to1_chunk_5,26,IPC,10.313428122004323,96
sign_test_er0.8__norm_spectral_radius,matched_er_4to1_chunk_5,26,KR,5.218361578881741,96
sign_test_er0.8__norm_spectral_radius,matched_er_4to1_chunk_5,26,MC,5.600467572609584,96
sign_test_er0.8__norm_spectral_radius,matched_er_4to1_chunk_5,26,cosine_similarity,-0.02663706429302685,96
sign_test_er0.8__norm_spectral_radius,matched_er_4to1_chunk_5,26,kl_to_gaussian,0.0,96
sign_test_er0.8__norm_spectral_radius,matched_er_4to1_chunk_5,26,wt_mean,-0.0027896902756765,96
sign_test_er0.8__norm_spectral_radius,matched_er_4to1_chunk_5,27,GR,9.78712534159422,96
sign_test_er0.8__norm_spectral_radius,matched_er_4to1_chunk_5,27,IPC,9.98072697273591,96
sign_test_er0.8__norm_spectral_radius,matched_er_4to1_chunk_5,27,KR,4.85842773069938,96
sign_test_er0.8__norm_spectral_radius,matched_er_4to1_chunk_5,27,MC,5.285627231001854,96
sign_test_er0.8__norm_spectral_radius,matched_er_4to1_chunk_5,27,cosine_similarity,-0.026637068483978472,96
sign_test_er0.8__norm_spectral_radius,matched_er_4to1_chunk_5,27,kl_to_gaussian,0.0,96
sign_test_er0.8__norm_spectral_radius,matched_er_4to1_chunk_5,27,wt_mean,-0.00285096245352175,96
sign_test_er0.8__norm_spectral_radius,matched_er_4to1_chunk_5,28,GR,9.552775093664726,96
sign_test_er0.8__norm_spectral_radius,matched_er_4to1_chunk_5,28,IPC,10.498485627812324,96
sign_test_er0.8__norm_spectral_radius,matched_er_4to1_chunk_5,28,KR,4.940246811757485,96
sign_test_er0.8__norm_spectral_radius,matched_er_4to1_chunk_5,28,MC,5.840171009302139,96
sign_test_er0.8__norm_spectral_radius,matched_er_4to1_chunk_5,28,cosine_similarity,-0.019700333010405226,96
sign_test_er0.8__norm_spectral_radius,matched_er_4to1_chunk_5,28,kl_to_gaussian,0.0,96
sign_test_er0.8__norm_spectral_radius,matched_er_4to1_chunk_5,28,wt_mean,-0.0029168762848712,96
sign_test_er0.8__norm_spectral_radius,matched_er_4to1_chunk_5,29,GR,9.412618496765694,96
sign_test_er0.8__norm_spectral_radius,matched_er_4to1_chunk_5,29,IPC,10.032878960638401,96
sign_test_er0.8__norm_spectral_radius,matched_er_4to1_chunk_5,29,KR,4.736231412738562,96
sign_test_er0.8__norm_spectral_radius,matched_er_4to1_chunk_5,29,MC,5.393610668679078,96
sign_test_er0.8__norm_spectral_radius,matched_er_4to1_chunk_5,29,cosine_similarity,-0.026914546731859428,96
sign_test_er0.8__norm_spectral_radius,matched_er_4to1_chunk_5,29,kl_to_gaussian,0.0,96
sign_test_er0.8__norm_spectral_radius,matched_er_4to1_chunk_5,29,wt_mean,-0.002774344407953275,96
sign_test_er0.8__norm_spectral_radius,matched_er_4to1_chunk_6,30,GR,10.208189951876799,96
sign_test_er0.8__norm_spectral_radius,matched_er_4to1_chunk_6,30,IPC,11.119983555689018,96
sign_test_er0.8__norm_spectral_radius,matched_er_4to1_chunk_6,30,KR,5.166701372712851,96
sign_test_er0.8__norm_spectral_radius,matched_er_4to1_chunk_6,30,MC,5.805205817023913,96
sign_test_er0.8__norm_spectral_radius,matched_er_4to1_chunk_6,30,cosine_similarity,-0.0202552690170705,96
sign_test_er0.8__norm_spectral_radius,matched_er_4to1_chunk_6,30,kl_to_gaussian,0.0,96
sign_test_er0.8__norm_spectral_radius,matched_er_4to1_chunk_6,30,wt_mean,-0.00289665482705455,96
sign_test_er0.8__norm_spectral_radius,matched_er_4to1_chunk_6,31,GR,9.09083711480101,96
sign_test_er0.8__norm_spectral_radius,matched_er_4to1_chunk_6,31,IPC,10.617289886043658,96
sign_test_er0.8__norm_spectral_radius,matched_er_4to1_chunk_6,31,KR,4.637663965423902,96
sign_test_er0.8__norm_spectral_radius,matched_er_4to1_chunk_6,31,MC,5.761073932051659,96
sign_test_er0.8__norm_spectral_radius,matched_er_4to1_chunk_6,31,cosine_similarity,-0.02081020735204215,96
sign_test_er0.8__norm_spectral_radius,matched_er_4to1_chunk_6,31,kl_to_gaussian,0.0,96
sign_test_er0.8__norm_spectral_radius,matched_er_4to1_chunk_6,31,wt_mean,-0.0028333112131803746,96
sign_test_er0.8__norm_spectral_radius,matched_er_4to1_chunk_6,32,GR,10.469142432014147,96
sign_test_er0.8__norm_spectral_radius,matched_er_4to1_chunk_6,32,IPC,10.715755970086493,96
sign_test_er0.8__norm_spectral_radius,matched_er_4to1_chunk_6,32,KR,5.4580753048261,96
sign_test_er0.8__norm_spectral_radius,matched_er_4to1_chunk_6,32,MC,6.02979992578427,96
sign_test_er0.8__norm_spectral_radius,matched_er_4to1_chunk_6,32,cosine_similarity,-0.02330743987113233,96
sign_test_er0.8__norm_spectral_radius,matched_er_4to1_chunk_6,32,kl_to_gaussian,0.0,96
sign_test_er0.8__norm_spectral_radius,matched_er_4to1_chunk_6,32,wt_mean,-0.0028831482050008747,96
sign_test_er0.8__norm_spectral_radius,matched_er_4to1_chunk_6,33,GR,9.965461572011312,96
sign_test_er0.8__norm_spectral_radius,matched_er_4to1_chunk_6,33,IPC,10.601713755246072,96
sign_test_er0.8__norm_spectral_radius,matched_er_4to1_chunk_6,33,KR,5.037567572047313,96
sign_test_er0.8__norm_spectral_radius,matched_er_4to1_chunk_6,33,MC,5.891138228277366,96
sign_test_er0.8__norm_spectral_radius,matched_er_4to1_chunk_6,33,cosine_similarity,-0.02358490740880365,96
sign_test_er0.8__norm_spectral_radius,matched_er_4to1_chunk_6,33,kl_to_gaussian,0.0,96
sign_test_er0.8__norm_spectral_radius,matched_er_4to1_chunk_6,33,wt_mean,-0.003003300400450775,96
sign_test_er0.8__norm_spectral_radius,matched_er_4to1_chunk_6,34,GR,10.482882767915726,96
sign_test_er0.8__norm_spectral_radius,matched_er_4to1_chunk_6,34,IPC,10.15297559123708,96
sign_test_er0.8__norm_spectral_radius,matched_er_4to1_chunk_6,34,KR,5.252734144528707,96
sign_test_er0.8__norm_spectral_radius,matched_er_4to1_chunk_6,34,MC,5.714293250193198,96
sign_test_er0.8__norm_spectral_radius,matched_er_4to1_chunk_6,34,cosine_similarity,-0.021920082625001624,96
sign_test_er0.8__norm_spectral_radius,matched_er_4to1_chunk_6,34,kl_to_gaussian,0.0,96
sign_test_er0.8__norm_spectral_radius,matched_er_4to1_chunk_6,34,wt_mean,-0.0029089303570798996,96
sign_test_er0.8__norm_spectral_radius,matched_er_4to1_chunk_7,35,GR,9.507019797960917,96
sign_test_er0.8__norm_spectral_radius,matched_er_4to1_chunk_7,35,IPC,10.568561750362653,96
sign_test_er0.8__norm_spectral_radius,matched_er_4to1_chunk_7,35,KR,4.844311639666557,96
sign_test_er0.8__norm_spectral_radius,matched_er_4to1_chunk_7,35,MC,5.846977956593037,96
sign_test_er0.8__norm_spectral_radius,matched_er_4to1_chunk_7,35,cosine_similarity,-0.02413984527811405,96
sign_test_er0.8__norm_spectral_radius,matched_er_4to1_chunk_7,35,kl_to_gaussian,0.0,96
sign_test_er0.8__norm_spectral_radius,matched_er_4to1_chunk_7,35,wt_mean,-0.0028677901718765,96
sign_test_er0.8__norm_spectral_radius,matched_er_4to1_chunk_7,36,GR,9.97625536719958,96
sign_test_er0.8__norm_spectral_radius,matched_er_4to1_chunk_7,36,IPC,9.880892803860633,96
sign_test_er0.8__norm_spectral_radius,matched_er_4to1_chunk_7,36,KR,5.097679963956277,96
sign_test_er0.8__norm_spectral_radius,matched_er_4to1_chunk_7,36,MC,5.632242475946744,96
sign_test_er0.8__norm_spectral_radius,matched_er_4to1_chunk_7,36,cosine_similarity,-0.03218646533787245,96
sign_test_er0.8__norm_spectral_radius,matched_er_4to1_chunk_7,36,kl_to_gaussian,0.0,96
sign_test_er0.8__norm_spectral_radius,matched_er_4to1_chunk_7,36,wt_mean,-0.002788432699162475,96
sign_test_er0.8__norm_spectral_radius,matched_er_4to1_chunk_7,37,GR,8.711274448782206,96
sign_test_er0.8__norm_spectral_radius,matched_er_4to1_chunk_7,37,IPC,10.046647521669845,96
sign_test_er0.8__norm_spectral_radius,matched_er_4to1_chunk_7,37,KR,4.5099171213805676,96
sign_test_er0.8__norm_spectral_radius,matched_er_4to1_chunk_7,37,MC,5.294980067759752,96
sign_test_er0.8__norm_spectral_radius,matched_er_4to1_chunk_7,37,cosine_similarity,-0.0233074342831969,96
sign_test_er0.8__norm_spectral_radius,matched_er_4to1_chunk_7,37,kl_to_gaussian,0.0,96
sign_test_er0.8__norm_spectral_radius,matched_er_4to1_chunk_7,37,wt_mean,-0.002814871608279625,96
sign_test_er0.8__norm_spectral_radius,matched_er_4to1_chunk_7,38,GR,9.585532409449419,96
sign_test_er0.8__norm_spectral_radius,matched_er_4to1_chunk_7,38,IPC,10.177132592590477,96
sign_test_er0.8__norm_spectral_radius,matched_er_4to1_chunk_7,38,KR,4.941313733657201,96
sign_test_er0.8__norm_spectral_radius,matched_er_4to1_chunk_7,38,MC,5.597311085710923,96
sign_test_er0.8__norm_spectral_radius,matched_er_4to1_chunk_7,38,cosine_similarity,-0.024694781284779272,96
sign_test_er0.8__norm_spectral_radius,matched_er_4to1_chunk_7,38,kl_to_gaussian,0.0,96
sign_test_er0.8__norm_spectral_radius,matched_er_4to1_chunk_7,38,wt_mean,-0.002828731201589075,96
sign_test_er0.8__norm_spectral_radius,matched_er_4to1_chunk_7,39,GR,9.94844850897789,96
sign_test_er0.8__norm_spectral_radius,matched_er_4to1_chunk_7,39,IPC,10.06439878339159,96
sign_test_er0.8__norm_spectral_radius,matched_er_4to1_chunk_7,39,KR,5.0299049864212675,96
sign_test_er0.8__norm_spectral_radius,matched_er_4to1_chunk_7,39,MC,5.703938316553831,96
sign_test_er0.8__norm_spectral_radius,matched_er_4to1_chunk_7,39,cosine_similarity,-0.02469477895647283,96
sign_test_er0.8__norm_spectral_radius,matched_er_4to1_chunk_7,39,kl_to_gaussian,0.0,96
sign_test_er0.8__norm_spectral_radius,matched_er_4to1_chunk_7,39,wt_mean,-0.002861968474462575,96
sign_test_er0.8__norm_spectral_radius,matched_er_4to1_chunk_8,40,GR,9.78770775347948,96
sign_test_er0.8__norm_spectral_radius,matched_er_4to1_chunk_8,40,IPC,9.911529817975762,96
sign_test_er0.8__norm_spectral_radius,matched_er_4to1_chunk_8,40,KR,4.984045676887035,96
sign_test_er0.8__norm_spectral_radius,matched_er_4to1_chunk_8,40,MC,5.330560838182767,96
sign_test_er0.8__norm_spectral_radius,matched_er_4to1_chunk_8,40,cosine_similarity,-0.023029961623251372,96
sign_test_er0.8__norm_spectral_radius,matched_er_4to1_chunk_8,40,kl_to_gaussian,0.0,96
sign_test_er0.8__norm_spectral_radius,matched_er_4to1_chunk_8,40,wt_mean,-0.002870477910619175,96
sign_test_er0.8__norm_spectral_radius,matched_er_4to1_chunk_8,41,GR,9.541654164592424,96
sign_test_er0.8__norm_spectral_radius,matched_er_4to1_chunk_8,41,IPC,10.182264789987968,96
sign_test_er0.8__norm_spectral_radius,matched_er_4to1_chunk_8,41,KR,4.691309156517188,96
sign_test_er0.8__norm_spectral_radius,matched_er_4to1_chunk_8,41,MC,5.397730406373739,96
sign_test_er0.8__norm_spectral_radius,matched_er_4to1_chunk_8,41,cosine_similarity,-0.024694784544408252,96
sign_test_er0.8__norm_spectral_radius,matched_er_4to1_chunk_8,41,kl_to_gaussian,0.0,96
sign_test_er0.8__norm_spectral_radius,matched_er_4to1_chunk_8,41,wt_mean,-0.0028972863801754504,96
sign_test_er0.8__norm_spectral_radius,matched_er_4to1_chunk_8,42,GR,9.083243136604628,96
sign_test_er0.8__norm_spectral_radius,matched_er_4to1_chunk_8,42,IPC,10.346048190998712,96
sign_test_er0.8__norm_spectral_radius,matched_er_4to1_chunk_8,42,KR,4.779743487636249,96
sign_test_er0.8__norm_spectral_radius,matched_er_4to1_chunk_8,42,MC,5.671095275630553,96
sign_test_er0.8__norm_spectral_radius,matched_er_4to1_chunk_8,42,cosine_similarity,-0.019977800548076574,96
sign_test_er0.8__norm_spectral_radius,matched_er_4to1_chunk_8,42,kl_to_gaussian,0.0,96
sign_test_er0.8__norm_spectral_radius,matched_er_4to1_chunk_8,42,wt_mean,-0.002825042349286325,96
sign_test_er0.8__norm_spectral_radius,matched_er_4to1_chunk_8,43,GR,9.585209434231123,96
sign_test_er0.8__norm_spectral_radius,matched_er_4to1_chunk_8,43,IPC,10.431847945442696,96
sign_test_er0.8__norm_spectral_radius,matched_er_4to1_chunk_8,43,KR,4.942775953561068,96
sign_test_er0.8__norm_spectral_radius,matched_er_4to1_chunk_8,43,MC,5.76318313429753,96
sign_test_er0.8__norm_spectral_radius,matched_er_4to1_chunk_8,43,cosine_similarity,-0.0291342949494719,96
sign_test_er0.8__norm_spectral_radius,matched_er_4to1_chunk_8,43,kl_to_gaussian,0.0,96
sign_test_er0.8__norm_spectral_radius,matched_er_4to1_chunk_8,43,wt_mean,-0.002910079958382975,96
sign_test_er0.8__norm_spectral_radius,matched_er_4to1_chunk_8,44,GR,8.953908265878757,96
sign_test_er0.8__norm_spectral_radius,matched_er_4to1_chunk_8,44,IPC,10.368224914198436,96
sign_test_er0.8__norm_spectral_radius,matched_er_4to1_chunk_8,44,KR,4.664404273033142,96
sign_test_er0.8__norm_spectral_radius,matched_er_4to1_chunk_8,44,MC,5.687449850142002,96
sign_test_er0.8__norm_spectral_radius,matched_er_4to1_chunk_8,44,cosine_similarity,-0.022475033067166778,96
sign_test_er0.8__norm_spectral_radius,matched_er_4to1_chunk_8,44,kl_to_gaussian,0.0,96
sign_test_er0.8__norm_spectral_radius,matched_er_4to1_chunk_8,44,wt_mean,-0.002891297452151725,96
sign_test_er0.8__norm_spectral_radius,matched_er_4to1_chunk_9,45,GR,9.482451027880112,96
sign_test_er0.8__norm_spectral_radius,matched_er_4to1_chunk_9,45,IPC,10.527497002584878,96
sign_test_er0.8__norm_spectral_radius,matched_er_4to1_chunk_9,45,KR,4.868172824382782,96
sign_test_er0.8__norm_spectral_radius,matched_er_4to1_chunk_9,45,MC,5.896128363907337,96
sign_test_er0.8__norm_spectral_radius,matched_er_4to1_chunk_9,45,cosine_similarity,-0.02275249175727365,96
sign_test_er0.8__norm_spectral_radius,matched_er_4to1_chunk_9,45,kl_to_gaussian,0.0,96
sign_test_er0.8__norm_spectral_radius,matched_er_4to1_chunk_9,45,wt_mean,-0.002915021264925525,96
sign_test_er0.8__norm_spectral_radius,matched_er_4to1_chunk_9,46,GR,9.477370435992876,96
sign_test_er0.8__norm_spectral_radius,matched_er_4to1_chunk_9,46,IPC,10.421658744759272,96
sign_test_er0.8__norm_spectral_radius,matched_er_4to1_chunk_9,46,KR,4.900991439819336,96
sign_test_er0.8__norm_spectral_radius,matched_er_4to1_chunk_9,46,MC,5.892531551420689,96
sign_test_er0.8__norm_spectral_radius,matched_er_4to1_chunk_9,46,cosine_similarity,-0.02802441827952855,96
sign_test_er0.8__norm_spectral_radius,matched_er_4to1_chunk_9,46,kl_to_gaussian,0.0,96
sign_test_er0.8__norm_spectral_radius,matched_er_4to1_chunk_9,46,wt_mean,-0.002844218048267025,96
sign_test_er0.8__norm_spectral_radius,matched_er_4to1_chunk_9,47,GR,10.642044596374035,96
sign_test_er0.8__norm_spectral_radius,matched_er_4to1_chunk_9,47,IPC,10.299702372315307,96
sign_test_er0.8__norm_spectral_radius,matched_er_4to1_chunk_9,47,KR,5.43482422331969,96
sign_test_er0.8__norm_spectral_radius,matched_er_4to1_chunk_9,47,MC,5.7790380989511805,96
sign_test_er0.8__norm_spectral_radius,matched_er_4to1_chunk_9,47,cosine_similarity,-0.019145390484482026,96
sign_test_er0.8__norm_spectral_radius,matched_er_4to1_chunk_9,47,kl_to_gaussian,0.0,96
sign_test_er0.8__norm_spectral_radius,matched_er_4to1_chunk_9,47,wt_mean,-0.0028389011276885247,96
sign_test_er0.8__norm_spectral_radius,matched_er_4to1_chunk_9,48,GR,9.985001273453236,96
sign_test_er0.8__norm_spectral_radius,matched_er_4to1_chunk_9,48,IPC,10.681374854431295,96
sign_test_er0.8__norm_spectral_radius,matched_er_4to1_chunk_9,48,KR,5.121702776600917,96
sign_test_er0.8__norm_spectral_radius,matched_er_4to1_chunk_9,48,MC,5.834077333410581,96
sign_test_er0.8__norm_spectral_radius,matched_er_4to1_chunk_9,48,cosine_similarity,-0.02219755388796325,96
sign_test_er0.8__norm_spectral_radius,matched_er_4to1_chunk_9,48,kl_to_gaussian,0.0,96
sign_test_er0.8__norm_spectral_radius,matched_er_4to1_chunk_9,48,wt_mean,-0.00284238479798655,96
sign_test_er0.8__norm_spectral_radius,matched_er_4to1_chunk_9,49,GR,9.81432549158732,96
sign_test_er0.8__norm_spectral_radius,matched_er_4to1_chunk_9,49,IPC,10.53170335971067,96
sign_test_er0.8__norm_spectral_radius,matched_er_4to1_chunk_9,49,KR,5.093349487831195,96
sign_test_er0.8__norm_spectral_radius,matched_er_4to1_chunk_9,49,MC,5.877779851357142,96
sign_test_er0.8__norm_spectral_radius,matched_er_4to1_chunk_9,49,cosine_similarity,-0.028301887214183752,96
sign_test_er0.8__norm_spectral_radius,matched_er_4to1_chunk_9,49,kl_to_gaussian,0.0,96
sign_test_er0.8__norm_spectral_radius,matched_er_4to1_chunk_9,49,wt_mean,-0.002847668190952325,96
sign_test_er1.0__norm_original_radius,matched_er_4to1_chunk_0,0,GR,11.76816794772943,96
sign_test_er1.0__norm_original_radius,matched_er_4to1_chunk_0,0,IPC,7.723489092165559,96
sign_test_er1.0__norm_original_radius,matched_er_4to1_chunk_0,0,KR,4.748167589306831,96
sign_test_er1.0__norm_original_radius,matched_er_4to1_chunk_0,0,MC,4.378195544083913,96
sign_test_er1.0__norm_original_radius,matched_er_4to1_chunk_0,0,cosine_similarity,-0.04273029696196313,96
sign_test_er1.0__norm_original_radius,matched_er_4to1_chunk_0,0,kl_to_gaussian,0.0,96
sign_test_er1.0__norm_original_radius,matched_er_4to1_chunk_0,0,wt_mean,-0.005111647362355075,96
sign_test_er1.0__norm_original_radius,matched_er_4to1_chunk_0,1,GR,12.663417058686415,96
sign_test_er1.0__norm_original_radius,matched_er_4to1_chunk_0,1,IPC,8.061014927900553,96
sign_test_er1.0__norm_original_radius,matched_er_4to1_chunk_0,1,KR,5.19198436041673,96
sign_test_er1.0__norm_original_radius,matched_er_4to1_chunk_0,1,MC,4.505006585891048,96
sign_test_er1.0__norm_original_radius,matched_er_4to1_chunk_0,1,cosine_similarity,-0.04273029975593085,96
sign_test_er1.0__norm_original_radius,matched_er_4to1_chunk_0,1,kl_to_gaussian,0.0,96
sign_test_er1.0__norm_original_radius,matched_er_4to1_chunk_0,1,wt_mean,-0.005253607174381576,96
sign_test_er1.0__norm_original_radius,matched_er_4to1_chunk_0,2,GR,12.016443585356077,96
sign_test_er1.0__norm_original_radius,matched_er_4to1_chunk_0,2,IPC,7.56573245150604,96
sign_test_er1.0__norm_original_radius,matched_er_4to1_chunk_0,2,KR,4.852700024843216,96
sign_test_er1.0__norm_original_radius,matched_er_4to1_chunk_0,2,MC,4.341057866811752,96
sign_test_er1.0__norm_original_radius,matched_er_4to1_chunk_0,2,cosine_similarity,-0.037458374164998524,96
sign_test_er1.0__norm_original_radius,matched_er_4to1_chunk_0,2,kl_to_gaussian,0.0,96
sign_test_er1.0__norm_original_radius,matched_er_4to1_chunk_0,2,wt_mean,-0.005144347262103075,96
sign_test_er1.0__norm_original_radius,matched_er_4to1_chunk_0,3,GR,11.695187826951345,96
sign_test_er1.0__norm_original_radius,matched_er_4to1_chunk_0,3,IPC,7.659874644128037,96
sign_test_er1.0__norm_original_radius,matched_er_4to1_chunk_0,3,KR,4.6241180536647635,96
sign_test_er1.0__norm_original_radius,matched_er_4to1_chunk_0,3,MC,4.343776409824689,96
sign_test_er1.0__norm_original_radius,matched_er_4to1_chunk_0,3,cosine_similarity,-0.04384018573909998,96
sign_test_er1.0__norm_original_radius,matched_er_4to1_chunk_0,3,kl_to_gaussian,0.0,96
sign_test_er1.0__norm_original_radius,matched_er_4to1_chunk_0,3,wt_mean,-0.0052181363571435005,96
sign_test_er1.0__norm_original_radius,matched_er_4to1_chunk_0,4,GR,12.613566229740778,96
sign_test_er1.0__norm_original_radius,matched_er_4to1_chunk_0,4,IPC,7.443350870925246,96
sign_test_er1.0__norm_original_radius,matched_er_4to1_chunk_0,4,KR,5.256298003097375,96
sign_test_er1.0__norm_original_radius,matched_er_4to1_chunk_0,4,MC,4.315138151248296,96
sign_test_er1.0__norm_original_radius,matched_er_4to1_chunk_0,4,cosine_similarity,-0.0416204296052455,96
sign_test_er1.0__norm_original_radius,matched_er_4to1_chunk_0,4,kl_to_gaussian,0.0,96
sign_test_er1.0__norm_original_radius,matched_er_4to1_chunk_0,4,wt_mean,-0.005093504616525,96
sign_test_er1.0__norm_original_radius,matched_er_4to1_chunk_1,5,GR,11.937477082014084,96
sign_test_er1.0__norm_original_radius,matched_er_4to1_chunk_1,5,IPC,8.00571784963173,96
sign_test_er1.0__norm_original_radius,matched_er_4to1_chunk_1,5,KR,4.957414789746205,96
sign_test_er1.0__norm_original_radius,matched_er_4to1_chunk_1,5,MC,4.6311881976823015,96
sign_test_er1.0__norm_original_radius,matched_er_4to1_chunk_1,5,cosine_similarity,-0.038290794007480124,96
sign_test_er1.0__norm_original_radius,matched_er_4to1_chunk_1,5,kl_to_gaussian,0.0,96
sign_test_er1.0__norm_original_radius,matched_er_4to1_chunk_1,5,wt_mean,-0.005172923672944275,96
sign_test_er1.0__norm_original_radius,matched_er_4to1_chunk_1,6,GR,10.974104103942713,96
sign_test_er1.0__norm_original_radius,matched_er_4to1_chunk_1,6,IPC,7.662587266562242,96
sign_test_er1.0__norm_original_radius,matched_er_4to1_chunk_1,6,KR,4.65743279705445,96
sign_test_er1.0__norm_original_radius,matched_er_4to1_chunk_1,6,MC,4.419967481245597,96
sign_test_er1.0__norm_original_radius,matched_er_4to1_chunk_1,6,cosine_similarity,-0.037735833786427926,96
sign_test_er1.0__norm_original_radius,matched_er_4to1_chunk_1,6,kl_to_gaussian,0.0,96
sign_test_er1.0__norm_original_radius,matched_er_4to1_chunk_1,6,wt_mean,-0.004999212396796724,96
sign_test_er1.0__norm_original_radius,matched_er_4to1_chunk_1,7,GR,12.14757265895605,96
sign_test_er1.0__norm_original_radius,matched_er_4to1_chunk_1,7,IPC,8.01766447356958,96
sign_test_er1.0__norm_original_radius,matched_er_4to1_chunk_1,7,KR,4.84214615325133,96
sign_test_er1.0__norm_original_radius,matched_er_4to1_chunk_1,7,MC,4.376945714155833,96
sign_test_er1.0__norm_original_radius,matched_er_4to1_chunk_1,7,cosine_similarity,-0.04467258509248492,96
sign_test_er1.0__norm_original_radius,matched_er_4to1_chunk_1,7,kl_to_gaussian,0.0,96
sign_test_er1.0__norm_original_radius,matched_er_4to1_chunk_1,7,wt_mean,-0.0049904145998879495,96
sign_test_er1.0__norm_original_radius,matched_er_4to1_chunk_1,8,GR,12.200571818898121,96
sign_test_er1.0__norm_original_radius,matched_er_4to1_chunk_1,8,IPC,7.790323678926149,96
sign_test_er1.0__norm_original_radius,matched_er_4to1_chunk_1,8,KR,5.08195008461674,96
sign_test_er1.0__norm_original_radius,matched_er_4to1_chunk_1,8,MC,4.391293664773305,96
sign_test_er1.0__norm_original_radius,matched_er_4to1_chunk_1,8,cosine_similarity,-0.04023307189345358,96
sign_test_er1.0__norm_original_radius,matched_er_4to1_chunk_1,8,kl_to_gaussian,0.0,96
sign_test_er1.0__norm_original_radius,matched_er_4to1_chunk_1,8,wt_mean,-0.0050644736620597255,96
sign_test_er1.0__norm_original_radius,matched_er_4to1_chunk_1,9,GR,12.531773860255877,96
sign_test_er1.0__norm_original_radius,matched_er_4to1_chunk_1,9,IPC,7.706034299711804,96
sign_test_er1.0__norm_original_radius,matched_er_4to1_chunk_1,9,KR,5.091548061619203,96
sign_test_er1.0__norm_original_radius,matched_er_4to1_chunk_1,9,MC,4.186605015148719,96
sign_test_er1.0__norm_original_radius,matched_er_4to1_chunk_1,9,cosine_similarity,-0.03773585148155685,96
sign_test_er1.0__norm_original_radius,matched_er_4to1_chunk_1,9,kl_to_gaussian,0.0,96
sign_test_er1.0__norm_original_radius,matched_er_4to1_chunk_1,9,wt_mean,-0.0052819467964581495,96
sign_test_er1.0__norm_original_radius,matched_er_4to1_chunk_10,50,GR,13.025529094040394,96
sign_test_er1.0__norm_original_radius,matched_er_4to1_chunk_10,50,IPC,7.814757640703274,96
sign_test_er1.0__norm_original_radius,matched_er_4to1_chunk_10,50,KR,5.556032035499811,96
sign_test_er1.0__norm_original_radius,matched_er_4to1_chunk_10,50,MC,4.500154251853625,96
sign_test_er1.0__norm_original_radius,matched_er_4to1_chunk_10,50,cosine_similarity,-0.04162042401731007,96
sign_test_er1.0__norm_original_radius,matched_er_4to1_chunk_10,50,kl_to_gaussian,0.0,96
sign_test_er1.0__norm_original_radius,matched_er_4to1_chunk_10,50,wt_mean,-0.00518845487385985,96
sign_test_er1.0__norm_original_radius,matched_er_4to1_chunk_10,51,GR,12.886149555444717,96
sign_test_er1.0__norm_original_radius,matched_er_4to1_chunk_10,51,IPC,7.7513984679150845,96
sign_test_er1.0__norm_original_radius,matched_er_4to1_chunk_10,51,KR,5.284943496187528,96
sign_test_er1.0__norm_original_radius,matched_er_4to1_chunk_10,51,MC,4.445699334144592,96
sign_test_er1.0__norm_original_radius,matched_er_4to1_chunk_10,51,cosine_similarity,-0.04328523483127353,96
sign_test_er1.0__norm_original_radius,matched_er_4to1_chunk_10,51,kl_to_gaussian,0.0,96
sign_test_er1.0__norm_original_radius,matched_er_4to1_chunk_10,51,wt_mean,-0.005109606077894525,96
sign_test_er1.0__norm_original_radius,matched_er_4to1_chunk_10,52,GR,10.909423343837261,96
sign_test_er1.0__norm_original_radius,matched_er_4to1_chunk_10,52,IPC,7.495128173748536,96
sign_test_er1.0__norm_original_radius,matched_er_4to1_chunk_10,52,KR,4.452823420365651,96
sign_test_er1.0__norm_original_radius,matched_er_4to1_chunk_10,52,MC,4.127745617181063,96
sign_test_er1.0__norm_original_radius,matched_er_4to1_chunk_10,52,cosine_similarity,-0.042175360023975296,96
sign_test_er1.0__norm_original_radius,matched_er_4to1_chunk_10,52,kl_to_gaussian,0.0,96
sign_test_er1.0__norm_original_radius,matched_er_4to1_chunk_10,52,wt_mean,-0.005143018381204425,96
sign_test_er1.0__norm_original_radius,matched_er_4to1_chunk_10,53,GR,14.258328860004744,96
sign_test_er1.0__norm_original_radius,matched_er_4to1_chunk_10,53,IPC,7.992305893251285,96
sign_test_er1.0__norm_original_radius,matched_er_4to1_chunk_10,53,KR,5.879627333333095,96
sign_test_er1.0__norm_original_radius,matched_er_4to1_chunk_10,53,MC,4.6442064593235655,96
sign_test_er1.0__norm_original_radius,matched_er_4to1_chunk_10,53,cosine_similarity,-0.040233067236840704,96
sign_test_er1.0__norm_original_radius,matched_er_4to1_chunk_10,53,kl_to_gaussian,0.0,96
sign_test_er1.0__norm_original_radius,matched_er_4to1_chunk_10,53,wt_mean,-0.00534654024522745,96
sign_test_er1.0__norm_original_radius,matched_er_4to1_chunk_10,54,GR,12.335177831351757,96
sign_test_er1.0__norm_original_radius,matched_er_4to1_chunk_10,54,IPC,7.777874657564118,96
sign_test_er1.0__norm_original_radius,matched_er_4to1_chunk_10,54,KR,5.147718747456868,96
sign_test_er1.0__norm_original_radius,matched_er_4to1_chunk_10,54,MC,4.514452358086904,96
sign_test_er1.0__norm_original_radius,matched_er_4to1_chunk_10,54,cosine_similarity,-0.04245282337069509,96
sign_test_er1.0__norm_original_radius,matched_er_4to1_chunk_10,54,kl_to_gaussian,0.0,96
sign_test_er1.0__norm_original_radius,matched_er_4to1_chunk_10,54,wt_mean,-0.005171819822862675,96
sign_test_er1.0__norm_original_radius,matched_er_4to1_chunk_11,55,GR,12.761911106606325,96
sign_test_er1.0__norm_original_radius,matched_er_4to1_chunk_11,55,IPC,8.32315366984641,96
sign_test_er1.0__norm_original_radius,matched_er_4to1_chunk_11,55,KR,5.26069505016009,96
sign_test_er1.0__norm_original_radius,matched_er_4to1_chunk_11,55,MC,4.58413926884532,96
sign_test_er1.0__norm_original_radius,matched_er_4to1_chunk_11,55,cosine_similarity,-0.038290794007480124,96
sign_test_er1.0__norm_original_radius,matched_er_4to1_chunk_11,55,kl_to_gaussian,0.0,96
sign_test_er1.0__norm_original_radius,matched_er_4to1_chunk_11,55,wt_mean,-0.005033223482314425,96
sign_test_er1.0__norm_original_radius,matched_er_4to1_chunk_11,56,GR,12.29622008651495,96
sign_test_er1.0__norm_original_radius,matched_er_4to1_chunk_11,56,IPC,7.770820981185909,96
sign_test_er1.0__norm_original_radius,matched_er_4to1_chunk_11,56,KR,5.2191755548119545,96
sign_test_er1.0__norm_original_radius,matched_er_4to1_chunk_11,56,MC,4.364789189149936,96
sign_test_er1.0__norm_original_radius,matched_er_4to1_chunk_11,56,cosine_similarity,-0.038290800526738146,96
sign_test_er1.0__norm_original_radius,matched_er_4to1_chunk_11,56,kl_to_gaussian,0.0,96
sign_test_er1.0__norm_original_radius,matched_er_4to1_chunk_11,56,wt_mean,-0.005016925628297,96
sign_test_er1.0__norm_original_radius,matched_er_4to1_chunk_11,57,GR,12.688270561397076,96
sign_test_er1.0__norm_original_radius,matched_er_4to1_chunk_11,57,IPC,8.172291377709124,96
sign_test_er1.0__norm_original_radius,matched_er_4to1_chunk_11,57,KR,5.084620938946803,96
sign_test_er1.0__norm_original_radius,matched_er_4to1_chunk_11,57,MC,4.446761314446728,96
sign_test_er1.0__norm_original_radius,matched_er_4to1_chunk_11,57,cosine_similarity,-0.04189789853990075,96
sign_test_er1.0__norm_original_radius,matched_er_4to1_chunk_11,57,kl_to_gaussian,0.0,96
sign_test_er1.0__norm_original_radius,matched_er_4to1_chunk_11,57,wt_mean,-0.00509291078196835,96
sign_test_er1.0__norm_original_radius,matched_er_4to1_chunk_11,58,GR,12.88823352754116,96
sign_test_er1.0__norm_original_radius,matched_er_4to1_chunk_11,58,IPC,7.647311690779571,96
sign_test_er1.0__norm_original_radius,matched_er_4to1_chunk_11,58,KR,5.19587882483999,96
sign_test_er1.0__norm_original_radius,matched_er_4to1_chunk_11,58,MC,4.342493663231532,96
sign_test_er1.0__norm_original_radius,matched_er_4to1_chunk_11,58,cosine_similarity,-0.044395104981958804,96
sign_test_er1.0__norm_original_radius,matched_er_4to1_chunk_11,58,kl_to_gaussian,0.0,96
sign_test_er1.0__norm_original_radius,matched_er_4to1_chunk_11,58,wt_mean,-0.0050996057107113,96
sign_test_er1.0__norm_original_radius,matched_er_4to1_chunk_11,59,GR,11.698920987546444,96
sign_test_er1.0__norm_original_radius,matched_er_4to1_chunk_11,59,IPC,7.642087900962715,96
sign_test_er1.0__norm_original_radius,matched_er_4to1_chunk_11,59,KR,4.79880166426301,96
sign_test_er1.0__norm_original_radius,matched_er_4to1_chunk_11,59,MC,4.303682112445434,96
sign_test_er1.0__norm_original_radius,matched_er_4to1_chunk_11,59,cosine_similarity,-0.04300776589661833,96
sign_test_er1.0__norm_original_radius,matched_er_4to1_chunk_11,59,kl_to_gaussian,0.0,96
sign_test_er1.0__norm_original_radius,matched_er_4to1_chunk_11,59,wt_mean,-0.005112165177706575,96
sign_test_er1.0__norm_original_radius,matched_er_4to1_chunk_12,60,GR,11.939206664760908,96
sign_test_er1.0__norm_original_radius,matched_er_4to1_chunk_12,60,IPC,7.775461803600901,96
sign_test_er1.0__norm_original_radius,matched_er_4to1_chunk_12,60,KR,4.9513571200271445,96
sign_test_er1.0__norm_original_radius,matched_er_4to1_chunk_12,60,MC,4.277523065606753,96
sign_test_er1.0__norm_original_radius,matched_er_4to1_chunk_12,60,cosine_similarity,-0.04467257671058175,96
sign_test_er1.0__norm_original_radius,matched_er_4to1_chunk_12,60,kl_to_gaussian,0.0,96
sign_test_er1.0__norm_original_radius,matched_er_4to1_chunk_12,60,wt_mean,-0.005133219237904925,96
sign_test_er1.0__norm_original_radius,matched_er_4to1_chunk_12,61,GR,13.510710254311562,96
sign_test_er1.0__norm_original_radius,matched_er_4to1_chunk_12,61,IPC,8.167564896385494,96
sign_test_er1.0__norm_original_radius,matched_er_4to1_chunk_12,61,KR,5.499083019793034,96
sign_test_er1.0__norm_original_radius,matched_er_4to1_chunk_12,61,MC,4.436777513474226,96
sign_test_er1.0__norm_original_radius,matched_er_4to1_chunk_12,61,cosine_similarity,-0.038845721632242196,96
sign_test_er1.0__norm_original_radius,matched_er_4to1_chunk_12,61,kl_to_gaussian,0.0,96
sign_test_er1.0__norm_original_radius,matched_er_4to1_chunk_12,61,wt_mean,-0.0050656191888265,96
sign_test_er1.0__norm_original_radius,matched_er_4to1_chunk_12,62,GR,12.695819020271301,96
sign_test_er1.0__norm_original_radius,matched_er_4to1_chunk_12,62,IPC,7.998867284402785,96
sign_test_er1.0__norm_original_radius,matched_er_4to1_chunk_12,62,KR,5.2382243784765405,96
sign_test_er1.0__norm_original_radius,matched_er_4to1_chunk_12,62,MC,4.468439945330222,96
sign_test_er1.0__norm_original_radius,matched_er_4to1_chunk_12,62,cosine_similarity,-0.04384017735719677,96
sign_test_er1.0__norm_original_radius,matched_er_4to1_chunk_12,62,kl_to_gaussian,0.0,96
sign_test_er1.0__norm_original_radius,matched_er_4to1_chunk_12,62,wt_mean,-0.0051918622339144,96
sign_test_er1.0__norm_original_radius,matched_er_4to1_chunk_12,63,GR,12.175531586011251,96
sign_test_er1.0__norm_original_radius,matched_er_4to1_chunk_12,63,IPC,8.207795442707043,96
sign_test_er1.0__norm_original_radius,matched_er_4to1_chunk_12,63,KR,5.082608480006456,96
sign_test_er1.0__norm_original_radius,matched_er_4to1_chunk_12,63,MC,4.56955090413491,96
sign_test_er1.0__norm_original_radius,matched_er_4to1_chunk_12,63,cosine_similarity,-0.04051054455339905,96
sign_test_er1.0__norm_original_radius,matched_er_4to1_chunk_12,63,kl_to_gaussian,0.0,96
sign_test_er1.0__norm_original_radius,matched_er_4to1_chunk_12,63,wt_mean,-0.005036570539232275,96
sign_test_er1.0__norm_original_radius,matched_er_4to1_chunk_12,64,GR,11.462831941743692,96
sign_test_er1.0__norm_original_radius,matched_er_4to1_chunk_12,64,IPC,7.680802951597664,96
sign_test_er1.0__norm_original_radius,matched_er_4to1_chunk_12,64,KR,4.880342880884807,96
sign_test_er1.0__norm_original_radius,matched_er_4to1_chunk_12,64,MC,4.457107392450173,96
sign_test_er1.0__norm_original_radius,matched_er_4to1_chunk_12,64,cosine_similarity,-0.04273029975593085,96
sign_test_er1.0__norm_original_radius,matched_er_4to1_chunk_12,64,kl_to_gaussian,0.0,96
sign_test_er1.0__norm_original_radius,matched_er_4to1_chunk_12,64,wt_mean,-0.0049950039829127,96
sign_test_er1.0__norm_original_radius,matched_er_4to1_chunk_13,65,GR,12.257079660892487,96
sign_test_er1.0__norm_original_radius,matched_er_4to1_chunk_13,65,IPC,7.688691506662209,96
sign_test_er1.0__norm_original_radius,matched_er_4to1_chunk_13,65,KR,4.9951250441372395,96
sign_test_er1.0__norm_original_radius,matched_er_4to1_chunk_13,65,MC,4.1844546142965555,96
sign_test_er1.0__norm_original_radius,matched_er_4to1_chunk_13,65,cosine_similarity,-0.047724746167659704,96
sign_test_er1.0__norm_original_radius,matched_er_4to1_chunk_13,65,kl_to_gaussian,0.0,96
sign_test_er1.0__norm_original_radius,matched_er_4to1_chunk_13,65,wt_mean,-0.005182479391805775,96
sign_test_er1.0__norm_original_radius,matched_er_4to1_chunk_13,66,GR,11.545439936220646,96
sign_test_er1.0__norm_original_radius,matched_er_4to1_chunk_13,66,IPC,7.4806299056927195,96
sign_test_er1.0__norm_original_radius,matched_er_4to1_chunk_13,66,KR,4.718711189925671,96
sign_test_er1.0__norm_original_radius,matched_er_4to1_chunk_13,66,MC,4.172417423377435,96
sign_test_er1.0__norm_original_radius,matched_er_4to1_chunk_13,66,cosine_similarity,-0.046614858321845525,96
sign_test_er1.0__norm_original_radius,matched_er_4to1_chunk_13,66,kl_to_gaussian,0.0,96
sign_test_er1.0__norm_original_radius,matched_er_4to1_chunk_13,66,wt_mean,-0.005155918363016025,96
sign_test_er1.0__norm_original_radius,matched_er_4to1_chunk_13,67,GR,12.126398084064325,96
sign_test_er1.0__norm_original_radius,matched_er_4to1_chunk_13,67,IPC,7.5790329410372275,96
sign_test_er1.0__norm_original_radius,matched_er_4to1_chunk_13,67,KR,4.959420955429475,96
sign_test_er1.0__norm_original_radius,matched_er_4to1_chunk_13,67,MC,4.241219501942396,96
sign_test_er1.0__norm_original_radius,matched_er_4to1_chunk_13,67,cosine_similarity,-0.044950061477720675,96
sign_test_er1.0__norm_original_radius,matched_er_4to1_chunk_13,67,kl_to_gaussian,0.0,96
sign_test_er1.0__norm_original_radius,matched_er_4to1_chunk_13,67,wt_mean,-0.00510158028919245,96
sign_test_er1.0__norm_original_radius,matched_er_4to1_chunk_13,68,GR,12.581539131700993,96
sign_test_er1.0__norm_original_radius,matched_er_4to1_chunk_13,68,IPC,7.679748320111012,96
sign_test_er1.0__norm_original_radius,matched_er_4to1_chunk_13,68,KR,5.278321815033753,96
sign_test_er1.0__norm_original_radius,matched_er_4to1_chunk_13,68,MC,4.479617955784003,96
sign_test_er1.0__norm_original_radius,matched_er_4to1_chunk_13,68,cosine_similarity,-0.03940066602081053,96
sign_test_er1.0__norm_original_radius,matched_er_4to1_chunk_13,68,kl_to_gaussian,0.0,96
sign_test_er1.0__norm_original_radius,matched_er_4to1_chunk_13,68,wt_mean,-0.0051408181316219,96
sign_test_er1.0__norm_original_radius,matched_er_4to1_chunk_13,69,GR,12.622269958257675,96
sign_test_er1.0__norm_original_radius,matched_er_4to1_chunk_13,69,IPC,7.8566545867003255,96
sign_test_er1.0__norm_original_radius,matched_er_4to1_chunk_13,69,KR,5.162346625079711,96
sign_test_er1.0__norm_original_radius,matched_er_4to1_chunk_13,69,MC,4.401818873981635,96
sign_test_er1.0__norm_original_radius,matched_er_4to1_chunk_13,69,cosine_similarity,-0.04162041749805205,96
sign_test_er1.0__norm_original_radius,matched_er_4to1_chunk_13,69,kl_to_gaussian,0.0,96
sign_test_er1.0__norm_original_radius,matched_er_4to1_chunk_13,69,wt_mean,-0.0050860204501077,96
sign_test_er1.0__norm_original_radius,matched_er_4to1_chunk_14,70,GR,12.457108736038208,96
sign_test_er1.0__norm_original_radius,matched_er_4to1_chunk_14,70,IPC,7.573225439791622,96
sign_test_er1.0__norm_original_radius,matched_er_4to1_chunk_14,70,KR,5.217858023941517,96
sign_test_er1.0__norm_original_radius,matched_er_4to1_chunk_14,70,MC,4.367304903765519,96
sign_test_er1.0__norm_original_radius,matched_er_4to1_chunk_14,70,cosine_similarity,-0.04273029882460827,96
sign_test_er1.0__norm_original_radius,matched_er_4to1_chunk_14,70,kl_to_gaussian,0.0,96
sign_test_er1.0__norm_original_radius,matched_er_4to1_chunk_14,70,wt_mean,-0.00508998194709415,96
sign_test_er1.0__norm_original_radius,matched_er_4to1_chunk_14,71,GR,12.10727402071158,96
sign_test_er1.0__norm_original_radius,matched_er_4to1_chunk_14,71,IPC,7.864781265852041,96
sign_test_er1.0__norm_original_radius,matched_er_4to1_chunk_14,71,KR,5.080184853325288,96
sign_test_er1.0__norm_original_radius,matched_er_4to1_chunk_14,71,MC,4.483885981142521,96
sign_test_er1.0__norm_original_radius,matched_er_4to1_chunk_14,71,cosine_similarity,-0.0344062075018882,96
sign_test_er1.0__norm_original_radius,matched_er_4to1_chunk_14,71,kl_to_gaussian,0.0,96
sign_test_er1.0__norm_original_radius,matched_er_4to1_chunk_14,71,wt_mean,-0.0051279203034937,96
sign_test_er1.0__norm_original_radius,matched_er_4to1_chunk_14,72,GR,11.34716964016358,96
sign_test_er1.0__norm_original_radius,matched_er_4to1_chunk_14,72,IPC,7.441243879300061,96
sign_test_er1.0__norm_original_radius,matched_er_4to1_chunk_14,72,KR,4.6514768948157625,96
sign_test_er1.0__norm_original_radius,matched_er_4to1_chunk_14,72,MC,4.2302281111478806,96
sign_test_er1.0__norm_original_radius,matched_er_4to1_chunk_14,72,cosine_similarity,-0.0374583778902888,96
sign_test_er1.0__norm_original_radius,matched_er_4to1_chunk_14,72,kl_to_gaussian,0.0,96
sign_test_er1.0__norm_original_radius,matched_er_4to1_chunk_14,72,wt_mean,-0.005148530355654625,96
sign_test_er1.0__norm_original_radius,matched_er_4to1_chunk_14,73,GR,12.084933939079443,96
sign_test_er1.0__norm_original_radius,matched_er_4to1_chunk_14,73,IPC,8.006726754273423,96
sign_test_er1.0__norm_original_radius,matched_er_4to1_chunk_14,73,KR,4.996128961443901,96
sign_test_er1.0__norm_original_radius,matched_er_4to1_chunk_14,73,MC,4.514427216723561,96
sign_test_er1.0__norm_original_radius,matched_er_4to1_chunk_14,73,cosine_similarity,-0.038845731876790475,96
sign_test_er1.0__norm_original_radius,matched_er_4to1_chunk_14,73,kl_to_gaussian,0.0,96
sign_test_er1.0__norm_original_radius,matched_er_4to1_chunk_14,73,wt_mean,-0.005170578835532025,96
sign_test_er1.0__norm_original_radius,matched_er_4to1_chunk_14,74,GR,13.02656472971042,96
sign_test_er1.0__norm_original_radius,matched_er_4to1_chunk_14,74,IPC,7.826463573980199,96
sign_test_er1.0__norm_original_radius,matched_er_4to1_chunk_14,74,KR,5.223643007377784,96
sign_test_er1.0__norm_original_radius,matched_er_4to1_chunk_14,74,MC,4.267255226771037,96
sign_test_er1.0__norm_original_radius,matched_er_4to1_chunk_14,74,cosine_similarity,-0.036903432570397826,96
sign_test_er1.0__norm_original_radius,matched_er_4to1_chunk_14,74,kl_to_gaussian,0.0,96
sign_test_er1.0__norm_original_radius,matched_er_4to1_chunk_14,74,wt_mean,-0.005205115943681425,96
sign_test_er1.0__norm_original_radius,matched_er_4to1_chunk_15,75,GR,10.995095200836658,96
sign_test_er1.0__norm_original_radius,matched_er_4to1_chunk_15,75,IPC,7.560524336917802,96
sign_test_er1.0__norm_original_radius,matched_er_4to1_chunk_15,75,KR,4.576194278895855,96
sign_test_er1.0__norm_original_radius,matched_er_4to1_chunk_15,75,MC,4.3142690025269985,96
sign_test_er1.0__norm_original_radius,matched_er_4to1_chunk_15,75,cosine_similarity,-0.0410654842853546,96
sign_test_er1.0__norm_original_radius,matched_er_4to1_chunk_15,75,kl_to_gaussian,0.0,96
sign_test_er1.0__norm_original_radius,matched_er_4to1_chunk_15,75,wt_mean,-0.005102919240016425,96
sign_test_er1.0__norm_original_radius,matched_er_4to1_chunk_15,76,GR,12.808680633703867,96
sign_test_er1.0__norm_original_radius,matched_er_4to1_chunk_15,76,IPC,7.930765455798096,96
sign_test_er1.0__norm_original_radius,matched_er_4to1_chunk_15,76,KR,5.28199468801419,96
sign_test_er1.0__norm_original_radius,matched_er_4to1_chunk_15,76,MC,4.550040032714605,96
sign_test_er1.0__norm_original_radius,matched_er_4to1_chunk_15,76,cosine_similarity,-0.0402330700308084,96
sign_test_er1.0__norm_original_radius,matched_er_4to1_chunk_15,76,kl_to_gaussian,0.0,96
sign_test_er1.0__norm_original_radius,matched_er_4to1_chunk_15,76,wt_mean,-0.005236269440501875,96
sign_test_er1.0__norm_original_radius,matched_er_4to1_chunk_15,77,GR,12.215335503220558,96
sign_test_er1.0__norm_original_radius,matched_er_4to1_chunk_15,77,IPC,7.7810461262127895,96
sign_test_er1.0__norm_original_radius,matched_er_4to1_chunk_15,77,KR,5.231606757889192,96
sign_test_er1.0__norm_original_radius,matched_er_4to1_chunk_15,77,MC,4.393580694993337,96
sign_test_er1.0__norm_original_radius,matched_er_4to1_chunk_15,77,cosine_similarity,-0.03801332227885715,96
sign_test_er1.0__norm_original_radius,matched_er_4to1_chunk_15,77,kl_to_gaussian,0.0,96
sign_test_er1.0__norm_original_radius,matched_er_4to1_chunk_15,77,wt_mean,-0.00513784616487095,96
sign_test_er1.0__norm_original_radius,matched_er_4to1_chunk_15,78,GR,12.499057933688164,96
sign_test_er1.0__norm_original_radius,matched_er_4to1_chunk_15,78,IPC,7.898444832566885,96
sign_test_er1.0__norm_original_radius,matched_er_4to1_chunk_15,78,KR,5.245478207866351,96
sign_test_er1.0__norm_original_radius,matched_er_4to1_chunk_15,78,MC,4.574726500858863,96
sign_test_er1.0__norm_original_radius,matched_er_4to1_chunk_15,78,cosine_similarity,-0.0407880097627639,96
sign_test_er1.0__norm_original_radius,matched_er_4to1_chunk_15,78,kl_to_gaussian,0.0,96
sign_test_er1.0__norm_original_radius,matched_er_4to1_chunk_15,78,wt_mean,-0.00509028381202365,96
sign_test_er1.0__norm_original_radius,matched_er_4to1_chunk_15,79,GR,12.063455062607924,96
sign_test_er1.0__norm_original_radius,matched_er_4to1_chunk_15,79,IPC,7.352280929958359,96
sign_test_er1.0__norm_original_radius,matched_er_4to1_chunk_15,79,KR,4.874189878503482,96
sign_test_er1.0__norm_original_radius,matched_er_4to1_chunk_15,79,MC,4.207585821549098,96
sign_test_er1.0__norm_original_radius,matched_er_4to1_chunk_15,79,cosine_similarity,-0.03801332134753457,96
sign_test_er1.0__norm_original_radius,matched_er_4to1_chunk_15,79,kl_to_gaussian,0.0,96
sign_test_er1.0__norm_original_radius,matched_er_4to1_chunk_15,79,wt_mean,-0.005128660181071575,96
sign_test_er1.0__norm_original_radius,matched_er_4to1_chunk_16,80,GR,12.643222863475481,96
sign_test_er1.0__norm_original_radius,matched_er_4to1_chunk_16,80,IPC,6.797412619808167,96
sign_test_er1.0__norm_original_radius,matched_er_4to1_chunk_16,80,KR,5.267367611328761,96
sign_test_er1.0__norm_original_radius,matched_er_4to1_chunk_16,80,MC,4.212456852818529,96
sign_test_er1.0__norm_original_radius,matched_er_4to1_chunk_16,80,cosine_similarity,-0.039123193360865074,96
sign_test_er1.0__norm_original_radius,matched_er_4to1_chunk_16,80,kl_to_gaussian,0.0,96
sign_test_er1.0__norm_original_radius,matched_er_4to1_chunk_16,80,wt_mean,-0.00519940222147845,96
sign_test_er1.0__norm_original_radius,matched_er_4to1_chunk_16,81,GR,11.928518595794836,96
sign_test_er1.0__norm_original_radius,matched_er_4to1_chunk_16,81,IPC,6.675531058652755,96
sign_test_er1.0__norm_original_radius,matched_er_4to1_chunk_16,81,KR,4.977465660621722,96
sign_test_er1.0__norm_original_radius,matched_er_4to1_chunk_16,81,MC,4.010570379594962,96
sign_test_er1.0__norm_original_radius,matched_er_4to1_chunk_16,81,cosine_similarity,-0.043285240419208976,96
sign_test_er1.0__norm_original_radius,matched_er_4to1_chunk_16,81,kl_to_gaussian,0.0,96
sign_test_er1.0__norm_original_radius,matched_er_4to1_chunk_16,81,wt_mean,-0.0051582179148681245,96
sign_test_er1.0__norm_original_radius,matched_er_4to1_chunk_16,82,GR,12.191642279426256,96
sign_test_er1.0__norm_original_radius,matched_er_4to1_chunk_16,82,IPC,6.6802953410674695,96
sign_test_er1.0__norm_original_radius,matched_er_4to1_chunk_16,82,KR,5.399948212007682,96
sign_test_er1.0__norm_original_radius,matched_er_4to1_chunk_16,82,MC,4.040993484357993,96
sign_test_er1.0__norm_original_radius,matched_er_4to1_chunk_16,82,cosine_similarity,-0.04023307841271157,96
sign_test_er1.0__norm_original_radius,matched_er_4to1_chunk_16,82,kl_to_gaussian,0.0,96
sign_test_er1.0__norm_original_radius,matched_er_4to1_chunk_16,82,wt_mean,-0.005068126833066324,96
sign_test_er1.0__norm_original_radius,matched_er_4to1_chunk_16,83,GR,12.900923825800419,96
sign_test_er1.0__norm_original_radius,matched_er_4to1_chunk_16,83,IPC,6.630492295030719,96
sign_test_er1.0__norm_original_radius,matched_er_4to1_chunk_16,83,KR,5.470738501598437,96
sign_test_er1.0__norm_original_radius,matched_er_4to1_chunk_16,83,MC,3.921685865148902,96
sign_test_er1.0__norm_original_radius,matched_er_4to1_chunk_16,83,cosine_similarity,-0.03856825921684497,96
sign_test_er1.0__norm_original_radius,matched_er_4to1_chunk_16,83,kl_to_gaussian,0.0,96
sign_test_er1.0__norm_original_radius,matched_er_4to1_chunk_16,83,wt_mean,-0.0051597174024209,96
sign_test_er1.0__norm_original_radius,matched_er_4to1_chunk_16,84,GR,11.308638336757818,96
sign_test_er1.0__norm_original_radius,matched_er_4to1_chunk_16,84,IPC,6.931600931118164,96
sign_test_er1.0__norm_original_radius,matched_er_4to1_chunk_16,84,KR,4.650818732877572,96
sign_test_er1.0__norm_original_radius,matched_er_4to1_chunk_16,84,MC,4.043677049378554,96
sign_test_er1.0__norm_original_radius,matched_er_4to1_chunk_16,84,cosine_similarity,-0.0394006669521331,96
sign_test_er1.0__norm_original_radius,matched_er_4to1_chunk_16,84,kl_to_gaussian,0.0,96
sign_test_er1.0__norm_original_radius,matched_er_4to1_chunk_16,84,wt_mean,-0.005106395226903225,96
sign_test_er1.0__norm_original_radius,matched_er_4to1_chunk_17,85,GR,12.70090980331103,96
sign_test_er1.0__norm_original_radius,matched_er_4to1_chunk_17,85,IPC,6.750393698362676,96
sign_test_er1.0__norm_original_radius,matched_er_4to1_chunk_17,85,KR,5.234761203328769,96
sign_test_er1.0__norm_original_radius,matched_er_4to1_chunk_17,85,MC,4.0698107195397215,96
sign_test_er1.0__norm_original_radius,matched_er_4to1_chunk_17,85,cosine_similarity,-0.045782464556395924,96
sign_test_er1.0__norm_original_radius,matched_er_4to1_chunk_17,85,kl_to_gaussian,0.0,96
sign_test_er1.0__norm_original_radius,matched_er_4to1_chunk_17,85,wt_mean,-0.00508534978143865,96
sign_test_er1.0__norm_original_radius,matched_er_4to1_chunk_17,86,GR,12.151514433324337,96
sign_test_er1.0__norm_original_radius,matched_er_4to1_chunk_17,86,IPC,6.644200632218003,96
sign_test_er1.0__norm_original_radius,matched_er_4to1_chunk_17,86,KR,4.917974626024564,96
sign_test_er1.0__norm_original_radius,matched_er_4to1_chunk_17,86,MC,3.991188789407412,96
sign_test_er1.0__norm_original_radius,matched_er_4to1_chunk_17,86,cosine_similarity,-0.030521638225763977,96
sign_test_er1.0__norm_original_radius,matched_er_4to1_chunk_17,86,kl_to_gaussian,0.0,96
sign_test_er1.0__norm_original_radius,matched_er_4to1_chunk_17,86,wt_mean,-0.0052487651119008,96
sign_test_er1.0__norm_original_radius,matched_er_4to1_chunk_17,87,GR,12.299691478411356,96
sign_test_er1.0__norm_original_radius,matched_er_4to1_chunk_17,87,IPC,6.6178599696779505,96
sign_test_er1.0__norm_original_radius,matched_er_4to1_chunk_17,87,KR,4.9143644732733565,96
sign_test_er1.0__norm_original_radius,matched_er_4to1_chunk_17,87,MC,3.922325781236092,96
sign_test_er1.0__norm_original_radius,matched_er_4to1_chunk_17,87,cosine_similarity,-0.0410654805600643,96
sign_test_er1.0__norm_original_radius,matched_er_4to1_chunk_17,87,kl_to_gaussian,0.0,96
sign_test_er1.0__norm_original_radius,matched_er_4to1_chunk_17,87,wt_mean,-0.0051022805273532494,96
sign_test_er1.0__norm_original_radius,matched_er_4to1_chunk_17,88,GR,13.818351504703363,96
sign_test_er1.0__norm_original_radius,matched_er_4to1_chunk_17,88,IPC,6.886525043372278,96
sign_test_er1.0__norm_original_radius,matched_er_4to1_chunk_17,88,KR,5.5172549312313395,96
sign_test_er1.0__norm_original_radius,matched_er_4to1_chunk_17,88,MC,4.066163968294859,96
sign_test_er1.0__norm_original_radius,matched_er_4to1_chunk_17,88,cosine_similarity,-0.044117643497884225,96
sign_test_er1.0__norm_original_radius,matched_er_4to1_chunk_17,88,kl_to_gaussian,0.0,96
sign_test_er1.0__norm_original_radius,matched_er_4to1_chunk_17,88,wt_mean,-0.00520850159227845,96
sign_test_er1.0__norm_original_radius,matched_er_4to1_chunk_17,89,GR,12.684290520846844,96
sign_test_er1.0__norm_original_radius,matched_er_4to1_chunk_17,89,IPC,6.564062754380372,96
sign_test_er1.0__norm_original_radius,matched_er_4to1_chunk_17,89,KR,5.209033540139596,96
sign_test_er1.0__norm_original_radius,matched_er_4to1_chunk_17,89,MC,4.058720211187999,96
sign_test_er1.0__norm_original_radius,matched_er_4to1_chunk_17,89,cosine_similarity,-0.042730302549898576,96
sign_test_er1.0__norm_original_radius,matched_er_4to1_chunk_17,89,kl_to_gaussian,0.0,96
sign_test_er1.0__norm_original_radius,matched_er_4to1_chunk_17,89,wt_mean,-0.0051290715928189,96
sign_test_er1.0__norm_original_radius,matched_er_4to1_chunk_18,90,GR,13.102271149555841,96
sign_test_er1.0__norm_original_radius,matched_er_4to1_chunk_18,90,IPC,7.187570407225054,96
sign_test_er1.0__norm_original_radius,matched_er_4to1_chunk_18,90,KR,5.373461915800969,96
sign_test_er1.0__norm_original_radius,matched_er_4to1_chunk_18,90,MC,4.185961722241093,96
sign_test_er1.0__norm_original_radius,matched_er_4to1_chunk_18,90,cosine_similarity,-0.043007764033973155,96
sign_test_er1.0__norm_original_radius,matched_er_4to1_chunk_18,90,kl_to_gaussian,0.0,96
sign_test_er1.0__norm_original_radius,matched_er_4to1_chunk_18,90,wt_mean,-0.005083337251562575,96
sign_test_er1.0__norm_original_radius,matched_er_4to1_chunk_18,91,GR,12.843475905557474,96
sign_test_er1.0__norm_original_radius,matched_er_4to1_chunk_18,91,IPC,6.806663157046775,96
sign_test_er1.0__norm_original_radius,matched_er_4to1_chunk_18,91,KR,5.368686905751626,96
sign_test_er1.0__norm_original_radius,matched_er_4to1_chunk_18,91,MC,4.015009228140116,96
sign_test_er1.0__norm_original_radius,matched_er_4to1_chunk_18,91,cosine_similarity,-0.04522752854973075,96
sign_test_er1.0__norm_original_radius,matched_er_4to1_chunk_18,91,kl_to_gaussian,0.0,96
sign_test_er1.0__norm_original_radius,matched_er_4to1_chunk_18,91,wt_mean,-0.00509712338680395,96
sign_test_er1.0__norm_original_radius,matched_er_4to1_chunk_18,92,GR,12.297852113842964,96
sign_test_er1.0__norm_original_radius,matched_er_4to1_chunk_18,92,IPC,6.536353568176431,96
sign_test_er1.0__norm_original_radius,matched_er_4to1_chunk_18,92,KR,5.261567063629627,96
sign_test_er1.0__norm_original_radius,matched_er_4to1_chunk_18,92,MC,3.9542618695025644,96
sign_test_er1.0__norm_original_radius,matched_er_4to1_chunk_18,92,cosine_similarity,-0.0435627177357673,96
sign_test_er1.0__norm_original_radius,matched_er_4to1_chunk_18,92,kl_to_gaussian,0.0,96
sign_test_er1.0__norm_original_radius,matched_er_4to1_chunk_18,92,wt_mean,-0.005083511932752975,96
sign_test_er1.0__norm_original_radius,matched_er_4to1_chunk_18,93,GR,11.558949641883373,96
sign_test_er1.0__norm_original_radius,matched_er_4to1_chunk_18,93,IPC,6.73789227966309,96
sign_test_er1.0__norm_original_radius,matched_er_4to1_chunk_18,93,KR,4.78187819942832,96
sign_test_er1.0__norm_original_radius,matched_er_4to1_chunk_18,93,MC,4.140475306039055,96
sign_test_er1.0__norm_original_radius,matched_er_4to1_chunk_18,93,cosine_similarity,-0.04384017456322908,96
sign_test_er1.0__norm_original_radius,matched_er_4to1_chunk_18,93,kl_to_gaussian,0.0,96
sign_test_er1.0__norm_original_radius,matched_er_4to1_chunk_18,93,wt_mean,-0.00513726496137675,96
sign_test_er1.0__norm_original_radius,matched_er_4to1_chunk_18,94,GR,11.85148693372806,96
sign_test_er1.0__norm_original_radius,matched_er_4to1_chunk_18,94,IPC,6.816522157131625,96
sign_test_er1.0__norm_original_radius,matched_er_4to1_chunk_18,94,KR,4.777464808275302,96
sign_test_er1.0__norm_original_radius,matched_er_4to1_chunk_18,94,MC,3.877659102280935,96
sign_test_er1.0__norm_original_radius,matched_er_4to1_chunk_18,94,cosine_similarity,-0.047169816680252476,96
sign_test_er1.0__norm_original_radius,matched_er_4to1_chunk_18,94,kl_to_gaussian,0.0,96
sign_test_er1.0__norm_original_radius,matched_er_4to1_chunk_18,94,wt_mean,-0.005219799582846425,96
sign_test_er1.0__norm_original_radius,matched_er_4to1_chunk_19,95,GR,12.31912411749363,96
sign_test_er1.0__norm_original_radius,matched_er_4to1_chunk_19,95,IPC,6.547169056845643,96
sign_test_er1.0__norm_original_radius,matched_er_4to1_chunk_19,95,KR,4.978213200966517,96
sign_test_er1.0__norm_original_radius,matched_er_4to1_chunk_19,95,MC,3.99202981342872,96
sign_test_er1.0__norm_original_radius,matched_er_4to1_chunk_19,95,cosine_similarity,-0.04189789760857818,96
sign_test_er1.0__norm_original_radius,matched_er_4to1_chunk_19,95,kl_to_gaussian,0.0,96
sign_test_er1.0__norm_original_radius,matched_er_4to1_chunk_19,95,wt_mean,-0.0051794592291115995,96
sign_test_er1.0__norm_original_radius,matched_er_4to1_chunk_19,96,GR,13.661814570426941,96
sign_test_er1.0__norm_original_radius,matched_er_4to1_chunk_19,96,IPC,6.788957264438964,96
sign_test_er1.0__norm_original_radius,matched_er_4to1_chunk_19,96,KR,5.73271078740557,96
sign_test_er1.0__norm_original_radius,matched_er_4to1_chunk_19,96,MC,4.071920978526275,96
sign_test_er1.0__norm_original_radius,matched_er_4to1_chunk_19,96,cosine_similarity,-0.0366259776055812,96
sign_test_er1.0__norm_original_radius,matched_er_4to1_chunk_19,96,kl_to_gaussian,0.0,96
sign_test_er1.0__norm_original_radius,matched_er_4to1_chunk_19,96,wt_mean,-0.0051881921244784504,96
sign_test_er1.0__norm_original_radius,matched_er_4to1_chunk_19,97,GR,12.956094327072302,96
sign_test_er1.0__norm_original_radius,matched_er_4to1_chunk_19,97,IPC,7.013760250703032,96
sign_test_er1.0__norm_original_radius,matched_er_4to1_chunk_19,97,KR,5.356782623877128,96
sign_test_er1.0__norm_original_radius,matched_er_4to1_chunk_19,97,MC,4.1563383266329765,96
sign_test_er1.0__norm_original_radius,matched_er_4to1_chunk_19,97,cosine_similarity,-0.0407880097627639,96
sign_test_er1.0__norm_original_radius,matched_er_4to1_chunk_19,97,kl_to_gaussian,0.0,96
sign_test_er1.0__norm_original_radius,matched_er_4to1_chunk_19,97,wt_mean,-0.0051365199615247,96
sign_test_er1.0__norm_original_radius,matched_er_4to1_chunk_19,98,GR,12.6557423149546,96
sign_test_er1.0__norm_original_radius,matched_er_4to1_chunk_19,98,IPC,7.067950648011912,96
sign_test_er1.0__norm_original_radius,matched_er_4to1_chunk_19,98,KR,5.15150801340739,96
sign_test_er1.0__norm_original_radius,matched_er_4to1_chunk_19,98,MC,4.174779946605365,96
sign_test_er1.0__norm_original_radius,matched_er_4to1_chunk_19,98,cosine_similarity,-0.04744728095829485,96
sign_test_er1.0__norm_original_radius,matched_er_4to1_chunk_19,98,kl_to_gaussian,0.0,96
sign_test_er1.0__norm_original_radius,matched_er_4to1_chunk_19,98,wt_mean,-0.005165635375305975,96
sign_test_er1.0__norm_original_radius,matched_er_4to1_chunk_19,99,GR,12.09366261959076,96
sign_test_er1.0__norm_original_radius,matched_er_4to1_chunk_19,99,IPC,6.8655577126460345,96
sign_test_er1.0__norm_original_radius,matched_er_4to1_chunk_19,99,KR,5.096211773653825,96
sign_test_er1.0__norm_original_radius,matched_er_4to1_chunk_19,99,MC,4.222360346466303,96
sign_test_er1.0__norm_original_radius,matched_er_4to1_chunk_19,99,cosine_similarity,-0.03940066043287507,96
sign_test_er1.0__norm_original_radius,matched_er_4to1_chunk_19,99,kl_to_gaussian,0.0,96
sign_test_er1.0__norm_original_radius,matched_er_4to1_chunk_19,99,wt_mean,-0.005141497589647725,96
sign_test_er1.0__norm_original_radius,matched_er_4to1_chunk_2,10,GR,12.586494699120522,96
sign_test_er1.0__norm_original_radius,matched_er_4to1_chunk_2,10,IPC,7.9497199715663065,96
sign_test_er1.0__norm_original_radius,matched_er_4to1_chunk_2,10,KR,5.175846527020137,96
sign_test_er1.0__norm_original_radius,matched_er_4to1_chunk_2,10,MC,4.350492395460606,96
sign_test_er1.0__norm_original_radius,matched_er_4to1_chunk_2,10,cosine_similarity,-0.041065476834774,96
sign_test_er1.0__norm_original_radius,matched_er_4to1_chunk_2,10,kl_to_gaussian,0.0,96
sign_test_er1.0__norm_original_radius,matched_er_4to1_chunk_2,10,wt_mean,-0.005135454353876375,96
sign_test_er1.0__norm_original_radius,matched_er_4to1_chunk_2,11,GR,12.15349485973517,96
sign_test_er1.0__norm_original_radius,matched_er_4to1_chunk_2,11,IPC,8.154101244315006,96
sign_test_er1.0__norm_original_radius,matched_er_4to1_chunk_2,11,KR,5.123288498570521,96
sign_test_er1.0__norm_original_radius,matched_er_4to1_chunk_2,11,MC,4.669046303878228,96
sign_test_er1.0__norm_original_radius,matched_er_4to1_chunk_2,11,cosine_similarity,-0.04134295415133232,96
sign_test_er1.0__norm_original_radius,matched_er_4to1_chunk_2,11,kl_to_gaussian,0.0,96
sign_test_er1.0__norm_original_radius,matched_er_4to1_chunk_2,11,wt_mean,-0.005040641757659575,96
sign_test_er1.0__norm_original_radius,matched_er_4to1_chunk_2,12,GR,14.089875750243664,96
sign_test_er1.0__norm_original_radius,matched_er_4to1_chunk_2,12,IPC,7.823797144387904,96
sign_test_er1.0__norm_original_radius,matched_er_4to1_chunk_2,12,KR,6.0915101791421575,96
sign_test_er1.0__norm_original_radius,matched_er_4to1_chunk_2,12,MC,4.398924671113491,96
sign_test_er1.0__norm_original_radius,matched_er_4to1_chunk_2,12,cosine_similarity,-0.04106547962874172,96
sign_test_er1.0__norm_original_radius,matched_er_4to1_chunk_2,12,kl_to_gaussian,0.0,96
sign_test_er1.0__norm_original_radius,matched_er_4to1_chunk_2,12,wt_mean,-0.005107502278406125,96
sign_test_er1.0__norm_original_radius,matched_er_4to1_chunk_2,13,GR,13.389239892363548,96
sign_test_er1.0__norm_original_radius,matched_er_4to1_chunk_2,13,IPC,7.79660655224517,96
sign_test_er1.0__norm_original_radius,matched_er_4to1_chunk_2,13,KR,5.484372720122337,96
sign_test_er1.0__norm_original_radius,matched_er_4to1_chunk_2,13,MC,4.523845129956801,96
sign_test_er1.0__norm_original_radius,matched_er_4to1_chunk_2,13,cosine_similarity,-0.04051054827868935,96
sign_test_er1.0__norm_original_radius,matched_er_4to1_chunk_2,13,kl_to_gaussian,0.0,96
sign_test_er1.0__norm_original_radius,matched_er_4to1_chunk_2,13,wt_mean,-0.0052064331830478745,96
sign_test_er1.0__norm_original_radius,matched_er_4to1_chunk_2,14,GR,12.068209587285915,96
sign_test_er1.0__norm_original_radius,matched_er_4to1_chunk_2,14,IPC,7.586503693371065,96
sign_test_er1.0__norm_original_radius,matched_er_4to1_chunk_2,14,KR,4.903601959347725,96
sign_test_er1.0__norm_original_radius,matched_er_4to1_chunk_2,14,MC,4.217183840771516,96
sign_test_er1.0__norm_original_radius,matched_er_4to1_chunk_2,14,cosine_similarity,-0.04189788363873955,96
sign_test_er1.0__norm_original_radius,matched_er_4to1_chunk_2,14,kl_to_gaussian,0.0,96
sign_test_er1.0__norm_original_radius,matched_er_4to1_chunk_2,14,wt_mean,-0.005185233487281901,96
sign_test_er1.0__norm_original_radius,matched_er_4to1_chunk_3,15,GR,11.873783620695272,96
sign_test_er1.0__norm_original_radius,matched_er_4to1_chunk_3,15,IPC,7.8813261175205085,96
sign_test_er1.0__norm_original_radius,matched_er_4to1_chunk_3,15,KR,4.830393044898908,96
sign_test_er1.0__norm_original_radius,matched_er_4to1_chunk_3,15,MC,4.319779492293795,96
sign_test_er1.0__norm_original_radius,matched_er_4to1_chunk_3,15,cosine_similarity,-0.04273030068725343,96
sign_test_er1.0__norm_original_radius,matched_er_4to1_chunk_3,15,kl_to_gaussian,0.0,96
sign_test_er1.0__norm_original_radius,matched_er_4to1_chunk_3,15,wt_mean,-0.0050752580282278,96
sign_test_er1.0__norm_original_radius,matched_er_4to1_chunk_3,16,GR,14.116980557640394,96
sign_test_er1.0__norm_original_radius,matched_er_4to1_chunk_3,16,IPC,7.930630270986639,96
sign_test_er1.0__norm_original_radius,matched_er_4to1_chunk_3,16,KR,5.802043508738279,96
sign_test_er1.0__norm_original_radius,matched_er_4to1_chunk_3,16,MC,4.570757718135913,96
sign_test_er1.0__norm_original_radius,matched_er_4to1_chunk_3,16,cosine_similarity,-0.0385682582855224,96
sign_test_er1.0__norm_original_radius,matched_er_4to1_chunk_3,16,kl_to_gaussian,0.0,96
sign_test_er1.0__norm_original_radius,matched_er_4to1_chunk_3,16,wt_mean,-0.0051348048727959,96
sign_test_er1.0__norm_original_radius,matched_er_4to1_chunk_3,17,GR,11.525250621140003,96
sign_test_er1.0__norm_original_radius,matched_er_4to1_chunk_3,17,IPC,7.546289633155054,96
sign_test_er1.0__norm_original_radius,matched_er_4to1_chunk_3,17,KR,4.721800674994786,96
sign_test_er1.0__norm_original_radius,matched_er_4to1_chunk_3,17,MC,4.130613883336385,96
sign_test_er1.0__norm_original_radius,matched_er_4to1_chunk_3,17,cosine_similarity,-0.04273028485476965,96
sign_test_er1.0__norm_original_radius,matched_er_4to1_chunk_3,17,kl_to_gaussian,0.0,96
sign_test_er1.0__norm_original_radius,matched_er_4to1_chunk_3,17,wt_mean,-0.005120159185025775,96
sign_test_er1.0__norm_original_radius,matched_er_4to1_chunk_3,18,GR,13.683364773790041,96
sign_test_er1.0__norm_original_radius,matched_er_4to1_chunk_3,18,IPC,8.094427179753396,96
sign_test_er1.0__norm_original_radius,matched_er_4to1_chunk_3,18,KR,5.57744845872124,96
sign_test_er1.0__norm_original_radius,matched_er_4to1_chunk_3,18,MC,4.541424685468276,96
sign_test_er1.0__norm_original_radius,matched_er_4to1_chunk_3,18,cosine_similarity,-0.041342955082654904,96
sign_test_er1.0__norm_original_radius,matched_er_4to1_chunk_3,18,kl_to_gaussian,0.0,96
sign_test_er1.0__norm_original_radius,matched_er_4to1_chunk_3,18,wt_mean,-0.005230120092164676,96
sign_test_er1.0__norm_original_radius,matched_er_4to1_chunk_3,19,GR,13.001656636595726,96
sign_test_er1.0__norm_original_radius,matched_er_4to1_chunk_3,19,IPC,8.13098362171541,96
sign_test_er1.0__norm_original_radius,matched_er_4to1_chunk_3,19,KR,5.385707460343838,96
sign_test_er1.0__norm_original_radius,matched_er_4to1_chunk_3,19,MC,4.565904337912798,96
sign_test_er1.0__norm_original_radius,matched_er_4to1_chunk_3,19,cosine_similarity,-0.038568265736103,96
sign_test_er1.0__norm_original_radius,matched_er_4to1_chunk_3,19,kl_to_gaussian,0.0,96
sign_test_er1.0__norm_original_radius,matched_er_4to1_chunk_3,19,wt_mean,-0.005196164420340175,96
sign_test_er1.0__norm_original_radius,matched_er_4to1_chunk_4,20,GR,11.60012091199557,96
sign_test_er1.0__norm_original_radius,matched_er_4to1_chunk_4,20,IPC,8.08387832550278,96
sign_test_er1.0__norm_original_radius,matched_er_4to1_chunk_4,20,KR,4.88344665368398,96
sign_test_er1.0__norm_original_radius,matched_er_4to1_chunk_4,20,MC,4.422856118530035,96
sign_test_er1.0__norm_original_radius,matched_er_4to1_chunk_4,20,cosine_similarity,-0.045227527618408175,96
sign_test_er1.0__norm_original_radius,matched_er_4to1_chunk_4,20,kl_to_gaussian,0.0,96
sign_test_er1.0__norm_original_radius,matched_er_4to1_chunk_4,20,wt_mean,-0.005058163893409,96
sign_test_er1.0__norm_original_radius,matched_er_4to1_chunk_4,21,GR,12.630609770615896,96
sign_test_er1.0__norm_original_radius,matched_er_4to1_chunk_4,21,IPC,7.231720994447131,96
sign_test_er1.0__norm_original_radius,matched_er_4to1_chunk_4,21,KR,5.102203873296578,96
sign_test_er1.0__norm_original_radius,matched_er_4to1_chunk_4,21,MC,4.18741409915189,96
sign_test_er1.0__norm_original_radius,matched_er_4to1_chunk_4,21,cosine_similarity,-0.04245283640921115,96
sign_test_er1.0__norm_original_radius,matched_er_4to1_chunk_4,21,kl_to_gaussian,0.0,96
sign_test_er1.0__norm_original_radius,matched_er_4to1_chunk_4,21,wt_mean,-0.005229771486483449,96
sign_test_er1.0__norm_original_radius,matched_er_4to1_chunk_4,22,GR,11.47711799790462,96
sign_test_er1.0__norm_original_radius,matched_er_4to1_chunk_4,22,IPC,7.892014945911433,96
sign_test_er1.0__norm_original_radius,matched_er_4to1_chunk_4,22,KR,4.726430907845497,96
sign_test_er1.0__norm_original_radius,matched_er_4to1_chunk_4,22,MC,4.3700690021117525,96
sign_test_er1.0__norm_original_radius,matched_er_4to1_chunk_4,22,cosine_similarity,-0.03884573280811308,96
sign_test_er1.0__norm_original_radius,matched_er_4to1_chunk_4,22,kl_to_gaussian,0.0,96
sign_test_er1.0__norm_original_radius,matched_er_4to1_chunk_4,22,wt_mean,-0.0050326607888564,96
sign_test_er1.0__norm_original_radius,matched_er_4to1_chunk_4,23,GR,11.743289115528265,96
sign_test_er1.0__norm_original_radius,matched_er_4to1_chunk_4,23,IPC,8.006221822318986,96
sign_test_er1.0__norm_original_radius,matched_er_4to1_chunk_4,23,KR,4.83354352042079,96
sign_test_er1.0__norm_original_radius,matched_er_4to1_chunk_4,23,MC,4.4025420024991035,96
sign_test_er1.0__norm_original_radius,matched_er_4to1_chunk_4,23,cosine_similarity,-0.03274139575660225,96
sign_test_er1.0__norm_original_radius,matched_er_4to1_chunk_4,23,kl_to_gaussian,0.0,96
sign_test_er1.0__norm_original_radius,matched_er_4to1_chunk_4,23,wt_mean,-0.005252956296317225,96
sign_test_er1.0__norm_original_radius,matched_er_4to1_chunk_4,24,GR,13.14447619765997,96
sign_test_er1.0__norm_original_radius,matched_er_4to1_chunk_4,24,IPC,7.851054053451816,96
sign_test_er1.0__norm_original_radius,matched_er_4to1_chunk_4,24,KR,5.414164076248805,96
sign_test_er1.0__norm_original_radius,matched_er_4to1_chunk_4,24,MC,4.340055392434199,96
sign_test_er1.0__norm_original_radius,matched_er_4to1_chunk_4,24,cosine_similarity,-0.040233073756098726,96
sign_test_er1.0__norm_original_radius,matched_er_4to1_chunk_4,24,kl_to_gaussian,0.0,96
sign_test_er1.0__norm_original_radius,matched_er_4to1_chunk_4,24,wt_mean,-0.0051510517369024,96
sign_test_er1.0__norm_original_radius,matched_er_4to1_chunk_5,25,GR,11.601582085092863,96
sign_test_er1.0__norm_original_radius,matched_er_4to1_chunk_5,25,IPC,7.4673913447024125,96
sign_test_er1.0__norm_original_radius,matched_er_4to1_chunk_5,25,KR,4.652186829596758,96
sign_test_er1.0__norm_original_radius,matched_er_4to1_chunk_5,25,MC,4.036232387026151,96
sign_test_er1.0__norm_original_radius,matched_er_4to1_chunk_5,25,cosine_similarity,-0.03995560575276608,96
sign_test_er1.0__norm_original_radius,matched_er_4to1_chunk_5,25,kl_to_gaussian,0.0,96
sign_test_er1.0__norm_original_radius,matched_er_4to1_chunk_5,25,wt_mean,-0.005061216244939675,96
sign_test_er1.0__norm_original_radius,matched_er_4to1_chunk_5,26,GR,13.82125075161457,96
sign_test_er1.0__norm_original_radius,matched_er_4to1_chunk_5,26,IPC,8.126636920764785,96
sign_test_er1.0__norm_original_radius,matched_er_4to1_chunk_5,26,KR,5.960093220074971,96
sign_test_er1.0__norm_original_radius,matched_er_4to1_chunk_5,26,MC,4.547876870880525,96
sign_test_er1.0__norm_original_radius,matched_er_4to1_chunk_5,26,cosine_similarity,-0.03995560202747577,96
sign_test_er1.0__norm_original_radius,matched_er_4to1_chunk_5,26,kl_to_gaussian,0.0,96
sign_test_er1.0__norm_original_radius,matched_er_4to1_chunk_5,26,wt_mean,-0.00505096459528425,96
sign_test_er1.0__norm_original_radius,matched_er_4to1_chunk_5,27,GR,12.71392491956552,96
sign_test_er1.0__norm_original_radius,matched_er_4to1_chunk_5,27,IPC,8.014289710479865,96
sign_test_er1.0__norm_original_radius,matched_er_4to1_chunk_5,27,KR,5.144038125872612,96
sign_test_er1.0__norm_original_radius,matched_er_4to1_chunk_5,27,MC,4.408354992667834,96
sign_test_er1.0__norm_original_radius,matched_er_4to1_chunk_5,27,cosine_similarity,-0.041620420292019775,96
sign_test_er1.0__norm_original_radius,matched_er_4to1_chunk_5,27,kl_to_gaussian,0.0,96
sign_test_er1.0__norm_original_radius,matched_er_4to1_chunk_5,27,wt_mean,-0.0050676605314947,96
sign_test_er1.0__norm_original_radius,matched_er_4to1_chunk_5,28,GR,12.608659262458483,96
sign_test_er1.0__norm_original_radius,matched_er_4to1_chunk_5,28,IPC,8.07924769498379,96
sign_test_er1.0__norm_original_radius,matched_er_4to1_chunk_5,28,KR,5.156067982316017,96
sign_test_er1.0__norm_original_radius,matched_er_4to1_chunk_5,28,MC,4.540741417557001,96
sign_test_er1.0__norm_original_radius,matched_er_4to1_chunk_5,28,cosine_similarity,-0.03912320453673598,96
sign_test_er1.0__norm_original_radius,matched_er_4to1_chunk_5,28,kl_to_gaussian,0.0,96
sign_test_er1.0__norm_original_radius,matched_er_4to1_chunk_5,28,wt_mean,-0.0051976803806609755,96
sign_test_er1.0__norm_original_radius,matched_er_4to1_chunk_5,29,GR,12.556622991959253,96
sign_test_er1.0__norm_original_radius,matched_er_4to1_chunk_5,29,IPC,7.74336665673238,96
sign_test_er1.0__norm_original_radius,matched_er_4to1_chunk_5,29,KR,5.029659308493137,96
sign_test_er1.0__norm_original_radius,matched_er_4to1_chunk_5,29,MC,4.192609261721373,96
sign_test_er1.0__norm_original_radius,matched_er_4to1_chunk_5,29,cosine_similarity,-0.04356270842254154,96
sign_test_er1.0__norm_original_radius,matched_er_4to1_chunk_5,29,kl_to_gaussian,0.0,96
sign_test_er1.0__norm_original_radius,matched_er_4to1_chunk_5,29,wt_mean,-0.005220211634878,96
sign_test_er1.0__norm_original_radius,matched_er_4to1_chunk_6,30,GR,12.438056292633215,96
sign_test_er1.0__norm_original_radius,matched_er_4to1_chunk_6,30,IPC,7.863669290083031,96
sign_test_er1.0__norm_original_radius,matched_er_4to1_chunk_6,30,KR,5.294162320593993,96
sign_test_er1.0__norm_original_radius,matched_er_4to1_chunk_6,30,MC,4.345676752428214,96
sign_test_er1.0__norm_original_radius,matched_er_4to1_chunk_6,30,cosine_similarity,-0.04411763790994878,96
sign_test_er1.0__norm_original_radius,matched_er_4to1_chunk_6,30,kl_to_gaussian,0.0,96
sign_test_er1.0__norm_original_radius,matched_er_4to1_chunk_6,30,wt_mean,-0.005112321057822475,96
sign_test_er1.0__norm_original_radius,matched_er_4to1_chunk_6,31,GR,11.79102916518847,96
sign_test_er1.0__norm_original_radius,matched_er_4to1_chunk_6,31,IPC,7.7292490317245734,96
sign_test_er1.0__norm_original_radius,matched_er_4to1_chunk_6,31,KR,4.771901239951451,96
sign_test_er1.0__norm_original_radius,matched_er_4to1_chunk_6,31,MC,4.423104740679264,96
sign_test_er1.0__norm_original_radius,matched_er_4to1_chunk_6,31,cosine_similarity,-0.0407880097627639,96
sign_test_er1.0__norm_original_radius,matched_er_4to1_chunk_6,31,kl_to_gaussian,0.0,96
sign_test_er1.0__norm_original_radius,matched_er_4to1_chunk_6,31,wt_mean,-0.0051231631659902,96
sign_test_er1.0__norm_original_radius,matched_er_4to1_chunk_6,32,GR,12.174168759336075,96
sign_test_er1.0__norm_original_radius,matched_er_4to1_chunk_6,32,IPC,7.851362696190587,96
sign_test_er1.0__norm_original_radius,matched_er_4to1_chunk_6,32,KR,5.258700292557478,96
sign_test_er1.0__norm_original_radius,matched_er_4to1_chunk_6,32,MC,4.51178116351366,96
sign_test_er1.0__norm_original_radius,matched_er_4to1_chunk_6,32,cosine_similarity,-0.04051055666059252,96
sign_test_er1.0__norm_original_radius,matched_er_4to1_chunk_6,32,kl_to_gaussian,0.0,96
sign_test_er1.0__norm_original_radius,matched_er_4to1_chunk_6,32,wt_mean,-0.005294629430863951,96
sign_test_er1.0__norm_original_radius,matched_er_4to1_chunk_6,33,GR,12.681185096502304,96
sign_test_er1.0__norm_original_radius,matched_er_4to1_chunk_6,33,IPC,8.132429071372135,96
sign_test_er1.0__norm_original_radius,matched_er_4to1_chunk_6,33,KR,5.194180550674598,96
sign_test_er1.0__norm_original_radius,matched_er_4to1_chunk_6,33,MC,4.631042942404747,96
sign_test_er1.0__norm_original_radius,matched_er_4to1_chunk_6,33,cosine_similarity,-0.04023307003080837,96
sign_test_er1.0__norm_original_radius,matched_er_4to1_chunk_6,33,kl_to_gaussian,0.0,96
sign_test_er1.0__norm_original_radius,matched_er_4to1_chunk_6,33,wt_mean,-0.005157189385499775,96
sign_test_er1.0__norm_original_radius,matched_er_4to1_chunk_6,34,GR,11.623048340280851,96
sign_test_er1.0__norm_original_radius,matched_er_4to1_chunk_6,34,IPC,7.995694929464039,96
sign_test_er1.0__norm_original_radius,matched_er_4to1_chunk_6,34,KR,5.087651225427787,96
sign_test_er1.0__norm_original_radius,matched_er_4to1_chunk_6,34,MC,4.545723074426253,96
sign_test_er1.0__norm_original_radius,matched_er_4to1_chunk_6,34,cosine_similarity,-0.0446725971996784,96
sign_test_er1.0__norm_original_radius,matched_er_4to1_chunk_6,34,kl_to_gaussian,0.0,96
sign_test_er1.0__norm_original_radius,matched_er_4to1_chunk_6,34,wt_mean,-0.0051622369210235245,96
sign_test_er1.0__norm_original_radius,matched_er_4to1_chunk_7,35,GR,11.791889867434898,96
sign_test_er1.0__norm_original_radius,matched_er_4to1_chunk_7,35,IPC,7.418527767261254,96
sign_test_er1.0__norm_original_radius,matched_er_4to1_chunk_7,35,KR,4.846549652516842,96
sign_test_er1.0__norm_original_radius,matched_er_4to1_chunk_7,35,MC,4.268333081156015,96
sign_test_er1.0__norm_original_radius,matched_er_4to1_chunk_7,35,cosine_similarity,-0.03634849004447455,96
sign_test_er1.0__norm_original_radius,matched_er_4to1_chunk_7,35,kl_to_gaussian,0.0,96
sign_test_er1.0__norm_original_radius,matched_er_4to1_chunk_7,35,wt_mean,-0.0051704336656257,96
sign_test_er1.0__norm_original_radius,matched_er_4to1_chunk_7,36,GR,14.248125312228998,96
sign_test_er1.0__norm_original_radius,matched_er_4to1_chunk_7,36,IPC,7.893934350693584,96
sign_test_er1.0__norm_original_radius,matched_er_4to1_chunk_7,36,KR,5.842619674901168,96
sign_test_er1.0__norm_original_radius,matched_er_4to1_chunk_7,36,MC,4.592058217773835,96
sign_test_er1.0__norm_original_radius,matched_er_4to1_chunk_7,36,cosine_similarity,-0.047169812023639596,96
sign_test_er1.0__norm_original_radius,matched_er_4to1_chunk_7,36,kl_to_gaussian,0.0,96
sign_test_er1.0__norm_original_radius,matched_er_4to1_chunk_7,36,wt_mean,-0.005165857612155325,96
sign_test_er1.0__norm_original_radius,matched_er_4to1_chunk_7,37,GR,11.71417243530353,96
sign_test_er1.0__norm_original_radius,matched_er_4to1_chunk_7,37,IPC,7.79073517003707,96
sign_test_er1.0__norm_original_radius,matched_er_4to1_chunk_7,37,KR,4.803069333235423,96
sign_test_er1.0__norm_original_radius,matched_er_4to1_chunk_7,37,MC,4.304120410233736,96
sign_test_er1.0__norm_original_radius,matched_er_4to1_chunk_7,37,cosine_similarity,-0.04439511895179742,96
sign_test_er1.0__norm_original_radius,matched_er_4to1_chunk_7,37,kl_to_gaussian,0.0,96
sign_test_er1.0__norm_original_radius,matched_er_4to1_chunk_7,37,wt_mean,-0.005196554702706575,96
sign_test_er1.0__norm_original_radius,matched_er_4to1_chunk_7,38,GR,11.734100840985775,96
sign_test_er1.0__norm_original_radius,matched_er_4to1_chunk_7,38,IPC,7.672950604307928,96
sign_test_er1.0__norm_original_radius,matched_er_4to1_chunk_7,38,KR,4.815552930037181,96
sign_test_er1.0__norm_original_radius,matched_er_4to1_chunk_7,38,MC,4.26591944694519,96
sign_test_er1.0__norm_original_radius,matched_er_4to1_chunk_7,38,cosine_similarity,-0.03967813588678835,96
sign_test_er1.0__norm_original_radius,matched_er_4to1_chunk_7,38,kl_to_gaussian,0.0,96
sign_test_er1.0__norm_original_radius,matched_er_4to1_chunk_7,38,wt_mean,-0.00497776019619775,96
sign_test_er1.0__norm_original_radius,matched_er_4to1_chunk_7,39,GR,12.649723981817564,96
sign_test_er1.0__norm_original_radius,matched_er_4to1_chunk_7,39,IPC,7.803644402284648,96
sign_test_er1.0__norm_original_radius,matched_er_4to1_chunk_7,39,KR,5.242159311970075,96
sign_test_er1.0__norm_original_radius,matched_er_4to1_chunk_7,39,MC,4.524297473331292,96
sign_test_er1.0__norm_original_radius,matched_er_4to1_chunk_7,39,cosine_similarity,-0.0413429588079452,96
sign_test_er1.0__norm_original_radius,matched_er_4to1_chunk_7,39,kl_to_gaussian,0.0,96
sign_test_er1.0__norm_original_radius,matched_er_4to1_chunk_7,39,wt_mean,-0.005080522154457825,96
sign_test_er1.0__norm_original_radius,matched_er_4to1_chunk_8,40,GR,12.863702582816282,96
sign_test_er1.0__norm_original_radius,matched_er_4to1_chunk_8,40,IPC,7.628799007588461,96
sign_test_er1.0__norm_original_radius,matched_er_4to1_chunk_8,40,KR,5.245767361174027,96
sign_test_er1.0__norm_original_radius,matched_er_4to1_chunk_8,40,MC,4.234276512016852,96
sign_test_er1.0__norm_original_radius,matched_er_4to1_chunk_8,40,cosine_similarity,-0.036348498426377725,96
sign_test_er1.0__norm_original_radius,matched_er_4to1_chunk_8,40,kl_to_gaussian,0.0,96
sign_test_er1.0__norm_original_radius,matched_er_4to1_chunk_8,40,wt_mean,-0.005203762440942175,96
sign_test_er1.0__norm_original_radius,matched_er_4to1_chunk_8,41,GR,11.824488651007414,96
sign_test_er1.0__norm_original_radius,matched_er_4to1_chunk_8,41,IPC,7.845522028816231,96
sign_test_er1.0__norm_original_radius,matched_er_4to1_chunk_8,41,KR,4.76987283801039,96
sign_test_er1.0__norm_original_radius,matched_er_4to1_chunk_8,41,MC,4.32587821657459,96
sign_test_er1.0__norm_original_radius,matched_er_4to1_chunk_8,41,cosine_similarity,-0.03801332134753458,96
sign_test_er1.0__norm_original_radius,matched_er_4to1_chunk_8,41,kl_to_gaussian,0.0,96
sign_test_er1.0__norm_original_radius,matched_er_4to1_chunk_8,41,wt_mean,-0.0050643848953768255,96
sign_test_er1.0__norm_original_radius,matched_er_4to1_chunk_8,42,GR,12.423384577035904,96
sign_test_er1.0__norm_original_radius,matched_er_4to1_chunk_8,42,IPC,8.192832309402423,96
sign_test_er1.0__norm_original_radius,matched_er_4to1_chunk_8,42,KR,5.217993556211392,96
sign_test_er1.0__norm_original_radius,matched_er_4to1_chunk_8,42,MC,4.647785718242328,96
sign_test_er1.0__norm_original_radius,matched_er_4to1_chunk_8,42,cosine_similarity,-0.038845721632242175,96
sign_test_er1.0__norm_original_radius,matched_er_4to1_chunk_8,42,kl_to_gaussian,0.0,96
sign_test_er1.0__norm_original_radius,matched_er_4to1_chunk_8,42,wt_mean,-0.00512532959692175,96
sign_test_er1.0__norm_original_radius,matched_er_4to1_chunk_8,43,GR,11.541557552913824,96
sign_test_er1.0__norm_original_radius,matched_er_4to1_chunk_8,43,IPC,7.686221346903809,96
sign_test_er1.0__norm_original_radius,matched_er_4to1_chunk_8,43,KR,4.929919948180516,96
sign_test_er1.0__norm_original_radius,matched_er_4to1_chunk_8,43,MC,4.506269793957472,96
sign_test_er1.0__norm_original_radius,matched_er_4to1_chunk_8,43,cosine_similarity,-0.04800222069025035,96
sign_test_er1.0__norm_original_radius,matched_er_4to1_chunk_8,43,kl_to_gaussian,0.0,96
sign_test_er1.0__norm_original_radius,matched_er_4to1_chunk_8,43,wt_mean,-0.004995799856260375,96
sign_test_er1.0__norm_original_radius,matched_er_4to1_chunk_8,44,GR,10.965566951781511,96
sign_test_er1.0__norm_original_radius,matched_er_4to1_chunk_8,44,IPC,7.716643123488769,96
sign_test_er1.0__norm_original_radius,matched_er_4to1_chunk_8,44,KR,4.487373751898606,96
sign_test_er1.0__norm_original_radius,matched_er_4to1_chunk_8,44,MC,4.300054789831241,96
sign_test_er1.0__norm_original_radius,matched_er_4to1_chunk_8,44,cosine_similarity,-0.03745838068425655,96
sign_test_er1.0__norm_original_radius,matched_er_4to1_chunk_8,44,kl_to_gaussian,0.0,96
sign_test_er1.0__norm_original_radius,matched_er_4to1_chunk_8,44,wt_mean,-0.00511097040725865,96
sign_test_er1.0__norm_original_radius,matched_er_4to1_chunk_9,45,GR,12.072323349614939,96
sign_test_er1.0__norm_original_radius,matched_er_4to1_chunk_9,45,IPC,8.004582038451316,96
sign_test_er1.0__norm_original_radius,matched_er_4to1_chunk_9,45,KR,5.0375099418063956,96
sign_test_er1.0__norm_original_radius,matched_er_4to1_chunk_9,45,MC,4.626639590909083,96
sign_test_er1.0__norm_original_radius,matched_er_4to1_chunk_9,45,cosine_similarity,-0.03940066136419765,96
sign_test_er1.0__norm_original_radius,matched_er_4to1_chunk_9,45,kl_to_gaussian,0.0,96
sign_test_er1.0__norm_original_radius,matched_er_4to1_chunk_9,45,wt_mean,-0.00509900040924545,96
sign_test_er1.0__norm_original_radius,matched_er_4to1_chunk_9,46,GR,12.924057103693485,96
sign_test_er1.0__norm_original_radius,matched_er_4to1_chunk_9,46,IPC,7.8288454532282685,96
sign_test_er1.0__norm_original_radius,matched_er_4to1_chunk_9,46,KR,5.504082369307677,96
sign_test_er1.0__norm_original_radius,matched_er_4to1_chunk_9,46,MC,4.6119539986054106,96
sign_test_er1.0__norm_original_radius,matched_er_4to1_chunk_9,46,cosine_similarity,-0.04744727350771425,96
sign_test_er1.0__norm_original_radius,matched_er_4to1_chunk_9,46,kl_to_gaussian,0.0,96
sign_test_er1.0__norm_original_radius,matched_er_4to1_chunk_9,46,wt_mean,-0.005231937335338375,96
sign_test_er1.0__norm_original_radius,matched_er_4to1_chunk_9,47,GR,12.934451013803482,96
sign_test_er1.0__norm_original_radius,matched_er_4to1_chunk_9,47,IPC,7.670672949117847,96
sign_test_er1.0__norm_original_radius,matched_er_4to1_chunk_9,47,KR,5.58119775975744,96
sign_test_er1.0__norm_original_radius,matched_er_4to1_chunk_9,47,MC,4.357778420050939,96
sign_test_er1.0__norm_original_radius,matched_er_4to1_chunk_9,47,cosine_similarity,-0.040788010694086475,96
sign_test_er1.0__norm_original_radius,matched_er_4to1_chunk_9,47,kl_to_gaussian,0.0,96
sign_test_er1.0__norm_original_radius,matched_er_4to1_chunk_9,47,wt_mean,-0.00526541785802685,96
sign_test_er1.0__norm_original_radius,matched_er_4to1_chunk_9,48,GR,12.497941804428896,96
sign_test_er1.0__norm_original_radius,matched_er_4to1_chunk_9,48,IPC,8.101839828196846,96
sign_test_er1.0__norm_original_radius,matched_er_4to1_chunk_9,48,KR,5.342296245197455,96
sign_test_er1.0__norm_original_radius,matched_er_4to1_chunk_9,48,MC,4.511426800861955,96
sign_test_er1.0__norm_original_radius,matched_er_4to1_chunk_9,48,cosine_similarity,-0.039955596439540324,96
sign_test_er1.0__norm_original_radius,matched_er_4to1_chunk_9,48,kl_to_gaussian,0.0,96
sign_test_er1.0__norm_original_radius,matched_er_4to1_chunk_9,48,wt_mean,-0.0050712681841104746,96
sign_test_er1.0__norm_original_radius,matched_er_4to1_chunk_9,49,GR,12.529254250228405,96
sign_test_er1.0__norm_original_radius,matched_er_4to1_chunk_9,49,IPC,7.932394582522551,96
sign_test_er1.0__norm_original_radius,matched_er_4to1_chunk_9,49,KR,5.170794984946649,96
sign_test_er1.0__norm_original_radius,matched_er_4to1_chunk_9,49,MC,4.488275450964768,96
sign_test_er1.0__norm_original_radius,matched_er_4to1_chunk_9,49,cosine_similarity,-0.0410654693841934,96
sign_test_er1.0__norm_original_radius,matched_er_4to1_chunk_9,49,kl_to_gaussian,0.0,96
sign_test_er1.0__norm_original_radius,matched_er_4to1_chunk_9,49,wt_mean,-0.005104010051581975,96
sign_test_er1.0__norm_spectral_radius,matched_er_4to1_chunk_0,0,GR,4.901139169931412,96
sign_test_er1.0__norm_spectral_radius,matched_er_4to1_chunk_0,0,IPC,7.826473626910091,96
sign_test_er1.0__norm_spectral_radius,matched_er_4to1_chunk_0,0,KR,2.842506860693296,96
sign_test_er1.0__norm_spectral_radius,matched_er_4to1_chunk_0,0,MC,4.340816867848237,96
sign_test_er1.0__norm_spectral_radius,matched_er_4to1_chunk_0,0,cosine_similarity,-0.0427303053438663,96
sign_test_er1.0__norm_spectral_radius,matched_er_4to1_chunk_0,0,kl_to_gaussian,0.0,96
sign_test_er1.0__norm_spectral_radius,matched_er_4to1_chunk_0,0,wt_mean,-0.0028789557400158753,96
sign_test_er1.0__norm_spectral_radius,matched_er_4to1_chunk_0,1,GR,5.015299286693335,96
sign_test_er1.0__norm_spectral_radius,matched_er_4to1_chunk_0,1,IPC,7.927759839841555,96
sign_test_er1.0__norm_spectral_radius,matched_er_4to1_chunk_0,1,KR,2.9608429918686547,96
sign_test_er1.0__norm_spectral_radius,matched_er_4to1_chunk_0,1,MC,4.31967993080616,96
sign_test_er1.0__norm_spectral_radius,matched_er_4to1_chunk_0,1,cosine_similarity,-0.0427303053438663,96
sign_test_er1.0__norm_spectral_radius,matched_er_4to1_chunk_0,1,kl_to_gaussian,0.0,96
sign_test_er1.0__norm_spectral_radius,matched_er_4to1_chunk_0,1,wt_mean,-0.002863857080228575,96
sign_test_er1.0__norm_spectral_radius,matched_er_4to1_chunk_0,2,GR,4.777846672882636,96
sign_test_er1.0__norm_spectral_radius,matched_er_4to1_chunk_0,2,IPC,7.5718816909271744,96
sign_test_er1.0__norm_spectral_radius,matched_er_4to1_chunk_0,2,KR,2.845101380099853,96
sign_test_er1.0__norm_spectral_radius,matched_er_4to1_chunk_0,2,MC,4.207638205339511,96
sign_test_er1.0__norm_spectral_radius,matched_er_4to1_chunk_0,2,cosine_similarity,-0.03745837323367595,96
sign_test_er1.0__norm_spectral_radius,matched_er_4to1_chunk_0,2,kl_to_gaussian,0.0,96
sign_test_er1.0__norm_spectral_radius,matched_er_4to1_chunk_0,2,wt_mean,-0.0028663065168075003,96
sign_test_er1.0__norm_spectral_radius,matched_er_4to1_chunk_0,3,GR,4.736973434686661,96
sign_test_er1.0__norm_spectral_radius,matched_er_4to1_chunk_0,3,IPC,8.087017952229663,96
sign_test_er1.0__norm_spectral_radius,matched_er_4to1_chunk_0,3,KR,2.7300211377441883,96
sign_test_er1.0__norm_spectral_radius,matched_er_4to1_chunk_0,3,MC,4.283944200724363,96
sign_test_er1.0__norm_spectral_radius,matched_er_4to1_chunk_0,3,cosine_similarity,-0.043840168043971055,96
sign_test_er1.0__norm_spectral_radius,matched_er_4to1_chunk_0,3,kl_to_gaussian,0.0,96
sign_test_er1.0__norm_spectral_radius,matched_er_4to1_chunk_0,3,wt_mean,-0.0028632360626942997,96
sign_test_er1.0__norm_spectral_radius,matched_er_4to1_chunk_0,4,GR,5.217991023013989,96
sign_test_er1.0__norm_spectral_radius,matched_er_4to1_chunk_0,4,IPC,7.5610360511649795,96
sign_test_er1.0__norm_spectral_radius,matched_er_4to1_chunk_0,4,KR,3.064249294499556,96
sign_test_er1.0__norm_spectral_radius,matched_er_4to1_chunk_0,4,MC,4.247637319068114,96
sign_test_er1.0__norm_spectral_radius,matched_er_4to1_chunk_0,4,cosine_similarity,-0.04162042401731007,96
sign_test_er1.0__norm_spectral_radius,matched_er_4to1_chunk_0,4,kl_to_gaussian,0.0,96
sign_test_er1.0__norm_spectral_radius,matched_er_4to1_chunk_0,4,wt_mean,-0.002855799975804925,96
sign_test_er1.0__norm_spectral_radius,matched_er_4to1_chunk_1,5,GR,4.898649040609598,96
sign_test_er1.0__norm_spectral_radius,matched_er_4to1_chunk_1,5,IPC,7.793288196985725,96
sign_test_er1.0__norm_spectral_radius,matched_er_4to1_chunk_1,5,KR,2.926054855187734,96
sign_test_er1.0__norm_spectral_radius,matched_er_4to1_chunk_1,5,MC,4.424162947883208,96
sign_test_er1.0__norm_spectral_radius,matched_er_4to1_chunk_1,5,cosine_similarity,-0.038290777243673774,96
sign_test_er1.0__norm_spectral_radius,matched_er_4to1_chunk_1,5,kl_to_gaussian,0.0,96
sign_test_er1.0__norm_spectral_radius,matched_er_4to1_chunk_1,5,wt_mean,-0.0028717492241411755,96
sign_test_er1.0__norm_spectral_radius,matched_er_4to1_chunk_1,6,GR,4.670084076623122,96
sign_test_er1.0__norm_spectral_radius,matched_er_4to1_chunk_1,6,IPC,7.844068961408808,96
sign_test_er1.0__norm_spectral_radius,matched_er_4to1_chunk_1,6,KR,2.817937172949314,96
sign_test_er1.0__norm_spectral_radius,matched_er_4to1_chunk_1,6,MC,4.297999439140161,96
sign_test_er1.0__norm_spectral_radius,matched_er_4to1_chunk_1,6,cosine_similarity,-0.037735852412879425,96
sign_test_er1.0__norm_spectral_radius,matched_er_4to1_chunk_1,6,kl_to_gaussian,0.0,96
sign_test_er1.0__norm_spectral_radius,matched_er_4to1_chunk_1,6,wt_mean,-0.0028422581381164,96
sign_test_er1.0__norm_spectral_radius,matched_er_4to1_chunk_1,7,GR,5.165293337156375,96
sign_test_er1.0__norm_spectral_radius,matched_er_4to1_chunk_1,7,IPC,7.69514613647769,96
sign_test_er1.0__norm_spectral_radius,matched_er_4to1_chunk_1,7,KR,2.926339913159609,96
sign_test_er1.0__norm_spectral_radius,matched_er_4to1_chunk_1,7,MC,4.182522259652615,96
sign_test_er1.0__norm_spectral_radius,matched_er_4to1_chunk_1,7,cosine_similarity,-0.044672589749097796,96
sign_test_er1.0__norm_spectral_radius,matched_er_4to1_chunk_1,7,kl_to_gaussian,0.0,96
sign_test_er1.0__norm_spectral_radius,matched_er_4to1_chunk_1,7,wt_mean,-0.002843294176273025,96
sign_test_er1.0__norm_spectral_radius,matched_er_4to1_chunk_1,8,GR,5.06493045638005,96
sign_test_er1.0__norm_spectral_radius,matched_er_4to1_chunk_1,8,IPC,7.377889106698739,96
sign_test_er1.0__norm_spectral_radius,matched_er_4to1_chunk_1,8,KR,2.9909378215670586,96
sign_test_er1.0__norm_spectral_radius,matched_er_4to1_chunk_1,8,MC,4.140017615010341,96
sign_test_er1.0__norm_spectral_radius,matched_er_4to1_chunk_1,8,cosine_similarity,-0.04023306164890525,96
sign_test_er1.0__norm_spectral_radius,matched_er_4to1_chunk_1,8,kl_to_gaussian,0.0,96
sign_test_er1.0__norm_spectral_radius,matched_er_4to1_chunk_1,8,wt_mean,-0.0028642968391068002,96
sign_test_er1.0__norm_spectral_radius,matched_er_4to1_chunk_1,9,GR,4.991535487274329,96
sign_test_er1.0__norm_spectral_radius,matched_er_4to1_chunk_1,9,IPC,7.785535734518727,96
sign_test_er1.0__norm_spectral_radius,matched_er_4to1_chunk_1,9,KR,2.9131220479806266,96
sign_test_er1.0__norm_spectral_radius,matched_er_4to1_chunk_1,9,MC,4.18585775171717,96
sign_test_er1.0__norm_spectral_radius,matched_er_4to1_chunk_1,9,cosine_similarity,-0.03773583658039565,96
sign_test_er1.0__norm_spectral_radius,matched_er_4to1_chunk_1,9,kl_to_gaussian,0.0,96
sign_test_er1.0__norm_spectral_radius,matched_er_4to1_chunk_1,9,wt_mean,-0.0028827445930800747,96
sign_test_er1.0__norm_spectral_radius,matched_er_4to1_chunk_10,50,GR,5.341999540726344,96
sign_test_er1.0__norm_spectral_radius,matched_er_4to1_chunk_10,50,IPC,7.566807677273349,96
sign_test_er1.0__norm_spectral_radius,matched_er_4to1_chunk_10,50,KR,3.211934311936299,96
sign_test_er1.0__norm_spectral_radius,matched_er_4to1_chunk_10,50,MC,4.342489103476207,96
sign_test_er1.0__norm_spectral_radius,matched_er_4to1_chunk_10,50,cosine_similarity,-0.04162041097879405,96
sign_test_er1.0__norm_spectral_radius,matched_er_4to1_chunk_10,50,kl_to_gaussian,0.0,96
sign_test_er1.0__norm_spectral_radius,matched_er_4to1_chunk_10,50,wt_mean,-0.0028860463062300753,96
sign_test_er1.0__norm_spectral_radius,matched_er_4to1_chunk_10,51,GR,5.455377634614706,96
sign_test_er1.0__norm_spectral_radius,matched_er_4to1_chunk_10,51,IPC,7.278842407049106,96
sign_test_er1.0__norm_spectral_radius,matched_er_4to1_chunk_10,51,KR,3.13387826209267,96
sign_test_er1.0__norm_spectral_radius,matched_er_4to1_chunk_10,51,MC,4.160957420865695,96
sign_test_er1.0__norm_spectral_radius,matched_er_4to1_chunk_10,51,cosine_similarity,-0.043285232037305804,96
sign_test_er1.0__norm_spectral_radius,matched_er_4to1_chunk_10,51,kl_to_gaussian,0.0,96
sign_test_er1.0__norm_spectral_radius,matched_er_4to1_chunk_10,51,wt_mean,-0.00286674738163125,96
sign_test_er1.0__norm_spectral_radius,matched_er_4to1_chunk_10,52,GR,4.3537195300062494,96
sign_test_er1.0__norm_spectral_radius,matched_er_4to1_chunk_10,52,IPC,7.582937140743552,96
sign_test_er1.0__norm_spectral_radius,matched_er_4to1_chunk_10,52,KR,2.6303744005660215,96
sign_test_er1.0__norm_spectral_radius,matched_er_4to1_chunk_10,52,MC,4.0974683451155824,96
sign_test_er1.0__norm_spectral_radius,matched_er_4to1_chunk_10,52,cosine_similarity,-0.04217535816133015,96
sign_test_er1.0__norm_spectral_radius,matched_er_4to1_chunk_10,52,kl_to_gaussian,0.0,96
sign_test_er1.0__norm_spectral_radius,matched_er_4to1_chunk_10,52,wt_mean,-0.0028583961538969746,96
sign_test_er1.0__norm_spectral_radius,matched_er_4to1_chunk_10,53,GR,5.671676055838664,96
sign_test_er1.0__norm_spectral_radius,matched_er_4to1_chunk_10,53,IPC,7.722617208371974,96
sign_test_er1.0__norm_spectral_radius,matched_er_4to1_chunk_10,53,KR,3.30807355667154,96
sign_test_er1.0__norm_spectral_radius,matched_er_4to1_chunk_10,53,MC,4.417196857432525,96
sign_test_er1.0__norm_spectral_radius,matched_er_4to1_chunk_10,53,cosine_similarity,-0.0402330663055181,96
sign_test_er1.0__norm_spectral_radius,matched_er_4to1_chunk_10,53,kl_to_gaussian,0.0,96
sign_test_er1.0__norm_spectral_radius,matched_er_4to1_chunk_10,53,wt_mean,-0.00288714212365445,96
sign_test_er1.0__norm_spectral_radius,matched_er_4to1_chunk_10,54,GR,4.992933411151171,96
sign_test_er1.0__norm_spectral_radius,matched_er_4to1_chunk_10,54,IPC,7.905593357853742,96
sign_test_er1.0__norm_spectral_radius,matched_er_4to1_chunk_10,54,KR,2.960792548954487,96
sign_test_er1.0__norm_spectral_radius,matched_er_4to1_chunk_10,54,MC,4.414032481610775,96
sign_test_er1.0__norm_spectral_radius,matched_er_4to1_chunk_10,54,cosine_similarity,-0.04245283268392085,96
sign_test_er1.0__norm_spectral_radius,matched_er_4to1_chunk_10,54,kl_to_gaussian,0.0,96
sign_test_er1.0__norm_spectral_radius,matched_er_4to1_chunk_10,54,wt_mean,-0.0028571175062097,96
sign_test_er1.0__norm_spectral_radius,matched_er_4to1_chunk_11,55,GR,5.3082594101627665,96
sign_test_er1.0__norm_spectral_radius,matched_er_4to1_chunk_11,55,IPC,8.118571765079226,96
sign_test_er1.0__norm_spectral_radius,matched_er_4to1_chunk_11,55,KR,3.0689940204223,96
sign_test_er1.0__norm_spectral_radius,matched_er_4to1_chunk_11,55,MC,4.403933520118396,96
sign_test_er1.0__norm_spectral_radius,matched_er_4to1_chunk_11,55,cosine_similarity,-0.038290777243673774,96
sign_test_er1.0__norm_spectral_radius,matched_er_4to1_chunk_11,55,kl_to_gaussian,0.0,96
sign_test_er1.0__norm_spectral_radius,matched_er_4to1_chunk_11,55,wt_mean,-0.0028647857252508,96
sign_test_er1.0__norm_spectral_radius,matched_er_4to1_chunk_11,56,GR,5.357299933830897,96
sign_test_er1.0__norm_spectral_radius,matched_er_4to1_chunk_11,56,IPC,7.658323710582298,96
sign_test_er1.0__norm_spectral_radius,matched_er_4to1_chunk_11,56,KR,3.135146756966909,96
sign_test_er1.0__norm_spectral_radius,matched_er_4to1_chunk_11,56,MC,4.196007770796617,96
sign_test_er1.0__norm_spectral_radius,matched_er_4to1_chunk_11,56,cosine_similarity,-0.03829077817499635,96
sign_test_er1.0__norm_spectral_radius,matched_er_4to1_chunk_11,56,kl_to_gaussian,0.0,96
sign_test_er1.0__norm_spectral_radius,matched_er_4to1_chunk_11,56,wt_mean,-0.0028612269670702,96
sign_test_er1.0__norm_spectral_radius,matched_er_4to1_chunk_11,57,GR,5.326898836841186,96
sign_test_er1.0__norm_spectral_radius,matched_er_4to1_chunk_11,57,IPC,8.143782298730443,96
sign_test_er1.0__norm_spectral_radius,matched_er_4to1_chunk_11,57,KR,3.0200780729452767,96
sign_test_er1.0__norm_spectral_radius,matched_er_4to1_chunk_11,57,MC,4.391834522287051,96
sign_test_er1.0__norm_spectral_radius,matched_er_4to1_chunk_11,57,cosine_similarity,-0.04189789481461045,96
sign_test_er1.0__norm_spectral_radius,matched_er_4to1_chunk_11,57,kl_to_gaussian,0.0,96
sign_test_er1.0__norm_spectral_radius,matched_er_4to1_chunk_11,57,wt_mean,-0.00287282612407575,96
sign_test_er1.0__norm_spectral_radius,matched_er_4to1_chunk_11,58,GR,5.215801056474447,96
sign_test_er1.0__norm_spectral_radius,matched_er_4to1_chunk_11,58,IPC,7.65057033634864,96
sign_test_er1.0__norm_spectral_radius,matched_er_4to1_chunk_11,58,KR,2.9934679282208285,96
sign_test_er1.0__norm_spectral_radius,matched_er_4to1_chunk_11,58,MC,4.219672347108523,96
sign_test_er1.0__norm_spectral_radius,matched_er_4to1_chunk_11,58,cosine_similarity,-0.04439512081444255,96
sign_test_er1.0__norm_spectral_radius,matched_er_4to1_chunk_11,58,kl_to_gaussian,0.0,96
sign_test_er1.0__norm_spectral_radius,matched_er_4to1_chunk_11,58,wt_mean,-0.0028491809498518,96
sign_test_er1.0__norm_spectral_radius,matched_er_4to1_chunk_11,59,GR,4.732798088341951,96
sign_test_er1.0__norm_spectral_radius,matched_er_4to1_chunk_11,59,IPC,7.943588652106499,96
sign_test_er1.0__norm_spectral_radius,matched_er_4to1_chunk_11,59,KR,2.851099420338869,96
sign_test_er1.0__norm_spectral_radius,matched_er_4to1_chunk_11,59,MC,4.25561713365217,96
sign_test_er1.0__norm_spectral_radius,matched_er_4to1_chunk_11,59,cosine_similarity,-0.04300776775926345,96
sign_test_er1.0__norm_spectral_radius,matched_er_4to1_chunk_11,59,kl_to_gaussian,0.0,96
sign_test_er1.0__norm_spectral_radius,matched_er_4to1_chunk_11,59,wt_mean,-0.002869709045626175,96
sign_test_er1.0__norm_spectral_radius,matched_er_4to1_chunk_12,60,GR,4.916535982241233,96
sign_test_er1.0__norm_spectral_radius,matched_er_4to1_chunk_12,60,IPC,7.501845798700335,96
sign_test_er1.0__norm_spectral_radius,matched_er_4to1_chunk_12,60,KR,2.9299387658635774,96
sign_test_er1.0__norm_spectral_radius,matched_er_4to1_chunk_12,60,MC,3.989696533729633,96
sign_test_er1.0__norm_spectral_radius,matched_er_4to1_chunk_12,60,cosine_similarity,-0.04467258881777522,96
sign_test_er1.0__norm_spectral_radius,matched_er_4to1_chunk_12,60,kl_to_gaussian,0.0,96
sign_test_er1.0__norm_spectral_radius,matched_er_4to1_chunk_12,60,wt_mean,-0.002875938429497125,96
sign_test_er1.0__norm_spectral_radius,matched_er_4to1_chunk_12,61,GR,5.600411554177602,96
sign_test_er1.0__norm_spectral_radius,matched_er_4to1_chunk_12,61,IPC,7.852797281457071,96
sign_test_er1.0__norm_spectral_radius,matched_er_4to1_chunk_12,61,KR,3.1777747832238674,96
sign_test_er1.0__norm_spectral_radius,matched_er_4to1_chunk_12,61,MC,4.230605497956276,96
sign_test_er1.0__norm_spectral_radius,matched_er_4to1_chunk_12,61,cosine_similarity,-0.03884572628885505,96
sign_test_er1.0__norm_spectral_radius,matched_er_4to1_chunk_12,61,kl_to_gaussian,0.0,96
sign_test_er1.0__norm_spectral_radius,matched_er_4to1_chunk_12,61,wt_mean,-0.0028601753874681495,96
sign_test_er1.0__norm_spectral_radius,matched_er_4to1_chunk_12,62,GR,5.150496985763311,96
sign_test_er1.0__norm_spectral_radius,matched_er_4to1_chunk_12,62,IPC,8.091772664896384,96
sign_test_er1.0__norm_spectral_radius,matched_er_4to1_chunk_12,62,KR,3.044412755717834,96
sign_test_er1.0__norm_spectral_radius,matched_er_4to1_chunk_12,62,MC,4.399518966674805,96
sign_test_er1.0__norm_spectral_radius,matched_er_4to1_chunk_12,62,cosine_similarity,-0.0438401773571968,96
sign_test_er1.0__norm_spectral_radius,matched_er_4to1_chunk_12,62,kl_to_gaussian,0.0,96
sign_test_er1.0__norm_spectral_radius,matched_er_4to1_chunk_12,62,wt_mean,-0.0028857216821051752,96
sign_test_er1.0__norm_spectral_radius,matched_er_4to1_chunk_12,63,GR,5.213972770919402,96
sign_test_er1.0__norm_spectral_radius,matched_er_4to1_chunk_12,63,IPC,7.94263048944804,96
sign_test_er1.0__norm_spectral_radius,matched_er_4to1_chunk_12,63,KR,3.0422153137624264,96
sign_test_er1.0__norm_spectral_radius,matched_er_4to1_chunk_12,63,MC,4.258752821634213,96
sign_test_er1.0__norm_spectral_radius,matched_er_4to1_chunk_12,63,cosine_similarity,-0.04051054455339905,96
sign_test_er1.0__norm_spectral_radius,matched_er_4to1_chunk_12,63,kl_to_gaussian,0.0,96
sign_test_er1.0__norm_spectral_radius,matched_er_4to1_chunk_12,63,wt_mean,-0.00285846157930785,96
sign_test_er1.0__norm_spectral_radius,matched_er_4to1_chunk_12,64,GR,4.838951503237088,96
sign_test_er1.0__norm_spectral_radius,matched_er_4to1_chunk_12,64,IPC,7.575307900211224,96
sign_test_er1.0__norm_spectral_radius,matched_er_4to1_chunk_12,64,KR,2.870697606354952,96
sign_test_er1.0__norm_spectral_radius,matched_er_4to1_chunk_12,64,MC,4.214304391294718,96
sign_test_er1.0__norm_spectral_radius,matched_er_4to1_chunk_12,64,cosine_similarity,-0.04273031186312432,96
sign_test_er1.0__norm_spectral_radius,matched_er_4to1_chunk_12,64,kl_to_gaussian,0.0,96
sign_test_er1.0__norm_spectral_radius,matched_er_4to1_chunk_12,64,wt_mean,-0.0028456024010665004,96
sign_test_er1.0__norm_spectral_radius,matched_er_4to1_chunk_13,65,GR,4.95244983335336,96
sign_test_er1.0__norm_spectral_radius,matched_er_4to1_chunk_13,65,IPC,7.615912633382866,96
sign_test_er1.0__norm_spectral_radius,matched_er_4to1_chunk_13,65,KR,2.9140759967267513,96
sign_test_er1.0__norm_spectral_radius,matched_er_4to1_chunk_13,65,MC,3.963047292083502,96
sign_test_er1.0__norm_spectral_radius,matched_er_4to1_chunk_13,65,cosine_similarity,-0.04772475548088545,96
sign_test_er1.0__norm_spectral_radius,matched_er_4to1_chunk_13,65,kl_to_gaussian,0.0,96
sign_test_er1.0__norm_spectral_radius,matched_er_4to1_chunk_13,65,wt_mean,-0.002892891701776475,96
sign_test_er1.0__norm_spectral_radius,matched_er_4to1_chunk_13,66,GR,4.675738925735156,96
sign_test_er1.0__norm_spectral_radius,matched_er_4to1_chunk_13,66,IPC,7.632836510909261,96
sign_test_er1.0__norm_spectral_radius,matched_er_4to1_chunk_13,66,KR,2.7928873052199683,96
sign_test_er1.0__norm_spectral_radius,matched_er_4to1_chunk_13,66,MC,4.103051921973626,96
sign_test_er1.0__norm_spectral_radius,matched_er_4to1_chunk_13,66,cosine_similarity,-0.046614864841103554,96
sign_test_er1.0__norm_spectral_radius,matched_er_4to1_chunk_13,66,kl_to_gaussian,0.0,96
sign_test_er1.0__norm_spectral_radius,matched_er_4to1_chunk_13,66,wt_mean,-0.0028654244961216504,96
sign_test_er1.0__norm_spectral_radius,matched_er_4to1_chunk_13,67,GR,4.849315961201985,96
sign_test_er1.0__norm_spectral_radius,matched_er_4to1_chunk_13,67,IPC,7.5259058929851195,96
sign_test_er1.0__norm_spectral_radius,matched_er_4to1_chunk_13,67,KR,2.8909225848813853,96
sign_test_er1.0__norm_spectral_radius,matched_er_4to1_chunk_13,67,MC,4.160298866530259,96
sign_test_er1.0__norm_spectral_radius,matched_er_4to1_chunk_13,67,cosine_similarity,-0.0449500530958175,96
sign_test_er1.0__norm_spectral_radius,matched_er_4to1_chunk_13,67,kl_to_gaussian,0.0,96
sign_test_er1.0__norm_spectral_radius,matched_er_4to1_chunk_13,67,wt_mean,-0.0028544547967612253,96
sign_test_er1.0__norm_spectral_radius,matched_er_4to1_chunk_13,68,GR,5.12310071165363,96
sign_test_er1.0__norm_spectral_radius,matched_er_4to1_chunk_13,68,IPC,7.758124941995129,96
sign_test_er1.0__norm_spectral_radius,matched_er_4to1_chunk_13,68,KR,3.0434304686884084,96
sign_test_er1.0__norm_spectral_radius,matched_er_4to1_chunk_13,68,MC,4.365072722236316,96
sign_test_er1.0__norm_spectral_radius,matched_er_4to1_chunk_13,68,cosine_similarity,-0.03940067254006855,96
sign_test_er1.0__norm_spectral_radius,matched_er_4to1_chunk_13,68,kl_to_gaussian,0.0,96
sign_test_er1.0__norm_spectral_radius,matched_er_4to1_chunk_13,68,wt_mean,-0.0028689610771834247,96
sign_test_er1.0__norm_spectral_radius,matched_er_4to1_chunk_13,69,GR,5.1597210839390755,96
sign_test_er1.0__norm_spectral_radius,matched_er_4to1_chunk_13,69,IPC,7.778642999756642,96
sign_test_er1.0__norm_spectral_radius,matched_er_4to1_chunk_13,69,KR,3.0081765465438366,96
sign_test_er1.0__norm_spectral_radius,matched_er_4to1_chunk_13,69,MC,4.289082451413075,96
sign_test_er1.0__norm_spectral_radius,matched_er_4to1_chunk_13,69,cosine_similarity,-0.041620422154664924,96
sign_test_er1.0__norm_spectral_radius,matched_er_4to1_chunk_13,69,kl_to_gaussian,0.0,96
sign_test_er1.0__norm_spectral_radius,matched_er_4to1_chunk_13,69,wt_mean,-0.00286373140988865,96
sign_test_er1.0__norm_spectral_radius,matched_er_4to1_chunk_14,70,GR,4.990647487342358,96
sign_test_er1.0__norm_spectral_radius,matched_er_4to1_chunk_14,70,IPC,7.378035410634443,96
sign_test_er1.0__norm_spectral_radius,matched_er_4to1_chunk_14,70,KR,2.941936057060957,96
sign_test_er1.0__norm_spectral_radius,matched_er_4to1_chunk_14,70,MC,4.2073636800050735,96
sign_test_er1.0__norm_spectral_radius,matched_er_4to1_chunk_14,70,cosine_similarity,-0.04273029882460827,96
sign_test_er1.0__norm_spectral_radius,matched_er_4to1_chunk_14,70,kl_to_gaussian,0.0,96
sign_test_er1.0__norm_spectral_radius,matched_er_4to1_chunk_14,70,wt_mean,-0.002884765446651675,96
sign_test_er1.0__norm_spectral_radius,matched_er_4to1_chunk_14,71,GR,4.945272480448087,96
sign_test_er1.0__norm_spectral_radius,matched_er_4to1_chunk_14,71,IPC,7.820040361203794,96
sign_test_er1.0__norm_spectral_radius,matched_er_4to1_chunk_14,71,KR,2.9876314836243787,96
sign_test_er1.0__norm_spectral_radius,matched_er_4to1_chunk_14,71,MC,4.367417347927888,96
sign_test_er1.0__norm_spectral_radius,matched_er_4to1_chunk_14,71,cosine_similarity,-0.03440621681511395,96
sign_test_er1.0__norm_spectral_radius,matched_er_4to1_chunk_14,71,kl_to_gaussian,0.0,96
sign_test_er1.0__norm_spectral_radius,matched_er_4to1_chunk_14,71,wt_mean,-0.00287424772977825,96
sign_test_er1.0__norm_spectral_radius,matched_er_4to1_chunk_14,72,GR,4.61098129923145,96
sign_test_er1.0__norm_spectral_radius,matched_er_4to1_chunk_14,72,IPC,7.811575407017543,96
sign_test_er1.0__norm_spectral_radius,matched_er_4to1_chunk_14,72,KR,2.7569347446163497,96
sign_test_er1.0__norm_spectral_radius,matched_er_4to1_chunk_14,72,MC,4.189527738839388,96
sign_test_er1.0__norm_spectral_radius,matched_er_4to1_chunk_14,72,cosine_similarity,-0.03745838068425655,96
sign_test_er1.0__norm_spectral_radius,matched_er_4to1_chunk_14,72,kl_to_gaussian,0.0,96
sign_test_er1.0__norm_spectral_radius,matched_er_4to1_chunk_14,72,wt_mean,-0.002864739333745025,96
sign_test_er1.0__norm_spectral_radius,matched_er_4to1_chunk_14,73,GR,4.8815209691723185,96
sign_test_er1.0__norm_spectral_radius,matched_er_4to1_chunk_14,73,IPC,7.981725556161348,96
sign_test_er1.0__norm_spectral_radius,matched_er_4to1_chunk_14,73,KR,2.9339496716856956,96
sign_test_er1.0__norm_spectral_radius,matched_er_4to1_chunk_14,73,MC,4.253458708524704,96
sign_test_er1.0__norm_spectral_radius,matched_er_4to1_chunk_14,73,cosine_similarity,-0.038845721632242175,96
sign_test_er1.0__norm_spectral_radius,matched_er_4to1_chunk_14,73,kl_to_gaussian,0.0,96
sign_test_er1.0__norm_spectral_radius,matched_er_4to1_chunk_14,73,wt_mean,-0.0028655828209593497,96
sign_test_er1.0__norm_spectral_radius,matched_er_4to1_chunk_14,74,GR,5.1308374255895615,96
sign_test_er1.0__norm_spectral_radius,matched_er_4to1_chunk_14,74,IPC,7.80329526899309,96
sign_test_er1.0__norm_spectral_radius,matched_er_4to1_chunk_14,74,KR,2.9411874090631804,96
sign_test_er1.0__norm_spectral_radius,matched_er_4to1_chunk_14,74,MC,4.147571162631114,96
sign_test_er1.0__norm_spectral_radius,matched_er_4to1_chunk_14,74,cosine_similarity,-0.03690344747155903,96
sign_test_er1.0__norm_spectral_radius,matched_er_4to1_chunk_14,74,kl_to_gaussian,0.0,96
sign_test_er1.0__norm_spectral_radius,matched_er_4to1_chunk_14,74,wt_mean,-0.00287638540612525,96
sign_test_er1.0__norm_spectral_radius,matched_er_4to1_chunk_15,75,GR,4.551349606364965,96
sign_test_er1.0__norm_spectral_radius,matched_er_4to1_chunk_15,75,IPC,7.891209317499917,96
sign_test_er1.0__norm_spectral_radius,matched_er_4to1_chunk_15,75,KR,2.7318181730806828,96
sign_test_er1.0__norm_spectral_radius,matched_er_4to1_chunk_15,75,MC,4.270744200795889,96
sign_test_er1.0__norm_spectral_radius,matched_er_4to1_chunk_15,75,cosine_similarity,-0.04106547962874172,96
sign_test_er1.0__norm_spectral_radius,matched_er_4to1_chunk_15,75,kl_to_gaussian,0.0,96
sign_test_er1.0__norm_spectral_radius,matched_er_4to1_chunk_15,75,wt_mean,-0.0028404970653354753,96
sign_test_er1.0__norm_spectral_radius,matched_er_4to1_chunk_15,76,GR,5.0319248388210935,96
sign_test_er1.0__norm_spectral_radius,matched_er_4to1_chunk_15,76,IPC,8.072111857896118,96
sign_test_er1.0__norm_spectral_radius,matched_er_4to1_chunk_15,76,KR,2.9955897542337575,96
sign_test_er1.0__norm_spectral_radius,matched_er_4to1_chunk_15,76,MC,4.459509041160345,96
sign_test_er1.0__norm_spectral_radius,matched_er_4to1_chunk_15,76,cosine_similarity,-0.0402330746874213,96
sign_test_er1.0__norm_spectral_radius,matched_er_4to1_chunk_15,76,kl_to_gaussian,0.0,96
sign_test_er1.0__norm_spectral_radius,matched_er_4to1_chunk_15,76,wt_mean,-0.0028431266546249004,96
sign_test_er1.0__norm_spectral_radius,matched_er_4to1_chunk_15,77,GR,5.194793729732434,96
sign_test_er1.0__norm_spectral_radius,matched_er_4to1_chunk_15,77,IPC,7.6335226079351095,96
sign_test_er1.0__norm_spectral_radius,matched_er_4to1_chunk_15,77,KR,3.098622298489014,96
sign_test_er1.0__norm_spectral_radius,matched_er_4to1_chunk_15,77,MC,4.356758947173755,96
sign_test_er1.0__norm_spectral_radius,matched_er_4to1_chunk_15,77,cosine_similarity,-0.03801332600414745,96
sign_test_er1.0__norm_spectral_radius,matched_er_4to1_chunk_15,77,kl_to_gaussian,0.0,96
sign_test_er1.0__norm_spectral_radius,matched_er_4to1_chunk_15,77,wt_mean,-0.00285047531360755,96
sign_test_er1.0__norm_spectral_radius,matched_er_4to1_chunk_15,78,GR,5.253903392702341,96
sign_test_er1.0__norm_spectral_radius,matched_er_4to1_chunk_15,78,IPC,7.878353219340082,96
sign_test_er1.0__norm_spectral_radius,matched_er_4to1_chunk_15,78,KR,3.013638106485208,96
sign_test_er1.0__norm_spectral_radius,matched_er_4to1_chunk_15,78,MC,4.388067392011483,96
sign_test_er1.0__norm_spectral_radius,matched_er_4to1_chunk_15,78,cosine_similarity,-0.04078801535069935,96
sign_test_er1.0__norm_spectral_radius,matched_er_4to1_chunk_15,78,kl_to_gaussian,0.0,96
sign_test_er1.0__norm_spectral_radius,matched_er_4to1_chunk_15,78,wt_mean,-0.002857008890714475,96
sign_test_er1.0__norm_spectral_radius,matched_er_4to1_chunk_15,79,GR,4.873308353126049,96
sign_test_er1.0__norm_spectral_radius,matched_er_4to1_chunk_15,79,IPC,7.731174190228924,96
sign_test_er1.0__norm_spectral_radius,matched_er_4to1_chunk_15,79,KR,2.856943183888992,96
sign_test_er1.0__norm_spectral_radius,matched_er_4to1_chunk_15,79,MC,4.203420267750819,96
sign_test_er1.0__norm_spectral_radius,matched_er_4to1_chunk_15,79,cosine_similarity,-0.038013313896953976,96
sign_test_er1.0__norm_spectral_radius,matched_er_4to1_chunk_15,79,kl_to_gaussian,0.0,96
sign_test_er1.0__norm_spectral_radius,matched_er_4to1_chunk_15,79,wt_mean,-0.002864392765331975,96
sign_test_er1.0__norm_spectral_radius,matched_er_4to1_chunk_16,80,GR,5.12279653052489,96
sign_test_er1.0__norm_spectral_radius,matched_er_4to1_chunk_16,80,IPC,7.630589155952236,96
sign_test_er1.0__norm_spectral_radius,matched_er_4to1_chunk_16,80,KR,3.039050723115603,96
sign_test_er1.0__norm_spectral_radius,matched_er_4to1_chunk_16,80,MC,4.3847807596127195,96
sign_test_er1.0__norm_spectral_radius,matched_er_4to1_chunk_16,80,cosine_similarity,-0.03912320174276825,96
sign_test_er1.0__norm_spectral_radius,matched_er_4to1_chunk_16,80,kl_to_gaussian,0.0,96
sign_test_er1.0__norm_spectral_radius,matched_er_4to1_chunk_16,80,wt_mean,-0.002851307101082,96
sign_test_er1.0__norm_spectral_radius,matched_er_4to1_chunk_16,81,GR,4.914988040924072,96
sign_test_er1.0__norm_spectral_radius,matched_er_4to1_chunk_16,81,IPC,7.494974897756022,96
sign_test_er1.0__norm_spectral_radius,matched_er_4to1_chunk_16,81,KR,2.935911333809296,96
sign_test_er1.0__norm_spectral_radius,matched_er_4to1_chunk_16,81,MC,4.337597134212653,96
sign_test_er1.0__norm_spectral_radius,matched_er_4to1_chunk_16,81,cosine_similarity,-0.04328523669391868,96
sign_test_er1.0__norm_spectral_radius,matched_er_4to1_chunk_16,81,kl_to_gaussian,0.0,96
sign_test_er1.0__norm_spectral_radius,matched_er_4to1_chunk_16,81,wt_mean,-0.0028583828243426753,96
sign_test_er1.0__norm_spectral_radius,matched_er_4to1_chunk_16,82,GR,5.241069207588832,96
sign_test_er1.0__norm_spectral_radius,matched_er_4to1_chunk_16,82,IPC,7.235356308709714,96
sign_test_er1.0__norm_spectral_radius,matched_er_4to1_chunk_16,82,KR,3.048906291524569,96
sign_test_er1.0__norm_spectral_radius,matched_er_4to1_chunk_16,82,MC,4.11016795784235,96
sign_test_er1.0__norm_spectral_radius,matched_er_4to1_chunk_16,82,cosine_similarity,-0.04023306630551812,96
sign_test_er1.0__norm_spectral_radius,matched_er_4to1_chunk_16,82,kl_to_gaussian,0.0,96
sign_test_er1.0__norm_spectral_radius,matched_er_4to1_chunk_16,82,wt_mean,-0.002877794613596,96
sign_test_er1.0__norm_spectral_radius,matched_er_4to1_chunk_16,83,GR,5.331640406201283,96
sign_test_er1.0__norm_spectral_radius,matched_er_4to1_chunk_16,83,IPC,7.03588291626215,96
sign_test_er1.0__norm_spectral_radius,matched_er_4to1_chunk_16,83,KR,3.0411615818738937,96
sign_test_er1.0__norm_spectral_radius,matched_er_4to1_chunk_16,83,MC,4.031119073430697,96
sign_test_er1.0__norm_spectral_radius,matched_er_4to1_chunk_16,83,cosine_similarity,-0.03856825269758695,96
sign_test_er1.0__norm_spectral_radius,matched_er_4to1_chunk_16,83,kl_to_gaussian,0.0,96
sign_test_er1.0__norm_spectral_radius,matched_er_4to1_chunk_16,83,wt_mean,-0.002889607276301775,96
sign_test_er1.0__norm_spectral_radius,matched_er_4to1_chunk_16,84,GR,4.771787801136573,96
sign_test_er1.0__norm_spectral_radius,matched_er_4to1_chunk_16,84,IPC,7.543957529638344,96
sign_test_er1.0__norm_spectral_radius,matched_er_4to1_chunk_16,84,KR,2.8157061524689198,96
sign_test_er1.0__norm_spectral_radius,matched_er_4to1_chunk_16,84,MC,4.133100702116887,96
sign_test_er1.0__norm_spectral_radius,matched_er_4to1_chunk_16,84,cosine_similarity,-0.039400669746100826,96
sign_test_er1.0__norm_spectral_radius,matched_er_4to1_chunk_16,84,kl_to_gaussian,0.0,96
sign_test_er1.0__norm_spectral_radius,matched_er_4to1_chunk_16,84,wt_mean,-0.00286052352748805,96
sign_test_er1.0__norm_spectral_radius,matched_er_4to1_chunk_17,85,GR,5.301207099109888,96
sign_test_er1.0__norm_spectral_radius,matched_er_4to1_chunk_17,85,IPC,7.391755136446089,96
sign_test_er1.0__norm_spectral_radius,matched_er_4to1_chunk_17,85,KR,3.065261380126079,96
sign_test_er1.0__norm_spectral_radius,matched_er_4to1_chunk_17,85,MC,4.202372095237176,96
sign_test_er1.0__norm_spectral_radius,matched_er_4to1_chunk_17,85,cosine_similarity,-0.0457824580371379,96
sign_test_er1.0__norm_spectral_radius,matched_er_4to1_chunk_17,85,kl_to_gaussian,0.0,96
sign_test_er1.0__norm_spectral_radius,matched_er_4to1_chunk_17,85,wt_mean,-0.0028630964807233998,96
sign_test_er1.0__norm_spectral_radius,matched_er_4to1_chunk_17,86,GR,4.806032369534175,96
sign_test_er1.0__norm_spectral_radius,matched_er_4to1_chunk_17,86,IPC,7.281110140051141,96
sign_test_er1.0__norm_spectral_radius,matched_er_4to1_chunk_17,86,KR,2.839165560901165,96
sign_test_er1.0__norm_spectral_radius,matched_er_4to1_chunk_17,86,MC,4.044821956505378,96
sign_test_er1.0__norm_spectral_radius,matched_er_4to1_chunk_17,86,cosine_similarity,-0.03052164055407045,96
sign_test_er1.0__norm_spectral_radius,matched_er_4to1_chunk_17,86,kl_to_gaussian,0.0,96
sign_test_er1.0__norm_spectral_radius,matched_er_4to1_chunk_17,86,wt_mean,-0.002863806032109975,96
sign_test_er1.0__norm_spectral_radius,matched_er_4to1_chunk_17,87,GR,4.979339229563872,96
sign_test_er1.0__norm_spectral_radius,matched_er_4to1_chunk_17,87,IPC,7.222005863938008,96
sign_test_er1.0__norm_spectral_radius,matched_er_4to1_chunk_17,87,KR,2.881576475997766,96
sign_test_er1.0__norm_spectral_radius,matched_er_4to1_chunk_17,87,MC,4.028381096820037,96
sign_test_er1.0__norm_spectral_radius,matched_er_4to1_chunk_17,87,cosine_similarity,-0.04106548987329005,96
sign_test_er1.0__norm_spectral_radius,matched_er_4to1_chunk_17,87,kl_to_gaussian,0.0,96
sign_test_er1.0__norm_spectral_radius,matched_er_4to1_chunk_17,87,wt_mean,-0.002869813586585175,96
sign_test_er1.0__norm_spectral_radius,matched_er_4to1_chunk_17,88,GR,5.595233908543984,96
sign_test_er1.0__norm_spectral_radius,matched_er_4to1_chunk_17,88,IPC,7.319769012751553,96
sign_test_er1.0__norm_spectral_radius,matched_er_4to1_chunk_17,88,KR,3.1467477021118007,96
sign_test_er1.0__norm_spectral_radius,matched_er_4to1_chunk_17,88,MC,4.103566533575456,96
sign_test_er1.0__norm_spectral_radius,matched_er_4to1_chunk_17,88,cosine_similarity,-0.04411765001714225,96
sign_test_er1.0__norm_spectral_radius,matched_er_4to1_chunk_17,88,kl_to_gaussian,0.0,96
sign_test_er1.0__norm_spectral_radius,matched_er_4to1_chunk_17,88,wt_mean,-0.0028724832227453,96
sign_test_er1.0__norm_spectral_radius,matched_er_4to1_chunk_17,89,GR,5.032409110416968,96
sign_test_er1.0__norm_spectral_radius,matched_er_4to1_chunk_17,89,IPC,7.13613035922063,96
sign_test_er1.0__norm_spectral_radius,matched_er_4to1_chunk_17,89,KR,2.9805811854700246,96
sign_test_er1.0__norm_spectral_radius,matched_er_4to1_chunk_17,89,MC,4.159874589492877,96
sign_test_er1.0__norm_spectral_radius,matched_er_4to1_chunk_17,89,cosine_similarity,-0.04273029323667282,96
sign_test_er1.0__norm_spectral_radius,matched_er_4to1_chunk_17,89,kl_to_gaussian,0.0,96
sign_test_er1.0__norm_spectral_radius,matched_er_4to1_chunk_17,89,wt_mean,-0.002855133498087475,96
sign_test_er1.0__norm_spectral_radius,matched_er_4to1_chunk_18,90,GR,5.586867939680815,96
sign_test_er1.0__norm_spectral_radius,matched_er_4to1_chunk_18,90,IPC,7.7318034382965415,96
sign_test_er1.0__norm_spectral_radius,matched_er_4to1_chunk_18,90,KR,3.200371672709783,96
sign_test_er1.0__norm_spectral_radius,matched_er_4to1_chunk_18,90,MC,4.257894948124886,96
sign_test_er1.0__norm_spectral_radius,matched_er_4to1_chunk_18,90,cosine_similarity,-0.04300777893513433,96
sign_test_er1.0__norm_spectral_radius,matched_er_4to1_chunk_18,90,kl_to_gaussian,0.0,96
sign_test_er1.0__norm_spectral_radius,matched_er_4to1_chunk_18,90,wt_mean,-0.0028740392881445253,96
sign_test_er1.0__norm_spectral_radius,matched_er_4to1_chunk_18,91,GR,5.371066741645336,96
sign_test_er1.0__norm_spectral_radius,matched_er_4to1_chunk_18,91,IPC,7.367249753560088,96
sign_test_er1.0__norm_spectral_radius,matched_er_4to1_chunk_18,91,KR,3.14417797451218,96
sign_test_er1.0__norm_spectral_radius,matched_er_4to1_chunk_18,91,MC,4.149107786516349,96
sign_test_er1.0__norm_spectral_radius,matched_er_4to1_chunk_18,91,cosine_similarity,-0.04522751830518242,96
sign_test_er1.0__norm_spectral_radius,matched_er_4to1_chunk_18,91,kl_to_gaussian,0.0,96
sign_test_er1.0__norm_spectral_radius,matched_er_4to1_chunk_18,91,wt_mean,-0.00285325100412585,96
sign_test_er1.0__norm_spectral_radius,matched_er_4to1_chunk_18,92,GR,5.24558125436306,96
sign_test_er1.0__norm_spectral_radius,matched_er_4to1_chunk_18,92,IPC,7.304500008119038,96
sign_test_er1.0__norm_spectral_radius,matched_er_4to1_chunk_18,92,KR,3.1449195432166257,96
sign_test_er1.0__norm_spectral_radius,matched_er_4to1_chunk_18,92,MC,4.180850066244602,96
sign_test_er1.0__norm_spectral_radius,matched_er_4to1_chunk_18,92,cosine_similarity,-0.04356271959841245,96
sign_test_er1.0__norm_spectral_radius,matched_er_4to1_chunk_18,92,kl_to_gaussian,0.0,96
sign_test_er1.0__norm_spectral_radius,matched_er_4to1_chunk_18,92,wt_mean,-0.002835303253959825,96
sign_test_er1.0__norm_spectral_radius,matched_er_4to1_chunk_18,93,GR,4.734273366630077,96
sign_test_er1.0__norm_spectral_radius,matched_er_4to1_chunk_18,93,IPC,7.343961902355493,96
sign_test_er1.0__norm_spectral_radius,matched_er_4to1_chunk_18,93,KR,2.83622157946229,96
sign_test_er1.0__norm_spectral_radius,matched_er_4to1_chunk_18,93,MC,4.286033231765032,96
sign_test_er1.0__norm_spectral_radius,matched_er_4to1_chunk_18,93,cosine_similarity,-0.0438401736319065,96
sign_test_er1.0__norm_spectral_radius,matched_er_4to1_chunk_18,93,kl_to_gaussian,0.0,96
sign_test_er1.0__norm_spectral_radius,matched_er_4to1_chunk_18,93,wt_mean,-0.0028773230733349503,96
sign_test_er1.0__norm_spectral_radius,matched_er_4to1_chunk_18,94,GR,4.76279162739714,96
sign_test_er1.0__norm_spectral_radius,matched_er_4to1_chunk_18,94,IPC,7.429766494292984,96
sign_test_er1.0__norm_spectral_radius,matched_er_4to1_chunk_18,94,KR,2.799967902402083,96
sign_test_er1.0__norm_spectral_radius,matched_er_4to1_chunk_18,94,MC,3.9604425666232905,96
sign_test_er1.0__norm_spectral_radius,matched_er_4to1_chunk_18,94,cosine_similarity,-0.04716981761157505,96
sign_test_er1.0__norm_spectral_radius,matched_er_4to1_chunk_18,94,kl_to_gaussian,0.0,96
sign_test_er1.0__norm_spectral_radius,matched_er_4to1_chunk_18,94,wt_mean,-0.00286716612754385,96
sign_test_er1.0__norm_spectral_radius,matched_er_4to1_chunk_19,95,GR,5.035852941373984,96
sign_test_er1.0__norm_spectral_radius,matched_er_4to1_chunk_19,95,IPC,7.330387049291612,96
sign_test_er1.0__norm_spectral_radius,matched_er_4to1_chunk_19,95,KR,2.933224815875292,96
sign_test_er1.0__norm_spectral_radius,matched_er_4to1_chunk_19,95,MC,4.15415670350194,96
sign_test_er1.0__norm_spectral_radius,matched_er_4to1_chunk_19,95,cosine_similarity,-0.04189789202064272,96
sign_test_er1.0__norm_spectral_radius,matched_er_4to1_chunk_19,95,kl_to_gaussian,0.0,96
sign_test_er1.0__norm_spectral_radius,matched_er_4to1_chunk_19,95,wt_mean,-0.002854226040653825,96
sign_test_er1.0__norm_spectral_radius,matched_er_4to1_chunk_19,96,GR,5.830393424878518,96
sign_test_er1.0__norm_spectral_radius,matched_er_4to1_chunk_19,96,IPC,7.230032364199005,96
sign_test_er1.0__norm_spectral_radius,matched_er_4to1_chunk_19,96,KR,3.262367776284615,96
sign_test_er1.0__norm_spectral_radius,matched_er_4to1_chunk_19,96,MC,4.1527631257971125,96
sign_test_er1.0__norm_spectral_radius,matched_er_4to1_chunk_19,96,cosine_similarity,-0.0366259738802909,96
sign_test_er1.0__norm_spectral_radius,matched_er_4to1_chunk_19,96,kl_to_gaussian,0.0,96
sign_test_er1.0__norm_spectral_radius,matched_er_4to1_chunk_19,96,wt_mean,-0.0028751485515385246,96
sign_test_er1.0__norm_spectral_radius,matched_er_4to1_chunk_19,97,GR,5.492186619589726,96
sign_test_er1.0__norm_spectral_radius,matched_er_4to1_chunk_19,97,IPC,7.419184608782923,96
sign_test_er1.0__norm_spectral_radius,matched_er_4to1_chunk_19,97,KR,3.1835433964927993,96
sign_test_er1.0__norm_spectral_radius,matched_er_4to1_chunk_19,97,MC,4.247759566952785,96
sign_test_er1.0__norm_spectral_radius,matched_er_4to1_chunk_19,97,cosine_similarity,-0.04078801162540905,96
sign_test_er1.0__norm_spectral_radius,matched_er_4to1_chunk_19,97,kl_to_gaussian,0.0,96
sign_test_er1.0__norm_spectral_radius,matched_er_4to1_chunk_19,97,wt_mean,-0.0028633183683268253,96
sign_test_er1.0__norm_spectral_radius,matched_er_4to1_chunk_19,98,GR,5.0280840036769705,96
sign_test_er1.0__norm_spectral_radius,matched_er_4to1_chunk_19,98,IPC,7.573615934722454,96
sign_test_er1.0__norm_spectral_radius,matched_er_4to1_chunk_19,98,KR,2.956527875115474,96
sign_test_er1.0__norm_spectral_radius,matched_er_4to1_chunk_19,98,MC,4.262486929694812,96
sign_test_er1.0__norm_spectral_radius,matched_er_4to1_chunk_19,98,cosine_similarity,-0.04744726605713365,96
sign_test_er1.0__norm_spectral_radius,matched_er_4to1_chunk_19,98,kl_to_gaussian,0.0,96
sign_test_er1.0__norm_spectral_radius,matched_er_4to1_chunk_19,98,wt_mean,-0.002875734295230275,96
sign_test_er1.0__norm_spectral_radius,matched_er_4to1_chunk_19,99,GR,4.8322466152409715,96
sign_test_er1.0__norm_spectral_radius,matched_er_4to1_chunk_19,99,IPC,7.320056450753197,96
sign_test_er1.0__norm_spectral_radius,matched_er_4to1_chunk_19,99,KR,2.9652828437586627,96
sign_test_er1.0__norm_spectral_radius,matched_er_4to1_chunk_19,99,MC,4.310501446326573,96
sign_test_er1.0__norm_spectral_radius,matched_er_4to1_chunk_19,99,cosine_similarity,-0.03940065763890735,96
sign_test_er1.0__norm_spectral_radius,matched_er_4to1_chunk_19,99,kl_to_gaussian,0.0,96
sign_test_er1.0__norm_spectral_radius,matched_er_4to1_chunk_19,99,wt_mean,-0.002842732414137525,96
sign_test_er1.0__norm_spectral_radius,matched_er_4to1_chunk_2,10,GR,5.123875170946121,96
sign_test_er1.0__norm_spectral_radius,matched_er_4to1_chunk_2,10,IPC,7.7842443126491725,96
sign_test_er1.0__norm_spectral_radius,matched_er_4to1_chunk_2,10,KR,2.98663142696023,96
sign_test_er1.0__norm_spectral_radius,matched_er_4to1_chunk_2,10,MC,4.257036092380683,96
sign_test_er1.0__norm_spectral_radius,matched_er_4to1_chunk_2,10,cosine_similarity,-0.041065485216677175,96
sign_test_er1.0__norm_spectral_radius,matched_er_4to1_chunk_2,10,kl_to_gaussian,0.0,96
sign_test_er1.0__norm_spectral_radius,matched_er_4to1_chunk_2,10,wt_mean,-0.002872720826417175,96
sign_test_er1.0__norm_spectral_radius,matched_er_4to1_chunk_2,11,GR,5.080977947761615,96
sign_test_er1.0__norm_spectral_radius,matched_er_4to1_chunk_2,11,IPC,8.05818522232653,96
sign_test_er1.0__norm_spectral_radius,matched_er_4to1_chunk_2,11,KR,3.063445895910263,96
sign_test_er1.0__norm_spectral_radius,matched_er_4to1_chunk_2,11,MC,4.533451221883297,96
sign_test_er1.0__norm_spectral_radius,matched_er_4to1_chunk_2,11,cosine_similarity,-0.04134295322000975,96
sign_test_er1.0__norm_spectral_radius,matched_er_4to1_chunk_2,11,kl_to_gaussian,0.0,96
sign_test_er1.0__norm_spectral_radius,matched_er_4to1_chunk_2,11,wt_mean,-0.0028356360853649247,96
sign_test_er1.0__norm_spectral_radius,matched_er_4to1_chunk_2,12,GR,5.924555296699206,96
sign_test_er1.0__norm_spectral_radius,matched_er_4to1_chunk_2,12,IPC,7.4792739064681895,96
sign_test_er1.0__norm_spectral_radius,matched_er_4to1_chunk_2,12,KR,3.3388231297334037,96
sign_test_er1.0__norm_spectral_radius,matched_er_4to1_chunk_2,12,MC,4.175186018149058,96
sign_test_er1.0__norm_spectral_radius,matched_er_4to1_chunk_2,12,cosine_similarity,-0.04106547590345142,96
sign_test_er1.0__norm_spectral_radius,matched_er_4to1_chunk_2,12,kl_to_gaussian,0.0,96
sign_test_er1.0__norm_spectral_radius,matched_er_4to1_chunk_2,12,wt_mean,-0.002875856007449275,96
sign_test_er1.0__norm_spectral_radius,matched_er_4to1_chunk_2,13,GR,5.2459126226603985,96
sign_test_er1.0__norm_spectral_radius,matched_er_4to1_chunk_2,13,IPC,7.78782550227498,96
sign_test_er1.0__norm_spectral_radius,matched_er_4to1_chunk_2,13,KR,3.0846002188821635,96
sign_test_er1.0__norm_spectral_radius,matched_er_4to1_chunk_2,13,MC,4.465974825123946,96
sign_test_er1.0__norm_spectral_radius,matched_er_4to1_chunk_2,13,cosine_similarity,-0.04051054175943133,96
sign_test_er1.0__norm_spectral_radius,matched_er_4to1_chunk_2,13,kl_to_gaussian,0.0,96
sign_test_er1.0__norm_spectral_radius,matched_er_4to1_chunk_2,13,wt_mean,-0.00286309601506215,96
sign_test_er1.0__norm_spectral_radius,matched_er_4to1_chunk_2,14,GR,4.906947604070107,96
sign_test_er1.0__norm_spectral_radius,matched_er_4to1_chunk_2,14,IPC,7.685113969310294,96
sign_test_er1.0__norm_spectral_radius,matched_er_4to1_chunk_2,14,KR,2.8933393557866416,96
sign_test_er1.0__norm_spectral_radius,matched_er_4to1_chunk_2,14,MC,4.123978678137064,96
sign_test_er1.0__norm_spectral_radius,matched_er_4to1_chunk_2,14,cosine_similarity,-0.04189788270741698,96
sign_test_er1.0__norm_spectral_radius,matched_er_4to1_chunk_2,14,kl_to_gaussian,0.0,96
sign_test_er1.0__norm_spectral_radius,matched_er_4to1_chunk_2,14,wt_mean,-0.0028559640049934,96
sign_test_er1.0__norm_spectral_radius,matched_er_4to1_chunk_3,15,GR,4.887766748666763,96
sign_test_er1.0__norm_spectral_radius,matched_er_4to1_chunk_3,15,IPC,7.7436382961210795,96
sign_test_er1.0__norm_spectral_radius,matched_er_4to1_chunk_3,15,KR,2.8806499851246676,96
sign_test_er1.0__norm_spectral_radius,matched_er_4to1_chunk_3,15,MC,4.090445253998041,96
sign_test_er1.0__norm_spectral_radius,matched_er_4to1_chunk_3,15,cosine_similarity,-0.04273029696196312,96
sign_test_er1.0__norm_spectral_radius,matched_er_4to1_chunk_3,15,kl_to_gaussian,0.0,96
sign_test_er1.0__norm_spectral_radius,matched_er_4to1_chunk_3,15,wt_mean,-0.0028453937848098,96
sign_test_er1.0__norm_spectral_radius,matched_er_4to1_chunk_3,16,GR,5.757933406780164,96
sign_test_er1.0__norm_spectral_radius,matched_er_4to1_chunk_3,16,IPC,7.7484133818792955,96
sign_test_er1.0__norm_spectral_radius,matched_er_4to1_chunk_3,16,KR,3.2959746532142162,96
sign_test_er1.0__norm_spectral_radius,matched_er_4to1_chunk_3,16,MC,4.357461214065552,96
sign_test_er1.0__norm_spectral_radius,matched_er_4to1_chunk_3,16,cosine_similarity,-0.03856825642287725,96
sign_test_er1.0__norm_spectral_radius,matched_er_4to1_chunk_3,16,kl_to_gaussian,0.0,96
sign_test_er1.0__norm_spectral_radius,matched_er_4to1_chunk_3,16,wt_mean,-0.002830256475135625,96
sign_test_er1.0__norm_spectral_radius,matched_er_4to1_chunk_3,17,GR,4.723957974463701,96
sign_test_er1.0__norm_spectral_radius,matched_er_4to1_chunk_3,17,IPC,7.383178423896975,96
sign_test_er1.0__norm_spectral_radius,matched_er_4to1_chunk_3,17,KR,2.8048893188436828,96
sign_test_er1.0__norm_spectral_radius,matched_er_4to1_chunk_3,17,MC,4.03533560782671,96
sign_test_er1.0__norm_spectral_radius,matched_er_4to1_chunk_3,17,cosine_similarity,-0.042730297893285696,96
sign_test_er1.0__norm_spectral_radius,matched_er_4to1_chunk_3,17,kl_to_gaussian,0.0,96
sign_test_er1.0__norm_spectral_radius,matched_er_4to1_chunk_3,17,wt_mean,-0.002863159228581875,96
sign_test_er1.0__norm_spectral_radius,matched_er_4to1_chunk_3,18,GR,5.641762904822826,96
sign_test_er1.0__norm_spectral_radius,matched_er_4to1_chunk_3,18,IPC,7.863388928941752,96
sign_test_er1.0__norm_spectral_radius,matched_er_4to1_chunk_3,18,KR,3.244790850828091,96
sign_test_er1.0__norm_spectral_radius,matched_er_4to1_chunk_3,18,MC,4.365116003900766,96
sign_test_er1.0__norm_spectral_radius,matched_er_4to1_chunk_3,18,cosine_similarity,-0.041342956945300054,96
sign_test_er1.0__norm_spectral_radius,matched_er_4to1_chunk_3,18,kl_to_gaussian,0.0,96
sign_test_er1.0__norm_spectral_radius,matched_er_4to1_chunk_3,18,wt_mean,-0.0028886281652375748,96
sign_test_er1.0__norm_spectral_radius,matched_er_4to1_chunk_3,19,GR,5.357865462700526,96
sign_test_er1.0__norm_spectral_radius,matched_er_4to1_chunk_3,19,IPC,7.912581515519661,96
sign_test_er1.0__norm_spectral_radius,matched_er_4to1_chunk_3,19,KR,3.123551331460476,96
sign_test_er1.0__norm_spectral_radius,matched_er_4to1_chunk_3,19,MC,4.412757406632106,96
sign_test_er1.0__norm_spectral_radius,matched_er_4to1_chunk_3,19,cosine_similarity,-0.03856825642287725,96
sign_test_er1.0__norm_spectral_radius,matched_er_4to1_chunk_3,19,kl_to_gaussian,0.0,96
sign_test_er1.0__norm_spectral_radius,matched_er_4to1_chunk_3,19,wt_mean,-0.00285956659354265,96
sign_test_er1.0__norm_spectral_radius,matched_er_4to1_chunk_4,20,GR,5.09563364336888,96
sign_test_er1.0__norm_spectral_radius,matched_er_4to1_chunk_4,20,IPC,8.015487719953347,96
sign_test_er1.0__norm_spectral_radius,matched_er_4to1_chunk_4,20,KR,2.93674145018061,96
sign_test_er1.0__norm_spectral_radius,matched_er_4to1_chunk_4,20,MC,4.296298616255323,96
sign_test_er1.0__norm_spectral_radius,matched_er_4to1_chunk_4,20,cosine_similarity,-0.045227525755763054,96
sign_test_er1.0__norm_spectral_radius,matched_er_4to1_chunk_4,20,kl_to_gaussian,0.0,96
sign_test_er1.0__norm_spectral_radius,matched_er_4to1_chunk_4,20,wt_mean,-0.00286708050407465,96
sign_test_er1.0__norm_spectral_radius,matched_er_4to1_chunk_4,21,GR,4.972000643610954,96
sign_test_er1.0__norm_spectral_radius,matched_er_4to1_chunk_4,21,IPC,7.617513390568189,96
sign_test_er1.0__norm_spectral_radius,matched_er_4to1_chunk_4,21,KR,2.938680447638035,96
sign_test_er1.0__norm_spectral_radius,matched_er_4to1_chunk_4,21,MC,4.185258146375418,96
sign_test_er1.0__norm_spectral_radius,matched_er_4to1_chunk_4,21,cosine_similarity,-0.04245283268392085,96
sign_test_er1.0__norm_spectral_radius,matched_er_4to1_chunk_4,21,kl_to_gaussian,0.0,96
sign_test_er1.0__norm_spectral_radius,matched_er_4to1_chunk_4,21,wt_mean,-0.002877961960621125,96
sign_test_er1.0__norm_spectral_radius,matched_er_4to1_chunk_4,22,GR,4.8327337726950645,96
sign_test_er1.0__norm_spectral_radius,matched_er_4to1_chunk_4,22,IPC,7.703919167078258,96
sign_test_er1.0__norm_spectral_radius,matched_er_4to1_chunk_4,22,KR,2.8686879264811673,96
sign_test_er1.0__norm_spectral_radius,matched_er_4to1_chunk_4,22,MC,4.206636555492878,96
sign_test_er1.0__norm_spectral_radius,matched_er_4to1_chunk_4,22,cosine_similarity,-0.03884572535753247,96
sign_test_er1.0__norm_spectral_radius,matched_er_4to1_chunk_4,22,kl_to_gaussian,0.0,96
sign_test_er1.0__norm_spectral_radius,matched_er_4to1_chunk_4,22,wt_mean,-0.0028812762466259,96
sign_test_er1.0__norm_spectral_radius,matched_er_4to1_chunk_4,23,GR,4.8124599767227965,96
sign_test_er1.0__norm_spectral_radius,matched_er_4to1_chunk_4,23,IPC,8.292018545813038,96
sign_test_er1.0__norm_spectral_radius,matched_er_4to1_chunk_4,23,KR,2.8515679463744164,96
sign_test_er1.0__norm_spectral_radius,matched_er_4to1_chunk_4,23,MC,4.3294498945275945,96
sign_test_er1.0__norm_spectral_radius,matched_er_4to1_chunk_4,23,cosine_similarity,-0.03274140786379572,96
sign_test_er1.0__norm_spectral_radius,matched_er_4to1_chunk_4,23,kl_to_gaussian,0.0,96
sign_test_er1.0__norm_spectral_radius,matched_er_4to1_chunk_4,23,wt_mean,-0.00284551357617595,96
sign_test_er1.0__norm_spectral_radius,matched_er_4to1_chunk_4,24,GR,5.1848466992378235,96
sign_test_er1.0__norm_spectral_radius,matched_er_4to1_chunk_4,24,IPC,7.658828318125219,96
sign_test_er1.0__norm_spectral_radius,matched_er_4to1_chunk_4,24,KR,3.037368282675743,96
sign_test_er1.0__norm_spectral_radius,matched_er_4to1_chunk_4,24,MC,4.179448921233416,96
sign_test_er1.0__norm_spectral_radius,matched_er_4to1_chunk_4,24,cosine_similarity,-0.040233081206679254,96
sign_test_er1.0__norm_spectral_radius,matched_er_4to1_chunk_4,24,kl_to_gaussian,0.0,96
sign_test_er1.0__norm_spectral_radius,matched_er_4to1_chunk_4,24,wt_mean,-0.0028657054645008996,96
sign_test_er1.0__norm_spectral_radius,matched_er_4to1_chunk_5,25,GR,4.862143461902936,96
sign_test_er1.0__norm_spectral_radius,matched_er_4to1_chunk_5,25,IPC,7.530605694696322,96
sign_test_er1.0__norm_spectral_radius,matched_er_4to1_chunk_5,25,KR,2.8448274694383144,96
sign_test_er1.0__norm_spectral_radius,matched_er_4to1_chunk_5,25,MC,3.9557865150272846,96
sign_test_er1.0__norm_spectral_radius,matched_er_4to1_chunk_5,25,cosine_similarity,-0.03995560575276607,96
sign_test_er1.0__norm_spectral_radius,matched_er_4to1_chunk_5,25,kl_to_gaussian,0.0,96
sign_test_er1.0__norm_spectral_radius,matched_er_4to1_chunk_5,25,wt_mean,-0.002853311307262575,96
sign_test_er1.0__norm_spectral_radius,matched_er_4to1_chunk_5,26,GR,5.753956109285355,96
sign_test_er1.0__norm_spectral_radius,matched_er_4to1_chunk_5,26,IPC,7.767843926273957,96
sign_test_er1.0__norm_spectral_radius,matched_er_4to1_chunk_5,26,KR,3.3664703803757825,96
sign_test_er1.0__norm_spectral_radius,matched_er_4to1_chunk_5,26,MC,4.273195258031289,96
sign_test_er1.0__norm_spectral_radius,matched_er_4to1_chunk_5,26,cosine_similarity,-0.039955602958798346,96
sign_test_er1.0__norm_spectral_radius,matched_er_4to1_chunk_5,26,kl_to_gaussian,0.0,96
sign_test_er1.0__norm_spectral_radius,matched_er_4to1_chunk_5,26,wt_mean,-0.002848866221029275,96
sign_test_er1.0__norm_spectral_radius,matched_er_4to1_chunk_5,27,GR,5.153371550142765,96
sign_test_er1.0__norm_spectral_radius,matched_er_4to1_chunk_5,27,IPC,7.79207870566204,96
sign_test_er1.0__norm_spectral_radius,matched_er_4to1_chunk_5,27,KR,2.967683623234431,96
sign_test_er1.0__norm_spectral_radius,matched_er_4to1_chunk_5,27,MC,4.173619573314984,96
sign_test_er1.0__norm_spectral_radius,matched_er_4to1_chunk_5,27,cosine_similarity,-0.04162041097879408,96
sign_test_er1.0__norm_spectral_radius,matched_er_4to1_chunk_5,27,kl_to_gaussian,0.0,96
sign_test_er1.0__norm_spectral_radius,matched_er_4to1_chunk_5,27,wt_mean,-0.0028628235450014,96
sign_test_er1.0__norm_spectral_radius,matched_er_4to1_chunk_5,28,GR,4.919317310055097,96
sign_test_er1.0__norm_spectral_radius,matched_er_4to1_chunk_5,28,IPC,7.99349359753142,96
sign_test_er1.0__norm_spectral_radius,matched_er_4to1_chunk_5,28,KR,2.927689549823602,96
sign_test_er1.0__norm_spectral_radius,matched_er_4to1_chunk_5,28,MC,4.440001567204793,96
sign_test_er1.0__norm_spectral_radius,matched_er_4to1_chunk_5,28,cosine_similarity,-0.0391231924295425,96
sign_test_er1.0__norm_spectral_radius,matched_er_4to1_chunk_5,28,kl_to_gaussian,0.0,96
sign_test_er1.0__norm_spectral_radius,matched_er_4to1_chunk_5,28,wt_mean,-0.0028818839928135,96
sign_test_er1.0__norm_spectral_radius,matched_er_4to1_chunk_5,29,GR,5.137581184506416,96
sign_test_er1.0__norm_spectral_radius,matched_er_4to1_chunk_5,29,IPC,7.845055903376792,96
sign_test_er1.0__norm_spectral_radius,matched_er_4to1_chunk_5,29,KR,2.9319266751408577,96
sign_test_er1.0__norm_spectral_radius,matched_er_4to1_chunk_5,29,MC,4.12181930243969,96
sign_test_er1.0__norm_spectral_radius,matched_er_4to1_chunk_5,29,cosine_similarity,-0.043562699109315796,96
sign_test_er1.0__norm_spectral_radius,matched_er_4to1_chunk_5,29,kl_to_gaussian,0.0,96
sign_test_er1.0__norm_spectral_radius,matched_er_4to1_chunk_5,29,wt_mean,-0.002853367244824725,96
sign_test_er1.0__norm_spectral_radius,matched_er_4to1_chunk_6,30,GR,5.387457519769669,96
sign_test_er1.0__norm_spectral_radius,matched_er_4to1_chunk_6,30,IPC,7.827547319147494,96
sign_test_er1.0__norm_spectral_radius,matched_er_4to1_chunk_6,30,KR,3.150899144510428,96
sign_test_er1.0__norm_spectral_radius,matched_er_4to1_chunk_6,30,MC,4.2566029752294225,96
sign_test_er1.0__norm_spectral_radius,matched_er_4to1_chunk_6,30,cosine_similarity,-0.0441176481544971,96
sign_test_er1.0__norm_spectral_radius,matched_er_4to1_chunk_6,30,kl_to_gaussian,0.0,96
sign_test_er1.0__norm_spectral_radius,matched_er_4to1_chunk_6,30,wt_mean,-0.0028505347436293496,96
sign_test_er1.0__norm_spectral_radius,matched_er_4to1_chunk_6,31,GR,4.782444843401511,96
sign_test_er1.0__norm_spectral_radius,matched_er_4to1_chunk_6,31,IPC,8.058826559696564,96
sign_test_er1.0__norm_spectral_radius,matched_er_4to1_chunk_6,31,KR,2.7990191305677095,96
sign_test_er1.0__norm_spectral_radius,matched_er_4to1_chunk_6,31,MC,4.319677067299684,96
sign_test_er1.0__norm_spectral_radius,matched_er_4to1_chunk_6,31,cosine_similarity,-0.040788014419376774,96
sign_test_er1.0__norm_spectral_radius,matched_er_4to1_chunk_6,31,kl_to_gaussian,0.0,96
sign_test_er1.0__norm_spectral_radius,matched_er_4to1_chunk_6,31,wt_mean,-0.002847352006938275,96
sign_test_er1.0__norm_spectral_radius,matched_er_4to1_chunk_6,32,GR,4.972667730102937,96
sign_test_er1.0__norm_spectral_radius,matched_er_4to1_chunk_6,32,IPC,8.05405491742057,96
sign_test_er1.0__norm_spectral_radius,matched_er_4to1_chunk_6,32,KR,3.015757542103529,96
sign_test_er1.0__norm_spectral_radius,matched_er_4to1_chunk_6,32,MC,4.466849785298109,96
sign_test_er1.0__norm_spectral_radius,matched_er_4to1_chunk_6,32,cosine_similarity,-0.04051055479794737,96
sign_test_er1.0__norm_spectral_radius,matched_er_4to1_chunk_6,32,kl_to_gaussian,0.0,96
sign_test_er1.0__norm_spectral_radius,matched_er_4to1_chunk_6,32,wt_mean,-0.002886828267946775,96
sign_test_er1.0__norm_spectral_radius,matched_er_4to1_chunk_6,33,GR,5.228008641550939,96
sign_test_er1.0__norm_spectral_radius,matched_er_4to1_chunk_6,33,IPC,7.998256809406043,96
sign_test_er1.0__norm_spectral_radius,matched_er_4to1_chunk_6,33,KR,3.063253783931335,96
sign_test_er1.0__norm_spectral_radius,matched_er_4to1_chunk_6,33,MC,4.471152191360791,96
sign_test_er1.0__norm_spectral_radius,matched_er_4to1_chunk_6,33,cosine_similarity,-0.040233087725937276,96
sign_test_er1.0__norm_spectral_radius,matched_er_4to1_chunk_6,33,kl_to_gaussian,0.0,96
sign_test_er1.0__norm_spectral_radius,matched_er_4to1_chunk_6,33,wt_mean,-0.002880372281651875,96
sign_test_er1.0__norm_spectral_radius,matched_er_4to1_chunk_6,34,GR,5.077907793223858,96
sign_test_er1.0__norm_spectral_radius,matched_er_4to1_chunk_6,34,IPC,7.944069299399221,96
sign_test_er1.0__norm_spectral_radius,matched_er_4to1_chunk_6,34,KR,2.9587727847198644,96
sign_test_er1.0__norm_spectral_radius,matched_er_4to1_chunk_6,34,MC,4.39208826298515,96
sign_test_er1.0__norm_spectral_radius,matched_er_4to1_chunk_6,34,cosine_similarity,-0.04467259161174295,96
sign_test_er1.0__norm_spectral_radius,matched_er_4to1_chunk_6,34,kl_to_gaussian,0.0,96
sign_test_er1.0__norm_spectral_radius,matched_er_4to1_chunk_6,34,wt_mean,-0.0028661847463808503,96
sign_test_er1.0__norm_spectral_radius,matched_er_4to1_chunk_7,35,GR,4.917753444363673,96
sign_test_er1.0__norm_spectral_radius,matched_er_4to1_chunk_7,35,IPC,7.612498178414126,96
sign_test_er1.0__norm_spectral_radius,matched_er_4to1_chunk_7,35,KR,2.9082073035339513,96
sign_test_er1.0__norm_spectral_radius,matched_er_4to1_chunk_7,35,MC,4.243905159334342,96
sign_test_er1.0__norm_spectral_radius,matched_er_4to1_chunk_7,35,cosine_similarity,-0.03634850494563575,96
sign_test_er1.0__norm_spectral_radius,matched_er_4to1_chunk_7,35,kl_to_gaussian,0.0,96
sign_test_er1.0__norm_spectral_radius,matched_er_4to1_chunk_7,35,wt_mean,-0.002875660313293275,96
sign_test_er1.0__norm_spectral_radius,matched_er_4to1_chunk_7,36,GR,5.660185807694991,96
sign_test_er1.0__norm_spectral_radius,matched_er_4to1_chunk_7,36,IPC,7.607743620492787,96
sign_test_er1.0__norm_spectral_radius,matched_er_4to1_chunk_7,36,KR,3.26094397281607,96
sign_test_er1.0__norm_spectral_radius,matched_er_4to1_chunk_7,36,MC,4.310892834017674,96
sign_test_er1.0__norm_spectral_radius,matched_er_4to1_chunk_7,36,cosine_similarity,-0.04716982133686535,96
sign_test_er1.0__norm_spectral_radius,matched_er_4to1_chunk_7,36,kl_to_gaussian,0.0,96
sign_test_er1.0__norm_spectral_radius,matched_er_4to1_chunk_7,36,wt_mean,-0.00285379192791875,96
sign_test_er1.0__norm_spectral_radius,matched_er_4to1_chunk_7,37,GR,4.712010156363249,96
sign_test_er1.0__norm_spectral_radius,matched_er_4to1_chunk_7,37,IPC,8.012473006441938,96
sign_test_er1.0__norm_spectral_radius,matched_er_4to1_chunk_7,37,KR,2.7949283930162587,96
sign_test_er1.0__norm_spectral_radius,matched_er_4to1_chunk_7,37,MC,4.266095240910848,96
sign_test_er1.0__norm_spectral_radius,matched_er_4to1_chunk_7,37,cosine_similarity,-0.04439512081444255,96
sign_test_er1.0__norm_spectral_radius,matched_er_4to1_chunk_7,37,kl_to_gaussian,0.0,96
sign_test_er1.0__norm_spectral_radius,matched_er_4to1_chunk_7,37,wt_mean,-0.00285658135544505,96
sign_test_er1.0__norm_spectral_radius,matched_er_4to1_chunk_7,38,GR,4.805574961006641,96
sign_test_er1.0__norm_spectral_radius,matched_er_4to1_chunk_7,38,IPC,7.507216354812154,96
sign_test_er1.0__norm_spectral_radius,matched_er_4to1_chunk_7,38,KR,2.8630746143559613,96
sign_test_er1.0__norm_spectral_radius,matched_er_4to1_chunk_7,38,MC,4.022184581806262,96
sign_test_er1.0__norm_spectral_radius,matched_er_4to1_chunk_7,38,cosine_similarity,-0.03967813868075607,96
sign_test_er1.0__norm_spectral_radius,matched_er_4to1_chunk_7,38,kl_to_gaussian,0.0,96
sign_test_er1.0__norm_spectral_radius,matched_er_4to1_chunk_7,38,wt_mean,-0.002843065478373275,96
sign_test_er1.0__norm_spectral_radius,matched_er_4to1_chunk_7,39,GR,5.1374096386134624,96
sign_test_er1.0__norm_spectral_radius,matched_er_4to1_chunk_7,39,IPC,7.353043819445563,96
sign_test_er1.0__norm_spectral_radius,matched_er_4to1_chunk_7,39,KR,2.9988436053196588,96
sign_test_er1.0__norm_spectral_radius,matched_er_4to1_chunk_7,39,MC,4.27437761798501,96
sign_test_er1.0__norm_spectral_radius,matched_er_4to1_chunk_7,39,cosine_similarity,-0.04134295322000975,96
sign_test_er1.0__norm_spectral_radius,matched_er_4to1_chunk_7,39,kl_to_gaussian,0.0,96
sign_test_er1.0__norm_spectral_radius,matched_er_4to1_chunk_7,39,wt_mean,-0.002871466684155125,96
sign_test_er1.0__norm_spectral_radius,matched_er_4to1_chunk_8,40,GR,5.057759717106819,96
sign_test_er1.0__norm_spectral_radius,matched_er_4to1_chunk_8,40,IPC,7.393099737676134,96
sign_test_er1.0__norm_spectral_radius,matched_er_4to1_chunk_8,40,KR,3.0128637154897056,96
sign_test_er1.0__norm_spectral_radius,matched_er_4to1_chunk_8,40,MC,4.078013210246961,96
sign_test_er1.0__norm_spectral_radius,matched_er_4to1_chunk_8,40,cosine_similarity,-0.03634849563241,96
sign_test_er1.0__norm_spectral_radius,matched_er_4to1_chunk_8,40,kl_to_gaussian,0.0,96
sign_test_er1.0__norm_spectral_radius,matched_er_4to1_chunk_8,40,wt_mean,-0.002865316346287675,96
sign_test_er1.0__norm_spectral_radius,matched_er_4to1_chunk_8,41,GR,4.9528971041242285,96
sign_test_er1.0__norm_spectral_radius,matched_er_4to1_chunk_8,41,IPC,8.027839667236186,96
sign_test_er1.0__norm_spectral_radius,matched_er_4to1_chunk_8,41,KR,2.8369901118179164,96
sign_test_er1.0__norm_spectral_radius,matched_er_4to1_chunk_8,41,MC,4.173277508467436,96
sign_test_er1.0__norm_spectral_radius,matched_er_4to1_chunk_8,41,cosine_similarity,-0.03801331110298625,96
sign_test_er1.0__norm_spectral_radius,matched_er_4to1_chunk_8,41,kl_to_gaussian,0.0,96
sign_test_er1.0__norm_spectral_radius,matched_er_4to1_chunk_8,41,wt_mean,-0.00287381961243225,96
sign_test_er1.0__norm_spectral_radius,matched_er_4to1_chunk_8,42,GR,5.0612274669110775,96
sign_test_er1.0__norm_spectral_radius,matched_er_4to1_chunk_8,42,IPC,8.168108774303361,96
sign_test_er1.0__norm_spectral_radius,matched_er_4to1_chunk_8,42,KR,3.0367801189422607,96
sign_test_er1.0__norm_spectral_radius,matched_er_4to1_chunk_8,42,MC,4.539717289308707,96
sign_test_er1.0__norm_spectral_radius,matched_er_4to1_chunk_8,42,cosine_similarity,-0.03884572256356475,96
sign_test_er1.0__norm_spectral_radius,matched_er_4to1_chunk_8,42,kl_to_gaussian,0.0,96
sign_test_er1.0__norm_spectral_radius,matched_er_4to1_chunk_8,42,wt_mean,-0.00288196769542985,96
sign_test_er1.0__norm_spectral_radius,matched_er_4to1_chunk_8,43,GR,4.881881472965081,96
sign_test_er1.0__norm_spectral_radius,matched_er_4to1_chunk_8,43,IPC,7.639333514485593,96
sign_test_er1.0__norm_spectral_radius,matched_er_4to1_chunk_8,43,KR,2.9162562315662703,96
sign_test_er1.0__norm_spectral_radius,matched_er_4to1_chunk_8,43,MC,4.349259678274393,96
sign_test_er1.0__norm_spectral_radius,matched_er_4to1_chunk_8,43,cosine_similarity,-0.048002209514379474,96
sign_test_er1.0__norm_spectral_radius,matched_er_4to1_chunk_8,43,kl_to_gaussian,0.0,96
sign_test_er1.0__norm_spectral_radius,matched_er_4to1_chunk_8,43,wt_mean,-0.0028509882395155255,96
sign_test_er1.0__norm_spectral_radius,matched_er_4to1_chunk_8,44,GR,4.466349794218938,96
sign_test_er1.0__norm_spectral_radius,matched_er_4to1_chunk_8,44,IPC,7.795762991448869,96
sign_test_er1.0__norm_spectral_radius,matched_er_4to1_chunk_8,44,KR,2.6994738144179187,96
sign_test_er1.0__norm_spectral_radius,matched_er_4to1_chunk_8,44,MC,4.159859245022138,96
sign_test_er1.0__norm_spectral_radius,matched_er_4to1_chunk_8,44,cosine_similarity,-0.0374583750963211,96
sign_test_er1.0__norm_spectral_radius,matched_er_4to1_chunk_8,44,kl_to_gaussian,0.0,96
sign_test_er1.0__norm_spectral_radius,matched_er_4to1_chunk_8,44,wt_mean,-0.002864490088541,96
sign_test_er1.0__norm_spectral_radius,matched_er_4to1_chunk_9,45,GR,5.053092877070109,96
sign_test_er1.0__norm_spectral_radius,matched_er_4to1_chunk_9,45,IPC,8.045550419891372,96
sign_test_er1.0__norm_spectral_radius,matched_er_4to1_chunk_9,45,KR,2.9803462997078896,96
sign_test_er1.0__norm_spectral_radius,matched_er_4to1_chunk_9,45,MC,4.3984584013621015,96
sign_test_er1.0__norm_spectral_radius,matched_er_4to1_chunk_9,45,cosine_similarity,-0.03940066043287508,96
sign_test_er1.0__norm_spectral_radius,matched_er_4to1_chunk_9,45,kl_to_gaussian,0.0,96
sign_test_er1.0__norm_spectral_radius,matched_er_4to1_chunk_9,45,wt_mean,-0.0028852188843301752,96
sign_test_er1.0__norm_spectral_radius,matched_er_4to1_chunk_9,46,GR,5.386811085045338,96
sign_test_er1.0__norm_spectral_radius,matched_er_4to1_chunk_9,46,IPC,7.5712256020944295,96
sign_test_er1.0__norm_spectral_radius,matched_er_4to1_chunk_9,46,KR,3.178579181432724,96
sign_test_er1.0__norm_spectral_radius,matched_er_4to1_chunk_9,46,MC,4.3721972952286405,96
sign_test_er1.0__norm_spectral_radius,matched_er_4to1_chunk_9,46,cosine_similarity,-0.047447286546230295,96
sign_test_er1.0__norm_spectral_radius,matched_er_4to1_chunk_9,46,kl_to_gaussian,0.0,96
sign_test_er1.0__norm_spectral_radius,matched_er_4to1_chunk_9,46,wt_mean,-0.0028671610052697,96
sign_test_er1.0__norm_spectral_radius,matched_er_4to1_chunk_9,47,GR,5.472813634822766,96
sign_test_er1.0__norm_spectral_radius,matched_er_4to1_chunk_9,47,IPC,7.683238545737435,96
sign_test_er1.0__norm_spectral_radius,matched_er_4to1_chunk_9,47,KR,3.19660551721851,96
sign_test_er1.0__norm_spectral_radius,matched_er_4to1_chunk_9,47,MC,4.229545071721077,96
sign_test_er1.0__norm_spectral_radius,matched_er_4to1_chunk_9,47,cosine_similarity,-0.04078801535069935,96
sign_test_er1.0__norm_spectral_radius,matched_er_4to1_chunk_9,47,kl_to_gaussian,0.0,96
sign_test_er1.0__norm_spectral_radius,matched_er_4to1_chunk_9,47,wt_mean,-0.0028542873915284503,96
sign_test_er1.0__norm_spectral_radius,matched_er_4to1_chunk_9,48,GR,5.354048642019431,96
sign_test_er1.0__norm_spectral_radius,matched_er_4to1_chunk_9,48,IPC,8.110427037760134,96
sign_test_er1.0__norm_spectral_radius,matched_er_4to1_chunk_9,48,KR,3.156280968338251,96
sign_test_er1.0__norm_spectral_radius,matched_er_4to1_chunk_9,48,MC,4.456804097940524,96
sign_test_er1.0__norm_spectral_radius,matched_er_4to1_chunk_9,48,cosine_similarity,-0.03995559830218547,96
sign_test_er1.0__norm_spectral_radius,matched_er_4to1_chunk_9,48,kl_to_gaussian,0.0,96
sign_test_er1.0__norm_spectral_radius,matched_er_4to1_chunk_9,48,wt_mean,-0.0028633471229113252,96
sign_test_er1.0__norm_spectral_radius,matched_er_4to1_chunk_9,49,GR,5.208362247794867,96
sign_test_er1.0__norm_spectral_radius,matched_er_4to1_chunk_9,49,IPC,7.758842172835332,96
sign_test_er1.0__norm_spectral_radius,matched_er_4to1_chunk_9,49,KR,3.0552554465830326,96
sign_test_er1.0__norm_spectral_radius,matched_er_4to1_chunk_9,49,MC,4.36505564302206,96
sign_test_er1.0__norm_spectral_radius,matched_er_4to1_chunk_9,49,cosine_similarity,-0.041065491735935204,96
sign_test_er1.0__norm_spectral_radius,matched_er_4to1_chunk_9,49,kl_to_gaussian,0.0,96
sign_test_er1.0__norm_spectral_radius,matched_er_4to1_chunk_9,49,wt_mean,-0.00285375438397745,96
